model,fold,veh,y,pred,anchor,raw,naive_train,ae,ae_raw,ae_pers
Persistence,1,4,0.8781462,0.8829227,0.8829227,0.88166666,0.0055906460620462,0.0047765374,0.0012560487,0.0047765374
Persistence,1,4,0.8723824,0.8781462,0.8781462,0.87332374,0.0055906460620462,0.005763769,0.004822433,0.005763769
Persistence,1,4,0.87242347,0.8723824,0.8723824,0.87643296,0.0055906460620462,4.10676e-05,0.004050553,4.10676e-05
Persistence,1,4,0.86690855,0.87242347,0.87242347,0.8645134,0.0055906460620462,0.0055149198,0.007910073,0.0055149198
Persistence,1,4,0.8603516,0.86690855,0.86690855,0.85882026,0.0055906460620462,0.006556928,0.008088291,0.006556928
Persistence,1,4,0.8554004,0.8603516,0.8603516,0.85634005,0.0055906460620462,0.0049512386,0.0040115714,0.0049512386
Persistence,1,4,0.85226345,0.8554004,0.8554004,0.85419565,0.0055906460620462,0.0031369328,0.0012047291,0.0031369328
Persistence,1,4,0.84939295,0.85226345,0.85226345,0.8502348,0.0055906460620462,0.0028705,0.002028644,0.0028705
Persistence,1,4,0.8430241,0.84939295,0.84939295,0.84026927,0.0055906460620462,0.0063688755,0.009123683,0.0063688755
Persistence,1,4,0.8392495,0.8430241,0.8430241,0.8402345,0.0055906460620462,0.0037745833,0.002789557,0.0037745833
Persistence,1,4,0.8343821,0.8392495,0.8392495,0.834485,0.0055906460620462,0.004867375,0.0047644973,0.004867375
Persistence,1,4,0.8311625,0.8343821,0.8343821,0.8322948,0.0055906460620462,0.0032196045,0.002087295,0.0032196045
Persistence,1,4,0.83146995,0.8311625,0.8311625,0.83432955,0.0055906460620462,0.00030744076,0.0031670332,0.00030744076
Persistence,1,4,0.8312257,0.83146995,0.83146995,0.8319402,0.0055906460620462,0.00024425983,0.00047022104,0.00024425983
Persistence,1,4,0.82662797,0.8312257,0.8312257,0.82366824,0.0055906460620462,0.0045977235,0.0075574517,0.0045977235
Persistence,1,4,0.8193106,0.82662797,0.82662797,0.81606257,0.0055906460620462,0.007317364,0.0105654,0.007317364
Persistence,1,4,0.8160003,0.8193106,0.8193106,0.8181406,0.0055906460620462,0.0033103228,0.0011699796,0.0033103228
Persistence,1,4,0.8135779,0.8160003,0.8160003,0.81540626,0.0055906460620462,0.0024223924,0.0005940199,0.0024223924
Persistence,1,4,0.8171035,0.8135779,0.8135779,0.8217398,0.0055906460620462,0.0035256147,0.008161902,0.0035256147
Persistence,1,4,0.8181894,0.8171035,0.8171035,0.8178603,0.0055906460620462,0.0010858774,0.0007568002,0.0010858774
Persistence,1,4,0.8162481,0.8181894,0.8181894,0.81382936,0.0055906460620462,0.0019412637,0.00436002,0.0019412637
Persistence,1,4,0.81351554,0.8162481,0.8162481,0.8124174,0.0055906460620462,0.002732575,0.003830731,0.002732575
Persistence,1,4,0.8108896,0.81351554,0.81351554,0.81091505,0.0055906460620462,0.0026259422,0.002600491,0.0026259422
Persistence,1,20,0.8844247,0.9020582,0.9020582,0.8760531,0.0055906460620462,0.017633498,0.02600509,0.017633498
Persistence,1,20,0.866854,0.8844247,0.8844247,0.86363304,0.0055906460620462,0.017570674,0.02079165,0.017570674
Persistence,1,20,0.8592364,0.866854,0.866854,0.8655483,0.0055906460620462,0.007617593,0.0013056993,0.007617593
Persistence,1,20,0.8560055,0.8592364,0.8592364,0.8620463,0.0055906460620462,0.0032309294,0.0028098822,0.0032309294
Persistence,1,20,0.85722643,0.8560055,0.8560055,0.86201596,0.0055906460620462,0.0012209415,0.006010473,0.0012209415
Persistence,1,20,0.8595389,0.85722643,0.85722643,0.86153454,0.0055906460620462,0.0023124814,0.0043081045,0.0023124814
Persistence,1,20,0.8614338,0.8595389,0.8595389,0.8626524,0.0055906460620462,0.0018948913,0.0031135082,0.0018948913
Persistence,1,20,0.8597293,0.8614338,0.8614338,0.85832036,0.0055906460620462,0.001704514,0.0031134486,0.001704514
Persistence,1,20,0.85037804,0.8597293,0.8597293,0.84405684,0.0055906460620462,0.0093512535,0.015672445,0.0093512535
Persistence,1,20,0.84093106,0.85037804,0.85037804,0.83841956,0.0055906460620462,0.009446979,0.01195848,0.009446979
Persistence,1,20,0.83409166,0.84093106,0.84093106,0.83552337,0.0055906460620462,0.0068393946,0.005407691,0.0068393946
Persistence,1,20,0.829948,0.83409166,0.83409166,0.8324431,0.0055906460620462,0.0041436553,0.0016485453,0.0041436553
Persistence,1,20,0.8207698,0.829948,0.829948,0.8172143,0.0055906460620462,0.009178221,0.012733698,0.009178221
Persistence,1,20,0.8156705,0.8207698,0.8207698,0.8168435,0.0055906460620462,0.0050992966,0.003926277,0.0050992966
Persistence,1,20,0.81363016,0.8156705,0.8156705,0.8171462,0.0055906460620462,0.0020403266,0.0014756918,0.0020403266
Persistence,1,20,0.79363775,0.81363016,0.81363016,0.78161716,0.0055906460620462,0.019992411,0.032013,0.019992411
Persistence,1,20,0.7725771,0.79363775,0.79363775,0.76613045,0.0055906460620462,0.021060646,0.027507305,0.021060646
Persistence,1,20,0.7664513,0.7725771,0.7725771,0.77593726,0.0055906460620462,0.0061258078,0.0033601522,0.0061258078
Persistence,1,20,0.76507276,0.7664513,0.7664513,0.77329,0.0055906460620462,0.0013785362,0.0068386793,0.0013785362
Persistence,1,20,0.76878285,0.76507276,0.76507276,0.77418756,0.0055906460620462,0.003710091,0.009114802,0.003710091
Persistence,1,20,0.7649053,0.76878285,0.76878285,0.76000977,0.0055906460620462,0.0038775802,0.008773088,0.0038775802
Persistence,1,20,0.7589404,0.7649053,0.7649053,0.75651634,0.0055906460620462,0.005964875,0.0083889365,0.005964875
Full model,1,4,0.8781462,0.87567914,0.8829227,0.88166666,0.0055906460620462,0.0024670362,0.005987525,0.0047765374
Full model,1,4,0.8723824,0.87160295,0.8781462,0.87332374,0.0055906460620462,0.00077944994,0.0017207861,0.005763769
Full model,1,4,0.87242347,0.8674341,0.8723824,0.87643296,0.0055906460620462,0.0049893856,0.008998871,4.10676e-05
Full model,1,4,0.86690855,0.86676973,0.87242347,0.8645134,0.0055906460620462,0.00013881922,0.0022563338,0.0055149198
Full model,1,4,0.8603516,0.8600873,0.86690855,0.85882026,0.0055906460620462,0.0002643466,0.0012670159,0.006556928
Full model,1,4,0.8554004,0.85587734,0.8603516,0.85634005,0.0055906460620462,0.00047695637,0.00046271086,0.0049512386
Full model,1,4,0.85226345,0.8507835,0.8554004,0.85419565,0.0055906460620462,0.0014799237,0.0034121275,0.0031369328
Full model,1,4,0.84939295,0.847787,0.85226345,0.8502348,0.0055906460620462,0.001605928,0.002447784,0.0028705
Full model,1,4,0.8430241,0.8441433,0.84939295,0.84026927,0.0055906460620462,0.0011191964,0.003874004,0.0063688755
Full model,1,4,0.8392495,0.8376749,0.8430241,0.8402345,0.0055906460620462,0.0015745759,0.0025596023,0.0037745833
Full model,1,4,0.8343821,0.8333916,0.8392495,0.834485,0.0055906460620462,0.00099051,0.0010933876,0.004867375
Full model,1,4,0.8311625,0.8291845,0.8343821,0.8322948,0.0055906460620462,0.0019780397,0.0031103492,0.0032196045
Full model,1,4,0.83146995,0.8267813,0.8311625,0.83432955,0.0055906460620462,0.00468868,0.0075482726,0.00030744076
Full model,1,4,0.8312257,0.82823586,0.83146995,0.8319402,0.0055906460620462,0.0029898286,0.0037043095,0.00024425983
Full model,1,4,0.82662797,0.8284079,0.8312257,0.82366824,0.0055906460620462,0.0017799139,0.004739642,0.0045977235
Full model,1,4,0.8193106,0.8229718,0.82662797,0.81606257,0.0055906460620462,0.0036612153,0.006909251,0.007317364
Full model,1,4,0.8160003,0.815843,0.8193106,0.8181406,0.0055906460620462,0.00015729666,0.0022976398,0.0033103228
Full model,1,4,0.8135779,0.8124396,0.8160003,0.81540626,0.0055906460620462,0.0011382699,0.0029666424,0.0024223924
Full model,1,4,0.8171035,0.8098601,0.8135779,0.8217398,0.0055906460620462,0.007243395,0.011879683,0.0035256147
Full model,1,4,0.8181894,0.8129161,0.8171035,0.8178603,0.0055906460620462,0.0052732825,0.0049442053,0.0010858774
Full model,1,4,0.8162481,0.8137717,0.8181894,0.81382936,0.0055906460620462,0.0024763942,5.763769e-05,0.0019412637
Full model,1,4,0.81351554,0.8120027,0.8162481,0.8124174,0.0055906460620462,0.0015128255,0.0004146695,0.002732575
Full model,1,4,0.8108896,0.8089667,0.81351554,0.81091505,0.0055906460620462,0.0019229054,0.0019483566,0.0026259422
Full model,1,20,0.8844247,0.8935994,0.9020582,0.8760531,0.0055906460620462,0.009174705,0.017546296,0.017633498
Full model,1,20,0.866854,0.8763613,0.8844247,0.86363304,0.0055906460620462,0.0095072985,0.012728274,0.017570674
Full model,1,20,0.8592364,0.8592545,0.866854,0.8655483,0.0055906460620462,1.8060207e-05,0.0062938333,0.007617593
Full model,1,20,0.8560055,0.85161835,0.8592364,0.8620463,0.0055906460620462,0.0043871403,0.010427952,0.0032309294
Full model,1,20,0.85722643,0.8483695,0.8560055,0.86201596,0.0055906460620462,0.008856952,0.013646483,0.0012209415
Full model,1,20,0.8595389,0.85192066,0.85722643,0.86153454,0.0055906460620462,0.0076182485,0.009613872,0.0023124814
Full model,1,20,0.8614338,0.8546156,0.8595389,0.8626524,0.0055906460620462,0.0068181753,0.008036792,0.0018948913
Full model,1,20,0.8597293,0.85713035,0.8614338,0.85832036,0.0055906460620462,0.0025989413,0.0011900067,0.001704514
Full model,1,20,0.85037804,0.8547543,0.8597293,0.84405684,0.0055906460620462,0.004376292,0.010697484,0.0093512535
Full model,1,20,0.84093106,0.84519315,0.85037804,0.83841956,0.0055906460620462,0.0042620897,0.006773591,0.009446979
Full model,1,20,0.83409166,0.8350651,0.84093106,0.83552337,0.0055906460620462,0.00097346306,0.0004582405,0.0068393946
Full model,1,20,0.829948,0.8285943,0.83409166,0.8324431,0.0055906460620462,0.0013536811,0.0038487911,0.0041436553
Full model,1,20,0.8207698,0.8257476,0.829948,0.8172143,0.0055906460620462,0.0049778223,0.008533299,0.009178221
Full model,1,20,0.8156705,0.81631136,0.8207698,0.8168435,0.0055906460620462,0.00064086914,0.00053215027,0.0050992966
Full model,1,20,0.81363016,0.8121394,0.8156705,0.8171462,0.0055906460620462,0.0014907718,0.00500679,0.0020403266
Full model,1,20,0.79363775,0.80967295,0.81363016,0.78161716,0.0055906460620462,0.0160352,0.028055787,0.019992411
Full model,1,20,0.7725771,0.78966385,0.79363775,0.76613045,0.0055906460620462,0.017086744,0.023533404,0.021060646
Full model,1,20,0.7664513,0.7691224,0.7725771,0.77593726,0.0055906460620462,0.0026711226,0.0068148375,0.0061258078
Full model,1,20,0.76507276,0.76349187,0.7664513,0.77329,0.0055906460620462,0.001580894,0.0097981095,0.0013785362
Full model,1,20,0.76878285,0.7619188,0.76507276,0.77418756,0.0055906460620462,0.006864071,0.012268782,0.003710091
Full model,1,20,0.7649053,0.7654133,0.76878285,0.76000977,0.0055906460620462,0.0005080104,0.0054035187,0.0038775802
Full model,1,20,0.7589404,0.76185614,0.7649053,0.75651634,0.0055906460620462,0.00291574,0.0053398013,0.005964875
Without quantum attention,1,4,0.8781462,0.8755251,0.8829227,0.88166666,0.0055906460620462,0.0026210546,0.0061415434,0.0047765374
Without quantum attention,1,4,0.8723824,0.87114286,0.8781462,0.87332374,0.0055906460620462,0.0012395382,0.0021808743,0.005763769
Without quantum attention,1,4,0.87242347,0.86602265,0.8723824,0.87643296,0.0055906460620462,0.0064008236,0.010410309,4.10676e-05
Without quantum attention,1,4,0.86690855,0.8664046,0.87242347,0.8645134,0.0055906460620462,0.0005039573,0.0018911958,0.0055149198
Without quantum attention,1,4,0.8603516,0.8618122,0.86690855,0.85882026,0.0055906460620462,0.0014605522,0.0029919147,0.006556928
Without quantum attention,1,4,0.8554004,0.8579841,0.8603516,0.85634005,0.0055906460620462,0.0025837421,0.0016440749,0.0049512386
Without quantum attention,1,4,0.85226345,0.85243493,0.8554004,0.85419565,0.0055906460620462,0.00017148256,0.0017607212,0.0031369328
Without quantum attention,1,4,0.84939295,0.8487677,0.85226345,0.8502348,0.0055906460620462,0.0006252527,0.0014671087,0.0028705
Without quantum attention,1,4,0.8430241,0.84485567,0.84939295,0.84026927,0.0055906460620462,0.0018315911,0.0045863986,0.0063688755
Without quantum attention,1,4,0.8392495,0.83782554,0.8430241,0.8402345,0.0055906460620462,0.001423955,0.0024089813,0.0037745833
Without quantum attention,1,4,0.8343821,0.8333869,0.8392495,0.834485,0.0055906460620462,0.0009952188,0.0010980964,0.004867375
Without quantum attention,1,4,0.8311625,0.8288171,0.8343821,0.8322948,0.0055906460620462,0.0023453832,0.0034776926,0.0032196045
Without quantum attention,1,4,0.83146995,0.8257593,0.8311625,0.83432955,0.0055906460620462,0.0057106614,0.008570254,0.00030744076
Without quantum attention,1,4,0.8312257,0.82676286,0.83146995,0.8319402,0.0055906460620462,0.004462838,0.005177319,0.00024425983
Without quantum attention,1,4,0.82662797,0.82770807,0.8312257,0.82366824,0.0055906460620462,0.0010800958,0.004039824,0.0045977235
Without quantum attention,1,4,0.8193106,0.8235964,0.82662797,0.81606257,0.0055906460620462,0.0042858124,0.0075338483,0.007317364
Without quantum attention,1,4,0.8160003,0.816708,0.8193106,0.8181406,0.0055906460620462,0.00070774555,0.0014325976,0.0033103228
Without quantum attention,1,4,0.8135779,0.8133828,0.8160003,0.81540626,0.0055906460620462,0.000195086,0.0020234585,0.0024223924
Without quantum attention,1,4,0.8171035,0.810029,0.8135779,0.8217398,0.0055906460620462,0.007074535,0.011710823,0.0035256147
Without quantum attention,1,4,0.8181894,0.81284195,0.8171035,0.8178603,0.0055906460620462,0.0053474307,0.0050183535,0.0010858774
Without quantum attention,1,4,0.8162481,0.8135054,0.8181894,0.81382936,0.0055906460620462,0.0027427077,0.00032395124,0.0019412637
Without quantum attention,1,4,0.81351554,0.8114279,0.8162481,0.8124174,0.0055906460620462,0.0020876527,0.0009894967,0.002732575
Without quantum attention,1,4,0.8108896,0.80841225,0.81351554,0.81091505,0.0055906460620462,0.0024773479,0.002502799,0.0026259422
Without quantum attention,1,20,0.8844247,0.8943108,0.9020582,0.8760531,0.0055906460620462,0.009886086,0.018257678,0.017633498
Without quantum attention,1,20,0.866854,0.8769037,0.8844247,0.86363304,0.0055906460620462,0.010049701,0.013270676,0.017570674
Without quantum attention,1,20,0.8592364,0.8597048,0.866854,0.8655483,0.0055906460620462,0.0004683733,0.00584352,0.007617593
Without quantum attention,1,20,0.8560055,0.8523626,0.8592364,0.8620463,0.0055906460620462,0.0036429167,0.009683728,0.0032309294
Without quantum attention,1,20,0.85722643,0.84940654,0.8560055,0.86201596,0.0055906460620462,0.007819891,0.012609422,0.0012209415
Without quantum attention,1,20,0.8595389,0.8534978,0.85722643,0.86153454,0.0055906460620462,0.0060411096,0.008036733,0.0023124814
Without quantum attention,1,20,0.8614338,0.8557408,0.8595389,0.8626524,0.0055906460620462,0.0056930184,0.0069116354,0.0018948913
Without quantum attention,1,20,0.8597293,0.85749024,0.8614338,0.85832036,0.0055906460620462,0.0022390485,0.0008301139,0.001704514
Without quantum attention,1,20,0.85037804,0.855026,0.8597293,0.84405684,0.0055906460620462,0.00464797,0.010969162,0.0093512535
Without quantum attention,1,20,0.84093106,0.84518355,0.85037804,0.83841956,0.0055906460620462,0.0042524934,0.0067639947,0.009446979
Without quantum attention,1,20,0.83409166,0.8349656,0.84093106,0.83552337,0.0055906460620462,0.0008739233,0.00055778027,0.0068393946
Without quantum attention,1,20,0.829948,0.82821,0.83409166,0.8324431,0.0055906460620462,0.0017380118,0.004233122,0.0041436553
Without quantum attention,1,20,0.8207698,0.8241264,0.829948,0.8172143,0.0055906460620462,0.0033566356,0.0069121122,0.009178221
Without quantum attention,1,20,0.8156705,0.81554294,0.8207698,0.8168435,0.0055906460620462,0.00012755394,0.0013005733,0.0050992966
Without quantum attention,1,20,0.81363016,0.8122612,0.8156705,0.8171462,0.0055906460620462,0.0013689399,0.0048849583,0.0020403266
Without quantum attention,1,20,0.79363775,0.81028736,0.81363016,0.78161716,0.0055906460620462,0.016649604,0.028670192,0.019992411
Without quantum attention,1,20,0.7725771,0.7904381,0.79363775,0.76613045,0.0055906460620462,0.017861009,0.024307668,0.021060646
Without quantum attention,1,20,0.7664513,0.7690746,0.7725771,0.77593726,0.0055906460620462,0.0026233196,0.0068626404,0.0061258078
Without quantum attention,1,20,0.76507276,0.76273865,0.7664513,0.77329,0.0055906460620462,0.002334118,0.010551333,0.0013785362
Without quantum attention,1,20,0.76878285,0.76080865,0.76507276,0.77418756,0.0055906460620462,0.007974207,0.013378918,0.003710091
Without quantum attention,1,20,0.7649053,0.7645961,0.76878285,0.76000977,0.0055906460620462,0.0003091693,0.004586339,0.0038775802
Without quantum attention,1,20,0.7589404,0.7605035,0.7649053,0.75651634,0.0055906460620462,0.0015630722,0.0039871335,0.005964875
Without VQR,1,4,0.8781462,0.8759004,0.8829227,0.88166666,0.0055906460620462,0.0022457838,0.0057662725,0.0047765374
Without VQR,1,4,0.8723824,0.8718198,0.8781462,0.87332374,0.0055906460620462,0.00056260824,0.0015039444,0.005763769
Without VQR,1,4,0.87242347,0.8669617,0.8723824,0.87643296,0.0055906460620462,0.0054617524,0.009471238,4.10676e-05
Without VQR,1,4,0.86690855,0.86706567,0.87242347,0.8645134,0.0055906460620462,0.00015711784,0.002552271,0.0055149198
Without VQR,1,4,0.8603516,0.8615549,0.86690855,0.85882026,0.0055906460620462,0.0012032986,0.002734661,0.006556928
Without VQR,1,4,0.8554004,0.8562584,0.8603516,0.85634005,0.0055906460620462,0.00085800886,8.165836e-05,0.0049512386
Without VQR,1,4,0.85226345,0.8511125,0.8554004,0.85419565,0.0055906460620462,0.0011509657,0.0030831695,0.0031369328
Without VQR,1,4,0.84939295,0.8480136,0.85226345,0.8502348,0.0055906460620462,0.0013793707,0.0022212267,0.0028705
Without VQR,1,4,0.8430241,0.8443967,0.84939295,0.84026927,0.0055906460620462,0.0013726354,0.004127443,0.0063688755
Without VQR,1,4,0.8392495,0.8378045,0.8430241,0.8402345,0.0055906460620462,0.0014449954,0.0024300218,0.0037745833
Without VQR,1,4,0.8343821,0.8336294,0.8392495,0.834485,0.0055906460620462,0.00075268745,0.0008555651,0.004867375
Without VQR,1,4,0.8311625,0.8290548,0.8343821,0.8322948,0.0055906460620462,0.0021077394,0.003240049,0.0032196045
Without VQR,1,4,0.83146995,0.82662696,0.8311625,0.83432955,0.0055906460620462,0.0048429966,0.007702589,0.00030744076
Without VQR,1,4,0.8312257,0.82783777,0.83146995,0.8319402,0.0055906460620462,0.003387928,0.004102409,0.00024425983
Without VQR,1,4,0.82662797,0.8280044,0.8312257,0.82366824,0.0055906460620462,0.0013764501,0.0043361783,0.0045977235
Without VQR,1,4,0.8193106,0.8230215,0.82662797,0.81606257,0.0055906460620462,0.003710866,0.006958902,0.007317364
Without VQR,1,4,0.8160003,0.815699,0.8193106,0.8181406,0.0055906460620462,0.00030130148,0.0024416447,0.0033103228
Without VQR,1,4,0.8135779,0.8126185,0.8160003,0.81540626,0.0055906460620462,0.00095939636,0.0027877688,0.0024223924
Without VQR,1,4,0.8171035,0.80975115,0.8135779,0.8217398,0.0055906460620462,0.007352352,0.01198864,0.0035256147
Without VQR,1,4,0.8181894,0.8130936,0.8171035,0.8178603,0.0055906460620462,0.00509578,0.0047667027,0.0010858774
Without VQR,1,4,0.8162481,0.8139381,0.8181894,0.81382936,0.0055906460620462,0.0023100376,0.00010871887,0.0019412637
Without VQR,1,4,0.81351554,0.8121372,0.8162481,0.8124174,0.0055906460620462,0.0013783574,0.00028020144,0.002732575
Without VQR,1,4,0.8108896,0.8090733,0.81351554,0.81091505,0.0055906460620462,0.0018162727,0.0018417239,0.0026259422
Without VQR,1,20,0.8844247,0.8934998,0.9020582,0.8760531,0.0055906460620462,0.009075105,0.017446697,0.017633498
Without VQR,1,20,0.866854,0.8764618,0.8844247,0.86363304,0.0055906460620462,0.009607792,0.012828767,0.017570674
Without VQR,1,20,0.8592364,0.8595334,0.866854,0.8655483,0.0055906460620462,0.00029700994,0.0060148835,0.007617593
Without VQR,1,20,0.8560055,0.85225254,0.8592364,0.8620463,0.0055906460620462,0.0037529469,0.009793758,0.0032309294
Without VQR,1,20,0.85722643,0.84907687,0.8560055,0.86201596,0.0055906460620462,0.008149564,0.0129390955,0.0012209415
Without VQR,1,20,0.8595389,0.8519789,0.85722643,0.86153454,0.0055906460620462,0.0075600147,0.009555638,0.0023124814
Without VQR,1,20,0.8614338,0.85463583,0.8595389,0.8626524,0.0055906460620462,0.0067979693,0.008016586,0.0018948913
Without VQR,1,20,0.8597293,0.85686314,0.8614338,0.85832036,0.0055906460620462,0.002866149,0.0014572144,0.001704514
Without VQR,1,20,0.85037804,0.8547148,0.8597293,0.84405684,0.0055906460620462,0.0043367743,0.010657966,0.0093512535
Without VQR,1,20,0.84093106,0.8450129,0.85037804,0.83841956,0.0055906460620462,0.0040818453,0.0065933466,0.009446979
Without VQR,1,20,0.83409166,0.83497983,0.84093106,0.83552337,0.0055906460620462,0.0008881688,0.00054353476,0.0068393946
Without VQR,1,20,0.829948,0.8282058,0.83409166,0.8324431,0.0055906460620462,0.0017421842,0.004237294,0.0041436553
Without VQR,1,20,0.8207698,0.82484126,0.829948,0.8172143,0.0055906460620462,0.004071474,0.0076269507,0.009178221
Without VQR,1,20,0.8156705,0.8162551,0.8207698,0.8168435,0.0055906460620462,0.00058460236,0.00058841705,0.0050992966
Without VQR,1,20,0.81363016,0.81157804,0.8156705,0.8171462,0.0055906460620462,0.0020521283,0.0055681467,0.0020403266
Without VQR,1,20,0.79363775,0.8094455,0.81363016,0.78161716,0.0055906460620462,0.015807748,0.027828336,0.019992411
Without VQR,1,20,0.7725771,0.78976446,0.79363775,0.76613045,0.0055906460620462,0.017187357,0.023634017,0.021060646
Without VQR,1,20,0.7664513,0.76913065,0.7725771,0.77593726,0.0055906460620462,0.002679348,0.006806612,0.0061258078
Without VQR,1,20,0.76507276,0.7635621,0.7664513,0.77329,0.0055906460620462,0.0015106797,0.009727895,0.0013785362
Without VQR,1,20,0.76878285,0.7621232,0.76507276,0.77418756,0.0055906460620462,0.006659627,0.012064338,0.003710091
Without VQR,1,20,0.7649053,0.7658445,0.76878285,0.76000977,0.0055906460620462,0.00093925,0.0058347583,0.0038775802
Without VQR,1,20,0.7589404,0.76177806,0.7649053,0.75651634,0.0055906460620462,0.002837658,0.005261719,0.005964875
Without quantum attention and VQR,1,4,0.8781462,0.8752555,0.8829227,0.88166666,0.0055906460620462,0.0028906465,0.006411135,0.0047765374
Without quantum attention and VQR,1,4,0.8723824,0.8711373,0.8781462,0.87332374,0.0055906460620462,0.0012450814,0.0021864176,0.005763769
Without quantum attention and VQR,1,4,0.87242347,0.86605984,0.8723824,0.87643296,0.0055906460620462,0.0063636303,0.010373116,4.10676e-05
Without quantum attention and VQR,1,4,0.86690855,0.8664091,0.87242347,0.8645134,0.0055906460620462,0.0004994273,0.0018957257,0.0055149198
Without quantum attention and VQR,1,4,0.8603516,0.8615612,0.86690855,0.85882026,0.0055906460620462,0.001209557,0.0027409196,0.006556928
Without quantum attention and VQR,1,4,0.8554004,0.8579497,0.8603516,0.85634005,0.0055906460620462,0.0025492907,0.0016096234,0.0049512386
Without quantum attention and VQR,1,4,0.85226345,0.852117,0.8554004,0.85419565,0.0055906460620462,0.00014644861,0.0020786524,0.0031369328
Without quantum attention and VQR,1,4,0.84939295,0.84837073,0.85226345,0.8502348,0.0055906460620462,0.0010222197,0.0018640757,0.0028705
Without quantum attention and VQR,1,4,0.8430241,0.84416276,0.84939295,0.84026927,0.0055906460620462,0.0011386871,0.0038934946,0.0063688755
Without quantum attention and VQR,1,4,0.8392495,0.83705765,0.8430241,0.8402345,0.0055906460620462,0.0021918416,0.003176868,0.0037745833
Without quantum attention and VQR,1,4,0.8343821,0.8323118,0.8392495,0.834485,0.0055906460620462,0.0020703077,0.0021731853,0.004867375
Without quantum attention and VQR,1,4,0.8311625,0.8280777,0.8343821,0.8322948,0.0055906460620462,0.0030848384,0.004217148,0.0032196045
Without quantum attention and VQR,1,4,0.83146995,0.82518023,0.8311625,0.83432955,0.0055906460620462,0.0062897205,0.009149313,0.00030744076
Without quantum attention and VQR,1,4,0.8312257,0.8263667,0.83146995,0.8319402,0.0055906460620462,0.0048589706,0.0055734515,0.00024425983
Without quantum attention and VQR,1,4,0.82662797,0.82790333,0.8312257,0.82366824,0.0055906460620462,0.0012753606,0.004235089,0.0045977235
Without quantum attention and VQR,1,4,0.8193106,0.82425815,0.82662797,0.81606257,0.0055906460620462,0.004947543,0.008195579,0.007317364
Without quantum attention and VQR,1,4,0.8160003,0.8176036,0.8193106,0.8181406,0.0055906460620462,0.0016033053,0.00053703785,0.0033103228
Without quantum attention and VQR,1,4,0.8135779,0.8137957,0.8160003,0.81540626,0.0055906460620462,0.00021779537,0.0016105771,0.0024223924
Without quantum attention and VQR,1,4,0.8171035,0.8103048,0.8135779,0.8217398,0.0055906460620462,0.0067986846,0.011434972,0.0035256147
Without quantum attention and VQR,1,4,0.8181894,0.8129754,0.8171035,0.8178603,0.0055906460620462,0.005213976,0.0048848987,0.0010858774
Without quantum attention and VQR,1,4,0.8162481,0.8135475,0.8181894,0.81382936,0.0055906460620462,0.0027006269,0.00028187037,0.0019412637
Without quantum attention and VQR,1,4,0.81351554,0.8114218,0.8162481,0.8124174,0.0055906460620462,0.0020937324,0.0009955764,0.002732575
Without quantum attention and VQR,1,4,0.8108896,0.8085702,0.81351554,0.81091505,0.0055906460620462,0.0023193955,0.0023448467,0.0026259422
Without quantum attention and VQR,1,20,0.8844247,0.8937181,0.9020582,0.8760531,0.0055906460620462,0.009293437,0.017665029,0.017633498
Without quantum attention and VQR,1,20,0.866854,0.87651616,0.8844247,0.86363304,0.0055906460620462,0.009662151,0.012883127,0.017570674
Without quantum attention and VQR,1,20,0.8592364,0.85936403,0.866854,0.8655483,0.0055906460620462,0.00012761354,0.00618428,0.007617593
Without quantum attention and VQR,1,20,0.8560055,0.8518857,0.8592364,0.8620463,0.0055906460620462,0.0041198134,0.010160625,0.0032309294
Without quantum attention and VQR,1,20,0.85722643,0.8487201,0.8560055,0.86201596,0.0055906460620462,0.008506358,0.013295889,0.0012209415
Without quantum attention and VQR,1,20,0.8595389,0.8530609,0.85722643,0.86153454,0.0055906460620462,0.0064780116,0.008473635,0.0023124814
Without quantum attention and VQR,1,20,0.8614338,0.8552674,0.8595389,0.8626524,0.0055906460620462,0.0061663985,0.0073850155,0.0018948913
Without quantum attention and VQR,1,20,0.8597293,0.8570981,0.8614338,0.85832036,0.0055906460620462,0.0026311874,0.0012222528,0.001704514
Without quantum attention and VQR,1,20,0.85037804,0.8544704,0.8597293,0.84405684,0.0055906460620462,0.0040923357,0.0104135275,0.0093512535
Without quantum attention and VQR,1,20,0.84093106,0.84455574,0.85037804,0.83841956,0.0055906460620462,0.0036246777,0.006136179,0.009446979
Without quantum attention and VQR,1,20,0.83409166,0.83411986,0.84093106,0.83552337,0.0055906460620462,2.8192997e-05,0.0014035106,0.0068393946
Without quantum attention and VQR,1,20,0.829948,0.8274671,0.83409166,0.8324431,0.0055906460620462,0.0024809241,0.004976034,0.0041436553
Without quantum attention and VQR,1,20,0.8207698,0.82367164,0.829948,0.8172143,0.0055906460620462,0.0029018521,0.006457329,0.009178221
Without quantum attention and VQR,1,20,0.8156705,0.8150033,0.8207698,0.8168435,0.0055906460620462,0.0006672144,0.0018402338,0.0050992966
Without quantum attention and VQR,1,20,0.81363016,0.81277144,0.8156705,0.8171462,0.0055906460620462,0.0008587241,0.0043747425,0.0020403266
Without quantum attention and VQR,1,20,0.79363775,0.8108379,0.81363016,0.78161716,0.0055906460620462,0.017200172,0.02922076,0.019992411
Without quantum attention and VQR,1,20,0.7725771,0.79073584,0.79363775,0.76613045,0.0055906460620462,0.018158734,0.024605393,0.021060646
Without quantum attention and VQR,1,20,0.7664513,0.7696718,0.7725771,0.77593726,0.0055906460620462,0.0032204986,0.0062654614,0.0061258078
Without quantum attention and VQR,1,20,0.76507276,0.76332647,0.7664513,0.77329,0.0055906460620462,0.0017462969,0.009963512,0.0013785362
Without quantum attention and VQR,1,20,0.76878285,0.76149756,0.76507276,0.77418756,0.0055906460620462,0.007285297,0.012690008,0.003710091
Without quantum attention and VQR,1,20,0.7649053,0.7652325,0.76878285,0.76000977,0.0055906460620462,0.0003272295,0.005222738,0.0038775802
Without quantum attention and VQR,1,20,0.7589404,0.7619142,0.7649053,0.75651634,0.0055906460620462,0.002973795,0.0053978562,0.005964875
Classical QLSTM gates,1,4,0.8781462,0.8736067,0.8829227,0.88166666,0.0055906460620462,0.0045394897,0.0080599785,0.0047765374
Classical QLSTM gates,1,4,0.8723824,0.86996037,0.8781462,0.87332374,0.0055906460620462,0.0024220347,0.003363371,0.005763769
Classical QLSTM gates,1,4,0.87242347,0.8664981,0.8723824,0.87643296,0.0055906460620462,0.0059253573,0.009934843,4.10676e-05
Classical QLSTM gates,1,4,0.86690855,0.8668416,0.87242347,0.8645134,0.0055906460620462,6.6936016e-05,0.002328217,0.0055149198
Classical QLSTM gates,1,4,0.8603516,0.86107844,0.86690855,0.85882026,0.0055906460620462,0.00072681904,0.0022581816,0.006556928
Classical QLSTM gates,1,4,0.8554004,0.85763574,0.8603516,0.85634005,0.0055906460620462,0.002235353,0.0012956858,0.0049512386
Classical QLSTM gates,1,4,0.85226345,0.8516895,0.8554004,0.85419565,0.0055906460620462,0.0005739331,0.002506137,0.0031369328
Classical QLSTM gates,1,4,0.84939295,0.8481186,0.85226345,0.8502348,0.0055906460620462,0.0012743473,0.0021162033,0.0028705
Classical QLSTM gates,1,4,0.8430241,0.84412307,0.84939295,0.84026927,0.0055906460620462,0.0010989904,0.003853798,0.0063688755
Classical QLSTM gates,1,4,0.8392495,0.83715254,0.8430241,0.8402345,0.0055906460620462,0.002096951,0.0030819774,0.0037745833
Classical QLSTM gates,1,4,0.8343821,0.8326378,0.8392495,0.834485,0.0055906460620462,0.0017443299,0.0018472075,0.004867375
Classical QLSTM gates,1,4,0.8311625,0.82851917,0.8343821,0.8322948,0.0055906460620462,0.0026433468,0.0037756562,0.0032196045
Classical QLSTM gates,1,4,0.83146995,0.8250415,0.8311625,0.83432955,0.0055906460620462,0.00642848,0.009288073,0.00030744076
Classical QLSTM gates,1,4,0.8312257,0.82684,0.83146995,0.8319402,0.0055906460620462,0.0043857098,0.0051001906,0.00024425983
Classical QLSTM gates,1,4,0.82662797,0.8278132,0.8312257,0.82366824,0.0055906460620462,0.0011852384,0.0041449666,0.0045977235
Classical QLSTM gates,1,4,0.8193106,0.82263917,0.82662797,0.81606257,0.0055906460620462,0.0033285618,0.0065765977,0.007317364
Classical QLSTM gates,1,4,0.8160003,0.8160306,0.8193106,0.8181406,0.0055906460620462,3.0338764e-05,0.0021100044,0.0033103228
Classical QLSTM gates,1,4,0.8135779,0.8127806,0.8160003,0.81540626,0.0055906460620462,0.0007972717,0.0026256442,0.0024223924
Classical QLSTM gates,1,4,0.8171035,0.8098431,0.8135779,0.8217398,0.0055906460620462,0.007260382,0.01189667,0.0035256147
Classical QLSTM gates,1,4,0.8181894,0.81237465,0.8171035,0.8178603,0.0055906460620462,0.005814731,0.005485654,0.0010858774
Classical QLSTM gates,1,4,0.8162481,0.8127609,0.8181894,0.81382936,0.0055906460620462,0.0034872293,0.0010684729,0.0019412637
Classical QLSTM gates,1,4,0.81351554,0.81077695,0.8162481,0.8124174,0.0055906460620462,0.002738595,0.001640439,0.002732575
Classical QLSTM gates,1,4,0.8108896,0.8075717,0.81351554,0.81091505,0.0055906460620462,0.0033178926,0.0033433437,0.0026259422
Classical QLSTM gates,1,20,0.8844247,0.893101,0.9020582,0.8760531,0.0055906460620462,0.0086762905,0.017047882,0.017633498
Classical QLSTM gates,1,20,0.866854,0.8760683,0.8844247,0.86363304,0.0055906460620462,0.009214282,0.012435257,0.017570674
Classical QLSTM gates,1,20,0.8592364,0.859401,0.866854,0.8655483,0.0055906460620462,0.00016456842,0.006147325,0.007617593
Classical QLSTM gates,1,20,0.8560055,0.8524236,0.8592364,0.8620463,0.0055906460620462,0.0035818815,0.009622693,0.0032309294
Classical QLSTM gates,1,20,0.85722643,0.8494712,0.8560055,0.86201596,0.0055906460620462,0.00775522,0.012544751,0.0012209415
Classical QLSTM gates,1,20,0.8595389,0.85380924,0.85722643,0.86153454,0.0055906460620462,0.0057296753,0.0077252984,0.0023124814
Classical QLSTM gates,1,20,0.8614338,0.8555581,0.8595389,0.8626524,0.0055906460620462,0.0058757067,0.0070943236,0.0018948913
Classical QLSTM gates,1,20,0.8597293,0.8575384,0.8614338,0.85832036,0.0055906460620462,0.002190888,0.00078195333,0.001704514
Classical QLSTM gates,1,20,0.85037804,0.85439515,0.8597293,0.84405684,0.0055906460620462,0.0040171146,0.010338306,0.0093512535
Classical QLSTM gates,1,20,0.84093106,0.8445571,0.85037804,0.83841956,0.0055906460620462,0.0036260486,0.00613755,0.009446979
Classical QLSTM gates,1,20,0.83409166,0.8340405,0.84093106,0.83552337,0.0055906460620462,5.1140785e-05,0.0014828444,0.0068393946
Classical QLSTM gates,1,20,0.829948,0.8277566,0.83409166,0.8324431,0.0055906460620462,0.0021914244,0.0046865344,0.0041436553
Classical QLSTM gates,1,20,0.8207698,0.8238999,0.829948,0.8172143,0.0055906460620462,0.003130138,0.0066856146,0.009178221
Classical QLSTM gates,1,20,0.8156705,0.8153815,0.8207698,0.8168435,0.0055906460620462,0.00028896332,0.0014619827,0.0050992966
Classical QLSTM gates,1,20,0.81363016,0.81220174,0.8156705,0.8171462,0.0055906460620462,0.0014284253,0.0049444437,0.0020403266
Classical QLSTM gates,1,20,0.79363775,0.8098879,0.81363016,0.78161716,0.0055906460620462,0.016250134,0.028270721,0.019992411
Classical QLSTM gates,1,20,0.7725771,0.7904278,0.79363775,0.76613045,0.0055906460620462,0.017850697,0.024297357,0.021060646
Classical QLSTM gates,1,20,0.7664513,0.76925,0.7725771,0.77593726,0.0055906460620462,0.0027986765,0.0066872835,0.0061258078
Classical QLSTM gates,1,20,0.76507276,0.7632713,0.7664513,0.77329,0.0055906460620462,0.0018014908,0.010018706,0.0013785362
Classical QLSTM gates,1,20,0.76878285,0.76090467,0.76507276,0.77418756,0.0055906460620462,0.007878184,0.013282895,0.003710091
Classical QLSTM gates,1,20,0.7649053,0.7646479,0.76878285,0.76000977,0.0055906460620462,0.00025737286,0.0046381354,0.0038775802
Classical QLSTM gates,1,20,0.7589404,0.7602183,0.7649053,0.75651634,0.0055906460620462,0.0012779236,0.0037019849,0.005964875
Classical attention circuits,1,4,0.8781462,0.875464,0.8829227,0.88166666,0.0055906460620462,0.0026821494,0.006202638,0.0047765374
Classical attention circuits,1,4,0.8723824,0.8714918,0.8781462,0.87332374,0.0055906460620462,0.0008906126,0.0018319488,0.005763769
Classical attention circuits,1,4,0.87242347,0.86743426,0.8723824,0.87643296,0.0055906460620462,0.004989207,0.008998692,4.10676e-05
Classical attention circuits,1,4,0.86690855,0.86688256,0.87242347,0.8645134,0.0055906460620462,2.5987625e-05,0.0023691654,0.0055149198
Classical attention circuits,1,4,0.8603516,0.860152,0.86690855,0.85882026,0.0055906460620462,0.00019961596,0.0013317466,0.006556928
Classical attention circuits,1,4,0.8554004,0.85609174,0.8603516,0.85634005,0.0055906460620462,0.0006913543,0.00024831295,0.0049512386
Classical attention circuits,1,4,0.85226345,0.85095644,0.8554004,0.85419565,0.0055906460620462,0.0013070107,0.0032392144,0.0031369328
Classical attention circuits,1,4,0.84939295,0.8479658,0.85226345,0.8502348,0.0055906460620462,0.0014271736,0.0022690296,0.0028705
Classical attention circuits,1,4,0.8430241,0.8442486,0.84939295,0.84026927,0.0055906460620462,0.0012245178,0.0039793253,0.0063688755
Classical attention circuits,1,4,0.8392495,0.8376472,0.8430241,0.8402345,0.0055906460620462,0.0016022921,0.0025873184,0.0037745833
Classical attention circuits,1,4,0.8343821,0.83328134,0.8392495,0.834485,0.0055906460620462,0.0011007786,0.0012036562,0.004867375
Classical attention circuits,1,4,0.8311625,0.82895404,0.8343821,0.8322948,0.0055906460620462,0.0022084713,0.0033407807,0.0032196045
Classical attention circuits,1,4,0.83146995,0.826459,0.8311625,0.83432955,0.0055906460620462,0.0050109625,0.007870555,0.00030744076
Classical attention circuits,1,4,0.8312257,0.8278937,0.83146995,0.8319402,0.0055906460620462,0.0033320189,0.0040464997,0.00024425983
Classical attention circuits,1,4,0.82662797,0.82810974,0.8312257,0.82366824,0.0055906460620462,0.0014817715,0.0044414997,0.0045977235
Classical attention circuits,1,4,0.8193106,0.82264984,0.82662797,0.81606257,0.0055906460620462,0.003339231,0.006587267,0.007317364
Classical attention circuits,1,4,0.8160003,0.8155018,0.8193106,0.8181406,0.0055906460620462,0.00049847364,0.0026388168,0.0033103228
Classical attention circuits,1,4,0.8135779,0.81222606,0.8160003,0.81540626,0.0055906460620462,0.0013518333,0.0031802058,0.0024223924
Classical attention circuits,1,4,0.8171035,0.80959177,0.8135779,0.8217398,0.0055906460620462,0.007511735,0.012148023,0.0035256147
Classical attention circuits,1,4,0.8181894,0.812674,0.8171035,0.8178603,0.0055906460620462,0.0055153966,0.0051863194,0.0010858774
Classical attention circuits,1,4,0.8162481,0.81351423,0.8181894,0.81382936,0.0055906460620462,0.0027338862,0.00031512976,0.0019412637
Classical attention circuits,1,4,0.81351554,0.8117869,0.8162481,0.8124174,0.0055906460620462,0.0017286539,0.00063049793,0.002732575
Classical attention circuits,1,4,0.8108896,0.8086339,0.81351554,0.81091505,0.0055906460620462,0.0022556782,0.0022811294,0.0026259422
Classical attention circuits,1,20,0.8844247,0.8934645,0.9020582,0.8760531,0.0055906460620462,0.009039819,0.01741141,0.017633498
Classical attention circuits,1,20,0.866854,0.87628174,0.8844247,0.86363304,0.0055906460620462,0.009427726,0.012648702,0.017570674
Classical attention circuits,1,20,0.8592364,0.8592784,0.866854,0.8655483,0.0055906460620462,4.196167e-05,0.006269932,0.007617593
Classical attention circuits,1,20,0.8560055,0.8517056,0.8592364,0.8620463,0.0055906460620462,0.004299879,0.010340691,0.0032309294
Classical attention circuits,1,20,0.85722643,0.8483371,0.8560055,0.86201596,0.0055906460620462,0.0088893175,0.013678849,0.0012209415
Classical attention circuits,1,20,0.8595389,0.8520162,0.85722643,0.86153454,0.0055906460620462,0.007522702,0.009518325,0.0023124814
Classical attention circuits,1,20,0.8614338,0.8546835,0.8595389,0.8626524,0.0055906460620462,0.0067502856,0.007968903,0.0018948913
Classical attention circuits,1,20,0.8597293,0.85724217,0.8614338,0.85832036,0.0055906460620462,0.002487123,0.0010781884,0.001704514
Classical attention circuits,1,20,0.85037804,0.8547804,0.8597293,0.84405684,0.0055906460620462,0.0044023395,0.010723531,0.0093512535
Classical attention circuits,1,20,0.84093106,0.84512985,0.85037804,0.83841956,0.0055906460620462,0.0041987896,0.006710291,0.009446979
Classical attention circuits,1,20,0.83409166,0.83486044,0.84093106,0.83552337,0.0055906460620462,0.0007687807,0.00066292286,0.0068393946
Classical attention circuits,1,20,0.829948,0.82829046,0.83409166,0.8324431,0.0055906460620462,0.0016575456,0.0041526556,0.0041436553
Classical attention circuits,1,20,0.8207698,0.8252873,0.829948,0.8172143,0.0055906460620462,0.0045174956,0.008072972,0.009178221
Classical attention circuits,1,20,0.8156705,0.81595683,0.8207698,0.8168435,0.0055906460620462,0.0002863407,0.0008866787,0.0050992966
Classical attention circuits,1,20,0.81363016,0.81174594,0.8156705,0.8171462,0.0055906460620462,0.001884222,0.0054002404,0.0020403266
Classical attention circuits,1,20,0.79363775,0.80926174,0.81363016,0.78161716,0.0055906460620462,0.015623987,0.027644575,0.019992411
Classical attention circuits,1,20,0.7725771,0.78935796,0.79363775,0.76613045,0.0055906460620462,0.016780853,0.023227513,0.021060646
Classical attention circuits,1,20,0.7664513,0.7687461,0.7725771,0.77593726,0.0055906460620462,0.0022947788,0.007191181,0.0061258078
Classical attention circuits,1,20,0.76507276,0.76317006,0.7664513,0.77329,0.0055906460620462,0.0019026995,0.010119915,0.0013785362
Classical attention circuits,1,20,0.76878285,0.761534,0.76507276,0.77418756,0.0055906460620462,0.0072488785,0.012653589,0.003710091
Classical attention circuits,1,20,0.7649053,0.7650984,0.76878285,0.76000977,0.0055906460620462,0.00019311905,0.0050886273,0.0038775802
Classical attention circuits,1,20,0.7589404,0.7613226,0.7649053,0.75651634,0.0055906460620462,0.0023822188,0.00480628,0.005964875
Classical VQR circuit,1,4,0.8781462,0.87582636,0.8829227,0.88166666,0.0055906460620462,0.0023198128,0.0058403015,0.0047765374
Classical VQR circuit,1,4,0.8723824,0.8717793,0.8781462,0.87332374,0.0055906460620462,0.0006030798,0.001544416,0.005763769
Classical VQR circuit,1,4,0.87242347,0.8669848,0.8723824,0.87643296,0.0055906460620462,0.0054386854,0.009448171,4.10676e-05
Classical VQR circuit,1,4,0.86690855,0.8670746,0.87242347,0.8645134,0.0055906460620462,0.00016605854,0.0025612116,0.0055149198
Classical VQR circuit,1,4,0.8603516,0.8615731,0.86690855,0.85882026,0.0055906460620462,0.001221478,0.0027528405,0.006556928
Classical VQR circuit,1,4,0.8554004,0.8563464,0.8603516,0.85634005,0.0055906460620462,0.0009460449,6.377697e-06,0.0049512386
Classical VQR circuit,1,4,0.85226345,0.85117114,0.8554004,0.85419565,0.0055906460620462,0.0010923147,0.0030245185,0.0031369328
Classical VQR circuit,1,4,0.84939295,0.8480281,0.85226345,0.8502348,0.0055906460620462,0.0013648272,0.0022066832,0.0028705
Classical VQR circuit,1,4,0.8430241,0.84441185,0.84939295,0.84026927,0.0055906460620462,0.001387775,0.0041425824,0.0063688755
Classical VQR circuit,1,4,0.8392495,0.83781946,0.8430241,0.8402345,0.0055906460620462,0.0014300346,0.002415061,0.0037745833
Classical VQR circuit,1,4,0.8343821,0.83366525,0.8392495,0.834485,0.0055906460620462,0.00071686506,0.0008197427,0.004867375
Classical VQR circuit,1,4,0.8311625,0.82910615,0.8343821,0.8322948,0.0055906460620462,0.0020563602,0.0031886697,0.0032196045
Classical VQR circuit,1,4,0.83146995,0.82669365,0.8311625,0.83432955,0.0055906460620462,0.004776299,0.0076358914,0.00030744076
Classical VQR circuit,1,4,0.8312257,0.8279251,0.83146995,0.8319402,0.0055906460620462,0.0033006072,0.004015088,0.00024425983
Classical VQR circuit,1,4,0.82662797,0.8281263,0.8312257,0.82366824,0.0055906460620462,0.0014983416,0.00445807,0.0045977235
Classical VQR circuit,1,4,0.8193106,0.82310194,0.82662797,0.81606257,0.0055906460620462,0.0037913322,0.007039368,0.007317364
Classical VQR circuit,1,4,0.8160003,0.8158002,0.8193106,0.8181406,0.0055906460620462,0.00020009279,0.002340436,0.0033103228
Classical VQR circuit,1,4,0.8135779,0.81265324,0.8160003,0.81540626,0.0055906460620462,0.00092464685,0.0027530193,0.0024223924
Classical VQR circuit,1,4,0.8171035,0.8097821,0.8135779,0.8217398,0.0055906460620462,0.0073214173,0.011957705,0.0035256147
Classical VQR circuit,1,4,0.8181894,0.813078,0.8171035,0.8178603,0.0055906460620462,0.0051113963,0.004782319,0.0010858774
Classical VQR circuit,1,4,0.8162481,0.8139182,0.8181894,0.81382936,0.0055906460620462,0.0023299456,8.881092e-05,0.0019412637
Classical VQR circuit,1,4,0.81351554,0.8121057,0.8162481,0.8124174,0.0055906460620462,0.0014098287,0.0003116727,0.002732575
Classical VQR circuit,1,4,0.8108896,0.80906975,0.81351554,0.81091505,0.0055906460620462,0.001819849,0.0018453002,0.0026259422
Classical VQR circuit,1,20,0.8844247,0.89345944,0.9020582,0.8760531,0.0055906460620462,0.009034753,0.017406344,0.017633498
Classical VQR circuit,1,20,0.866854,0.87643415,0.8844247,0.86363304,0.0055906460620462,0.009580135,0.012801111,0.017570674
Classical VQR circuit,1,20,0.8592364,0.8595443,0.866854,0.8655483,0.0055906460620462,0.000307858,0.0060040355,0.007617593
Classical VQR circuit,1,20,0.8560055,0.85230523,0.8592364,0.8620463,0.0055906460620462,0.0037002563,0.009741068,0.0032309294
Classical VQR circuit,1,20,0.85722643,0.84914887,0.8560055,0.86201596,0.0055906460620462,0.008077562,0.012867093,0.0012209415
Classical VQR circuit,1,20,0.8595389,0.8520714,0.85722643,0.86153454,0.0055906460620462,0.0074675083,0.009463131,0.0023124814
Classical VQR circuit,1,20,0.8614338,0.85465217,0.8595389,0.8626524,0.0055906460620462,0.0067816377,0.008000255,0.0018948913
Classical VQR circuit,1,20,0.8597293,0.8568551,0.8614338,0.85832036,0.0055906460620462,0.0028741956,0.001465261,0.001704514
Classical VQR circuit,1,20,0.85037804,0.8546675,0.8597293,0.84405684,0.0055906460620462,0.0042894483,0.01061064,0.0093512535
Classical VQR circuit,1,20,0.84093106,0.8449835,0.85037804,0.83841956,0.0055906460620462,0.00405246,0.0065639615,0.009446979
Classical VQR circuit,1,20,0.83409166,0.8349606,0.84093106,0.83552337,0.0055906460620462,0.0008689165,0.00056278706,0.0068393946
Classical VQR circuit,1,20,0.829948,0.8282266,0.83409166,0.8324431,0.0055906460620462,0.0017213821,0.004216492,0.0041436553
Classical VQR circuit,1,20,0.8207698,0.8249005,0.829948,0.8172143,0.0055906460620462,0.004130721,0.0076861978,0.009178221
Classical VQR circuit,1,20,0.8156705,0.81631714,0.8207698,0.8168435,0.0055906460620462,0.0006466508,0.0005263686,0.0050992966
Classical VQR circuit,1,20,0.81363016,0.8116523,0.8156705,0.8171462,0.0055906460620462,0.001977861,0.0054938793,0.0020403266
Classical VQR circuit,1,20,0.79363775,0.809498,0.81363016,0.78161716,0.0055906460620462,0.01586026,0.027880847,0.019992411
Classical VQR circuit,1,20,0.7725771,0.78980756,0.79363775,0.76613045,0.0055906460620462,0.017230451,0.02367711,0.021060646
Classical VQR circuit,1,20,0.7664513,0.76913214,0.7725771,0.77593726,0.0055906460620462,0.002680838,0.006805122,0.0061258078
Classical VQR circuit,1,20,0.76507276,0.7635245,0.7664513,0.77329,0.0055906460620462,0.0015482903,0.009765506,0.0013785362
Classical VQR circuit,1,20,0.76878285,0.76206136,0.76507276,0.77418756,0.0055906460620462,0.0067214966,0.012126207,0.003710091
Classical VQR circuit,1,20,0.7649053,0.76578104,0.76878285,0.76000977,0.0055906460620462,0.00087577105,0.0057712793,0.0038775802
Classical VQR circuit,1,20,0.7589404,0.76173556,0.7649053,0.75651634,0.0055906460620462,0.0027951598,0.005219221,0.005964875
All circuits classical,1,4,0.8781462,0.875997,0.8829227,0.88166666,0.0055906460620462,0.0021491647,0.0056696534,0.0047765374
All circuits classical,1,4,0.8723824,0.8714803,0.8781462,0.87332374,0.0055906460620462,0.0009021163,0.0018434525,0.005763769
All circuits classical,1,4,0.87242347,0.8661004,0.8723824,0.87643296,0.0055906460620462,0.006323099,0.010332584,4.10676e-05
All circuits classical,1,4,0.86690855,0.86629105,0.87242347,0.8645134,0.0055906460620462,0.0006175041,0.0017776489,0.0055149198
All circuits classical,1,4,0.8603516,0.8618425,0.86690855,0.85882026,0.0055906460620462,0.001490891,0.0030222535,0.006556928
All circuits classical,1,4,0.8554004,0.85749555,0.8603516,0.85634005,0.0055906460620462,0.0020951629,0.0011554956,0.0049512386
All circuits classical,1,4,0.85226345,0.85216963,0.8554004,0.85419565,0.0055906460620462,9.381771e-05,0.0020260215,0.0031369328
All circuits classical,1,4,0.84939295,0.84881383,0.85226345,0.8502348,0.0055906460620462,0.0005791187,0.0014209747,0.0028705
All circuits classical,1,4,0.8430241,0.84502536,0.84939295,0.84026927,0.0055906460620462,0.0020012856,0.004756093,0.0063688755
All circuits classical,1,4,0.8392495,0.8381057,0.8430241,0.8402345,0.0055906460620462,0.0011438131,0.0021288395,0.0037745833
All circuits classical,1,4,0.8343821,0.8335027,0.8392495,0.834485,0.0055906460620462,0.0008794069,0.0009822845,0.004867375
All circuits classical,1,4,0.8311625,0.82871884,0.8343821,0.8322948,0.0055906460620462,0.0024436712,0.0035759807,0.0032196045
All circuits classical,1,4,0.83146995,0.8259045,0.8311625,0.83432955,0.0055906460620462,0.0055654645,0.008425057,0.00030744076
All circuits classical,1,4,0.8312257,0.82750356,0.83146995,0.8319402,0.0055906460620462,0.0037221313,0.004436612,0.00024425983
All circuits classical,1,4,0.82662797,0.8280911,0.8312257,0.82366824,0.0055906460620462,0.0014631152,0.0044228435,0.0045977235
All circuits classical,1,4,0.8193106,0.8231292,0.82662797,0.81606257,0.0055906460620462,0.0038185716,0.0070666075,0.007317364
All circuits classical,1,4,0.8160003,0.81614834,0.8193106,0.8181406,0.0055906460620462,0.00014805794,0.0019922853,0.0033103228
All circuits classical,1,4,0.8135779,0.8131842,0.8160003,0.81540626,0.0055906460620462,0.00039368868,0.0022220612,0.0024223924
All circuits classical,1,4,0.8171035,0.80974966,0.8135779,0.8217398,0.0055906460620462,0.0073538423,0.01199013,0.0035256147
All circuits classical,1,4,0.8181894,0.8138568,0.8171035,0.8178603,0.0055906460620462,0.004332602,0.004003525,0.0010858774
All circuits classical,1,4,0.8162481,0.81424123,0.8181894,0.81382936,0.0055906460620462,0.0020068884,0.0004118681,0.0019412637
All circuits classical,1,4,0.81351554,0.81251997,0.8162481,0.8124174,0.0055906460620462,0.0009955764,0.000102579594,0.002732575
All circuits classical,1,4,0.8108896,0.8085582,0.81351554,0.81091505,0.0055906460620462,0.002331376,0.0023568273,0.0026259422
All circuits classical,1,20,0.8844247,0.89432466,0.9020582,0.8760531,0.0055906460620462,0.009899974,0.018271565,0.017633498
All circuits classical,1,20,0.866854,0.87699646,0.8844247,0.86363304,0.0055906460620462,0.010142446,0.013363421,0.017570674
All circuits classical,1,20,0.8592364,0.8596648,0.866854,0.8655483,0.0055906460620462,0.00042837858,0.005883515,0.007617593
All circuits classical,1,20,0.8560055,0.85246474,0.8592364,0.8620463,0.0055906460620462,0.0035407543,0.009581566,0.0032309294
All circuits classical,1,20,0.85722643,0.8495566,0.8560055,0.86201596,0.0055906460620462,0.0076698065,0.012459338,0.0012209415
All circuits classical,1,20,0.8595389,0.8529893,0.85722643,0.86153454,0.0055906460620462,0.006549597,0.00854522,0.0023124814
All circuits classical,1,20,0.8614338,0.8549615,0.8595389,0.8626524,0.0055906460620462,0.0064722896,0.0076909065,0.0018948913
All circuits classical,1,20,0.8597293,0.8574097,0.8614338,0.85832036,0.0055906460620462,0.0023195744,0.00091063976,0.001704514
All circuits classical,1,20,0.85037804,0.85460407,0.8597293,0.84405684,0.0055906460620462,0.004226029,0.010547221,0.0093512535
All circuits classical,1,20,0.84093106,0.84458536,0.85037804,0.83841956,0.0055906460620462,0.0036543012,0.0061658025,0.009446979
All circuits classical,1,20,0.83409166,0.8340014,0.84093106,0.83552337,0.0055906460620462,9.024143e-05,0.001521945,0.0068393946
All circuits classical,1,20,0.829948,0.8275455,0.83409166,0.8324431,0.0055906460620462,0.0024024844,0.0048975945,0.0041436553
All circuits classical,1,20,0.8207698,0.8240898,0.829948,0.8172143,0.0055906460620462,0.0033200383,0.006875515,0.009178221
All circuits classical,1,20,0.8156705,0.8165959,0.8207698,0.8168435,0.0055906460620462,0.0009254217,0.0002475977,0.0050992966
All circuits classical,1,20,0.81363016,0.8120515,0.8156705,0.8171462,0.0055906460620462,0.0015786886,0.005094707,0.0020403266
All circuits classical,1,20,0.79363775,0.8096749,0.81363016,0.78161716,0.0055906460620462,0.016037166,0.028057754,0.019992411
All circuits classical,1,20,0.7725771,0.79022825,0.79363775,0.76613045,0.0055906460620462,0.01765114,0.0240978,0.021060646
All circuits classical,1,20,0.7664513,0.7686571,0.7725771,0.77593726,0.0055906460620462,0.002205789,0.007280171,0.0061258078
All circuits classical,1,20,0.76507276,0.76277655,0.7664513,0.77329,0.0055906460620462,0.0022962093,0.010513425,0.0013785362
All circuits classical,1,20,0.76878285,0.76048255,0.76507276,0.77418756,0.0055906460620462,0.008300304,0.013705015,0.003710091
All circuits classical,1,20,0.7649053,0.76435924,0.76878285,0.76000977,0.0055906460620462,0.00054603815,0.00434947,0.0038775802
All circuits classical,1,20,0.7589404,0.7595869,0.7649053,0.75651634,0.0055906460620462,0.000646472,0.0030705333,0.005964875
Persistence,2,7,0.8862907,0.8920714,0.8920714,0.8879777,0.0054972637444734,0.005780697,0.0040937066,0.005780697
Persistence,2,7,0.8822545,0.8862907,0.8862907,0.88437545,0.0054972637444734,0.0040362477,0.001915276,0.0040362477
Persistence,2,7,0.87504786,0.8822545,0.8822545,0.8731381,0.0054972637444734,0.007206619,0.009116352,0.007206619
Persistence,2,7,0.8599561,0.87504786,0.87504786,0.8532213,0.0054972637444734,0.015091777,0.021826565,0.015091777
Persistence,2,7,0.84888214,0.8599561,0.8599561,0.8495128,0.0054972637444734,0.011073947,0.01044327,0.011073947
Persistence,2,7,0.8466137,0.84888214,0.84888214,0.85412216,0.0054972637444734,0.0022684336,0.005240023,0.0022684336
Persistence,2,7,0.85430384,0.8466137,0.8466137,0.8645272,0.0054972637444734,0.0076901317,0.01791352,0.0076901317
Persistence,2,7,0.865242,0.85430384,0.85430384,0.8707553,0.0054972637444734,0.010938168,0.016451478,0.010938168
Persistence,2,7,0.86803764,0.865242,0.865242,0.8636861,0.0054972637444734,0.0027956367,0.0015559196,0.0027956367
Persistence,2,7,0.86120874,0.86803764,0.86803764,0.8530257,0.0054972637444734,0.006828904,0.015011966,0.006828904
Persistence,2,7,0.8446959,0.86120874,0.86120874,0.8353551,0.0054972637444734,0.016512811,0.025853634,0.016512811
Persistence,2,7,0.8313005,0.8446959,0.8446959,0.8304859,0.0054972637444734,0.013395429,0.014210045,0.013395429
Persistence,2,7,0.82330114,0.8313005,0.8313005,0.8268595,0.0054972637444734,0.007999361,0.004441023,0.007999361
Persistence,2,7,0.8115089,0.82330114,0.82330114,0.80900556,0.0054972637444734,0.0117922425,0.014295578,0.0117922425
Persistence,2,7,0.81132215,0.8115089,0.8115089,0.8181187,0.0054972637444734,0.00018674135,0.0066097975,0.00018674135
Persistence,2,7,0.81660736,0.81132215,0.81132215,0.82392466,0.0054972637444734,0.0052852035,0.012602508,0.0052852035
Persistence,2,7,0.81998485,0.81660736,0.81660736,0.82161254,0.0054972637444734,0.0033774972,0.005005181,0.0033774972
Persistence,2,7,0.81500256,0.81998485,0.81998485,0.80882174,0.0054972637444734,0.0049822927,0.0111631155,0.0049822927
Persistence,2,7,0.80781275,0.81500256,0.81500256,0.8039217,0.0054972637444734,0.0071898103,0.011080861,0.0071898103
Persistence,2,7,0.8003655,0.80781275,0.80781275,0.8000672,0.0054972637444734,0.0074472427,0.007745564,0.0074472427
Persistence,2,7,0.79685116,0.8003655,0.8003655,0.7997907,0.0054972637444734,0.0035143495,0.0005748272,0.0035143495
Persistence,2,7,0.7983708,0.79685116,0.79685116,0.80243707,0.0054972637444734,0.0015196204,0.005585909,0.0015196204
Persistence,2,7,0.80251235,0.7983708,0.7983708,0.8055832,0.0054972637444734,0.004141569,0.0072124004,0.004141569
Persistence,2,19,0.87176514,0.882705,0.882705,0.8735683,0.0054972637444734,0.0109398365,0.009136677,0.0109398365
Persistence,2,19,0.8643261,0.87176514,0.87176514,0.8690182,0.0054972637444734,0.0074390173,0.0027469397,0.0074390173
Persistence,2,19,0.86521614,0.8643261,0.8643261,0.8727613,0.0054972637444734,0.00089001656,0.00843519,0.00089001656
Persistence,2,19,0.85643786,0.86521614,0.86521614,0.8516162,0.0054972637444734,0.008778274,0.013599932,0.008778274
Persistence,2,19,0.84929764,0.85643786,0.85643786,0.8481611,0.0054972637444734,0.007140219,0.008276761,0.007140219
Persistence,2,19,0.8448716,0.84929764,0.84929764,0.84774715,0.0054972637444734,0.004426062,0.0015504956,0.004426062
Persistence,2,19,0.8443298,0.8448716,0.8448716,0.848996,0.0054972637444734,0.0005418062,0.004124403,0.0005418062
Persistence,2,19,0.84465003,0.8443298,0.8443298,0.84651417,0.0054972637444734,0.00032025576,0.002184391,0.00032025576
Persistence,2,19,0.8473331,0.84465003,0.84465003,0.8491494,0.0054972637444734,0.0026830435,0.004499376,0.0026830435
Persistence,2,19,0.8467591,0.8473331,0.8473331,0.8456575,0.0054972637444734,0.00057399273,0.0016755462,0.00057399273
Persistence,2,19,0.839568,0.8467591,0.8467591,0.8345627,0.0054972637444734,0.007191062,0.012196362,0.007191062
Persistence,2,19,0.8245411,0.839568,0.839568,0.8166507,0.0054972637444734,0.015026927,0.02291733,0.015026927
Persistence,2,19,0.8143626,0.8245411,0.8245411,0.8150793,0.0054972637444734,0.010178506,0.00946182,0.010178506
Persistence,2,19,0.8105752,0.8143626,0.8143626,0.8160987,0.0054972637444734,0.0037873983,0.0017361045,0.0037873983
Persistence,2,19,0.810767,0.8105752,0.8105752,0.8152849,0.0054972637444734,0.00019180775,0.0047097206,0.00019180775
Persistence,2,19,0.81080055,0.810767,0.810767,0.8114515,0.0054972637444734,3.3557415e-05,0.00068449974,3.3557415e-05
Persistence,2,19,0.8047899,0.81080055,0.81080055,0.80045074,0.0054972637444734,0.0060106516,0.01034981,0.0060106516
Persistence,2,19,0.79417217,0.8047899,0.8047899,0.78979313,0.0054972637444734,0.010617733,0.014996767,0.010617733
Persistence,2,19,0.7857069,0.79417217,0.79417217,0.7861868,0.0054972637444734,0.00846529,0.0079853535,0.00846529
Persistence,2,19,0.7845029,0.7857069,0.7857069,0.79020286,0.0054972637444734,0.0012039542,0.0044959784,0.0012039542
Persistence,2,19,0.78591484,0.7845029,0.7845029,0.78965634,0.0054972637444734,0.0014119148,0.0051534176,0.0014119148
Persistence,2,19,0.78457683,0.78591484,0.78591484,0.783259,0.0054972637444734,0.0013380051,0.0026558638,0.0013380051
Persistence,2,19,0.7784937,0.78457683,0.78457683,0.7744164,0.0054972637444734,0.006083131,0.010160446,0.006083131
Full model,2,7,0.8862907,0.88661134,0.8920714,0.8879777,0.0054972637444734,0.00032061338,0.0013663769,0.005780697
Full model,2,7,0.8822545,0.88065046,0.8862907,0.88437545,0.0054972637444734,0.0016040206,0.0037249923,0.0040362477
Full model,2,7,0.87504786,0.8764379,0.8822545,0.8731381,0.0054972637444734,0.0013900399,0.0032997727,0.007206619
Full model,2,7,0.8599561,0.8688704,0.87504786,0.8532213,0.0054972637444734,0.008914292,0.01564908,0.015091777
Full model,2,7,0.84888214,0.8544197,0.8599561,0.8495128,0.0054972637444734,0.0055375695,0.004906893,0.011073947
Full model,2,7,0.8466137,0.8450684,0.84888214,0.85412216,0.0054972637444734,0.00154531,0.009053767,0.0022684336
Full model,2,7,0.85430384,0.84296596,0.8466137,0.8645272,0.0054972637444734,0.011337876,0.021561265,0.0076901317
Full model,2,7,0.865242,0.8504861,0.85430384,0.8707553,0.0054972637444734,0.014755905,0.020269215,0.010938168
Full model,2,7,0.86803764,0.8612014,0.865242,0.8636861,0.0054972637444734,0.0068362355,0.0024846792,0.0027956367
Full model,2,7,0.86120874,0.8636724,0.86803764,0.8530257,0.0054972637444734,0.0024636388,0.010646701,0.006828904
Full model,2,7,0.8446959,0.85693944,0.86120874,0.8353551,0.0054972637444734,0.012243509,0.021584332,0.016512811
Full model,2,7,0.8313005,0.84062976,0.8446959,0.8304859,0.0054972637444734,0.009329259,0.010143876,0.013395429
Full model,2,7,0.82330114,0.8266836,0.8313005,0.8268595,0.0054972637444734,0.0033824444,0.0001758933,0.007999361
Full model,2,7,0.8115089,0.8196306,0.82330114,0.80900556,0.0054972637444734,0.008121729,0.010625064,0.0117922425
Full model,2,7,0.81132215,0.80886436,0.8115089,0.8181187,0.0054972637444734,0.0024577975,0.009254336,0.00018674135
Full model,2,7,0.81660736,0.80893666,0.81132215,0.82392466,0.0054972637444734,0.0076707006,0.014988005,0.0052852035
Full model,2,7,0.81998485,0.81377304,0.81660736,0.82161254,0.0054972637444734,0.0062118173,0.007839501,0.0033774972
Full model,2,7,0.81500256,0.81726736,0.81998485,0.80882174,0.0054972637444734,0.0022647977,0.008445621,0.0049822927
Full model,2,7,0.80781275,0.811897,0.81500256,0.8039217,0.0054972637444734,0.0040842295,0.00797528,0.0071898103
Full model,2,7,0.8003655,0.80450875,0.80781275,0.8000672,0.0054972637444734,0.004143238,0.0044415593,0.0074472427
Full model,2,7,0.79685116,0.79689944,0.8003655,0.7997907,0.0054972637444734,4.8279762e-05,0.0028912425,0.0035143495
Full model,2,7,0.7983708,0.79330325,0.79685116,0.80243707,0.0054972637444734,0.0050675273,0.009133816,0.0015196204
Full model,2,7,0.80251235,0.79488236,0.7983708,0.8055832,0.0054972637444734,0.0076299906,0.010700822,0.004141569
Full model,2,19,0.87176514,0.87740433,0.882705,0.8735683,0.0054972637444734,0.0056391954,0.0038360357,0.0109398365
Full model,2,19,0.8643261,0.8663196,0.87176514,0.8690182,0.0054972637444734,0.0019934773,0.0026986003,0.0074390173
Full model,2,19,0.86521614,0.8585929,0.8643261,0.8727613,0.0054972637444734,0.0066232085,0.014168382,0.00089001656
Full model,2,19,0.85643786,0.8601215,0.86521614,0.8516162,0.0054972637444734,0.0036836267,0.008505285,0.008778274
Full model,2,19,0.84929764,0.85273564,0.85643786,0.8481611,0.0054972637444734,0.003437996,0.0045745373,0.007140219
Full model,2,19,0.8448716,0.84622884,0.84929764,0.84774715,0.0054972637444734,0.0013572574,0.0015183091,0.004426062
Full model,2,19,0.8443298,0.8414711,0.8448716,0.848996,0.0054972637444734,0.0028586984,0.0075249076,0.0005418062
Full model,2,19,0.84465003,0.84046835,0.8443298,0.84651417,0.0054972637444734,0.004181683,0.0060458183,0.00032025576
Full model,2,19,0.8473331,0.8405819,0.84465003,0.8491494,0.0054972637444734,0.0067511797,0.008567512,0.0026830435
Full model,2,19,0.8467591,0.84318095,0.8473331,0.8456575,0.0054972637444734,0.0035781264,0.002476573,0.00057399273
Full model,2,19,0.839568,0.8428299,0.8467591,0.8345627,0.0054972637444734,0.0032618642,0.008267164,0.007191062
Full model,2,19,0.8245411,0.83567005,0.839568,0.8166507,0.0054972637444734,0.011128962,0.019019365,0.015026927
Full model,2,19,0.8143626,0.82035,0.8245411,0.8150793,0.0054972637444734,0.005987406,0.0052707195,0.010178506
Full model,2,19,0.8105752,0.81095034,0.8143626,0.8160987,0.0054972637444734,0.00037515163,0.005148351,0.0037873983
Full model,2,19,0.810767,0.8077472,0.8105752,0.8152849,0.0054972637444734,0.0030198097,0.0075377226,0.00019180775
Full model,2,19,0.81080055,0.8081101,0.810767,0.8114515,0.0054972637444734,0.0026904345,0.0033413768,3.3557415e-05
Full model,2,19,0.8047899,0.80822086,0.81080055,0.80045074,0.0054972637444734,0.0034309626,0.007770121,0.0060106516
Full model,2,19,0.79417217,0.8021413,0.8047899,0.78979313,0.0054972637444734,0.007969141,0.012348175,0.010617733
Full model,2,19,0.7857069,0.79127216,0.79417217,0.7861868,0.0054972637444734,0.0055652857,0.005085349,0.00846529
Full model,2,19,0.7845029,0.78276056,0.7857069,0.79020286,0.0054972637444734,0.001742363,0.0074422956,0.0012039542
Full model,2,19,0.78591484,0.7812521,0.7845029,0.78965634,0.0054972637444734,0.004662752,0.008404255,0.0014119148
Full model,2,19,0.78457683,0.7824859,0.78591484,0.783259,0.0054972637444734,0.002090931,0.00077307224,0.0013380051
Full model,2,19,0.7784937,0.7813721,0.78457683,0.7744164,0.0054972637444734,0.002878368,0.006955683,0.006083131
Without quantum attention,2,7,0.8862907,0.88534296,0.8920714,0.8879777,0.0054972637444734,0.00094777346,0.0026347637,0.005780697
Without quantum attention,2,7,0.8822545,0.8811764,0.8862907,0.88437545,0.0054972637444734,0.0010780692,0.003199041,0.0040362477
Without quantum attention,2,7,0.87504786,0.87801045,0.8822545,0.8731381,0.0054972637444734,0.0029625893,0.004872322,0.007206619
Without quantum attention,2,7,0.8599561,0.87133086,0.87504786,0.8532213,0.0054972637444734,0.011374772,0.01810956,0.015091777
Without quantum attention,2,7,0.84888214,0.8559502,0.8599561,0.8495128,0.0054972637444734,0.007068038,0.0064373612,0.011073947
Without quantum attention,2,7,0.8466137,0.84497213,0.84888214,0.85412216,0.0054972637444734,0.0016415715,0.009150028,0.0022684336
Without quantum attention,2,7,0.85430384,0.84280753,0.8466137,0.8645272,0.0054972637444734,0.0114963055,0.021719694,0.0076901317
Without quantum attention,2,7,0.865242,0.8511549,0.85430384,0.8707553,0.0054972637444734,0.014087081,0.019600391,0.010938168
Without quantum attention,2,7,0.86803764,0.8618252,0.865242,0.8636861,0.0054972637444734,0.0062124133,0.001860857,0.0027956367
Without quantum attention,2,7,0.86120874,0.8640238,0.86803764,0.8530257,0.0054972637444734,0.0028150678,0.01099813,0.006828904
Without quantum attention,2,7,0.8446959,0.85674185,0.86120874,0.8353551,0.0054972637444734,0.01204592,0.021386743,0.016512811
Without quantum attention,2,7,0.8313005,0.8404854,0.8446959,0.8304859,0.0054972637444734,0.009184897,0.009999514,0.013395429
Without quantum attention,2,7,0.82330114,0.82728755,0.8313005,0.8268595,0.0054972637444734,0.0039864182,0.00042808056,0.007999361
Without quantum attention,2,7,0.8115089,0.8199863,0.82330114,0.80900556,0.0054972637444734,0.00847739,0.010980725,0.0117922425
Without quantum attention,2,7,0.81132215,0.80930775,0.8115089,0.8181187,0.0054972637444734,0.0020143986,0.008810937,0.00018674135
Without quantum attention,2,7,0.81660736,0.80978996,0.81132215,0.82392466,0.0054972637444734,0.0068174005,0.014134705,0.0052852035
Without quantum attention,2,7,0.81998485,0.8150181,0.81660736,0.82161254,0.0054972637444734,0.004966736,0.0065944195,0.0033774972
Without quantum attention,2,7,0.81500256,0.81824166,0.81998485,0.80882174,0.0054972637444734,0.0032390952,0.009419918,0.0049822927
Without quantum attention,2,7,0.80781275,0.8124558,0.81500256,0.8039217,0.0054972637444734,0.004643023,0.008534074,0.0071898103
Without quantum attention,2,7,0.8003655,0.80513287,0.80781275,0.8000672,0.0054972637444734,0.0047673583,0.0050656796,0.0074472427
Without quantum attention,2,7,0.79685116,0.79745996,0.8003655,0.7997907,0.0054972637444734,0.00060880184,0.0023307204,0.0035143495
Without quantum attention,2,7,0.7983708,0.7941388,0.79685116,0.80243707,0.0054972637444734,0.0042319894,0.008298278,0.0015196204
Without quantum attention,2,7,0.80251235,0.7955733,0.7983708,0.8055832,0.0054972637444734,0.0069390535,0.010009885,0.004141569
Without quantum attention,2,19,0.87176514,0.87576437,0.882705,0.8735683,0.0054972637444734,0.0039992332,0.0021960735,0.0109398365
Without quantum attention,2,19,0.8643261,0.8665878,0.87176514,0.8690182,0.0054972637444734,0.0022616982,0.0024303794,0.0074390173
Without quantum attention,2,19,0.86521614,0.8611461,0.8643261,0.8727613,0.0054972637444734,0.0040700436,0.011615217,0.00089001656
Without quantum attention,2,19,0.85643786,0.8627213,0.86521614,0.8516162,0.0054972637444734,0.006283462,0.01110512,0.008778274
Without quantum attention,2,19,0.84929764,0.8542021,0.85643786,0.8481611,0.0054972637444734,0.004904449,0.0060409904,0.007140219
Without quantum attention,2,19,0.8448716,0.8463212,0.84929764,0.84774715,0.0054972637444734,0.0014496446,0.0014259219,0.004426062
Without quantum attention,2,19,0.8443298,0.8417897,0.8448716,0.848996,0.0054972637444734,0.002540052,0.007206261,0.0005418062
Without quantum attention,2,19,0.84465003,0.8415206,0.8443298,0.84651417,0.0054972637444734,0.0031294227,0.004993558,0.00032025576
Without quantum attention,2,19,0.8473331,0.84148616,0.84465003,0.8491494,0.0054972637444734,0.0058469176,0.00766325,0.0026830435
Without quantum attention,2,19,0.8467591,0.84409636,0.8473331,0.8456575,0.0054972637444734,0.0026627183,0.0015611649,0.00057399273
Without quantum attention,2,19,0.839568,0.843172,0.8467591,0.8345627,0.0054972637444734,0.0036039948,0.008609295,0.007191062
Without quantum attention,2,19,0.8245411,0.8357838,0.839568,0.8166507,0.0054972637444734,0.011242688,0.019133091,0.015026927
Without quantum attention,2,19,0.8143626,0.8213536,0.8245411,0.8150793,0.0054972637444734,0.006991029,0.0062743425,0.010178506
Without quantum attention,2,19,0.8105752,0.81168175,0.8143626,0.8160987,0.0054972637444734,0.0011065602,0.0044169426,0.0037873983
Without quantum attention,2,19,0.810767,0.80880576,0.8105752,0.8152849,0.0054972637444734,0.0019612312,0.006479144,0.00019180775
Without quantum attention,2,19,0.81080055,0.8095327,0.810767,0.8114515,0.0054972637444734,0.0012678504,0.0019187927,3.3557415e-05
Without quantum attention,2,19,0.8047899,0.8091301,0.81080055,0.80045074,0.0054972637444734,0.004340172,0.00867933,0.0060106516
Without quantum attention,2,19,0.79417217,0.80311984,0.8047899,0.78979313,0.0054972637444734,0.00894767,0.0133267045,0.010617733
Without quantum attention,2,19,0.7857069,0.7919972,0.79417217,0.7861868,0.0054972637444734,0.0062903166,0.00581038,0.00846529
Without quantum attention,2,19,0.7845029,0.78310245,0.7857069,0.79020286,0.0054972637444734,0.0014004707,0.0071004033,0.0012039542
Without quantum attention,2,19,0.78591484,0.7817695,0.7845029,0.78965634,0.0054972637444734,0.004145324,0.007886827,0.0014119148
Without quantum attention,2,19,0.78457683,0.78338253,0.78591484,0.783259,0.0054972637444734,0.0011942983,0.00012356043,0.0013380051
Without quantum attention,2,19,0.7784937,0.7821111,0.78457683,0.7744164,0.0054972637444734,0.003617406,0.007694721,0.006083131
Without VQR,2,7,0.8862907,0.8862241,0.8920714,0.8879777,0.0054972637444734,6.663799e-05,0.0017536283,0.005780697
Without VQR,2,7,0.8822545,0.88032395,0.8862907,0.88437545,0.0054972637444734,0.0019305348,0.0040515065,0.0040362477
Without VQR,2,7,0.87504786,0.87624156,0.8822545,0.8731381,0.0054972637444734,0.0011937022,0.003103435,0.007206619
Without VQR,2,7,0.8599561,0.86897445,0.87504786,0.8532213,0.0054972637444734,0.009018362,0.01575315,0.015091777
Without VQR,2,7,0.84888214,0.8545734,0.8599561,0.8495128,0.0054972637444734,0.00569129,0.005060613,0.011073947
Without VQR,2,7,0.8466137,0.844819,0.84888214,0.85412216,0.0054972637444734,0.0017946959,0.009303153,0.0022684336
Without VQR,2,7,0.85430384,0.8426969,0.8466137,0.8645272,0.0054972637444734,0.011606932,0.02183032,0.0076901317
Without VQR,2,7,0.865242,0.85014254,0.85430384,0.8707553,0.0054972637444734,0.015099466,0.020612776,0.010938168
Without VQR,2,7,0.86803764,0.8608021,0.865242,0.8636861,0.0054972637444734,0.007235527,0.0028839707,0.0027956367
Without VQR,2,7,0.86120874,0.8633396,0.86803764,0.8530257,0.0054972637444734,0.002130866,0.010313928,0.006828904
Without VQR,2,7,0.8446959,0.85650533,0.86120874,0.8353551,0.0054972637444734,0.011809409,0.021150231,0.016512811
Without VQR,2,7,0.8313005,0.8402603,0.8446959,0.8304859,0.0054972637444734,0.00895983,0.0097744465,0.013395429
Without VQR,2,7,0.82330114,0.82633775,0.8313005,0.8268595,0.0054972637444734,0.0030366182,0.00052171946,0.007999361
Without VQR,2,7,0.8115089,0.81917876,0.82330114,0.80900556,0.0054972637444734,0.007669866,0.010173202,0.0117922425
Without VQR,2,7,0.81132215,0.808617,0.8115089,0.8181187,0.0054972637444734,0.0027051568,0.009501696,0.00018674135
Without VQR,2,7,0.81660736,0.8088785,0.81132215,0.82392466,0.0054972637444734,0.0077288747,0.015046179,0.0052852035
Without VQR,2,7,0.81998485,0.81377953,0.81660736,0.82161254,0.0054972637444734,0.0062053204,0.007833004,0.0033774972
Without VQR,2,7,0.81500256,0.817146,0.81998485,0.80882174,0.0054972637444734,0.0021434426,0.0083242655,0.0049822927
Without VQR,2,7,0.80781275,0.8118752,0.81500256,0.8039217,0.0054972637444734,0.004062474,0.007953525,0.0071898103
Without VQR,2,7,0.8003655,0.8044866,0.80781275,0.8000672,0.0054972637444734,0.004121065,0.0044193864,0.0074472427
Without VQR,2,7,0.79685116,0.7968346,0.8003655,0.7997907,0.0054972637444734,1.6570091e-05,0.0029560924,0.0035143495
Without VQR,2,7,0.7983708,0.79324484,0.79685116,0.80243707,0.0054972637444734,0.00512594,0.009192228,0.0015196204
Without VQR,2,7,0.80251235,0.79483545,0.7983708,0.8055832,0.0054972637444734,0.0076768994,0.010747731,0.004141569
Without VQR,2,19,0.87176514,0.87677956,0.882705,0.8735683,0.0054972637444734,0.0050144196,0.0032112598,0.0109398365
Without VQR,2,19,0.8643261,0.8659974,0.87176514,0.8690182,0.0054972637444734,0.0016712546,0.003020823,0.0074390173
Without VQR,2,19,0.86521614,0.8585133,0.8643261,0.8727613,0.0054972637444734,0.0067028403,0.0142480135,0.00089001656
Without VQR,2,19,0.85643786,0.86053526,0.86521614,0.8516162,0.0054972637444734,0.004097402,0.00891906,0.008778274
Without VQR,2,19,0.84929764,0.85320294,0.85643786,0.8481611,0.0054972637444734,0.0039052963,0.0050418377,0.007140219
Without VQR,2,19,0.8448716,0.84627634,0.84929764,0.84774715,0.0054972637444734,0.0014047623,0.0014708042,0.004426062
Without VQR,2,19,0.8443298,0.8414219,0.8448716,0.848996,0.0054972637444734,0.0029078722,0.0075740814,0.0005418062
Without VQR,2,19,0.84465003,0.84035563,0.8443298,0.84651417,0.0054972637444734,0.0042943954,0.0061585307,0.00032025576
Without VQR,2,19,0.8473331,0.8403356,0.84465003,0.8491494,0.0054972637444734,0.006997466,0.008813798,0.0026830435
Without VQR,2,19,0.8467591,0.84301215,0.8473331,0.8456575,0.0054972637444734,0.0037469268,0.0026453733,0.00057399273
Without VQR,2,19,0.839568,0.84257513,0.8467591,0.8345627,0.0054972637444734,0.003007114,0.008012414,0.007191062
Without VQR,2,19,0.8245411,0.8353838,0.839568,0.8166507,0.0054972637444734,0.010842681,0.018733084,0.015026927
Without VQR,2,19,0.8143626,0.8200851,0.8245411,0.8150793,0.0054972637444734,0.0057225227,0.0050058365,0.010178506
Without VQR,2,19,0.8105752,0.8105579,0.8143626,0.8160987,0.0054972637444734,1.7285347e-05,0.005540788,0.0037873983
Without VQR,2,19,0.810767,0.80751735,0.8105752,0.8152849,0.0054972637444734,0.0032496452,0.007767558,0.00019180775
Without VQR,2,19,0.81080055,0.8079782,0.810767,0.8114515,0.0054972637444734,0.0028223395,0.0034732819,3.3557415e-05
Without VQR,2,19,0.8047899,0.8080951,0.81080055,0.80045074,0.0054972637444734,0.0033051968,0.0076443553,0.0060106516
Without VQR,2,19,0.79417217,0.80201644,0.8047899,0.78979313,0.0054972637444734,0.007844269,0.012223303,0.010617733
Without VQR,2,19,0.7857069,0.79116946,0.79417217,0.7861868,0.0054972637444734,0.005462587,0.0049826503,0.00846529
Without VQR,2,19,0.7845029,0.7826478,0.7857069,0.79020286,0.0054972637444734,0.001855135,0.0075550675,0.0012039542
Without VQR,2,19,0.78591484,0.78126246,0.7845029,0.78965634,0.0054972637444734,0.004652381,0.008393884,0.0014119148
Without VQR,2,19,0.78457683,0.78259224,0.78591484,0.783259,0.0054972637444734,0.0019845963,0.00066673756,0.0013380051
Without VQR,2,19,0.7784937,0.7813183,0.78457683,0.7744164,0.0054972637444734,0.0028246045,0.00690192,0.006083131
Without quantum attention and VQR,2,7,0.8862907,0.88461894,0.8920714,0.8879777,0.0054972637444734,0.0016717911,0.0033587813,0.005780697
Without quantum attention and VQR,2,7,0.8822545,0.87999517,0.8862907,0.88437545,0.0054972637444734,0.002259314,0.0043802857,0.0040362477
Without quantum attention and VQR,2,7,0.87504786,0.8758829,0.8822545,0.8731381,0.0054972637444734,0.0008350611,0.002744794,0.007206619
Without quantum attention and VQR,2,7,0.8599561,0.8692247,0.87504786,0.8532213,0.0054972637444734,0.0092686415,0.01600343,0.015091777
Without quantum attention and VQR,2,7,0.84888214,0.85571134,0.8599561,0.8495128,0.0054972637444734,0.006829202,0.0061985254,0.011073947
Without quantum attention and VQR,2,7,0.8466137,0.8448375,0.84888214,0.85412216,0.0054972637444734,0.0017762184,0.009284675,0.0022684336
Without quantum attention and VQR,2,7,0.85430384,0.8425125,0.8466137,0.8645272,0.0054972637444734,0.011791348,0.022014737,0.0076901317
Without quantum attention and VQR,2,7,0.865242,0.84996474,0.85430384,0.8707553,0.0054972637444734,0.0152772665,0.020790577,0.010938168
Without quantum attention and VQR,2,7,0.86803764,0.86067486,0.865242,0.8636861,0.0054972637444734,0.007362783,0.0030112267,0.0027956367
Without quantum attention and VQR,2,7,0.86120874,0.8636152,0.86803764,0.8530257,0.0054972637444734,0.002406478,0.01058954,0.006828904
Without quantum attention and VQR,2,7,0.8446959,0.8567887,0.86120874,0.8353551,0.0054972637444734,0.012092769,0.021433592,0.016512811
Without quantum attention and VQR,2,7,0.8313005,0.84045285,0.8446959,0.8304859,0.0054972637444734,0.009152353,0.0099669695,0.013395429
Without quantum attention and VQR,2,7,0.82330114,0.82769316,0.8313005,0.8268595,0.0054972637444734,0.004392028,0.00083369017,0.007999361
Without quantum attention and VQR,2,7,0.8115089,0.81966376,0.82330114,0.80900556,0.0054972637444734,0.008154869,0.010658205,0.0117922425
Without quantum attention and VQR,2,7,0.81132215,0.80805624,0.8115089,0.8181187,0.0054972637444734,0.0032659173,0.010062456,0.00018674135
Without quantum attention and VQR,2,7,0.81660736,0.8079497,0.81132215,0.82392466,0.0054972637444734,0.008657634,0.015974939,0.0052852035
Without quantum attention and VQR,2,7,0.81998485,0.81373507,0.81660736,0.82161254,0.0054972637444734,0.0062497854,0.007877469,0.0033774972
Without quantum attention and VQR,2,7,0.81500256,0.8168412,0.81998485,0.80882174,0.0054972637444734,0.0018386245,0.008019447,0.0049822927
Without quantum attention and VQR,2,7,0.80781275,0.8114147,0.81500256,0.8039217,0.0054972637444734,0.0036019683,0.007493019,0.0071898103
Without quantum attention and VQR,2,7,0.8003655,0.80403787,0.80781275,0.8000672,0.0054972637444734,0.0036723614,0.0039706826,0.0074472427
Without quantum attention and VQR,2,7,0.79685116,0.79630834,0.8003655,0.7997907,0.0054972637444734,0.0005428195,0.0034823418,0.0035143495
Without quantum attention and VQR,2,7,0.7983708,0.7927097,0.79685116,0.80243707,0.0054972637444734,0.0056610703,0.009727359,0.0015196204
Without quantum attention and VQR,2,7,0.80251235,0.79450387,0.7983708,0.8055832,0.0054972637444734,0.00800848,0.011079311,0.004141569
Without quantum attention and VQR,2,19,0.87176514,0.8753893,0.882705,0.8735683,0.0054972637444734,0.0036241412,0.0018209815,0.0109398365
Without quantum attention and VQR,2,19,0.8643261,0.8657823,0.87176514,0.8690182,0.0054972637444734,0.0014562011,0.0032358766,0.0074390173
Without quantum attention and VQR,2,19,0.86521614,0.85901916,0.8643261,0.8727613,0.0054972637444734,0.0061969757,0.013742149,0.00089001656
Without quantum attention and VQR,2,19,0.85643786,0.86124474,0.86521614,0.8516162,0.0054972637444734,0.004806876,0.009628534,0.008778274
Without quantum attention and VQR,2,19,0.84929764,0.8534132,0.85643786,0.8481611,0.0054972637444734,0.0041155815,0.005252123,0.007140219
Without quantum attention and VQR,2,19,0.8448716,0.8461254,0.84929764,0.84774715,0.0054972637444734,0.0012538433,0.0016217232,0.004426062
Without quantum attention and VQR,2,19,0.8443298,0.8411544,0.8448716,0.848996,0.0054972637444734,0.0031753778,0.007841587,0.0005418062
Without quantum attention and VQR,2,19,0.84465003,0.84034854,0.8443298,0.84651417,0.0054972637444734,0.0043014884,0.0061656237,0.00032025576
Without quantum attention and VQR,2,19,0.8473331,0.8404463,0.84465003,0.8491494,0.0054972637444734,0.0068867803,0.008703113,0.0026830435
Without quantum attention and VQR,2,19,0.8467591,0.8431231,0.8473331,0.8456575,0.0054972637444734,0.0036360025,0.002534449,0.00057399273
Without quantum attention and VQR,2,19,0.839568,0.8425713,0.8467591,0.8345627,0.0054972637444734,0.0030032992,0.008008599,0.007191062
Without quantum attention and VQR,2,19,0.8245411,0.8355708,0.839568,0.8166507,0.0054972637444734,0.01102972,0.018920124,0.015026927
Without quantum attention and VQR,2,19,0.8143626,0.8209223,0.8245411,0.8150793,0.0054972637444734,0.0065597296,0.0058430433,0.010178506
Without quantum attention and VQR,2,19,0.8105752,0.810696,0.8143626,0.8160987,0.0054972637444734,0.000120818615,0.005402684,0.0037873983
Without quantum attention and VQR,2,19,0.810767,0.8072667,0.8105752,0.8152849,0.0054972637444734,0.0035002828,0.008018196,0.00019180775
Without quantum attention and VQR,2,19,0.81080055,0.80776846,0.810767,0.8114515,0.0054972637444734,0.0030320883,0.0036830306,3.3557415e-05
Without quantum attention and VQR,2,19,0.8047899,0.80783534,0.81080055,0.80045074,0.0054972637444734,0.0030454397,0.0073845983,0.0060106516
Without quantum attention and VQR,2,19,0.79417217,0.8017155,0.8047899,0.78979313,0.0054972637444734,0.0075433254,0.0119223595,0.010617733
Without quantum attention and VQR,2,19,0.7857069,0.7909958,0.79417217,0.7861868,0.0054972637444734,0.005288899,0.0048089623,0.00846529
Without quantum attention and VQR,2,19,0.7845029,0.78195095,0.7857069,0.79020286,0.0054972637444734,0.0025519729,0.008251905,0.0012039542
Without quantum attention and VQR,2,19,0.78591484,0.78051454,0.7845029,0.78965634,0.0054972637444734,0.0054003,0.009141803,0.0014119148
Without quantum attention and VQR,2,19,0.78457683,0.7820482,0.78591484,0.783259,0.0054972637444734,0.0025286078,0.0012107491,0.0013380051
Without quantum attention and VQR,2,19,0.7784937,0.78083295,0.78457683,0.7744164,0.0054972637444734,0.002339244,0.006416559,0.006083131
Classical QLSTM gates,2,7,0.8862907,0.88580364,0.8920714,0.8879777,0.0054972637444734,0.00048708916,0.0021740794,0.005780697
Classical QLSTM gates,2,7,0.8822545,0.8802799,0.8862907,0.88437545,0.0054972637444734,0.0019745827,0.0040955544,0.0040362477
Classical QLSTM gates,2,7,0.87504786,0.87660384,0.8822545,0.8731381,0.0054972637444734,0.0015559793,0.003465712,0.007206619
Classical QLSTM gates,2,7,0.8599561,0.86951053,0.87504786,0.8532213,0.0054972637444734,0.009554446,0.016289234,0.015091777
Classical QLSTM gates,2,7,0.84888214,0.8555281,0.8599561,0.8495128,0.0054972637444734,0.0066459775,0.0060153008,0.011073947
Classical QLSTM gates,2,7,0.8466137,0.84717184,0.84888214,0.85412216,0.0054972637444734,0.0005581379,0.006950319,0.0022684336
Classical QLSTM gates,2,7,0.85430384,0.84364766,0.8466137,0.8645272,0.0054972637444734,0.010656178,0.020879567,0.0076901317
Classical QLSTM gates,2,7,0.865242,0.85012925,0.85430384,0.8707553,0.0054972637444734,0.015112758,0.020626068,0.010938168
Classical QLSTM gates,2,7,0.86803764,0.8603794,0.865242,0.8636861,0.0054972637444734,0.007658243,0.0033066869,0.0027956367
Classical QLSTM gates,2,7,0.86120874,0.86289066,0.86803764,0.8530257,0.0054972637444734,0.0016819239,0.009864986,0.006828904
Classical QLSTM gates,2,7,0.8446959,0.855605,0.86120874,0.8353551,0.0054972637444734,0.0109090805,0.020249903,0.016512811
Classical QLSTM gates,2,7,0.8313005,0.83942306,0.8446959,0.8304859,0.0054972637444734,0.008122563,0.00893718,0.013395429
Classical QLSTM gates,2,7,0.82330114,0.82686466,0.8313005,0.8268595,0.0054972637444734,0.0035635233,5.185604e-06,0.007999361
Classical QLSTM gates,2,7,0.8115089,0.8197212,0.82330114,0.80900556,0.0054972637444734,0.008212328,0.010715663,0.0117922425
Classical QLSTM gates,2,7,0.81132215,0.8090769,0.8115089,0.8181187,0.0054972637444734,0.0022452474,0.009041786,0.00018674135
Classical QLSTM gates,2,7,0.81660736,0.8093072,0.81132215,0.82392466,0.0054972637444734,0.0073001385,0.014617443,0.0052852035
Classical QLSTM gates,2,7,0.81998485,0.8151439,0.81660736,0.82161254,0.0054972637444734,0.00484097,0.0064686537,0.0033774972
Classical QLSTM gates,2,7,0.81500256,0.81814444,0.81998485,0.80882174,0.0054972637444734,0.00314188,0.009322703,0.0049822927
Classical QLSTM gates,2,7,0.80781275,0.81226295,0.81500256,0.8039217,0.0054972637444734,0.004450202,0.008341253,0.0071898103
Classical QLSTM gates,2,7,0.8003655,0.80493647,0.80781275,0.8000672,0.0054972637444734,0.004570961,0.0048692822,0.0074472427
Classical QLSTM gates,2,7,0.79685116,0.7970339,0.8003655,0.7997907,0.0054972637444734,0.00018274784,0.0027567744,0.0035143495
Classical QLSTM gates,2,7,0.7983708,0.79356843,0.79685116,0.80243707,0.0054972637444734,0.004802346,0.008868635,0.0015196204
Classical QLSTM gates,2,7,0.80251235,0.7948133,0.7983708,0.8055832,0.0054972637444734,0.0076990724,0.010769904,0.004141569
Classical QLSTM gates,2,19,0.87176514,0.8772178,0.882705,0.8735683,0.0054972637444734,0.0054526925,0.0036495328,0.0109398365
Classical QLSTM gates,2,19,0.8643261,0.865885,0.87176514,0.8690182,0.0054972637444734,0.0015588999,0.0031331778,0.0074390173
Classical QLSTM gates,2,19,0.86521614,0.8586992,0.8643261,0.8727613,0.0054972637444734,0.0065169334,0.014062107,0.00089001656
Classical QLSTM gates,2,19,0.85643786,0.85902244,0.86521614,0.8516162,0.0054972637444734,0.0025845766,0.0074062347,0.008778274
Classical QLSTM gates,2,19,0.84929764,0.85065037,0.85643786,0.8481611,0.0054972637444734,0.0013527274,0.0024892688,0.007140219
Classical QLSTM gates,2,19,0.8448716,0.8472455,0.84929764,0.84774715,0.0054972637444734,0.0023739338,0.0005016327,0.004426062
Classical QLSTM gates,2,19,0.8443298,0.8423344,0.8448716,0.848996,0.0054972637444734,0.0019953847,0.006661594,0.0005418062
Classical QLSTM gates,2,19,0.84465003,0.8409524,0.8443298,0.84651417,0.0054972637444734,0.0036976337,0.005561769,0.00032025576
Classical QLSTM gates,2,19,0.8473331,0.8404429,0.84465003,0.8491494,0.0054972637444734,0.0068901777,0.00870651,0.0026830435
Classical QLSTM gates,2,19,0.8467591,0.8428265,0.8473331,0.8456575,0.0054972637444734,0.0039325953,0.0028310418,0.00057399273
Classical QLSTM gates,2,19,0.839568,0.8418506,0.8467591,0.8345627,0.0054972637444734,0.0022825599,0.00728786,0.007191062
Classical QLSTM gates,2,19,0.8245411,0.83468026,0.839568,0.8166507,0.0054972637444734,0.010139167,0.01802957,0.015026927
Classical QLSTM gates,2,19,0.8143626,0.8203695,0.8245411,0.8150793,0.0054972637444734,0.0060068965,0.0052902102,0.010178506
Classical QLSTM gates,2,19,0.8105752,0.81096584,0.8143626,0.8160987,0.0054972637444734,0.00039064884,0.005132854,0.0037873983
Classical QLSTM gates,2,19,0.810767,0.80833435,0.8105752,0.8152849,0.0054972637444734,0.0024326444,0.006950557,0.00019180775
Classical QLSTM gates,2,19,0.81080055,0.8089899,0.810767,0.8114515,0.0054972637444734,0.0018106699,0.0024616122,3.3557415e-05
Classical QLSTM gates,2,19,0.8047899,0.8088523,0.81080055,0.80045074,0.0054972637444734,0.004062414,0.008401573,0.0060106516
Classical QLSTM gates,2,19,0.79417217,0.80294806,0.8047899,0.78979313,0.0054972637444734,0.00877589,0.013154924,0.010617733
Classical QLSTM gates,2,19,0.7857069,0.7920468,0.79417217,0.7861868,0.0054972637444734,0.0063399076,0.005859971,0.00846529
Classical QLSTM gates,2,19,0.7845029,0.78284454,0.7857069,0.79020286,0.0054972637444734,0.00165838,0.0073583126,0.0012039542
Classical QLSTM gates,2,19,0.78591484,0.7812415,0.7845029,0.78965634,0.0054972637444734,0.004673362,0.008414865,0.0014119148
Classical QLSTM gates,2,19,0.78457683,0.7830541,0.78591484,0.783259,0.0054972637444734,0.0015227199,0.00020486116,0.0013380051
Classical QLSTM gates,2,19,0.7784937,0.78110063,0.78457683,0.7744164,0.0054972637444734,0.0026069283,0.0066842437,0.006083131
Classical attention circuits,2,7,0.8862907,0.88569635,0.8920714,0.8879777,0.0054972637444734,0.0005943775,0.0022813678,0.005780697
Classical attention circuits,2,7,0.8822545,0.88013613,0.8862907,0.88437545,0.0054972637444734,0.002118349,0.0042393208,0.0040362477
Classical attention circuits,2,7,0.87504786,0.8763558,0.8822545,0.8731381,0.0054972637444734,0.0013079643,0.0032176971,0.007206619
Classical attention circuits,2,7,0.8599561,0.86952615,0.87504786,0.8532213,0.0054972637444734,0.009570062,0.01630485,0.015091777
Classical attention circuits,2,7,0.84888214,0.85565645,0.8599561,0.8495128,0.0054972637444734,0.0067743063,0.0061436296,0.011073947
Classical attention circuits,2,7,0.8466137,0.84545803,0.84888214,0.85412216,0.0054972637444734,0.0011556745,0.008664131,0.0022684336
Classical attention circuits,2,7,0.85430384,0.84302264,0.8466137,0.8645272,0.0054972637444734,0.011281192,0.021504581,0.0076901317
Classical attention circuits,2,7,0.865242,0.8502664,0.85430384,0.8707553,0.0054972637444734,0.014975607,0.020488918,0.010938168
Classical attention circuits,2,7,0.86803764,0.8606681,0.865242,0.8636861,0.0054972637444734,0.0073695183,0.003017962,0.0027956367
Classical attention circuits,2,7,0.86120874,0.8629447,0.86803764,0.8530257,0.0054972637444734,0.0017359853,0.009919047,0.006828904
Classical attention circuits,2,7,0.8446959,0.8562396,0.86120874,0.8353551,0.0054972637444734,0.011543691,0.020884514,0.016512811
Classical attention circuits,2,7,0.8313005,0.84015226,0.8446959,0.8304859,0.0054972637444734,0.008851767,0.009666383,0.013395429
Classical attention circuits,2,7,0.82330114,0.8263432,0.8313005,0.8268595,0.0054972637444734,0.0030420423,0.00051629543,0.007999361
Classical attention circuits,2,7,0.8115089,0.8195288,0.82330114,0.80900556,0.0054972637444734,0.008019924,0.01052326,0.0117922425
Classical attention circuits,2,7,0.81132215,0.8087075,0.8115089,0.8181187,0.0054972637444734,0.002614677,0.009411216,0.00018674135
Classical attention circuits,2,7,0.81660736,0.8090119,0.81132215,0.82392466,0.0054972637444734,0.0075954795,0.014912784,0.0052852035
Classical attention circuits,2,7,0.81998485,0.81356007,0.81660736,0.82161254,0.0054972637444734,0.0064247847,0.008052468,0.0033774972
Classical attention circuits,2,7,0.81500256,0.8169427,0.81998485,0.80882174,0.0054972637444734,0.0019401312,0.008120954,0.0049822927
Classical attention circuits,2,7,0.80781275,0.8118832,0.81500256,0.8039217,0.0054972637444734,0.004070461,0.007961512,0.0071898103
Classical attention circuits,2,7,0.8003655,0.8047633,0.80781275,0.8000672,0.0054972637444734,0.0043978095,0.0046961308,0.0074472427
Classical attention circuits,2,7,0.79685116,0.79730755,0.8003655,0.7997907,0.0054972637444734,0.00045639277,0.0024831295,0.0035143495
Classical attention circuits,2,7,0.7983708,0.7938149,0.79685116,0.80243707,0.0054972637444734,0.004555881,0.0086221695,0.0015196204
Classical attention circuits,2,7,0.80251235,0.79539216,0.7983708,0.8055832,0.0054972637444734,0.007120192,0.010191023,0.004141569
Classical attention circuits,2,19,0.87176514,0.87621945,0.882705,0.8735683,0.0054972637444734,0.0044543147,0.002651155,0.0109398365
Classical attention circuits,2,19,0.8643261,0.86587536,0.87176514,0.8690182,0.0054972637444734,0.0015492439,0.0031428337,0.0074390173
Classical attention circuits,2,19,0.86521614,0.85909164,0.8643261,0.8727613,0.0054972637444734,0.0061244965,0.01366967,0.00089001656
Classical attention circuits,2,19,0.85643786,0.86172956,0.86521614,0.8516162,0.0054972637444734,0.0052917004,0.0101133585,0.008778274
Classical attention circuits,2,19,0.84929764,0.8548196,0.85643786,0.8481611,0.0054972637444734,0.005521953,0.0066584945,0.007140219
Classical attention circuits,2,19,0.8448716,0.8469791,0.84929764,0.84774715,0.0054972637444734,0.002107501,0.00076806545,0.004426062
Classical attention circuits,2,19,0.8443298,0.8418715,0.8448716,0.848996,0.0054972637444734,0.0024582744,0.0071244836,0.0005418062
Classical attention circuits,2,19,0.84465003,0.840577,0.8443298,0.84651417,0.0054972637444734,0.004073024,0.005937159,0.00032025576
Classical attention circuits,2,19,0.8473331,0.840385,0.84465003,0.8491494,0.0054972637444734,0.006948054,0.008764386,0.0026830435
Classical attention circuits,2,19,0.8467591,0.84287924,0.8473331,0.8456575,0.0054972637444734,0.0038798451,0.0027782917,0.00057399273
Classical attention circuits,2,19,0.839568,0.8425231,0.8467591,0.8345627,0.0054972637444734,0.002955079,0.007960379,0.007191062
Classical attention circuits,2,19,0.8245411,0.8354192,0.839568,0.8166507,0.0054972637444734,0.010878086,0.01876849,0.015026927
Classical attention circuits,2,19,0.8143626,0.82043964,0.8245411,0.8150793,0.0054972637444734,0.006077051,0.005360365,0.010178506
Classical attention circuits,2,19,0.8105752,0.81123525,0.8143626,0.8160987,0.0054972637444734,0.00066006184,0.004863441,0.0037873983
Classical attention circuits,2,19,0.810767,0.80783767,0.8105752,0.8152849,0.0054972637444734,0.0029293299,0.0074472427,0.00019180775
Classical attention circuits,2,19,0.81080055,0.80817986,0.810767,0.8114515,0.0054972637444734,0.002620697,0.0032716393,3.3557415e-05
Classical attention circuits,2,19,0.8047899,0.80805075,0.81080055,0.80045074,0.0054972637444734,0.003260851,0.0076000094,0.0060106516
Classical attention circuits,2,19,0.79417217,0.80194557,0.8047899,0.78979313,0.0054972637444734,0.0077733994,0.012152433,0.010617733
Classical attention circuits,2,19,0.7857069,0.7911669,0.79417217,0.7861868,0.0054972637444734,0.005460024,0.0049800873,0.00846529
Classical attention circuits,2,19,0.7845029,0.78308815,0.7857069,0.79020286,0.0054972637444734,0.0014147758,0.0071147084,0.0012039542
Classical attention circuits,2,19,0.78591484,0.78190243,0.7845029,0.78965634,0.0054972637444734,0.004012406,0.0077539086,0.0014119148
Classical attention circuits,2,19,0.78457683,0.78295225,0.78591484,0.783259,0.0054972637444734,0.0016245842,0.0003067255,0.0013380051
Classical attention circuits,2,19,0.7784937,0.7819411,0.78457683,0.7744164,0.0054972637444734,0.0034474134,0.007524729,0.006083131
Classical VQR circuit,2,7,0.8862907,0.8850673,0.8920714,0.8879777,0.0054972637444734,0.0012234449,0.0029104352,0.005780697
Classical VQR circuit,2,7,0.8822545,0.8801178,0.8862907,0.88437545,0.0054972637444734,0.0021367073,0.004257679,0.0040362477
Classical VQR circuit,2,7,0.87504786,0.87534225,0.8822545,0.8731381,0.0054972637444734,0.00029438734,0.0022041202,0.007206619
Classical VQR circuit,2,7,0.8599561,0.86925364,0.87504786,0.8532213,0.0054972637444734,0.00929755,0.016032338,0.015091777
Classical VQR circuit,2,7,0.84888214,0.85476905,0.8599561,0.8495128,0.0054972637444734,0.0058869123,0.0052562356,0.011073947
Classical VQR circuit,2,7,0.8466137,0.8452145,0.84888214,0.85412216,0.0054972637444734,0.001399219,0.008907676,0.0022684336
Classical VQR circuit,2,7,0.85430384,0.84297633,0.8466137,0.8645272,0.0054972637444734,0.011327505,0.021550894,0.0076901317
Classical VQR circuit,2,7,0.865242,0.8501075,0.85430384,0.8707553,0.0054972637444734,0.015134513,0.020647824,0.010938168
Classical VQR circuit,2,7,0.86803764,0.8604679,0.865242,0.8636861,0.0054972637444734,0.0075697303,0.003218174,0.0027956367
Classical VQR circuit,2,7,0.86120874,0.86247236,0.86803764,0.8530257,0.0054972637444734,0.0012636185,0.009446681,0.006828904
Classical VQR circuit,2,7,0.8446959,0.85590637,0.86120874,0.8353551,0.0054972637444734,0.011210442,0.020551264,0.016512811
Classical VQR circuit,2,7,0.8313005,0.8396493,0.8446959,0.8304859,0.0054972637444734,0.008348823,0.009163439,0.013395429
Classical VQR circuit,2,7,0.82330114,0.8262532,0.8313005,0.8268595,0.0054972637444734,0.0029520392,0.00060629845,0.007999361
Classical VQR circuit,2,7,0.8115089,0.819438,0.82330114,0.80900556,0.0054972637444734,0.007929087,0.010432422,0.0117922425
Classical VQR circuit,2,7,0.81132215,0.8088307,0.8115089,0.8181187,0.0054972637444734,0.0024914742,0.009288013,0.00018674135
Classical VQR circuit,2,7,0.81660736,0.80906004,0.81132215,0.82392466,0.0054972637444734,0.007547319,0.014864624,0.0052852035
Classical VQR circuit,2,7,0.81998485,0.81375563,0.81660736,0.82161254,0.0054972637444734,0.006229222,0.007856905,0.0033774972
Classical VQR circuit,2,7,0.81500256,0.81713897,0.81998485,0.80882174,0.0054972637444734,0.0021364093,0.008317232,0.0049822927
Classical VQR circuit,2,7,0.80781275,0.8117453,0.81500256,0.8039217,0.0054972637444734,0.0039325356,0.007823586,0.0071898103
Classical VQR circuit,2,7,0.8003655,0.8045067,0.80781275,0.8000672,0.0054972637444734,0.0041412115,0.0044395328,0.0074472427
Classical VQR circuit,2,7,0.79685116,0.7969168,0.8003655,0.7997907,0.0054972637444734,6.5624714e-05,0.0028738976,0.0035143495
Classical VQR circuit,2,7,0.7983708,0.7931677,0.79685116,0.80243707,0.0054972637444734,0.0052030683,0.009269357,0.0015196204
Classical VQR circuit,2,7,0.80251235,0.79447764,0.7983708,0.8055832,0.0054972637444734,0.008034706,0.011105537,0.004141569
Classical VQR circuit,2,19,0.87176514,0.8759994,0.882705,0.8735683,0.0054972637444734,0.0042342544,0.0024310946,0.0109398365
Classical VQR circuit,2,19,0.8643261,0.8655638,0.87176514,0.8690182,0.0054972637444734,0.0012376904,0.0034543872,0.0074390173
Classical VQR circuit,2,19,0.86521614,0.859408,0.8643261,0.8727613,0.0054972637444734,0.005808115,0.013353288,0.00089001656
Classical VQR circuit,2,19,0.85643786,0.8608166,0.86521614,0.8516162,0.0054972637444734,0.004378736,0.009200394,0.008778274
Classical VQR circuit,2,19,0.84929764,0.8523059,0.85643786,0.8481611,0.0054972637444734,0.0030082464,0.004144788,0.007140219
Classical VQR circuit,2,19,0.8448716,0.8460267,0.84929764,0.84774715,0.0054972637444734,0.001155138,0.0017204285,0.004426062
Classical VQR circuit,2,19,0.8443298,0.84157944,0.8448716,0.848996,0.0054972637444734,0.0027503371,0.0074165463,0.0005418062
Classical VQR circuit,2,19,0.84465003,0.8402436,0.8443298,0.84651417,0.0054972637444734,0.004406452,0.0062705874,0.00032025576
Classical VQR circuit,2,19,0.8473331,0.83996373,0.84465003,0.8491494,0.0054972637444734,0.0073693395,0.009185672,0.0026830435
Classical VQR circuit,2,19,0.8467591,0.84221023,0.8473331,0.8456575,0.0054972637444734,0.0045488477,0.0034472942,0.00057399273
Classical VQR circuit,2,19,0.839568,0.8419557,0.8467591,0.8345627,0.0054972637444734,0.0023877025,0.0073930025,0.007191062
Classical VQR circuit,2,19,0.8245411,0.83513105,0.839568,0.8166507,0.0054972637444734,0.010589957,0.01848036,0.015026927
Classical VQR circuit,2,19,0.8143626,0.8196298,0.8245411,0.8150793,0.0054972637444734,0.005267203,0.0045505166,0.010178506
Classical VQR circuit,2,19,0.8105752,0.81071466,0.8143626,0.8160987,0.0054972637444734,0.00013947487,0.005384028,0.0037873983
Classical VQR circuit,2,19,0.810767,0.80752957,0.8105752,0.8152849,0.0054972637444734,0.0032374263,0.007755339,0.00019180775
Classical VQR circuit,2,19,0.81080055,0.8078321,0.810767,0.8114515,0.0054972637444734,0.0029684305,0.0036193728,3.3557415e-05
Classical VQR circuit,2,19,0.8047899,0.8081295,0.81080055,0.80045074,0.0054972637444734,0.0033395886,0.007678747,0.0060106516
Classical VQR circuit,2,19,0.79417217,0.80204135,0.8047899,0.78979313,0.0054972637444734,0.007869184,0.012248218,0.010617733
Classical VQR circuit,2,19,0.7857069,0.79083043,0.79417217,0.7861868,0.0054972637444734,0.0051235557,0.004643619,0.00846529
Classical VQR circuit,2,19,0.7845029,0.78286636,0.7857069,0.79020286,0.0054972637444734,0.0016365647,0.0073364973,0.0012039542
Classical VQR circuit,2,19,0.78591484,0.7814656,0.7845029,0.78965634,0.0054972637444734,0.0044492483,0.008190751,0.0014119148
Classical VQR circuit,2,19,0.78457683,0.78214365,0.78591484,0.783259,0.0054972637444734,0.0024331808,0.0011153221,0.0013380051
Classical VQR circuit,2,19,0.7784937,0.7811768,0.78457683,0.7744164,0.0054972637444734,0.002683103,0.0067604184,0.006083131
All circuits classical,2,7,0.8862907,0.8842586,0.8920714,0.8879777,0.0054972637444734,0.0020321012,0.0037190914,0.005780697
All circuits classical,2,7,0.8822545,0.8796471,0.8862907,0.88437545,0.0054972637444734,0.0026074052,0.004728377,0.0040362477
All circuits classical,2,7,0.87504786,0.87653315,0.8822545,0.8731381,0.0054972637444734,0.0014852881,0.003395021,0.007206619
All circuits classical,2,7,0.8599561,0.86993045,0.87504786,0.8532213,0.0054972637444734,0.0099743605,0.016709149,0.015091777
All circuits classical,2,7,0.84888214,0.8553301,0.8599561,0.8495128,0.0054972637444734,0.006447971,0.005817294,0.011073947
All circuits classical,2,7,0.8466137,0.8460933,0.84888214,0.85412216,0.0054972637444734,0.00052040815,0.008028865,0.0022684336
All circuits classical,2,7,0.85430384,0.8435399,0.8466137,0.8645272,0.0054972637444734,0.010763943,0.020987332,0.0076901317
All circuits classical,2,7,0.865242,0.85058075,0.85430384,0.8707553,0.0054972637444734,0.0146612525,0.020174563,0.010938168
All circuits classical,2,7,0.86803764,0.8607597,0.865242,0.8636861,0.0054972637444734,0.0072779655,0.0029264092,0.0027956367
All circuits classical,2,7,0.86120874,0.8632602,0.86803764,0.8530257,0.0054972637444734,0.0020514727,0.010234535,0.006828904
All circuits classical,2,7,0.8446959,0.85591334,0.86120874,0.8353551,0.0054972637444734,0.011217415,0.020558238,0.016512811
All circuits classical,2,7,0.8313005,0.8392923,0.8446959,0.8304859,0.0054972637444734,0.007991791,0.008806407,0.013395429
All circuits classical,2,7,0.82330114,0.8266056,0.8313005,0.8268595,0.0054972637444734,0.0033044815,0.00025385618,0.007999361
All circuits classical,2,7,0.8115089,0.8192075,0.82330114,0.80900556,0.0054972637444734,0.0076985955,0.010201931,0.0117922425
All circuits classical,2,7,0.81132215,0.808584,0.8115089,0.8181187,0.0054972637444734,0.0027381778,0.009534717,0.00018674135
All circuits classical,2,7,0.81660736,0.80882436,0.81132215,0.82392466,0.0054972637444734,0.0077829957,0.0151003,0.0052852035
All circuits classical,2,7,0.81998485,0.8149105,0.81660736,0.82161254,0.0054972637444734,0.005074382,0.0067020655,0.0033774972
All circuits classical,2,7,0.81500256,0.8179,0.81998485,0.80882174,0.0054972637444734,0.0028974414,0.009078264,0.0049822927
All circuits classical,2,7,0.80781275,0.8122629,0.81500256,0.8039217,0.0054972637444734,0.0044501424,0.008341193,0.0071898103
All circuits classical,2,7,0.8003655,0.804655,0.80781275,0.8000672,0.0054972637444734,0.004289508,0.004587829,0.0074472427
All circuits classical,2,7,0.79685116,0.796658,0.8003655,0.7997907,0.0054972637444734,0.00019317865,0.003132701,0.0035143495
All circuits classical,2,7,0.7983708,0.79309016,0.79685116,0.80243707,0.0054972637444734,0.005280614,0.009346902,0.0015196204
All circuits classical,2,7,0.80251235,0.79386246,0.7983708,0.8055832,0.0054972637444734,0.008649886,0.011720717,0.004141569
All circuits classical,2,19,0.87176514,0.87439513,0.882705,0.8735683,0.0054972637444734,0.0026299953,0.00082683563,0.0109398365
All circuits classical,2,19,0.8643261,0.86508566,0.87176514,0.8690182,0.0054972637444734,0.000759542,0.0039325356,0.0074390173
All circuits classical,2,19,0.86521614,0.8598263,0.8643261,0.8727613,0.0054972637444734,0.0053898096,0.012934983,0.00089001656
All circuits classical,2,19,0.85643786,0.86216384,0.86521614,0.8516162,0.0054972637444734,0.00572598,0.010547638,0.008778274
All circuits classical,2,19,0.84929764,0.85423857,0.85643786,0.8481611,0.0054972637444734,0.004940927,0.0060774684,0.007140219
All circuits classical,2,19,0.8448716,0.8472963,0.84929764,0.84774715,0.0054972637444734,0.002424717,0.00045084953,0.004426062
All circuits classical,2,19,0.8443298,0.8420981,0.8448716,0.848996,0.0054972637444734,0.0022316575,0.0068978667,0.0005418062
All circuits classical,2,19,0.84465003,0.84115213,0.8443298,0.84651417,0.0054972637444734,0.0034978986,0.005362034,0.00032025576
All circuits classical,2,19,0.8473331,0.8407346,0.84465003,0.8491494,0.0054972637444734,0.0065984726,0.008414805,0.0026830435
All circuits classical,2,19,0.8467591,0.84298205,0.8473331,0.8456575,0.0054972637444734,0.0037770271,0.0026754737,0.00057399273
All circuits classical,2,19,0.839568,0.841818,0.8467591,0.8345627,0.0054972637444734,0.0022499561,0.007255256,0.007191062
All circuits classical,2,19,0.8245411,0.8346067,0.839568,0.8166507,0.0054972637444734,0.010065615,0.017956018,0.015026927
All circuits classical,2,19,0.8143626,0.81982154,0.8245411,0.8150793,0.0054972637444734,0.005458951,0.0047422647,0.010178506
All circuits classical,2,19,0.8105752,0.81042725,0.8143626,0.8160987,0.0054972637444734,0.00014793873,0.0056714416,0.0037873983
All circuits classical,2,19,0.810767,0.80796766,0.8105752,0.8152849,0.0054972637444734,0.0027993321,0.007317245,0.00019180775
All circuits classical,2,19,0.81080055,0.80863476,0.810767,0.8114515,0.0054972637444734,0.0021657944,0.0028167367,3.3557415e-05
All circuits classical,2,19,0.8047899,0.80901784,0.81080055,0.80045074,0.0054972637444734,0.0042279363,0.008567095,0.0060106516
All circuits classical,2,19,0.79417217,0.80309266,0.8047899,0.78979313,0.0054972637444734,0.008920491,0.013299525,0.010617733
All circuits classical,2,19,0.7857069,0.79173076,0.79417217,0.7861868,0.0054972637444734,0.006023884,0.005543947,0.00846529
All circuits classical,2,19,0.7845029,0.7826684,0.7857069,0.79020286,0.0054972637444734,0.0018345118,0.0075344443,0.0012039542
All circuits classical,2,19,0.78591484,0.7809047,0.7845029,0.78965634,0.0054972637444734,0.005010128,0.008751631,0.0014119148
All circuits classical,2,19,0.78457683,0.7826513,0.78591484,0.783259,0.0054972637444734,0.001925528,0.00060766935,0.0013380051
All circuits classical,2,19,0.7784937,0.780361,0.78457683,0.7744164,0.0054972637444734,0.0018672943,0.0059446096,0.006083131
Persistence,3,5,0.8715125,0.88004225,0.88004225,0.8740694,0.0054512890055775,0.008529782,0.0059728622,0.008529782
Persistence,3,5,0.87167877,0.8715125,0.8715125,0.87952185,0.0054512890055775,0.00016629696,0.008009374,0.00016629696
Persistence,3,5,0.8690643,0.87167877,0.87167877,0.8696272,0.0054512890055775,0.0026144981,0.0020515919,0.0026144981
Persistence,3,5,0.85863227,0.8690643,0.8690643,0.8527029,0.0054512890055775,0.010432005,0.016361356,0.010432005
Persistence,3,5,0.8474971,0.85863227,0.85863227,0.84489787,0.0054512890055775,0.011135161,0.0137344,0.011135161
Persistence,3,5,0.8405724,0.8474971,0.8474971,0.8437867,0.0054512890055775,0.006924689,0.0037103891,0.006924689
Persistence,3,5,0.8428812,0.8405724,0.8405724,0.85135525,0.0054512890055775,0.002308786,0.010782838,0.002308786
Persistence,3,5,0.84915835,0.8428812,0.8428812,0.85452765,0.0054512890055775,0.006277144,0.01164645,0.006277144
Persistence,3,5,0.8545028,0.84915835,0.84915835,0.85522854,0.0054512890055775,0.0053444505,0.0060701966,0.0053444505
Persistence,3,5,0.84557265,0.8545028,0.8545028,0.8355601,0.0054512890055775,0.008930147,0.018942714,0.008930147
Persistence,3,5,0.8413325,0.84557265,0.84557265,0.8416284,0.0054512890055775,0.004240155,0.0039442778,0.004240155
Persistence,3,5,0.8356159,0.8413325,0.8413325,0.8357602,0.0054512890055775,0.005716622,0.005572319,0.005716622
Persistence,3,5,0.8246508,0.8356159,0.8356159,0.82023066,0.0054512890055775,0.010965049,0.0153852105,0.010965049
Persistence,3,5,0.8176962,0.8246508,0.8246508,0.81794864,0.0054512890055775,0.0069546103,0.0067021847,0.0069546103
Persistence,3,5,0.81665486,0.8176962,0.8176962,0.82139415,0.0054512890055775,0.0010413527,0.0036979318,0.0010413527
Persistence,3,5,0.82406414,0.81665486,0.81665486,0.8328286,0.0054512890055775,0.0074092746,0.01617372,0.0074092746
Persistence,3,5,0.82814854,0.82406414,0.82406414,0.82844985,0.0054512890055775,0.0040844083,0.0043857098,0.0040844083
Persistence,3,5,0.82623696,0.82814854,0.82814854,0.821103,0.0054512890055775,0.0019115806,0.007045567,0.0019115806
Persistence,3,5,0.820994,0.82623696,0.82623696,0.81731683,0.0054512890055775,0.0052429438,0.008920133,0.0052429438
Persistence,3,5,0.81501365,0.820994,0.820994,0.8141091,0.0054512890055775,0.0059803724,0.0068849325,0.0059803724
Persistence,3,5,0.8089336,0.81501365,0.81501365,0.8085135,0.0054512890055775,0.0060800314,0.006500125,0.0060800314
Persistence,3,5,0.8045314,0.8089336,0.8089336,0.8047877,0.0054512890055775,0.0044022202,0.0041459203,0.0044022202
Persistence,3,5,0.7963531,0.8045314,0.8045314,0.7933096,0.0054512890055775,0.008178294,0.0112217665,0.008178294
Persistence,3,14,0.87774605,0.8921293,0.8921293,0.8733919,0.0054512890055775,0.014383256,0.018737376,0.014383256
Persistence,3,14,0.8687297,0.87774605,0.87774605,0.8714147,0.0054512890055775,0.009016335,0.0063313246,0.009016335
Persistence,3,14,0.8620496,0.8687297,0.8687297,0.86503065,0.0054512890055775,0.006680131,0.0036990643,0.006680131
Persistence,3,14,0.857985,0.8620496,0.8620496,0.8609,0.0054512890055775,0.00406456,0.0011495948,0.00406456
Persistence,3,14,0.84927285,0.857985,0.857985,0.8462889,0.0054512890055775,0.0087121725,0.0116961,0.0087121725
Persistence,3,14,0.8426481,0.84927285,0.84927285,0.84308445,0.0054512890055775,0.0066247582,0.0061883926,0.0066247582
Persistence,3,14,0.84238446,0.8426481,0.8426481,0.84825546,0.0054512890055775,0.00026363134,0.0056073666,0.00026363134
Persistence,3,14,0.8373402,0.84238446,0.84238446,0.83613986,0.0054512890055775,0.0050442815,0.0062446,0.0050442815
Persistence,3,14,0.83305967,0.8373402,0.8373402,0.8323826,0.0054512890055775,0.0042805076,0.0049575567,0.0042805076
Persistence,3,14,0.8295537,0.83305967,0.83305967,0.8300409,0.0054512890055775,0.0035059452,0.0030187964,0.0035059452
Persistence,3,14,0.8224115,0.8295537,0.8295537,0.8205812,0.0054512890055775,0.007142246,0.008972526,0.007142246
Persistence,3,14,0.8182114,0.8224115,0.8224115,0.81962717,0.0054512890055775,0.004200101,0.0027843118,0.004200101
Persistence,3,14,0.8232353,0.8182114,0.8182114,0.8304947,0.0054512890055775,0.0050238967,0.012283325,0.0050238967
Persistence,3,14,0.8268832,0.8232353,0.8232353,0.82889515,0.0054512890055775,0.0036479235,0.0056598783,0.0036479235
Persistence,3,14,0.8287115,0.8268832,0.8268832,0.82766837,0.0054512890055775,0.0018283129,0.000785172,0.0018283129
Persistence,3,14,0.81744623,0.8287115,0.8287115,0.80714804,0.0054512890055775,0.011265278,0.02156347,0.011265278
Persistence,3,14,0.8077257,0.81744623,0.81744623,0.80547124,0.0054512890055775,0.009720504,0.01197499,0.009720504
Persistence,3,14,0.8015311,0.8077257,0.8077257,0.804275,0.0054512890055775,0.006194651,0.0034507513,0.006194651
Persistence,3,14,0.80070364,0.8015311,0.8015311,0.8053121,0.0054512890055775,0.0008274317,0.0037810206,0.0008274317
Persistence,3,14,0.79915076,0.80070364,0.80070364,0.79936844,0.0054512890055775,0.0015528798,0.0013352036,0.0015528798
Persistence,3,14,0.79870003,0.79915076,0.79915076,0.7990799,0.0054512890055775,0.00045073032,7.086992e-05,0.00045073032
Persistence,3,14,0.79869634,0.79870003,0.79870003,0.79998136,0.0054512890055775,3.695488e-06,0.001281321,3.695488e-06
Full model,3,5,0.8715125,0.87209064,0.88004225,0.8740694,0.0054512890055775,0.00057816505,0.001978755,0.008529782
Full model,3,5,0.87167877,0.8652455,0.8715125,0.87952185,0.0054512890055775,0.0064332485,0.014276326,0.00016629696
Full model,3,5,0.8690643,0.8640355,0.87167877,0.8696272,0.0054512890055775,0.0050287843,0.0055916905,0.0026144981
Full model,3,5,0.85863227,0.86212456,0.8690643,0.8527029,0.0054512890055775,0.0034922957,0.009421647,0.010432005
Full model,3,5,0.8474971,0.8530332,0.85863227,0.84489787,0.0054512890055775,0.0055360794,0.008135319,0.011135161
Full model,3,5,0.8405724,0.8430998,0.8474971,0.8437867,0.0054512890055775,0.0025273561,0.00068694353,0.006924689
Full model,3,5,0.8428812,0.83554626,0.8405724,0.85135525,0.0054512890055775,0.0073349476,0.015809,0.002308786
Full model,3,5,0.84915835,0.8375569,0.8428812,0.85452765,0.0054512890055775,0.011601448,0.016970754,0.006277144
Full model,3,5,0.8545028,0.8440599,0.84915835,0.85522854,0.0054512890055775,0.010442913,0.011168659,0.0053444505
Full model,3,5,0.84557265,0.8490399,0.8545028,0.8355601,0.0054512890055775,0.0034672618,0.013479829,0.008930147
Full model,3,5,0.8413325,0.84038293,0.84557265,0.8416284,0.0054512890055775,0.0009495616,0.001245439,0.004240155
Full model,3,5,0.8356159,0.83594877,0.8413325,0.8357602,0.0054512890055775,0.00033289194,0.0001885891,0.005716622
Full model,3,5,0.8246508,0.8309213,0.8356159,0.82023066,0.0054512890055775,0.0062704682,0.0106906295,0.010965049
Full model,3,5,0.8176962,0.82059395,0.8246508,0.81794864,0.0054512890055775,0.0028977394,0.0026453137,0.0069546103
Full model,3,5,0.81665486,0.8135117,0.8176962,0.82139415,0.0054512890055775,0.0031431317,0.007882416,0.0010413527
Full model,3,5,0.82406414,0.81243205,0.81665486,0.8328286,0.0054512890055775,0.011632085,0.02039653,0.0074092746
Full model,3,5,0.82814854,0.81985676,0.82406414,0.82844985,0.0054512890055775,0.008291781,0.008593082,0.0040844083
Full model,3,5,0.82623696,0.82408726,0.82814854,0.821103,0.0054512890055775,0.0021497011,0.0029842854,0.0019115806
Full model,3,5,0.820994,0.82195807,0.82623696,0.81731683,0.0054512890055775,0.0009640455,0.004641235,0.0052429438
Full model,3,5,0.81501365,0.8169803,0.820994,0.8141091,0.0054512890055775,0.0019666553,0.0028712153,0.0059803724
Full model,3,5,0.8089336,0.81063086,0.81501365,0.8085135,0.0054512890055775,0.0016972423,0.0021173358,0.0060800314
Full model,3,5,0.8045314,0.80460125,0.8089336,0.8047877,0.0054512890055775,6.9856644e-05,0.00018644333,0.0044022202
Full model,3,5,0.7963531,0.79988027,0.8045314,0.7933096,0.0054512890055775,0.0035271645,0.006570637,0.008178294
Full model,3,14,0.87774605,0.8835912,0.8921293,0.8733919,0.0054512890055775,0.0058451295,0.010199249,0.014383256
Full model,3,14,0.8687297,0.87275875,0.87774605,0.8714147,0.0054512890055775,0.0040290356,0.0013440251,0.009016335
Full model,3,14,0.8620496,0.8642874,0.8687297,0.86503065,0.0054512890055775,0.0022377968,0.0007432699,0.006680131
Full model,3,14,0.857985,0.85802996,0.8620496,0.8609,0.0054512890055775,4.4941902e-05,0.0028700233,0.00406456
Full model,3,14,0.84927285,0.8542871,0.857985,0.8462889,0.0054512890055775,0.0050142407,0.0079981685,0.0087121725
Full model,3,14,0.8426481,0.8447894,0.84927285,0.84308445,0.0054512890055775,0.0021412969,0.0017049313,0.0066247582
Full model,3,14,0.84238446,0.8377697,0.8426481,0.84825546,0.0054512890055775,0.0046147704,0.010485768,0.00026363134
Full model,3,14,0.8373402,0.83719563,0.84238446,0.83613986,0.0054512890055775,0.00014454126,0.0010557771,0.0050442815
Full model,3,14,0.83305967,0.83198136,0.8373402,0.8323826,0.0054512890055775,0.0010783076,0.00040125847,0.0042805076
Full model,3,14,0.8295537,0.8276964,0.83305967,0.8300409,0.0054512890055775,0.0018573403,0.002344489,0.0035059452
Full model,3,14,0.8224115,0.82424504,0.8295537,0.8205812,0.0054512890055775,0.0018335581,0.003663838,0.007142246
Full model,3,14,0.8182114,0.8175023,0.8224115,0.81962717,0.0054512890055775,0.00070905685,0.002124846,0.004200101
Full model,3,14,0.8232353,0.8135218,0.8182114,0.8304947,0.0054512890055775,0.009713471,0.0169729,0.0050238967
Full model,3,14,0.8268832,0.8191691,0.8232353,0.82889515,0.0054512890055775,0.0077140927,0.0097260475,0.0036479235
Full model,3,14,0.8287115,0.82299393,0.8268832,0.82766837,0.0054512890055775,0.0057175756,0.0046744347,0.0018283129
Full model,3,14,0.81744623,0.8246753,0.8287115,0.80714804,0.0054512890055775,0.0072290897,0.017527282,0.011265278
Full model,3,14,0.8077257,0.81286585,0.81744623,0.80547124,0.0054512890055775,0.0051401258,0.007394612,0.009720504
Full model,3,14,0.8015311,0.80300325,0.8077257,0.804275,0.0054512890055775,0.0014721751,0.0012717247,0.006194651
Full model,3,14,0.80070364,0.79676795,0.8015311,0.8053121,0.0054512890055775,0.0039356947,0.008544147,0.0008274317
Full model,3,14,0.79915076,0.7958333,0.80070364,0.79936844,0.0054512890055775,0.0033174753,0.0035351515,0.0015528798
Full model,3,14,0.79870003,0.79439545,0.79915076,0.7990799,0.0054512890055775,0.004304588,0.0046844482,0.00045073032
Full model,3,14,0.79869634,0.79373103,0.79870003,0.79998136,0.0054512890055775,0.0049653053,0.006250322,3.695488e-06
Without quantum attention,3,5,0.8715125,0.8711525,0.88004225,0.8740694,0.0054512890055775,0.00035995245,0.0029168725,0.008529782
Without quantum attention,3,5,0.87167877,0.8637216,0.8715125,0.87952185,0.0054512890055775,0.0079571605,0.015800238,0.00016629696
Without quantum attention,3,5,0.8690643,0.8626267,0.87167877,0.8696272,0.0054512890055775,0.0064375997,0.007000506,0.0026144981
Without quantum attention,3,5,0.85863227,0.86044353,0.8690643,0.8527029,0.0054512890055775,0.001811266,0.007740617,0.010432005
Without quantum attention,3,5,0.8474971,0.84942627,0.85863227,0.84489787,0.0054512890055775,0.0019291639,0.0045284033,0.011135161
Without quantum attention,3,5,0.8405724,0.84197545,0.8474971,0.8437867,0.0054512890055775,0.0014030337,0.001811266,0.006924689
Without quantum attention,3,5,0.8428812,0.83557516,0.8405724,0.85135525,0.0054512890055775,0.0073060393,0.015780091,0.002308786
Without quantum attention,3,5,0.84915835,0.8370009,0.8428812,0.85452765,0.0054512890055775,0.01215744,0.017526746,0.006277144
Without quantum attention,3,5,0.8545028,0.84385425,0.84915835,0.85522854,0.0054512890055775,0.010648549,0.011374295,0.0053444505
Without quantum attention,3,5,0.84557265,0.84759486,0.8545028,0.8355601,0.0054512890055775,0.0020222068,0.012034774,0.008930147
Without quantum attention,3,5,0.8413325,0.840412,0.84557265,0.8416284,0.0054512890055775,0.00092047453,0.001216352,0.004240155
Without quantum attention,3,5,0.8356159,0.8356748,0.8413325,0.8357602,0.0054512890055775,5.8948994e-05,8.535385e-05,0.005716622
Without quantum attention,3,5,0.8246508,0.82830477,0.8356159,0.82023066,0.0054512890055775,0.0036539435,0.008074105,0.010965049
Without quantum attention,3,5,0.8176962,0.81834954,0.8246508,0.81794864,0.0054512890055775,0.0006533265,0.00040090084,0.0069546103
Without quantum attention,3,5,0.81665486,0.81169623,0.8176962,0.82139415,0.0054512890055775,0.0049586296,0.009697914,0.0010413527
Without quantum attention,3,5,0.82406414,0.80942297,0.81665486,0.8328286,0.0054512890055775,0.014641166,0.023405612,0.0074092746
Without quantum attention,3,5,0.82814854,0.81700885,0.82406414,0.82844985,0.0054512890055775,0.011139691,0.011440992,0.0040844083
Without quantum attention,3,5,0.82623696,0.82234675,0.82814854,0.821103,0.0054512890055775,0.0038902164,0.0012437701,0.0019115806
Without quantum attention,3,5,0.820994,0.8201656,0.82623696,0.81731683,0.0054512890055775,0.00082844496,0.0028487444,0.0052429438
Without quantum attention,3,5,0.81501365,0.81555,0.820994,0.8141091,0.0054512890055775,0.0005363822,0.0014409423,0.0059803724
Without quantum attention,3,5,0.8089336,0.80950326,0.81501365,0.8085135,0.0054512890055775,0.0005696416,0.0009897351,0.0060800314
Without quantum attention,3,5,0.8045314,0.80329317,0.8089336,0.8047877,0.0054512890055775,0.0012382269,0.0014945269,0.0044022202
Without quantum attention,3,5,0.7963531,0.79884845,0.8045314,0.7933096,0.0054512890055775,0.0024953485,0.005538821,0.008178294
Without quantum attention,3,14,0.87774605,0.88365173,0.8921293,0.8733919,0.0054512890055775,0.005905688,0.010259807,0.014383256
Without quantum attention,3,14,0.8687297,0.8704954,0.87774605,0.8714147,0.0054512890055775,0.0017656684,0.00091934204,0.009016335
Without quantum attention,3,14,0.8620496,0.8627524,0.8687297,0.86503065,0.0054512890055775,0.00070279837,0.0022782683,0.006680131
Without quantum attention,3,14,0.857985,0.85374415,0.8620496,0.8609,0.0054512890055775,0.0042408705,0.0071558356,0.00406456
Without quantum attention,3,14,0.84927285,0.8534356,0.857985,0.8462889,0.0054512890055775,0.004162729,0.0071466565,0.0087121725
Without quantum attention,3,14,0.8426481,0.8444402,0.84927285,0.84308445,0.0054512890055775,0.0017921329,0.0013557673,0.0066247582
Without quantum attention,3,14,0.84238446,0.8372152,0.8426481,0.84825546,0.0054512890055775,0.0051692724,0.01104027,0.00026363134
Without quantum attention,3,14,0.8373402,0.8368894,0.84238446,0.83613986,0.0054512890055775,0.00045078993,0.0007495284,0.0050442815
Without quantum attention,3,14,0.83305967,0.8321143,0.8373402,0.8323826,0.0054512890055775,0.00094538927,0.0002683401,0.0042805076
Without quantum attention,3,14,0.8295537,0.8276945,0.83305967,0.8300409,0.0054512890055775,0.0018592477,0.0023463964,0.0035059452
Without quantum attention,3,14,0.8224115,0.82380337,0.8295537,0.8205812,0.0054512890055775,0.0013918877,0.0032221675,0.007142246
Without quantum attention,3,14,0.8182114,0.81546813,0.8224115,0.81962717,0.0054512890055775,0.0027432442,0.0041590333,0.004200101
Without quantum attention,3,14,0.8232353,0.8117019,0.8182114,0.8304947,0.0054512890055775,0.01153338,0.018792808,0.0050238967
Without quantum attention,3,14,0.8268832,0.815421,0.8232353,0.82889515,0.0054512890055775,0.011462212,0.013474166,0.0036479235
Without quantum attention,3,14,0.8287115,0.82062525,0.8268832,0.82766837,0.0054512890055775,0.008086264,0.0070431232,0.0018283129
Without quantum attention,3,14,0.81744623,0.8216177,0.8287115,0.80714804,0.0054512890055775,0.0041714907,0.014469683,0.011265278
Without quantum attention,3,14,0.8077257,0.81251365,0.81744623,0.80547124,0.0054512890055775,0.004787922,0.007042408,0.009720504
Without quantum attention,3,14,0.8015311,0.80248064,0.8077257,0.804275,0.0054512890055775,0.0009495616,0.0017943382,0.006194651
Without quantum attention,3,14,0.80070364,0.79667956,0.8015311,0.8053121,0.0054512890055775,0.0040240884,0.008632541,0.0008274317
Without quantum attention,3,14,0.79915076,0.794944,0.80070364,0.79936844,0.0054512890055775,0.0042067766,0.004424453,0.0015528798
Without quantum attention,3,14,0.79870003,0.7935755,0.79915076,0.7990799,0.0054512890055775,0.0051245093,0.0055043697,0.00045073032
Without quantum attention,3,14,0.79869634,0.7931745,0.79870003,0.79998136,0.0054512890055775,0.005521834,0.0068068504,3.695488e-06
Without VQR,3,5,0.8715125,0.87084687,0.88004225,0.8740694,0.0054512890055775,0.00066560507,0.0032225251,0.008529782
Without VQR,3,5,0.87167877,0.86421597,0.8715125,0.87952185,0.0054512890055775,0.0074627995,0.015305877,0.00016629696
Without VQR,3,5,0.8690643,0.8644995,0.87167877,0.8696272,0.0054512890055775,0.004564762,0.0051276684,0.0026144981
Without VQR,3,5,0.85863227,0.8618258,0.8690643,0.8527029,0.0054512890055775,0.0031935573,0.009122908,0.010432005
Without VQR,3,5,0.8474971,0.85309345,0.85863227,0.84489787,0.0054512890055775,0.0055963397,0.008195579,0.011135161
Without VQR,3,5,0.8405724,0.84401274,0.8474971,0.8437867,0.0054512890055775,0.0034403205,0.00022602081,0.006924689
Without VQR,3,5,0.8428812,0.8365772,0.8405724,0.85135525,0.0054512890055775,0.0063040257,0.014778078,0.002308786
Without VQR,3,5,0.84915835,0.83828616,0.8428812,0.85452765,0.0054512890055775,0.010872185,0.01624149,0.006277144
Without VQR,3,5,0.8545028,0.8438159,0.84915835,0.85522854,0.0054512890055775,0.010686874,0.011412621,0.0053444505
Without VQR,3,5,0.84557265,0.8484898,0.8545028,0.8355601,0.0054512890055775,0.0029171705,0.012929738,0.008930147
Without VQR,3,5,0.8413325,0.8393195,0.84557265,0.8416284,0.0054512890055775,0.002012968,0.0023088455,0.004240155
Without VQR,3,5,0.8356159,0.8353791,0.8413325,0.8357602,0.0054512890055775,0.00023674965,0.0003810525,0.005716622
Without VQR,3,5,0.8246508,0.830125,0.8356159,0.82023066,0.0054512890055775,0.00547415,0.009894311,0.010965049
Without VQR,3,5,0.8176962,0.8203932,0.8246508,0.81794864,0.0054512890055775,0.002696991,0.0024445653,0.0069546103
Without VQR,3,5,0.81665486,0.8141955,0.8176962,0.82139415,0.0054512890055775,0.0024593472,0.0071986318,0.0010413527
Without VQR,3,5,0.82406414,0.813577,0.81665486,0.8328286,0.0054512890055775,0.010487139,0.019251585,0.0074092746
Without VQR,3,5,0.82814854,0.8210376,0.82406414,0.82844985,0.0054512890055775,0.0071109533,0.007412255,0.0040844083
Without VQR,3,5,0.82623696,0.82503253,0.82814854,0.821103,0.0054512890055775,0.001204431,0.0039295554,0.0019115806
Without VQR,3,5,0.820994,0.82228225,0.82623696,0.81731683,0.0054512890055775,0.0012882352,0.0049654245,0.0052429438
Without VQR,3,5,0.81501365,0.8166583,0.820994,0.8141091,0.0054512890055775,0.001644671,0.002549231,0.0059803724
Without VQR,3,5,0.8089336,0.8101784,0.81501365,0.8085135,0.0054512890055775,0.0012447834,0.0016648769,0.0060800314
Without VQR,3,5,0.8045314,0.80395347,0.8089336,0.8047877,0.0054512890055775,0.00057792664,0.0008342266,0.0044022202
Without VQR,3,5,0.7963531,0.7993639,0.8045314,0.7933096,0.0054512890055775,0.0030108094,0.006054282,0.008178294
Without VQR,3,14,0.87774605,0.8828353,0.8921293,0.8733919,0.0054512890055775,0.005089283,0.009443402,0.014383256
Without VQR,3,14,0.8687297,0.87105143,0.87774605,0.8714147,0.0054512890055775,0.0023217201,0.0003632903,0.009016335
Without VQR,3,14,0.8620496,0.8634125,0.8687297,0.86503065,0.0054512890055775,0.0013629198,0.0016181469,0.006680131
Without VQR,3,14,0.857985,0.8582155,0.8620496,0.8609,0.0054512890055775,0.00023049116,0.002684474,0.00406456
Without VQR,3,14,0.84927285,0.85533005,0.857985,0.8462889,0.0054512890055775,0.006057203,0.009041131,0.0087121725
Without VQR,3,14,0.8426481,0.84581345,0.84927285,0.84308445,0.0054512890055775,0.0031653643,0.0027289987,0.0066247582
Without VQR,3,14,0.84238446,0.83831453,0.8426481,0.84825546,0.0054512890055775,0.0040699244,0.009940922,0.00026363134
Without VQR,3,14,0.8373402,0.83697987,0.84238446,0.83613986,0.0054512890055775,0.00036031008,0.00084000826,0.0050442815
Without VQR,3,14,0.83305967,0.8313427,0.8373402,0.8323826,0.0054512890055775,0.0017169714,0.0010399222,0.0042805076
Without VQR,3,14,0.8295537,0.826902,0.83305967,0.8300409,0.0054512890055775,0.002651751,0.0031388998,0.0035059452
Without VQR,3,14,0.8224115,0.82380956,0.8295537,0.8205812,0.0054512890055775,0.0013980865,0.0032283664,0.007142246
Without VQR,3,14,0.8182114,0.81710213,0.8224115,0.81962717,0.0054512890055775,0.0011092424,0.0025250316,0.004200101
Without VQR,3,14,0.8232353,0.8139025,0.8182114,0.8304947,0.0054512890055775,0.009332776,0.016592205,0.0050238967
Without VQR,3,14,0.8268832,0.819683,0.8232353,0.82889515,0.0054512890055775,0.0072001815,0.009212136,0.0036479235
Without VQR,3,14,0.8287115,0.8237835,0.8268832,0.82766837,0.0054512890055775,0.004927993,0.003884852,0.0018283129
Without VQR,3,14,0.81744623,0.8255813,0.8287115,0.80714804,0.0054512890055775,0.00813508,0.018433273,0.011265278
Without VQR,3,14,0.8077257,0.81428707,0.81744623,0.80547124,0.0054512890055775,0.006561339,0.008815825,0.009720504
Without VQR,3,14,0.8015311,0.803789,0.8077257,0.804275,0.0054512890055775,0.0022579432,0.00048595667,0.006194651
Without VQR,3,14,0.80070364,0.7971866,0.8015311,0.8053121,0.0054512890055775,0.0035170317,0.008125484,0.0008274317
Without VQR,3,14,0.79915076,0.79596955,0.80070364,0.79936844,0.0054512890055775,0.003181219,0.0033988953,0.0015528798
Without VQR,3,14,0.79870003,0.7943977,0.79915076,0.7990799,0.0054512890055775,0.004302323,0.0046821833,0.00045073032
Without VQR,3,14,0.79869634,0.7935804,0.79870003,0.79998136,0.0054512890055775,0.0051159263,0.006400943,3.695488e-06
Without quantum attention and VQR,3,5,0.8715125,0.870435,0.88004225,0.8740694,0.0054512890055775,0.0010774732,0.0036343932,0.008529782
Without quantum attention and VQR,3,5,0.87167877,0.8638551,0.8715125,0.87952185,0.0054512890055775,0.007823646,0.015666723,0.00016629696
Without quantum attention and VQR,3,5,0.8690643,0.8609016,0.87167877,0.8696272,0.0054512890055775,0.008162677,0.008725584,0.0026144981
Without quantum attention and VQR,3,5,0.85863227,0.86131316,0.8690643,0.8527029,0.0054512890055775,0.0026808977,0.008610249,0.010432005
Without quantum attention and VQR,3,5,0.8474971,0.85160625,0.85863227,0.84489787,0.0054512890055775,0.004109144,0.0067083836,0.011135161
Without quantum attention and VQR,3,5,0.8405724,0.84179574,0.8474971,0.8437867,0.0054512890055775,0.0012233257,0.001990974,0.006924689
Without quantum attention and VQR,3,5,0.8428812,0.83524555,0.8405724,0.85135525,0.0054512890055775,0.007635653,0.016109705,0.002308786
Without quantum attention and VQR,3,5,0.84915835,0.837514,0.8428812,0.85452765,0.0054512890055775,0.011644363,0.017013669,0.006277144
Without quantum attention and VQR,3,5,0.8545028,0.8438426,0.84915835,0.85522854,0.0054512890055775,0.0106601715,0.011385918,0.0053444505
Without quantum attention and VQR,3,5,0.84557265,0.848826,0.8545028,0.8355601,0.0054512890055775,0.0032533407,0.013265908,0.008930147
Without quantum attention and VQR,3,5,0.8413325,0.84024286,0.84557265,0.8416284,0.0054512890055775,0.0010896325,0.00138551,0.004240155
Without quantum attention and VQR,3,5,0.8356159,0.8360416,0.8413325,0.8357602,0.0054512890055775,0.00042575598,0.00028145313,0.005716622
Without quantum attention and VQR,3,5,0.8246508,0.83042324,0.8356159,0.82023066,0.0054512890055775,0.005772412,0.010192573,0.010965049
Without quantum attention and VQR,3,5,0.8176962,0.8198645,0.8246508,0.81794864,0.0054512890055775,0.0021682978,0.0019158721,0.0069546103
Without quantum attention and VQR,3,5,0.81665486,0.81339926,0.8176962,0.82139415,0.0054512890055775,0.0032556057,0.00799489,0.0010413527
Without quantum attention and VQR,3,5,0.82406414,0.81213945,0.81665486,0.8328286,0.0054512890055775,0.011924684,0.02068913,0.0074092746
Without quantum attention and VQR,3,5,0.82814854,0.81957734,0.82406414,0.82844985,0.0054512890055775,0.0085712075,0.008872509,0.0040844083
Without quantum attention and VQR,3,5,0.82623696,0.8235896,0.82814854,0.821103,0.0054512890055775,0.0026473403,0.0024866462,0.0019115806
Without quantum attention and VQR,3,5,0.820994,0.8215625,0.82623696,0.81731683,0.0054512890055775,0.0005685091,0.0042456985,0.0052429438
Without quantum attention and VQR,3,5,0.81501365,0.8162451,0.820994,0.8141091,0.0054512890055775,0.001231432,0.002135992,0.0059803724
Without quantum attention and VQR,3,5,0.8089336,0.8101667,0.81501365,0.8085135,0.0054512890055775,0.0012331009,0.0016531944,0.0060800314
Without quantum attention and VQR,3,5,0.8045314,0.80406886,0.8089336,0.8047877,0.0054512890055775,0.00046253204,0.000718832,0.0044022202
Without quantum attention and VQR,3,5,0.7963531,0.7995036,0.8045314,0.7933096,0.0054512890055775,0.0031505227,0.0061939955,0.008178294
Without quantum attention and VQR,3,14,0.87774605,0.8826782,0.8921293,0.8733919,0.0054512890055775,0.004932165,0.009286284,0.014383256
Without quantum attention and VQR,3,14,0.8687297,0.8707002,0.87774605,0.8714147,0.0054512890055775,0.00197047,0.0007145405,0.009016335
Without quantum attention and VQR,3,14,0.8620496,0.8630049,0.8687297,0.86503065,0.0054512890055775,0.00095534325,0.0020257235,0.006680131
Without quantum attention and VQR,3,14,0.857985,0.85626256,0.8620496,0.8609,0.0054512890055775,0.001722455,0.00463742,0.00406456
Without quantum attention and VQR,3,14,0.84927285,0.85273874,0.857985,0.8462889,0.0054512890055775,0.003465891,0.0064498186,0.0087121725
Without quantum attention and VQR,3,14,0.8426481,0.84414566,0.84927285,0.84308445,0.0054512890055775,0.0014975667,0.0010612011,0.0066247582
Without quantum attention and VQR,3,14,0.84238446,0.83745074,0.8426481,0.84825546,0.0054512890055775,0.004933715,0.010804713,0.00026363134
Without quantum attention and VQR,3,14,0.8373402,0.8371726,0.84238446,0.83613986,0.0054512890055775,0.00016754866,0.0010327697,0.0050442815
Without quantum attention and VQR,3,14,0.83305967,0.83214945,0.8373402,0.8323826,0.0054512890055775,0.00091022253,0.00023317337,0.0042805076
Without quantum attention and VQR,3,14,0.8295537,0.8279021,0.83305967,0.8300409,0.0054512890055775,0.0016516447,0.0021387935,0.0035059452
Without quantum attention and VQR,3,14,0.8224115,0.8244406,0.8295537,0.8205812,0.0054512890055775,0.002029121,0.0038594007,0.007142246
Without quantum attention and VQR,3,14,0.8182114,0.81753594,0.8224115,0.81962717,0.0054512890055775,0.00067543983,0.002091229,0.004200101
Without quantum attention and VQR,3,14,0.8232353,0.8135179,0.8182114,0.8304947,0.0054512890055775,0.009717345,0.016976774,0.0050238967
Without quantum attention and VQR,3,14,0.8268832,0.81890553,0.8232353,0.82889515,0.0054512890055775,0.0079776645,0.009989619,0.0036479235
Without quantum attention and VQR,3,14,0.8287115,0.82273877,0.8268832,0.82766837,0.0054512890055775,0.005972743,0.004929602,0.0018283129
Without quantum attention and VQR,3,14,0.81744623,0.8244525,0.8287115,0.80714804,0.0054512890055775,0.0070062876,0.01730448,0.011265278
Without quantum attention and VQR,3,14,0.8077257,0.81303906,0.81744623,0.80547124,0.0054512890055775,0.005313337,0.007567823,0.009720504
Without quantum attention and VQR,3,14,0.8015311,0.8032739,0.8077257,0.804275,0.0054512890055775,0.0017428398,0.00100106,0.006194651
Without quantum attention and VQR,3,14,0.80070364,0.7969637,0.8015311,0.8053121,0.0054512890055775,0.003739953,0.008348405,0.0008274317
Without quantum attention and VQR,3,14,0.79915076,0.79608524,0.80070364,0.79936844,0.0054512890055775,0.0030655265,0.0032832026,0.0015528798
Without quantum attention and VQR,3,14,0.79870003,0.7944353,0.79915076,0.7990799,0.0054512890055775,0.0042647123,0.0046445727,0.00045073032
Without quantum attention and VQR,3,14,0.79869634,0.7939261,0.79870003,0.79998136,0.0054512890055775,0.0047702193,0.006055236,3.695488e-06
Classical QLSTM gates,3,5,0.8715125,0.87061554,0.88004225,0.8740694,0.0054512890055775,0.0008969307,0.0034538507,0.008529782
Classical QLSTM gates,3,5,0.87167877,0.8630952,0.8715125,0.87952185,0.0054512890055775,0.008583546,0.016426623,0.00016629696
Classical QLSTM gates,3,5,0.8690643,0.8618927,0.87167877,0.8696272,0.0054512890055775,0.0071715713,0.0077344775,0.0026144981
Classical QLSTM gates,3,5,0.85863227,0.8598927,0.8690643,0.8527029,0.0054512890055775,0.0012604594,0.0071898103,0.010432005
Classical QLSTM gates,3,5,0.8474971,0.85002387,0.85863227,0.84489787,0.0054512890055775,0.00252676,0.0051259995,0.011135161
Classical QLSTM gates,3,5,0.8405724,0.84127605,0.8474971,0.8437867,0.0054512890055775,0.00070363283,0.0025106668,0.006924689
Classical QLSTM gates,3,5,0.8428812,0.83493614,0.8405724,0.85135525,0.0054512890055775,0.007945061,0.016419113,0.002308786
Classical QLSTM gates,3,5,0.84915835,0.83723444,0.8428812,0.85452765,0.0054512890055775,0.011923909,0.017293215,0.006277144
Classical QLSTM gates,3,5,0.8545028,0.84378475,0.84915835,0.85522854,0.0054512890055775,0.010718048,0.011443794,0.0053444505
Classical QLSTM gates,3,5,0.84557265,0.84851336,0.8545028,0.8355601,0.0054512890055775,0.0029407144,0.012953281,0.008930147
Classical QLSTM gates,3,5,0.8413325,0.839865,0.84557265,0.8416284,0.0054512890055775,0.0014674664,0.0017633438,0.004240155
Classical QLSTM gates,3,5,0.8356159,0.8355899,0.8413325,0.8357602,0.0054512890055775,2.5987625e-05,0.00017029047,0.005716622
Classical QLSTM gates,3,5,0.8246508,0.82964873,0.8356159,0.82023066,0.0054512890055775,0.004997909,0.00941807,0.010965049
Classical QLSTM gates,3,5,0.8176962,0.8190766,0.8246508,0.81794864,0.0054512890055775,0.001380384,0.0011279583,0.0069546103
Classical QLSTM gates,3,5,0.81665486,0.8124206,0.8176962,0.82139415,0.0054512890055775,0.0042342544,0.008973539,0.0010413527
Classical QLSTM gates,3,5,0.82406414,0.8111661,0.81665486,0.8328286,0.0054512890055775,0.012898028,0.021662474,0.0074092746
Classical QLSTM gates,3,5,0.82814854,0.8186318,0.82406414,0.82844985,0.0054512890055775,0.009516716,0.0098180175,0.0040844083
Classical QLSTM gates,3,5,0.82623696,0.8232688,0.82814854,0.821103,0.0054512890055775,0.002968192,0.0021657944,0.0019115806
Classical QLSTM gates,3,5,0.820994,0.8212224,0.82623696,0.81731683,0.0054512890055775,0.000228405,0.0039055943,0.0052429438
Classical QLSTM gates,3,5,0.81501365,0.81634414,0.820994,0.8141091,0.0054512890055775,0.0013304949,0.002235055,0.0059803724
Classical QLSTM gates,3,5,0.8089336,0.8102011,0.81501365,0.8085135,0.0054512890055775,0.0012674928,0.0016875863,0.0060800314
Classical QLSTM gates,3,5,0.8045314,0.8041488,0.8089336,0.8047877,0.0054512890055775,0.00038260221,0.0006389022,0.0044022202
Classical QLSTM gates,3,5,0.7963531,0.7995233,0.8045314,0.7933096,0.0054512890055775,0.0031701922,0.006213665,0.008178294
Classical QLSTM gates,3,14,0.87774605,0.88225543,0.8921293,0.8733919,0.0054512890055775,0.0045093894,0.008863509,0.014383256
Classical QLSTM gates,3,14,0.8687297,0.8698133,0.87774605,0.8714147,0.0054512890055775,0.0010836124,0.001601398,0.009016335
Classical QLSTM gates,3,14,0.8620496,0.86196655,0.8687297,0.86503065,0.0054512890055775,8.302927e-05,0.003064096,0.006680131
Classical QLSTM gates,3,14,0.857985,0.8551431,0.8620496,0.8609,0.0054512890055775,0.0028419495,0.0057569146,0.00406456
Classical QLSTM gates,3,14,0.84927285,0.8525938,0.857985,0.8462889,0.0054512890055775,0.0033209324,0.00630486,0.0087121725
Classical QLSTM gates,3,14,0.8426481,0.8440171,0.84927285,0.84308445,0.0054512890055775,0.0013689995,0.0009326339,0.0066247582
Classical QLSTM gates,3,14,0.84238446,0.83728164,0.8426481,0.84825546,0.0054512890055775,0.0051028132,0.010973811,0.00026363134
Classical QLSTM gates,3,14,0.8373402,0.8369119,0.84238446,0.83613986,0.0054512890055775,0.00042825937,0.00077205896,0.0050442815
Classical QLSTM gates,3,14,0.83305967,0.8318105,0.8373402,0.8323826,0.0054512890055775,0.0012491941,0.000572145,0.0042805076
Classical QLSTM gates,3,14,0.8295537,0.8273961,0.83305967,0.8300409,0.0054512890055775,0.0021576285,0.0026447773,0.0035059452
Classical QLSTM gates,3,14,0.8224115,0.8238522,0.8295537,0.8205812,0.0054512890055775,0.0014407039,0.0032709837,0.007142246
Classical QLSTM gates,3,14,0.8182114,0.8164331,0.8224115,0.81962717,0.0054512890055775,0.0017783046,0.0031940937,0.004200101
Classical QLSTM gates,3,14,0.8232353,0.81238395,0.8182114,0.8304947,0.0054512890055775,0.010851324,0.018110752,0.0050238967
Classical QLSTM gates,3,14,0.8268832,0.81760937,0.8232353,0.82889515,0.0054512890055775,0.009273827,0.011285782,0.0036479235
Classical QLSTM gates,3,14,0.8287115,0.8216262,0.8268832,0.82766837,0.0054512890055775,0.0070853233,0.0060421824,0.0018283129
Classical QLSTM gates,3,14,0.81744623,0.82331944,0.8287115,0.80714804,0.0054512890055775,0.0058732033,0.016171396,0.011265278
Classical QLSTM gates,3,14,0.8077257,0.8125142,0.81744623,0.80547124,0.0054512890055775,0.0047884583,0.0070429444,0.009720504
Classical QLSTM gates,3,14,0.8015311,0.8027643,0.8077257,0.804275,0.0054512890055775,0.0012332201,0.0015106797,0.006194651
Classical QLSTM gates,3,14,0.80070364,0.79680556,0.8015311,0.8053121,0.0054512890055775,0.0038980842,0.0085065365,0.0008274317
Classical QLSTM gates,3,14,0.79915076,0.7955912,0.80070364,0.79936844,0.0054512890055775,0.0035595894,0.0037772655,0.0015528798
Classical QLSTM gates,3,14,0.79870003,0.79419017,0.79915076,0.7990799,0.0054512890055775,0.0045098662,0.0048897266,0.00045073032
Classical QLSTM gates,3,14,0.79869634,0.79347163,0.79870003,0.79998136,0.0054512890055775,0.0052247047,0.0065097213,3.695488e-06
Classical attention circuits,3,5,0.8715125,0.8712323,0.88004225,0.8740694,0.0054512890055775,0.00028020144,0.0028371215,0.008529782
Classical attention circuits,3,5,0.87167877,0.8649898,0.8715125,0.87952185,0.0054512890055775,0.0066889524,0.01453203,0.00016629696
Classical attention circuits,3,5,0.8690643,0.86381036,0.87167877,0.8696272,0.0054512890055775,0.005253911,0.0058168173,0.0026144981
Classical attention circuits,3,5,0.85863227,0.86193657,0.8690643,0.8527029,0.0054512890055775,0.0033043027,0.009233654,0.010432005
Classical attention circuits,3,5,0.8474971,0.8529028,0.85863227,0.84489787,0.0054512890055775,0.005405724,0.008004963,0.011135161
Classical attention circuits,3,5,0.8405724,0.842877,0.8474971,0.8437867,0.0054512890055775,0.002304554,0.0009097457,0.006924689
Classical attention circuits,3,5,0.8428812,0.8359006,0.8405724,0.85135525,0.0054512890055775,0.006980598,0.01545465,0.002308786
Classical attention circuits,3,5,0.84915835,0.8379806,0.8428812,0.85452765,0.0054512890055775,0.011177719,0.016547024,0.006277144
Classical attention circuits,3,5,0.8545028,0.84424585,0.84915835,0.85522854,0.0054512890055775,0.010256946,0.010982692,0.0053444505
Classical attention circuits,3,5,0.84557265,0.8491193,0.8545028,0.8355601,0.0054512890055775,0.0035466552,0.013559222,0.008930147
Classical attention circuits,3,5,0.8413325,0.8400949,0.84557265,0.8416284,0.0054512890055775,0.0012375712,0.0015334487,0.004240155
Classical attention circuits,3,5,0.8356159,0.83594066,0.8413325,0.8357602,0.0054512890055775,0.0003247857,0.00018048286,0.005716622
Classical attention circuits,3,5,0.8246508,0.8309657,0.8356159,0.82023066,0.0054512890055775,0.0063148737,0.010735035,0.010965049
Classical attention circuits,3,5,0.8176962,0.8208511,0.8246508,0.81794864,0.0054512890055775,0.0031548738,0.0029024482,0.0069546103
Classical attention circuits,3,5,0.81665486,0.81398314,0.8176962,0.82139415,0.0054512890055775,0.0026717186,0.007411003,0.0010413527
Classical attention circuits,3,5,0.82406414,0.8130066,0.81665486,0.8328286,0.0054512890055775,0.011057556,0.019822001,0.0074092746
Classical attention circuits,3,5,0.82814854,0.820322,0.82406414,0.82844985,0.0054512890055775,0.007826567,0.008127868,0.0040844083
Classical attention circuits,3,5,0.82623696,0.82420796,0.82814854,0.821103,0.0054512890055775,0.0020290017,0.0031049848,0.0019115806
Classical attention circuits,3,5,0.820994,0.82196426,0.82623696,0.81731683,0.0054512890055775,0.0009702444,0.0046474338,0.0052429438
Classical attention circuits,3,5,0.81501365,0.8166482,0.820994,0.8141091,0.0054512890055775,0.0016345382,0.0025390983,0.0059803724
Classical attention circuits,3,5,0.8089336,0.81042963,0.81501365,0.8085135,0.0054512890055775,0.001496017,0.0019161105,0.0060800314
Classical attention circuits,3,5,0.8045314,0.8043005,0.8089336,0.8047877,0.0054512890055775,0.0002309084,0.00048720837,0.0044022202
Classical attention circuits,3,5,0.7963531,0.80002904,0.8045314,0.7933096,0.0054512890055775,0.0036759377,0.0067194104,0.008178294
Classical attention circuits,3,14,0.87774605,0.88303906,0.8921293,0.8733919,0.0054512890055775,0.0052930117,0.009647131,0.014383256
Classical attention circuits,3,14,0.8687297,0.8715468,0.87774605,0.8714147,0.0054512890055775,0.0028170943,0.0001320839,0.009016335
Classical attention circuits,3,14,0.8620496,0.8635745,0.8687297,0.86503065,0.0054512890055775,0.0015249252,0.0014561415,0.006680131
Classical attention circuits,3,14,0.857985,0.85778654,0.8620496,0.8609,0.0054512890055775,0.00019848347,0.0031134486,0.00406456
Classical attention circuits,3,14,0.84927285,0.8540606,0.857985,0.8462889,0.0054512890055775,0.004787743,0.007771671,0.0087121725
Classical attention circuits,3,14,0.8426481,0.8450691,0.84927285,0.84308445,0.0054512890055775,0.0024210215,0.0019846559,0.0066247582
Classical attention circuits,3,14,0.84238446,0.83808154,0.8426481,0.84825546,0.0054512890055775,0.004302919,0.010173917,0.00026363134
Classical attention circuits,3,14,0.8373402,0.8374312,0.84238446,0.83613986,0.0054512890055775,9.101629e-05,0.0012913346,0.0050442815
Classical attention circuits,3,14,0.83305967,0.83210605,0.8373402,0.8323826,0.0054512890055775,0.0009536147,0.00027656555,0.0042805076
Classical attention circuits,3,14,0.8295537,0.8277468,0.83305967,0.8300409,0.0054512890055775,0.0018069148,0.0022940636,0.0035059452
Classical attention circuits,3,14,0.8224115,0.8243989,0.8295537,0.8205812,0.0054512890055775,0.0019873977,0.0038176775,0.007142246
Classical attention circuits,3,14,0.8182114,0.8178459,0.8224115,0.81962717,0.0054512890055775,0.00036549568,0.0017812848,0.004200101
Classical attention circuits,3,14,0.8232353,0.8141598,0.8182114,0.8304947,0.0054512890055775,0.009075463,0.016334891,0.0050238967
Classical attention circuits,3,14,0.8268832,0.8195646,0.8232353,0.82889515,0.0054512890055775,0.007318616,0.009330571,0.0036479235
Classical attention circuits,3,14,0.8287115,0.8232161,0.8268832,0.82766837,0.0054512890055775,0.005495429,0.004452288,0.0018283129
Classical attention circuits,3,14,0.81744623,0.82492125,0.8287115,0.80714804,0.0054512890055775,0.0074750185,0.017773211,0.011265278
Classical attention circuits,3,14,0.8077257,0.81321806,0.81744623,0.80547124,0.0054512890055775,0.0054923296,0.0077468157,0.009720504
Classical attention circuits,3,14,0.8015311,0.8033499,0.8077257,0.804275,0.0054512890055775,0.0018188357,0.0009250641,0.006194651
Classical attention circuits,3,14,0.80070364,0.79705536,0.8015311,0.8053121,0.0054512890055775,0.003648281,0.008256733,0.0008274317
Classical attention circuits,3,14,0.79915076,0.7960508,0.80070364,0.79936844,0.0054512890055775,0.003099978,0.0033176541,0.0015528798
Classical attention circuits,3,14,0.79870003,0.7944557,0.79915076,0.7990799,0.0054512890055775,0.0042443275,0.004624188,0.00045073032
Classical attention circuits,3,14,0.79869634,0.79407674,0.79870003,0.79998136,0.0054512890055775,0.0046195984,0.005904615,3.695488e-06
Classical VQR circuit,3,5,0.8715125,0.8708575,0.88004225,0.8740694,0.0054512890055775,0.00065499544,0.0032119155,0.008529782
Classical VQR circuit,3,5,0.87167877,0.8644477,0.8715125,0.87952185,0.0054512890055775,0.0072310567,0.015074134,0.00016629696
Classical VQR circuit,3,5,0.8690643,0.8636349,0.87167877,0.8696272,0.0054512890055775,0.005429387,0.0059922934,0.0026144981
Classical VQR circuit,3,5,0.85863227,0.86126876,0.8690643,0.8527029,0.0054512890055775,0.0026364923,0.008565843,0.010432005
Classical VQR circuit,3,5,0.8474971,0.85340065,0.85863227,0.84489787,0.0054512890055775,0.005903542,0.008502781,0.011135161
Classical VQR circuit,3,5,0.8405724,0.8447652,0.8474971,0.8437867,0.0054512890055775,0.0041927695,0.0009784698,0.006924689
Classical VQR circuit,3,5,0.8428812,0.8370435,0.8405724,0.85135525,0.0054512890055775,0.005837679,0.014311731,0.002308786
Classical VQR circuit,3,5,0.84915835,0.83825713,0.8428812,0.85452765,0.0054512890055775,0.010901213,0.016270518,0.006277144
Classical VQR circuit,3,5,0.8545028,0.8436456,0.84915835,0.85522854,0.0054512890055775,0.010857224,0.011582971,0.0053444505
Classical VQR circuit,3,5,0.84557265,0.8482125,0.8545028,0.8355601,0.0054512890055775,0.00263983,0.012652397,0.008930147
Classical VQR circuit,3,5,0.8413325,0.8393339,0.84557265,0.8416284,0.0054512890055775,0.0019986033,0.0022944808,0.004240155
Classical VQR circuit,3,5,0.8356159,0.8353709,0.8413325,0.8357602,0.0054512890055775,0.0002449751,0.00038927794,0.005716622
Classical VQR circuit,3,5,0.8246508,0.8302242,0.8356159,0.82023066,0.0054512890055775,0.005573392,0.009993553,0.010965049
Classical VQR circuit,3,5,0.8176962,0.8205318,0.8246508,0.81794864,0.0054512890055775,0.0028355718,0.002583146,0.0069546103
Classical VQR circuit,3,5,0.81665486,0.814215,0.8176962,0.82139415,0.0054512890055775,0.0024398565,0.007179141,0.0010413527
Classical VQR circuit,3,5,0.82406414,0.8135687,0.81665486,0.8328286,0.0054512890055775,0.010495424,0.01925987,0.0074092746
Classical VQR circuit,3,5,0.82814854,0.8209355,0.82406414,0.82844985,0.0054512890055775,0.007213056,0.0075143576,0.0040844083
Classical VQR circuit,3,5,0.82623696,0.824802,0.82814854,0.821103,0.0054512890055775,0.0014349818,0.0036990047,0.0019115806
Classical VQR circuit,3,5,0.820994,0.8221931,0.82623696,0.81731683,0.0054512890055775,0.0011990666,0.004876256,0.0052429438
Classical VQR circuit,3,5,0.81501365,0.8165969,0.820994,0.8141091,0.0054512890055775,0.0015832782,0.0024878383,0.0059803724
Classical VQR circuit,3,5,0.8089336,0.8103325,0.81501365,0.8085135,0.0054512890055775,0.0013988614,0.001818955,0.0060800314
Classical VQR circuit,3,5,0.8045314,0.8041924,0.8089336,0.8047877,0.0054512890055775,0.00033897161,0.0005952716,0.0044022202
Classical VQR circuit,3,5,0.7963531,0.7998143,0.8045314,0.7933096,0.0054512890055775,0.0034611821,0.006504655,0.008178294
Classical VQR circuit,3,14,0.87774605,0.8826256,0.8921293,0.8733919,0.0054512890055775,0.0048795342,0.009233654,0.014383256
Classical VQR circuit,3,14,0.8687297,0.87220263,0.87774605,0.8714147,0.0054512890055775,0.0034729242,0.0007879138,0.009016335
Classical VQR circuit,3,14,0.8620496,0.86415756,0.8687297,0.86503065,0.0054512890055775,0.0021079779,0.00087308884,0.006680131
Classical VQR circuit,3,14,0.857985,0.85901797,0.8620496,0.8609,0.0054512890055775,0.0010329485,0.0018820167,0.00406456
Classical VQR circuit,3,14,0.84927285,0.8557672,0.857985,0.8462889,0.0054512890055775,0.0064943433,0.009478271,0.0087121725
Classical VQR circuit,3,14,0.8426481,0.8458566,0.84927285,0.84308445,0.0054512890055775,0.003208518,0.0027721524,0.0066247582
Classical VQR circuit,3,14,0.84238446,0.8380777,0.8426481,0.84825546,0.0054512890055775,0.0043067336,0.0101777315,0.00026363134
Classical VQR circuit,3,14,0.8373402,0.836772,0.84238446,0.83613986,0.0054512890055775,0.0005681515,0.00063216686,0.0050442815
Classical VQR circuit,3,14,0.83305967,0.8313418,0.8373402,0.8323826,0.0054512890055775,0.0017178655,0.0010408163,0.0042805076
Classical VQR circuit,3,14,0.8295537,0.8270946,0.83305967,0.8300409,0.0054512890055775,0.0024591088,0.0029462576,0.0035059452
Classical VQR circuit,3,14,0.8224115,0.82398856,0.8295537,0.8205812,0.0054512890055775,0.0015770793,0.0034073591,0.007142246
Classical VQR circuit,3,14,0.8182114,0.81735194,0.8224115,0.81962717,0.0054512890055775,0.0008594394,0.0022752285,0.004200101
Classical VQR circuit,3,14,0.8232353,0.81408846,0.8182114,0.8304947,0.0054512890055775,0.00914681,0.016406238,0.0050238967
Classical VQR circuit,3,14,0.8268832,0.819571,0.8232353,0.82889515,0.0054512890055775,0.0073121786,0.009324133,0.0036479235
Classical VQR circuit,3,14,0.8287115,0.8237805,0.8268832,0.82766837,0.0054512890055775,0.0049310327,0.0038878918,0.0018283129
Classical VQR circuit,3,14,0.81744623,0.8254409,0.8287115,0.80714804,0.0054512890055775,0.007994652,0.018292844,0.011265278
Classical VQR circuit,3,14,0.8077257,0.8141379,0.81744623,0.80547124,0.0054512890055775,0.0064121485,0.008666635,0.009720504
Classical VQR circuit,3,14,0.8015311,0.80379266,0.8077257,0.804275,0.0054512890055775,0.002261579,0.0004823208,0.006194651
Classical VQR circuit,3,14,0.80070364,0.79730004,0.8015311,0.8053121,0.0054512890055775,0.003403604,0.008012056,0.0008274317
Classical VQR circuit,3,14,0.79915076,0.79624987,0.80070364,0.79936844,0.0054512890055775,0.0029008985,0.0031185746,0.0015528798
Classical VQR circuit,3,14,0.79870003,0.79464513,0.79915076,0.7990799,0.0054512890055775,0.004054904,0.0044347644,0.00045073032
Classical VQR circuit,3,14,0.79869634,0.79414356,0.79870003,0.79998136,0.0054512890055775,0.0045527816,0.005837798,3.695488e-06
All circuits classical,3,5,0.8715125,0.8733027,0.88004225,0.8740694,0.0054512890055775,0.0017902255,0.00076669455,0.008529782
All circuits classical,3,5,0.87167877,0.86457634,0.8715125,0.87952185,0.0054512890055775,0.00710243,0.014945507,0.00016629696
All circuits classical,3,5,0.8690643,0.8668382,0.87167877,0.8696272,0.0054512890055775,0.0022260547,0.002788961,0.0026144981
All circuits classical,3,5,0.85863227,0.8622969,0.8690643,0.8527029,0.0054512890055775,0.0036646128,0.009593964,0.010432005
All circuits classical,3,5,0.8474971,0.85160774,0.85863227,0.84489787,0.0054512890055775,0.0041106343,0.0067098737,0.011135161
All circuits classical,3,5,0.8405724,0.84098357,0.8474971,0.8437867,0.0054512890055775,0.00041115284,0.0028031468,0.006924689
All circuits classical,3,5,0.8428812,0.8351315,0.8405724,0.85135525,0.0054512890055775,0.0077496767,0.016223729,0.002308786
All circuits classical,3,5,0.84915835,0.8379148,0.8428812,0.85452765,0.0054512890055775,0.011243522,0.016612828,0.006277144
All circuits classical,3,5,0.8545028,0.8440026,0.84915835,0.85522854,0.0054512890055775,0.010500193,0.011225939,0.0053444505
All circuits classical,3,5,0.84557265,0.84912324,0.8545028,0.8355601,0.0054512890055775,0.003550589,0.013563156,0.008930147
All circuits classical,3,5,0.8413325,0.8399096,0.84557265,0.8416284,0.0054512890055775,0.0014228821,0.0017187595,0.004240155
All circuits classical,3,5,0.8356159,0.83568555,0.8413325,0.8357602,0.0054512890055775,6.967783e-05,7.4625015e-05,0.005716622
All circuits classical,3,5,0.8246508,0.8296973,0.8356159,0.82023066,0.0054512890055775,0.005046487,0.009466648,0.010965049
All circuits classical,3,5,0.8176962,0.81861335,0.8246508,0.81794864,0.0054512890055775,0.00091713667,0.000664711,0.0069546103
All circuits classical,3,5,0.81665486,0.81189305,0.8176962,0.82139415,0.0054512890055775,0.004761815,0.0095011,0.0010413527
All circuits classical,3,5,0.82406414,0.81124336,0.81665486,0.8328286,0.0054512890055775,0.01282078,0.021585226,0.0074092746
All circuits classical,3,5,0.82814854,0.81878436,0.82406414,0.82844985,0.0054512890055775,0.009364188,0.009665489,0.0040844083
All circuits classical,3,5,0.82623696,0.8232402,0.82814854,0.821103,0.0054512890055775,0.0029967427,0.0021372437,0.0019115806
All circuits classical,3,5,0.820994,0.82138056,0.82623696,0.81731683,0.0054512890055775,0.00038653612,0.0040637255,0.0052429438
All circuits classical,3,5,0.81501365,0.8162442,0.820994,0.8141091,0.0054512890055775,0.0012305379,0.002135098,0.0059803724
All circuits classical,3,5,0.8089336,0.81042004,0.81501365,0.8085135,0.0054512890055775,0.0014864206,0.0019065142,0.0060800314
All circuits classical,3,5,0.8045314,0.8044775,0.8089336,0.8047877,0.0054512890055775,5.38826e-05,0.00031018257,0.0044022202
All circuits classical,3,5,0.7963531,0.80007464,0.8045314,0.7933096,0.0054512890055775,0.0037215352,0.006765008,0.008178294
All circuits classical,3,14,0.87774605,0.8852793,0.8921293,0.8733919,0.0054512890055775,0.0075332522,0.011887372,0.014383256
All circuits classical,3,14,0.8687297,0.8705622,0.87774605,0.8714147,0.0054512890055775,0.0018324852,0.00085252523,0.009016335
All circuits classical,3,14,0.8620496,0.8626079,0.8687297,0.86503065,0.0054512890055775,0.0005583167,0.00242275,0.006680131
All circuits classical,3,14,0.857985,0.8558752,0.8620496,0.8609,0.0054512890055775,0.0021098256,0.0050247908,0.00406456
All circuits classical,3,14,0.84927285,0.8520614,0.857985,0.8462889,0.0054512890055775,0.0027885437,0.0057724714,0.0087121725
All circuits classical,3,14,0.8426481,0.8439093,0.84927285,0.84308445,0.0054512890055775,0.0012612343,0.0008248687,0.0066247582
All circuits classical,3,14,0.84238446,0.8376323,0.8426481,0.84825546,0.0054512890055775,0.004752159,0.010623157,0.00026363134
All circuits classical,3,14,0.8373402,0.8372153,0.84238446,0.83613986,0.0054512890055775,0.00012487173,0.0010754466,0.0050442815
All circuits classical,3,14,0.83305967,0.8319944,0.8373402,0.8323826,0.0054512890055775,0.0010652542,0.00038820505,0.0042805076
All circuits classical,3,14,0.8295537,0.827603,0.83305967,0.8300409,0.0054512890055775,0.0019507408,0.0024378896,0.0035059452
All circuits classical,3,14,0.8224115,0.8240902,0.8295537,0.8205812,0.0054512890055775,0.0016787052,0.003508985,0.007142246
All circuits classical,3,14,0.8182114,0.8166462,0.8224115,0.81962717,0.0054512890055775,0.0015651584,0.0029809475,0.004200101
All circuits classical,3,14,0.8232353,0.8123033,0.8182114,0.8304947,0.0054512890055775,0.010931969,0.018191397,0.0050238967
All circuits classical,3,14,0.8268832,0.81742907,0.8232353,0.82889515,0.0054512890055775,0.009454131,0.011466086,0.0036479235
All circuits classical,3,14,0.8287115,0.82119316,0.8268832,0.82766837,0.0054512890055775,0.007518351,0.00647521,0.0018283129
All circuits classical,3,14,0.81744623,0.823229,0.8287115,0.80714804,0.0054512890055775,0.005782783,0.016080976,0.011265278
All circuits classical,3,14,0.8077257,0.81268317,0.81744623,0.80547124,0.0054512890055775,0.0049574375,0.0072119236,0.009720504
All circuits classical,3,14,0.8015311,0.8031215,0.8077257,0.804275,0.0054512890055775,0.0015904307,0.0011534691,0.006194651
All circuits classical,3,14,0.80070364,0.79718626,0.8015311,0.8053121,0.0054512890055775,0.0035173893,0.008125842,0.0008274317
All circuits classical,3,14,0.79915076,0.7964316,0.80070364,0.79936844,0.0054512890055775,0.002719164,0.00293684,0.0015528798
All circuits classical,3,14,0.79870003,0.7950183,0.79915076,0.7990799,0.0054512890055775,0.0036817193,0.0040615797,0.00045073032
All circuits classical,3,14,0.79869634,0.7943541,0.79870003,0.79998136,0.0054512890055775,0.004342258,0.0056272745,3.695488e-06
Persistence,4,1,0.8989041,0.90255606,0.90255606,0.90152186,0.0056677684187889,0.0036519766,0.0010342002,0.0036519766
Persistence,4,1,0.89001435,0.8989041,0.8989041,0.8875078,0.0056677684187889,0.008889735,0.011396289,0.008889735
Persistence,4,1,0.87938654,0.89001435,0.89001435,0.87623525,0.0056677684187889,0.010627806,0.013779104,0.010627806
Persistence,4,1,0.8669862,0.87938654,0.87938654,0.8647164,0.0056677684187889,0.012400329,0.014670134,0.012400329
Persistence,4,1,0.8558226,0.8669862,0.8669862,0.8563263,0.0056677684187889,0.011163592,0.010659933,0.011163592
Persistence,4,1,0.84877163,0.8558226,0.8558226,0.851942,0.0056677684187889,0.007050991,0.00388062,0.007050991
Persistence,4,1,0.84787625,0.84877163,0.84877163,0.85325265,0.0056677684187889,0.000895381,0.0044810176,0.000895381
Persistence,4,1,0.84779346,0.84787625,0.84787625,0.85035527,0.0056677684187889,8.279085e-05,0.0024790168,8.279085e-05
Persistence,4,1,0.8471325,0.84779346,0.84779346,0.8476322,0.0056677684187889,0.0006609559,0.00016123056,0.0006609559
Persistence,4,1,0.84348625,0.8471325,0.8471325,0.84171885,0.0056677684187889,0.0036462545,0.0054136515,0.0036462545
Persistence,4,1,0.83930993,0.84348625,0.84348625,0.8386773,0.0056677684187889,0.0041763186,0.0048089623,0.0041763186
Persistence,4,1,0.8363824,0.83930993,0.83930993,0.837412,0.0056677684187889,0.0029275417,0.0018979311,0.0029275417
Persistence,4,1,0.83529115,0.8363824,0.8363824,0.8369826,0.0056677684187889,0.0010912418,0.0006002188,0.0010912418
Persistence,4,1,0.8298793,0.83529115,0.83529115,0.8270432,0.0056677684187889,0.0054118633,0.008247972,0.0054118633
Persistence,4,1,0.8259066,0.8298793,0.8298793,0.82566714,0.0056677684187889,0.003972709,0.004212141,0.003972709
Persistence,4,1,0.8247921,0.8259066,0.8259066,0.82726884,0.0056677684187889,0.0011144876,0.0013622642,0.0011144876
Persistence,4,1,0.81717896,0.8247921,0.8247921,0.8133968,0.0056677684187889,0.0076131225,0.011395276,0.0076131225
Persistence,4,1,0.81082004,0.81717896,0.81717896,0.8097343,0.0056677684187889,0.0063589215,0.0074446797,0.0063589215
Persistence,4,1,0.80628186,0.81082004,0.81082004,0.8073882,0.0056677684187889,0.0045381784,0.0034318566,0.0045381784
Persistence,4,1,0.8034765,0.80628186,0.80628186,0.8055926,0.0056677684187889,0.0028053522,0.0006892681,0.0028053522
Persistence,4,1,0.8013143,0.8034765,0.8034765,0.80232096,0.0056677684187889,0.002162218,0.0011555552,0.002162218
Persistence,4,1,0.79567486,0.8013143,0.8013143,0.79296273,0.0056677684187889,0.005639434,0.008351564,0.005639434
Persistence,4,1,0.78961426,0.79567486,0.79567486,0.78846586,0.0056677684187889,0.0060606003,0.007209003,0.0060606003
Persistence,4,18,0.8602412,0.86538845,0.86538845,0.86617476,0.0056677684187889,0.0051472783,0.0007863045,0.0051472783
Persistence,4,18,0.8547906,0.8602412,0.8602412,0.8572052,0.0056677684187889,0.0054505467,0.0030359626,0.0054505467
Persistence,4,18,0.8503286,0.8547906,0.8547906,0.85067445,0.0056677684187889,0.0044620037,0.0041161776,0.0044620037
Persistence,4,18,0.8481276,0.8503286,0.8503286,0.8502848,0.0056677684187889,0.0022010207,4.3809414e-05,0.0022010207
Persistence,4,18,0.8426855,0.8481276,0.8481276,0.8421969,0.0056677684187889,0.005442083,0.0059307218,0.005442083
Persistence,4,18,0.8442718,0.8426855,0.8426855,0.8492865,0.0056677684187889,0.0015862584,0.006600976,0.0015862584
Persistence,4,18,0.84443516,0.8442718,0.8442718,0.8452745,0.0056677684187889,0.00016337633,0.0010027289,0.00016337633
Persistence,4,18,0.84160876,0.84443516,0.84443516,0.8395689,0.0056677684187889,0.0028263927,0.0048662424,0.0028263927
Persistence,4,18,0.83503157,0.84160876,0.84160876,0.8315261,0.0056677684187889,0.0065771937,0.010082662,0.0065771937
Persistence,4,18,0.82699,0.83503157,0.83503157,0.8248416,0.0056677684187889,0.008041561,0.0101899505,0.008041561
Persistence,4,18,0.8176627,0.82699,0.82699,0.8162286,0.0056677684187889,0.009327292,0.01076138,0.009327292
Persistence,4,18,0.8105405,0.8176627,0.8176627,0.81128544,0.0056677684187889,0.0071222186,0.0063772798,0.0071222186
Persistence,4,18,0.81091374,0.8105405,0.8105405,0.8165611,0.0056677684187889,0.0003732443,0.0060206056,0.0003732443
Persistence,4,18,0.80017036,0.81091374,0.81091374,0.7939301,0.0056677684187889,0.01074338,0.016983628,0.01074338
Persistence,4,18,0.7893346,0.80017036,0.80017036,0.78623885,0.0056677684187889,0.010835767,0.013931513,0.010835767
Persistence,4,18,0.78920835,0.7893346,0.7893346,0.79670143,0.0056677684187889,0.00012624264,0.007366836,0.00012624264
Persistence,4,18,0.7873986,0.78920835,0.78920835,0.78979886,0.0056677684187889,0.0018097758,0.0005905032,0.0018097758
Persistence,4,18,0.78892237,0.7873986,0.7873986,0.7913971,0.0056677684187889,0.0015237927,0.003998518,0.0015237927
Persistence,4,18,0.7872681,0.78892237,0.78892237,0.78523386,0.0056677684187889,0.0016542673,0.0036885142,0.0016542673
Persistence,4,18,0.7767956,0.7872681,0.7872681,0.7701117,0.0056677684187889,0.0104724765,0.017156422,0.0104724765
Persistence,4,18,0.76847684,0.7767956,0.7767956,0.7681226,0.0056677684187889,0.008318782,0.008673012,0.008318782
Persistence,4,18,0.76000047,0.76847684,0.76847684,0.75985795,0.0056677684187889,0.0084763765,0.008618891,0.0084763765
Persistence,4,18,0.75315213,0.76000047,0.76000047,0.7539911,0.0056677684187889,0.0068483353,0.0060093403,0.0068483353
Full model,4,1,0.8989041,0.8929872,0.90255606,0.90152186,0.0056677684187889,0.0059168935,0.00853467,0.0036519766
Full model,4,1,0.89001435,0.8895332,0.8989041,0.8875078,0.0056677684187889,0.0004811287,0.0020254254,0.008889735
Full model,4,1,0.87938654,0.88120854,0.89001435,0.87623525,0.0056677684187889,0.0018219948,0.0049732924,0.010627806
Full model,4,1,0.8669862,0.8723094,0.87938654,0.8647164,0.0056677684187889,0.0053231716,0.007592976,0.012400329
Full model,4,1,0.8558226,0.8617194,0.8669862,0.8563263,0.0056677684187889,0.0058968067,0.0053931475,0.011163592
Full model,4,1,0.84877163,0.85124886,0.8558226,0.851942,0.0056677684187889,0.0024772286,0.0006931424,0.007050991
Full model,4,1,0.84787625,0.8440659,0.84877163,0.85325265,0.0056677684187889,0.0038103461,0.009186745,0.000895381
Full model,4,1,0.84779346,0.8435145,0.84787625,0.85035527,0.0056677684187889,0.004278958,0.0068407655,8.279085e-05
Full model,4,1,0.8471325,0.843274,0.84779346,0.8476322,0.0056677684187889,0.0038585067,0.004358232,0.0006609559
Full model,4,1,0.84348625,0.8425535,0.8471325,0.84171885,0.0056677684187889,0.0009327531,0.00083464384,0.0036462545
Full model,4,1,0.83930993,0.83823985,0.84348625,0.8386773,0.0056677684187889,0.0010700822,0.0004374385,0.0041763186
Full model,4,1,0.8363824,0.8344291,0.83930993,0.837412,0.0056677684187889,0.0019533038,0.0029829144,0.0029275417
Full model,4,1,0.83529115,0.83184224,0.8363824,0.8369826,0.0056677684187889,0.0034489036,0.005140364,0.0010912418
Full model,4,1,0.8298793,0.83108896,0.83529115,0.8270432,0.0056677684187889,0.0012096763,0.0040457845,0.0054118633
Full model,4,1,0.8259066,0.8262674,0.8298793,0.82566714,0.0056677684187889,0.00036084652,0.0006002784,0.003972709
Full model,4,1,0.8247921,0.8224332,0.8259066,0.82726884,0.0056677684187889,0.0023589134,0.004835665,0.0011144876
Full model,4,1,0.81717896,0.821494,0.8247921,0.8133968,0.0056677684187889,0.0043150187,0.008097172,0.0076131225
Full model,4,1,0.81082004,0.8137305,0.81717896,0.8097343,0.0056677684187889,0.0029104352,0.0039961934,0.0063589215
Full model,4,1,0.80628186,0.80707103,0.81082004,0.8073882,0.0056677684187889,0.0007891655,0.00031715631,0.0045381784
Full model,4,1,0.8034765,0.8026312,0.80628186,0.8055926,0.0056677684187889,0.0008453131,0.0029613972,0.0028053522
Full model,4,1,0.8013143,0.7998451,0.8034765,0.80232096,0.0056677684187889,0.0014691949,0.0024758577,0.002162218
Full model,4,1,0.79567486,0.79773504,0.8013143,0.79296273,0.0056677684187889,0.002060175,0.0047723055,0.005639434
Full model,4,1,0.78961426,0.7922513,0.79567486,0.78846586,0.0056677684187889,0.0026370287,0.0037854314,0.0060606003
Full model,4,18,0.8602412,0.8601355,0.86538845,0.86617476,0.0056677684187889,0.000105679035,0.006039262,0.0051472783
Full model,4,18,0.8547906,0.85601693,0.8602412,0.8572052,0.0056677684187889,0.001226306,0.0011882782,0.0054505467
Full model,4,18,0.8503286,0.85131806,0.8547906,0.85067445,0.0056677684187889,0.0009894371,0.00064361095,0.0044620037
Full model,4,18,0.8481276,0.847286,0.8503286,0.8502848,0.0056677684187889,0.0008416176,0.002998829,0.0022010207
Full model,4,18,0.8426855,0.8451671,0.8481276,0.8421969,0.0056677684187889,0.0024815798,0.0029702187,0.005442083
Full model,4,18,0.8442718,0.8394419,0.8426855,0.8492865,0.0056677684187889,0.0048298836,0.009844601,0.0015862584
Full model,4,18,0.84443516,0.8406456,0.8442718,0.8452745,0.0056677684187889,0.003789544,0.0046288967,0.00016337633
Full model,4,18,0.84160876,0.8407301,0.84443516,0.8395689,0.0056677684187889,0.0008786917,0.0011611581,0.0028263927
Full model,4,18,0.83503157,0.83756524,0.84160876,0.8315261,0.0056677684187889,0.0025336742,0.0060391426,0.0065771937
Full model,4,18,0.82699,0.8311113,0.83503157,0.8248416,0.0056677684187889,0.0041213036,0.0062696934,0.008041561
Full model,4,18,0.8176627,0.82285434,0.82699,0.8162286,0.0056677684187889,0.005191624,0.006625712,0.009327292
Full model,4,18,0.8105405,0.8136776,0.8176627,0.81128544,0.0056677684187889,0.0031371117,0.0023921728,0.0071222186
Full model,4,18,0.81091374,0.8069435,0.8105405,0.8165611,0.0056677684187889,0.0039702654,0.009617627,0.0003732443
Full model,4,18,0.80017036,0.80753267,0.81091374,0.7939301,0.0056677684187889,0.007362306,0.013602555,0.01074338
Full model,4,18,0.7893346,0.79715955,0.80017036,0.78623885,0.0056677684187889,0.007824957,0.010920703,0.010835767
Full model,4,18,0.78920835,0.7864822,0.7893346,0.79670143,0.0056677684187889,0.0027261376,0.010219216,0.00012624264
Full model,4,18,0.7873986,0.78649896,0.78920835,0.78979886,0.0056677684187889,0.0008996129,0.003299892,0.0018097758
Full model,4,18,0.78892237,0.78441465,0.7873986,0.7913971,0.0056677684187889,0.0045077205,0.0069824457,0.0015237927
Full model,4,18,0.7872681,0.78575885,0.78892237,0.78523386,0.0056677684187889,0.0015092492,0.0005249977,0.0016542673
Full model,4,18,0.7767956,0.78409296,0.7872681,0.7701117,0.0056677684187889,0.007297337,0.013981283,0.0104724765
Full model,4,18,0.76847684,0.773696,0.7767956,0.7681226,0.0056677684187889,0.0052191615,0.005573392,0.008318782
Full model,4,18,0.76000047,0.7653583,0.76847684,0.75985795,0.0056677684187889,0.0053578615,0.005500376,0.0084763765
Full model,4,18,0.75315213,0.75708777,0.76000047,0.7539911,0.0056677684187889,0.003935635,0.00309664,0.0068483353
Without quantum attention,4,1,0.8989041,0.8930753,0.90255606,0.90152186,0.0056677684187889,0.005828798,0.008446574,0.0036519766
Without quantum attention,4,1,0.89001435,0.8887386,0.8989041,0.8875078,0.0056677684187889,0.0012757778,0.0012307763,0.008889735
Without quantum attention,4,1,0.87938654,0.8800889,0.89001435,0.87623525,0.0056677684187889,0.00070238113,0.0038536787,0.010627806
Without quantum attention,4,1,0.8669862,0.87293285,0.87938654,0.8647164,0.0056677684187889,0.005946636,0.008216441,0.012400329
Without quantum attention,4,1,0.8558226,0.8632983,0.8669862,0.8563263,0.0056677684187889,0.007475674,0.006972015,0.011163592
Without quantum attention,4,1,0.84877163,0.85341305,0.8558226,0.851942,0.0056677684187889,0.0046414137,0.0014710426,0.007050991
Without quantum attention,4,1,0.84787625,0.8450118,0.84877163,0.85325265,0.0056677684187889,0.00286448,0.008240879,0.000895381
Without quantum attention,4,1,0.84779346,0.8452124,0.84787625,0.85035527,0.0056677684187889,0.00258106,0.0051428676,8.279085e-05
Without quantum attention,4,1,0.8471325,0.84389013,0.84779346,0.8476322,0.0056677684187889,0.0032423735,0.0037420988,0.0006609559
Without quantum attention,4,1,0.84348625,0.84219587,0.8471325,0.84171885,0.0056677684187889,0.001290381,0.00047701597,0.0036462545
Without quantum attention,4,1,0.83930993,0.8361064,0.84348625,0.8386773,0.0056677684187889,0.0032035112,0.0025708675,0.0041763186
Without quantum attention,4,1,0.8363824,0.83277917,0.83930993,0.837412,0.0056677684187889,0.00360322,0.0046328306,0.0029275417
Without quantum attention,4,1,0.83529115,0.8303064,0.8363824,0.8369826,0.0056677684187889,0.0049847364,0.006676197,0.0010912418
Without quantum attention,4,1,0.8298793,0.83079785,0.83529115,0.8270432,0.0056677684187889,0.0009185672,0.0037546754,0.0054118633
Without quantum attention,4,1,0.8259066,0.82681334,0.8298793,0.82566714,0.0056677684187889,0.00090676546,0.0011461973,0.003972709
Without quantum attention,4,1,0.8247921,0.82318175,0.8259066,0.82726884,0.0056677684187889,0.0016103387,0.0040870905,0.0011144876
Without quantum attention,4,1,0.81717896,0.8222151,0.8247921,0.8133968,0.0056677684187889,0.0050361156,0.008818269,0.0076131225
Without quantum attention,4,1,0.81082004,0.81431323,0.81717896,0.8097343,0.0056677684187889,0.0034931898,0.004578948,0.0063589215
Without quantum attention,4,1,0.80628186,0.8069457,0.81082004,0.8073882,0.0056677684187889,0.0006638169,0.00044250488,0.0045381784
Without quantum attention,4,1,0.8034765,0.8028151,0.80628186,0.8055926,0.0056677684187889,0.00066143274,0.0027775168,0.0028053522
Without quantum attention,4,1,0.8013143,0.799375,0.8034765,0.80232096,0.0056677684187889,0.0019392967,0.0029459596,0.002162218
Without quantum attention,4,1,0.79567486,0.7972836,0.8013143,0.79296273,0.0056677684187889,0.0016087294,0.00432086,0.005639434
Without quantum attention,4,1,0.78961426,0.7914813,0.79567486,0.78846586,0.0056677684187889,0.0018670559,0.0030154586,0.0060606003
Without quantum attention,4,18,0.8602412,0.85971564,0.86538845,0.86617476,0.0056677684187889,0.00052553415,0.006459117,0.0051472783
Without quantum attention,4,18,0.8547906,0.854962,0.8602412,0.8572052,0.0056677684187889,0.00017136335,0.0022432208,0.0054505467
Without quantum attention,4,18,0.8503286,0.849706,0.8547906,0.85067445,0.0056677684187889,0.0006226301,0.00096845627,0.0044620037
Without quantum attention,4,18,0.8481276,0.84717757,0.8503286,0.8502848,0.0056677684187889,0.00095003843,0.0031072497,0.0022010207
Without quantum attention,4,18,0.8426855,0.84470105,0.8481276,0.8421969,0.0056677684187889,0.002015531,0.00250417,0.005442083
Without quantum attention,4,18,0.8442718,0.8411387,0.8426855,0.8492865,0.0056677684187889,0.0031330585,0.008147776,0.0015862584
Without quantum attention,4,18,0.84443516,0.84175354,0.8442718,0.8452745,0.0056677684187889,0.002681613,0.0035209656,0.00016337633
Without quantum attention,4,18,0.84160876,0.8425758,0.84443516,0.8395689,0.0056677684187889,0.00096702576,0.0030068755,0.0028263927
Without quantum attention,4,18,0.83503157,0.83794594,0.84160876,0.8315261,0.0056677684187889,0.002914369,0.0064198375,0.0065771937
Without quantum attention,4,18,0.82699,0.8311268,0.83503157,0.8248416,0.0056677684187889,0.0041368008,0.0062851906,0.008041561
Without quantum attention,4,18,0.8176627,0.8213856,0.82699,0.8162286,0.0056677684187889,0.003722906,0.005156994,0.009327292
Without quantum attention,4,18,0.8105405,0.81229806,0.8176627,0.81128544,0.0056677684187889,0.0017575622,0.0010126233,0.0071222186
Without quantum attention,4,18,0.81091374,0.8065534,0.8105405,0.8165611,0.0056677684187889,0.004360318,0.010007679,0.0003732443
Without quantum attention,4,18,0.80017036,0.80773723,0.81091374,0.7939301,0.0056677684187889,0.0075668693,0.013807118,0.01074338
Without quantum attention,4,18,0.7893346,0.7985634,0.80017036,0.78623885,0.0056677684187889,0.009228826,0.012324572,0.010835767
Without quantum attention,4,18,0.78920835,0.78804374,0.7893346,0.79670143,0.0056677684187889,0.0011646152,0.008657694,0.00012624264
Without quantum attention,4,18,0.7873986,0.78798133,0.78920835,0.78979886,0.0056677684187889,0.0005827546,0.0018175244,0.0018097758
Without quantum attention,4,18,0.78892237,0.7852072,0.7873986,0.7913971,0.0056677684187889,0.0037151575,0.0061898828,0.0015237927
Without quantum attention,4,18,0.7872681,0.7854628,0.78892237,0.78523386,0.0056677684187889,0.0018053055,0.00022894144,0.0016542673
Without quantum attention,4,18,0.7767956,0.78388834,0.7872681,0.7701117,0.0056677684187889,0.0070927143,0.01377666,0.0104724765
Without quantum attention,4,18,0.76847684,0.77263796,0.7767956,0.7681226,0.0056677684187889,0.0041611195,0.00451535,0.008318782
Without quantum attention,4,18,0.76000047,0.7640007,0.76847684,0.75985795,0.0056677684187889,0.0040002465,0.004142761,0.0084763765
Without quantum attention,4,18,0.75315213,0.7560776,0.76000047,0.7539911,0.0056677684187889,0.0029254556,0.0020864606,0.0068483353
Without VQR,4,1,0.8989041,0.8931041,0.90255606,0.90152186,0.0056677684187889,0.005800009,0.008417785,0.0036519766
Without VQR,4,1,0.89001435,0.8896689,0.8989041,0.8875078,0.0056677684187889,0.00034546852,0.0021610856,0.008889735
Without VQR,4,1,0.87938654,0.8816009,0.89001435,0.87623525,0.0056677684187889,0.0022143722,0.0053656697,0.010627806
Without VQR,4,1,0.8669862,0.87272906,0.87938654,0.8647164,0.0056677684187889,0.005742848,0.008012652,0.012400329
Without VQR,4,1,0.8558226,0.86205524,0.8669862,0.8563263,0.0056677684187889,0.0062326193,0.00572896,0.011163592
Without VQR,4,1,0.84877163,0.8514212,0.8558226,0.851942,0.0056677684187889,0.0026495457,0.0005208254,0.007050991
Without VQR,4,1,0.84787625,0.8441487,0.84877163,0.85325265,0.0056677684187889,0.0037275553,0.009103954,0.000895381
Without VQR,4,1,0.84779346,0.84357786,0.84787625,0.85035527,0.0056677684187889,0.004215598,0.0067774057,8.279085e-05
Without VQR,4,1,0.8471325,0.8432837,0.84779346,0.8476322,0.0056677684187889,0.0038487911,0.0043485165,0.0006609559
Without VQR,4,1,0.84348625,0.8425452,0.8471325,0.84171885,0.0056677684187889,0.00094103813,0.0008263588,0.0036462545
Without VQR,4,1,0.83930993,0.83824223,0.84348625,0.8386773,0.0056677684187889,0.001067698,0.0004350543,0.0041763186
Without VQR,4,1,0.8363824,0.8344605,0.83930993,0.837412,0.0056677684187889,0.0019218922,0.0029515028,0.0029275417
Without VQR,4,1,0.83529115,0.8319293,0.8363824,0.8369826,0.0056677684187889,0.0033618212,0.005053282,0.0010912418
Without VQR,4,1,0.8298793,0.8311876,0.83529115,0.8270432,0.0056677684187889,0.001308322,0.00414443,0.0054118633
Without VQR,4,1,0.8259066,0.82634693,0.8298793,0.82566714,0.0056677684187889,0.00044035912,0.000679791,0.003972709
Without VQR,4,1,0.8247921,0.82249624,0.8259066,0.82726884,0.0056677684187889,0.0022958517,0.0047726035,0.0011144876
Without VQR,4,1,0.81717896,0.8215929,0.8247921,0.8133968,0.0056677684187889,0.0044139624,0.0081961155,0.0076131225
Without VQR,4,1,0.81082004,0.81383187,0.81717896,0.8097343,0.0056677684187889,0.0030118227,0.004097581,0.0063589215
Without VQR,4,1,0.80628186,0.8071661,0.81082004,0.8073882,0.0056677684187889,0.0008842349,0.0002220869,0.0045381784
Without VQR,4,1,0.8034765,0.8027649,0.80628186,0.8055926,0.0056677684187889,0.00071161985,0.002827704,0.0028053522
Without VQR,4,1,0.8013143,0.8000063,0.8034765,0.80232096,0.0056677684187889,0.0013080239,0.0023146868,0.002162218
Without VQR,4,1,0.79567486,0.79787683,0.8013143,0.79296273,0.0056677684187889,0.0022019744,0.004914105,0.005639434
Without VQR,4,1,0.78961426,0.7924025,0.79567486,0.78846586,0.0056677684187889,0.0027882457,0.0039366484,0.0060606003
Without VQR,4,18,0.8602412,0.86020976,0.86538845,0.86617476,0.0056677684187889,3.1411648e-05,0.0059649944,0.0051472783
Without VQR,4,18,0.8547906,0.8562035,0.8602412,0.8572052,0.0056677684187889,0.0014128685,0.0010017157,0.0054505467
Without VQR,4,18,0.8503286,0.85159475,0.8547906,0.85067445,0.0056677684187889,0.0012661219,0.0009202957,0.0044620037
Without VQR,4,18,0.8481276,0.84760183,0.8503286,0.8502848,0.0056677684187889,0.0005257726,0.0026829839,0.0022010207
Without VQR,4,18,0.8426855,0.84540796,0.8481276,0.8421969,0.0056677684187889,0.0027224422,0.003211081,0.005442083
Without VQR,4,18,0.8442718,0.8395844,0.8426855,0.8492865,0.0056677684187889,0.004687369,0.009702086,0.0015862584
Without VQR,4,18,0.84443516,0.8407126,0.8442718,0.8452745,0.0056677684187889,0.0037225485,0.004561901,0.00016337633
Without VQR,4,18,0.84160876,0.84076947,0.84443516,0.8395689,0.0056677684187889,0.000839293,0.0012005568,0.0028263927
Without VQR,4,18,0.83503157,0.83754367,0.84160876,0.8315261,0.0056677684187889,0.0025120974,0.0060175657,0.0065771937
Without VQR,4,18,0.82699,0.8311003,0.83503157,0.8248416,0.0056677684187889,0.0041102767,0.0062586665,0.008041561
Without VQR,4,18,0.8176627,0.82280904,0.82699,0.8162286,0.0056677684187889,0.0051463246,0.0065804124,0.009327292
Without VQR,4,18,0.8105405,0.8136546,0.8176627,0.81128544,0.0056677684187889,0.0031141043,0.0023691654,0.0071222186
Without VQR,4,18,0.81091374,0.80697167,0.8105405,0.8165611,0.0056677684187889,0.0039420724,0.009589434,0.0003732443
Without VQR,4,18,0.80017036,0.80754185,0.81091374,0.7939301,0.0056677684187889,0.0073714852,0.013611734,0.01074338
Without VQR,4,18,0.7893346,0.79721916,0.80017036,0.78623885,0.0056677684187889,0.007884562,0.010980308,0.010835767
Without VQR,4,18,0.78920835,0.78656965,0.7893346,0.79670143,0.0056677684187889,0.0026386976,0.010131776,0.00012624264
Without VQR,4,18,0.7873986,0.78661126,0.78920835,0.78979886,0.0056677684187889,0.00078731775,0.0031875968,0.0018097758
Without VQR,4,18,0.78892237,0.7845227,0.7873986,0.7913971,0.0056677684187889,0.0043996572,0.0068743825,0.0015237927
Without VQR,4,18,0.7872681,0.78588176,0.78892237,0.78523386,0.0056677684187889,0.0013863444,0.0006479025,0.0016542673
Without VQR,4,18,0.7767956,0.7842419,0.7872681,0.7701117,0.0056677684187889,0.007446289,0.014130235,0.0104724765
Without VQR,4,18,0.76847684,0.77384144,0.7767956,0.7681226,0.0056677684187889,0.005364597,0.0057188272,0.008318782
Without VQR,4,18,0.76000047,0.76551026,0.76847684,0.75985795,0.0056677684187889,0.0055097938,0.0056523085,0.0084763765
Without VQR,4,18,0.75315213,0.7572336,0.76000047,0.7539911,0.0056677684187889,0.0040814877,0.0032424927,0.0068483353
Without quantum attention and VQR,4,1,0.8989041,0.8979193,0.90255606,0.90152186,0.0056677684187889,0.0009847879,0.0036025643,0.0036519766
Without quantum attention and VQR,4,1,0.89001435,0.8942673,0.8989041,0.8875078,0.0056677684187889,0.00425297,0.0067595243,0.008889735
Without quantum attention and VQR,4,1,0.87938654,0.8853776,0.89001435,0.87623525,0.0056677684187889,0.0059910417,0.009142339,0.010627806
Without quantum attention and VQR,4,1,0.8669862,0.8747498,0.87938654,0.8647164,0.0056677684187889,0.0077635646,0.010033369,0.012400329
Without quantum attention and VQR,4,1,0.8558226,0.86234945,0.8669862,0.8563263,0.0056677684187889,0.006526828,0.0060231686,0.011163592
Without quantum attention and VQR,4,1,0.84877163,0.85118586,0.8558226,0.851942,0.0056677684187889,0.0024142265,0.0007561445,0.007050991
Without quantum attention and VQR,4,1,0.84787625,0.84413487,0.84877163,0.85325265,0.0056677684187889,0.0037413836,0.009117782,0.000895381
Without quantum attention and VQR,4,1,0.84779346,0.8432395,0.84787625,0.85035527,0.0056677684187889,0.0045539737,0.0071157813,8.279085e-05
Without quantum attention and VQR,4,1,0.8471325,0.8431567,0.84779346,0.8476322,0.0056677684187889,0.0039758086,0.004475534,0.0006609559
Without quantum attention and VQR,4,1,0.84348625,0.84249574,0.8471325,0.84171885,0.0056677684187889,0.00099051,0.00077688694,0.0036462545
Without quantum attention and VQR,4,1,0.83930993,0.8388495,0.84348625,0.8386773,0.0056677684187889,0.00046044588,0.00017219782,0.0041763186
Without quantum attention and VQR,4,1,0.8363824,0.83467317,0.83930993,0.837412,0.0056677684187889,0.0017092228,0.0027388334,0.0029275417
Without quantum attention and VQR,4,1,0.83529115,0.8317456,0.8363824,0.8369826,0.0056677684187889,0.0035455227,0.0052369833,0.0010912418
Without quantum attention and VQR,4,1,0.8298793,0.8306544,0.83529115,0.8270432,0.0056677684187889,0.0007750988,0.003611207,0.0054118633
Without quantum attention and VQR,4,1,0.8259066,0.8252425,0.8298793,0.82566714,0.0056677684187889,0.00066405535,0.0004246235,0.003972709
Without quantum attention and VQR,4,1,0.8247921,0.8212698,0.8259066,0.82726884,0.0056677684187889,0.0035222769,0.0059990287,0.0011144876
Without quantum attention and VQR,4,1,0.81717896,0.8201553,0.8247921,0.8133968,0.0056677684187889,0.002976358,0.006758511,0.0076131225
Without quantum attention and VQR,4,1,0.81082004,0.8125422,0.81717896,0.8097343,0.0056677684187889,0.001722157,0.0028079152,0.0063589215
Without quantum attention and VQR,4,1,0.80628186,0.8061833,0.81082004,0.8073882,0.0056677684187889,9.858608e-05,0.0012049079,0.0045381784
Without quantum attention and VQR,4,1,0.8034765,0.8016451,0.80628186,0.8055926,0.0056677684187889,0.0018314123,0.0039474964,0.0028053522
Without quantum attention and VQR,4,1,0.8013143,0.79883975,0.8034765,0.80232096,0.0056677684187889,0.0024745464,0.0034812093,0.002162218
Without quantum attention and VQR,4,1,0.79567486,0.79667753,0.8013143,0.79296273,0.0056677684187889,0.0010026693,0.0037147999,0.005639434
Without quantum attention and VQR,4,1,0.78961426,0.7910381,0.79567486,0.78846586,0.0056677684187889,0.0014238358,0.0025722384,0.0060606003
Without quantum attention and VQR,4,18,0.8602412,0.8607517,0.86538845,0.86617476,0.0056677684187889,0.0005105138,0.005423069,0.0051472783
Without quantum attention and VQR,4,18,0.8547906,0.8556044,0.8602412,0.8572052,0.0056677684187889,0.0008137822,0.001600802,0.0054505467
Without quantum attention and VQR,4,18,0.8503286,0.85015386,0.8547906,0.85067445,0.0056677684187889,0.00017476082,0.00052058697,0.0044620037
Without quantum attention and VQR,4,18,0.8481276,0.84569186,0.8503286,0.8502848,0.0056677684187889,0.0024357438,0.004592955,0.0022010207
Without quantum attention and VQR,4,18,0.8426855,0.84349084,0.8481276,0.8421969,0.0056677684187889,0.00080531836,0.0012939572,0.005442083
Without quantum attention and VQR,4,18,0.8442718,0.83804876,0.8426855,0.8492865,0.0056677684187889,0.006223023,0.0112377405,0.0015862584
Without quantum attention and VQR,4,18,0.84443516,0.839635,0.8442718,0.8452745,0.0056677684187889,0.004800141,0.0056394935,0.00016337633
Without quantum attention and VQR,4,18,0.84160876,0.8397984,0.84443516,0.8395689,0.0056677684187889,0.0018103719,0.00022947788,0.0028263927
Without quantum attention and VQR,4,18,0.83503157,0.836972,0.84160876,0.8315261,0.0056677684187889,0.0019404292,0.0054458976,0.0065771937
Without quantum attention and VQR,4,18,0.82699,0.8303948,0.83503157,0.8248416,0.0056677684187889,0.0034047961,0.005553186,0.008041561
Without quantum attention and VQR,4,18,0.8176627,0.82235324,0.82699,0.8162286,0.0056677684187889,0.004690528,0.0061246157,0.009327292
Without quantum attention and VQR,4,18,0.8105405,0.81302595,0.8176627,0.81128544,0.0056677684187889,0.002485454,0.0017405152,0.0071222186
Without quantum attention and VQR,4,18,0.81091374,0.80590373,0.8105405,0.8165611,0.0056677684187889,0.005010009,0.01065737,0.0003732443
Without quantum attention and VQR,4,18,0.80017036,0.806277,0.81091374,0.7939301,0.0056677684187889,0.006106615,0.012346864,0.01074338
Without quantum attention and VQR,4,18,0.7893346,0.7955336,0.80017036,0.78623885,0.0056677684187889,0.0061990023,0.009294748,0.010835767
Without quantum attention and VQR,4,18,0.78920835,0.78469783,0.7893346,0.79670143,0.0056677684187889,0.004510522,0.012003601,0.00012624264
Without quantum attention and VQR,4,18,0.7873986,0.7845716,0.78920835,0.78979886,0.0056677684187889,0.0028269887,0.0052272677,0.0018097758
Without quantum attention and VQR,4,18,0.78892237,0.7827618,0.7873986,0.7913971,0.0056677684187889,0.0061605573,0.0086352825,0.0015237927
Without quantum attention and VQR,4,18,0.7872681,0.7842856,0.78892237,0.78523386,0.0056677684187889,0.0029824972,0.0009482503,0.0016542673
Without quantum attention and VQR,4,18,0.7767956,0.78263134,0.7872681,0.7701117,0.0056677684187889,0.005835712,0.012519658,0.0104724765
Without quantum attention and VQR,4,18,0.76847684,0.77215886,0.7767956,0.7681226,0.0056677684187889,0.0036820173,0.0040362477,0.008318782
Without quantum attention and VQR,4,18,0.76000047,0.7638401,0.76847684,0.75985795,0.0056677684187889,0.003839612,0.0039821267,0.0084763765
Without quantum attention and VQR,4,18,0.75315213,0.7553637,0.76000047,0.7539911,0.0056677684187889,0.0022115707,0.0013725758,0.0068483353
Classical QLSTM gates,4,1,0.8989041,0.8927953,0.90255606,0.90152186,0.0056677684187889,0.006108761,0.008726537,0.0036519766
Classical QLSTM gates,4,1,0.89001435,0.8889809,0.8989041,0.8875078,0.0056677684187889,0.0010334253,0.0014731288,0.008889735
Classical QLSTM gates,4,1,0.87938654,0.8799665,0.89001435,0.87623525,0.0056677684187889,0.0005799532,0.0037312508,0.010627806
Classical QLSTM gates,4,1,0.8669862,0.87138814,0.87938654,0.8647164,0.0056677684187889,0.004401922,0.0066717267,0.012400329
Classical QLSTM gates,4,1,0.8558226,0.86308295,0.8669862,0.8563263,0.0056677684187889,0.0072603226,0.0067566633,0.011163592
Classical QLSTM gates,4,1,0.84877163,0.8516229,0.8558226,0.851942,0.0056677684187889,0.0028512478,0.00031912327,0.007050991
Classical QLSTM gates,4,1,0.84787625,0.8440105,0.84877163,0.85325265,0.0056677684187889,0.0038657784,0.009242177,0.000895381
Classical QLSTM gates,4,1,0.84779346,0.84312147,0.84787625,0.85035527,0.0056677684187889,0.004671991,0.0072337985,8.279085e-05
Classical QLSTM gates,4,1,0.8471325,0.8427783,0.84779346,0.8476322,0.0056677684187889,0.004354179,0.0048539042,0.0006609559
Classical QLSTM gates,4,1,0.84348625,0.841997,0.8471325,0.84171885,0.0056677684187889,0.001489222,0.00027817488,0.0036462545
Classical QLSTM gates,4,1,0.83930993,0.83785504,0.84348625,0.8386773,0.0056677684187889,0.0014548898,0.0008222461,0.0041763186
Classical QLSTM gates,4,1,0.8363824,0.8340393,0.83930993,0.837412,0.0056677684187889,0.0023431182,0.0033727288,0.0029275417
Classical QLSTM gates,4,1,0.83529115,0.8313509,0.8363824,0.8369826,0.0056677684187889,0.0039402246,0.0056316853,0.0010912418
Classical QLSTM gates,4,1,0.8298793,0.83060795,0.83529115,0.8270432,0.0056677684187889,0.0007286668,0.003564775,0.0054118633
Classical QLSTM gates,4,1,0.8259066,0.82547283,0.8298793,0.82566714,0.0056677684187889,0.000433743,0.00019431114,0.003972709
Classical QLSTM gates,4,1,0.8247921,0.8217393,0.8259066,0.82726884,0.0056677684187889,0.003052771,0.005529523,0.0011144876
Classical QLSTM gates,4,1,0.81717896,0.8206996,0.8247921,0.8133968,0.0056677684187889,0.003520608,0.007302761,0.0076131225
Classical QLSTM gates,4,1,0.81082004,0.8129864,0.81717896,0.8097343,0.0056677684187889,0.0021663308,0.003252089,0.0063589215
Classical QLSTM gates,4,1,0.80628186,0.80635625,0.81082004,0.8073882,0.0056677684187889,7.43866e-05,0.0010319352,0.0045381784
Classical QLSTM gates,4,1,0.8034765,0.8020484,0.80628186,0.8055926,0.0056677684187889,0.0014281273,0.0035442114,0.0028053522
Classical QLSTM gates,4,1,0.8013143,0.7994002,0.8034765,0.80232096,0.0056677684187889,0.001914084,0.0029207468,0.002162218
Classical QLSTM gates,4,1,0.79567486,0.79756296,0.8013143,0.79296273,0.0056677684187889,0.0018880963,0.004600227,0.005639434
Classical QLSTM gates,4,1,0.78961426,0.792119,0.79567486,0.78846586,0.0056677684187889,0.002504766,0.0036531687,0.0060606003
Classical QLSTM gates,4,18,0.8602412,0.8612473,0.86538845,0.86617476,0.0056677684187889,0.0010061264,0.0049274564,0.0051472783
Classical QLSTM gates,4,18,0.8547906,0.8561581,0.8602412,0.8572052,0.0056677684187889,0.0013674498,0.0010471344,0.0054505467
Classical QLSTM gates,4,18,0.8503286,0.8505134,0.8547906,0.85067445,0.0056677684187889,0.0001847744,0.00016105175,0.0044620037
Classical QLSTM gates,4,18,0.8481276,0.84590846,0.8503286,0.8502848,0.0056677684187889,0.0022191405,0.004376352,0.0022010207
Classical QLSTM gates,4,18,0.8426855,0.8435149,0.8481276,0.8421969,0.0056677684187889,0.00082939863,0.0013180375,0.005442083
Classical QLSTM gates,4,18,0.8442718,0.838151,0.8426855,0.8492865,0.0056677684187889,0.006120801,0.011135519,0.0015862584
Classical QLSTM gates,4,18,0.84443516,0.83961874,0.8442718,0.8452745,0.0056677684187889,0.004816413,0.0056557655,0.00016337633
Classical QLSTM gates,4,18,0.84160876,0.8399382,0.84443516,0.8395689,0.0056677684187889,0.0016705394,0.00036931038,0.0028263927
Classical QLSTM gates,4,18,0.83503157,0.836791,0.84160876,0.8315261,0.0056677684187889,0.0017594099,0.0052648783,0.0065771937
Classical QLSTM gates,4,18,0.82699,0.8305131,0.83503157,0.8248416,0.0056677684187889,0.0035231113,0.005671501,0.008041561
Classical QLSTM gates,4,18,0.8176627,0.8224013,0.82699,0.8162286,0.0056677684187889,0.0047385693,0.006172657,0.009327292
Classical QLSTM gates,4,18,0.8105405,0.8132154,0.8176627,0.81128544,0.0056677684187889,0.0026748776,0.0019299388,0.0071222186
Classical QLSTM gates,4,18,0.81091374,0.80664665,0.8105405,0.8165611,0.0056677684187889,0.0042670965,0.009914458,0.0003732443
Classical QLSTM gates,4,18,0.80017036,0.8072508,0.81091374,0.7939301,0.0056677684187889,0.0070804358,0.013320684,0.01074338
Classical QLSTM gates,4,18,0.7893346,0.79703987,0.80017036,0.78623885,0.0056677684187889,0.0077052712,0.010801017,0.010835767
Classical QLSTM gates,4,18,0.78920835,0.786477,0.7893346,0.79670143,0.0056677684187889,0.0027313232,0.010224402,0.00012624264
Classical QLSTM gates,4,18,0.7873986,0.7863904,0.78920835,0.78979886,0.0056677684187889,0.001008153,0.003408432,0.0018097758
Classical QLSTM gates,4,18,0.78892237,0.7842563,0.7873986,0.7913971,0.0056677684187889,0.00466609,0.0071408153,0.0015237927
Classical QLSTM gates,4,18,0.7872681,0.7853934,0.78892237,0.78523386,0.0056677684187889,0.0018746853,0.00015956163,0.0016542673
Classical QLSTM gates,4,18,0.7767956,0.7841498,0.7872681,0.7701117,0.0056677684187889,0.0073542,0.014038146,0.0104724765
Classical QLSTM gates,4,18,0.76847684,0.77424973,0.7767956,0.7681226,0.0056677684187889,0.0057728887,0.006127119,0.008318782
Classical QLSTM gates,4,18,0.76000047,0.7661029,0.76847684,0.75985795,0.0056677684187889,0.0061024427,0.0062449574,0.0084763765
Classical QLSTM gates,4,18,0.75315213,0.7580908,0.76000047,0.7539911,0.0056677684187889,0.004938662,0.004099667,0.0068483353
Classical attention circuits,4,1,0.8989041,0.8934434,0.90255606,0.90152186,0.0056677684187889,0.0054606795,0.008078456,0.0036519766
Classical attention circuits,4,1,0.89001435,0.8898996,0.8989041,0.8875078,0.0056677684187889,0.00011473894,0.0023918152,0.008889735
Classical attention circuits,4,1,0.87938654,0.88140327,0.89001435,0.87623525,0.0056677684187889,0.0020167232,0.0051680207,0.010627806
Classical attention circuits,4,1,0.8669862,0.8725565,0.87938654,0.8647164,0.0056677684187889,0.0055702925,0.007840097,0.012400329
Classical attention circuits,4,1,0.8558226,0.86223626,0.8669862,0.8563263,0.0056677684187889,0.0064136386,0.0059099793,0.011163592
Classical attention circuits,4,1,0.84877163,0.8520429,0.8558226,0.851942,0.0056677684187889,0.0032712817,0.00010091066,0.007050991
Classical attention circuits,4,1,0.84787625,0.8451453,0.84877163,0.85325265,0.0056677684187889,0.0027309656,0.008107364,0.000895381
Classical attention circuits,4,1,0.84779346,0.84364563,0.84787625,0.85035527,0.0056677684187889,0.0041478276,0.0067096353,8.279085e-05
Classical attention circuits,4,1,0.8471325,0.84302485,0.84779346,0.8476322,0.0056677684187889,0.004107654,0.0046073794,0.0006609559
Classical attention circuits,4,1,0.84348625,0.84209377,0.8471325,0.84171885,0.0056677684187889,0.0013924837,0.00037491322,0.0036462545
Classical attention circuits,4,1,0.83930993,0.8383491,0.84348625,0.8386773,0.0056677684187889,0.0009608269,0.00032818317,0.0041763186
Classical attention circuits,4,1,0.8363824,0.83429986,0.83930993,0.837412,0.0056677684187889,0.0020825267,0.0031121373,0.0029275417
Classical attention circuits,4,1,0.83529115,0.83228874,0.8363824,0.8369826,0.0056677684187889,0.0030024052,0.004693866,0.0010912418
Classical attention circuits,4,1,0.8298793,0.83182234,0.83529115,0.8270432,0.0056677684187889,0.0019430518,0.00477916,0.0054118633
Classical attention circuits,4,1,0.8259066,0.8268691,0.8298793,0.82566714,0.0056677684187889,0.0009624958,0.0012019277,0.003972709
Classical attention circuits,4,1,0.8247921,0.82250625,0.8259066,0.82726884,0.0056677684187889,0.0022858381,0.00476259,0.0011144876
Classical attention circuits,4,1,0.81717896,0.82169735,0.8247921,0.8133968,0.0056677684187889,0.0045183897,0.008300543,0.0076131225
Classical attention circuits,4,1,0.81082004,0.8136782,0.81717896,0.8097343,0.0056677684187889,0.002858162,0.00394392,0.0063589215
Classical attention circuits,4,1,0.80628186,0.80692315,0.81082004,0.8073882,0.0056677684187889,0.0006412864,0.00046503544,0.0045381784
Classical attention circuits,4,1,0.8034765,0.80260855,0.80628186,0.8055926,0.0056677684187889,0.00086796284,0.002984047,0.0028053522
Classical attention circuits,4,1,0.8013143,0.80016714,0.8034765,0.80232096,0.0056677684187889,0.001147151,0.0021538138,0.002162218
Classical attention circuits,4,1,0.79567486,0.79757607,0.8013143,0.79296273,0.0056677684187889,0.0019012094,0.00461334,0.005639434
Classical attention circuits,4,1,0.78961426,0.7922233,0.79567486,0.78846586,0.0056677684187889,0.0026090145,0.0037574172,0.0060606003
Classical attention circuits,4,18,0.8602412,0.86024183,0.86538845,0.86617476,0.0056677684187889,6.556511e-07,0.005932927,0.0051472783
Classical attention circuits,4,18,0.8547906,0.85547763,0.8602412,0.8572052,0.0056677684187889,0.00068700314,0.001727581,0.0054505467
Classical attention circuits,4,18,0.8503286,0.85049856,0.8547906,0.85067445,0.0056677684187889,0.00016993284,0.0001758933,0.0044620037
Classical attention circuits,4,18,0.8481276,0.84653604,0.8503286,0.8502848,0.0056677684187889,0.0015915632,0.0037487745,0.0022010207
Classical attention circuits,4,18,0.8426855,0.8451499,0.8481276,0.8421969,0.0056677684187889,0.002464354,0.002952993,0.005442083
Classical attention circuits,4,18,0.8442718,0.8396578,0.8426855,0.8492865,0.0056677684187889,0.0046139956,0.009628713,0.0015862584
Classical attention circuits,4,18,0.84443516,0.8405332,0.8442718,0.8452745,0.0056677684187889,0.0039019585,0.004741311,0.00016337633
Classical attention circuits,4,18,0.84160876,0.8403842,0.84443516,0.8395689,0.0056677684187889,0.0012245774,0.00081527233,0.0028263927
Classical attention circuits,4,18,0.83503157,0.8370048,0.84160876,0.8315261,0.0056677684187889,0.0019732118,0.00547868,0.0065771937
Classical attention circuits,4,18,0.82699,0.830314,0.83503157,0.8248416,0.0056677684187889,0.0033239722,0.005472362,0.008041561
Classical attention circuits,4,18,0.8176627,0.82196313,0.82699,0.8162286,0.0056677684187889,0.0043004155,0.0057345033,0.009327292
Classical attention circuits,4,18,0.8105405,0.8130106,0.8176627,0.81128544,0.0056677684187889,0.002470076,0.0017251372,0.0071222186
Classical attention circuits,4,18,0.81091374,0.8069189,0.8105405,0.8165611,0.0056677684187889,0.0039948225,0.009642184,0.0003732443
Classical attention circuits,4,18,0.80017036,0.8077728,0.81091374,0.7939301,0.0056677684187889,0.007602453,0.013842702,0.01074338
Classical attention circuits,4,18,0.7893346,0.79722273,0.80017036,0.78623885,0.0056677684187889,0.007888138,0.010983884,0.010835767
Classical attention circuits,4,18,0.78920835,0.78637373,0.7893346,0.79670143,0.0056677684187889,0.002834618,0.010327697,0.00012624264
Classical attention circuits,4,18,0.7873986,0.7868293,0.78920835,0.78979886,0.0056677684187889,0.00056928396,0.002969563,0.0018097758
Classical attention circuits,4,18,0.78892237,0.78434837,0.7873986,0.7913971,0.0056677684187889,0.004574001,0.007048726,0.0015237927
Classical attention circuits,4,18,0.7872681,0.785911,0.78892237,0.78523386,0.0056677684187889,0.0013570786,0.00067716837,0.0016542673
Classical attention circuits,4,18,0.7767956,0.78412944,0.7872681,0.7701117,0.0056677684187889,0.007333815,0.014017761,0.0104724765
Classical attention circuits,4,18,0.76847684,0.77376276,0.7767956,0.7681226,0.0056677684187889,0.0052859187,0.005640149,0.008318782
Classical attention circuits,4,18,0.76000047,0.765574,0.76847684,0.75985795,0.0056677684187889,0.005573511,0.005716026,0.0084763765
Classical attention circuits,4,18,0.75315213,0.75729746,0.76000047,0.7539911,0.0056677684187889,0.004145324,0.0033063293,0.0068483353
Classical VQR circuit,4,1,0.8989041,0.8926955,0.90255606,0.90152186,0.0056677684187889,0.0062085986,0.008826375,0.0036519766
Classical VQR circuit,4,1,0.89001435,0.889052,0.8989041,0.8875078,0.0056677684187889,0.0009623766,0.0015441775,0.008889735
Classical VQR circuit,4,1,0.87938654,0.88116956,0.89001435,0.87623525,0.0056677684187889,0.0017830133,0.004934311,0.010627806
Classical VQR circuit,4,1,0.8669862,0.8724129,0.87938654,0.8647164,0.0056677684187889,0.005426705,0.0076965094,0.012400329
Classical VQR circuit,4,1,0.8558226,0.86235595,0.8669862,0.8563263,0.0056677684187889,0.0065333247,0.0060296655,0.011163592
Classical VQR circuit,4,1,0.84877163,0.8513337,0.8558226,0.851942,0.0056677684187889,0.002562046,0.000608325,0.007050991
Classical VQR circuit,4,1,0.84787625,0.8436553,0.84877163,0.85325265,0.0056677684187889,0.0042209625,0.009597361,0.000895381
Classical VQR circuit,4,1,0.84779346,0.8436577,0.84787625,0.85035527,0.0056677684187889,0.0041357875,0.006697595,8.279085e-05
Classical VQR circuit,4,1,0.8471325,0.84307504,0.84779346,0.8476322,0.0056677684187889,0.004057467,0.0045571923,0.0006609559
Classical VQR circuit,4,1,0.84348625,0.8424495,0.8471325,0.84171885,0.0056677684187889,0.0010367632,0.00073063374,0.0036462545
Classical VQR circuit,4,1,0.83930993,0.837831,0.84348625,0.8386773,0.0056677684187889,0.0014789104,0.00084626675,0.0041763186
Classical VQR circuit,4,1,0.8363824,0.8345762,0.83930993,0.837412,0.0056677684187889,0.0018061996,0.0028358102,0.0029275417
Classical VQR circuit,4,1,0.83529115,0.8318669,0.8363824,0.8369826,0.0056677684187889,0.0034242272,0.005115688,0.0010912418
Classical VQR circuit,4,1,0.8298793,0.83109426,0.83529115,0.8270432,0.0056677684187889,0.0012149811,0.0040510893,0.0054118633
Classical VQR circuit,4,1,0.8259066,0.8263372,0.8298793,0.82566714,0.0056677684187889,0.00043064356,0.0006700754,0.003972709
Classical VQR circuit,4,1,0.8247921,0.82237315,0.8259066,0.82726884,0.0056677684187889,0.0024189353,0.004895687,0.0011144876
Classical VQR circuit,4,1,0.81717896,0.8215546,0.8247921,0.8133968,0.0056677684187889,0.0043756366,0.00815779,0.0076131225
Classical VQR circuit,4,1,0.81082004,0.81332046,0.81717896,0.8097343,0.0056677684187889,0.0025004148,0.003586173,0.0063589215
Classical VQR circuit,4,1,0.80628186,0.8065874,0.81082004,0.8073882,0.0056677684187889,0.0003055334,0.0008007884,0.0045381784
Classical VQR circuit,4,1,0.8034765,0.80260354,0.80628186,0.8055926,0.0056677684187889,0.0008729696,0.0029890537,0.0028053522
Classical VQR circuit,4,1,0.8013143,0.7997293,0.8034765,0.80232096,0.0056677684187889,0.0015850067,0.0025916696,0.002162218
Classical VQR circuit,4,1,0.79567486,0.7976214,0.8013143,0.79296273,0.0056677684187889,0.0019465685,0.004658699,0.005639434
Classical VQR circuit,4,1,0.78961426,0.7920777,0.79567486,0.78846586,0.0056677684187889,0.00246346,0.0036118627,0.0060606003
Classical VQR circuit,4,18,0.8602412,0.8600188,0.86538845,0.86617476,0.0056677684187889,0.00022238493,0.0061559677,0.0051472783
Classical VQR circuit,4,18,0.8547906,0.8558927,0.8602412,0.8572052,0.0056677684187889,0.0011020899,0.0013124943,0.0054505467
Classical VQR circuit,4,18,0.8503286,0.8510196,0.8547906,0.85067445,0.0056677684187889,0.00069099665,0.0003451705,0.0044620037
Classical VQR circuit,4,18,0.8481276,0.84739125,0.8503286,0.8502848,0.0056677684187889,0.0007363558,0.002893567,0.0022010207
Classical VQR circuit,4,18,0.8426855,0.84467924,0.8481276,0.8421969,0.0056677684187889,0.0019937158,0.0024823546,0.005442083
Classical VQR circuit,4,18,0.8442718,0.83914196,0.8426855,0.8492865,0.0056677684187889,0.005129814,0.010144532,0.0015862584
Classical VQR circuit,4,18,0.84443516,0.8401884,0.8442718,0.8452745,0.0056677684187889,0.0042467713,0.005086124,0.00016337633
Classical VQR circuit,4,18,0.84160876,0.840628,0.84443516,0.8395689,0.0056677684187889,0.0009807348,0.0010591149,0.0028263927
Classical VQR circuit,4,18,0.83503157,0.83693665,0.84160876,0.8315261,0.0056677684187889,0.0019050837,0.005410552,0.0065771937
Classical VQR circuit,4,18,0.82699,0.83105075,0.83503157,0.8248416,0.0056677684187889,0.0040607452,0.006209135,0.008041561
Classical VQR circuit,4,18,0.8176627,0.822474,0.82699,0.8162286,0.0056677684187889,0.004811287,0.0062453747,0.009327292
Classical VQR circuit,4,18,0.8105405,0.81328905,0.8176627,0.81128544,0.0056677684187889,0.002748549,0.0020036101,0.0071222186
Classical VQR circuit,4,18,0.81091374,0.8067425,0.8105405,0.8165611,0.0056677684187889,0.0041712523,0.0098186135,0.0003732443
Classical VQR circuit,4,18,0.80017036,0.8071209,0.81091374,0.7939301,0.0056677684187889,0.006950557,0.013190806,0.01074338
Classical VQR circuit,4,18,0.7893346,0.7971614,0.80017036,0.78623885,0.0056677684187889,0.007826805,0.010922551,0.010835767
Classical VQR circuit,4,18,0.78920835,0.7861932,0.7893346,0.79670143,0.0056677684187889,0.0030151606,0.010508239,0.00012624264
Classical VQR circuit,4,18,0.7873986,0.78618294,0.78920835,0.78979886,0.0056677684187889,0.0012156367,0.0036159158,0.0018097758
Classical VQR circuit,4,18,0.78892237,0.78384876,0.7873986,0.7913971,0.0056677684187889,0.005073607,0.007548332,0.0015237927
Classical VQR circuit,4,18,0.7872681,0.7850771,0.78892237,0.78523386,0.0056677684187889,0.0021910071,0.00015676022,0.0016542673
Classical VQR circuit,4,18,0.7767956,0.7841274,0.7872681,0.7701117,0.0056677684187889,0.0073317885,0.014015734,0.0104724765
Classical VQR circuit,4,18,0.76847684,0.77385867,0.7767956,0.7681226,0.0056677684187889,0.0053818226,0.005736053,0.008318782
Classical VQR circuit,4,18,0.76000047,0.76524746,0.76847684,0.75985795,0.0056677684187889,0.005246997,0.0053895116,0.0084763765
Classical VQR circuit,4,18,0.75315213,0.75699455,0.76000047,0.7539911,0.0056677684187889,0.0038424134,0.0030034184,0.0068483353
All circuits classical,4,1,0.8989041,0.89264345,0.90255606,0.90152186,0.0056677684187889,0.0062606335,0.00887841,0.0036519766
All circuits classical,4,1,0.89001435,0.88898945,0.8989041,0.8875078,0.0056677684187889,0.0010249019,0.0014816523,0.008889735
All circuits classical,4,1,0.87938654,0.88004696,0.89001435,0.87623525,0.0056677684187889,0.00066041946,0.003811717,0.010627806
All circuits classical,4,1,0.8669862,0.871521,0.87938654,0.8647164,0.0056677684187889,0.004534781,0.0068045855,0.012400329
All circuits classical,4,1,0.8558226,0.86255723,0.8669862,0.8563263,0.0056677684187889,0.0067346096,0.0062309504,0.011163592
All circuits classical,4,1,0.84877163,0.8519684,0.8558226,0.851942,0.0056677684187889,0.003196776,2.6404858e-05,0.007050991
All circuits classical,4,1,0.84787625,0.8446869,0.84877163,0.85325265,0.0056677684187889,0.0031893253,0.008565724,0.000895381
All circuits classical,4,1,0.84779346,0.8426248,0.84787625,0.85035527,0.0056677684187889,0.0051686764,0.007730484,8.279085e-05
All circuits classical,4,1,0.8471325,0.841905,0.84779346,0.8476322,0.0056677684187889,0.005227506,0.0057272315,0.0006609559
All circuits classical,4,1,0.84348625,0.84104514,0.8471325,0.84171885,0.0056677684187889,0.0024411082,0.0006737113,0.0036462545
All circuits classical,4,1,0.83930993,0.837414,0.84348625,0.8386773,0.0056677684187889,0.0018959045,0.0012632608,0.0041763186
All circuits classical,4,1,0.8363824,0.8334537,0.83930993,0.837412,0.0056677684187889,0.0029286742,0.003958285,0.0029275417
All circuits classical,4,1,0.83529115,0.83161736,0.8363824,0.8369826,0.0056677684187889,0.003673792,0.0053652525,0.0010912418
All circuits classical,4,1,0.8298793,0.8309524,0.83529115,0.8270432,0.0056677684187889,0.001073122,0.00390923,0.0054118633
All circuits classical,4,1,0.8259066,0.8259378,0.8298793,0.82566714,0.0056677684187889,3.1232834e-05,0.0002706647,0.003972709
All circuits classical,4,1,0.8247921,0.8217079,0.8259066,0.82726884,0.0056677684187889,0.0030841827,0.0055609345,0.0011144876
All circuits classical,4,1,0.81717896,0.82105553,0.8247921,0.8133968,0.0056677684187889,0.003876567,0.00765872,0.0076131225
All circuits classical,4,1,0.81082004,0.8130468,0.81717896,0.8097343,0.0056677684187889,0.00222677,0.0033125281,0.0063589215
All circuits classical,4,1,0.80628186,0.8063529,0.81082004,0.8073882,0.0056677684187889,7.104874e-05,0.0010352731,0.0045381784
All circuits classical,4,1,0.8034765,0.8021454,0.80628186,0.8055926,0.0056677684187889,0.0013310909,0.003447175,0.0028053522
All circuits classical,4,1,0.8013143,0.80008477,0.8034765,0.80232096,0.0056677684187889,0.0012295246,0.0022361875,0.002162218
All circuits classical,4,1,0.79567486,0.79735094,0.8013143,0.79296273,0.0056677684187889,0.0016760826,0.004388213,0.005639434
All circuits classical,4,1,0.78961426,0.792109,0.79567486,0.78846586,0.0056677684187889,0.0024947524,0.003643155,0.0060606003
All circuits classical,4,18,0.8602412,0.86071,0.86538845,0.86617476,0.0056677684187889,0.00046885014,0.0054647326,0.0051472783
All circuits classical,4,18,0.8547906,0.85597384,0.8602412,0.8572052,0.0056677684187889,0.0011832118,0.0012313724,0.0054505467
All circuits classical,4,18,0.8503286,0.8507519,0.8547906,0.85067445,0.0056677684187889,0.00042325258,7.742643e-05,0.0044620037
All circuits classical,4,18,0.8481276,0.8470427,0.8503286,0.8502848,0.0056677684187889,0.0010849237,0.003242135,0.0022010207
All circuits classical,4,18,0.8426855,0.8457239,0.8481276,0.8421969,0.0056677684187889,0.0030384064,0.0035270452,0.005442083
All circuits classical,4,18,0.8442718,0.83986264,0.8426855,0.8492865,0.0056677684187889,0.0044091344,0.009423852,0.0015862584
All circuits classical,4,18,0.84443516,0.8397481,0.8442718,0.8452745,0.0056677684187889,0.004687071,0.0055264235,0.00016337633
All circuits classical,4,18,0.84160876,0.8392426,0.84443516,0.8395689,0.0056677684187889,0.0023661852,0.00032633543,0.0028263927
All circuits classical,4,18,0.83503157,0.8357831,0.84160876,0.8315261,0.0056677684187889,0.00075155497,0.0042570233,0.0065771937
All circuits classical,4,18,0.82699,0.8293915,0.83503157,0.8248416,0.0056677684187889,0.0024014711,0.004549861,0.008041561
All circuits classical,4,18,0.8176627,0.82123035,0.82699,0.8162286,0.0056677684187889,0.003567636,0.0050017238,0.009327292
All circuits classical,4,18,0.8105405,0.81251174,0.8176627,0.81128544,0.0056677684187889,0.0019712448,0.001226306,0.0071222186
All circuits classical,4,18,0.81091374,0.8066681,0.8105405,0.8165611,0.0056677684187889,0.004245639,0.009893,0.0003732443
All circuits classical,4,18,0.80017036,0.8073567,0.81091374,0.7939301,0.0056677684187889,0.007186353,0.013426602,0.01074338
All circuits classical,4,18,0.7893346,0.7968689,0.80017036,0.78623885,0.0056677684187889,0.007534325,0.010630071,0.010835767
All circuits classical,4,18,0.78920835,0.78617114,0.7893346,0.79670143,0.0056677684187889,0.0030372143,0.010530293,0.00012624264
All circuits classical,4,18,0.7873986,0.7865991,0.78920835,0.78979886,0.0056677684187889,0.0007994771,0.0031997561,0.0018097758
All circuits classical,4,18,0.78892237,0.78398174,0.7873986,0.7913971,0.0056677684187889,0.004940629,0.0074153543,0.0015237927
All circuits classical,4,18,0.7872681,0.78580165,0.78892237,0.78523386,0.0056677684187889,0.0014664531,0.00056779385,0.0016542673
All circuits classical,4,18,0.7767956,0.7840886,0.7872681,0.7701117,0.0056677684187889,0.007292986,0.013976932,0.0104724765
All circuits classical,4,18,0.76847684,0.7739035,0.7767956,0.7681226,0.0056677684187889,0.0054266453,0.0057808757,0.008318782
All circuits classical,4,18,0.76000047,0.76582754,0.76847684,0.75985795,0.0056677684187889,0.0058270693,0.005969584,0.0084763765
All circuits classical,4,18,0.75315213,0.7577849,0.76000047,0.7539911,0.0056677684187889,0.004632771,0.003793776,0.0068483353
Persistence,5,12,0.90002984,0.9059325,0.9059325,0.89965,0.0056353155523538,0.005902648,0.0062825084,0.005902648
Persistence,5,12,0.88923687,0.90002984,0.90002984,0.8855096,0.0056353155523538,0.010792971,0.014520228,0.010792971
Persistence,5,12,0.87767106,0.88923687,0.88923687,0.8753226,0.0056353155523538,0.0115658045,0.013914287,0.0115658045
Persistence,5,12,0.8739828,0.87767106,0.87767106,0.87928826,0.0056353155523538,0.0036882758,0.0016171932,0.0036882758
Persistence,5,12,0.87492675,0.8739828,0.8739828,0.8807088,0.0056353155523538,0.00094395876,0.0067260265,0.00094395876
Persistence,5,12,0.87504387,0.87492675,0.87492675,0.87602335,0.0056353155523538,0.00011712313,0.0010966063,0.00011712313
Persistence,5,12,0.87760997,0.87504387,0.87504387,0.8793386,0.0056353155523538,0.0025660992,0.004294753,0.0025660992
Persistence,5,12,0.8801019,0.87760997,0.87760997,0.88145787,0.0056353155523538,0.002491951,0.003847897,0.002491951
Persistence,5,12,0.8738701,0.8801019,0.8801019,0.86845046,0.0056353155523538,0.0062318444,0.011651456,0.0062318444
Persistence,5,12,0.865847,0.8738701,0.8738701,0.8620723,0.0056353155523538,0.008023083,0.011797786,0.008023083
Persistence,5,12,0.8544704,0.865847,0.865847,0.8507111,0.0056353155523538,0.011376619,0.015135884,0.011376619
Persistence,5,12,0.8372065,0.8544704,0.8544704,0.83155227,0.0056353155523538,0.01726389,0.022918105,0.01726389
Persistence,5,12,0.83504474,0.8372065,0.8372065,0.84379613,0.0056353155523538,0.0021617413,0.006589651,0.0021617413
Persistence,5,12,0.8285201,0.83504474,0.83504474,0.8285985,0.0056353155523538,0.0065246224,0.0064462423,0.0065246224
Persistence,5,12,0.82626516,0.8285201,0.8285201,0.8286263,0.0056353155523538,0.002254963,0.00010615587,0.002254963
Persistence,5,12,0.821249,0.82626516,0.82626516,0.8200065,0.0056353155523538,0.005016148,0.0062586665,0.005016148
Persistence,5,12,0.8166651,0.821249,0.821249,0.8169389,0.0056353155523538,0.004583895,0.004310131,0.004583895
Persistence,5,12,0.8135439,0.8166651,0.8166651,0.81543,0.0056353155523538,0.0031211972,0.0012351274,0.0031211972
Persistence,5,12,0.80594957,0.8135439,0.8135439,0.80296576,0.0056353155523538,0.007594347,0.0105781555,0.007594347
Persistence,5,12,0.8007102,0.80594957,0.80594957,0.8011042,0.0056353155523538,0.0052393675,0.004845381,0.0052393675
Persistence,5,12,0.79671764,0.8007102,0.8007102,0.7981325,0.0056353155523538,0.0039925575,0.002577722,0.0039925575
Persistence,5,12,0.78941154,0.79671764,0.79671764,0.7875563,0.0056353155523538,0.007306099,0.009161353,0.007306099
Persistence,5,12,0.7868462,0.78941154,0.78941154,0.78935623,0.0056353155523538,0.0025653243,5.531311e-05,0.0025653243
Persistence,5,13,0.8919457,0.8951817,0.8951817,0.89387727,0.0056353155523538,0.0032359958,0.0013044477,0.0032359958
Persistence,5,13,0.8873722,0.8919457,0.8919457,0.8872821,0.0056353155523538,0.004573524,0.004663646,0.004573524
Persistence,5,13,0.8875275,0.8873722,0.8873722,0.8906314,0.0056353155523538,0.0001553297,0.003259182,0.0001553297
Persistence,5,13,0.88580495,0.8875275,0.8875275,0.8858322,0.0056353155523538,0.0017225742,0.0016953349,0.0017225742
Persistence,5,13,0.8844818,0.88580495,0.88580495,0.8848437,0.0056353155523538,0.0013231635,0.0009612441,0.0013231635
Persistence,5,13,0.88108313,0.8844818,0.8844818,0.8797299,0.0056353155523538,0.0033986568,0.004751861,0.0033986568
Persistence,5,13,0.87839246,0.88108313,0.88108313,0.87848204,0.0056353155523538,0.0026906729,0.002601087,0.0026906729
Persistence,5,13,0.86665964,0.87839246,0.87839246,0.8601056,0.0056353155523538,0.011732817,0.018286884,0.011732817
Persistence,5,13,0.84392476,0.86665964,0.86665964,0.8327076,0.0056353155523538,0.02273488,0.033952057,0.02273488
Persistence,5,13,0.8306551,0.84392476,0.84392476,0.83351034,0.0056353155523538,0.013269663,0.010414422,0.013269663
Persistence,5,13,0.8231329,0.8306551,0.8306551,0.8292711,0.0056353155523538,0.0075222254,0.0013840199,0.0075222254
Persistence,5,13,0.8177814,0.8231329,0.8231329,0.82093954,0.0056353155523538,0.005351484,0.0021933317,0.005351484
Persistence,5,13,0.816878,0.8177814,0.8177814,0.82007676,0.0056353155523538,0.000903368,0.0022953749,0.000903368
Persistence,5,13,0.8190158,0.816878,0.816878,0.82287234,0.0056353155523538,0.0021377802,0.00599432,0.0021377802
Persistence,5,13,0.8217023,0.8190158,0.8190158,0.82472265,0.0056353155523538,0.0026865005,0.0057068467,0.0026865005
Persistence,5,13,0.8219545,0.8217023,0.8217023,0.82127243,0.0056353155523538,0.00025218725,0.0004298687,0.00025218725
Persistence,5,13,0.81815076,0.8219545,0.8219545,0.8146525,0.0056353155523538,0.00380373,0.007301986,0.00380373
Persistence,5,13,0.8158416,0.81815076,0.81815076,0.81610477,0.0056353155523538,0.0023091435,0.002045989,0.0023091435
Persistence,5,13,0.813919,0.8158416,0.8158416,0.814834,0.0056353155523538,0.0019226074,0.0010076165,0.0019226074
Persistence,5,13,0.80965793,0.813919,0.813919,0.8079595,0.0056353155523538,0.0042610765,0.005959511,0.0042610765
Persistence,5,13,0.80422896,0.80965793,0.80965793,0.8021756,0.0056353155523538,0.00542897,0.00748235,0.00542897
Persistence,5,13,0.7982522,0.80422896,0.80422896,0.79717004,0.0056353155523538,0.0059767365,0.0070589185,0.0059767365
Full model,5,12,0.90002984,0.89557654,0.9059325,0.89965,0.0056353155523538,0.0044533014,0.004073441,0.005902648
Full model,5,12,0.88923687,0.8914325,0.90002984,0.8855096,0.0056353155523538,0.0021956563,0.0059229136,0.010792971
Full model,5,12,0.87767106,0.880675,0.88923687,0.8753226,0.0056353155523538,0.003003955,0.0053524375,0.0115658045
Full model,5,12,0.8739828,0.86923236,0.87767106,0.87928826,0.0056353155523538,0.0047504306,0.0100559,0.0036882758
Full model,5,12,0.87492675,0.8661506,0.8739828,0.8807088,0.0056353155523538,0.008776128,0.014558196,0.00094395876
Full model,5,12,0.87504387,0.8695364,0.87492675,0.87602335,0.0056353155523538,0.005507469,0.0064869523,0.00011712313
Full model,5,12,0.87760997,0.86982626,0.87504387,0.8793386,0.0056353155523538,0.007783711,0.009512365,0.0025660992
Full model,5,12,0.8801019,0.8729739,0.87760997,0.88145787,0.0056353155523538,0.0071280003,0.008483946,0.002491951
Full model,5,12,0.8738701,0.8751727,0.8801019,0.86845046,0.0056353155523538,0.0013025999,0.006722212,0.0062318444
Full model,5,12,0.865847,0.8694703,0.8738701,0.8620723,0.0056353155523538,0.0036233068,0.0073980093,0.008023083
Full model,5,12,0.8544704,0.8614593,0.865847,0.8507111,0.0056353155523538,0.0069889426,0.010748208,0.011376619
Full model,5,12,0.8372065,0.84978557,0.8544704,0.83155227,0.0056353155523538,0.012579083,0.0182333,0.01726389
Full model,5,12,0.83504474,0.8327721,0.8372065,0.84379613,0.0056353155523538,0.0022726655,0.011024058,0.0021617413
Full model,5,12,0.8285201,0.8303403,0.83504474,0.8285985,0.0056353155523538,0.0018202066,0.0017418265,0.0065246224
Full model,5,12,0.82626516,0.825406,0.8285201,0.8286263,0.0056353155523538,0.00085914135,0.0032202601,0.002254963
Full model,5,12,0.821249,0.82261664,0.82626516,0.8200065,0.0056353155523538,0.0013676286,0.002610147,0.005016148
Full model,5,12,0.8166651,0.81782246,0.821249,0.8169389,0.0056353155523538,0.0011573434,0.00088357925,0.004583895
Full model,5,12,0.8135439,0.8139326,0.8166651,0.81543,0.0056353155523538,0.0003886819,0.0014973879,0.0031211972
Full model,5,12,0.80594957,0.80993587,0.8135439,0.80296576,0.0056353155523538,0.003986299,0.0069701076,0.007594347
Full model,5,12,0.8007102,0.80312616,0.80594957,0.8011042,0.0056353155523538,0.002415955,0.0020219684,0.0052393675
Full model,5,12,0.79671764,0.7981272,0.8007102,0.7981325,0.0056353155523538,0.0014095306,5.3048134e-06,0.0039925575
Full model,5,12,0.78941154,0.7947973,0.79671764,0.7875563,0.0056353155523538,0.0053857565,0.0072410107,0.007306099
Full model,5,12,0.7868462,0.7873965,0.78941154,0.78935623,0.0056353155523538,0.0005502701,0.001959741,0.0025653243
Full model,5,13,0.8919457,0.88767415,0.8951817,0.89387727,0.0056353155523538,0.004271567,0.006203115,0.0032359958
Full model,5,13,0.8873722,0.88381106,0.8919457,0.8872821,0.0056353155523538,0.003561139,0.003471017,0.004573524
Full model,5,13,0.8875275,0.88149905,0.8873722,0.8906314,0.0056353155523538,0.0060284734,0.009132326,0.0001553297
Full model,5,13,0.88580495,0.87970936,0.8875275,0.8858322,0.0056353155523538,0.006095588,0.0061228275,0.0017225742
Full model,5,13,0.8844818,0.88032204,0.88580495,0.8848437,0.0056353155523538,0.0041597486,0.004521668,0.0013231635
Full model,5,13,0.88108313,0.8794416,0.8844818,0.8797299,0.0056353155523538,0.0016415119,0.00028830767,0.0033986568
Full model,5,13,0.87839246,0.8765189,0.88108313,0.87848204,0.0056353155523538,0.0018735528,0.0019631386,0.0026906729
Full model,5,13,0.86665964,0.87406635,0.87839246,0.8601056,0.0056353155523538,0.0074067116,0.013960779,0.011732817
Full model,5,13,0.84392476,0.8624781,0.86665964,0.8327076,0.0056353155523538,0.018553317,0.029770494,0.02273488
Full model,5,13,0.8306551,0.83994484,0.84392476,0.83351034,0.0056353155523538,0.0092897415,0.0064345,0.013269663
Full model,5,13,0.8231329,0.8263647,0.8306551,0.8292711,0.0056353155523538,0.0032318234,0.002906382,0.0075222254
Full model,5,13,0.8177814,0.8187437,0.8231329,0.82093954,0.0056353155523538,0.000962317,0.002195835,0.005351484
Full model,5,13,0.816878,0.8133052,0.8177814,0.82007676,0.0056353155523538,0.0035728216,0.0067715645,0.000903368
Full model,5,13,0.8190158,0.8132002,0.816878,0.82287234,0.0056353155523538,0.005815625,0.009672165,0.0021377802
Full model,5,13,0.8217023,0.8165653,0.8190158,0.82472265,0.0056353155523538,0.0051370263,0.0081573725,0.0026865005
Full model,5,13,0.8219545,0.818951,0.8217023,0.82127243,0.0056353155523538,0.003003478,0.002321422,0.00025218725
Full model,5,13,0.81815076,0.8190877,0.8219545,0.8146525,0.0056353155523538,0.0009369254,0.0044351816,0.00380373
Full model,5,13,0.8158416,0.81595653,0.81815076,0.81610477,0.0056353155523538,0.000114917755,0.00014823675,0.0023091435
Full model,5,13,0.813919,0.8139062,0.8158416,0.814834,0.0056353155523538,1.2814999e-05,0.0009278059,0.0019226074
Full model,5,13,0.80965793,0.8116371,0.813919,0.8079595,0.0056353155523538,0.0019791722,0.0036776066,0.0042610765
Full model,5,13,0.80422896,0.8076127,0.80965793,0.8021756,0.0056353155523538,0.0033837557,0.0054371357,0.00542897
Full model,5,13,0.7982522,0.8028056,0.80422896,0.79717004,0.0056353155523538,0.0045533776,0.0056355596,0.0059767365
Without quantum attention,5,12,0.90002984,0.8997092,0.9059325,0.89965,0.0056353155523538,0.00032061338,5.9247017e-05,0.005902648
Without quantum attention,5,12,0.88923687,0.8943703,0.90002984,0.8855096,0.0056353155523538,0.00513345,0.008860707,0.010792971
Without quantum attention,5,12,0.87767106,0.88309175,0.88923687,0.8753226,0.0056353155523538,0.005420685,0.0077691674,0.0115658045
Without quantum attention,5,12,0.8739828,0.8709119,0.87767106,0.87928826,0.0056353155523538,0.003070891,0.00837636,0.0036882758
Without quantum attention,5,12,0.87492675,0.8676775,0.8739828,0.8807088,0.0056353155523538,0.007249236,0.013031304,0.00094395876
Without quantum attention,5,12,0.87504387,0.87074286,0.87492675,0.87602335,0.0056353155523538,0.0043010116,0.0052804947,0.00011712313
Without quantum attention,5,12,0.87760997,0.87107396,0.87504387,0.8793386,0.0056353155523538,0.006536007,0.008264661,0.0025660992
Without quantum attention,5,12,0.8801019,0.87464696,0.87760997,0.88145787,0.0056353155523538,0.0054549575,0.0068109035,0.002491951
Without quantum attention,5,12,0.8738701,0.8771443,0.8801019,0.86845046,0.0056353155523538,0.0032742023,0.008693814,0.0062318444
Without quantum attention,5,12,0.865847,0.87046534,0.8738701,0.8620723,0.0056353155523538,0.0046183467,0.008393049,0.008023083
Without quantum attention,5,12,0.8544704,0.862639,0.865847,0.8507111,0.0056353155523538,0.008168638,0.011927903,0.011376619
Without quantum attention,5,12,0.8372065,0.851161,0.8544704,0.83155227,0.0056353155523538,0.01395452,0.019608736,0.01726389
Without quantum attention,5,12,0.83504474,0.8336644,0.8372065,0.84379613,0.0056353155523538,0.0013803244,0.010131717,0.0021617413
Without quantum attention,5,12,0.8285201,0.8313171,0.83504474,0.8285985,0.0056353155523538,0.0027970076,0.0027186275,0.0065246224
Without quantum attention,5,12,0.82626516,0.8239348,0.8285201,0.8286263,0.0056353155523538,0.0023303628,0.0046914816,0.002254963
Without quantum attention,5,12,0.821249,0.82228386,0.82626516,0.8200065,0.0056353155523538,0.0010348558,0.0022773743,0.005016148
Without quantum attention,5,12,0.8166651,0.81695974,0.821249,0.8169389,0.0056353155523538,0.00029462576,2.0861626e-05,0.004583895
Without quantum attention,5,12,0.8135439,0.8112742,0.8166651,0.81543,0.0056353155523538,0.0022697449,0.0041558146,0.0031211972
Without quantum attention,5,12,0.80594957,0.8088864,0.8135439,0.80296576,0.0056353155523538,0.00293684,0.0059206486,0.007594347
Without quantum attention,5,12,0.8007102,0.80158365,0.80594957,0.8011042,0.0056353155523538,0.00087344646,0.00047945976,0.0052393675
Without quantum attention,5,12,0.79671764,0.7965277,0.8007102,0.7981325,0.0056353155523538,0.00018996,0.0016047955,0.0039925575
Without quantum attention,5,12,0.78941154,0.79297465,0.79671764,0.7875563,0.0056353155523538,0.003563106,0.0054183602,0.007306099
Without quantum attention,5,12,0.7868462,0.7853717,0.78941154,0.78935623,0.0056353155523538,0.0014744997,0.003984511,0.0025653243
Without quantum attention,5,13,0.8919457,0.8904575,0.8951817,0.89387727,0.0056353155523538,0.0014882088,0.003419757,0.0032359958
Without quantum attention,5,13,0.8873722,0.88514584,0.8919457,0.8872821,0.0056353155523538,0.0022263527,0.0021362305,0.004573524
Without quantum attention,5,13,0.8875275,0.88357854,0.8873722,0.8906314,0.0056353155523538,0.0039489865,0.007052839,0.0001553297
Without quantum attention,5,13,0.88580495,0.8828857,0.8875275,0.8858322,0.0056353155523538,0.0029192567,0.002946496,0.0017225742
Without quantum attention,5,13,0.8844818,0.8825138,0.88580495,0.8848437,0.0056353155523538,0.0019679666,0.002329886,0.0013231635
Without quantum attention,5,13,0.88108313,0.88142335,0.8844818,0.8797299,0.0056353155523538,0.0003402233,0.0016934276,0.0033986568
Without quantum attention,5,13,0.87839246,0.87835836,0.88108313,0.87848204,0.0056353155523538,3.4093857e-05,0.00012367964,0.0026906729
Without quantum attention,5,13,0.86665964,0.8755949,0.87839246,0.8601056,0.0056353155523538,0.008935273,0.01548934,0.011732817
Without quantum attention,5,13,0.84392476,0.86361617,0.86665964,0.8327076,0.0056353155523538,0.019691408,0.030908585,0.02273488
Without quantum attention,5,13,0.8306551,0.8407195,0.84392476,0.83351034,0.0056353155523538,0.010064423,0.007209182,0.013269663
Without quantum attention,5,13,0.8231329,0.82662976,0.8306551,0.8292711,0.0056353155523538,0.0034968853,0.0026413202,0.0075222254
Without quantum attention,5,13,0.8177814,0.8196794,0.8231329,0.82093954,0.0056353155523538,0.0018979907,0.0012601614,0.005351484
Without quantum attention,5,13,0.816878,0.8140628,0.8177814,0.82007676,0.0056353155523538,0.0028152466,0.0060139894,0.000903368
Without quantum attention,5,13,0.8190158,0.8134744,0.816878,0.82287234,0.0056353155523538,0.005541384,0.009397924,0.0021377802
Without quantum attention,5,13,0.8217023,0.8145159,0.8190158,0.82472265,0.0056353155523538,0.007186413,0.010206759,0.0026865005
Without quantum attention,5,13,0.8219545,0.81724805,0.8217023,0.82127243,0.0056353155523538,0.0047064424,0.0040243864,0.00025218725
Without quantum attention,5,13,0.81815076,0.81686455,0.8219545,0.8146525,0.0056353155523538,0.0012862086,0.0022120476,0.00380373
Without quantum attention,5,13,0.8158416,0.81279945,0.81815076,0.81610477,0.0056353155523538,0.0030421615,0.003305316,0.0023091435
Without quantum attention,5,13,0.813919,0.81079656,0.8158416,0.814834,0.0056353155523538,0.003122449,0.00403744,0.0019226074
Without quantum attention,5,13,0.80965793,0.80897945,0.813919,0.8079595,0.0056353155523538,0.0006784797,0.0010199547,0.0042610765
Without quantum attention,5,13,0.80422896,0.80511063,0.80965793,0.8021756,0.0056353155523538,0.0008816719,0.002935052,0.00542897
Without quantum attention,5,13,0.7982522,0.7994576,0.80422896,0.79717004,0.0056353155523538,0.0012053847,0.0022875667,0.0059767365
Without VQR,5,12,0.90002984,0.8964023,0.9059325,0.89965,0.0056353155523538,0.0036275387,0.0032476783,0.005902648
Without VQR,5,12,0.88923687,0.89228123,0.90002984,0.8855096,0.0056353155523538,0.0030443668,0.006771624,0.010792971
Without VQR,5,12,0.87767106,0.88274854,0.88923687,0.8753226,0.0056353155523538,0.0050774813,0.007425964,0.0115658045
Without VQR,5,12,0.8739828,0.871677,0.87767106,0.87928826,0.0056353155523538,0.0023058057,0.0076112747,0.0036882758
Without VQR,5,12,0.87492675,0.86781913,0.8739828,0.8807088,0.0056353155523538,0.0071076155,0.012889683,0.00094395876
Without VQR,5,12,0.87504387,0.87042695,0.87492675,0.87602335,0.0056353155523538,0.004616916,0.0055963993,0.00011712313
Without VQR,5,12,0.87760997,0.87041646,0.87504387,0.8793386,0.0056353155523538,0.0071935058,0.00892216,0.0025660992
Without VQR,5,12,0.8801019,0.8730357,0.87760997,0.88145787,0.0056353155523538,0.0070661902,0.008422136,0.002491951
Without VQR,5,12,0.8738701,0.8750127,0.8801019,0.86845046,0.0056353155523538,0.001142621,0.006562233,0.0062318444
Without VQR,5,12,0.865847,0.86935,0.8738701,0.8620723,0.0056353155523538,0.0035030246,0.007277727,0.008023083
Without VQR,5,12,0.8544704,0.8612364,0.865847,0.8507111,0.0056353155523538,0.0067660213,0.010525286,0.011376619
Without VQR,5,12,0.8372065,0.8504563,0.8544704,0.83155227,0.0056353155523538,0.0132498145,0.01890403,0.01726389
Without VQR,5,12,0.83504474,0.8338546,0.8372065,0.84379613,0.0056353155523538,0.001190126,0.009941518,0.0021617413
Without VQR,5,12,0.8285201,0.8317232,0.83504474,0.8285985,0.0056353155523538,0.003203094,0.003124714,0.0065246224
Without VQR,5,12,0.82626516,0.8261578,0.8285201,0.8286263,0.0056353155523538,0.000107347965,0.0024684668,0.002254963
Without VQR,5,12,0.821249,0.8236391,0.82626516,0.8200065,0.0056353155523538,0.0023900867,0.003632605,0.005016148
Without VQR,5,12,0.8166651,0.8183882,0.821249,0.8169389,0.0056353155523538,0.0017231107,0.0014493465,0.004583895
Without VQR,5,12,0.8135439,0.8138144,0.8166651,0.81543,0.0056353155523538,0.00027048588,0.0016155839,0.0031211972
Without VQR,5,12,0.80594957,0.81002444,0.8135439,0.80296576,0.0056353155523538,0.0040748715,0.00705868,0.007594347
Without VQR,5,12,0.8007102,0.802174,0.80594957,0.8011042,0.0056353155523538,0.0014637709,0.0010697842,0.0052393675
Without VQR,5,12,0.79671764,0.796952,0.8007102,0.7981325,0.0056353155523538,0.00023436546,0.00118047,0.0039925575
Without VQR,5,12,0.78941154,0.793103,0.79671764,0.7875563,0.0056353155523538,0.0036914349,0.005546689,0.007306099
Without VQR,5,12,0.7868462,0.7862128,0.78941154,0.78935623,0.0056353155523538,0.00063341856,0.0031434298,0.0025653243
Without VQR,5,13,0.8919457,0.8887525,0.8951817,0.89387727,0.0056353155523538,0.0031931996,0.0051247478,0.0032359958
Without VQR,5,13,0.8873722,0.88638914,0.8919457,0.8872821,0.0056353155523538,0.0009830594,0.0008929372,0.004573524
Without VQR,5,13,0.8875275,0.8828351,0.8873722,0.8906314,0.0056353155523538,0.0046924353,0.0077962875,0.0001553297
Without VQR,5,13,0.88580495,0.8817796,0.8875275,0.8858322,0.0056353155523538,0.00402534,0.0040525794,0.0017225742
Without VQR,5,13,0.8844818,0.88160247,0.88580495,0.8848437,0.0056353155523538,0.0028793216,0.003241241,0.0013231635
Without VQR,5,13,0.88108313,0.88028485,0.8844818,0.8797299,0.0056353155523538,0.000798285,0.00055491924,0.0033986568
Without VQR,5,13,0.87839246,0.87664086,0.88108313,0.87848204,0.0056353155523538,0.0017516017,0.0018411875,0.0026906729
Without VQR,5,13,0.86665964,0.8739321,0.87839246,0.8601056,0.0056353155523538,0.007272482,0.013826549,0.011732817
Without VQR,5,13,0.84392476,0.8623949,0.86665964,0.8327076,0.0056353155523538,0.018470168,0.029687345,0.02273488
Without VQR,5,13,0.8306551,0.8401182,0.84392476,0.83351034,0.0056353155523538,0.009463131,0.00660789,0.013269663
Without VQR,5,13,0.8231329,0.8268656,0.8306551,0.8292711,0.0056353155523538,0.0037327409,0.0024054646,0.0075222254
Without VQR,5,13,0.8177814,0.8198258,0.8231329,0.82093954,0.0056353155523538,0.0020444393,0.0011137128,0.005351484
Without VQR,5,13,0.816878,0.81471,0.8177814,0.82007676,0.0056353155523538,0.0021679997,0.0053667426,0.000903368
Without VQR,5,13,0.8190158,0.81429523,0.816878,0.82287234,0.0056353155523538,0.0047205687,0.008577108,0.0021377802
Without VQR,5,13,0.8217023,0.816647,0.8190158,0.82472265,0.0056353155523538,0.0050553083,0.0080756545,0.0026865005
Without VQR,5,13,0.8219545,0.8191215,0.8217023,0.82127243,0.0056353155523538,0.0028330088,0.0021509528,0.00025218725
Without VQR,5,13,0.81815076,0.8187988,0.8219545,0.8146525,0.0056353155523538,0.0006480217,0.004146278,0.00380373
Without VQR,5,13,0.8158416,0.81518,0.81815076,0.81610477,0.0056353155523538,0.00066161156,0.00092476606,0.0023091435
Without VQR,5,13,0.813919,0.81270367,0.8158416,0.814834,0.0056353155523538,0.0012153387,0.0021303296,0.0019226074
Without VQR,5,13,0.80965793,0.81070626,0.813919,0.8079595,0.0056353155523538,0.0010483265,0.0027467608,0.0042610765
Without VQR,5,13,0.80422896,0.8063517,0.80965793,0.8021756,0.0056353155523538,0.0021227598,0.00417614,0.00542897
Without VQR,5,13,0.7982522,0.8013487,0.80422896,0.79717004,0.0056353155523538,0.0030964613,0.004178643,0.0059767365
Without quantum attention and VQR,5,12,0.90002984,0.8974636,0.9059325,0.89965,0.0056353155523538,0.0025662184,0.002186358,0.005902648
Without quantum attention and VQR,5,12,0.88923687,0.8922733,0.90002984,0.8855096,0.0056353155523538,0.0030364394,0.0067636967,0.010792971
Without quantum attention and VQR,5,12,0.87767106,0.8821258,0.88923687,0.8753226,0.0056353155523538,0.004454732,0.0068032146,0.0115658045
Without quantum attention and VQR,5,12,0.8739828,0.87043625,0.87767106,0.87928826,0.0056353155523538,0.003546536,0.008852005,0.0036882758
Without quantum attention and VQR,5,12,0.87492675,0.8669553,0.8739828,0.8807088,0.0056353155523538,0.007971466,0.013753533,0.00094395876
Without quantum attention and VQR,5,12,0.87504387,0.8702833,0.87492675,0.87602335,0.0056353155523538,0.0047605634,0.0057400465,0.00011712313
Without quantum attention and VQR,5,12,0.87760997,0.87080157,0.87504387,0.8793386,0.0056353155523538,0.0068084,0.008537054,0.0025660992
Without quantum attention and VQR,5,12,0.8801019,0.8741975,0.87760997,0.88145787,0.0056353155523538,0.005904436,0.007260382,0.002491951
Without quantum attention and VQR,5,12,0.8738701,0.8765252,0.8801019,0.86845046,0.0056353155523538,0.0026551485,0.00807476,0.0062318444
Without quantum attention and VQR,5,12,0.865847,0.86980295,0.8738701,0.8620723,0.0056353155523538,0.0039559603,0.007730663,0.008023083
Without quantum attention and VQR,5,12,0.8544704,0.8617888,0.865847,0.8507111,0.0056353155523538,0.007318437,0.011077702,0.011376619
Without quantum attention and VQR,5,12,0.8372065,0.8502709,0.8544704,0.83155227,0.0056353155523538,0.013064444,0.01871866,0.01726389
Without quantum attention and VQR,5,12,0.83504474,0.8325765,0.8372065,0.84379613,0.0056353155523538,0.0024682283,0.011219621,0.0021617413
Without quantum attention and VQR,5,12,0.8285201,0.8303681,0.83504474,0.8285985,0.0056353155523538,0.0018479824,0.0017696023,0.0065246224
Without quantum attention and VQR,5,12,0.82626516,0.8234933,0.8285201,0.8286263,0.0056353155523538,0.0027718544,0.005132973,0.002254963
Without quantum attention and VQR,5,12,0.821249,0.821843,0.82626516,0.8200065,0.0056353155523538,0.0005940199,0.0018365383,0.005016148
Without quantum attention and VQR,5,12,0.8166651,0.81676775,0.821249,0.8169389,0.0056353155523538,0.0001026392,0.00017112494,0.004583895
Without quantum attention and VQR,5,12,0.8135439,0.8114566,0.8166651,0.81543,0.0056353155523538,0.002087295,0.003973365,0.0031211972
Without quantum attention and VQR,5,12,0.80594957,0.80883616,0.8135439,0.80296576,0.0056353155523538,0.0028865933,0.005870402,0.007594347
Without quantum attention and VQR,5,12,0.8007102,0.8011295,0.80594957,0.8011042,0.0056353155523538,0.00041931868,2.5331974e-05,0.0052393675
Without quantum attention and VQR,5,12,0.79671764,0.79589707,0.8007102,0.7981325,0.0056353155523538,0.00082057714,0.0022354126,0.0039925575
Without quantum attention and VQR,5,12,0.78941154,0.79209435,0.79671764,0.7875563,0.0056353155523538,0.002682805,0.0045380592,0.007306099
Without quantum attention and VQR,5,12,0.7868462,0.7848745,0.78941154,0.78935623,0.0056353155523538,0.0019717216,0.004481733,0.0025653243
Without quantum attention and VQR,5,13,0.8919457,0.8888398,0.8951817,0.89387727,0.0056353155523538,0.0031059384,0.0050374866,0.0032359958
Without quantum attention and VQR,5,13,0.8873722,0.8849364,0.8919457,0.8872821,0.0056353155523538,0.0024358034,0.0023456812,0.004573524
Without quantum attention and VQR,5,13,0.8875275,0.8831018,0.8873722,0.8906314,0.0056353155523538,0.0044257045,0.0075295568,0.0001553297
Without quantum attention and VQR,5,13,0.88580495,0.8829821,0.8875275,0.8858322,0.0056353155523538,0.002822876,0.0028501153,0.0017225742
Without quantum attention and VQR,5,13,0.8844818,0.8823317,0.88580495,0.8848437,0.0056353155523538,0.0021500587,0.0025119781,0.0013231635
Without quantum attention and VQR,5,13,0.88108313,0.88113135,0.8844818,0.8797299,0.0056353155523538,4.8220158e-05,0.0014014244,0.0033986568
Without quantum attention and VQR,5,13,0.87839246,0.87783915,0.88108313,0.87848204,0.0056353155523538,0.0005533099,0.0006428957,0.0026906729
Without quantum attention and VQR,5,13,0.86665964,0.87486476,0.87839246,0.8601056,0.0056353155523538,0.008205116,0.014759183,0.011732817
Without quantum attention and VQR,5,13,0.84392476,0.86286354,0.86665964,0.8327076,0.0056353155523538,0.01893878,0.030155957,0.02273488
Without quantum attention and VQR,5,13,0.8306551,0.8399014,0.84392476,0.83351034,0.0056353155523538,0.00924629,0.0063910484,0.013269663
Without quantum attention and VQR,5,13,0.8231329,0.8260478,0.8306551,0.8292711,0.0056353155523538,0.0029149055,0.0032233,0.0075222254
Without quantum attention and VQR,5,13,0.8177814,0.8186722,0.8231329,0.82093954,0.0056353155523538,0.0008907914,0.0022673607,0.005351484
Without quantum attention and VQR,5,13,0.816878,0.81317645,0.8177814,0.82007676,0.0056353155523538,0.0037015676,0.0069003105,0.000903368
Without quantum attention and VQR,5,13,0.8190158,0.8127015,0.816878,0.82287234,0.0056353155523538,0.0063142776,0.010170817,0.0021377802
Without quantum attention and VQR,5,13,0.8217023,0.81423396,0.8190158,0.82472265,0.0056353155523538,0.007468343,0.010488689,0.0026865005
Without quantum attention and VQR,5,13,0.8219545,0.8171274,0.8217023,0.82127243,0.0056353155523538,0.004827082,0.004145026,0.00025218725
Without quantum attention and VQR,5,13,0.81815076,0.8170499,0.8219545,0.8146525,0.0056353155523538,0.0011008382,0.002397418,0.00380373
Without quantum attention and VQR,5,13,0.8158416,0.81253034,0.81815076,0.81610477,0.0056353155523538,0.0033112764,0.003574431,0.0023091435
Without quantum attention and VQR,5,13,0.813919,0.81051606,0.8158416,0.814834,0.0056353155523538,0.0034029484,0.0043179393,0.0019226074
Without quantum attention and VQR,5,13,0.80965793,0.808798,0.813919,0.8079595,0.0056353155523538,0.0008599162,0.00083851814,0.0042610765
Without quantum attention and VQR,5,13,0.80422896,0.8047394,0.80965793,0.8021756,0.0056353155523538,0.0005104542,0.0025638342,0.00542897
Without quantum attention and VQR,5,13,0.7982522,0.79884654,0.80422896,0.79717004,0.0056353155523538,0.0005943179,0.0016764998,0.0059767365
Classical QLSTM gates,5,12,0.90002984,0.8960467,0.9059325,0.89965,0.0056353155523538,0.00398314,0.0036032796,0.005902648
Classical QLSTM gates,5,12,0.88923687,0.89140797,0.90002984,0.8855096,0.0056353155523538,0.0021710992,0.0058983564,0.010792971
Classical QLSTM gates,5,12,0.87767106,0.88100463,0.88923687,0.8753226,0.0056353155523538,0.0033335686,0.005682051,0.0115658045
Classical QLSTM gates,5,12,0.8739828,0.87104136,0.87767106,0.87928826,0.0056353155523538,0.0029414296,0.008246899,0.0036882758
Classical QLSTM gates,5,12,0.87492675,0.86854297,0.8739828,0.8807088,0.0056353155523538,0.0063837767,0.012165844,0.00094395876
Classical QLSTM gates,5,12,0.87504387,0.8705752,0.87492675,0.87602335,0.0056353155523538,0.0044686794,0.0054481626,0.00011712313
Classical QLSTM gates,5,12,0.87760997,0.8705091,0.87504387,0.8793386,0.0056353155523538,0.00710088,0.008829534,0.0025660992
Classical QLSTM gates,5,12,0.8801019,0.8736022,0.87760997,0.88145787,0.0056353155523538,0.0064997077,0.007855654,0.002491951
Classical QLSTM gates,5,12,0.8738701,0.8756171,0.8801019,0.86845046,0.0056353155523538,0.0017470121,0.007166624,0.0062318444
Classical QLSTM gates,5,12,0.865847,0.8685733,0.8738701,0.8620723,0.0056353155523538,0.0027263165,0.006501019,0.008023083
Classical QLSTM gates,5,12,0.8544704,0.8612924,0.865847,0.8507111,0.0056353155523538,0.0068220496,0.010581315,0.011376619
Classical QLSTM gates,5,12,0.8372065,0.84938544,0.8544704,0.83155227,0.0056353155523538,0.012178957,0.017833173,0.01726389
Classical QLSTM gates,5,12,0.83504474,0.8321386,0.8372065,0.84379613,0.0056353155523538,0.0029061437,0.011657536,0.0021617413
Classical QLSTM gates,5,12,0.8285201,0.83110833,0.83504474,0.8285985,0.0056353155523538,0.0025882125,0.0025098324,0.0065246224
Classical QLSTM gates,5,12,0.82626516,0.82547754,0.8285201,0.8286263,0.0056353155523538,0.0007876158,0.0031487346,0.002254963
Classical QLSTM gates,5,12,0.821249,0.8238266,0.82626516,0.8200065,0.0056353155523538,0.0025776029,0.0038201213,0.005016148
Classical QLSTM gates,5,12,0.8166651,0.81979305,0.821249,0.8169389,0.0056353155523538,0.0031279325,0.0028541684,0.004583895
Classical QLSTM gates,5,12,0.8135439,0.81469744,0.8166651,0.81543,0.0056353155523538,0.0011535287,0.0007325411,0.0031211972
Classical QLSTM gates,5,12,0.80594957,0.81051064,0.8135439,0.80296576,0.0056353155523538,0.0045610666,0.007544875,0.007594347
Classical QLSTM gates,5,12,0.8007102,0.80303806,0.80594957,0.8011042,0.0056353155523538,0.0023278594,0.0019338727,0.0052393675
Classical QLSTM gates,5,12,0.79671764,0.79737425,0.8007102,0.7981325,0.0056353155523538,0.00065660477,0.0007582307,0.0039925575
Classical QLSTM gates,5,12,0.78941154,0.79367906,0.79671764,0.7875563,0.0056353155523538,0.0042675138,0.006122768,0.007306099
Classical QLSTM gates,5,12,0.7868462,0.7860317,0.78941154,0.78935623,0.0056353155523538,0.00081449747,0.0033245087,0.0025653243
Classical QLSTM gates,5,13,0.8919457,0.887344,0.8951817,0.89387727,0.0056353155523538,0.004601717,0.006533265,0.0032359958
Classical QLSTM gates,5,13,0.8873722,0.8829241,0.8919457,0.8872821,0.0056353155523538,0.004448116,0.0043579936,0.004573524
Classical QLSTM gates,5,13,0.8875275,0.88243115,0.8873722,0.8906314,0.0056353155523538,0.005096376,0.008200228,0.0001553297
Classical QLSTM gates,5,13,0.88580495,0.8819821,0.8875275,0.8858322,0.0056353155523538,0.003822863,0.0038501024,0.0017225742
Classical QLSTM gates,5,13,0.8844818,0.8814916,0.88580495,0.8848437,0.0056353155523538,0.0029901862,0.0033521056,0.0013231635
Classical QLSTM gates,5,13,0.88108313,0.87986267,0.8844818,0.8797299,0.0056353155523538,0.0012204647,0.00013273954,0.0033986568
Classical QLSTM gates,5,13,0.87839246,0.8768922,0.88108313,0.87848204,0.0056353155523538,0.0015002489,0.0015898347,0.0026906729
Classical QLSTM gates,5,13,0.86665964,0.87363154,0.87839246,0.8601056,0.0056353155523538,0.0069718957,0.013525963,0.011732817
Classical QLSTM gates,5,13,0.84392476,0.86198276,0.86665964,0.8327076,0.0056353155523538,0.018058002,0.029275179,0.02273488
Classical QLSTM gates,5,13,0.8306551,0.83928615,0.84392476,0.83351034,0.0056353155523538,0.008631051,0.0057758093,0.013269663
Classical QLSTM gates,5,13,0.8231329,0.8263806,0.8306551,0.8292711,0.0056353155523538,0.003247738,0.0028904676,0.0075222254
Classical QLSTM gates,5,13,0.8177814,0.819581,0.8231329,0.82093954,0.0056353155523538,0.0017995834,0.0013585687,0.005351484
Classical QLSTM gates,5,13,0.816878,0.8148252,0.8177814,0.82007676,0.0056353155523538,0.0020528436,0.0052515864,0.000903368
Classical QLSTM gates,5,13,0.8190158,0.8147109,0.816878,0.82287234,0.0056353155523538,0.004304886,0.008161426,0.0021377802
Classical QLSTM gates,5,13,0.8217023,0.81740177,0.8190158,0.82472265,0.0056353155523538,0.0043005347,0.007320881,0.0026865005
Classical QLSTM gates,5,13,0.8219545,0.8198177,0.8217023,0.82127243,0.0056353155523538,0.002136767,0.001454711,0.00025218725
Classical QLSTM gates,5,13,0.81815076,0.8201715,0.8219545,0.8146525,0.0056353155523538,0.0020207167,0.005518973,0.00380373
Classical QLSTM gates,5,13,0.8158416,0.81586593,0.81815076,0.81610477,0.0056353155523538,2.4318695e-05,0.00023883581,0.0023091435
Classical QLSTM gates,5,13,0.813919,0.81309605,0.8158416,0.814834,0.0056353155523538,0.00082296133,0.0017379522,0.0019226074
Classical QLSTM gates,5,13,0.80965793,0.81062514,0.813919,0.8079595,0.0056353155523538,0.00096720457,0.002665639,0.0042610765
Classical QLSTM gates,5,13,0.80422896,0.80633664,0.80965793,0.8021756,0.0056353155523538,0.0021076798,0.00416106,0.00542897
Classical QLSTM gates,5,13,0.7982522,0.8005647,0.80422896,0.79717004,0.0056353155523538,0.0023124814,0.0033946633,0.0059767365
Classical attention circuits,5,12,0.90002984,0.8965423,0.9059325,0.89965,0.0056353155523538,0.0034875274,0.003107667,0.005902648
Classical attention circuits,5,12,0.88923687,0.8929015,0.90002984,0.8855096,0.0056353155523538,0.0036646128,0.00739187,0.010792971
Classical attention circuits,5,12,0.87767106,0.88253814,0.88923687,0.8753226,0.0056353155523538,0.004867077,0.0072155595,0.0115658045
Classical attention circuits,5,12,0.8739828,0.8706277,0.87767106,0.87928826,0.0056353155523538,0.0033550858,0.008660555,0.0036882758
Classical attention circuits,5,12,0.87492675,0.86772996,0.8739828,0.8807088,0.0056353155523538,0.007196784,0.012978852,0.00094395876
Classical attention circuits,5,12,0.87504387,0.86987203,0.87492675,0.87602335,0.0056353155523538,0.0051718354,0.0061513186,0.00011712313
Classical attention circuits,5,12,0.87760997,0.8697107,0.87504387,0.8793386,0.0056353155523538,0.007899284,0.009627938,0.0025660992
Classical attention circuits,5,12,0.8801019,0.8730333,0.87760997,0.88145787,0.0056353155523538,0.007068634,0.00842458,0.002491951
Classical attention circuits,5,12,0.8738701,0.87517154,0.8801019,0.86845046,0.0056353155523538,0.0013014674,0.0067210793,0.0062318444
Classical attention circuits,5,12,0.865847,0.86903787,0.8738701,0.8620723,0.0056353155523538,0.003190875,0.0069655776,0.008023083
Classical attention circuits,5,12,0.8544704,0.861586,0.865847,0.8507111,0.0056353155523538,0.0071156025,0.010874867,0.011376619
Classical attention circuits,5,12,0.8372065,0.8496877,0.8544704,0.83155227,0.0056353155523538,0.012481213,0.018135428,0.01726389
Classical attention circuits,5,12,0.83504474,0.83297026,0.8372065,0.84379613,0.0056353155523538,0.00207448,0.010825872,0.0021617413
Classical attention circuits,5,12,0.8285201,0.83102673,0.83504474,0.8285985,0.0056353155523538,0.0025066137,0.0024282336,0.0065246224
Classical attention circuits,5,12,0.82626516,0.82578415,0.8285201,0.8286263,0.0056353155523538,0.00048100948,0.0028421283,0.002254963
Classical attention circuits,5,12,0.821249,0.82274616,0.82626516,0.8200065,0.0056353155523538,0.0014971495,0.002739668,0.005016148
Classical attention circuits,5,12,0.8166651,0.81775606,0.821249,0.8169389,0.0056353155523538,0.0010909438,0.0008171797,0.004583895
Classical attention circuits,5,12,0.8135439,0.8130527,0.8166651,0.81543,0.0056353155523538,0.0004912019,0.0023772717,0.0031211972
Classical attention circuits,5,12,0.80594957,0.80888313,0.8135439,0.80296576,0.0056353155523538,0.0029335618,0.0059173703,0.007594347
Classical attention circuits,5,12,0.8007102,0.8017434,0.80594957,0.8011042,0.0056353155523538,0.0010331869,0.0006392002,0.0052393675
Classical attention circuits,5,12,0.79671764,0.79649764,0.8007102,0.7981325,0.0056353155523538,0.00022000074,0.0016348362,0.0039925575
Classical attention circuits,5,12,0.78941154,0.7932028,0.79671764,0.7875563,0.0056353155523538,0.0037912726,0.005646527,0.007306099
Classical attention circuits,5,12,0.7868462,0.7859539,0.78941154,0.78935623,0.0056353155523538,0.00089234114,0.0034023523,0.0025653243
Classical attention circuits,5,13,0.8919457,0.888801,0.8951817,0.89387727,0.0056353155523538,0.003144741,0.005076289,0.0032359958
Classical attention circuits,5,13,0.8873722,0.8842882,0.8919457,0.8872821,0.0056353155523538,0.003084004,0.0029938817,0.004573524
Classical attention circuits,5,13,0.8875275,0.8829047,0.8873722,0.8906314,0.0056353155523538,0.004622817,0.0077266693,0.0001553297
Classical attention circuits,5,13,0.88580495,0.8814659,0.8875275,0.8858322,0.0056353155523538,0.0043390393,0.0043662786,0.0017225742
Classical attention circuits,5,13,0.8844818,0.880796,0.88580495,0.8848437,0.0056353155523538,0.0036857724,0.004047692,0.0013231635
Classical attention circuits,5,13,0.88108313,0.87958884,0.8844818,0.8797299,0.0056353155523538,0.0014942884,0.0001410842,0.0033986568
Classical attention circuits,5,13,0.87839246,0.8766558,0.88108313,0.87848204,0.0056353155523538,0.0017366409,0.0018262267,0.0026906729
Classical attention circuits,5,13,0.86665964,0.87403214,0.87839246,0.8601056,0.0056353155523538,0.0073724985,0.013926566,0.011732817
Classical attention circuits,5,13,0.84392476,0.8620706,0.86665964,0.8327076,0.0056353155523538,0.01814586,0.029363036,0.02273488
Classical attention circuits,5,13,0.8306551,0.83939284,0.84392476,0.83351034,0.0056353155523538,0.008737743,0.0058825016,0.013269663
Classical attention circuits,5,13,0.8231329,0.8255096,0.8306551,0.8292711,0.0056353155523538,0.0023767352,0.0037614703,0.0075222254
Classical attention circuits,5,13,0.8177814,0.8186076,0.8231329,0.82093954,0.0056353155523538,0.0008262396,0.0023319125,0.005351484
Classical attention circuits,5,13,0.816878,0.81344897,0.8177814,0.82007676,0.0056353155523538,0.0034290552,0.006627798,0.000903368
Classical attention circuits,5,13,0.8190158,0.81347567,0.816878,0.82287234,0.0056353155523538,0.0055401325,0.009396672,0.0021377802
Classical attention circuits,5,13,0.8217023,0.81678325,0.8190158,0.82472265,0.0056353155523538,0.004919052,0.007939398,0.0026865005
Classical attention circuits,5,13,0.8219545,0.8187733,0.8217023,0.82127243,0.0056353155523538,0.0031811595,0.0024991035,0.00025218725
Classical attention circuits,5,13,0.81815076,0.8182326,0.8219545,0.8146525,0.0056353155523538,8.183718e-05,0.0035800934,0.00380373
Classical attention circuits,5,13,0.8158416,0.814451,0.81815076,0.81610477,0.0056353155523538,0.001390636,0.0016537905,0.0023091435
Classical attention circuits,5,13,0.813919,0.8122882,0.8158416,0.814834,0.0056353155523538,0.0016307831,0.002545774,0.0019226074
Classical attention circuits,5,13,0.80965793,0.80972093,0.813919,0.8079595,0.0056353155523538,6.300211e-05,0.0017614365,0.0042610765
Classical attention circuits,5,13,0.80422896,0.8056436,0.80965793,0.8021756,0.0056353155523538,0.0014146566,0.0034680367,0.00542897
Classical attention circuits,5,13,0.7982522,0.8006013,0.80422896,0.79717004,0.0056353155523538,0.0023490787,0.0034312606,0.0059767365
Classical VQR circuit,5,12,0.90002984,0.8943314,0.9059325,0.89965,0.0056353155523538,0.0056984425,0.005318582,0.005902648
Classical VQR circuit,5,12,0.88923687,0.89031,0.90002984,0.8855096,0.0056353155523538,0.001073122,0.0048003793,0.010792971
Classical VQR circuit,5,12,0.87767106,0.88068485,0.88923687,0.8753226,0.0056353155523538,0.0030137897,0.0053622723,0.0115658045
Classical VQR circuit,5,12,0.8739828,0.86971813,0.87767106,0.87928826,0.0056353155523538,0.0042646527,0.009570122,0.0036882758
Classical VQR circuit,5,12,0.87492675,0.8663029,0.8739828,0.8807088,0.0056353155523538,0.008623838,0.014405906,0.00094395876
Classical VQR circuit,5,12,0.87504387,0.86954194,0.87492675,0.87602335,0.0056353155523538,0.005501926,0.006481409,0.00011712313
Classical VQR circuit,5,12,0.87760997,0.8697388,0.87504387,0.8793386,0.0056353155523538,0.007871151,0.009599805,0.0025660992
Classical VQR circuit,5,12,0.8801019,0.8728953,0.87760997,0.88145787,0.0056353155523538,0.007206619,0.008562565,0.002491951
Classical VQR circuit,5,12,0.8738701,0.874925,0.8801019,0.86845046,0.0056353155523538,0.0010549426,0.0064745545,0.0062318444
Classical VQR circuit,5,12,0.865847,0.869522,0.8738701,0.8620723,0.0056353155523538,0.003674984,0.0074496865,0.008023083
Classical VQR circuit,5,12,0.8544704,0.86147326,0.865847,0.8507111,0.0056353155523538,0.00700289,0.010762155,0.011376619
Classical VQR circuit,5,12,0.8372065,0.85063905,0.8544704,0.83155227,0.0056353155523538,0.013432562,0.019086778,0.01726389
Classical VQR circuit,5,12,0.83504474,0.8340981,0.8372065,0.84379613,0.0056353155523538,0.00094664097,0.009698033,0.0021617413
Classical VQR circuit,5,12,0.8285201,0.83183867,0.83504474,0.8285985,0.0056353155523538,0.0033185482,0.003240168,0.0065246224
Classical VQR circuit,5,12,0.82626516,0.82612795,0.8285201,0.8286263,0.0056353155523538,0.00013720989,0.0024983287,0.002254963
Classical VQR circuit,5,12,0.821249,0.8236034,0.82626516,0.8200065,0.0056353155523538,0.0023543835,0.003596902,0.005016148
Classical VQR circuit,5,12,0.8166651,0.8182602,0.821249,0.8169389,0.0056353155523538,0.0015950799,0.0013213158,0.004583895
Classical VQR circuit,5,12,0.8135439,0.81387615,0.8166651,0.81543,0.0056353155523538,0.0003322363,0.0015538335,0.0031211972
Classical VQR circuit,5,12,0.80594957,0.8100712,0.8135439,0.80296576,0.0056353155523538,0.0041216016,0.00710541,0.007594347
Classical VQR circuit,5,12,0.8007102,0.8024507,0.80594957,0.8011042,0.0056353155523538,0.0017405152,0.0013465285,0.0052393675
Classical VQR circuit,5,12,0.79671764,0.79748,0.8007102,0.7981325,0.0056353155523538,0.0007623434,0.00065249205,0.0039925575
Classical VQR circuit,5,12,0.78941154,0.7939604,0.79671764,0.7875563,0.0056353155523538,0.0045488477,0.006404102,0.007306099
Classical VQR circuit,5,12,0.7868462,0.7868636,0.78941154,0.78935623,0.0056353155523538,1.7404556e-05,0.0024926066,0.0025653243
Classical VQR circuit,5,13,0.8919457,0.8877926,0.8951817,0.89387727,0.0056353155523538,0.0041531324,0.0060846806,0.0032359958
Classical VQR circuit,5,13,0.8873722,0.88526,0.8919457,0.8872821,0.0056353155523538,0.0021122098,0.0020220876,0.004573524
Classical VQR circuit,5,13,0.8875275,0.88220215,0.8873722,0.8906314,0.0056353155523538,0.005325377,0.008429229,0.0001553297
Classical VQR circuit,5,13,0.88580495,0.8809392,0.8875275,0.8858322,0.0056353155523538,0.0048657656,0.004893005,0.0017225742
Classical VQR circuit,5,13,0.8844818,0.8809852,0.88580495,0.8848437,0.0056353155523538,0.0034965873,0.0038585067,0.0013231635
Classical VQR circuit,5,13,0.88108313,0.87991625,0.8844818,0.8797299,0.0056353155523538,0.0011668801,0.00018632412,0.0033986568
Classical VQR circuit,5,13,0.87839246,0.8768006,0.88108313,0.87848204,0.0056353155523538,0.0015918612,0.001681447,0.0026906729
Classical VQR circuit,5,13,0.86665964,0.8743431,0.87839246,0.8601056,0.0056353155523538,0.007683456,0.014237523,0.011732817
Classical VQR circuit,5,13,0.84392476,0.86284786,0.86665964,0.8327076,0.0056353155523538,0.018923104,0.03014028,0.02273488
Classical VQR circuit,5,13,0.8306551,0.84058166,0.84392476,0.83351034,0.0056353155523538,0.009926558,0.0070713162,0.013269663
Classical VQR circuit,5,13,0.8231329,0.8270154,0.8306551,0.8292711,0.0056353155523538,0.0038825274,0.0022556782,0.0075222254
Classical VQR circuit,5,13,0.8177814,0.8200863,0.8231329,0.82093954,0.0056353155523538,0.0023049116,0.0008532405,0.005351484
Classical VQR circuit,5,13,0.816878,0.81481624,0.8177814,0.82007676,0.0056353155523538,0.0020617843,0.005260527,0.000903368
Classical VQR circuit,5,13,0.8190158,0.8144094,0.816878,0.82287234,0.0056353155523538,0.0046064258,0.0084629655,0.0021377802
Classical VQR circuit,5,13,0.8217023,0.8167267,0.8190158,0.82472265,0.0056353155523538,0.004975617,0.007995963,0.0026865005
Classical VQR circuit,5,13,0.8219545,0.8192405,0.8217023,0.82127243,0.0056353155523538,0.0027139783,0.0020319223,0.00025218725
Classical VQR circuit,5,13,0.81815076,0.8190208,0.8219545,0.8146525,0.0056353155523538,0.000870049,0.004368305,0.00380373
Classical VQR circuit,5,13,0.8158416,0.81548774,0.81815076,0.81610477,0.0056353155523538,0.00035387278,0.0006170273,0.0023091435
Classical VQR circuit,5,13,0.813919,0.8135323,0.8158416,0.814834,0.0056353155523538,0.00038671494,0.0013017058,0.0019226074
Classical VQR circuit,5,13,0.80965793,0.8115143,0.813919,0.8079595,0.0056353155523538,0.0018563867,0.003554821,0.0042610765
Classical VQR circuit,5,13,0.80422896,0.8074006,0.80965793,0.8021756,0.0056353155523538,0.0031716228,0.0052250028,0.00542897
Classical VQR circuit,5,13,0.7982522,0.8022226,0.80422896,0.79717004,0.0056353155523538,0.0039703846,0.0050525665,0.0059767365
All circuits classical,5,12,0.90002984,0.89798737,0.9059325,0.89965,0.0056353155523538,0.0020424724,0.001662612,0.005902648
All circuits classical,5,12,0.88923687,0.8930681,0.90002984,0.8855096,0.0056353155523538,0.0038312078,0.007558465,0.010792971
All circuits classical,5,12,0.87767106,0.8814428,0.88923687,0.8753226,0.0056353155523538,0.0037717223,0.006120205,0.0115658045
All circuits classical,5,12,0.8739828,0.87068135,0.87767106,0.87928826,0.0056353155523538,0.0033014417,0.008606911,0.0036882758
All circuits classical,5,12,0.87492675,0.86858046,0.8739828,0.8807088,0.0056353155523538,0.0063462853,0.012128353,0.00094395876
All circuits classical,5,12,0.87504387,0.87211394,0.87492675,0.87602335,0.0056353155523538,0.002929926,0.003909409,0.00011712313
All circuits classical,5,12,0.87760997,0.8708638,0.87504387,0.8793386,0.0056353155523538,0.006746173,0.008474827,0.0025660992
All circuits classical,5,12,0.8801019,0.8735391,0.87760997,0.88145787,0.0056353155523538,0.006562829,0.007918775,0.002491951
All circuits classical,5,12,0.8738701,0.87465394,0.8801019,0.86845046,0.0056353155523538,0.0007838607,0.0062034726,0.0062318444
All circuits classical,5,12,0.865847,0.86719954,0.8738701,0.8620723,0.0056353155523538,0.0013525486,0.005127251,0.008023083
All circuits classical,5,12,0.8544704,0.8610704,0.865847,0.8507111,0.0056353155523538,0.0066000223,0.010359287,0.011376619
All circuits classical,5,12,0.8372065,0.85009885,0.8544704,0.83155227,0.0056353155523538,0.012892365,0.018546581,0.01726389
All circuits classical,5,12,0.83504474,0.8313113,0.8372065,0.84379613,0.0056353155523538,0.0037334561,0.0124848485,0.0021617413
All circuits classical,5,12,0.8285201,0.8294739,0.83504474,0.8285985,0.0056353155523538,0.0009537935,0.0008754134,0.0065246224
All circuits classical,5,12,0.82626516,0.8238442,0.8285201,0.8286263,0.0056353155523538,0.0024209619,0.0047820807,0.002254963
All circuits classical,5,12,0.821249,0.82323915,0.82626516,0.8200065,0.0056353155523538,0.0019901395,0.003232658,0.005016148
All circuits classical,5,12,0.8166651,0.81880146,0.821249,0.8169389,0.0056353155523538,0.0021363497,0.0018625855,0.004583895
All circuits classical,5,12,0.8135439,0.81403357,0.8166651,0.81543,0.0056353155523538,0.00048965216,0.0013964176,0.0031211972
All circuits classical,5,12,0.80594957,0.8102406,0.8135439,0.80296576,0.0056353155523538,0.0042910576,0.007274866,0.007594347
All circuits classical,5,12,0.8007102,0.8011905,0.80594957,0.8011042,0.0056353155523538,0.00048029423,8.6307526e-05,0.0052393675
All circuits classical,5,12,0.79671764,0.7959381,0.8007102,0.7981325,0.0056353155523538,0.00077956915,0.0021944046,0.0039925575
All circuits classical,5,12,0.78941154,0.7923153,0.79671764,0.7875563,0.0056353155523538,0.0029037595,0.0047590137,0.007306099
All circuits classical,5,12,0.7868462,0.78555286,0.78941154,0.78935623,0.0056353155523538,0.0012933612,0.0038033724,0.0025653243
All circuits classical,5,13,0.8919457,0.88989216,0.8951817,0.89387727,0.0056353155523538,0.0020535588,0.003985107,0.0032359958
All circuits classical,5,13,0.8873722,0.8838532,0.8919457,0.8872821,0.0056353155523538,0.0035189986,0.0034288764,0.004573524
All circuits classical,5,13,0.8875275,0.8836876,0.8873722,0.8906314,0.0056353155523538,0.00383991,0.0069437623,0.0001553297
All circuits classical,5,13,0.88580495,0.8820848,0.8875275,0.8858322,0.0056353155523538,0.0037201643,0.0037474036,0.0017225742
All circuits classical,5,13,0.8844818,0.8831818,0.88580495,0.8848437,0.0056353155523538,0.0012999773,0.0016618967,0.0013231635
All circuits classical,5,13,0.88108313,0.88036495,0.8844818,0.8797299,0.0056353155523538,0.00071817636,0.0006350279,0.0033986568
All circuits classical,5,13,0.87839246,0.87565666,0.88108313,0.87848204,0.0056353155523538,0.0027357936,0.0028253794,0.0026906729
All circuits classical,5,13,0.86665964,0.8723915,0.87839246,0.8601056,0.0056353155523538,0.0057318807,0.012285948,0.011732817
All circuits classical,5,13,0.84392476,0.86062354,0.86665964,0.8327076,0.0056353155523538,0.016698778,0.027915955,0.02273488
All circuits classical,5,13,0.8306551,0.8389622,0.84392476,0.83351034,0.0056353155523538,0.008307099,0.005451858,0.013269663
All circuits classical,5,13,0.8231329,0.8257966,0.8306551,0.8292711,0.0056353155523538,0.0026637316,0.003474474,0.0075222254
All circuits classical,5,13,0.8177814,0.8187286,0.8231329,0.82093954,0.0056353155523538,0.000947237,0.002210915,0.005351484
All circuits classical,5,13,0.816878,0.8133321,0.8177814,0.82007676,0.0056353155523538,0.00354594,0.006744683,0.000903368
All circuits classical,5,13,0.8190158,0.8136582,0.816878,0.82287234,0.0056353155523538,0.005357623,0.009214163,0.0021377802
All circuits classical,5,13,0.8217023,0.8163953,0.8190158,0.82472265,0.0056353155523538,0.0053070188,0.008327365,0.0026865005
All circuits classical,5,13,0.8219545,0.8199449,0.8217023,0.82127243,0.0056353155523538,0.0020095706,0.0013275146,0.00025218725
All circuits classical,5,13,0.81815076,0.81902236,0.8219545,0.8146525,0.0056353155523538,0.0008715987,0.004369855,0.00380373
All circuits classical,5,13,0.8158416,0.8130253,0.81815076,0.81610477,0.0056353155523538,0.0028163195,0.003079474,0.0023091435
All circuits classical,5,13,0.813919,0.8114608,0.8158416,0.814834,0.0056353155523538,0.0024582148,0.0033732057,0.0019226074
All circuits classical,5,13,0.80965793,0.80933917,0.813919,0.8079595,0.0056353155523538,0.00031876564,0.0013796687,0.0042610765
All circuits classical,5,13,0.80422896,0.8048521,0.80965793,0.8021756,0.0056353155523538,0.00062316656,0.0026765466,0.00542897
All circuits classical,5,13,0.7982522,0.79818195,0.80422896,0.79717004,0.0056353155523538,7.0273876e-05,0.001011908,0.0059767365
Persistence,6,11,0.8967675,0.90078664,0.90078664,0.89828104,0.005579010117799,0.004019141,0.0025056005,0.004019141
Persistence,6,11,0.8822605,0.8967675,0.8967675,0.8748538,0.005579010117799,0.014506996,0.021913707,0.014506996
Persistence,6,11,0.87296396,0.8822605,0.8822605,0.8735511,0.005579010117799,0.009296536,0.008709431,0.009296536
Persistence,6,11,0.86909604,0.87296396,0.87296396,0.8741989,0.005579010117799,0.0038679242,0.0012349486,0.0038679242
Persistence,6,11,0.8648739,0.86909604,0.86909604,0.86663264,0.005579010117799,0.0042221546,0.0024634004,0.0042221546
Persistence,6,11,0.8616147,0.8648739,0.8648739,0.86207616,0.005579010117799,0.003259182,0.0027977228,0.003259182
Persistence,6,11,0.8603632,0.8616147,0.8616147,0.86188084,0.005579010117799,0.0012515187,0.00026613474,0.0012515187
Persistence,6,11,0.8559919,0.8603632,0.8603632,0.8551565,0.005579010117799,0.0043712854,0.005206704,0.0043712854
Persistence,6,11,0.8458905,0.8559919,0.8559919,0.84130627,0.005579010117799,0.010101378,0.014685631,0.010101378
Persistence,6,11,0.8373931,0.8458905,0.8458905,0.8365026,0.005579010117799,0.008497417,0.00938791,0.008497417
Persistence,6,11,0.8322948,0.8373931,0.8373931,0.8349689,0.005579010117799,0.0050982833,0.0024241805,0.0050982833
Persistence,6,11,0.8292321,0.8322948,0.8322948,0.8318545,0.005579010117799,0.003062725,0.0004402995,0.003062725
Persistence,6,11,0.82466596,0.8292321,0.8292321,0.8238845,0.005579010117799,0.004566133,0.0053476095,0.004566133
Persistence,6,11,0.82323825,0.82466596,0.82466596,0.82502633,0.005579010117799,0.00142771,0.00036036968,0.00142771
Persistence,6,11,0.8180579,0.82323825,0.82323825,0.816571,0.005579010117799,0.005180359,0.0066672564,0.005180359
Persistence,6,11,0.8113696,0.8180579,0.8180579,0.809723,0.005579010117799,0.006688297,0.008334875,0.006688297
Persistence,6,11,0.8057227,0.8113696,0.8113696,0.80577993,0.005579010117799,0.0056468844,0.005589664,0.0056468844
Persistence,6,11,0.79833597,0.8057227,0.8057227,0.7971635,0.005579010117799,0.007386744,0.008559227,0.007386744
Persistence,6,11,0.795983,0.79833597,0.79833597,0.7992884,0.005579010117799,0.002352953,0.0009524226,0.002352953
Persistence,6,11,0.7936197,0.795983,0.795983,0.7948005,0.005579010117799,0.0023633242,0.0011824965,0.0023633242
Persistence,6,11,0.78890646,0.7936197,0.7936197,0.7873646,0.005579010117799,0.0047132373,0.0062550902,0.0047132373
Persistence,6,11,0.7840498,0.78890646,0.78890646,0.78333336,0.005579010117799,0.004856646,0.005573094,0.004856646
Persistence,6,16,0.883452,0.8934387,0.8934387,0.8818277,0.005579010117799,0.009986699,0.011610985,0.009986699
Persistence,6,16,0.8628266,0.883452,0.883452,0.85351205,0.005579010117799,0.020625412,0.02993995,0.020625412
Persistence,6,16,0.8497043,0.8628266,0.8628266,0.85120857,0.005579010117799,0.013122261,0.011618018,0.013122261
Persistence,6,16,0.8441118,0.8497043,0.8497043,0.85171896,0.005579010117799,0.005592525,0.002014637,0.005592525
Persistence,6,16,0.8407491,0.8441118,0.8441118,0.84525865,0.005579010117799,0.0033627152,0.001146853,0.0033627152
Persistence,6,16,0.84131515,0.8407491,0.8407491,0.8445039,0.005579010117799,0.0005660653,0.0037547946,0.0005660653
Persistence,6,16,0.84279734,0.84131515,0.84131515,0.8447513,0.005579010117799,0.0014821887,0.0034361482,0.0014821887
Persistence,6,16,0.8445251,0.84279734,0.84279734,0.84667486,0.005579010117799,0.0017277598,0.0038775206,0.0017277598
Persistence,6,16,0.84500784,0.8445251,0.8445251,0.8452644,0.005579010117799,0.00048273802,0.0007392764,0.00048273802
Persistence,6,16,0.8450863,0.84500784,0.84500784,0.8446674,0.005579010117799,7.843971e-05,0.00034046173,7.843971e-05
Persistence,6,16,0.8434499,0.8450863,0.8450863,0.8422364,0.005579010117799,0.0016363859,0.0028498769,0.0016363859
Persistence,6,16,0.8245629,0.8434499,0.8434499,0.8112598,0.005579010117799,0.018886983,0.032190084,0.018886983
Persistence,6,16,0.81000364,0.8245629,0.8245629,0.8077768,0.005579010117799,0.014559269,0.016786098,0.014559269
Persistence,6,16,0.80970716,0.81000364,0.81000364,0.8203719,0.005579010117799,0.0002964735,0.010368288,0.0002964735
Persistence,6,16,0.8199276,0.80970716,0.80970716,0.8319933,0.005579010117799,0.010220408,0.022286117,0.010220408
Persistence,6,16,0.82799983,0.8199276,0.8199276,0.8294752,0.005579010117799,0.008072257,0.009547651,0.008072257
Persistence,6,16,0.828294,0.82799983,0.82799983,0.8219822,0.005579010117799,0.00029414892,0.0060176253,0.00029414892
Persistence,6,16,0.82578194,0.828294,0.828294,0.8228044,0.005579010117799,0.0025120378,0.005489588,0.0025120378
Persistence,6,16,0.8233431,0.82578194,0.82578194,0.8239294,0.005579010117799,0.0024388433,0.0018525124,0.0024388433
Persistence,6,16,0.8192738,0.8233431,0.8233431,0.8179935,0.005579010117799,0.0040692687,0.0053495765,0.0040692687
Persistence,6,16,0.8171632,0.8192738,0.8192738,0.81704307,0.005579010117799,0.0021106005,0.0022307634,0.0021106005
Persistence,6,16,0.8129161,0.8171632,0.8171632,0.8111669,0.005579010117799,0.004247129,0.0059963465,0.004247129
Persistence,6,16,0.8064882,0.8129161,0.8129161,0.8044414,0.005579010117799,0.006427884,0.008474708,0.006427884
Full model,6,11,0.8967675,0.894014,0.90078664,0.89828104,0.005579010117799,0.0027534962,0.004267037,0.004019141
Full model,6,11,0.8822605,0.8900471,0.8967675,0.8748538,0.005579010117799,0.007786572,0.015193284,0.014506996
Full model,6,11,0.87296396,0.8755694,0.8822605,0.8735511,0.005579010117799,0.0026054382,0.0020183325,0.009296536
Full model,6,11,0.86909604,0.866848,0.87296396,0.8741989,0.005579010117799,0.0022480488,0.0073509216,0.0038679242
Full model,6,11,0.8648739,0.8647553,0.86909604,0.86663264,0.005579010117799,0.00011861324,0.0018773675,0.0042221546
Full model,6,11,0.8616147,0.86053944,0.8648739,0.86207616,0.005579010117799,0.0010752678,0.001536727,0.003259182
Full model,6,11,0.8603632,0.85731447,0.8616147,0.86188084,0.005579010117799,0.003048718,0.0045663714,0.0012515187
Full model,6,11,0.8559919,0.8557813,0.8603632,0.8551565,0.005579010117799,0.00021058321,0.0006248355,0.0043712854
Full model,6,11,0.8458905,0.8512932,0.8559919,0.84130627,0.005579010117799,0.005402684,0.009986937,0.010101378
Full model,6,11,0.8373931,0.84118253,0.8458905,0.8365026,0.005579010117799,0.003789425,0.0046799183,0.008497417
Full model,6,11,0.8322948,0.83238024,0.8373931,0.8349689,0.005579010117799,8.5413456e-05,0.0025886893,0.0050982833
Full model,6,11,0.8292321,0.8274205,0.8322948,0.8318545,0.005579010117799,0.0018116236,0.004434049,0.003062725
Full model,6,11,0.82466596,0.82437444,0.8292321,0.8238845,0.005579010117799,0.00029152632,0.0004899502,0.004566133
Full model,6,11,0.82323825,0.819669,0.82466596,0.82502633,0.005579010117799,0.0035692453,0.005357325,0.00142771
Full model,6,11,0.8180579,0.8182477,0.82323825,0.816571,0.005579010117799,0.00018978119,0.0016766787,0.005180359
Full model,6,11,0.8113696,0.81323594,0.8180579,0.809723,0.005579010117799,0.0018663406,0.003512919,0.006688297
Full model,6,11,0.8057227,0.8067002,0.8113696,0.80577993,0.005579010117799,0.0009775162,0.0009202957,0.0056468844
Full model,6,11,0.79833597,0.80089897,0.8057227,0.7971635,0.005579010117799,0.0025629997,0.0037354827,0.007386744
Full model,6,11,0.795983,0.79306555,0.79833597,0.7992884,0.005579010117799,0.0029174685,0.006222844,0.002352953
Full model,6,11,0.7936197,0.7910768,0.795983,0.7948005,0.005579010117799,0.002542913,0.0037237406,0.0023633242
Full model,6,11,0.78890646,0.7886232,0.7936197,0.7873646,0.005579010117799,0.00028324127,0.0012586117,0.0047132373
Full model,6,11,0.7840498,0.78345263,0.78890646,0.78333336,0.005579010117799,0.00059717894,0.000119268894,0.004856646
Full model,6,16,0.883452,0.88691145,0.8934387,0.8818277,0.005579010117799,0.0034594536,0.0050837398,0.009986699
Full model,6,16,0.8628266,0.87680084,0.883452,0.85351205,0.005579010117799,0.013974249,0.023288786,0.020625412
Full model,6,16,0.8497043,0.856251,0.8628266,0.85120857,0.005579010117799,0.006546676,0.0050424337,0.013122261
Full model,6,16,0.8441118,0.8435944,0.8497043,0.85171896,0.005579010117799,0.0005174279,0.00812459,0.005592525
Full model,6,16,0.8407491,0.8396878,0.8441118,0.84525865,0.005579010117799,0.0010612607,0.005570829,0.0033627152
Full model,6,16,0.84131515,0.83697814,0.8407491,0.8445039,0.005579010117799,0.004337013,0.007525742,0.0005660653
Full model,6,16,0.84279734,0.83724636,0.84131515,0.8447513,0.005579010117799,0.0055509806,0.00750494,0.0014821887
Full model,6,16,0.8445251,0.8386912,0.84279734,0.84667486,0.005579010117799,0.005833924,0.007983685,0.0017277598
Full model,6,16,0.84500784,0.8402155,0.8445251,0.8452644,0.005579010117799,0.0047923326,0.005048871,0.00048273802
Full model,6,16,0.8450863,0.8406238,0.84500784,0.8446674,0.005579010117799,0.0044624805,0.004043579,7.843971e-05
Full model,6,16,0.8434499,0.8407083,0.8450863,0.8422364,0.005579010117799,0.0027415752,0.0015280843,0.0016363859
Full model,6,16,0.8245629,0.8390369,0.8434499,0.8112598,0.005579010117799,0.014473975,0.027777076,0.018886983
Full model,6,16,0.81000364,0.8200628,0.8245629,0.8077768,0.005579010117799,0.010059178,0.012286007,0.014559269
Full model,6,16,0.80970716,0.8055227,0.81000364,0.8203719,0.005579010117799,0.0041844845,0.014849246,0.0002964735
Full model,6,16,0.8199276,0.80544645,0.80970716,0.8319933,0.005579010117799,0.014481127,0.026546836,0.010220408
Full model,6,16,0.82799983,0.8158446,0.8199276,0.8294752,0.005579010117799,0.012155235,0.013630629,0.008072257
Full model,6,16,0.828294,0.82362175,0.82799983,0.8219822,0.005579010117799,0.0046722293,0.001639545,0.00029414892
Full model,6,16,0.82578194,0.82394457,0.828294,0.8228044,0.005579010117799,0.0018373728,0.0011401772,0.0025120378
Full model,6,16,0.8233431,0.8213489,0.82578194,0.8239294,0.005579010117799,0.0019941926,0.0025805235,0.0024388433
Full model,6,16,0.8192738,0.8189552,0.8233431,0.8179935,0.005579010117799,0.00031864643,0.00096166134,0.0040692687
Full model,6,16,0.8171632,0.8148156,0.8192738,0.81704307,0.005579010117799,0.0023476481,0.0022274852,0.0021106005
Full model,6,16,0.8129161,0.8125698,0.8171632,0.8111669,0.005579010117799,0.000346303,0.0014029145,0.004247129
Full model,6,16,0.8064882,0.8084572,0.8129161,0.8044414,0.005579010117799,0.0019689798,0.0040158033,0.006427884
Without quantum attention,6,11,0.8967675,0.89131176,0.90078664,0.89828104,0.005579010117799,0.0054557323,0.006969273,0.004019141
Without quantum attention,6,11,0.8822605,0.887578,0.8967675,0.8748538,0.005579010117799,0.005317509,0.012724221,0.014506996
Without quantum attention,6,11,0.87296396,0.8735648,0.8822605,0.8735511,0.005579010117799,0.0006008148,1.3709068e-05,0.009296536
Without quantum attention,6,11,0.86909604,0.86206585,0.87296396,0.8741989,0.005579010117799,0.007030189,0.012133062,0.0038679242
Without quantum attention,6,11,0.8648739,0.86402714,0.86909604,0.86663264,0.005579010117799,0.0008467436,0.0026054978,0.0042221546
Without quantum attention,6,11,0.8616147,0.8601325,0.8648739,0.86207616,0.005579010117799,0.0014821887,0.0019436479,0.003259182
Without quantum attention,6,11,0.8603632,0.8569676,0.8616147,0.86188084,0.005579010117799,0.0033955574,0.004913211,0.0012515187
Without quantum attention,6,11,0.8559919,0.8558126,0.8603632,0.8551565,0.005579010117799,0.00017929077,0.00065612793,0.0043712854
Without quantum attention,6,11,0.8458905,0.8513631,0.8559919,0.84130627,0.005579010117799,0.0054726005,0.010056853,0.010101378
Without quantum attention,6,11,0.8373931,0.8415126,0.8458905,0.8365026,0.005579010117799,0.0041195154,0.005010009,0.008497417
Without quantum attention,6,11,0.8322948,0.8300982,0.8373931,0.8349689,0.005579010117799,0.00219661,0.0048707128,0.0050982833
Without quantum attention,6,11,0.8292321,0.82535607,0.8322948,0.8318545,0.005579010117799,0.0038760304,0.006498456,0.003062725
Without quantum attention,6,11,0.82466596,0.823263,0.8292321,0.8238845,0.005579010117799,0.0014029741,0.00062149763,0.004566133
Without quantum attention,6,11,0.82323825,0.8172309,0.82466596,0.82502633,0.005579010117799,0.0060073733,0.007795453,0.00142771
Without quantum attention,6,11,0.8180579,0.8164213,0.82323825,0.816571,0.005579010117799,0.0016366243,0.00014972687,0.005180359
Without quantum attention,6,11,0.8113696,0.8108314,0.8180579,0.809723,0.005579010117799,0.00053817034,0.001108408,0.006688297
Without quantum attention,6,11,0.8057227,0.8060612,0.8113696,0.80577993,0.005579010117799,0.00033849478,0.00028127432,0.0056468844
Without quantum attention,6,11,0.79833597,0.800488,0.8057227,0.7971635,0.005579010117799,0.0021520257,0.0033245087,0.007386744
Without quantum attention,6,11,0.795983,0.7954516,0.79833597,0.7992884,0.005579010117799,0.000531435,0.0038368106,0.002352953
Without quantum attention,6,11,0.7936197,0.7929649,0.795983,0.7948005,0.005579010117799,0.0006548166,0.0018356442,0.0023633242
Without quantum attention,6,11,0.78890646,0.79074955,0.7936197,0.7873646,0.005579010117799,0.0018430948,0.0033849478,0.0047132373
Without quantum attention,6,11,0.7840498,0.78588384,0.78890646,0.78333336,0.005579010117799,0.0018340349,0.0025504827,0.004856646
Without quantum attention,6,16,0.883452,0.8849635,0.8934387,0.8818277,0.005579010117799,0.0015115142,0.0031358004,0.009986699
Without quantum attention,6,16,0.8628266,0.8761524,0.883452,0.85351205,0.005579010117799,0.01332581,0.022640347,0.020625412
Without quantum attention,6,16,0.8497043,0.8580451,0.8628266,0.85120857,0.005579010117799,0.008340776,0.0068365335,0.013122261
Without quantum attention,6,16,0.8441118,0.84329635,0.8497043,0.85171896,0.005579010117799,0.00081545115,0.008422613,0.005592525
Without quantum attention,6,16,0.8407491,0.8359863,0.8441118,0.84525865,0.005579010117799,0.0047627687,0.009272337,0.0033627152
Without quantum attention,6,16,0.84131515,0.83536184,0.8407491,0.8445039,0.005579010117799,0.005953312,0.009142041,0.0005660653
Without quantum attention,6,16,0.84279734,0.8365764,0.84131515,0.8447513,0.005579010117799,0.006220937,0.008174896,0.0014821887
Without quantum attention,6,16,0.8445251,0.836496,0.84279734,0.84667486,0.005579010117799,0.008029103,0.010178864,0.0017277598
Without quantum attention,6,16,0.84500784,0.83850324,0.8445251,0.8452644,0.005579010117799,0.0065045953,0.0067611337,0.00048273802
Without quantum attention,6,16,0.8450863,0.83884066,0.84500784,0.8446674,0.005579010117799,0.006245613,0.0058267117,7.843971e-05
Without quantum attention,6,16,0.8434499,0.83915293,0.8450863,0.8422364,0.005579010117799,0.0042969584,0.0030834675,0.0016363859
Without quantum attention,6,16,0.8245629,0.8384893,0.8434499,0.8112598,0.005579010117799,0.013926387,0.027229488,0.018886983
Without quantum attention,6,16,0.81000364,0.8183685,0.8245629,0.8077768,0.005579010117799,0.008364856,0.010591686,0.014559269
Without quantum attention,6,16,0.80970716,0.80414355,0.81000364,0.8203719,0.005579010117799,0.0055636168,0.016228378,0.0002964735
Without quantum attention,6,16,0.8199276,0.8047246,0.80970716,0.8319933,0.005579010117799,0.015202999,0.027268708,0.010220408
Without quantum attention,6,16,0.82799983,0.81635857,0.8199276,0.8294752,0.005579010117799,0.011641264,0.013116658,0.008072257
Without quantum attention,6,16,0.828294,0.8242185,0.82799983,0.8219822,0.005579010117799,0.0040754676,0.0022363067,0.00029414892
Without quantum attention,6,16,0.82578194,0.82376254,0.828294,0.8228044,0.005579010117799,0.0020194054,0.00095814466,0.0025120378
Without quantum attention,6,16,0.8233431,0.8212769,0.82578194,0.8239294,0.005579010117799,0.002066195,0.002652526,0.0024388433
Without quantum attention,6,16,0.8192738,0.81774145,0.8233431,0.8179935,0.005579010117799,0.0015323758,0.00025206804,0.0040692687
Without quantum attention,6,16,0.8171632,0.8156654,0.8192738,0.81704307,0.005579010117799,0.0014978051,0.0013776422,0.0021106005
Without quantum attention,6,16,0.8129161,0.8137651,0.8171632,0.8111669,0.005579010117799,0.00084900856,0.002598226,0.004247129
Without quantum attention,6,16,0.8064882,0.808261,0.8129161,0.8044414,0.005579010117799,0.0017727613,0.0038195848,0.006427884
Without VQR,6,11,0.8967675,0.8924359,0.90078664,0.89828104,0.005579010117799,0.0043315887,0.0058451295,0.004019141
Without VQR,6,11,0.8822605,0.8884599,0.8967675,0.8748538,0.005579010117799,0.0061994195,0.013606131,0.014506996
Without VQR,6,11,0.87296396,0.87454945,0.8822605,0.8735511,0.005579010117799,0.0015854836,0.0009983778,0.009296536
Without VQR,6,11,0.86909604,0.86606646,0.87296396,0.8741989,0.005579010117799,0.003029585,0.008132458,0.0038679242
Without VQR,6,11,0.8648739,0.8638863,0.86909604,0.86663264,0.005579010117799,0.0009875894,0.0027463436,0.0042221546
Without VQR,6,11,0.8616147,0.8595599,0.8648739,0.86207616,0.005579010117799,0.0020548105,0.0025162697,0.003259182
Without VQR,6,11,0.8603632,0.85634905,0.8616147,0.86188084,0.005579010117799,0.0040141344,0.005531788,0.0012515187
Without VQR,6,11,0.8559919,0.85469216,0.8603632,0.8551565,0.005579010117799,0.0012997389,0.00046432018,0.0043712854
Without VQR,6,11,0.8458905,0.8502355,0.8559919,0.84130627,0.005579010117799,0.004345,0.008929253,0.010101378
Without VQR,6,11,0.8373931,0.84015,0.8458905,0.8365026,0.005579010117799,0.0027568936,0.003647387,0.008497417
Without VQR,6,11,0.8322948,0.8315225,0.8373931,0.8349689,0.005579010117799,0.0007722974,0.0034464002,0.0050982833
Without VQR,6,11,0.8292321,0.8268151,0.8322948,0.8318545,0.005579010117799,0.0024169683,0.005039394,0.003062725
Without VQR,6,11,0.82466596,0.82382965,0.8292321,0.8238845,0.005579010117799,0.00083631277,5.4836273e-05,0.004566133
Without VQR,6,11,0.82323825,0.8192268,0.82466596,0.82502633,0.005579010117799,0.004011452,0.005799532,0.00142771
Without VQR,6,11,0.8180579,0.8179312,0.82323825,0.816571,0.005579010117799,0.00012671947,0.001360178,0.005180359
Without VQR,6,11,0.8113696,0.81299144,0.8180579,0.809723,0.005579010117799,0.0016218424,0.0032684207,0.006688297
Without VQR,6,11,0.8057227,0.80673265,0.8113696,0.80577993,0.005579010117799,0.0010099411,0.00095272064,0.0056468844
Without VQR,6,11,0.79833597,0.80089736,0.8057227,0.7971635,0.005579010117799,0.0025613904,0.0037338734,0.007386744
Without VQR,6,11,0.795983,0.79331255,0.79833597,0.7992884,0.005579010117799,0.002670467,0.0059758425,0.002352953
Without VQR,6,11,0.7936197,0.7912076,0.795983,0.7948005,0.005579010117799,0.0024120808,0.0035929084,0.0023633242
Without VQR,6,11,0.78890646,0.78899455,0.7936197,0.7873646,0.005579010117799,8.8095665e-05,0.0016299486,0.0047132373
Without VQR,6,11,0.7840498,0.783569,0.78890646,0.78333336,0.005579010117799,0.00048083067,0.00023561716,0.004856646
Without VQR,6,16,0.883452,0.88627553,0.8934387,0.8818277,0.005579010117799,0.0028235316,0.004447818,0.009986699
Without VQR,6,16,0.8628266,0.8764738,0.883452,0.85351205,0.005579010117799,0.013647199,0.022961736,0.020625412
Without VQR,6,16,0.8497043,0.85628945,0.8628266,0.85120857,0.005579010117799,0.006585121,0.0050808787,0.013122261
Without VQR,6,16,0.8441118,0.84376544,0.8497043,0.85171896,0.005579010117799,0.0003463626,0.007953525,0.005592525
Without VQR,6,16,0.8407491,0.83916456,0.8441118,0.84525865,0.005579010117799,0.0015845299,0.006094098,0.0033627152
Without VQR,6,16,0.84131515,0.83686566,0.8407491,0.8445039,0.005579010117799,0.0044494867,0.007638216,0.0005660653
Without VQR,6,16,0.84279734,0.83711404,0.84131515,0.8447513,0.005579010117799,0.005683303,0.0076372623,0.0014821887
Without VQR,6,16,0.8445251,0.83847475,0.84279734,0.84667486,0.005579010117799,0.0060503483,0.008200109,0.0017277598
Without VQR,6,16,0.84500784,0.84003556,0.8445251,0.8452644,0.005579010117799,0.004972279,0.0052288175,0.00048273802
Without VQR,6,16,0.8450863,0.8403146,0.84500784,0.8446674,0.005579010117799,0.00477165,0.0043527484,7.843971e-05
Without VQR,6,16,0.8434499,0.84037334,0.8450863,0.8422364,0.005579010117799,0.0030765533,0.0018630624,0.0016363859
Without VQR,6,16,0.8245629,0.83868724,0.8434499,0.8112598,0.005579010117799,0.014124334,0.027427435,0.018886983
Without VQR,6,16,0.81000364,0.8198445,0.8245629,0.8077768,0.005579010117799,0.009840846,0.012067676,0.014559269
Without VQR,6,16,0.80970716,0.805729,0.81000364,0.8203719,0.005579010117799,0.003978193,0.014642954,0.0002964735
Without VQR,6,16,0.8199276,0.8056504,0.80970716,0.8319933,0.005579010117799,0.01427716,0.026342869,0.010220408
Without VQR,6,16,0.82799983,0.8161693,0.8199276,0.8294752,0.005579010117799,0.011830509,0.0133059025,0.008072257
Without VQR,6,16,0.828294,0.8238047,0.82799983,0.8219822,0.005579010117799,0.0044893026,0.0018224716,0.00029414892
Without VQR,6,16,0.82578194,0.82404387,0.828294,0.8228044,0.005579010117799,0.0017380714,0.0012394786,0.0025120378
Without VQR,6,16,0.8233431,0.8212458,0.82578194,0.8239294,0.005579010117799,0.0020973086,0.0026836395,0.0024388433
Without VQR,6,16,0.8192738,0.81890124,0.8233431,0.8179935,0.005579010117799,0.00037258863,0.00090771914,0.0040692687
Without VQR,6,16,0.8171632,0.8151638,0.8192738,0.81704307,0.005579010117799,0.0019994378,0.0018792748,0.0021106005
Without VQR,6,16,0.8129161,0.8125384,0.8171632,0.8111669,0.005579010117799,0.00037771463,0.0013715029,0.004247129
Without VQR,6,16,0.8064882,0.8085303,0.8129161,0.8044414,0.005579010117799,0.0020420551,0.0040888786,0.006427884
Without quantum attention and VQR,6,11,0.8967675,0.8916491,0.90078664,0.89828104,0.005579010117799,0.00511837,0.006631911,0.004019141
Without quantum attention and VQR,6,11,0.8822605,0.8881381,0.8967675,0.8748538,0.005579010117799,0.005877614,0.013284326,0.014506996
Without quantum attention and VQR,6,11,0.87296396,0.8740646,0.8822605,0.8735511,0.005579010117799,0.0011006594,0.0005135536,0.009296536
Without quantum attention and VQR,6,11,0.86909604,0.8639295,0.87296396,0.8741989,0.005579010117799,0.0051665306,0.010269403,0.0038679242
Without quantum attention and VQR,6,11,0.8648739,0.8626783,0.86909604,0.86663264,0.005579010117799,0.0021955967,0.003954351,0.0042221546
Without quantum attention and VQR,6,11,0.8616147,0.8599342,0.8648739,0.86207616,0.005579010117799,0.0016804934,0.0021419525,0.003259182
Without quantum attention and VQR,6,11,0.8603632,0.8572482,0.8616147,0.86188084,0.005579010117799,0.0031149983,0.004632652,0.0012515187
Without quantum attention and VQR,6,11,0.8559919,0.85661614,0.8603632,0.8551565,0.005579010117799,0.00062423944,0.0014596581,0.0043712854
Without quantum attention and VQR,6,11,0.8458905,0.85239756,0.8559919,0.84130627,0.005579010117799,0.006507039,0.011091292,0.010101378
Without quantum attention and VQR,6,11,0.8373931,0.84183127,0.8458905,0.8365026,0.005579010117799,0.004438162,0.0053286552,0.008497417
Without quantum attention and VQR,6,11,0.8322948,0.8326428,0.8373931,0.8349689,0.005579010117799,0.00034797192,0.0023261309,0.0050982833
Without quantum attention and VQR,6,11,0.8292321,0.82671535,0.8322948,0.8318545,0.005579010117799,0.0025167465,0.005139172,0.003062725
Without quantum attention and VQR,6,11,0.82466596,0.82358456,0.8292321,0.8238845,0.005579010117799,0.0010814071,0.00029993057,0.004566133
Without quantum attention and VQR,6,11,0.82323825,0.8189728,0.82466596,0.82502633,0.005579010117799,0.0042654276,0.0060535073,0.00142771
Without quantum attention and VQR,6,11,0.8180579,0.81780714,0.82323825,0.816571,0.005579010117799,0.00025075674,0.0012361407,0.005180359
Without quantum attention and VQR,6,11,0.8113696,0.81246394,0.8180579,0.809723,0.005579010117799,0.0010943413,0.0027409196,0.006688297
Without quantum attention and VQR,6,11,0.8057227,0.80685467,0.8113696,0.80577993,0.005579010117799,0.0011319518,0.0010747313,0.0056468844
Without quantum attention and VQR,6,11,0.79833597,0.80152315,0.8057227,0.7971635,0.005579010117799,0.0031871796,0.0043596625,0.007386744
Without quantum attention and VQR,6,11,0.795983,0.79522735,0.79833597,0.7992884,0.005579010117799,0.0007556677,0.0040610433,0.002352953
Without quantum attention and VQR,6,11,0.7936197,0.7926572,0.795983,0.7948005,0.005579010117799,0.0009624958,0.0021433234,0.0023633242
Without quantum attention and VQR,6,11,0.78890646,0.7909439,0.7936197,0.7873646,0.005579010117799,0.0020374656,0.0035793185,0.0047132373
Without quantum attention and VQR,6,11,0.7840498,0.78590655,0.78890646,0.78333336,0.005579010117799,0.0018567443,0.0025731921,0.004856646
Without quantum attention and VQR,6,16,0.883452,0.88501567,0.8934387,0.8818277,0.005579010117799,0.0015636683,0.0031879544,0.009986699
Without quantum attention and VQR,6,16,0.8628266,0.8756067,0.883452,0.85351205,0.005579010117799,0.01278013,0.022094667,0.020625412
Without quantum attention and VQR,6,16,0.8497043,0.8563544,0.8628266,0.85120857,0.005579010117799,0.00665009,0.005145848,0.013122261
Without quantum attention and VQR,6,16,0.8441118,0.8432287,0.8497043,0.85171896,0.005579010117799,0.0008831024,0.008490264,0.005592525
Without quantum attention and VQR,6,16,0.8407491,0.8366534,0.8441118,0.84525865,0.005579010117799,0.0040956736,0.008605242,0.0033627152
Without quantum attention and VQR,6,16,0.84131515,0.83432084,0.8407491,0.8445039,0.005579010117799,0.006994307,0.010183036,0.0005660653
Without quantum attention and VQR,6,16,0.84279734,0.83557177,0.84131515,0.8447513,0.005579010117799,0.007225573,0.0091795325,0.0014821887
Without quantum attention and VQR,6,16,0.8445251,0.8375876,0.84279734,0.84667486,0.005579010117799,0.006937504,0.009087265,0.0017277598
Without quantum attention and VQR,6,16,0.84500784,0.8391495,0.8445251,0.8452644,0.005579010117799,0.0058583617,0.0061149,0.00048273802
Without quantum attention and VQR,6,16,0.8450863,0.839416,0.84500784,0.8446674,0.005579010117799,0.0056702495,0.005251348,7.843971e-05
Without quantum attention and VQR,6,16,0.8434499,0.8391746,0.8450863,0.8422364,0.005579010117799,0.0042752624,0.0030617714,0.0016363859
Without quantum attention and VQR,6,16,0.8245629,0.8374649,0.8434499,0.8112598,0.005579010117799,0.012902021,0.026205122,0.018886983
Without quantum attention and VQR,6,16,0.81000364,0.8188398,0.8245629,0.8077768,0.005579010117799,0.00883615,0.01106298,0.014559269
Without quantum attention and VQR,6,16,0.80970716,0.805481,0.81000364,0.8203719,0.005579010117799,0.004226148,0.014890909,0.0002964735
Without quantum attention and VQR,6,16,0.8199276,0.80517644,0.80970716,0.8319933,0.005579010117799,0.014751136,0.026816845,0.010220408
Without quantum attention and VQR,6,16,0.82799983,0.81506526,0.8199276,0.8294752,0.005579010117799,0.012934566,0.014409959,0.008072257
Without quantum attention and VQR,6,16,0.828294,0.8227283,0.82799983,0.8219822,0.005579010117799,0.005565703,0.00074607134,0.00029414892
Without quantum attention and VQR,6,16,0.82578194,0.82356614,0.828294,0.8228044,0.005579010117799,0.0022158027,0.00076174736,0.0025120378
Without quantum attention and VQR,6,16,0.8233431,0.8208947,0.82578194,0.8239294,0.005579010117799,0.00244838,0.003034711,0.0024388433
Without quantum attention and VQR,6,16,0.8192738,0.81873953,0.8233431,0.8179935,0.005579010117799,0.00053429604,0.00074601173,0.0040692687
Without quantum attention and VQR,6,16,0.8171632,0.81439525,0.8192738,0.81704307,0.005579010117799,0.00276798,0.0026478171,0.0021106005
Without quantum attention and VQR,6,16,0.8129161,0.8130904,0.8171632,0.8111669,0.005579010117799,0.00017428398,0.0019235015,0.004247129
Without quantum attention and VQR,6,16,0.8064882,0.80790156,0.8129161,0.8044414,0.005579010117799,0.0014133453,0.0034601688,0.006427884
Classical QLSTM gates,6,11,0.8967675,0.89209104,0.90078664,0.89828104,0.005579010117799,0.004676461,0.006190002,0.004019141
Classical QLSTM gates,6,11,0.8822605,0.8893384,0.8967675,0.8748538,0.005579010117799,0.0070778728,0.014484584,0.014506996
Classical QLSTM gates,6,11,0.87296396,0.8750282,0.8822605,0.8735511,0.005579010117799,0.002064228,0.0014771223,0.009296536
Classical QLSTM gates,6,11,0.86909604,0.8649179,0.87296396,0.8741989,0.005579010117799,0.0041781664,0.009281039,0.0038679242
Classical QLSTM gates,6,11,0.8648739,0.8642659,0.86909604,0.86663264,0.005579010117799,0.0006079674,0.0023667216,0.0042221546
Classical QLSTM gates,6,11,0.8616147,0.8599882,0.8648739,0.86207616,0.005579010117799,0.0016264915,0.0020879507,0.003259182
Classical QLSTM gates,6,11,0.8603632,0.8563014,0.8616147,0.86188084,0.005579010117799,0.0040617585,0.005579412,0.0012515187
Classical QLSTM gates,6,11,0.8559919,0.85474515,0.8603632,0.8551565,0.005579010117799,0.0012467504,0.00041133165,0.0043712854
Classical QLSTM gates,6,11,0.8458905,0.85004115,0.8559919,0.84130627,0.005579010117799,0.004150629,0.008734882,0.010101378
Classical QLSTM gates,6,11,0.8373931,0.8397682,0.8458905,0.8365026,0.005579010117799,0.0023750663,0.0032655597,0.008497417
Classical QLSTM gates,6,11,0.8322948,0.8318889,0.8373931,0.8349689,0.005579010117799,0.00040590763,0.0030800104,0.0050982833
Classical QLSTM gates,6,11,0.8292321,0.8270275,0.8322948,0.8318545,0.005579010117799,0.002204597,0.0048270226,0.003062725
Classical QLSTM gates,6,11,0.82466596,0.8245299,0.8292321,0.8238845,0.005579010117799,0.0001360774,0.0006453991,0.004566133
Classical QLSTM gates,6,11,0.82323825,0.82037777,0.82466596,0.82502633,0.005579010117799,0.0028604865,0.0046485662,0.00142771
Classical QLSTM gates,6,11,0.8180579,0.8186609,0.82323825,0.816571,0.005579010117799,0.0006030202,0.0020899177,0.005180359
Classical QLSTM gates,6,11,0.8113696,0.8137389,0.8180579,0.809723,0.005579010117799,0.0023692846,0.004015863,0.006688297
Classical QLSTM gates,6,11,0.8057227,0.8065418,0.8113696,0.80577993,0.005579010117799,0.000819087,0.00076186657,0.0056468844
Classical QLSTM gates,6,11,0.79833597,0.8006,0.8057227,0.7971635,0.005579010117799,0.0022640228,0.0034365058,0.007386744
Classical QLSTM gates,6,11,0.795983,0.79227734,0.79833597,0.7992884,0.005579010117799,0.0037056804,0.007011056,0.002352953
Classical QLSTM gates,6,11,0.7936197,0.79014564,0.795983,0.7948005,0.005579010117799,0.0034740567,0.0046548843,0.0023633242
Classical QLSTM gates,6,11,0.78890646,0.78732723,0.7936197,0.7873646,0.005579010117799,0.0015792251,3.7372112e-05,0.0047132373
Classical QLSTM gates,6,11,0.7840498,0.7826881,0.78890646,0.78333336,0.005579010117799,0.0013617277,0.0006452799,0.004856646
Classical QLSTM gates,6,16,0.883452,0.88573956,0.8934387,0.8818277,0.005579010117799,0.0022875667,0.003911853,0.009986699
Classical QLSTM gates,6,16,0.8628266,0.87621725,0.883452,0.85351205,0.005579010117799,0.01339066,0.022705197,0.020625412
Classical QLSTM gates,6,16,0.8497043,0.8564591,0.8628266,0.85120857,0.005579010117799,0.006754756,0.0052505136,0.013122261
Classical QLSTM gates,6,16,0.8441118,0.8432557,0.8497043,0.85171896,0.005579010117799,0.0008561015,0.0084632635,0.005592525
Classical QLSTM gates,6,16,0.8407491,0.83847785,0.8441118,0.84525865,0.005579010117799,0.002271235,0.006780803,0.0033627152
Classical QLSTM gates,6,16,0.84131515,0.83681107,0.8407491,0.8445039,0.005579010117799,0.0045040846,0.007692814,0.0005660653
Classical QLSTM gates,6,16,0.84279734,0.8369288,0.84131515,0.8447513,0.005579010117799,0.005868554,0.007822514,0.0014821887
Classical QLSTM gates,6,16,0.8445251,0.83821857,0.84279734,0.84667486,0.005579010117799,0.006306529,0.00845629,0.0017277598
Classical QLSTM gates,6,16,0.84500784,0.83931506,0.8445251,0.8452644,0.005579010117799,0.00569278,0.0059493184,0.00048273802
Classical QLSTM gates,6,16,0.8450863,0.8395452,0.84500784,0.8446674,0.005579010117799,0.005541086,0.0051221848,7.843971e-05
Classical QLSTM gates,6,16,0.8434499,0.83963966,0.8450863,0.8422364,0.005579010117799,0.003810227,0.002596736,0.0016363859
Classical QLSTM gates,6,16,0.8245629,0.8380491,0.8434499,0.8112598,0.005579010117799,0.0134862065,0.026789308,0.018886983
Classical QLSTM gates,6,16,0.81000364,0.8197692,0.8245629,0.8077768,0.005579010117799,0.009765565,0.011992395,0.014559269
Classical QLSTM gates,6,16,0.80970716,0.80626875,0.81000364,0.8203719,0.005579010117799,0.0034384131,0.014103174,0.0002964735
Classical QLSTM gates,6,16,0.8199276,0.80643505,0.80970716,0.8319933,0.005579010117799,0.013492525,0.025558233,0.010220408
Classical QLSTM gates,6,16,0.82799983,0.8166638,0.8199276,0.8294752,0.005579010117799,0.011336029,0.012811422,0.008072257
Classical QLSTM gates,6,16,0.828294,0.8240655,0.82799983,0.8219822,0.005579010117799,0.0042284727,0.0020833015,0.00029414892
Classical QLSTM gates,6,16,0.82578194,0.82388574,0.828294,0.8228044,0.005579010117799,0.0018962026,0.0010813475,0.0025120378
Classical QLSTM gates,6,16,0.8233431,0.8206057,0.82578194,0.8239294,0.005579010117799,0.002737403,0.0033237338,0.0024388433
Classical QLSTM gates,6,16,0.8192738,0.8180126,0.8233431,0.8179935,0.005579010117799,0.0012612343,1.9073486e-05,0.0040692687
Classical QLSTM gates,6,16,0.8171632,0.81317776,0.8192738,0.81704307,0.005579010117799,0.0039854646,0.0038653016,0.0021106005
Classical QLSTM gates,6,16,0.8129161,0.8111118,0.8171632,0.8111669,0.005579010117799,0.0018042922,5.507469e-05,0.004247129
Classical QLSTM gates,6,16,0.8064882,0.80682546,0.8129161,0.8044414,0.005579010117799,0.00033724308,0.0023840666,0.006427884
Classical attention circuits,6,11,0.8967675,0.8930447,0.90078664,0.89828104,0.005579010117799,0.003722787,0.0052363276,0.004019141
Classical attention circuits,6,11,0.8822605,0.88915807,0.8967675,0.8748538,0.005579010117799,0.0068975687,0.01430428,0.014506996
Classical attention circuits,6,11,0.87296396,0.8750874,0.8822605,0.8735511,0.005579010117799,0.0021234155,0.0015363097,0.009296536
Classical attention circuits,6,11,0.86909604,0.8669681,0.87296396,0.8741989,0.005579010117799,0.0021279454,0.0072308183,0.0038679242
Classical attention circuits,6,11,0.8648739,0.8648651,0.86909604,0.86663264,0.005579010117799,8.761883e-06,0.0017675161,0.0042221546
Classical attention circuits,6,11,0.8616147,0.8603334,0.8648739,0.86207616,0.005579010117799,0.001281321,0.0017427802,0.003259182
Classical attention circuits,6,11,0.8603632,0.85709214,0.8616147,0.86188084,0.005579010117799,0.0032710433,0.0047886968,0.0012515187
Classical attention circuits,6,11,0.8559919,0.8552599,0.8603632,0.8551565,0.005579010117799,0.00073200464,0.00010341406,0.0043712854
Classical attention circuits,6,11,0.8458905,0.85065603,0.8559919,0.84130627,0.005579010117799,0.0047655106,0.009349763,0.010101378
Classical attention circuits,6,11,0.8373931,0.8405017,0.8458905,0.8365026,0.005579010117799,0.0031086206,0.003999114,0.008497417
Classical attention circuits,6,11,0.8322948,0.8317919,0.8373931,0.8349689,0.005579010117799,0.000502944,0.0031770468,0.0050982833
Classical attention circuits,6,11,0.8292321,0.82702404,0.8322948,0.8318545,0.005579010117799,0.002208054,0.0048304796,0.003062725
Classical attention circuits,6,11,0.82466596,0.8240074,0.8292321,0.8238845,0.005579010117799,0.0006585717,0.00012290478,0.004566133
Classical attention circuits,6,11,0.82323825,0.8193484,0.82466596,0.82502633,0.005579010117799,0.0038898587,0.0056779385,0.00142771
Classical attention circuits,6,11,0.8180579,0.81793785,0.82323825,0.816571,0.005579010117799,0.000120043755,0.0013668537,0.005180359
Classical attention circuits,6,11,0.8113696,0.8131005,0.8180579,0.809723,0.005579010117799,0.0017309189,0.0033774972,0.006688297
Classical attention circuits,6,11,0.8057227,0.8067047,0.8113696,0.80577993,0.005579010117799,0.0009819865,0.00092476606,0.0056468844
Classical attention circuits,6,11,0.79833597,0.80084985,0.8057227,0.7971635,0.005579010117799,0.0025138855,0.0036863685,0.007386744
Classical attention circuits,6,11,0.795983,0.7930561,0.79833597,0.7992884,0.005579010117799,0.0029269457,0.0062323213,0.002352953
Classical attention circuits,6,11,0.7936197,0.79115033,0.795983,0.7948005,0.005579010117799,0.0024693608,0.0036501884,0.0023633242
Classical attention circuits,6,11,0.78890646,0.7886638,0.7936197,0.7873646,0.005579010117799,0.00024265051,0.0012992024,0.0047132373
Classical attention circuits,6,11,0.7840498,0.78317124,0.78890646,0.78333336,0.005579010117799,0.00087857246,0.00016212463,0.004856646
Classical attention circuits,6,16,0.883452,0.88678175,0.8934387,0.8818277,0.005579010117799,0.0033297539,0.00495404,0.009986699
Classical attention circuits,6,16,0.8628266,0.87686807,0.883452,0.85351205,0.005579010117799,0.014041483,0.02335602,0.020625412
Classical attention circuits,6,16,0.8497043,0.8564885,0.8628266,0.85120857,0.005579010117799,0.0067842007,0.0052799582,0.013122261
Classical attention circuits,6,16,0.8441118,0.84428674,0.8497043,0.85171896,0.005579010117799,0.00017493963,0.0074322224,0.005592525
Classical attention circuits,6,16,0.8407491,0.84083134,0.8441118,0.84525865,0.005579010117799,8.225441e-05,0.004427314,0.0033627152
Classical attention circuits,6,16,0.84131515,0.8378647,0.8407491,0.8445039,0.005579010117799,0.0034504533,0.0066391826,0.0005660653
Classical attention circuits,6,16,0.84279734,0.8378691,0.84131515,0.8447513,0.005579010117799,0.0049282312,0.0068821907,0.0014821887
Classical attention circuits,6,16,0.8445251,0.8391889,0.84279734,0.84667486,0.005579010117799,0.005336225,0.0074859858,0.0017277598
Classical attention circuits,6,16,0.84500784,0.84067285,0.8445251,0.8452644,0.005579010117799,0.004334986,0.0045915246,0.00048273802
Classical attention circuits,6,16,0.8450863,0.84092546,0.84500784,0.8446674,0.005579010117799,0.0041608214,0.00374192,7.843971e-05
Classical attention circuits,6,16,0.8434499,0.84096754,0.8450863,0.8422364,0.005579010117799,0.0024823546,0.0012688637,0.0016363859
Classical attention circuits,6,16,0.8245629,0.83919436,0.8434499,0.8112598,0.005579010117799,0.01463145,0.027934551,0.018886983
Classical attention circuits,6,16,0.81000364,0.8202737,0.8245629,0.8077768,0.005579010117799,0.010270059,0.012496889,0.014559269
Classical attention circuits,6,16,0.80970716,0.8060133,0.81000364,0.8203719,0.005579010117799,0.0036938787,0.01435864,0.0002964735
Classical attention circuits,6,16,0.8199276,0.80600727,0.80970716,0.8319933,0.005579010117799,0.013920307,0.025986016,0.010220408
Classical attention circuits,6,16,0.82799983,0.8165556,0.8199276,0.8294752,0.005579010117799,0.011444211,0.012919605,0.008072257
Classical attention circuits,6,16,0.828294,0.8242248,0.82799983,0.8219822,0.005579010117799,0.0040691495,0.0022426248,0.00029414892
Classical attention circuits,6,16,0.82578194,0.8243025,0.828294,0.8228044,0.005579010117799,0.0014794469,0.0014981031,0.0025120378
Classical attention circuits,6,16,0.8233431,0.82161117,0.82578194,0.8239294,0.005579010117799,0.0017319322,0.002318263,0.0024388433
Classical attention circuits,6,16,0.8192738,0.8192558,0.8233431,0.8179935,0.005579010117799,1.8000603e-05,0.0012623072,0.0040692687
Classical attention circuits,6,16,0.8171632,0.8154532,0.8192738,0.81704307,0.005579010117799,0.0017100573,0.0015898943,0.0021106005
Classical attention circuits,6,16,0.8129161,0.8128982,0.8171632,0.8111669,0.005579010117799,1.7881393e-05,0.0017313361,0.004247129
Classical attention circuits,6,16,0.8064882,0.80874455,0.8129161,0.8044414,0.005579010117799,0.0022563338,0.0043031573,0.006427884
Classical VQR circuit,6,11,0.8967675,0.89154065,0.90078664,0.89828104,0.005579010117799,0.0052268505,0.0067403913,0.004019141
Classical VQR circuit,6,11,0.8822605,0.88795155,0.8967675,0.8748538,0.005579010117799,0.0056910515,0.013097763,0.014506996
Classical VQR circuit,6,11,0.87296396,0.87446046,0.8822605,0.8735511,0.005579010117799,0.0014964938,0.00090938807,0.009296536
Classical VQR circuit,6,11,0.86909604,0.8659413,0.87296396,0.8741989,0.005579010117799,0.0031547546,0.0082576275,0.0038679242
Classical VQR circuit,6,11,0.8648739,0.8639788,0.86909604,0.86663264,0.005579010117799,0.00089508295,0.0026538372,0.0042221546
Classical VQR circuit,6,11,0.8616147,0.8594999,0.8648739,0.86207616,0.005579010117799,0.0021148324,0.0025762916,0.003259182
Classical VQR circuit,6,11,0.8603632,0.8562002,0.8616147,0.86188084,0.005579010117799,0.004162967,0.0056806207,0.0012515187
Classical VQR circuit,6,11,0.8559919,0.85411793,0.8603632,0.8551565,0.005579010117799,0.00187397,0.0010385513,0.0043712854
Classical VQR circuit,6,11,0.8458905,0.8495714,0.8559919,0.84130627,0.005579010117799,0.0036808848,0.008265138,0.010101378
Classical VQR circuit,6,11,0.8373931,0.83950454,0.8458905,0.8365026,0.005579010117799,0.002111435,0.0030019283,0.008497417
Classical VQR circuit,6,11,0.8322948,0.83045524,0.8373931,0.8349689,0.005579010117799,0.0018395782,0.004513681,0.0050982833
Classical VQR circuit,6,11,0.8292321,0.8255764,0.8322948,0.8318545,0.005579010117799,0.003655672,0.0062780976,0.003062725
Classical VQR circuit,6,11,0.82466596,0.82254165,0.8292321,0.8238845,0.005579010117799,0.0021243095,0.001342833,0.004566133
Classical VQR circuit,6,11,0.82323825,0.81790996,0.82466596,0.82502633,0.005579010117799,0.0053282976,0.0071163774,0.00142771
Classical VQR circuit,6,11,0.8180579,0.8167694,0.82323825,0.816571,0.005579010117799,0.0012884736,0.00019842386,0.005180359
Classical VQR circuit,6,11,0.8113696,0.81211615,0.8180579,0.809723,0.005579010117799,0.0007465482,0.0023931265,0.006688297
Classical VQR circuit,6,11,0.8057227,0.80650234,0.8113696,0.80577993,0.005579010117799,0.00077962875,0.0007224083,0.0056468844
Classical VQR circuit,6,11,0.79833597,0.8007161,0.8057227,0.7971635,0.005579010117799,0.0023801327,0.0035526156,0.007386744
Classical VQR circuit,6,11,0.795983,0.79354185,0.79833597,0.7992884,0.005579010117799,0.0024411678,0.0057465434,0.002352953
Classical VQR circuit,6,11,0.7936197,0.7916663,0.795983,0.7948005,0.005579010117799,0.0019533634,0.003134191,0.0023633242
Classical VQR circuit,6,11,0.78890646,0.7896816,0.7936197,0.7873646,0.005579010117799,0.0007751584,0.0023170114,0.0047132373
Classical VQR circuit,6,11,0.7840498,0.7835632,0.78890646,0.78333336,0.005579010117799,0.00048661232,0.00022983551,0.004856646
Classical VQR circuit,6,16,0.883452,0.88586515,0.8934387,0.8818277,0.005579010117799,0.0024131536,0.00403744,0.009986699
Classical VQR circuit,6,16,0.8628266,0.8761459,0.883452,0.85351205,0.005579010117799,0.0133193135,0.02263385,0.020625412
Classical VQR circuit,6,16,0.8497043,0.8560764,0.8628266,0.85120857,0.005579010117799,0.006372094,0.0048678517,0.013122261
Classical VQR circuit,6,16,0.8441118,0.8440484,0.8497043,0.85171896,0.005579010117799,6.341934e-05,0.0076705813,0.005592525
Classical VQR circuit,6,16,0.8407491,0.8398742,0.8441118,0.84525865,0.005579010117799,0.000874877,0.005384445,0.0033627152
Classical VQR circuit,6,16,0.84131515,0.83762103,0.8407491,0.8445039,0.005579010117799,0.003694117,0.0068828464,0.0005660653
Classical VQR circuit,6,16,0.84279734,0.837713,0.84131515,0.8447513,0.005579010117799,0.005084336,0.0070382953,0.0014821887
Classical VQR circuit,6,16,0.8445251,0.8386072,0.84279734,0.84667486,0.005579010117799,0.0059179068,0.0080676675,0.0017277598
Classical VQR circuit,6,16,0.84500784,0.839811,0.8445251,0.8452644,0.005579010117799,0.00519681,0.005453348,0.00048273802
Classical VQR circuit,6,16,0.8450863,0.8398291,0.84500784,0.8446674,0.005579010117799,0.0052571893,0.004838288,7.843971e-05
Classical VQR circuit,6,16,0.8434499,0.83979696,0.8450863,0.8422364,0.005579010117799,0.0036529303,0.0024394393,0.0016363859
Classical VQR circuit,6,16,0.8245629,0.8382254,0.8434499,0.8112598,0.005579010117799,0.013662517,0.026965618,0.018886983
Classical VQR circuit,6,16,0.81000364,0.8192187,0.8245629,0.8077768,0.005579010117799,0.009215057,0.011441886,0.014559269
Classical VQR circuit,6,16,0.80970716,0.805383,0.81000364,0.8203719,0.005579010117799,0.004324138,0.014988899,0.0002964735
Classical VQR circuit,6,16,0.8199276,0.8055215,0.80970716,0.8319933,0.005579010117799,0.014406085,0.026471794,0.010220408
Classical VQR circuit,6,16,0.82799983,0.81629235,0.8199276,0.8294752,0.005579010117799,0.011707485,0.0131828785,0.008072257
Classical VQR circuit,6,16,0.828294,0.8238144,0.82799983,0.8219822,0.005579010117799,0.004479587,0.0018321872,0.00029414892
Classical VQR circuit,6,16,0.82578194,0.8242549,0.828294,0.8228044,0.005579010117799,0.001527071,0.001450479,0.0025120378
Classical VQR circuit,6,16,0.8233431,0.82141054,0.82578194,0.8239294,0.005579010117799,0.0019325614,0.0025188923,0.0024388433
Classical VQR circuit,6,16,0.8192738,0.818961,0.8233431,0.8179935,0.005579010117799,0.00031280518,0.0009675026,0.0040692687
Classical VQR circuit,6,16,0.8171632,0.81554556,0.8192738,0.81704307,0.005579010117799,0.0016176701,0.0014975071,0.0021106005
Classical VQR circuit,6,16,0.8129161,0.81286436,0.8171632,0.8111669,0.005579010117799,5.173683e-05,0.0016974807,0.004247129
Classical VQR circuit,6,16,0.8064882,0.8087635,0.8129161,0.8044414,0.005579010117799,0.002275288,0.0043221116,0.006427884
All circuits classical,6,11,0.8967675,0.89072907,0.90078664,0.89828104,0.005579010117799,0.0060384274,0.007551968,0.004019141
All circuits classical,6,11,0.8822605,0.8871561,0.8967675,0.8748538,0.005579010117799,0.0048956275,0.012302339,0.014506996
All circuits classical,6,11,0.87296396,0.873286,0.8822605,0.8735511,0.005579010117799,0.0003220439,0.00026506186,0.009296536
All circuits classical,6,11,0.86909604,0.86476505,0.87296396,0.8741989,0.005579010117799,0.0043309927,0.009433866,0.0038679242
All circuits classical,6,11,0.8648739,0.8640842,0.86909604,0.86663264,0.005579010117799,0.00078970194,0.0025484562,0.0042221546
All circuits classical,6,11,0.8616147,0.8595123,0.8648739,0.86207616,0.005579010117799,0.002102375,0.0025638342,0.003259182
All circuits classical,6,11,0.8603632,0.855617,0.8616147,0.86188084,0.005579010117799,0.0047461987,0.006263852,0.0012515187
All circuits classical,6,11,0.8559919,0.85371125,0.8603632,0.8551565,0.005579010117799,0.0022806525,0.0014452338,0.0043712854
All circuits classical,6,11,0.8458905,0.8490156,0.8559919,0.84130627,0.005579010117799,0.0031250715,0.0077093244,0.010101378
All circuits classical,6,11,0.8373931,0.83904576,0.8458905,0.8365026,0.005579010117799,0.001652658,0.0025431514,0.008497417
All circuits classical,6,11,0.8322948,0.8302955,0.8373931,0.8349689,0.005579010117799,0.0019993186,0.0046734214,0.0050982833
All circuits classical,6,11,0.8292321,0.8258029,0.8322948,0.8318545,0.005579010117799,0.0034291744,0.0060516,0.003062725
All circuits classical,6,11,0.82466596,0.8235416,0.8292321,0.8238845,0.005579010117799,0.001124382,0.00034290552,0.004566133
All circuits classical,6,11,0.82323825,0.8190467,0.82466596,0.82502633,0.005579010117799,0.0041915774,0.005979657,0.00142771
All circuits classical,6,11,0.8180579,0.81787837,0.82323825,0.816571,0.005579010117799,0.00017952919,0.0013073683,0.005180359
All circuits classical,6,11,0.8113696,0.81285745,0.8180579,0.809723,0.005579010117799,0.0014878511,0.0031344295,0.006688297
All circuits classical,6,11,0.8057227,0.8066069,0.8113696,0.80577993,0.005579010117799,0.0008841753,0.00082695484,0.0056468844
All circuits classical,6,11,0.79833597,0.8007828,0.8057227,0.7971635,0.005579010117799,0.0024468303,0.0036193132,0.007386744
All circuits classical,6,11,0.795983,0.79363716,0.79833597,0.7992884,0.005579010117799,0.00234586,0.0056512356,0.002352953
All circuits classical,6,11,0.7936197,0.79132676,0.795983,0.7948005,0.005579010117799,0.002292931,0.0034737587,0.0023633242
All circuits classical,6,11,0.78890646,0.78892,0.7936197,0.7873646,0.005579010117799,1.3530254e-05,0.0015553832,0.0047132373
All circuits classical,6,11,0.7840498,0.78413314,0.78890646,0.78333336,0.005579010117799,8.332729e-05,0.0007997751,0.004856646
All circuits classical,6,16,0.883452,0.8842625,0.8934387,0.8818277,0.005579010117799,0.00081050396,0.0024347901,0.009986699
All circuits classical,6,16,0.8628266,0.8747972,0.883452,0.85351205,0.005579010117799,0.011970639,0.021285176,0.020625412
All circuits classical,6,16,0.8497043,0.85492,0.8628266,0.85120857,0.005579010117799,0.0052157044,0.003711462,0.013122261
All circuits classical,6,16,0.8441118,0.8430692,0.8497043,0.85171896,0.005579010117799,0.0010426044,0.008649766,0.005592525
All circuits classical,6,16,0.8407491,0.83935905,0.8441118,0.84525865,0.005579010117799,0.0013900399,0.005899608,0.0033627152
All circuits classical,6,16,0.84131515,0.83756787,0.8407491,0.8445039,0.005579010117799,0.0037472844,0.0069360137,0.0005660653
All circuits classical,6,16,0.84279734,0.83762014,0.84131515,0.8447513,0.005579010117799,0.0051772,0.0071311593,0.0014821887
All circuits classical,6,16,0.8445251,0.8378985,0.84279734,0.84667486,0.005579010117799,0.006626606,0.008776367,0.0017277598
All circuits classical,6,16,0.84500784,0.8388139,0.8445251,0.8452644,0.005579010117799,0.006193936,0.0064504743,0.00048273802
All circuits classical,6,16,0.8450863,0.83867604,0.84500784,0.8446674,0.005579010117799,0.006410241,0.0059913397,7.843971e-05
All circuits classical,6,16,0.8434499,0.83861744,0.8450863,0.8422364,0.005579010117799,0.0048324466,0.0036189556,0.0016363859
All circuits classical,6,16,0.8245629,0.8373567,0.8434499,0.8112598,0.005579010117799,0.012793779,0.02609688,0.018886983
All circuits classical,6,16,0.81000364,0.8188695,0.8245629,0.8077768,0.005579010117799,0.008865833,0.011092663,0.014559269
All circuits classical,6,16,0.80970716,0.8054053,0.81000364,0.8203719,0.005579010117799,0.004301846,0.014966607,0.0002964735
All circuits classical,6,16,0.8199276,0.80582595,0.80970716,0.8319933,0.005579010117799,0.0141016245,0.026167333,0.010220408
All circuits classical,6,16,0.82799983,0.8163549,0.8199276,0.8294752,0.005579010117799,0.011644959,0.013120353,0.008072257
All circuits classical,6,16,0.828294,0.8239345,0.82799983,0.8219822,0.005579010117799,0.0043594837,0.0019522905,0.00029414892
All circuits classical,6,16,0.82578194,0.82410425,0.828294,0.8228044,0.005579010117799,0.0016776919,0.0012998581,0.0025120378
All circuits classical,6,16,0.8233431,0.82103324,0.82578194,0.8239294,0.005579010117799,0.0023098588,0.0028961897,0.0024388433
All circuits classical,6,16,0.8192738,0.81806105,0.8233431,0.8179935,0.005579010117799,0.0012127757,6.753206e-05,0.0040692687
All circuits classical,6,16,0.8171632,0.8143183,0.8192738,0.81704307,0.005579010117799,0.0028449297,0.0027247667,0.0021106005
All circuits classical,6,16,0.8129161,0.81201106,0.8171632,0.8111669,0.005579010117799,0.0009050369,0.0008441806,0.004247129
All circuits classical,6,16,0.8064882,0.8076623,0.8129161,0.8044414,0.005579010117799,0.0011740923,0.0032209158,0.006427884
Persistence,7,3,0.86380184,0.878641,0.878641,0.86238754,0.0053045726381242,0.014839172,0.016253471,0.014839172
Persistence,7,3,0.85187876,0.86380184,0.86380184,0.8542888,0.0053045726381242,0.011923075,0.0095130205,0.011923075
Persistence,7,3,0.85352826,0.85187876,0.85187876,0.86380047,0.0053045726381242,0.0016494989,0.011921704,0.0016494989
Persistence,7,3,0.85024816,0.85352826,0.85352826,0.85045785,0.0053045726381242,0.0032801032,0.003070414,0.0032801032
Persistence,7,3,0.84553885,0.85024816,0.85024816,0.844327,0.0053045726381242,0.0047093034,0.005921185,0.0047093034
Persistence,7,3,0.8431012,0.84553885,0.84553885,0.84462684,0.0053045726381242,0.0024376512,0.00091201067,0.0024376512
Persistence,7,3,0.84268683,0.8431012,0.8431012,0.8458035,0.0053045726381242,0.0004143715,0.0027022958,0.0004143715
Persistence,7,3,0.84226686,0.84268683,0.84268683,0.8436774,0.0053045726381242,0.00041997433,0.0009905696,0.00041997433
Persistence,7,3,0.8436565,0.84226686,0.84226686,0.8448119,0.0053045726381242,0.0013896227,0.0025450587,0.0013896227
Persistence,7,3,0.8436857,0.8436565,0.8436565,0.84333766,0.0053045726381242,2.9206276e-05,0.00031882524,2.9206276e-05
Persistence,7,3,0.83190763,0.8436857,0.8436857,0.823293,0.0053045726381242,0.011778057,0.020392716,0.011778057
Persistence,7,3,0.81595606,0.83190763,0.83190763,0.8092939,0.0053045726381242,0.015951574,0.022613704,0.015951574
Persistence,7,3,0.8011855,0.81595606,0.81595606,0.79986495,0.0053045726381242,0.014770567,0.016091108,0.014770567
Persistence,7,3,0.7942515,0.8011855,0.8011855,0.7998536,0.0053045726381242,0.006933987,0.0013318658,0.006933987
Persistence,7,3,0.80762786,0.7942515,0.7942515,0.8244732,0.0053045726381242,0.013376355,0.0302217,0.013376355
Persistence,7,3,0.82186174,0.80762786,0.80762786,0.82831514,0.0053045726381242,0.014233887,0.020687282,0.014233887
Persistence,7,3,0.8277441,0.82186174,0.82186174,0.82324696,0.0053045726381242,0.0058823824,0.001385212,0.0058823824
Persistence,7,3,0.82048154,0.8277441,0.8277441,0.8094152,0.0053045726381242,0.0072625875,0.018328905,0.0072625875
Persistence,7,3,0.8091384,0.82048154,0.82048154,0.8033943,0.0053045726381242,0.0113431215,0.017087221,0.0113431215
Persistence,7,3,0.802242,0.8091384,0.8091384,0.804537,0.0053045726381242,0.006896436,0.004601419,0.006896436
Persistence,7,3,0.7957432,0.802242,0.802242,0.79609007,0.0053045726381242,0.006498754,0.0061519146,0.006498754
Persistence,7,3,0.7925288,0.7957432,0.7957432,0.79367363,0.0053045726381242,0.003214419,0.0020695925,0.003214419
Persistence,7,3,0.78882366,0.7925288,0.7925288,0.78867537,0.0053045726381242,0.003705144,0.0038534403,0.003705144
Persistence,7,10,0.8812594,0.8877018,0.8877018,0.8826901,0.0053045726381242,0.0064424276,0.0050117373,0.0064424276
Persistence,7,10,0.87596154,0.8812594,0.8812594,0.87818635,0.0053045726381242,0.0052978396,0.0030730367,0.0052978396
Persistence,7,10,0.87697875,0.87596154,0.87596154,0.88232356,0.0053045726381242,0.0010172129,0.006362021,0.0010172129
Persistence,7,10,0.87208104,0.87697875,0.87697875,0.86945295,0.0053045726381242,0.0048977137,0.0075258017,0.0048977137
Persistence,7,10,0.8668421,0.87208104,0.87208104,0.86518914,0.0053045726381242,0.0052389503,0.0068919063,0.0052389503
Persistence,7,10,0.86631876,0.8668421,0.8668421,0.8699678,0.0053045726381242,0.0005233288,0.0031257272,0.0005233288
Persistence,7,10,0.8702149,0.86631876,0.86631876,0.8755109,0.0053045726381242,0.0038961172,0.009192109,0.0038961172
Persistence,7,10,0.8748219,0.8702149,0.8702149,0.8770293,0.0053045726381242,0.004607022,0.00681442,0.004607022
Persistence,7,10,0.8718848,0.8748219,0.8748219,0.8664172,0.0053045726381242,0.0029370785,0.008404672,0.0029370785
Persistence,7,10,0.8632296,0.8718848,0.8718848,0.8571021,0.0053045726381242,0.00865525,0.014782727,0.00865525
Persistence,7,10,0.8524154,0.8632296,0.8632296,0.84933686,0.0053045726381242,0.01081419,0.01389271,0.01081419
Persistence,7,10,0.8381798,0.8524154,0.8524154,0.83461636,0.0053045726381242,0.014235556,0.01779902,0.014235556
Persistence,7,10,0.8331223,0.8381798,0.8381798,0.8379713,0.0053045726381242,0.0050575137,0.00020849705,0.0050575137
Persistence,7,10,0.8365936,0.8331223,0.8331223,0.8445855,0.0053045726381242,0.003471315,0.011463165,0.003471315
Persistence,7,10,0.8432626,0.8365936,0.8365936,0.8484766,0.0053045726381242,0.006668985,0.011882961,0.006668985
Persistence,7,10,0.8430471,0.8432626,0.8432626,0.8394557,0.0053045726381242,0.0002155304,0.003806889,0.0002155304
Persistence,7,10,0.83568525,0.8430471,0.8430471,0.82897156,0.0053045726381242,0.0073618293,0.014075518,0.0073618293
Persistence,7,10,0.8308019,0.83568525,0.83568525,0.8312218,0.0053045726381242,0.004883349,0.004463434,0.004883349
Persistence,7,10,0.82682,0.8308019,0.8308019,0.82842606,0.0053045726381242,0.0039818883,0.0023758411,0.0039818883
Persistence,7,10,0.8235313,0.82682,0.82682,0.82392335,0.0053045726381242,0.0032886863,0.0028966665,0.0032886863
Persistence,7,10,0.8145864,0.8235313,0.8235313,0.8096079,0.0053045726381242,0.008944929,0.013923407,0.008944929
Persistence,7,10,0.8035725,0.8145864,0.8145864,0.8001174,0.0053045726381242,0.011013925,0.0144690275,0.011013925
Full model,7,3,0.86380184,0.87399685,0.878641,0.86238754,0.0053045726381242,0.010195017,0.011609316,0.014839172
Full model,7,3,0.85187876,0.8594811,0.86380184,0.8542888,0.0053045726381242,0.007602334,0.00519228,0.011923075
Full model,7,3,0.85352826,0.84141594,0.85187876,0.86380047,0.0053045726381242,0.0121123195,0.022384524,0.0016494989
Full model,7,3,0.85024816,0.8487106,0.85352826,0.85045785,0.0053045726381242,0.0015375614,0.0017472506,0.0032801032
Full model,7,3,0.84553885,0.8452676,0.85024816,0.844327,0.0053045726381242,0.00027126074,0.0009406209,0.0047093034
Full model,7,3,0.8431012,0.84147054,0.84553885,0.84462684,0.0053045726381242,0.0016306639,0.0031563044,0.0024376512
Full model,7,3,0.84268683,0.83910084,0.8431012,0.8458035,0.0053045726381242,0.0035859942,0.0067026615,0.0004143715
Full model,7,3,0.84226686,0.83862567,0.84268683,0.8436774,0.0053045726381242,0.0036411881,0.005051732,0.00041997433
Full model,7,3,0.8436565,0.83798736,0.84226686,0.8448119,0.0053045726381242,0.005669117,0.006824553,0.0013896227
Full model,7,3,0.8436857,0.8396514,0.8436565,0.84333766,0.0053045726381242,0.004034281,0.0036862493,2.9206276e-05
Full model,7,3,0.83190763,0.8396009,0.8436857,0.823293,0.0053045726381242,0.0076932907,0.01630795,0.011778057
Full model,7,3,0.81595606,0.82788986,0.83190763,0.8092939,0.0053045726381242,0.011933804,0.018595934,0.015951574
Full model,7,3,0.8011855,0.8107441,0.81595606,0.79986495,0.0053045726381242,0.009558618,0.010879159,0.014770567
Full model,7,3,0.7942515,0.7948068,0.8011855,0.7998536,0.0053045726381242,0.00055527687,0.0050468445,0.006933987
Full model,7,3,0.80762786,0.7894984,0.7942515,0.8244732,0.0053045726381242,0.018129468,0.034974813,0.013376355
Full model,7,3,0.82186174,0.8036529,0.80762786,0.82831514,0.0053045726381242,0.018208861,0.024662256,0.014233887
Full model,7,3,0.8277441,0.81738573,0.82186174,0.82324696,0.0053045726381242,0.010358393,0.0058612227,0.0058823824
Full model,7,3,0.82048154,0.82370746,0.8277441,0.8094152,0.0053045726381242,0.0032259226,0.01429224,0.0072625875
Full model,7,3,0.8091384,0.8165403,0.82048154,0.8033943,0.0053045726381242,0.0074018836,0.013145983,0.0113431215
Full model,7,3,0.802242,0.8041934,0.8091384,0.804537,0.0053045726381242,0.0019513965,0.00034362078,0.006896436
Full model,7,3,0.7957432,0.79760027,0.802242,0.79609007,0.0053045726381242,0.0018570423,0.0015102029,0.006498754
Full model,7,3,0.7925288,0.7915464,0.7957432,0.79367363,0.0053045726381242,0.0009824038,0.0021272302,0.003214419
Full model,7,3,0.78882366,0.78856444,0.7925288,0.78867537,0.0053045726381242,0.0002592206,0.000110924244,0.003705144
Full model,7,10,0.8812594,0.88244283,0.8877018,0.8826901,0.0053045726381242,0.0011834502,0.00024724007,0.0064424276
Full model,7,10,0.87596154,0.8755217,0.8812594,0.87818635,0.0053045726381242,0.00043982267,0.0026646256,0.0052978396
Full model,7,10,0.87697875,0.86966753,0.87596154,0.88232356,0.0053045726381242,0.007311225,0.012656033,0.0010172129
Full model,7,10,0.87208104,0.8710251,0.87697875,0.86945295,0.0053045726381242,0.0010559559,0.0015721321,0.0048977137
Full model,7,10,0.8668421,0.8659913,0.87208104,0.86518914,0.0053045726381242,0.0008507967,0.0008021593,0.0052389503
Full model,7,10,0.86631876,0.8625495,0.8668421,0.8699678,0.0053045726381242,0.0037692785,0.0074183345,0.0005233288
Full model,7,10,0.8702149,0.86073923,0.86631876,0.8755109,0.0053045726381242,0.009475648,0.01477164,0.0038961172
Full model,7,10,0.8748219,0.8662372,0.8702149,0.8770293,0.0053045726381242,0.008584678,0.010792077,0.004607022
Full model,7,10,0.8718848,0.8703806,0.8748219,0.8664172,0.0053045726381242,0.0015042424,0.0039633512,0.0029370785
Full model,7,10,0.8632296,0.86787283,0.8718848,0.8571021,0.0053045726381242,0.0046432614,0.010770738,0.00865525
Full model,7,10,0.8524154,0.85925764,0.8632296,0.84933686,0.0053045726381242,0.0068422556,0.009920776,0.01081419
Full model,7,10,0.8381798,0.8483069,0.8524154,0.83461636,0.0053045726381242,0.010127068,0.013690531,0.014235556
Full model,7,10,0.8331223,0.8339852,0.8381798,0.8379713,0.0053045726381242,0.00086289644,0.00398612,0.0050575137
Full model,7,10,0.8365936,0.82853055,0.8331223,0.8445855,0.0053045726381242,0.008063078,0.016054928,0.003471315
Full model,7,10,0.8432626,0.83256876,0.8365936,0.8484766,0.0053045726381242,0.010693848,0.015907824,0.006668985
Full model,7,10,0.8430471,0.8392981,0.8432626,0.8394557,0.0053045726381242,0.0037489533,0.00015759468,0.0002155304
Full model,7,10,0.83568525,0.83866155,0.8430471,0.82897156,0.0053045726381242,0.0029762983,0.009689987,0.0073618293
Full model,7,10,0.8308019,0.8316634,0.83568525,0.8312218,0.0053045726381242,0.00086152554,0.0004416108,0.004883349
Full model,7,10,0.82682,0.8263008,0.8308019,0.82842606,0.0053045726381242,0.00051921606,0.0021252632,0.0039818883
Full model,7,10,0.8235313,0.8225636,0.82682,0.82392335,0.0053045726381242,0.000967741,0.0013597608,0.0032886863
Full model,7,10,0.8145864,0.8195104,0.8235313,0.8096079,0.0053045726381242,0.0049239993,0.009902477,0.008944929
Full model,7,10,0.8035725,0.81063575,0.8145864,0.8001174,0.0053045726381242,0.0070632696,0.010518372,0.011013925
Without quantum attention,7,3,0.86380184,0.8701426,0.878641,0.86238754,0.0053045726381242,0.006340742,0.007755041,0.014839172
Without quantum attention,7,3,0.85187876,0.8558435,0.86380184,0.8542888,0.0053045726381242,0.003964722,0.001554668,0.011923075
Without quantum attention,7,3,0.85352826,0.8451853,0.85187876,0.86380047,0.0053045726381242,0.008342981,0.018615186,0.0016494989
Without quantum attention,7,3,0.85024816,0.84674215,0.85352826,0.85045785,0.0053045726381242,0.0035060048,0.003715694,0.0032801032
Without quantum attention,7,3,0.84553885,0.8442388,0.85024816,0.844327,0.0053045726381242,0.0013000369,8.815527e-05,0.0047093034
Without quantum attention,7,3,0.8431012,0.8416319,0.84553885,0.84462684,0.0053045726381242,0.0014693141,0.0029949546,0.0024376512
Without quantum attention,7,3,0.84268683,0.8387751,0.8431012,0.8458035,0.0053045726381242,0.0039117336,0.007028401,0.0004143715
Without quantum attention,7,3,0.84226686,0.83808786,0.84268683,0.8436774,0.0053045726381242,0.004179001,0.005589545,0.00041997433
Without quantum attention,7,3,0.8436565,0.83762443,0.84226686,0.8448119,0.0053045726381242,0.0060320497,0.0071874857,0.0013896227
Without quantum attention,7,3,0.8436857,0.8388866,0.8436565,0.84333766,0.0053045726381242,0.004799068,0.0044510365,2.9206276e-05
Without quantum attention,7,3,0.83190763,0.83857924,0.8436857,0.823293,0.0053045726381242,0.0066716075,0.015286267,0.011778057
Without quantum attention,7,3,0.81595606,0.8276399,0.83190763,0.8092939,0.0053045726381242,0.011683822,0.018345952,0.015951574
Without quantum attention,7,3,0.8011855,0.8119609,0.81595606,0.79986495,0.0053045726381242,0.010775387,0.012095928,0.014770567
Without quantum attention,7,3,0.7942515,0.7975456,0.8011855,0.7998536,0.0053045726381242,0.0032941103,0.002308011,0.006933987
Without quantum attention,7,3,0.80762786,0.79107094,0.7942515,0.8244732,0.0053045726381242,0.016556919,0.033402264,0.013376355
Without quantum attention,7,3,0.82186174,0.8051146,0.80762786,0.82831514,0.0053045726381242,0.016747117,0.023200512,0.014233887
Without quantum attention,7,3,0.8277441,0.8185481,0.82186174,0.82324696,0.0053045726381242,0.009196043,0.0046988726,0.0058823824
Without quantum attention,7,3,0.82048154,0.82452244,0.8277441,0.8094152,0.0053045726381242,0.004040897,0.015107214,0.0072625875
Without quantum attention,7,3,0.8091384,0.81702816,0.82048154,0.8033943,0.0053045726381242,0.007889748,0.013633847,0.0113431215
Without quantum attention,7,3,0.802242,0.8063548,0.8091384,0.804537,0.0053045726381242,0.0041128397,0.0018178225,0.006896436
Without quantum attention,7,3,0.7957432,0.79902893,0.802242,0.79609007,0.0053045726381242,0.003285706,0.0029388666,0.006498754
Without quantum attention,7,3,0.7925288,0.7922486,0.7957432,0.79367363,0.0053045726381242,0.00028020144,0.0014250278,0.003214419
Without quantum attention,7,3,0.78882366,0.7900169,0.7925288,0.78867537,0.0053045726381242,0.0011932254,0.0013415217,0.003705144
Without quantum attention,7,10,0.8812594,0.8807378,0.8877018,0.8826901,0.0053045726381242,0.00052160025,0.0019522905,0.0064424276
Without quantum attention,7,10,0.87596154,0.87504065,0.8812594,0.87818635,0.0053045726381242,0.00092089176,0.0031456947,0.0052978396
Without quantum attention,7,10,0.87697875,0.8709844,0.87596154,0.88232356,0.0053045726381242,0.0059943795,0.011339188,0.0010172129
Without quantum attention,7,10,0.87208104,0.8712576,0.87697875,0.86945295,0.0053045726381242,0.00082343817,0.0018046498,0.0048977137
Without quantum attention,7,10,0.8668421,0.86566883,0.87208104,0.86518914,0.0053045726381242,0.0011732578,0.00047969818,0.0052389503
Without quantum attention,7,10,0.86631876,0.86254835,0.8668421,0.8699678,0.0053045726381242,0.003770411,0.007419467,0.0005233288
Without quantum attention,7,10,0.8702149,0.86198056,0.86631876,0.8755109,0.0053045726381242,0.008234322,0.013530314,0.0038961172
Without quantum attention,7,10,0.8748219,0.8654733,0.8702149,0.8770293,0.0053045726381242,0.009348631,0.011556029,0.004607022
Without quantum attention,7,10,0.8718848,0.86900336,0.8748219,0.8664172,0.0053045726381242,0.0028814673,0.0025861263,0.0029370785
Without quantum attention,7,10,0.8632296,0.8653162,0.8718848,0.8571021,0.0053045726381242,0.0020866394,0.008214116,0.00865525
Without quantum attention,7,10,0.8524154,0.85723305,0.8632296,0.84933686,0.0053045726381242,0.0048176646,0.007896185,0.01081419
Without quantum attention,7,10,0.8381798,0.8460066,0.8524154,0.83461636,0.0053045726381242,0.0078267455,0.011390209,0.014235556
Without quantum attention,7,10,0.8331223,0.83285147,0.8381798,0.8379713,0.0053045726381242,0.0002708435,0.00511986,0.0050575137
Without quantum attention,7,10,0.8365936,0.8280992,0.8331223,0.8445855,0.0053045726381242,0.008494437,0.016486287,0.003471315
Without quantum attention,7,10,0.8432626,0.83230495,0.8365936,0.8484766,0.0053045726381242,0.010957658,0.016171634,0.006668985
Without quantum attention,7,10,0.8430471,0.83939886,0.8432626,0.8394557,0.0053045726381242,0.0036482215,5.686283e-05,0.0002155304
Without quantum attention,7,10,0.83568525,0.8393334,0.8430471,0.82897156,0.0053045726381242,0.003648162,0.01036185,0.0073618293
Without quantum attention,7,10,0.8308019,0.8316132,0.83568525,0.8312218,0.0053045726381242,0.0008112788,0.0003913641,0.004883349
Without quantum attention,7,10,0.82682,0.82711524,0.8308019,0.82842606,0.0053045726381242,0.0002952218,0.0013108253,0.0039818883
Without quantum attention,7,10,0.8235313,0.82338697,0.82682,0.82392335,0.0053045726381242,0.00014436245,0.0005363822,0.0032886863
Without quantum attention,7,10,0.8145864,0.8197231,0.8235313,0.8096079,0.0053045726381242,0.0051367283,0.010115206,0.008944929
Without quantum attention,7,10,0.8035725,0.8113624,0.8145864,0.8001174,0.0053045726381242,0.00778991,0.011245012,0.011013925
Without VQR,7,3,0.86380184,0.87392944,0.878641,0.86238754,0.0053045726381242,0.010127604,0.011541903,0.014839172
Without VQR,7,3,0.85187876,0.85909027,0.86380184,0.8542888,0.0053045726381242,0.0072115064,0.004801452,0.011923075
Without VQR,7,3,0.85352826,0.8471672,0.85187876,0.86380047,0.0053045726381242,0.0063610673,0.016633272,0.0016494989
Without VQR,7,3,0.85024816,0.8488167,0.85352826,0.85045785,0.0053045726381242,0.0014314651,0.0016411543,0.0032801032
Without VQR,7,3,0.84553885,0.8455366,0.85024816,0.844327,0.0053045726381242,2.2649765e-06,0.0012096167,0.0047093034
Without VQR,7,3,0.8431012,0.8408273,0.84553885,0.84462684,0.0053045726381242,0.0022739172,0.0037995577,0.0024376512
Without VQR,7,3,0.84268683,0.83838964,0.8431012,0.8458035,0.0053045726381242,0.004297197,0.007413864,0.0004143715
Without VQR,7,3,0.84226686,0.83797526,0.84268683,0.8436774,0.0053045726381242,0.004291594,0.005702138,0.00041997433
Without VQR,7,3,0.8436565,0.8375553,0.84226686,0.8448119,0.0053045726381242,0.006101191,0.007256627,0.0013896227
Without VQR,7,3,0.8436857,0.8389449,0.8436565,0.84333766,0.0053045726381242,0.0047407746,0.004392743,2.9206276e-05
Without VQR,7,3,0.83190763,0.8389741,0.8436857,0.823293,0.0053045726381242,0.0070664883,0.015681148,0.011778057
Without VQR,7,3,0.81595606,0.82719606,0.83190763,0.8092939,0.0053045726381242,0.0112400055,0.017902136,0.015951574
Without VQR,7,3,0.8011855,0.8112445,0.81595606,0.79986495,0.0053045726381242,0.010058999,0.01137954,0.014770567
Without VQR,7,3,0.7942515,0.7964739,0.8011855,0.7998536,0.0053045726381242,0.0022224188,0.0033797026,0.006933987
Without VQR,7,3,0.80762786,0.78953993,0.7942515,0.8244732,0.0053045726381242,0.018087924,0.03493327,0.013376355
Without VQR,7,3,0.82186174,0.8029163,0.80762786,0.82831514,0.0053045726381242,0.018945456,0.02539885,0.014233887
Without VQR,7,3,0.8277441,0.8171502,0.82186174,0.82324696,0.0053045726381242,0.010593951,0.0060967803,0.0058823824
Without VQR,7,3,0.82048154,0.82303256,0.8277441,0.8094152,0.0053045726381242,0.0025510192,0.013617337,0.0072625875
Without VQR,7,3,0.8091384,0.81577,0.82048154,0.8033943,0.0053045726381242,0.006631553,0.012375653,0.0113431215
Without VQR,7,3,0.802242,0.80442685,0.8091384,0.804537,0.0053045726381242,0.0021848679,0.00011014938,0.006896436
Without VQR,7,3,0.7957432,0.7975304,0.802242,0.79609007,0.0053045726381242,0.0017871857,0.0014403462,0.006498754
Without VQR,7,3,0.7925288,0.79103166,0.7957432,0.79367363,0.0053045726381242,0.0014971495,0.0026419759,0.003214419
Without VQR,7,3,0.78882366,0.78781724,0.7925288,0.78867537,0.0053045726381242,0.0010064244,0.00085812807,0.003705144
Without VQR,7,10,0.8812594,0.88299024,0.8877018,0.8826901,0.0053045726381242,0.0017308593,0.000300169,0.0064424276
Without VQR,7,10,0.87596154,0.8765478,0.8812594,0.87818635,0.0053045726381242,0.0005862713,0.0016385317,0.0052978396
Without VQR,7,10,0.87697875,0.87125,0.87596154,0.88232356,0.0053045726381242,0.005728781,0.011073589,0.0010172129
Without VQR,7,10,0.87208104,0.8722672,0.87697875,0.86945295,0.0053045726381242,0.0001861453,0.0028142333,0.0048977137
Without VQR,7,10,0.8668421,0.8673695,0.87208104,0.86518914,0.0053045726381242,0.0005273819,0.002180338,0.0052389503
Without VQR,7,10,0.86631876,0.8621305,0.8668421,0.8699678,0.0053045726381242,0.0041882396,0.0078372955,0.0005233288
Without VQR,7,10,0.8702149,0.8616072,0.86631876,0.8755109,0.0053045726381242,0.008607686,0.013903677,0.0038961172
Without VQR,7,10,0.8748219,0.8655033,0.8702149,0.8770293,0.0053045726381242,0.00931859,0.011525989,0.004607022
Without VQR,7,10,0.8718848,0.87011033,0.8748219,0.8664172,0.0053045726381242,0.0017744899,0.0036931038,0.0029370785
Without VQR,7,10,0.8632296,0.86717325,0.8718848,0.8571021,0.0053045726381242,0.0039436817,0.010071158,0.00865525
Without VQR,7,10,0.8524154,0.858518,0.8632296,0.84933686,0.0053045726381242,0.0061026216,0.009181142,0.01081419
Without VQR,7,10,0.8381798,0.8477038,0.8524154,0.83461636,0.0053045726381242,0.009523988,0.013087451,0.014235556
Without VQR,7,10,0.8331223,0.83346826,0.8381798,0.8379713,0.0053045726381242,0.00034594536,0.0045030713,0.0050575137
Without VQR,7,10,0.8365936,0.82841074,0.8331223,0.8445855,0.0053045726381242,0.008182883,0.016174734,0.003471315
Without VQR,7,10,0.8432626,0.83188206,0.8365936,0.8484766,0.0053045726381242,0.011380553,0.01659453,0.006668985
Without VQR,7,10,0.8430471,0.83855104,0.8432626,0.8394557,0.0053045726381242,0.004496038,0.0009046793,0.0002155304
Without VQR,7,10,0.83568525,0.8383355,0.8430471,0.82897156,0.0053045726381242,0.002650261,0.009363949,0.0073618293
Without VQR,7,10,0.8308019,0.8309737,0.83568525,0.8312218,0.0053045726381242,0.00017178059,0.00024813414,0.004883349
Without VQR,7,10,0.82682,0.82609034,0.8308019,0.82842606,0.0053045726381242,0.00072968006,0.0023357272,0.0039818883
Without VQR,7,10,0.8235313,0.82210845,0.82682,0.82392335,0.0053045726381242,0.0014228821,0.0018149018,0.0032886863
Without VQR,7,10,0.8145864,0.81881976,0.8235313,0.8096079,0.0053045726381242,0.0042333603,0.009211838,0.008944929
Without VQR,7,10,0.8035725,0.80987483,0.8145864,0.8001174,0.0053045726381242,0.0063023567,0.009757459,0.011013925
Without quantum attention and VQR,7,3,0.86380184,0.866302,0.878641,0.86238754,0.0053045726381242,0.0025001764,0.0039144754,0.014839172
Without quantum attention and VQR,7,3,0.85187876,0.852402,0.86380184,0.8542888,0.0053045726381242,0.0005232096,0.0018868446,0.011923075
Without quantum attention and VQR,7,3,0.85352826,0.8431112,0.85187876,0.86380047,0.0053045726381242,0.010417044,0.020689249,0.0016494989
Without quantum attention and VQR,7,3,0.85024816,0.8443097,0.85352826,0.85045785,0.0053045726381242,0.0059384704,0.0061481595,0.0032801032
Without quantum attention and VQR,7,3,0.84553885,0.8433574,0.85024816,0.844327,0.0053045726381242,0.0021814704,0.00096958876,0.0047093034
Without quantum attention and VQR,7,3,0.8431012,0.8398837,0.84553885,0.84462684,0.0053045726381242,0.0032175183,0.004743159,0.0024376512
Without quantum attention and VQR,7,3,0.84268683,0.83755505,0.8431012,0.8458035,0.0053045726381242,0.005131781,0.008248448,0.0004143715
Without quantum attention and VQR,7,3,0.84226686,0.83721447,0.84268683,0.8436774,0.0053045726381242,0.0050523877,0.0064629316,0.00041997433
Without quantum attention and VQR,7,3,0.8436565,0.8369828,0.84226686,0.8448119,0.0053045726381242,0.0066736937,0.00782913,0.0013896227
Without quantum attention and VQR,7,3,0.8436857,0.8384697,0.8436565,0.84333766,0.0053045726381242,0.0052160025,0.004867971,2.9206276e-05
Without quantum attention and VQR,7,3,0.83190763,0.8381179,0.8436857,0.823293,0.0053045726381242,0.0062102675,0.014824927,0.011778057
Without quantum attention and VQR,7,3,0.81595606,0.82665205,0.83190763,0.8092939,0.0053045726381242,0.010695994,0.017358124,0.015951574
Without quantum attention and VQR,7,3,0.8011855,0.8109976,0.81595606,0.79986495,0.0053045726381242,0.009812117,0.0111326575,0.014770567
Without quantum attention and VQR,7,3,0.7942515,0.7967866,0.8011855,0.7998536,0.0053045726381242,0.0025351048,0.0030670166,0.006933987
Without quantum attention and VQR,7,3,0.80762786,0.79022586,0.7942515,0.8244732,0.0053045726381242,0.017401993,0.03424734,0.013376355
Without quantum attention and VQR,7,3,0.82186174,0.80352837,0.80762786,0.82831514,0.0053045726381242,0.018333375,0.02478677,0.014233887
Without quantum attention and VQR,7,3,0.8277441,0.8173657,0.82186174,0.82324696,0.0053045726381242,0.01037842,0.00588125,0.0058823824
Without quantum attention and VQR,7,3,0.82048154,0.8233979,0.8277441,0.8094152,0.0053045726381242,0.002916336,0.013982654,0.0072625875
Without quantum attention and VQR,7,3,0.8091384,0.8158046,0.82048154,0.8033943,0.0053045726381242,0.0066661835,0.012410283,0.0113431215
Without quantum attention and VQR,7,3,0.802242,0.8041146,0.8091384,0.804537,0.0053045726381242,0.0018725991,0.00042241812,0.006896436
Without quantum attention and VQR,7,3,0.7957432,0.7966206,0.802242,0.79609007,0.0053045726381242,0.0008773804,0.00053054094,0.006498754
Without quantum attention and VQR,7,3,0.7925288,0.7902001,0.7957432,0.79367363,0.0053045726381242,0.0023286939,0.0034735203,0.003214419
Without quantum attention and VQR,7,3,0.78882366,0.7885459,0.7925288,0.78867537,0.0053045726381242,0.00027775764,0.00012946129,0.003705144
Without quantum attention and VQR,7,10,0.8812594,0.8779381,0.8877018,0.8826901,0.0053045726381242,0.00332129,0.0047519803,0.0064424276
Without quantum attention and VQR,7,10,0.87596154,0.8720442,0.8812594,0.87818635,0.0053045726381242,0.0039173365,0.0061421394,0.0052978396
Without quantum attention and VQR,7,10,0.87697875,0.8673232,0.87596154,0.88232356,0.0053045726381242,0.009655535,0.015000343,0.0010172129
Without quantum attention and VQR,7,10,0.87208104,0.86777526,0.87697875,0.86945295,0.0053045726381242,0.00430578,0.0016776919,0.0048977137
Without quantum attention and VQR,7,10,0.8668421,0.8634157,0.87208104,0.86518914,0.0053045726381242,0.003426373,0.001773417,0.0052389503
Without quantum attention and VQR,7,10,0.86631876,0.8591532,0.8668421,0.8699678,0.0053045726381242,0.007165551,0.010814607,0.0005233288
Without quantum attention and VQR,7,10,0.8702149,0.8595047,0.86631876,0.8755109,0.0053045726381242,0.01071018,0.016006172,0.0038961172
Without quantum attention and VQR,7,10,0.8748219,0.8635733,0.8702149,0.8770293,0.0053045726381242,0.011248589,0.013455987,0.004607022
Without quantum attention and VQR,7,10,0.8718848,0.8676599,0.8748219,0.8664172,0.0053045726381242,0.0042248964,0.0012426972,0.0029370785
Without quantum attention and VQR,7,10,0.8632296,0.86345077,0.8718848,0.8571021,0.0053045726381242,0.00022119284,0.0063486695,0.00865525
Without quantum attention and VQR,7,10,0.8524154,0.85501504,0.8632296,0.84933686,0.0053045726381242,0.0025996566,0.005678177,0.01081419
Without quantum attention and VQR,7,10,0.8381798,0.84328634,0.8524154,0.83461636,0.0053045726381242,0.0051065087,0.008669972,0.014235556
Without quantum attention and VQR,7,10,0.8331223,0.8297645,0.8381798,0.8379713,0.0053045726381242,0.0033578277,0.008206844,0.0050575137
Without quantum attention and VQR,7,10,0.8365936,0.82519746,0.8331223,0.8445855,0.0053045726381242,0.01139617,0.01938802,0.003471315
Without quantum attention and VQR,7,10,0.8432626,0.829167,0.8365936,0.8484766,0.0053045726381242,0.014095604,0.01930958,0.006668985
Without quantum attention and VQR,7,10,0.8430471,0.8366419,0.8432626,0.8394557,0.0053045726381242,0.0064051747,0.002813816,0.0002155304
Without quantum attention and VQR,7,10,0.83568525,0.8369743,0.8430471,0.82897156,0.0053045726381242,0.0012890697,0.008002758,0.0073618293
Without quantum attention and VQR,7,10,0.8308019,0.8296011,0.83568525,0.8312218,0.0053045726381242,0.0012007952,0.0016207099,0.004883349
Without quantum attention and VQR,7,10,0.82682,0.8251452,0.8308019,0.82842606,0.0053045726381242,0.0016748309,0.003280878,0.0039818883
Without quantum attention and VQR,7,10,0.8235313,0.82147735,0.82682,0.82392335,0.0053045726381242,0.002053976,0.0024459958,0.0032886863
Without quantum attention and VQR,7,10,0.8145864,0.81804144,0.8235313,0.8096079,0.0053045726381242,0.0034550428,0.008433521,0.008944929
Without quantum attention and VQR,7,10,0.8035725,0.80970883,0.8145864,0.8001174,0.0053045726381242,0.006136358,0.00959146,0.011013925
Classical QLSTM gates,7,3,0.86380184,0.87237865,0.878641,0.86238754,0.0053045726381242,0.00857681,0.009991109,0.014839172
Classical QLSTM gates,7,3,0.85187876,0.85753846,0.86380184,0.8542888,0.0053045726381242,0.0056596994,0.0032496452,0.011923075
Classical QLSTM gates,7,3,0.85352826,0.84339166,0.85187876,0.86380047,0.0053045726381242,0.010136604,0.02040881,0.0016494989
Classical QLSTM gates,7,3,0.85024816,0.84709656,0.85352826,0.85045785,0.0053045726381242,0.0031515956,0.0033612847,0.0032801032
Classical QLSTM gates,7,3,0.84553885,0.8446292,0.85024816,0.844327,0.0053045726381242,0.0009096265,0.00030225515,0.0047093034
Classical QLSTM gates,7,3,0.8431012,0.84060323,0.84553885,0.84462684,0.0053045726381242,0.002497971,0.0040236115,0.0024376512
Classical QLSTM gates,7,3,0.84268683,0.83862627,0.8431012,0.8458035,0.0053045726381242,0.0040605664,0.0071772337,0.0004143715
Classical QLSTM gates,7,3,0.84226686,0.8386753,0.84268683,0.8436774,0.0053045726381242,0.0035915375,0.0050020814,0.00041997433
Classical QLSTM gates,7,3,0.8436565,0.8377602,0.84226686,0.8448119,0.0053045726381242,0.0058962703,0.0070517063,0.0013896227
Classical QLSTM gates,7,3,0.8436857,0.8393264,0.8436565,0.84333766,0.0053045726381242,0.004359305,0.0040112734,2.9206276e-05
Classical QLSTM gates,7,3,0.83190763,0.83932143,0.8436857,0.823293,0.0053045726381242,0.0074138045,0.016028464,0.011778057
Classical QLSTM gates,7,3,0.81595606,0.82743305,0.83190763,0.8092939,0.0053045726381242,0.011476994,0.018139124,0.015951574
Classical QLSTM gates,7,3,0.8011855,0.8114392,0.81595606,0.79986495,0.0053045726381242,0.010253727,0.011574268,0.014770567
Classical QLSTM gates,7,3,0.7942515,0.7963762,0.8011855,0.7998536,0.0053045726381242,0.0021247268,0.0034773946,0.006933987
Classical QLSTM gates,7,3,0.80762786,0.7899625,0.7942515,0.8244732,0.0053045726381242,0.017665386,0.03451073,0.013376355
Classical QLSTM gates,7,3,0.82186174,0.80335206,0.80762786,0.82831514,0.0053045726381242,0.018509686,0.02496308,0.014233887
Classical QLSTM gates,7,3,0.8277441,0.81765354,0.82186174,0.82324696,0.0053045726381242,0.0100905895,0.005593419,0.0058823824
Classical QLSTM gates,7,3,0.82048154,0.8238065,0.8277441,0.8094152,0.0053045726381242,0.0033249855,0.014391303,0.0072625875
Classical QLSTM gates,7,3,0.8091384,0.8165115,0.82048154,0.8033943,0.0053045726381242,0.0073730946,0.013117194,0.0113431215
Classical QLSTM gates,7,3,0.802242,0.80457836,0.8091384,0.804537,0.0053045726381242,0.0023363829,4.1365623e-05,0.006896436
Classical QLSTM gates,7,3,0.7957432,0.7977587,0.802242,0.79609007,0.0053045726381242,0.0020154715,0.001668632,0.006498754
Classical QLSTM gates,7,3,0.7925288,0.7911956,0.7957432,0.79367363,0.0053045726381242,0.0013332367,0.002478063,0.003214419
Classical QLSTM gates,7,3,0.78882366,0.78782535,0.7925288,0.78867537,0.0053045726381242,0.0009983182,0.00085002184,0.003705144
Classical QLSTM gates,7,10,0.8812594,0.88126355,0.8877018,0.8826901,0.0053045726381242,4.172325e-06,0.001426518,0.0064424276
Classical QLSTM gates,7,10,0.87596154,0.87470853,0.8812594,0.87818635,0.0053045726381242,0.0012530088,0.0034778118,0.0052978396
Classical QLSTM gates,7,10,0.87697875,0.86937284,0.87596154,0.88232356,0.0053045726381242,0.0076059103,0.012950718,0.0010172129
Classical QLSTM gates,7,10,0.87208104,0.8702309,0.87697875,0.86945295,0.0053045726381242,0.0018501282,0.0007779598,0.0048977137
Classical QLSTM gates,7,10,0.8668421,0.8660505,0.87208104,0.86518914,0.0053045726381242,0.0007916093,0.0008613467,0.0052389503
Classical QLSTM gates,7,10,0.86631876,0.861542,0.8668421,0.8699678,0.0053045726381242,0.004776776,0.008425832,0.0005233288
Classical QLSTM gates,7,10,0.8702149,0.8612038,0.86631876,0.8755109,0.0053045726381242,0.00901109,0.014307082,0.0038961172
Classical QLSTM gates,7,10,0.8748219,0.86557376,0.8702149,0.8770293,0.0053045726381242,0.0092481375,0.011455536,0.004607022
Classical QLSTM gates,7,10,0.8718848,0.87026066,0.8748219,0.8664172,0.0053045726381242,0.001624167,0.0038434267,0.0029370785
Classical QLSTM gates,7,10,0.8632296,0.8671811,0.8718848,0.8571021,0.0053045726381242,0.0039515495,0.010079026,0.00865525
Classical QLSTM gates,7,10,0.8524154,0.85851717,0.8632296,0.84933686,0.0053045726381242,0.006101787,0.009180307,0.01081419
Classical QLSTM gates,7,10,0.8381798,0.8476629,0.8524154,0.83461636,0.0053045726381242,0.009483099,0.013046563,0.014235556
Classical QLSTM gates,7,10,0.8331223,0.83331174,0.8381798,0.8379713,0.0053045726381242,0.00018942356,0.004659593,0.0050575137
Classical QLSTM gates,7,10,0.8365936,0.82844716,0.8331223,0.8445855,0.0053045726381242,0.008146465,0.016138315,0.003471315
Classical QLSTM gates,7,10,0.8432626,0.83192843,0.8365936,0.8484766,0.0053045726381242,0.011334181,0.016548157,0.006668985
Classical QLSTM gates,7,10,0.8430471,0.83876795,0.8432626,0.8394557,0.0053045726381242,0.0042791367,0.000687778,0.0002155304
Classical QLSTM gates,7,10,0.83568525,0.83848107,0.8430471,0.82897156,0.0053045726381242,0.0027958155,0.009509504,0.0073618293
Classical QLSTM gates,7,10,0.8308019,0.83128387,0.83568525,0.8312218,0.0053045726381242,0.00048196316,6.2048435e-05,0.004883349
Classical QLSTM gates,7,10,0.82682,0.82627773,0.8308019,0.82842606,0.0053045726381242,0.00054228306,0.0021483302,0.0039818883
Classical QLSTM gates,7,10,0.8235313,0.8222888,0.82682,0.82392335,0.0053045726381242,0.0012425184,0.0016345382,0.0032886863
Classical QLSTM gates,7,10,0.8145864,0.8193503,0.8235313,0.8096079,0.0053045726381242,0.0047639012,0.009742379,0.008944929
Classical QLSTM gates,7,10,0.8035725,0.8100566,0.8145864,0.8001174,0.0053045726381242,0.006484151,0.009939253,0.011013925
Classical attention circuits,7,3,0.86380184,0.8738103,0.878641,0.86238754,0.0053045726381242,0.010008454,0.011422753,0.014839172
Classical attention circuits,7,3,0.85187876,0.8593888,0.86380184,0.8542888,0.0053045726381242,0.007510066,0.005100012,0.011923075
Classical attention circuits,7,3,0.85352826,0.8384831,0.85187876,0.86380047,0.0053045726381242,0.015045166,0.02531737,0.0016494989
Classical attention circuits,7,3,0.85024816,0.8485026,0.85352826,0.85045785,0.0053045726381242,0.0017455816,0.0019552708,0.0032801032
Classical attention circuits,7,3,0.84553885,0.84485686,0.85024816,0.844327,0.0053045726381242,0.00068199635,0.0005298853,0.0047093034
Classical attention circuits,7,3,0.8431012,0.8414982,0.84553885,0.84462684,0.0053045726381242,0.0016030073,0.0031286478,0.0024376512
Classical attention circuits,7,3,0.84268683,0.8395164,0.8431012,0.8458035,0.0053045726381242,0.0031704307,0.006287098,0.0004143715
Classical attention circuits,7,3,0.84226686,0.83969325,0.84268683,0.8436774,0.0053045726381242,0.0025736094,0.0039841533,0.00041997433
Classical attention circuits,7,3,0.8436565,0.8374803,0.84226686,0.8448119,0.0053045726381242,0.0061761737,0.0073316097,0.0013896227
Classical attention circuits,7,3,0.8436857,0.8402557,0.8436565,0.84333766,0.0053045726381242,0.003430009,0.0030819774,2.9206276e-05
Classical attention circuits,7,3,0.83190763,0.84064215,0.8436857,0.823293,0.0053045726381242,0.008734524,0.017349184,0.011778057
Classical attention circuits,7,3,0.81595606,0.82800484,0.83190763,0.8092939,0.0053045726381242,0.012048781,0.018710911,0.015951574
Classical attention circuits,7,3,0.8011855,0.8124888,0.81595606,0.79986495,0.0053045726381242,0.011303306,0.0126238465,0.014770567
Classical attention circuits,7,3,0.7942515,0.7965815,0.8011855,0.7998536,0.0053045726381242,0.0023300052,0.0032721162,0.006933987
Classical attention circuits,7,3,0.80762786,0.7911473,0.7942515,0.8244732,0.0053045726381242,0.016480565,0.03332591,0.013376355
Classical attention circuits,7,3,0.82186174,0.804132,0.80762786,0.82831514,0.0053045726381242,0.01772976,0.024183154,0.014233887
Classical attention circuits,7,3,0.8277441,0.8189371,0.82186174,0.82324696,0.0053045726381242,0.0088070035,0.004309833,0.0058823824
Classical attention circuits,7,3,0.82048154,0.8247359,0.8277441,0.8094152,0.0053045726381242,0.004254341,0.015320659,0.0072625875
Classical attention circuits,7,3,0.8091384,0.8173772,0.82048154,0.8033943,0.0053045726381242,0.008238792,0.013982892,0.0113431215
Classical attention circuits,7,3,0.802242,0.8021631,0.8091384,0.804537,0.0053045726381242,7.8856945e-05,0.0023738742,0.006896436
Classical attention circuits,7,3,0.7957432,0.79628325,0.802242,0.79609007,0.0053045726381242,0.0005400181,0.00019317865,0.006498754
Classical attention circuits,7,3,0.7925288,0.79089886,0.7957432,0.79367363,0.0053045726381242,0.0016299486,0.002774775,0.003214419
Classical attention circuits,7,3,0.78882366,0.7889176,0.7925288,0.78867537,0.0053045726381242,9.393692e-05,0.00024223328,0.003705144
Classical attention circuits,7,10,0.8812594,0.88179964,0.8877018,0.8826901,0.0053045726381242,0.0005402565,0.0008904338,0.0064424276
Classical attention circuits,7,10,0.87596154,0.87424654,0.8812594,0.87818635,0.0053045726381242,0.0017150044,0.0039398074,0.0052978396
Classical attention circuits,7,10,0.87697875,0.86797696,0.87596154,0.88232356,0.0053045726381242,0.0090017915,0.0143466,0.0010172129
Classical attention circuits,7,10,0.87208104,0.869578,0.87697875,0.86945295,0.0053045726381242,0.0025030375,0.00012505054,0.0048977137
Classical attention circuits,7,10,0.8668421,0.86474335,0.87208104,0.86518914,0.0053045726381242,0.0020987391,0.00044578314,0.0052389503
Classical attention circuits,7,10,0.86631876,0.8619941,0.8668421,0.8699678,0.0053045726381242,0.0043246746,0.007973731,0.0005233288
Classical attention circuits,7,10,0.8702149,0.8593746,0.86631876,0.8755109,0.0053045726381242,0.010840297,0.016136289,0.0038961172
Classical attention circuits,7,10,0.8748219,0.86687624,0.8702149,0.8770293,0.0053045726381242,0.007945657,0.010153055,0.004607022
Classical attention circuits,7,10,0.8718848,0.8719198,0.8748219,0.8664172,0.0053045726381242,3.4987926e-05,0.0055025816,0.0029370785
Classical attention circuits,7,10,0.8632296,0.86851764,0.8718848,0.8571021,0.0053045726381242,0.0052880645,0.011415541,0.00865525
Classical attention circuits,7,10,0.8524154,0.8597194,0.8632296,0.84933686,0.0053045726381242,0.007304013,0.010382533,0.01081419
Classical attention circuits,7,10,0.8381798,0.8493135,0.8524154,0.83461636,0.0053045726381242,0.011133671,0.0146971345,0.014235556
Classical attention circuits,7,10,0.8331223,0.83404905,0.8381798,0.8379713,0.0053045726381242,0.000926733,0.0039222836,0.0050575137
Classical attention circuits,7,10,0.8365936,0.83014053,0.8331223,0.8445855,0.0053045726381242,0.006453097,0.014444947,0.003471315
Classical attention circuits,7,10,0.8432626,0.8327085,0.8365936,0.8484766,0.0053045726381242,0.010554135,0.01576811,0.006668985
Classical attention circuits,7,10,0.8430471,0.8399346,0.8432626,0.8394557,0.0053045726381242,0.003112495,0.00047886372,0.0002155304
Classical attention circuits,7,10,0.83568525,0.8380808,0.8430471,0.82897156,0.0053045726381242,0.0023955703,0.009109259,0.0073618293
Classical attention circuits,7,10,0.8308019,0.8319083,0.83568525,0.8312218,0.0053045726381242,0.0011063814,0.0006864667,0.004883349
Classical attention circuits,7,10,0.82682,0.82540274,0.8308019,0.82842606,0.0053045726381242,0.0014172792,0.0030233264,0.0039818883
Classical attention circuits,7,10,0.8235313,0.8220779,0.82682,0.82392335,0.0053045726381242,0.0014534593,0.001845479,0.0032886863
Classical attention circuits,7,10,0.8145864,0.8204503,0.8235313,0.8096079,0.0053045726381242,0.005863905,0.010842383,0.008944929
Classical attention circuits,7,10,0.8035725,0.8109788,0.8145864,0.8001174,0.0053045726381242,0.0074062943,0.010861397,0.011013925
Classical VQR circuit,7,3,0.86380184,0.87249285,0.878641,0.86238754,0.0053045726381242,0.008691013,0.010105312,0.014839172
Classical VQR circuit,7,3,0.85187876,0.85759455,0.86380184,0.8542888,0.0053045726381242,0.0057157874,0.0033057332,0.011923075
Classical VQR circuit,7,3,0.85352826,0.8457867,0.85187876,0.86380047,0.0053045726381242,0.0077415705,0.018013775,0.0016494989
Classical VQR circuit,7,3,0.85024816,0.84746355,0.85352826,0.85045785,0.0053045726381242,0.0027846098,0.002994299,0.0032801032
Classical VQR circuit,7,3,0.84553885,0.8445223,0.85024816,0.844327,0.0053045726381242,0.0010165572,0.00019532442,0.0047093034
Classical VQR circuit,7,3,0.8431012,0.8413402,0.84553885,0.84462684,0.0053045726381242,0.0017610192,0.0032866597,0.0024376512
Classical VQR circuit,7,3,0.84268683,0.8387675,0.8431012,0.8458035,0.0053045726381242,0.0039193034,0.0070359707,0.0004143715
Classical VQR circuit,7,3,0.84226686,0.8384383,0.84268683,0.8436774,0.0053045726381242,0.0038285851,0.005239129,0.00041997433
Classical VQR circuit,7,3,0.8436565,0.8377289,0.84226686,0.8448119,0.0053045726381242,0.0059275627,0.0070829988,0.0013896227
Classical VQR circuit,7,3,0.8436857,0.8391793,0.8436565,0.84333766,0.0053045726381242,0.004506409,0.0041583776,2.9206276e-05
Classical VQR circuit,7,3,0.83190763,0.8391053,0.8436857,0.823293,0.0053045726381242,0.007197678,0.015812337,0.011778057
Classical VQR circuit,7,3,0.81595606,0.8275419,0.83190763,0.8092939,0.0053045726381242,0.011585832,0.018247962,0.015951574
Classical VQR circuit,7,3,0.8011855,0.8115619,0.81595606,0.79986495,0.0053045726381242,0.010376394,0.011696935,0.014770567
Classical VQR circuit,7,3,0.7942515,0.7964375,0.8011855,0.7998536,0.0053045726381242,0.0021860003,0.003416121,0.006933987
Classical VQR circuit,7,3,0.80762786,0.78966856,0.7942515,0.8244732,0.0053045726381242,0.017959297,0.034804642,0.013376355
Classical VQR circuit,7,3,0.82186174,0.80322886,0.80762786,0.82831514,0.0053045726381242,0.018632889,0.025086284,0.014233887
Classical VQR circuit,7,3,0.8277441,0.8172851,0.82186174,0.82324696,0.0053045726381242,0.010459006,0.0059618354,0.0058823824
Classical VQR circuit,7,3,0.82048154,0.8234205,0.8277441,0.8094152,0.0053045726381242,0.0029389858,0.014005303,0.0072625875
Classical VQR circuit,7,3,0.8091384,0.8162015,0.82048154,0.8033943,0.0053045726381242,0.007063091,0.01280719,0.0113431215
Classical VQR circuit,7,3,0.802242,0.80476415,0.8091384,0.804537,0.0053045726381242,0.0025221705,0.0002271533,0.006896436
Classical VQR circuit,7,3,0.7957432,0.7979232,0.802242,0.79609007,0.0053045726381242,0.0021799803,0.0018331409,0.006498754
Classical VQR circuit,7,3,0.7925288,0.7914779,0.7957432,0.79367363,0.0053045726381242,0.0010508895,0.002195716,0.003214419
Classical VQR circuit,7,3,0.78882366,0.78828025,0.7925288,0.78867537,0.0053045726381242,0.00054341555,0.0003951192,0.003705144
Classical VQR circuit,7,10,0.8812594,0.88138884,0.8877018,0.8826901,0.0053045726381242,0.00012946129,0.001301229,0.0064424276
Classical VQR circuit,7,10,0.87596154,0.87468433,0.8812594,0.87818635,0.0053045726381242,0.0012772083,0.0035020113,0.0052978396
Classical VQR circuit,7,10,0.87697875,0.8693331,0.87596154,0.88232356,0.0053045726381242,0.0076456666,0.012990475,0.0010172129
Classical VQR circuit,7,10,0.87208104,0.8703762,0.87697875,0.86945295,0.0053045726381242,0.001704812,0.00092327595,0.0048977137
Classical VQR circuit,7,10,0.8668421,0.86592263,0.87208104,0.86518914,0.0053045726381242,0.00091946125,0.00073349476,0.0052389503
Classical VQR circuit,7,10,0.86631876,0.8627545,0.8668421,0.8699678,0.0053045726381242,0.0035642385,0.0072132945,0.0005233288
Classical VQR circuit,7,10,0.8702149,0.86172986,0.86631876,0.8755109,0.0053045726381242,0.008485019,0.013781011,0.0038961172
Classical VQR circuit,7,10,0.8748219,0.8659161,0.8702149,0.8770293,0.0053045726381242,0.008905828,0.011113226,0.004607022
Classical VQR circuit,7,10,0.8718848,0.87036,0.8748219,0.8664172,0.0053045726381242,0.001524806,0.0039427876,0.0029370785
Classical VQR circuit,7,10,0.8632296,0.86735773,0.8718848,0.8571021,0.0053045726381242,0.004128158,0.010255635,0.00865525
Classical VQR circuit,7,10,0.8524154,0.8589054,0.8632296,0.84933686,0.0053045726381242,0.006489992,0.009568512,0.01081419
Classical VQR circuit,7,10,0.8381798,0.84773517,0.8524154,0.83461636,0.0053045726381242,0.00955534,0.0131188035,0.014235556
Classical VQR circuit,7,10,0.8331223,0.83346397,0.8381798,0.8379713,0.0053045726381242,0.00034165382,0.004507363,0.0050575137
Classical VQR circuit,7,10,0.8365936,0.82853174,0.8331223,0.8445855,0.0053045726381242,0.008061886,0.016053736,0.003471315
Classical VQR circuit,7,10,0.8432626,0.8321587,0.8365936,0.8484766,0.0053045726381242,0.011103928,0.016317904,0.006668985
Classical VQR circuit,7,10,0.8430471,0.8390083,0.8432626,0.8394557,0.0053045726381242,0.0040388107,0.00044745207,0.0002155304
Classical VQR circuit,7,10,0.83568525,0.83855426,0.8430471,0.82897156,0.0053045726381242,0.00286901,0.009582698,0.0073618293
Classical VQR circuit,7,10,0.8308019,0.831209,0.83568525,0.8312218,0.0053045726381242,0.00040709972,1.2814999e-05,0.004883349
Classical VQR circuit,7,10,0.82682,0.8263696,0.8308019,0.82842606,0.0053045726381242,0.0004504323,0.0020564795,0.0039818883
Classical VQR circuit,7,10,0.8235313,0.82245654,0.82682,0.82392335,0.0053045726381242,0.001074791,0.0014668107,0.0032886863
Classical VQR circuit,7,10,0.8145864,0.81939954,0.8235313,0.8096079,0.0053045726381242,0.0048131347,0.009791613,0.008944929
Classical VQR circuit,7,10,0.8035725,0.81029326,0.8145864,0.8001174,0.0053045726381242,0.0067207813,0.010175884,0.011013925
All circuits classical,7,3,0.86380184,0.87161505,0.878641,0.86238754,0.0053045726381242,0.007813215,0.009227514,0.014839172
All circuits classical,7,3,0.85187876,0.85673785,0.86380184,0.8542888,0.0053045726381242,0.00485909,0.0024490356,0.011923075
All circuits classical,7,3,0.85352826,0.8451668,0.85187876,0.86380047,0.0053045726381242,0.008361459,0.018633664,0.0016494989
All circuits classical,7,3,0.85024816,0.8469028,0.85352826,0.85045785,0.0053045726381242,0.0033453703,0.0035550594,0.0032801032
All circuits classical,7,3,0.84553885,0.84458077,0.85024816,0.844327,0.0053045726381242,0.00095808506,0.00025379658,0.0047093034
All circuits classical,7,3,0.8431012,0.8402606,0.84553885,0.84462684,0.0053045726381242,0.0028405786,0.004366219,0.0024376512
All circuits classical,7,3,0.84268683,0.8383946,0.8431012,0.8458035,0.0053045726381242,0.0042922497,0.007408917,0.0004143715
All circuits classical,7,3,0.84226686,0.83839023,0.84268683,0.8436774,0.0053045726381242,0.0038766265,0.0052871704,0.00041997433
All circuits classical,7,3,0.8436565,0.8378399,0.84226686,0.8448119,0.0053045726381242,0.005816579,0.006972015,0.0013896227
All circuits classical,7,3,0.8436857,0.8393076,0.8436565,0.84333766,0.0053045726381242,0.0043780804,0.004030049,2.9206276e-05
All circuits classical,7,3,0.83190763,0.83929676,0.8436857,0.823293,0.0053045726381242,0.007389128,0.016003788,0.011778057
All circuits classical,7,3,0.81595606,0.8274995,0.83190763,0.8092939,0.0053045726381242,0.011543453,0.018205583,0.015951574
All circuits classical,7,3,0.8011855,0.81150305,0.81595606,0.79986495,0.0053045726381242,0.010317564,0.011638105,0.014770567
All circuits classical,7,3,0.7942515,0.7969394,0.8011855,0.7998536,0.0053045726381242,0.0026878715,0.00291425,0.006933987
All circuits classical,7,3,0.80762786,0.7901557,0.7942515,0.8244732,0.0053045726381242,0.017472148,0.034317493,0.013376355
All circuits classical,7,3,0.82186174,0.8035007,0.80762786,0.82831514,0.0053045726381242,0.018361032,0.024814427,0.014233887
All circuits classical,7,3,0.8277441,0.8178741,0.82186174,0.82324696,0.0053045726381242,0.009870052,0.005372882,0.0058823824
All circuits classical,7,3,0.82048154,0.82395834,0.8277441,0.8094152,0.0053045726381242,0.0034767985,0.014543116,0.0072625875
All circuits classical,7,3,0.8091384,0.81650573,0.82048154,0.8033943,0.0053045726381242,0.007367313,0.0131114125,0.0113431215
All circuits classical,7,3,0.802242,0.8052328,0.8091384,0.804537,0.0053045726381242,0.0029908419,0.0006958246,0.006896436
All circuits classical,7,3,0.7957432,0.7980397,0.802242,0.79609007,0.0053045726381242,0.0022964478,0.0019496083,0.006498754
All circuits classical,7,3,0.7925288,0.79131705,0.7957432,0.79367363,0.0053045726381242,0.0012117624,0.0023565888,0.003214419
All circuits classical,7,3,0.78882366,0.78774005,0.7925288,0.78867537,0.0053045726381242,0.0010836124,0.0009353161,0.003705144
All circuits classical,7,10,0.8812594,0.88101935,0.8877018,0.8826901,0.0053045726381242,0.0002400279,0.0016707182,0.0064424276
All circuits classical,7,10,0.87596154,0.87478596,0.8812594,0.87818635,0.0053045726381242,0.0011755824,0.0034003854,0.0052978396
All circuits classical,7,10,0.87697875,0.8703049,0.87596154,0.88232356,0.0053045726381242,0.0066738725,0.012018681,0.0010172129
All circuits classical,7,10,0.87208104,0.8710016,0.87697875,0.86945295,0.0053045726381242,0.0010794401,0.0015486479,0.0048977137
All circuits classical,7,10,0.8668421,0.8666936,0.87208104,0.86518914,0.0053045726381242,0.00014847517,0.0015044808,0.0052389503
All circuits classical,7,10,0.86631876,0.8614003,0.8668421,0.8699678,0.0053045726381242,0.004918456,0.008567512,0.0005233288
All circuits classical,7,10,0.8702149,0.86146665,0.86631876,0.8755109,0.0053045726381242,0.008748233,0.014044225,0.0038961172
All circuits classical,7,10,0.8748219,0.86541307,0.8702149,0.8770293,0.0053045726381242,0.009408832,0.01161623,0.004607022
All circuits classical,7,10,0.8718848,0.8702483,0.8748219,0.8664172,0.0053045726381242,0.0016365051,0.0038310885,0.0029370785
All circuits classical,7,10,0.8632296,0.8673251,0.8718848,0.8571021,0.0053045726381242,0.0040955544,0.010223031,0.00865525
All circuits classical,7,10,0.8524154,0.85862,0.8632296,0.84933686,0.0053045726381242,0.006204605,0.009283125,0.01081419
All circuits classical,7,10,0.8381798,0.84787416,0.8524154,0.83461636,0.0053045726381242,0.009694338,0.0132578015,0.014235556
All circuits classical,7,10,0.8331223,0.83369815,0.8381798,0.8379713,0.0053045726381242,0.0005758405,0.004273176,0.0050575137
All circuits classical,7,10,0.8365936,0.8286616,0.8331223,0.8445855,0.0053045726381242,0.007932007,0.015923858,0.003471315
All circuits classical,7,10,0.8432626,0.83218825,0.8365936,0.8484766,0.0053045726381242,0.011074364,0.01628834,0.006668985
All circuits classical,7,10,0.8430471,0.83886385,0.8432626,0.8394557,0.0053045726381242,0.004183233,0.0005918741,0.0002155304
All circuits classical,7,10,0.83568525,0.8389765,0.8430471,0.82897156,0.0053045726381242,0.0032912493,0.010004938,0.0073618293
All circuits classical,7,10,0.8308019,0.8315545,0.83568525,0.8312218,0.0053045726381242,0.00075256824,0.00033265352,0.004883349
All circuits classical,7,10,0.82682,0.8267773,0.8308019,0.82842606,0.0053045726381242,4.273653e-05,0.0016487837,0.0039818883
All circuits classical,7,10,0.8235313,0.8224998,0.82682,0.82392335,0.0053045726381242,0.001031518,0.0014235377,0.0032886863
All circuits classical,7,10,0.8145864,0.8192105,0.8235313,0.8096079,0.0053045726381242,0.0046241283,0.009602606,0.008944929
All circuits classical,7,10,0.8035725,0.8100004,0.8145864,0.8001174,0.0053045726381242,0.0064279437,0.009883046,0.011013925
Persistence,8,8,0.89839995,0.9017133,0.9017133,0.90064675,0.005366928409785,0.0033133626,0.0010665655,0.0033133626
Persistence,8,8,0.8883719,0.89839995,0.89839995,0.88429236,0.005366928409785,0.010028064,0.014107585,0.010028064
Persistence,8,8,0.8770479,0.8883719,0.8883719,0.87401485,0.005366928409785,0.011323988,0.01435703,0.011323988
Persistence,8,8,0.87024885,0.8770479,0.8770479,0.87282014,0.005366928409785,0.006799042,0.0042277575,0.006799042
Persistence,8,8,0.86803865,0.87024885,0.87024885,0.8729449,0.005366928409785,0.0022101998,0.0026960373,0.0022101998
Persistence,8,8,0.8603048,0.86803865,0.86803865,0.8575645,0.005366928409785,0.0077338815,0.010474145,0.0077338815
Persistence,8,8,0.85124344,0.8603048,0.8603048,0.84833086,0.005366928409785,0.0090613365,0.0119739175,0.0090613365
Persistence,8,8,0.835513,0.85124344,0.85124344,0.82999146,0.005366928409785,0.01573044,0.021251976,0.01573044
Persistence,8,8,0.8263239,0.835513,0.835513,0.82971585,0.005366928409785,0.009189069,0.0057971478,0.009189069
Persistence,8,8,0.8229825,0.8263239,0.8263239,0.8287887,0.005366928409785,0.0033414364,0.0024647713,0.0033414364
Persistence,8,8,0.82302344,0.8229825,0.8229825,0.82702684,0.005366928409785,4.094839e-05,0.004044354,4.094839e-05
Persistence,8,8,0.82136583,0.82302344,0.82302344,0.8211693,0.005366928409785,0.0016576052,0.0018541217,0.0016576052
Persistence,8,8,0.8179489,0.82136583,0.82136583,0.81672496,0.005366928409785,0.0034169555,0.0046408772,0.0034169555
Persistence,8,8,0.8128484,0.8179489,0.8179489,0.8119489,0.005366928409785,0.0051004887,0.0059999824,0.0051004887
Persistence,8,8,0.80695885,0.8128484,0.8128484,0.80631554,0.005366928409785,0.005889535,0.006532848,0.005889535
Persistence,8,8,0.80764204,0.80695885,0.80695885,0.8121565,0.005366928409785,0.00068318844,0.0051976442,0.00068318844
Persistence,8,8,0.8053985,0.80764204,0.80764204,0.8049148,0.005366928409785,0.0022435188,0.0027272701,0.0022435188
Persistence,8,8,0.7994216,0.8053985,0.8053985,0.7960426,0.005366928409785,0.0059769154,0.009355903,0.0059769154
Persistence,8,8,0.7958956,0.7994216,0.7994216,0.7964955,0.005366928409785,0.003526032,0.0029261112,0.003526032
Persistence,8,8,0.79358774,0.7958956,0.7958956,0.79534715,0.005366928409785,0.0023078322,0.00054842234,0.0023078322
Persistence,8,8,0.7913475,0.79358774,0.79358774,0.79208946,0.005366928409785,0.0022402406,0.001498282,0.0022402406
Persistence,8,8,0.7890898,0.7913475,0.7913475,0.78874314,0.005366928409785,0.0022577047,0.0026043653,0.0022577047
Persistence,8,8,0.7851366,0.7890898,0.7890898,0.78373265,0.005366928409785,0.0039532185,0.0053571463,0.0039532185
Persistence,8,17,0.8863075,0.8947364,0.8947364,0.88460386,0.005366928409785,0.008428931,0.010132551,0.008428931
Persistence,8,17,0.8787694,0.8863075,0.8863075,0.8785371,0.005366928409785,0.00753808,0.0077703595,0.00753808
Persistence,8,17,0.8758942,0.8787694,0.8787694,0.87928426,0.005366928409785,0.0028752089,0.0005148649,0.0028752089
Persistence,8,17,0.87374264,0.8758942,0.8758942,0.87586355,0.005366928409785,0.0021515489,3.0636787e-05,0.0021515489
Persistence,8,17,0.8705092,0.87374264,0.87374264,0.8702913,0.005366928409785,0.0032334328,0.0034513474,0.0032334328
Persistence,8,17,0.8679359,0.8705092,0.8705092,0.86810833,0.005366928409785,0.0025733113,0.002400875,0.0025733113
Persistence,8,17,0.8556565,0.8679359,0.8679359,0.8488397,0.005366928409785,0.012279391,0.019096196,0.012279391
Persistence,8,17,0.847178,0.8556565,0.8556565,0.84749323,0.005366928409785,0.008478522,0.008163273,0.008478522
Persistence,8,17,0.84300923,0.847178,0.847178,0.84671694,0.005366928409785,0.004168749,0.00046104193,0.004168749
Persistence,8,17,0.8357066,0.84300923,0.84300923,0.8345817,0.005366928409785,0.007302642,0.00842756,0.007302642
Persistence,8,17,0.8343915,0.8357066,0.8357066,0.83772355,0.005366928409785,0.0013151169,0.0020169616,0.0013151169
Persistence,8,17,0.8306458,0.8343915,0.8343915,0.8302204,0.005366928409785,0.003745675,0.0041710734,0.003745675
Persistence,8,17,0.8274754,0.8306458,0.8306458,0.8281061,0.005366928409785,0.003170371,0.0025396943,0.003170371
Persistence,8,17,0.8289869,0.8274754,0.8274754,0.83286464,0.005366928409785,0.0015114546,0.0053892136,0.0015114546
Persistence,8,17,0.8276623,0.8289869,0.8289869,0.82703626,0.005366928409785,0.001324594,0.0019506216,0.001324594
Persistence,8,17,0.82433385,0.8276623,0.8276623,0.82250845,0.005366928409785,0.0033284426,0.005153835,0.0033284426
Persistence,8,17,0.8221723,0.82433385,0.82433385,0.82237285,0.005366928409785,0.0021615624,0.0019609928,0.0021615624
Persistence,8,17,0.8080104,0.8221723,0.8221723,0.79946065,0.005366928409785,0.014161885,0.022711635,0.014161885
Persistence,8,17,0.79550105,0.8080104,0.8080104,0.79318243,0.005366928409785,0.012509346,0.014827967,0.012509346
Persistence,8,17,0.788829,0.79550105,0.79550105,0.7925143,0.005366928409785,0.0066720247,0.0029867291,0.0066720247
Persistence,8,17,0.78471535,0.788829,0.788829,0.7881266,0.005366928409785,0.004113674,0.00070244074,0.004113674
Persistence,8,17,0.7820456,0.78471535,0.78471535,0.78366435,0.005366928409785,0.0026697516,0.0010510087,0.0026697516
Full model,8,8,0.89839995,0.89246845,0.9017133,0.90064675,0.005366928409785,0.0059314966,0.008178294,0.0033133626
Full model,8,8,0.8883719,0.889623,0.89839995,0.88429236,0.005366928409785,0.0012511015,0.005330622,0.010028064
Full model,8,8,0.8770479,0.87954295,0.8883719,0.87401485,0.005366928409785,0.0024950504,0.0055280924,0.011323988
Full model,8,8,0.87024885,0.86926585,0.8770479,0.87282014,0.005366928409785,0.0009829998,0.0035542846,0.006799042
Full model,8,8,0.86803865,0.86320776,0.87024885,0.8729449,0.005366928409785,0.004830897,0.009737134,0.0022101998
Full model,8,8,0.8603048,0.8622625,0.86803865,0.8575645,0.005366928409785,0.0019577146,0.0046979785,0.0077338815
Full model,8,8,0.85124344,0.8551168,0.8603048,0.84833086,0.005366928409785,0.0038733482,0.006785929,0.0090613365
Full model,8,8,0.835513,0.84707236,0.85124344,0.82999146,0.005366928409785,0.011559367,0.017080903,0.01573044
Full model,8,8,0.8263239,0.83019525,0.835513,0.82971585,0.005366928409785,0.0038713217,0.00047940016,0.009189069
Full model,8,8,0.8229825,0.82143563,0.8263239,0.8287887,0.005366928409785,0.0015468597,0.0073530674,0.0033414364
Full model,8,8,0.82302344,0.81782144,0.8229825,0.82702684,0.005366928409785,0.0052019954,0.009205401,4.094839e-05
Full model,8,8,0.82136583,0.8168423,0.82302344,0.8211693,0.005366928409785,0.0045235157,0.004326999,0.0016576052
Full model,8,8,0.8179489,0.8143966,0.82136583,0.81672496,0.005366928409785,0.003552258,0.0023283362,0.0034169555
Full model,8,8,0.8128484,0.81149596,0.8179489,0.8119489,0.005366928409785,0.0013524294,0.0004529357,0.0051004887
Full model,8,8,0.80695885,0.80712134,0.8128484,0.80631554,0.005366928409785,0.00016248226,0.0008057952,0.005889535
Full model,8,8,0.80764204,0.80211747,0.80695885,0.8121565,0.005366928409785,0.0055245757,0.0100390315,0.00068318844
Full model,8,8,0.8053985,0.80439067,0.80764204,0.8049148,0.005366928409785,0.0010078549,0.00052410364,0.0022435188
Full model,8,8,0.7994216,0.8017639,0.8053985,0.7960426,0.005366928409785,0.0023422837,0.005721271,0.0059769154
Full model,8,8,0.7958956,0.7942887,0.7994216,0.7964955,0.005366928409785,0.0016068816,0.0022068024,0.003526032
Full model,8,8,0.79358774,0.7914979,0.7958956,0.79534715,0.005366928409785,0.002089858,0.003849268,0.0023078322
Full model,8,8,0.7913475,0.78879714,0.79358774,0.79208946,0.005366928409785,0.0025503635,0.0032923222,0.0022402406
Full model,8,8,0.7890898,0.7854992,0.7913475,0.78874314,0.005366928409785,0.0035905838,0.0032439232,0.0022577047
Full model,8,8,0.7851366,0.78364015,0.7890898,0.78373265,0.005366928409785,0.0014964342,9.250641e-05,0.0039532185
Full model,8,17,0.8863075,0.88677424,0.8947364,0.88460386,0.005366928409785,0.00046676397,0.002170384,0.008428931
Full model,8,17,0.8787694,0.8797522,0.8863075,0.8785371,0.005366928409785,0.000982821,0.0012151003,0.00753808
Full model,8,17,0.8758942,0.8732873,0.8787694,0.87928426,0.005366928409785,0.0026068687,0.0059969425,0.0028752089
Full model,8,17,0.87374264,0.8716269,0.8758942,0.87586355,0.005366928409785,0.0021157265,0.0042366385,0.0021515489
Full model,8,17,0.8705092,0.86917514,0.87374264,0.8702913,0.005366928409785,0.0013340712,0.0011161566,0.0032334328
Full model,8,17,0.8679359,0.8658349,0.8705092,0.86810833,0.005366928409785,0.0021010041,0.0022734404,0.0025733113
Full model,8,17,0.8556565,0.86409205,0.8679359,0.8488397,0.005366928409785,0.008435547,0.015252352,0.012279391
Full model,8,17,0.847178,0.85164726,0.8556565,0.84749323,0.005366928409785,0.0044692755,0.0041540265,0.008478522
Full model,8,17,0.84300923,0.84260577,0.847178,0.84671694,0.005366928409785,0.00040346384,0.004111171,0.004168749
Full model,8,17,0.8357066,0.8387326,0.84300923,0.8345817,0.005366928409785,0.0030260086,0.004150927,0.007302642
Full model,8,17,0.8343915,0.8306745,0.8357066,0.83772355,0.005366928409785,0.0037169456,0.007049024,0.0013151169
Full model,8,17,0.8306458,0.82951295,0.8343915,0.8302204,0.005366928409785,0.0011328459,0.0007074475,0.003745675
Full model,8,17,0.8274754,0.82379776,0.8306458,0.8281061,0.005366928409785,0.0036776662,0.004308343,0.003170371
Full model,8,17,0.8289869,0.8223327,0.8274754,0.83286464,0.005366928409785,0.006654203,0.010531962,0.0015114546
Full model,8,17,0.8276623,0.82698685,0.8289869,0.82703626,0.005366928409785,0.00067543983,4.941225e-05,0.001324594
Full model,8,17,0.82433385,0.82530606,0.8276623,0.82250845,0.005366928409785,0.00097221136,0.0027976036,0.0033284426
Full model,8,17,0.8221723,0.8220858,0.82433385,0.82237285,0.005366928409785,8.648634e-05,0.00028705597,0.0021615624
Full model,8,17,0.8080104,0.8189434,0.8221723,0.79946065,0.005366928409785,0.010932982,0.019482732,0.014161885
Full model,8,17,0.79550105,0.80447704,0.8080104,0.79318243,0.005366928409785,0.008975983,0.011294603,0.012509346
Full model,8,17,0.788829,0.7921483,0.79550105,0.7925143,0.005366928409785,0.0033192635,0.00036603212,0.0066720247
Full model,8,17,0.78471535,0.7847986,0.788829,0.7881266,0.005366928409785,8.326769e-05,0.0033279657,0.004113674
Full model,8,17,0.7820456,0.7808483,0.78471535,0.78366435,0.005366928409785,0.0011972785,0.0028160214,0.0026697516
Without quantum attention,8,8,0.89839995,0.89495236,0.9017133,0.90064675,0.005366928409785,0.0034475923,0.0056943893,0.0033133626
Without quantum attention,8,8,0.8883719,0.8916057,0.89839995,0.88429236,0.005366928409785,0.0032337904,0.007313311,0.010028064
Without quantum attention,8,8,0.8770479,0.8817198,0.8883719,0.87401485,0.005366928409785,0.0046719313,0.007704973,0.011323988
Without quantum attention,8,8,0.87024885,0.87029356,0.8770479,0.87282014,0.005366928409785,4.4703484e-05,0.0025265813,0.006799042
Without quantum attention,8,8,0.86803865,0.86342746,0.87024885,0.8729449,0.005366928409785,0.004611194,0.009517431,0.0022101998
Without quantum attention,8,8,0.8603048,0.8634722,0.86803865,0.8575645,0.005366928409785,0.0031674504,0.0059077144,0.0077338815
Without quantum attention,8,8,0.85124344,0.8553913,0.8603048,0.84833086,0.005366928409785,0.004147887,0.007060468,0.0090613365
Without quantum attention,8,8,0.835513,0.8471048,0.85124344,0.82999146,0.005366928409785,0.011591792,0.017113328,0.01573044
Without quantum attention,8,8,0.8263239,0.8302437,0.835513,0.82971585,0.005366928409785,0.0039197803,0.00052785873,0.009189069
Without quantum attention,8,8,0.8229825,0.822244,0.8263239,0.8287887,0.005366928409785,0.00073850155,0.006544709,0.0033414364
Without quantum attention,8,8,0.82302344,0.81747746,0.8229825,0.82702684,0.005366928409785,0.005545974,0.009549379,4.094839e-05
Without quantum attention,8,8,0.82136583,0.8175652,0.82302344,0.8211693,0.005366928409785,0.0038006306,0.003604114,0.0016576052
Without quantum attention,8,8,0.8179489,0.81523687,0.82136583,0.81672496,0.005366928409785,0.0027120113,0.0014880896,0.0034169555
Without quantum attention,8,8,0.8128484,0.81182826,0.8179489,0.8119489,0.005366928409785,0.0010201335,0.0001206398,0.0051004887
Without quantum attention,8,8,0.80695885,0.80734843,0.8128484,0.80631554,0.005366928409785,0.00038957596,0.0010328889,0.005889535
Without quantum attention,8,8,0.80764204,0.8015762,0.80695885,0.8121565,0.005366928409785,0.0060658455,0.010580301,0.00068318844
Without quantum attention,8,8,0.8053985,0.80181634,0.80764204,0.8049148,0.005366928409785,0.0035821795,0.0030984282,0.0022435188
Without quantum attention,8,8,0.7994216,0.800442,0.8053985,0.7960426,0.005366928409785,0.0010203719,0.004399359,0.0059769154
Without quantum attention,8,8,0.7958956,0.7945348,0.7994216,0.7964955,0.005366928409785,0.001360774,0.0019606948,0.003526032
Without quantum attention,8,8,0.79358774,0.7915795,0.7958956,0.79534715,0.005366928409785,0.0020082593,0.0037676692,0.0023078322
Without quantum attention,8,8,0.7913475,0.79054415,0.79358774,0.79208946,0.005366928409785,0.0008033514,0.00154531,0.0022402406
Without quantum attention,8,8,0.7890898,0.78732157,0.7913475,0.78874314,0.005366928409785,0.0017682314,0.0014215708,0.0022577047
Without quantum attention,8,8,0.7851366,0.7850985,0.7890898,0.78373265,0.005366928409785,3.8087368e-05,0.0013658404,0.0039532185
Without quantum attention,8,17,0.8863075,0.8879767,0.8947364,0.88460386,0.005366928409785,0.0016692281,0.003372848,0.008428931
Without quantum attention,8,17,0.8787694,0.879502,0.8863075,0.8785371,0.005366928409785,0.0007326007,0.00096488,0.00753808
Without quantum attention,8,17,0.8758942,0.87202,0.8787694,0.87928426,0.005366928409785,0.0038741827,0.0072642565,0.0028752089
Without quantum attention,8,17,0.87374264,0.86911994,0.8758942,0.87586355,0.005366928409785,0.004622698,0.00674361,0.0021515489
Without quantum attention,8,17,0.8705092,0.8669095,0.87374264,0.8702913,0.005366928409785,0.0035997033,0.0033817887,0.0032334328
Without quantum attention,8,17,0.8679359,0.865324,0.8705092,0.86810833,0.005366928409785,0.0026118755,0.0027843118,0.0025733113
Without quantum attention,8,17,0.8556565,0.86367923,0.8679359,0.8488397,0.005366928409785,0.008022726,0.01483953,0.012279391
Without quantum attention,8,17,0.847178,0.85087425,0.8556565,0.84749323,0.005366928409785,0.0036962628,0.0033810139,0.008478522
Without quantum attention,8,17,0.84300923,0.84270746,0.847178,0.84671694,0.005366928409785,0.00030177832,0.0040094852,0.004168749
Without quantum attention,8,17,0.8357066,0.8382532,0.84300923,0.8345817,0.005366928409785,0.0025466084,0.003671527,0.007302642
Without quantum attention,8,17,0.8343915,0.8300804,0.8357066,0.83772355,0.005366928409785,0.0043110847,0.007643163,0.0013151169
Without quantum attention,8,17,0.8306458,0.8283365,0.8343915,0.8302204,0.005366928409785,0.0023093224,0.001883924,0.003745675
Without quantum attention,8,17,0.8274754,0.8254506,0.8306458,0.8281061,0.005366928409785,0.0020248294,0.0026555061,0.003170371
Without quantum attention,8,17,0.8289869,0.8229832,0.8274754,0.83286464,0.005366928409785,0.006003678,0.009881437,0.0015114546
Without quantum attention,8,17,0.8276623,0.8236348,0.8289869,0.82703626,0.005366928409785,0.004027486,0.0034014583,0.001324594
Without quantum attention,8,17,0.82433385,0.82209295,0.8276623,0.82250845,0.005366928409785,0.0022408962,0.00041550398,0.0033284426
Without quantum attention,8,17,0.8221723,0.8195683,0.82433385,0.82237285,0.005366928409785,0.0026040077,0.0028045774,0.0021615624
Without quantum attention,8,17,0.8080104,0.81794643,0.8221723,0.79946065,0.005366928409785,0.009936035,0.018485785,0.014161885
Without quantum attention,8,17,0.79550105,0.80414295,0.8080104,0.79318243,0.005366928409785,0.008641899,0.010960519,0.012509346
Without quantum attention,8,17,0.788829,0.79167104,0.79550105,0.7925143,0.005366928409785,0.002842009,0.0008432865,0.0066720247
Without quantum attention,8,17,0.78471535,0.7852043,0.788829,0.7881266,0.005366928409785,0.0004889369,0.0029222965,0.004113674
Without quantum attention,8,17,0.7820456,0.78073925,0.78471535,0.78366435,0.005366928409785,0.001306355,0.002925098,0.0026697516
Without VQR,8,8,0.89839995,0.89240414,0.9017133,0.90064675,0.005366928409785,0.00599581,0.008242607,0.0033133626
Without VQR,8,8,0.8883719,0.8896542,0.89839995,0.88429236,0.005366928409785,0.0012823343,0.005361855,0.010028064
Without VQR,8,8,0.8770479,0.8794248,0.8883719,0.87401485,0.005366928409785,0.002376914,0.005409956,0.011323988
Without VQR,8,8,0.87024885,0.86932826,0.8770479,0.87282014,0.005366928409785,0.00092059374,0.0034918785,0.006799042
Without VQR,8,8,0.86803865,0.8633255,0.87024885,0.8729449,0.005366928409785,0.0047131777,0.009619415,0.0022101998
Without VQR,8,8,0.8603048,0.86244786,0.86803865,0.8575645,0.005366928409785,0.002143085,0.004883349,0.0077338815
Without VQR,8,8,0.85124344,0.8550862,0.8603048,0.84833086,0.005366928409785,0.003842771,0.006755352,0.0090613365
Without VQR,8,8,0.835513,0.84686846,0.85124344,0.82999146,0.005366928409785,0.01135546,0.016876996,0.01573044
Without VQR,8,8,0.8263239,0.83040243,0.835513,0.82971585,0.005366928409785,0.0040785074,0.0006865859,0.009189069
Without VQR,8,8,0.8229825,0.82136065,0.8263239,0.8287887,0.005366928409785,0.0016218424,0.00742805,0.0033414364
Without VQR,8,8,0.82302344,0.81744576,0.8229825,0.82702684,0.005366928409785,0.0055776834,0.009581089,4.094839e-05
Without VQR,8,8,0.82136583,0.8170991,0.82302344,0.8211693,0.005366928409785,0.004266739,0.0040702224,0.0016576052
Without VQR,8,8,0.8179489,0.81435114,0.82136583,0.81672496,0.005366928409785,0.0035977364,0.0023738146,0.0034169555
Without VQR,8,8,0.8128484,0.8114202,0.8179489,0.8119489,0.005366928409785,0.0014281869,0.0005286932,0.0051004887
Without VQR,8,8,0.80695885,0.80708385,0.8128484,0.80631554,0.005366928409785,0.00012499094,0.0007683039,0.005889535
Without VQR,8,8,0.80764204,0.80196756,0.80695885,0.8121565,0.005366928409785,0.0056744814,0.010188937,0.00068318844
Without VQR,8,8,0.8053985,0.8037993,0.80764204,0.8049148,0.005366928409785,0.0015992522,0.0011155009,0.0022435188
Without VQR,8,8,0.7994216,0.8018273,0.8053985,0.7960426,0.005366928409785,0.002405703,0.0057846904,0.0059769154
Without VQR,8,8,0.7958956,0.79485315,0.7994216,0.7964955,0.005366928409785,0.0010424256,0.0016423464,0.003526032
Without VQR,8,8,0.79358774,0.79148996,0.7958956,0.79534715,0.005366928409785,0.0020977855,0.0038571954,0.0023078322
Without VQR,8,8,0.7913475,0.78856224,0.79358774,0.79208946,0.005366928409785,0.0027852654,0.003527224,0.0022402406
Without VQR,8,8,0.7890898,0.7860226,0.7913475,0.78874314,0.005366928409785,0.0030671954,0.0027205348,0.0022577047
Without VQR,8,8,0.7851366,0.7838175,0.7890898,0.78373265,0.005366928409785,0.0013190508,8.4877014e-05,0.0039532185
Without VQR,8,17,0.8863075,0.8865013,0.8947364,0.88460386,0.005366928409785,0.0001938343,0.0018974543,0.008428931
Without VQR,8,17,0.8787694,0.87943023,0.8863075,0.8785371,0.005366928409785,0.0006608367,0.000893116,0.00753808
Without VQR,8,17,0.8758942,0.87323755,0.8787694,0.87928426,0.005366928409785,0.0026566386,0.0060467124,0.0028752089
Without VQR,8,17,0.87374264,0.8712003,0.8758942,0.87586355,0.005366928409785,0.002542317,0.004663229,0.0021515489
Without VQR,8,17,0.8705092,0.8686665,0.87374264,0.8702913,0.005366928409785,0.0018426776,0.001624763,0.0032334328
Without VQR,8,17,0.8679359,0.8657636,0.8705092,0.86810833,0.005366928409785,0.0021722913,0.0023447275,0.0025733113
Without VQR,8,17,0.8556565,0.8634003,0.8679359,0.8488397,0.005366928409785,0.007743776,0.01456058,0.012279391
Without VQR,8,17,0.847178,0.8512174,0.8556565,0.84749323,0.005366928409785,0.004039407,0.0037241578,0.008478522
Without VQR,8,17,0.84300923,0.8423786,0.847178,0.84671694,0.005366928409785,0.00063061714,0.004338324,0.004168749
Without VQR,8,17,0.8357066,0.8384163,0.84300923,0.8345817,0.005366928409785,0.0027096868,0.0038346052,0.007302642
Without VQR,8,17,0.8343915,0.8306306,0.8357066,0.83772355,0.005366928409785,0.0037608743,0.0070929527,0.0013151169
Without VQR,8,17,0.8306458,0.8296931,0.8343915,0.8302204,0.005366928409785,0.00095272064,0.0005273223,0.003745675
Without VQR,8,17,0.8274754,0.82391864,0.8306458,0.8281061,0.005366928409785,0.003556788,0.0041874647,0.003170371
Without VQR,8,17,0.8289869,0.8216408,0.8274754,0.83286464,0.005366928409785,0.0073460937,0.011223853,0.0015114546
Without VQR,8,17,0.8276623,0.8265031,0.8289869,0.82703626,0.005366928409785,0.0011591911,0.00053316355,0.001324594
Without VQR,8,17,0.82433385,0.82490295,0.8276623,0.82250845,0.005366928409785,0.00056910515,0.0023944974,0.0033284426
Without VQR,8,17,0.8221723,0.82174003,0.82433385,0.82237285,0.005366928409785,0.00043225288,0.0006328225,0.0021615624
Without VQR,8,17,0.8080104,0.81893915,0.8221723,0.79946065,0.005366928409785,0.01092875,0.0194785,0.014161885
Without VQR,8,17,0.79550105,0.804161,0.8080104,0.79318243,0.005366928409785,0.008659959,0.0109785795,0.012509346
Without VQR,8,17,0.788829,0.7917816,0.79550105,0.7925143,0.005366928409785,0.0029525757,0.0007327199,0.0066720247
Without VQR,8,17,0.78471535,0.78490585,0.788829,0.7881266,0.005366928409785,0.00019049644,0.003220737,0.004113674
Without VQR,8,17,0.7820456,0.78096485,0.78471535,0.78366435,0.005366928409785,0.0010807514,0.0026994944,0.0026697516
Without quantum attention and VQR,8,8,0.89839995,0.89693314,0.9017133,0.90064675,0.005366928409785,0.0014668107,0.0037136078,0.0033133626
Without quantum attention and VQR,8,8,0.8883719,0.8936198,0.89839995,0.88429236,0.005366928409785,0.005247891,0.009327412,0.010028064
Without quantum attention and VQR,8,8,0.8770479,0.8835917,0.8883719,0.87401485,0.005366928409785,0.006543815,0.009576857,0.011323988
Without quantum attention and VQR,8,8,0.87024885,0.8722677,0.8770479,0.87282014,0.005366928409785,0.002018869,0.00055241585,0.006799042
Without quantum attention and VQR,8,8,0.86803865,0.8654687,0.87024885,0.8729449,0.005366928409785,0.0025699735,0.0074762106,0.0022101998
Without quantum attention and VQR,8,8,0.8603048,0.8632585,0.86803865,0.8575645,0.005366928409785,0.0029537082,0.005693972,0.0077338815
Without quantum attention and VQR,8,8,0.85124344,0.8555246,0.8603048,0.84833086,0.005366928409785,0.004281163,0.007193744,0.0090613365
Without quantum attention and VQR,8,8,0.835513,0.84646326,0.85124344,0.82999146,0.005366928409785,0.010950267,0.016471803,0.01573044
Without quantum attention and VQR,8,8,0.8263239,0.8307328,0.835513,0.82971585,0.005366928409785,0.004408896,0.0010169744,0.009189069
Without quantum attention and VQR,8,8,0.8229825,0.82154375,0.8263239,0.8287887,0.005366928409785,0.0014387369,0.0072449446,0.0033414364
Without quantum attention and VQR,8,8,0.82302344,0.8182023,0.8229825,0.82702684,0.005366928409785,0.0048211217,0.008824527,4.094839e-05
Without quantum attention and VQR,8,8,0.82136583,0.81824327,0.82302344,0.8211693,0.005366928409785,0.0031225681,0.0029260516,0.0016576052
Without quantum attention and VQR,8,8,0.8179489,0.81658566,0.82136583,0.81672496,0.005366928409785,0.0013632178,0.00013929605,0.0034169555
Without quantum attention and VQR,8,8,0.8128484,0.8131687,0.8179489,0.8119489,0.005366928409785,0.00032031536,0.001219809,0.0051004887
Without quantum attention and VQR,8,8,0.80695885,0.8080682,0.8128484,0.80631554,0.005366928409785,0.0011093616,0.0017526746,0.005889535
Without quantum attention and VQR,8,8,0.80764204,0.8021787,0.80695885,0.8121565,0.005366928409785,0.0054633617,0.009977818,0.00068318844
Without quantum attention and VQR,8,8,0.8053985,0.80286187,0.80764204,0.8049148,0.005366928409785,0.0025366545,0.0020529032,0.0022435188
Without quantum attention and VQR,8,8,0.7994216,0.80061835,0.8053985,0.7960426,0.005366928409785,0.001196742,0.0045757294,0.0059769154
Without quantum attention and VQR,8,8,0.7958956,0.79464144,0.7994216,0.7964955,0.005366928409785,0.0012541413,0.0018540621,0.003526032
Without quantum attention and VQR,8,8,0.79358774,0.7911154,0.7958956,0.79534715,0.005366928409785,0.002472341,0.004231751,0.0023078322
Without quantum attention and VQR,8,8,0.7913475,0.7888076,0.79358774,0.79208946,0.005366928409785,0.0025399327,0.0032818913,0.0022402406
Without quantum attention and VQR,8,8,0.7890898,0.78656733,0.7913475,0.78874314,0.005366928409785,0.0025224686,0.002175808,0.0022577047
Without quantum attention and VQR,8,8,0.7851366,0.7843096,0.7890898,0.78373265,0.005366928409785,0.00082695484,0.00057697296,0.0039532185
Without quantum attention and VQR,8,17,0.8863075,0.88995624,0.8947364,0.88460386,0.005366928409785,0.003648758,0.005352378,0.008428931
Without quantum attention and VQR,8,17,0.8787694,0.8815273,0.8863075,0.8785371,0.005366928409785,0.002757907,0.0029901862,0.00753808
Without quantum attention and VQR,8,17,0.8758942,0.8739892,0.8787694,0.87928426,0.005366928409785,0.0019049644,0.005295038,0.0028752089
Without quantum attention and VQR,8,17,0.87374264,0.871114,0.8758942,0.87586355,0.005366928409785,0.0026286244,0.0047495365,0.0021515489
Without quantum attention and VQR,8,17,0.8705092,0.86896247,0.87374264,0.8702913,0.005366928409785,0.0015467405,0.001328826,0.0032334328
Without quantum attention and VQR,8,17,0.8679359,0.86572903,0.8705092,0.86810833,0.005366928409785,0.002206862,0.0023792982,0.0025733113
Without quantum attention and VQR,8,17,0.8556565,0.8631557,0.8679359,0.8488397,0.005366928409785,0.007499218,0.014316022,0.012279391
Without quantum attention and VQR,8,17,0.847178,0.85087633,0.8556565,0.84749323,0.005366928409785,0.003698349,0.0033831,0.008478522
Without quantum attention and VQR,8,17,0.84300923,0.8423978,0.847178,0.84671694,0.005366928409785,0.00061142445,0.0043191314,0.004168749
Without quantum attention and VQR,8,17,0.8357066,0.83822906,0.84300923,0.8345817,0.005366928409785,0.0025224686,0.003647387,0.007302642
Without quantum attention and VQR,8,17,0.8343915,0.8309264,0.8357066,0.83772355,0.005366928409785,0.0034650564,0.006797135,0.0013151169
Without quantum attention and VQR,8,17,0.8306458,0.8296113,0.8343915,0.8302204,0.005366928409785,0.0010344982,0.00060909986,0.003745675
Without quantum attention and VQR,8,17,0.8274754,0.8258656,0.8306458,0.8281061,0.005366928409785,0.0016098022,0.002240479,0.003170371
Without quantum attention and VQR,8,17,0.8289869,0.82269526,0.8274754,0.83286464,0.005366928409785,0.006291628,0.010169387,0.0015114546
Without quantum attention and VQR,8,17,0.8276623,0.8242067,0.8289869,0.82703626,0.005366928409785,0.0034555793,0.0028295517,0.001324594
Without quantum attention and VQR,8,17,0.82433385,0.8228821,0.8276623,0.82250845,0.005366928409785,0.0014517307,0.00037366152,0.0033284426
Without quantum attention and VQR,8,17,0.8221723,0.8195537,0.82433385,0.82237285,0.005366928409785,0.0026186109,0.0028191805,0.0021615624
Without quantum attention and VQR,8,17,0.8080104,0.8173921,0.8221723,0.79946065,0.005366928409785,0.0093817115,0.017931461,0.014161885
Without quantum attention and VQR,8,17,0.79550105,0.8032302,0.8080104,0.79318243,0.005366928409785,0.0077291727,0.010047793,0.012509346
Without quantum attention and VQR,8,17,0.788829,0.7907209,0.79550105,0.7925143,0.005366928409785,0.0018918514,0.0017934442,0.0066720247
Without quantum attention and VQR,8,17,0.78471535,0.78404886,0.788829,0.7881266,0.005366928409785,0.00066649914,0.0040777326,0.004113674
Without quantum attention and VQR,8,17,0.7820456,0.7799352,0.78471535,0.78366435,0.005366928409785,0.0021104217,0.0037291646,0.0026697516
Classical QLSTM gates,8,8,0.89839995,0.8931041,0.9017133,0.90064675,0.005366928409785,0.0052958727,0.00754267,0.0033133626
Classical QLSTM gates,8,8,0.8883719,0.8906939,0.89839995,0.88429236,0.005366928409785,0.0023220181,0.006401539,0.010028064
Classical QLSTM gates,8,8,0.8770479,0.8815558,0.8883719,0.87401485,0.005366928409785,0.0045078993,0.0075409412,0.011323988
Classical QLSTM gates,8,8,0.87024885,0.8710495,0.8770479,0.87282014,0.005366928409785,0.0008006692,0.0017706156,0.006799042
Classical QLSTM gates,8,8,0.86803865,0.86491483,0.87024885,0.8729449,0.005366928409785,0.0031238198,0.008030057,0.0022101998
Classical QLSTM gates,8,8,0.8603048,0.8638209,0.86803865,0.8575645,0.005366928409785,0.0035161376,0.0062564015,0.0077338815
Classical QLSTM gates,8,8,0.85124344,0.85653925,0.8603048,0.84833086,0.005366928409785,0.005295813,0.008208394,0.0090613365
Classical QLSTM gates,8,8,0.835513,0.84765244,0.85124344,0.82999146,0.005366928409785,0.01213944,0.017660975,0.01573044
Classical QLSTM gates,8,8,0.8263239,0.83091545,0.835513,0.82971585,0.005366928409785,0.0045915246,0.0011996031,0.009189069
Classical QLSTM gates,8,8,0.8229825,0.8211867,0.8263239,0.8287887,0.005366928409785,0.0017957687,0.0076019764,0.0033414364
Classical QLSTM gates,8,8,0.82302344,0.8164239,0.8229825,0.82702684,0.005366928409785,0.0065995455,0.010602951,4.094839e-05
Classical QLSTM gates,8,8,0.82136583,0.81562537,0.82302344,0.8211693,0.005366928409785,0.0057404637,0.005543947,0.0016576052
Classical QLSTM gates,8,8,0.8179489,0.81360763,0.82136583,0.81672496,0.005366928409785,0.0043412447,0.003117323,0.0034169555
Classical QLSTM gates,8,8,0.8128484,0.81179684,0.8179489,0.8119489,0.005366928409785,0.0010515451,0.00015205145,0.0051004887
Classical QLSTM gates,8,8,0.80695885,0.80827624,0.8128484,0.80631554,0.005366928409785,0.0013173819,0.0019606948,0.005889535
Classical QLSTM gates,8,8,0.80764204,0.80337214,0.80695885,0.8121565,0.005366928409785,0.004269898,0.008784354,0.00068318844
Classical QLSTM gates,8,8,0.8053985,0.80481416,0.80764204,0.8049148,0.005366928409785,0.00058436394,0.00010061264,0.0022435188
Classical QLSTM gates,8,8,0.7994216,0.802691,0.8053985,0.7960426,0.005366928409785,0.0032693744,0.0066483617,0.0059769154
Classical QLSTM gates,8,8,0.7958956,0.7957028,0.7994216,0.7964955,0.005366928409785,0.00019276142,0.00079268217,0.003526032
Classical QLSTM gates,8,8,0.79358774,0.7925553,0.7958956,0.79534715,0.005366928409785,0.0010324717,0.0027918816,0.0023078322
Classical QLSTM gates,8,8,0.7913475,0.7897574,0.79358774,0.79208946,0.005366928409785,0.0015901327,0.0023320913,0.0022402406
Classical QLSTM gates,8,8,0.7890898,0.78769517,0.7913475,0.78874314,0.005366928409785,0.0013946295,0.0010479689,0.0022577047
Classical QLSTM gates,8,8,0.7851366,0.7827656,0.7890898,0.78373265,0.005366928409785,0.0023709536,0.00096702576,0.0039532185
Classical QLSTM gates,8,17,0.8863075,0.88626784,0.8947364,0.88460386,0.005366928409785,3.963709e-05,0.0016639829,0.008428931
Classical QLSTM gates,8,17,0.8787694,0.8795105,0.8863075,0.8785371,0.005366928409785,0.00074112415,0.00097340345,0.00753808
Classical QLSTM gates,8,17,0.8758942,0.8728791,0.8787694,0.87928426,0.005366928409785,0.003015101,0.0064051747,0.0028752089
Classical QLSTM gates,8,17,0.87374264,0.87056696,0.8758942,0.87586355,0.005366928409785,0.0031756759,0.005296588,0.0021515489
Classical QLSTM gates,8,17,0.8705092,0.8695728,0.87374264,0.8702913,0.005366928409785,0.00093638897,0.0007184744,0.0032334328
Classical QLSTM gates,8,17,0.8679359,0.8671613,0.8705092,0.86810833,0.005366928409785,0.00077462196,0.0009470582,0.0025733113
Classical QLSTM gates,8,17,0.8556565,0.8646284,0.8679359,0.8488397,0.005366928409785,0.00897187,0.015788674,0.012279391
Classical QLSTM gates,8,17,0.847178,0.8518618,0.8556565,0.84749323,0.005366928409785,0.0046837926,0.0043685436,0.008478522
Classical QLSTM gates,8,17,0.84300923,0.84192526,0.847178,0.84671694,0.005366928409785,0.0010839701,0.004791677,0.004168749
Classical QLSTM gates,8,17,0.8357066,0.8367865,0.84300923,0.8345817,0.005366928409785,0.001079917,0.0022048354,0.007302642
Classical QLSTM gates,8,17,0.8343915,0.8279114,0.8357066,0.83772355,0.005366928409785,0.006480098,0.009812176,0.0013151169
Classical QLSTM gates,8,17,0.8306458,0.82679975,0.8343915,0.8302204,0.005366928409785,0.0038460493,0.003420651,0.003745675
Classical QLSTM gates,8,17,0.8274754,0.8235556,0.8306458,0.8281061,0.005366928409785,0.00391984,0.0045505166,0.003170371
Classical QLSTM gates,8,17,0.8289869,0.8229575,0.8274754,0.83286464,0.005366928409785,0.0060293674,0.009907126,0.0015114546
Classical QLSTM gates,8,17,0.8276623,0.8257898,0.8289869,0.82703626,0.005366928409785,0.0018724799,0.0012464523,0.001324594
Classical QLSTM gates,8,17,0.82433385,0.82491297,0.8276623,0.82250845,0.005366928409785,0.0005791187,0.002404511,0.0033284426
Classical QLSTM gates,8,17,0.8221723,0.82165277,0.82433385,0.82237285,0.005366928409785,0.0005195141,0.0007200837,0.0021615624
Classical QLSTM gates,8,17,0.8080104,0.8183001,0.8221723,0.79946065,0.005366928409785,0.010289729,0.018839478,0.014161885
Classical QLSTM gates,8,17,0.79550105,0.8048414,0.8080104,0.79318243,0.005366928409785,0.009340346,0.011658967,0.012509346
Classical QLSTM gates,8,17,0.788829,0.7907315,0.79550105,0.7925143,0.005366928409785,0.001902461,0.0017828345,0.0066720247
Classical QLSTM gates,8,17,0.78471535,0.78417003,0.788829,0.7881266,0.005366928409785,0.0005453229,0.0039565563,0.004113674
Classical QLSTM gates,8,17,0.7820456,0.7781599,0.78471535,0.78366435,0.005366928409785,0.0038856864,0.0055044293,0.0026697516
Classical attention circuits,8,8,0.89839995,0.8921439,0.9017133,0.90064675,0.005366928409785,0.006256044,0.008502841,0.0033133626
Classical attention circuits,8,8,0.8883719,0.889264,0.89839995,0.88429236,0.005366928409785,0.0008921027,0.0049716234,0.010028064
Classical attention circuits,8,8,0.8770479,0.879086,0.8883719,0.87401485,0.005366928409785,0.0020381212,0.005071163,0.011323988
Classical attention circuits,8,8,0.87024885,0.8688342,0.8770479,0.87282014,0.005366928409785,0.0014146566,0.0039859414,0.006799042
Classical attention circuits,8,8,0.86803865,0.8627762,0.87024885,0.8729449,0.005366928409785,0.0052624345,0.010168672,0.0022101998
Classical attention circuits,8,8,0.8603048,0.8618042,0.86803865,0.8575645,0.005366928409785,0.0014994144,0.0042396784,0.0077338815
Classical attention circuits,8,8,0.85124344,0.8548754,0.8603048,0.84833086,0.005366928409785,0.0036319494,0.0065445304,0.0090613365
Classical attention circuits,8,8,0.835513,0.84704673,0.85124344,0.82999146,0.005366928409785,0.011533737,0.017055273,0.01573044
Classical attention circuits,8,8,0.8263239,0.8301884,0.835513,0.82971585,0.005366928409785,0.0038644671,0.00047254562,0.009189069
Classical attention circuits,8,8,0.8229825,0.8211489,0.8263239,0.8287887,0.005366928409785,0.0018336177,0.0076398253,0.0033414364
Classical attention circuits,8,8,0.82302344,0.8173339,0.8229825,0.82702684,0.005366928409785,0.0056895614,0.009692967,4.094839e-05
Classical attention circuits,8,8,0.82136583,0.81636035,0.82302344,0.8211693,0.005366928409785,0.005005479,0.0048089623,0.0016576052
Classical attention circuits,8,8,0.8179489,0.81394887,0.82136583,0.81672496,0.005366928409785,0.004000008,0.0027760863,0.0034169555
Classical attention circuits,8,8,0.8128484,0.81125814,0.8179489,0.8119489,0.005366928409785,0.0015902519,0.0006907582,0.0051004887
Classical attention circuits,8,8,0.80695885,0.80682665,0.8128484,0.80631554,0.005366928409785,0.0001322031,0.0005111098,0.005889535
Classical attention circuits,8,8,0.80764204,0.80180216,0.80695885,0.8121565,0.005366928409785,0.0058398843,0.01035434,0.00068318844
Classical attention circuits,8,8,0.8053985,0.8043526,0.80764204,0.8049148,0.005366928409785,0.0010459423,0.000562191,0.0022435188
Classical attention circuits,8,8,0.7994216,0.8019522,0.8053985,0.7960426,0.005366928409785,0.0025305748,0.005909562,0.0059769154
Classical attention circuits,8,8,0.7958956,0.79445964,0.7994216,0.7964955,0.005366928409785,0.0014359355,0.0020358562,0.003526032
Classical attention circuits,8,8,0.79358774,0.79176456,0.7958956,0.79534715,0.005366928409785,0.0018231869,0.0035825968,0.0023078322
Classical attention circuits,8,8,0.7913475,0.7889726,0.79358774,0.79208946,0.005366928409785,0.0023748875,0.003116846,0.0022402406
Classical attention circuits,8,8,0.7890898,0.7861452,0.7913475,0.78874314,0.005366928409785,0.0029445887,0.002597928,0.0022577047
Classical attention circuits,8,8,0.7851366,0.78355515,0.7890898,0.78373265,0.005366928409785,0.0015814304,0.00017750263,0.0039532185
Classical attention circuits,8,17,0.8863075,0.88679105,0.8947364,0.88460386,0.005366928409785,0.00048357248,0.0021871924,0.008428931
Classical attention circuits,8,17,0.8787694,0.87956613,0.8863075,0.8785371,0.005366928409785,0.0007967353,0.0010290146,0.00753808
Classical attention circuits,8,17,0.8758942,0.87279516,0.8787694,0.87928426,0.005366928409785,0.0030990243,0.006489098,0.0028752089
Classical attention circuits,8,17,0.87374264,0.8710847,0.8758942,0.87586355,0.005366928409785,0.00265795,0.004778862,0.0021515489
Classical attention circuits,8,17,0.8705092,0.86856896,0.87374264,0.8702913,0.005366928409785,0.0019402504,0.0017223358,0.0032334328
Classical attention circuits,8,17,0.8679359,0.8654437,0.8705092,0.86810833,0.005366928409785,0.0024921894,0.0026646256,0.0025733113
Classical attention circuits,8,17,0.8556565,0.863705,0.8679359,0.8488397,0.005366928409785,0.008048475,0.014865279,0.012279391
Classical attention circuits,8,17,0.847178,0.8515427,0.8556565,0.84749323,0.005366928409785,0.004364729,0.00404948,0.008478522
Classical attention circuits,8,17,0.84300923,0.8423276,0.847178,0.84671694,0.005366928409785,0.0006816387,0.0043893456,0.004168749
Classical attention circuits,8,17,0.8357066,0.8384253,0.84300923,0.8345817,0.005366928409785,0.002718687,0.0038436055,0.007302642
Classical attention circuits,8,17,0.8343915,0.830144,0.8357066,0.83772355,0.005366928409785,0.0042474866,0.007579565,0.0013151169
Classical attention circuits,8,17,0.8306458,0.82906586,0.8343915,0.8302204,0.005366928409785,0.0015799403,0.001154542,0.003745675
Classical attention circuits,8,17,0.8274754,0.8233681,0.8306458,0.8281061,0.005366928409785,0.004107356,0.004738033,0.003170371
Classical attention circuits,8,17,0.8289869,0.8223508,0.8274754,0.83286464,0.005366928409785,0.006636083,0.010513842,0.0015114546
Classical attention circuits,8,17,0.8276623,0.8269933,0.8289869,0.82703626,0.005366928409785,0.00066900253,4.297495e-05,0.001324594
Classical attention circuits,8,17,0.82433385,0.82512474,0.8276623,0.82250845,0.005366928409785,0.00079089403,0.0026162863,0.0033284426
Classical attention circuits,8,17,0.8221723,0.8217936,0.82433385,0.82237285,0.005366928409785,0.0003786683,0.00057923794,0.0021615624
Classical attention circuits,8,17,0.8080104,0.8184729,0.8221723,0.79946065,0.005366928409785,0.0104625225,0.019012272,0.014161885
Classical attention circuits,8,17,0.79550105,0.80420357,0.8080104,0.79318243,0.005366928409785,0.008702517,0.011021137,0.012509346
Classical attention circuits,8,17,0.788829,0.79165286,0.79550105,0.7925143,0.005366928409785,0.0028238297,0.00086146593,0.0066720247
Classical attention circuits,8,17,0.78471535,0.7845163,0.788829,0.7881266,0.005366928409785,0.00019907951,0.003610313,0.004113674
Classical attention circuits,8,17,0.7820456,0.7805549,0.78471535,0.78366435,0.005366928409785,0.0014907122,0.003109455,0.0026697516
Classical VQR circuit,8,8,0.89839995,0.89250106,0.9017133,0.90064675,0.005366928409785,0.005898893,0.00814569,0.0033133626
Classical VQR circuit,8,8,0.8883719,0.8909292,0.89839995,0.88429236,0.005366928409785,0.0025573373,0.006636858,0.010028064
Classical VQR circuit,8,8,0.8770479,0.8795889,0.8883719,0.87401485,0.005366928409785,0.0025410056,0.0055740476,0.011323988
Classical VQR circuit,8,8,0.87024885,0.8695038,0.8770479,0.87282014,0.005366928409785,0.00074505806,0.0033163428,0.006799042
Classical VQR circuit,8,8,0.86803865,0.8641499,0.87024885,0.8729449,0.005366928409785,0.0038887262,0.008794963,0.0022101998
Classical VQR circuit,8,8,0.8603048,0.8629708,0.86803865,0.8575645,0.005366928409785,0.0026660562,0.00540632,0.0077338815
Classical VQR circuit,8,8,0.85124344,0.8553545,0.8603048,0.84833086,0.005366928409785,0.0041110516,0.0070236325,0.0090613365
Classical VQR circuit,8,8,0.835513,0.8470036,0.85124344,0.82999146,0.005366928409785,0.011490583,0.01701212,0.01573044
Classical VQR circuit,8,8,0.8263239,0.8300762,0.835513,0.82971585,0.005366928409785,0.0037522912,0.00036036968,0.009189069
Classical VQR circuit,8,8,0.8229825,0.8202929,0.8263239,0.8287887,0.005366928409785,0.0026896,0.008495808,0.0033414364
Classical VQR circuit,8,8,0.82302344,0.8170949,0.8229825,0.82702684,0.005366928409785,0.0059285164,0.009931922,4.094839e-05
Classical VQR circuit,8,8,0.82136583,0.81628937,0.82302344,0.8211693,0.005366928409785,0.005076468,0.0048799515,0.0016576052
Classical VQR circuit,8,8,0.8179489,0.8143366,0.82136583,0.81672496,0.005366928409785,0.00361228,0.002388358,0.0034169555
Classical VQR circuit,8,8,0.8128484,0.81206274,0.8179489,0.8119489,0.005366928409785,0.0007856488,0.00011384487,0.0051004887
Classical VQR circuit,8,8,0.80695885,0.807795,0.8128484,0.80631554,0.005366928409785,0.00083613396,0.0014794469,0.005889535
Classical VQR circuit,8,8,0.80764204,0.8027153,0.80695885,0.8121565,0.005366928409785,0.004926741,0.009441197,0.00068318844
Classical VQR circuit,8,8,0.8053985,0.8046881,0.80764204,0.8049148,0.005366928409785,0.00071042776,0.00022667646,0.0022435188
Classical VQR circuit,8,8,0.7994216,0.80205333,0.8053985,0.7960426,0.005366928409785,0.0026317239,0.006010711,0.0059769154
Classical VQR circuit,8,8,0.7958956,0.7939352,0.7994216,0.7964955,0.005366928409785,0.0019603968,0.0025603175,0.003526032
Classical VQR circuit,8,8,0.79358774,0.79125786,0.7958956,0.79534715,0.005366928409785,0.002329886,0.004089296,0.0023078322
Classical VQR circuit,8,8,0.7913475,0.7874837,0.79358774,0.79208946,0.005366928409785,0.0038638115,0.00460577,0.0022402406
Classical VQR circuit,8,8,0.7890898,0.78495896,0.7913475,0.78874314,0.005366928409785,0.0041308403,0.0037841797,0.0022577047
Classical VQR circuit,8,8,0.7851366,0.7829165,0.7890898,0.78373265,0.005366928409785,0.0022200942,0.0008161664,0.0039532185
Classical VQR circuit,8,17,0.8863075,0.8864908,0.8947364,0.88460386,0.005366928409785,0.00018334389,0.0018869638,0.008428931
Classical VQR circuit,8,17,0.8787694,0.8797453,0.8863075,0.8785371,0.005366928409785,0.00097590685,0.0012081861,0.00753808
Classical VQR circuit,8,17,0.8758942,0.8725945,0.8787694,0.87928426,0.005366928409785,0.0032997131,0.006689787,0.0028752089
Classical VQR circuit,8,17,0.87374264,0.87165254,0.8758942,0.87586355,0.005366928409785,0.0020900965,0.0042110085,0.0021515489
Classical VQR circuit,8,17,0.8705092,0.86862445,0.87374264,0.8702913,0.005366928409785,0.0018847585,0.0016668439,0.0032334328
Classical VQR circuit,8,17,0.8679359,0.86594373,0.8705092,0.86810833,0.005366928409785,0.001992166,0.0021646023,0.0025733113
Classical VQR circuit,8,17,0.8556565,0.86396617,0.8679359,0.8488397,0.005366928409785,0.008309662,0.015126467,0.012279391
Classical VQR circuit,8,17,0.847178,0.85209155,0.8556565,0.84749323,0.005366928409785,0.0049135685,0.0045983195,0.008478522
Classical VQR circuit,8,17,0.84300923,0.84230894,0.847178,0.84671694,0.005366928409785,0.000700295,0.004408002,0.004168749
Classical VQR circuit,8,17,0.8357066,0.8385635,0.84300923,0.8345817,0.005366928409785,0.0028569102,0.0039818287,0.007302642
Classical VQR circuit,8,17,0.8343915,0.8295762,0.8357066,0.83772355,0.005366928409785,0.0048152804,0.008147359,0.0013151169
Classical VQR circuit,8,17,0.8306458,0.82837063,0.8343915,0.8302204,0.005366928409785,0.002275169,0.0018497705,0.003745675
Classical VQR circuit,8,17,0.8274754,0.82348514,0.8306458,0.8281061,0.005366928409785,0.0039902925,0.0046209693,0.003170371
Classical VQR circuit,8,17,0.8289869,0.8230168,0.8274754,0.83286464,0.005366928409785,0.005970061,0.00984782,0.0015114546
Classical VQR circuit,8,17,0.8276623,0.82709473,0.8289869,0.82703626,0.005366928409785,0.0005675554,5.8472157e-05,0.001324594
Classical VQR circuit,8,17,0.82433385,0.82551926,0.8276623,0.82250845,0.005366928409785,0.0011854172,0.0030108094,0.0033284426
Classical VQR circuit,8,17,0.8221723,0.82265806,0.82433385,0.82237285,0.005366928409785,0.00048577785,0.00028520823,0.0021615624
Classical VQR circuit,8,17,0.8080104,0.8188799,0.8221723,0.79946065,0.005366928409785,0.010869503,0.019419253,0.014161885
Classical VQR circuit,8,17,0.79550105,0.8049742,0.8080104,0.79318243,0.005366928409785,0.009473145,0.011791766,0.012509346
Classical VQR circuit,8,17,0.788829,0.79221183,0.79550105,0.7925143,0.005366928409785,0.003382802,0.00030249357,0.0066720247
Classical VQR circuit,8,17,0.78471535,0.78474534,0.788829,0.7881266,0.005366928409785,2.9981136e-05,0.0033812523,0.004113674
Classical VQR circuit,8,17,0.7820456,0.78024554,0.78471535,0.78366435,0.005366928409785,0.0018000603,0.0034188032,0.0026697516
All circuits classical,8,8,0.89839995,0.89339066,0.9017133,0.90064675,0.005366928409785,0.0050092936,0.0072560906,0.0033133626
All circuits classical,8,8,0.8883719,0.8895401,0.89839995,0.88429236,0.005366928409785,0.0011681914,0.005247712,0.010028064
All circuits classical,8,8,0.8770479,0.87859297,0.8883719,0.87401485,0.005366928409785,0.0015450716,0.0045781136,0.011323988
All circuits classical,8,8,0.87024885,0.8686218,0.8770479,0.87282014,0.005366928409785,0.001627028,0.0041983128,0.006799042
All circuits classical,8,8,0.86803865,0.86279833,0.87024885,0.8729449,0.005366928409785,0.005240321,0.010146558,0.0022101998
All circuits classical,8,8,0.8603048,0.8628763,0.86803865,0.8575645,0.005366928409785,0.0025715232,0.005311787,0.0077338815
All circuits classical,8,8,0.85124344,0.8571182,0.8603048,0.84833086,0.005366928409785,0.005874753,0.008787334,0.0090613365
All circuits classical,8,8,0.835513,0.8500682,0.85124344,0.82999146,0.005366928409785,0.014555216,0.020076752,0.01573044
All circuits classical,8,8,0.8263239,0.8333694,0.835513,0.82971585,0.005366928409785,0.007045448,0.0036535263,0.009189069
All circuits classical,8,8,0.8229825,0.82244235,0.8263239,0.8287887,0.005366928409785,0.0005401373,0.006346345,0.0033414364
All circuits classical,8,8,0.82302344,0.8159483,0.8229825,0.82702684,0.005366928409785,0.007075131,0.0110785365,4.094839e-05
All circuits classical,8,8,0.82136583,0.8146568,0.82302344,0.8211693,0.005366928409785,0.006709039,0.0065125227,0.0016576052
All circuits classical,8,8,0.8179489,0.81254756,0.82136583,0.81672496,0.005366928409785,0.0054013133,0.0041773915,0.0034169555
All circuits classical,8,8,0.8128484,0.8112887,0.8179489,0.8119489,0.005366928409785,0.0015596747,0.00066018105,0.0051004887
All circuits classical,8,8,0.80695885,0.8077497,0.8128484,0.80631554,0.005366928409785,0.0007908344,0.0014341474,0.005889535
All circuits classical,8,8,0.80764204,0.8026252,0.80695885,0.8121565,0.005366928409785,0.0050168633,0.009531319,0.00068318844
All circuits classical,8,8,0.8053985,0.8040583,0.80764204,0.8049148,0.005366928409785,0.0013402104,0.00085645914,0.0022435188
All circuits classical,8,8,0.7994216,0.8031324,0.8053985,0.7960426,0.005366928409785,0.0037108064,0.0070897937,0.0059769154
All circuits classical,8,8,0.7958956,0.7962435,0.7994216,0.7964955,0.005366928409785,0.0003479123,0.00025200844,0.003526032
All circuits classical,8,8,0.79358774,0.7937746,0.7958956,0.79534715,0.005366928409785,0.00018686056,0.0015725493,0.0023078322
All circuits classical,8,8,0.7913475,0.79037344,0.79358774,0.79208946,0.005366928409785,0.0009740591,0.0017160177,0.0022402406
All circuits classical,8,8,0.7890898,0.7891304,0.7913475,0.78874314,0.005366928409785,4.0590763e-05,0.00038725138,0.0022577047
All circuits classical,8,8,0.7851366,0.7826999,0.7890898,0.78373265,0.005366928409785,0.0024366975,0.0010327697,0.0039532185
All circuits classical,8,17,0.8863075,0.88566005,0.8947364,0.88460386,0.005366928409785,0.00064742565,0.0010561943,0.008428931
All circuits classical,8,17,0.8787694,0.87843823,0.8863075,0.8785371,0.005366928409785,0.0003311634,9.8884106e-05,0.00753808
All circuits classical,8,17,0.8758942,0.8735165,0.8787694,0.87928426,0.005366928409785,0.002377689,0.0057677627,0.0028752089
All circuits classical,8,17,0.87374264,0.8708514,0.8758942,0.87586355,0.005366928409785,0.0028912425,0.0050121546,0.0021515489
All circuits classical,8,17,0.8705092,0.86924577,0.87374264,0.8702913,0.005366928409785,0.0012634397,0.0010455251,0.0032334328
All circuits classical,8,17,0.8679359,0.86616355,0.8705092,0.86810833,0.005366928409785,0.0017723441,0.0019447803,0.0025733113
All circuits classical,8,17,0.8556565,0.86351943,0.8679359,0.8488397,0.005366928409785,0.0078629255,0.01467973,0.012279391
All circuits classical,8,17,0.847178,0.8525865,0.8556565,0.84749323,0.005366928409785,0.0054085255,0.0050932765,0.008478522
All circuits classical,8,17,0.84300923,0.8427845,0.847178,0.84671694,0.005366928409785,0.00022470951,0.0039324164,0.004168749
All circuits classical,8,17,0.8357066,0.83777046,0.84300923,0.8345817,0.005366928409785,0.0020638704,0.003188789,0.007302642
All circuits classical,8,17,0.8343915,0.8279641,0.8357066,0.83772355,0.005366928409785,0.0064273477,0.009759426,0.0013151169
All circuits classical,8,17,0.8306458,0.8266844,0.8343915,0.8302204,0.005366928409785,0.0039613843,0.003535986,0.003745675
All circuits classical,8,17,0.8274754,0.82391024,0.8306458,0.8281061,0.005366928409785,0.0035651922,0.004195869,0.003170371
All circuits classical,8,17,0.8289869,0.82438153,0.8274754,0.83286464,0.005366928409785,0.004605353,0.008483112,0.0015114546
All circuits classical,8,17,0.8276623,0.8264461,0.8289869,0.82703626,0.005366928409785,0.0012161732,0.0005901456,0.001324594
All circuits classical,8,17,0.82433385,0.8252872,0.8276623,0.82250845,0.005366928409785,0.0009533763,0.0027787685,0.0033284426
All circuits classical,8,17,0.8221723,0.8213492,0.82433385,0.82237285,0.005366928409785,0.00082308054,0.0010236502,0.0021615624
All circuits classical,8,17,0.8080104,0.8181164,0.8221723,0.79946065,0.005366928409785,0.010106027,0.018655777,0.014161885
All circuits classical,8,17,0.79550105,0.8048301,0.8080104,0.79318243,0.005366928409785,0.009329021,0.011647642,0.012509346
All circuits classical,8,17,0.788829,0.79079413,0.79550105,0.7925143,0.005366928409785,0.0019651055,0.00172019,0.0066720247
All circuits classical,8,17,0.78471535,0.78447956,0.788829,0.7881266,0.005366928409785,0.00023579597,0.0036470294,0.004113674
All circuits classical,8,17,0.7820456,0.7787582,0.78471535,0.78366435,0.005366928409785,0.003287375,0.004906118,0.0026697516
Persistence,9,2,0.88198084,0.89649385,0.89649385,0.8752713,0.0055418494157493,0.014513016,0.021222532,0.014513016
Persistence,9,2,0.87172556,0.88198084,0.88198084,0.87212044,0.0055418494157493,0.010255277,0.009860396,0.010255277
Persistence,9,2,0.86715025,0.87172556,0.87172556,0.87182397,0.0055418494157493,0.004575312,9.840727e-05,0.004575312
Persistence,9,2,0.8670523,0.86715025,0.86715025,0.8723264,0.0055418494157493,9.793043e-05,0.005176127,9.793043e-05
Persistence,9,2,0.8654877,0.8670523,0.8670523,0.8657995,0.0055418494157493,0.0015646219,0.00125283,0.0015646219
Persistence,9,2,0.8620998,0.8654877,0.8654877,0.86035806,0.0055418494157493,0.0033878684,0.0051296353,0.0033878684
Persistence,9,2,0.860077,0.8620998,0.8620998,0.8612825,0.0055418494157493,0.0020228028,0.0008172989,0.0020228028
Persistence,9,2,0.85320187,0.860077,0.860077,0.85068226,0.0055418494157493,0.0068751574,0.009394765,0.0068751574
Persistence,9,2,0.8461148,0.85320187,0.85320187,0.84458315,0.0055418494157493,0.007087052,0.008618712,0.007087052
Persistence,9,2,0.84197843,0.8461148,0.8461148,0.8434805,0.0055418494157493,0.0041363835,0.0026342869,0.0041363835
Persistence,9,2,0.8389886,0.84197843,0.84197843,0.8406782,0.0055418494157493,0.0029898286,0.0013002157,0.0029898286
Persistence,9,2,0.8298751,0.8389886,0.8389886,0.8257304,0.0055418494157493,0.009113491,0.013258219,0.009113491
Persistence,9,2,0.8178124,0.8298751,0.8298751,0.81345356,0.0055418494157493,0.012062728,0.016421556,0.012062728
Persistence,9,2,0.8125281,0.8178124,0.8178124,0.8163983,0.0055418494157493,0.0052843094,0.0014140606,0.0052843094
Persistence,9,2,0.80962837,0.8125281,0.8125281,0.81351084,0.0055418494157493,0.0028997064,0.0009827614,0.0028997064
Persistence,9,2,0.8125255,0.80962837,0.80962837,0.8176731,0.0055418494157493,0.0028971434,0.00804472,0.0028971434
Persistence,9,2,0.81089014,0.8125255,0.8125255,0.8088941,0.0055418494157493,0.0016353726,0.003631413,0.0016353726
Persistence,9,2,0.80638695,0.81089014,0.81089014,0.8036141,0.0055418494157493,0.0045031905,0.007276058,0.0045031905
Persistence,9,2,0.802703,0.80638695,0.80638695,0.8030973,0.0055418494157493,0.0036839247,0.00328964,0.0036839247
Persistence,9,2,0.8002414,0.802703,0.802703,0.80167353,0.0055418494157493,0.0024616122,0.0010294914,0.0024616122
Persistence,9,2,0.7962754,0.8002414,0.8002414,0.7954083,0.0055418494157493,0.0039660335,0.004833102,0.0039660335
Persistence,9,2,0.79244745,0.7962754,0.7962754,0.7916841,0.0055418494157493,0.0038279295,0.004591286,0.0038279295
Persistence,9,2,0.7893605,0.79244745,0.79244745,0.7898369,0.0055418494157493,0.0030869246,0.0026105642,0.0030869246
Persistence,9,9,0.8803733,0.8831095,0.8831095,0.8864931,0.0055418494157493,0.0027362108,0.0033835769,0.0027362108
Persistence,9,9,0.882756,0.8803733,0.8803733,0.8889019,0.0055418494157493,0.0023826957,0.00852859,0.0023826957
Persistence,9,9,0.886451,0.882756,0.882756,0.8892149,0.0055418494157493,0.0036950111,0.0064588785,0.0036950111
Persistence,9,9,0.88154984,0.886451,0.886451,0.8764013,0.0055418494157493,0.0049011707,0.010049701,0.0049011707
Persistence,9,9,0.8746258,0.88154984,0.88154984,0.8715485,0.0055418494157493,0.006924033,0.010001361,0.006924033
Persistence,9,9,0.8661246,0.8746258,0.8746258,0.8645739,0.0055418494157493,0.008501232,0.010051906,0.008501232
Persistence,9,9,0.85735464,0.8661246,0.8661246,0.8566824,0.0055418494157493,0.008769929,0.009442151,0.008769929
Persistence,9,9,0.854717,0.85735464,0.85735464,0.85852975,0.0055418494157493,0.0026376247,0.0011751056,0.0026376247
Persistence,9,9,0.84572226,0.854717,0.854717,0.8420812,0.0055418494157493,0.008994758,0.012635827,0.008994758
Persistence,9,9,0.83779526,0.84572226,0.84572226,0.83690023,0.0055418494157493,0.0079270005,0.008822024,0.0079270005
Persistence,9,9,0.82661873,0.83779526,0.83779526,0.8241729,0.0055418494157493,0.011176527,0.013622344,0.011176527
Persistence,9,9,0.8176615,0.82661873,0.82661873,0.8185275,0.0055418494157493,0.008957207,0.008091211,0.008957207
Persistence,9,9,0.7969155,0.8176615,0.8176615,0.7883405,0.0055418494157493,0.020746052,0.029321015,0.020746052
Persistence,9,9,0.7757072,0.7969155,0.7969155,0.7712677,0.0055418494157493,0.021208286,0.02564776,0.021208286
Persistence,9,9,0.768979,0.7757072,0.7757072,0.7787166,0.0055418494157493,0.0067281723,0.0030094385,0.0067281723
Persistence,9,9,0.76502067,0.768979,0.768979,0.77129984,0.0055418494157493,0.0039583445,0.002320826,0.0039583445
Persistence,9,9,0.76620495,0.76502067,0.76502067,0.7712239,0.0055418494157493,0.0011842847,0.006203234,0.0011842847
Persistence,9,9,0.7646782,0.76620495,0.76620495,0.76391375,0.0055418494157493,0.001526773,0.0022912025,0.001526773
Persistence,9,9,0.7673154,0.7646782,0.7646782,0.7711122,0.0055418494157493,0.0026372075,0.0064340234,0.0026372075
Persistence,9,9,0.7639789,0.7673154,0.7673154,0.76222354,0.0055418494157493,0.0033364892,0.005091846,0.0033364892
Persistence,9,9,0.75282097,0.7639789,0.7639789,0.745776,0.0055418494157493,0.01115793,0.0182029,0.01115793
Persistence,9,9,0.7481179,0.75282097,0.75282097,0.75015444,0.0055418494157493,0.004703045,0.002666533,0.004703045
Persistence,9,9,0.74132943,0.7481179,0.7481179,0.7413376,0.0055418494157493,0.006788492,0.0067803264,0.006788492
Full model,9,2,0.88198084,0.8875892,0.89649385,0.8752713,0.0055418494157493,0.00560838,0.012317896,0.014513016
Full model,9,2,0.87172556,0.8759312,0.88198084,0.87212044,0.0055418494157493,0.004205644,0.0038107634,0.010255277
Full model,9,2,0.86715025,0.8684415,0.87172556,0.87182397,0.0055418494157493,0.001291275,0.0033824444,0.004575312
Full model,9,2,0.8670523,0.8610425,0.86715025,0.8723264,0.0055418494157493,0.006009817,0.0112838745,9.793043e-05
Full model,9,2,0.8654877,0.8606505,0.8670523,0.8657995,0.0055418494157493,0.004837215,0.005149007,0.0015646219
Full model,9,2,0.8620998,0.86378926,0.8654877,0.86035806,0.0055418494157493,0.001689434,0.003431201,0.0033878684
Full model,9,2,0.860077,0.8597363,0.8620998,0.8612825,0.0055418494157493,0.00034070015,0.0015462041,0.0020228028
Full model,9,2,0.85320187,0.85806614,0.860077,0.85068226,0.0055418494157493,0.0048642755,0.007383883,0.0068751574
Full model,9,2,0.8461148,0.84936917,0.85320187,0.84458315,0.0055418494157493,0.003254354,0.0047860146,0.007087052
Full model,9,2,0.84197843,0.83941144,0.8461148,0.8434805,0.0055418494157493,0.0025669932,0.00406909,0.0041363835
Full model,9,2,0.8389886,0.8360387,0.84197843,0.8406782,0.0055418494157493,0.0029498935,0.0046395063,0.0029898286
Full model,9,2,0.8298751,0.8333538,0.8389886,0.8257304,0.0055418494157493,0.0034787059,0.007623434,0.009113491
Full model,9,2,0.8178124,0.82527906,0.8298751,0.81345356,0.0055418494157493,0.007466674,0.011825502,0.012062728
Full model,9,2,0.8125281,0.81254625,0.8178124,0.8163983,0.0055418494157493,1.8179417e-05,0.0038520694,0.0052843094
Full model,9,2,0.80962837,0.8095105,0.8125281,0.81351084,0.0055418494157493,0.00011783838,0.004000306,0.0028997064
Full model,9,2,0.8125255,0.80633533,0.80962837,0.8176731,0.0055418494157493,0.006190181,0.011337757,0.0028971434
Full model,9,2,0.81089014,0.80875313,0.8125255,0.8088941,0.0055418494157493,0.0021370053,0.00014096498,0.0016353726
Full model,9,2,0.80638695,0.80703074,0.81089014,0.8036141,0.0055418494157493,0.00064378977,0.0034166574,0.0045031905
Full model,9,2,0.802703,0.8022849,0.80638695,0.8030973,0.0055418494157493,0.00041812658,0.0008124113,0.0036839247
Full model,9,2,0.8002414,0.79842556,0.802703,0.80167353,0.0055418494157493,0.0018158555,0.0032479763,0.0024616122
Full model,9,2,0.7962754,0.7963986,0.8002414,0.7954083,0.0055418494157493,0.0001232028,0.0009902716,0.0039660335
Full model,9,2,0.79244745,0.79254955,0.7962754,0.7916841,0.0055418494157493,0.00010210276,0.00086545944,0.0038279295
Full model,9,2,0.7893605,0.7887537,0.79244745,0.7898369,0.0055418494157493,0.0006068349,0.0010831952,0.0030869246
Full model,9,9,0.8803733,0.8752994,0.8831095,0.8864931,0.0055418494157493,0.005073905,0.011193693,0.0027362108
Full model,9,9,0.882756,0.87318367,0.8803733,0.8889019,0.0055418494157493,0.009572327,0.015718222,0.0023826957
Full model,9,9,0.886451,0.8784977,0.882756,0.8892149,0.0055418494157493,0.007953286,0.010717154,0.0036950111
Full model,9,9,0.88154984,0.8844796,0.886451,0.8764013,0.0055418494157493,0.002929747,0.008078277,0.0049011707
Full model,9,9,0.8746258,0.87888885,0.88154984,0.8715485,0.0055418494157493,0.0042630434,0.0073403716,0.006924033
Full model,9,9,0.8661246,0.87250674,0.8746258,0.8645739,0.0055418494157493,0.0063821673,0.007932842,0.008501232
Full model,9,9,0.85735464,0.86274475,0.8661246,0.8566824,0.0055418494157493,0.0053901076,0.006062329,0.008769929
Full model,9,9,0.854717,0.85397166,0.85735464,0.85852975,0.0055418494157493,0.0007453561,0.0045580864,0.0026376247
Full model,9,9,0.84572226,0.8511105,0.854717,0.8420812,0.0055418494157493,0.00538826,0.009029329,0.008994758
Full model,9,9,0.83779526,0.841137,0.84572226,0.83690023,0.0055418494157493,0.0033417344,0.0042367578,0.0079270005
Full model,9,9,0.82661873,0.8308397,0.83779526,0.8241729,0.0055418494157493,0.0042209625,0.0066667795,0.011176527
Full model,9,9,0.8176615,0.8209508,0.82661873,0.8185275,0.0055418494157493,0.0032892823,0.0024232864,0.008957207
Full model,9,9,0.7969155,0.81304204,0.8176615,0.7883405,0.0055418494157493,0.016126573,0.024701536,0.020746052
Full model,9,9,0.7757072,0.792865,0.7969155,0.7712677,0.0055418494157493,0.017157793,0.021597266,0.021208286
Full model,9,9,0.768979,0.7745536,0.7757072,0.7787166,0.0055418494157493,0.005574584,0.004163027,0.0067281723
Full model,9,9,0.76502067,0.76702976,0.768979,0.77129984,0.0055418494157493,0.0020090938,0.0042700768,0.0039583445
Full model,9,9,0.76620495,0.7637301,0.76502067,0.7712239,0.0055418494157493,0.0024748445,0.007493794,0.0011842847
Full model,9,9,0.7646782,0.76428723,0.76620495,0.76391375,0.0055418494157493,0.00039094687,0.0003734827,0.001526773
Full model,9,9,0.7673154,0.7609423,0.7646782,0.7711122,0.0055418494157493,0.0063731074,0.010169923,0.0026372075
Full model,9,9,0.7639789,0.764124,0.7673154,0.76222354,0.0055418494157493,0.0001450777,0.0019004345,0.0033364892
Full model,9,9,0.75282097,0.7608003,0.7639789,0.745776,0.0055418494157493,0.007979333,0.015024304,0.01115793
Full model,9,9,0.7481179,0.7500883,0.75282097,0.75015444,0.0055418494157493,0.0019703507,6.6161156e-05,0.004703045
Full model,9,9,0.74132943,0.74535614,0.7481179,0.7413376,0.0055418494157493,0.004026711,0.004018545,0.006788492
Without quantum attention,9,2,0.88198084,0.8893836,0.89649385,0.8752713,0.0055418494157493,0.0074027777,0.014112294,0.014513016
Without quantum attention,9,2,0.87172556,0.8759155,0.88198084,0.87212044,0.0055418494157493,0.004189968,0.0037950873,0.010255277
Without quantum attention,9,2,0.86715025,0.8665348,0.87172556,0.87182397,0.0055418494157493,0.00061541796,0.0052891374,0.004575312
Without quantum attention,9,2,0.8670523,0.8602519,0.86715025,0.8723264,0.0055418494157493,0.006800413,0.0120744705,9.793043e-05
Without quantum attention,9,2,0.8654877,0.86077094,0.8670523,0.8657995,0.0055418494157493,0.004716754,0.005028546,0.0015646219
Without quantum attention,9,2,0.8620998,0.86143404,0.8654877,0.86035806,0.0055418494157493,0.0006657839,0.001075983,0.0033878684
Without quantum attention,9,2,0.860077,0.85769236,0.8620998,0.8612825,0.0055418494157493,0.0023846626,0.0035901666,0.0020228028
Without quantum attention,9,2,0.85320187,0.85601443,0.860077,0.85068226,0.0055418494157493,0.0028125644,0.005332172,0.0068751574
Without quantum attention,9,2,0.8461148,0.8488844,0.85320187,0.84458315,0.0055418494157493,0.0027695894,0.00430125,0.007087052
Without quantum attention,9,2,0.84197843,0.8413833,0.8461148,0.8434805,0.0055418494157493,0.0005951524,0.002097249,0.0041363835
Without quantum attention,9,2,0.8389886,0.83761454,0.84197843,0.8406782,0.0055418494157493,0.0013740659,0.0030636787,0.0029898286
Without quantum attention,9,2,0.8298751,0.83480704,0.8389886,0.8257304,0.0055418494157493,0.0049319267,0.009076655,0.009113491
Without quantum attention,9,2,0.8178124,0.8256067,0.8298751,0.81345356,0.0055418494157493,0.0077943206,0.012153149,0.012062728
Without quantum attention,9,2,0.8125281,0.8133689,0.8178124,0.8163983,0.0055418494157493,0.0008408427,0.003029406,0.0052843094
Without quantum attention,9,2,0.80962837,0.8082723,0.8125281,0.81351084,0.0055418494157493,0.0013560653,0.005238533,0.0028997064
Without quantum attention,9,2,0.8125255,0.80530196,0.80962837,0.8176731,0.0055418494157493,0.0072235465,0.012371123,0.0028971434
Without quantum attention,9,2,0.81089014,0.8081999,0.8125255,0.8088941,0.0055418494157493,0.0026902556,0.0006942153,0.0016353726
Without quantum attention,9,2,0.80638695,0.8064045,0.81089014,0.8036141,0.0055418494157493,1.7523766e-05,0.0027903914,0.0045031905
Without quantum attention,9,2,0.802703,0.8018616,0.80638695,0.8030973,0.0055418494157493,0.00084143877,0.0012357235,0.0036839247
Without quantum attention,9,2,0.8002414,0.79798305,0.802703,0.80167353,0.0055418494157493,0.0022583604,0.0036904812,0.0024616122
Without quantum attention,9,2,0.7962754,0.79561406,0.8002414,0.7954083,0.0055418494157493,0.00066131353,0.00020575523,0.0039660335
Without quantum attention,9,2,0.79244745,0.7916714,0.7962754,0.7916841,0.0055418494157493,0.0007760525,1.2695789e-05,0.0038279295
Without quantum attention,9,2,0.7893605,0.78801715,0.79244745,0.7898369,0.0055418494157493,0.0013433695,0.0018197298,0.0030869246
Without quantum attention,9,9,0.8803733,0.876351,0.8831095,0.8864931,0.0055418494157493,0.0040223002,0.010142088,0.0027362108
Without quantum attention,9,9,0.882756,0.8736948,0.8803733,0.8889019,0.0055418494157493,0.009061217,0.015207112,0.0023826957
Without quantum attention,9,9,0.886451,0.8765156,0.882756,0.8892149,0.0055418494157493,0.009935379,0.012699246,0.0036950111
Without quantum attention,9,9,0.88154984,0.88112104,0.886451,0.8764013,0.0055418494157493,0.0004287958,0.004719734,0.0049011707
Without quantum attention,9,9,0.8746258,0.877117,0.88154984,0.8715485,0.0055418494157493,0.0024911761,0.0055685043,0.006924033
Without quantum attention,9,9,0.8661246,0.87040824,0.8746258,0.8645739,0.0055418494157493,0.0042836666,0.005834341,0.008501232
Without quantum attention,9,9,0.85735464,0.8617952,0.8661246,0.8566824,0.0055418494157493,0.004440546,0.005112767,0.008769929
Without quantum attention,9,9,0.854717,0.8529965,0.85735464,0.85852975,0.0055418494157493,0.0017204881,0.0055332184,0.0026376247
Without quantum attention,9,9,0.84572226,0.85078144,0.854717,0.8420812,0.0055418494157493,0.0050591826,0.008700252,0.008994758
Without quantum attention,9,9,0.83779526,0.8414483,0.84572226,0.83690023,0.0055418494157493,0.0036530495,0.004548073,0.0079270005
Without quantum attention,9,9,0.82661873,0.8334137,0.83779526,0.8241729,0.0055418494157493,0.006794989,0.009240806,0.011176527
Without quantum attention,9,9,0.8176615,0.82240057,0.82661873,0.8185275,0.0055418494157493,0.004739046,0.0038730502,0.008957207
Without quantum attention,9,9,0.7969155,0.8133549,0.8176615,0.7883405,0.0055418494157493,0.016439438,0.0250144,0.020746052
Without quantum attention,9,9,0.7757072,0.7923319,0.7969155,0.7712677,0.0055418494157493,0.01662469,0.021064162,0.021208286
Without quantum attention,9,9,0.768979,0.7714979,0.7757072,0.7787166,0.0055418494157493,0.0025188923,0.0072187185,0.0067281723
Without quantum attention,9,9,0.76502067,0.7645138,0.768979,0.77129984,0.0055418494157493,0.0005068779,0.0067860484,0.0039583445
Without quantum attention,9,9,0.76620495,0.7607567,0.76502067,0.7712239,0.0055418494157493,0.0054482818,0.010467231,0.0011842847
Without quantum attention,9,9,0.7646782,0.7618969,0.76620495,0.76391375,0.0055418494157493,0.002781272,0.0020168424,0.001526773
Without quantum attention,9,9,0.7673154,0.7605313,0.7646782,0.7711122,0.0055418494157493,0.0067840815,0.010580897,0.0026372075
Without quantum attention,9,9,0.7639789,0.7629798,0.7673154,0.76222354,0.0055418494157493,0.000999093,0.00075626373,0.0033364892
Without quantum attention,9,9,0.75282097,0.75963706,0.7639789,0.745776,0.0055418494157493,0.006816089,0.01386106,0.01115793
Without quantum attention,9,9,0.7481179,0.74845725,0.75282097,0.75015444,0.0055418494157493,0.00033932924,0.0016971827,0.004703045
Without quantum attention,9,9,0.74132943,0.743625,0.7481179,0.7413376,0.0055418494157493,0.0022955537,0.0022873878,0.006788492
Without VQR,9,2,0.88198084,0.89085835,0.89649385,0.8752713,0.0055418494157493,0.008877516,0.015587032,0.014513016
Without VQR,9,2,0.87172556,0.8759583,0.88198084,0.87212044,0.0055418494157493,0.0042327642,0.0038378835,0.010255277
Without VQR,9,2,0.86715025,0.8659043,0.87172556,0.87182397,0.0055418494157493,0.0012459755,0.005919695,0.004575312
Without VQR,9,2,0.8670523,0.8613225,0.86715025,0.8723264,0.0055418494157493,0.0057297945,0.011003852,9.793043e-05
Without VQR,9,2,0.8654877,0.86141455,0.8670523,0.8657995,0.0055418494157493,0.004073143,0.004384935,0.0015646219
Without VQR,9,2,0.8620998,0.8619692,0.8654877,0.86035806,0.0055418494157493,0.00013065338,0.0016111135,0.0033878684
Without VQR,9,2,0.860077,0.8589495,0.8620998,0.8612825,0.0055418494157493,0.0011275411,0.002333045,0.0020228028
Without VQR,9,2,0.85320187,0.85689014,0.860077,0.85068226,0.0055418494157493,0.0036882758,0.0062078834,0.0068751574
Without VQR,9,2,0.8461148,0.8492817,0.85320187,0.84458315,0.0055418494157493,0.003166914,0.0046985745,0.007087052
Without VQR,9,2,0.84197843,0.84147304,0.8461148,0.8434805,0.0055418494157493,0.0005053878,0.0020074844,0.0041363835
Without VQR,9,2,0.8389886,0.836874,0.84197843,0.8406782,0.0055418494157493,0.002114594,0.0038042068,0.0029898286
Without VQR,9,2,0.8298751,0.8335298,0.8389886,0.8257304,0.0055418494157493,0.0036546588,0.007799387,0.009113491
Without VQR,9,2,0.8178124,0.82524496,0.8298751,0.81345356,0.0055418494157493,0.00743258,0.011791408,0.012062728
Without VQR,9,2,0.8125281,0.8141491,0.8178124,0.8163983,0.0055418494157493,0.0016210079,0.0022492409,0.0052843094
Without VQR,9,2,0.80962837,0.8098957,0.8125281,0.81351084,0.0055418494157493,0.00026732683,0.003615141,0.0028997064
Without VQR,9,2,0.8125255,0.8070472,0.80962837,0.8176731,0.0055418494157493,0.0054783225,0.010625899,0.0028971434
Without VQR,9,2,0.81089014,0.8096711,0.8125255,0.8088941,0.0055418494157493,0.0012190342,0.00077700615,0.0016353726
Without VQR,9,2,0.80638695,0.80759794,0.81089014,0.8036141,0.0055418494157493,0.0012109876,0.0039838552,0.0045031905
Without VQR,9,2,0.802703,0.8029472,0.80638695,0.8030973,0.0055418494157493,0.00024420023,0.0001500845,0.0036839247
Without VQR,9,2,0.8002414,0.79856247,0.802703,0.80167353,0.0055418494157493,0.0016789436,0.0031110644,0.0024616122
Without VQR,9,2,0.7962754,0.79603595,0.8002414,0.7954083,0.0055418494157493,0.00023943186,0.0006276369,0.0039660335
Without VQR,9,2,0.79244745,0.7919465,0.7962754,0.7916841,0.0055418494157493,0.00050097704,0.00026237965,0.0038279295
Without VQR,9,2,0.7893605,0.78732216,0.79244745,0.7898369,0.0055418494157493,0.0020383596,0.00251472,0.0030869246
Without VQR,9,9,0.8803733,0.87679183,0.8831095,0.8864931,0.0055418494157493,0.0035814643,0.009701252,0.0027362108
Without VQR,9,9,0.882756,0.87375164,0.8803733,0.8889019,0.0055418494157493,0.0090043545,0.015150249,0.0023826957
Without VQR,9,9,0.886451,0.8763992,0.882756,0.8892149,0.0055418494157493,0.010051787,0.012815654,0.0036950111
Without VQR,9,9,0.88154984,0.88100153,0.886451,0.8764013,0.0055418494157493,0.0005483031,0.004600227,0.0049011707
Without VQR,9,9,0.8746258,0.8768376,0.88154984,0.8715485,0.0055418494157493,0.0022118092,0.0052891374,0.006924033
Without VQR,9,9,0.8661246,0.8714373,0.8746258,0.8645739,0.0055418494157493,0.005312741,0.0068634152,0.008501232
Without VQR,9,9,0.85735464,0.8631213,0.8661246,0.8566824,0.0055418494157493,0.00576663,0.0064388514,0.008769929
Without VQR,9,9,0.854717,0.85409194,0.85735464,0.85852975,0.0055418494157493,0.0006250739,0.004437804,0.0026376247
Without VQR,9,9,0.84572226,0.8506522,0.854717,0.8420812,0.0055418494157493,0.00492996,0.008571029,0.008994758
Without VQR,9,9,0.83779526,0.84121984,0.84572226,0.83690023,0.0055418494157493,0.0034245849,0.004319608,0.0079270005
Without VQR,9,9,0.82661873,0.83291143,0.83779526,0.8241729,0.0055418494157493,0.006292701,0.008738518,0.011176527
Without VQR,9,9,0.8176615,0.8216608,0.82661873,0.8185275,0.0055418494157493,0.003999293,0.003133297,0.008957207
Without VQR,9,9,0.7969155,0.81347716,0.8176615,0.7883405,0.0055418494157493,0.016561687,0.02513665,0.020746052
Without VQR,9,9,0.7757072,0.79339224,0.7969155,0.7712677,0.0055418494157493,0.017685056,0.022124529,0.021208286
Without VQR,9,9,0.768979,0.77410376,0.7757072,0.7787166,0.0055418494157493,0.0051247478,0.004612863,0.0067281723
Without VQR,9,9,0.76502067,0.7678271,0.768979,0.77129984,0.0055418494157493,0.002806425,0.0034727454,0.0039583445
Without VQR,9,9,0.76620495,0.76410115,0.76502067,0.7712239,0.0055418494157493,0.0021038055,0.007122755,0.0011842847
Without VQR,9,9,0.7646782,0.76531583,0.76620495,0.76391375,0.0055418494157493,0.0006376505,0.0014020801,0.001526773
Without VQR,9,9,0.7673154,0.76361537,0.7646782,0.7711122,0.0055418494157493,0.003700018,0.007496834,0.0026372075
Without VQR,9,9,0.7639789,0.7661148,0.7673154,0.76222354,0.0055418494157493,0.0021358728,0.0038912296,0.0033364892
Without VQR,9,9,0.75282097,0.7620793,0.7639789,0.745776,0.0055418494157493,0.00925833,0.0163033,0.01115793
Without VQR,9,9,0.7481179,0.7507885,0.75282097,0.75015444,0.0055418494157493,0.002670586,0.0006340742,0.004703045
Without VQR,9,9,0.74132943,0.74571735,0.7481179,0.7413376,0.0055418494157493,0.004387915,0.0043797493,0.006788492
Without quantum attention and VQR,9,2,0.88198084,0.88918054,0.89649385,0.8752713,0.0055418494157493,0.0071997046,0.013909221,0.014513016
Without quantum attention and VQR,9,2,0.87172556,0.8749241,0.88198084,0.87212044,0.0055418494157493,0.003198564,0.0028036833,0.010255277
Without quantum attention and VQR,9,2,0.86715025,0.86488193,0.87172556,0.87182397,0.0055418494157493,0.0022683144,0.006942034,0.004575312
Without quantum attention and VQR,9,2,0.8670523,0.8602689,0.86715025,0.8723264,0.0055418494157493,0.006783426,0.012057483,9.793043e-05
Without quantum attention and VQR,9,2,0.8654877,0.86023074,0.8670523,0.8657995,0.0055418494157493,0.005256951,0.0055687428,0.0015646219
Without quantum attention and VQR,9,2,0.8620998,0.86000836,0.8654877,0.86035806,0.0055418494157493,0.0020914674,0.00034970045,0.0033878684
Without quantum attention and VQR,9,2,0.860077,0.8571476,0.8620998,0.8612825,0.0055418494157493,0.002929449,0.004134953,0.0020228028
Without quantum attention and VQR,9,2,0.85320187,0.8554889,0.860077,0.85068226,0.0055418494157493,0.0022870302,0.0048066378,0.0068751574
Without quantum attention and VQR,9,2,0.8461148,0.8487577,0.85320187,0.84458315,0.0055418494157493,0.00264287,0.0041745305,0.007087052
Without quantum attention and VQR,9,2,0.84197843,0.8416227,0.8461148,0.8434805,0.0055418494157493,0.00035572052,0.0018578172,0.0041363835
Without quantum attention and VQR,9,2,0.8389886,0.83769614,0.84197843,0.8406782,0.0055418494157493,0.0012924671,0.00298208,0.0029898286
Without quantum attention and VQR,9,2,0.8298751,0.83494955,0.8389886,0.8257304,0.0055418494157493,0.0050744414,0.00921917,0.009113491
Without quantum attention and VQR,9,2,0.8178124,0.8258593,0.8298751,0.81345356,0.0055418494157493,0.008046925,0.012405753,0.012062728
Without quantum attention and VQR,9,2,0.8125281,0.8137536,0.8178124,0.8163983,0.0055418494157493,0.0012255311,0.0026447177,0.0052843094
Without quantum attention and VQR,9,2,0.80962837,0.80887544,0.8125281,0.81351084,0.0055418494157493,0.0007529259,0.0046353936,0.0028997064
Without quantum attention and VQR,9,2,0.8125255,0.8060333,0.80962837,0.8176731,0.0055418494157493,0.0064921975,0.011639774,0.0028971434
Without quantum attention and VQR,9,2,0.81089014,0.808941,0.8125255,0.8088941,0.0055418494157493,0.0019491315,4.6908855e-05,0.0016353726
Without quantum attention and VQR,9,2,0.80638695,0.8071725,0.81089014,0.8036141,0.0055418494157493,0.0007855296,0.0035583973,0.0045031905
Without quantum attention and VQR,9,2,0.802703,0.8025859,0.80638695,0.8030973,0.0055418494157493,0.00011712313,0.00051140785,0.0036839247
Without quantum attention and VQR,9,2,0.8002414,0.79872435,0.802703,0.80167353,0.0055418494157493,0.0015170574,0.0029491782,0.0024616122
Without quantum attention and VQR,9,2,0.7962754,0.7962487,0.8002414,0.7954083,0.0055418494157493,2.670288e-05,0.0008403659,0.0039660335
Without quantum attention and VQR,9,2,0.79244745,0.79221505,0.7962754,0.7916841,0.0055418494157493,0.00023239851,0.0005309582,0.0038279295
Without quantum attention and VQR,9,2,0.7893605,0.78851396,0.79244745,0.7898369,0.0055418494157493,0.00084656477,0.0013229251,0.0030869246
Without quantum attention and VQR,9,9,0.8803733,0.87593424,0.8831095,0.8864931,0.0055418494157493,0.004439056,0.010558844,0.0027362108
Without quantum attention and VQR,9,9,0.882756,0.8733346,0.8803733,0.8889019,0.0055418494157493,0.009421408,0.015567303,0.0023826957
Without quantum attention and VQR,9,9,0.886451,0.8759028,0.882756,0.8892149,0.0055418494157493,0.010548234,0.013312101,0.0036950111
Without quantum attention and VQR,9,9,0.88154984,0.8797053,0.886451,0.8764013,0.0055418494157493,0.0018445253,0.0033040047,0.0049011707
Without quantum attention and VQR,9,9,0.8746258,0.8751496,0.88154984,0.8715485,0.0055418494157493,0.0005238056,0.0036011338,0.006924033
Without quantum attention and VQR,9,9,0.8661246,0.86932296,0.8746258,0.8645739,0.0055418494157493,0.0031983852,0.0047490597,0.008501232
Without quantum attention and VQR,9,9,0.85735464,0.8612538,0.8661246,0.8566824,0.0055418494157493,0.003899157,0.004571378,0.008769929
Without quantum attention and VQR,9,9,0.854717,0.8527764,0.85735464,0.85852975,0.0055418494157493,0.001940608,0.0057533383,0.0026376247
Without quantum attention and VQR,9,9,0.84572226,0.8504378,0.854717,0.8420812,0.0055418494157493,0.004715562,0.008356631,0.008994758
Without quantum attention and VQR,9,9,0.83779526,0.8415866,0.84572226,0.83690023,0.0055418494157493,0.0037913322,0.0046863556,0.0079270005
Without quantum attention and VQR,9,9,0.82661873,0.8335913,0.83779526,0.8241729,0.0055418494157493,0.0069725513,0.009418368,0.011176527
Without quantum attention and VQR,9,9,0.8176615,0.8226499,0.82661873,0.8185275,0.0055418494157493,0.0049883723,0.0041223764,0.008957207
Without quantum attention and VQR,9,9,0.7969155,0.8137422,0.8176615,0.7883405,0.0055418494157493,0.016826749,0.025401711,0.020746052
Without quantum attention and VQR,9,9,0.7757072,0.7930264,0.7969155,0.7712677,0.0055418494157493,0.017319202,0.021758676,0.021208286
Without quantum attention and VQR,9,9,0.768979,0.77245337,0.7757072,0.7787166,0.0055418494157493,0.0034743547,0.006263256,0.0067281723
Without quantum attention and VQR,9,9,0.76502067,0.76575595,0.768979,0.77129984,0.0055418494157493,0.0007352829,0.0055438876,0.0039583445
Without quantum attention and VQR,9,9,0.76620495,0.76188076,0.76502067,0.7712239,0.0055418494157493,0.004324198,0.009343147,0.0011842847
Without quantum attention and VQR,9,9,0.7646782,0.7628461,0.76620495,0.76391375,0.0055418494157493,0.001832068,0.0010676384,0.001526773
Without quantum attention and VQR,9,9,0.7673154,0.761059,0.7646782,0.7711122,0.0055418494157493,0.0062564015,0.010053217,0.0026372075
Without quantum attention and VQR,9,9,0.7639789,0.76352626,0.7673154,0.76222354,0.0055418494157493,0.00045263767,0.0013027191,0.0033364892
Without quantum attention and VQR,9,9,0.75282097,0.76015157,0.7639789,0.745776,0.0055418494157493,0.0073305964,0.014375567,0.01115793
Without quantum attention and VQR,9,9,0.7481179,0.74897295,0.75282097,0.75015444,0.0055418494157493,0.00085502863,0.0011814833,0.004703045
Without quantum attention and VQR,9,9,0.74132943,0.74440145,0.7481179,0.7413376,0.0055418494157493,0.0030720234,0.0030638576,0.006788492
Classical QLSTM gates,9,2,0.88198084,0.8869598,0.89649385,0.8752713,0.0055418494157493,0.004978955,0.011688471,0.014513016
Classical QLSTM gates,9,2,0.87172556,0.87588114,0.88198084,0.87212044,0.0055418494157493,0.004155576,0.0037606955,0.010255277
Classical QLSTM gates,9,2,0.86715025,0.868304,0.87172556,0.87182397,0.0055418494157493,0.0011537671,0.0035199523,0.004575312
Classical QLSTM gates,9,2,0.8670523,0.8592512,0.86715025,0.8723264,0.0055418494157493,0.0078011155,0.013075173,9.793043e-05
Classical QLSTM gates,9,2,0.8654877,0.8586118,0.8670523,0.8657995,0.0055418494157493,0.0068758726,0.0071876645,0.0015646219
Classical QLSTM gates,9,2,0.8620998,0.86353713,0.8654877,0.86035806,0.0055418494157493,0.0014373064,0.0031790733,0.0033878684
Classical QLSTM gates,9,2,0.860077,0.8596727,0.8620998,0.8612825,0.0055418494157493,0.0004042983,0.0016098022,0.0020228028
Classical QLSTM gates,9,2,0.85320187,0.85723454,0.860077,0.85068226,0.0055418494157493,0.0040326715,0.006552279,0.0068751574
Classical QLSTM gates,9,2,0.8461148,0.8483547,0.85320187,0.84458315,0.0055418494157493,0.002239883,0.0037715435,0.007087052
Classical QLSTM gates,9,2,0.84197843,0.8392289,0.8461148,0.8434805,0.0055418494157493,0.0027495027,0.0042515993,0.0041363835
Classical QLSTM gates,9,2,0.8389886,0.83536863,0.84197843,0.8406782,0.0055418494157493,0.003619969,0.0053095818,0.0029898286
Classical QLSTM gates,9,2,0.8298751,0.83315897,0.8389886,0.8257304,0.0055418494157493,0.0032838583,0.0074285865,0.009113491
Classical QLSTM gates,9,2,0.8178124,0.82449067,0.8298751,0.81345356,0.0055418494157493,0.006678283,0.011037111,0.012062728
Classical QLSTM gates,9,2,0.8125281,0.81255907,0.8178124,0.8163983,0.0055418494157493,3.0994415e-05,0.0038392544,0.0052843094
Classical QLSTM gates,9,2,0.80962837,0.8100395,0.8125281,0.81351084,0.0055418494157493,0.00041115284,0.003471315,0.0028997064
Classical QLSTM gates,9,2,0.8125255,0.8072322,0.80962837,0.8176731,0.0055418494157493,0.0052933097,0.010440886,0.0028971434
Classical QLSTM gates,9,2,0.81089014,0.8102808,0.8125255,0.8088941,0.0055418494157493,0.0006093383,0.0013867021,0.0016353726
Classical QLSTM gates,9,2,0.80638695,0.8079962,0.81089014,0.8036141,0.0055418494157493,0.0016092658,0.0043821335,0.0045031905
Classical QLSTM gates,9,2,0.802703,0.8029843,0.80638695,0.8030973,0.0055418494157493,0.00028127432,0.00011301041,0.0036839247
Classical QLSTM gates,9,2,0.8002414,0.79833597,0.802703,0.80167353,0.0055418494157493,0.0019054413,0.003337562,0.0024616122
Classical QLSTM gates,9,2,0.7962754,0.79590076,0.8002414,0.7954083,0.0055418494157493,0.0003746152,0.0004924536,0.0039660335
Classical QLSTM gates,9,2,0.79244745,0.79147005,0.7962754,0.7916841,0.0055418494157493,0.000977397,0.00021404028,0.0038279295
Classical QLSTM gates,9,2,0.7893605,0.78736025,0.79244745,0.7898369,0.0055418494157493,0.0020002723,0.0024766326,0.0030869246
Classical QLSTM gates,9,9,0.8803733,0.87375224,0.8831095,0.8864931,0.0055418494157493,0.0066210628,0.01274085,0.0027362108
Classical QLSTM gates,9,9,0.882756,0.87230784,0.8803733,0.8889019,0.0055418494157493,0.010448158,0.016594052,0.0023826957
Classical QLSTM gates,9,9,0.886451,0.8785573,0.882756,0.8892149,0.0055418494157493,0.0078936815,0.010657549,0.0036950111
Classical QLSTM gates,9,9,0.88154984,0.8837464,0.886451,0.8764013,0.0055418494157493,0.0021965504,0.0073450804,0.0049011707
Classical QLSTM gates,9,9,0.8746258,0.8748821,0.88154984,0.8715485,0.0055418494157493,0.00025629997,0.0033336282,0.006924033
Classical QLSTM gates,9,9,0.8661246,0.8702455,0.8746258,0.8645739,0.0055418494157493,0.004120946,0.0056716204,0.008501232
Classical QLSTM gates,9,9,0.85735464,0.8614582,0.8661246,0.8566824,0.0055418494157493,0.0041035414,0.0047757626,0.008769929
Classical QLSTM gates,9,9,0.854717,0.8523124,0.85735464,0.85852975,0.0055418494157493,0.0024046302,0.0062173605,0.0026376247
Classical QLSTM gates,9,9,0.84572226,0.84961355,0.854717,0.8420812,0.0055418494157493,0.0038912892,0.007532358,0.008994758
Classical QLSTM gates,9,9,0.83779526,0.83960575,0.84572226,0.83690023,0.0055418494157493,0.0018104911,0.0027055144,0.0079270005
Classical QLSTM gates,9,9,0.82661873,0.8305651,0.83779526,0.8241729,0.0055418494157493,0.003946364,0.006392181,0.011176527
Classical QLSTM gates,9,9,0.8176615,0.8207608,0.82661873,0.8185275,0.0055418494157493,0.0030992627,0.0022332668,0.008957207
Classical QLSTM gates,9,9,0.7969155,0.8123626,0.8176615,0.7883405,0.0055418494157493,0.01544714,0.024022102,0.020746052
Classical QLSTM gates,9,9,0.7757072,0.79246384,0.7969155,0.7712677,0.0055418494157493,0.016756654,0.021196127,0.021208286
Classical QLSTM gates,9,9,0.768979,0.774204,0.7757072,0.7787166,0.0055418494157493,0.0052250028,0.004512608,0.0067281723
Classical QLSTM gates,9,9,0.76502067,0.7671969,0.768979,0.77129984,0.0055418494157493,0.0021762252,0.0041029453,0.0039583445
Classical QLSTM gates,9,9,0.76620495,0.7644957,0.76502067,0.7712239,0.0055418494157493,0.0017092824,0.006728232,0.0011842847
Classical QLSTM gates,9,9,0.7646782,0.7657497,0.76620495,0.76391375,0.0055418494157493,0.0010715127,0.0018359423,0.001526773
Classical QLSTM gates,9,9,0.7673154,0.76293683,0.7646782,0.7711122,0.0055418494157493,0.004378557,0.008175373,0.0026372075
Classical QLSTM gates,9,9,0.7639789,0.76590633,0.7673154,0.76222354,0.0055418494157493,0.0019274354,0.0036827922,0.0033364892
Classical QLSTM gates,9,9,0.75282097,0.76255757,0.7639789,0.745776,0.0055418494157493,0.009736598,0.016781569,0.01115793
Classical QLSTM gates,9,9,0.7481179,0.75123966,0.75282097,0.75015444,0.0055418494157493,0.0031217337,0.0010852218,0.004703045
Classical QLSTM gates,9,9,0.74132943,0.74617875,0.7481179,0.7413376,0.0055418494157493,0.0048493147,0.004841149,0.006788492
Classical attention circuits,9,2,0.88198084,0.88763964,0.89649385,0.8752713,0.0055418494157493,0.0056588054,0.012368321,0.014513016
Classical attention circuits,9,2,0.87172556,0.8759221,0.88198084,0.87212044,0.0055418494157493,0.0041965246,0.0038016438,0.010255277
Classical attention circuits,9,2,0.86715025,0.86828613,0.87172556,0.87182397,0.0055418494157493,0.0011358857,0.0035378337,0.004575312
Classical attention circuits,9,2,0.8670523,0.86121917,0.86715025,0.8723264,0.0055418494157493,0.005833149,0.011107206,9.793043e-05
Classical attention circuits,9,2,0.8654877,0.8608675,0.8670523,0.8657995,0.0055418494157493,0.0046201944,0.0049319863,0.0015646219
Classical attention circuits,9,2,0.8620998,0.8642509,0.8654877,0.86035806,0.0055418494157493,0.002151072,0.003892839,0.0033878684
Classical attention circuits,9,2,0.860077,0.86004174,0.8620998,0.8612825,0.0055418494157493,3.528595e-05,0.0012407899,0.0020228028
Classical attention circuits,9,2,0.85320187,0.8580653,0.860077,0.85068226,0.0055418494157493,0.004863441,0.0073830485,0.0068751574
Classical attention circuits,9,2,0.8461148,0.8495117,0.85320187,0.84458315,0.0055418494157493,0.0033968687,0.0049285293,0.007087052
Classical attention circuits,9,2,0.84197843,0.83954895,0.8461148,0.8434805,0.0055418494157493,0.0024294853,0.003931582,0.0041363835
Classical attention circuits,9,2,0.8389886,0.8361207,0.84197843,0.8406782,0.0055418494157493,0.0028678775,0.0045574903,0.0029898286
Classical attention circuits,9,2,0.8298751,0.83347005,0.8389886,0.8257304,0.0055418494157493,0.003594935,0.007739663,0.009113491
Classical attention circuits,9,2,0.8178124,0.8253717,0.8298751,0.81345356,0.0055418494157493,0.0075592995,0.011918128,0.012062728
Classical attention circuits,9,2,0.8125281,0.8125086,0.8178124,0.8163983,0.0055418494157493,1.9490719e-05,0.0038897395,0.0052843094
Classical attention circuits,9,2,0.80962837,0.80951935,0.8125281,0.81351084,0.0055418494157493,0.000109016895,0.0039914846,0.0028997064
Classical attention circuits,9,2,0.8125255,0.8064263,0.80962837,0.8176731,0.0055418494157493,0.006099224,0.0112468,0.0028971434
Classical attention circuits,9,2,0.81089014,0.8088883,0.8125255,0.8088941,0.0055418494157493,0.002001822,5.7816505e-06,0.0016353726
Classical attention circuits,9,2,0.80638695,0.8071678,0.81089014,0.8036141,0.0055418494157493,0.00078088045,0.0035537481,0.0045031905
Classical attention circuits,9,2,0.802703,0.80230224,0.80638695,0.8030973,0.0055418494157493,0.00040078163,0.00079506636,0.0036839247
Classical attention circuits,9,2,0.8002414,0.79844403,0.802703,0.80167353,0.0055418494157493,0.0017973781,0.0032294989,0.0024616122
Classical attention circuits,9,2,0.7962754,0.79618955,0.8002414,0.7954083,0.0055418494157493,8.583069e-05,0.0007812381,0.0039660335
Classical attention circuits,9,2,0.79244745,0.79234135,0.7962754,0.7916841,0.0055418494157493,0.00010609627,0.0006572604,0.0038279295
Classical attention circuits,9,2,0.7893605,0.78821266,0.79244745,0.7898369,0.0055418494157493,0.0011478662,0.0016242266,0.0030869246
Classical attention circuits,9,9,0.8803733,0.8753984,0.8831095,0.8864931,0.0055418494157493,0.0049749017,0.011094689,0.0027362108
Classical attention circuits,9,9,0.882756,0.8733139,0.8803733,0.8889019,0.0055418494157493,0.009442091,0.0155879855,0.0023826957
Classical attention circuits,9,9,0.886451,0.8783342,0.882756,0.8892149,0.0055418494157493,0.008116782,0.010880649,0.0036950111
Classical attention circuits,9,9,0.88154984,0.8840136,0.886451,0.8764013,0.0055418494157493,0.002463758,0.007612288,0.0049011707
Classical attention circuits,9,9,0.8746258,0.8792075,0.88154984,0.8715485,0.0055418494157493,0.00458169,0.007659018,0.006924033
Classical attention circuits,9,9,0.8661246,0.8729999,0.8746258,0.8645739,0.0055418494157493,0.006875336,0.008426011,0.008501232
Classical attention circuits,9,9,0.85735464,0.8632757,0.8661246,0.8566824,0.0055418494157493,0.005921066,0.006593287,0.008769929
Classical attention circuits,9,9,0.854717,0.8542867,0.85735464,0.85852975,0.0055418494157493,0.00043034554,0.004243076,0.0026376247
Classical attention circuits,9,9,0.84572226,0.85121983,0.854717,0.8420812,0.0055418494157493,0.005497575,0.009138644,0.008994758
Classical attention circuits,9,9,0.83779526,0.8412829,0.84572226,0.83690023,0.0055418494157493,0.0034876466,0.00438267,0.0079270005
Classical attention circuits,9,9,0.82661873,0.83099675,0.83779526,0.8241729,0.0055418494157493,0.0043780208,0.0068238378,0.011176527
Classical attention circuits,9,9,0.8176615,0.8210357,0.82661873,0.8185275,0.0055418494157493,0.0033741593,0.0025081635,0.008957207
Classical attention circuits,9,9,0.7969155,0.8129887,0.8176615,0.7883405,0.0055418494157493,0.016073227,0.02464819,0.020746052
Classical attention circuits,9,9,0.7757072,0.7925101,0.7969155,0.7712677,0.0055418494157493,0.016802907,0.02124238,0.021208286
Classical attention circuits,9,9,0.768979,0.7738745,0.7757072,0.7787166,0.0055418494157493,0.0048955083,0.0048421025,0.0067281723
Classical attention circuits,9,9,0.76502067,0.7661713,0.768979,0.77129984,0.0055418494157493,0.0011506081,0.0051285625,0.0039583445
Classical attention circuits,9,9,0.76620495,0.7629408,0.76502067,0.7712239,0.0055418494157493,0.0032641292,0.008283079,0.0011842847
Classical attention circuits,9,9,0.7646782,0.7636646,0.76620495,0.76391375,0.0055418494157493,0.001013577,0.00024914742,0.001526773
Classical attention circuits,9,9,0.7673154,0.7604051,0.7646782,0.7711122,0.0055418494157493,0.0069102645,0.01070708,0.0026372075
Classical attention circuits,9,9,0.7639789,0.76363754,0.7673154,0.76222354,0.0055418494157493,0.0003413558,0.001414001,0.0033364892
Classical attention circuits,9,9,0.75282097,0.76009727,0.7639789,0.745776,0.0055418494157493,0.0072762966,0.014321268,0.01115793
Classical attention circuits,9,9,0.7481179,0.749292,0.75282097,0.75015444,0.0055418494157493,0.0011740923,0.0008624196,0.004703045
Classical attention circuits,9,9,0.74132943,0.74428177,0.7481179,0.7413376,0.0055418494157493,0.0029523373,0.0029441714,0.006788492
Classical VQR circuit,9,2,0.88198084,0.8883236,0.89649385,0.8752713,0.0055418494157493,0.0063427687,0.013052285,0.014513016
Classical VQR circuit,9,2,0.87172556,0.8755988,0.88198084,0.87212044,0.0055418494157493,0.003873229,0.0034783483,0.010255277
Classical VQR circuit,9,2,0.86715025,0.8682779,0.87172556,0.87182397,0.0055418494157493,0.0011276603,0.0035460591,0.004575312
Classical VQR circuit,9,2,0.8670523,0.8605619,0.86715025,0.8723264,0.0055418494157493,0.0064904094,0.011764467,9.793043e-05
Classical VQR circuit,9,2,0.8654877,0.8601294,0.8670523,0.8657995,0.0055418494157493,0.0053582788,0.0056700706,0.0015646219
Classical VQR circuit,9,2,0.8620998,0.8639469,0.8654877,0.86035806,0.0055418494157493,0.0018470883,0.0035888553,0.0033878684
Classical VQR circuit,9,2,0.860077,0.85892504,0.8620998,0.8612825,0.0055418494157493,0.001151979,0.002357483,0.0020228028
Classical VQR circuit,9,2,0.85320187,0.85763294,0.860077,0.85068226,0.0055418494157493,0.004431069,0.0069506764,0.0068751574
Classical VQR circuit,9,2,0.8461148,0.84840643,0.85320187,0.84458315,0.0055418494157493,0.0022916198,0.0038232803,0.007087052
Classical VQR circuit,9,2,0.84197843,0.8390649,0.8461148,0.8434805,0.0055418494157493,0.0029135346,0.0044156313,0.0041363835
Classical VQR circuit,9,2,0.8389886,0.835841,0.84197843,0.8406782,0.0055418494157493,0.003147602,0.004837215,0.0029898286
Classical VQR circuit,9,2,0.8298751,0.83366024,0.8389886,0.8257304,0.0055418494157493,0.0037851334,0.007929862,0.009113491
Classical VQR circuit,9,2,0.8178124,0.8245825,0.8298751,0.81345356,0.0055418494157493,0.006770134,0.011128962,0.012062728
Classical VQR circuit,9,2,0.8125281,0.81251234,0.8178124,0.8163983,0.0055418494157493,1.5735626e-05,0.0038859844,0.0052843094
Classical VQR circuit,9,2,0.80962837,0.80905765,0.8125281,0.81351084,0.0055418494157493,0.0005707145,0.004453182,0.0028997064
Classical VQR circuit,9,2,0.8125255,0.80622387,0.80962837,0.8176731,0.0055418494157493,0.0063016415,0.011449218,0.0028971434
Classical VQR circuit,9,2,0.81089014,0.8090989,0.8125255,0.8088941,0.0055418494157493,0.0017912388,0.00020480156,0.0016353726
Classical VQR circuit,9,2,0.80638695,0.8062181,0.81089014,0.8036141,0.0055418494157493,0.00016885996,0.0026040077,0.0045031905
Classical VQR circuit,9,2,0.802703,0.8019704,0.80638695,0.8030973,0.0055418494157493,0.0007326007,0.0011268854,0.0036839247
Classical VQR circuit,9,2,0.8002414,0.79659706,0.802703,0.80167353,0.0055418494157493,0.0036443472,0.005076468,0.0024616122
Classical VQR circuit,9,2,0.7962754,0.79567236,0.8002414,0.7954083,0.0055418494157493,0.0006030202,0.00026404858,0.0039660335
Classical VQR circuit,9,2,0.79244745,0.79117596,0.7962754,0.7916841,0.0055418494157493,0.0012714863,0.0005081296,0.0038279295
Classical VQR circuit,9,2,0.7893605,0.7890523,0.79244745,0.7898369,0.0055418494157493,0.00030821562,0.00078457594,0.0030869246
Classical VQR circuit,9,9,0.8803733,0.8750838,0.8831095,0.8864931,0.0055418494157493,0.005289495,0.011409283,0.0027362108
Classical VQR circuit,9,9,0.882756,0.87326455,0.8803733,0.8889019,0.0055418494157493,0.009491444,0.015637338,0.0023826957
Classical VQR circuit,9,9,0.886451,0.87984735,0.882756,0.8892149,0.0055418494157493,0.006603658,0.009367526,0.0036950111
Classical VQR circuit,9,9,0.88154984,0.8854119,0.886451,0.8764013,0.0055418494157493,0.003862083,0.009010613,0.0049011707
Classical VQR circuit,9,9,0.8746258,0.8774087,0.88154984,0.8715485,0.0055418494157493,0.0027828813,0.0058602095,0.006924033
Classical VQR circuit,9,9,0.8661246,0.8728605,0.8746258,0.8645739,0.0055418494157493,0.006735921,0.008286595,0.008501232
Classical VQR circuit,9,9,0.85735464,0.86186343,0.8661246,0.8566824,0.0055418494157493,0.0045087934,0.0051810145,0.008769929
Classical VQR circuit,9,9,0.854717,0.85253567,0.85735464,0.85852975,0.0055418494157493,0.0021813512,0.0059940815,0.0026376247
Classical VQR circuit,9,9,0.84572226,0.85077876,0.854717,0.8420812,0.0055418494157493,0.0050565004,0.008697569,0.008994758
Classical VQR circuit,9,9,0.83779526,0.8407629,0.84572226,0.83690023,0.0055418494157493,0.0029676557,0.003862679,0.0079270005
Classical VQR circuit,9,9,0.82661873,0.83141315,0.83779526,0.8241729,0.0055418494157493,0.004794419,0.007240236,0.011176527
Classical VQR circuit,9,9,0.8176615,0.8214742,0.82661873,0.8185275,0.0055418494157493,0.0038126707,0.0029466748,0.008957207
Classical VQR circuit,9,9,0.7969155,0.8120916,0.8176615,0.7883405,0.0055418494157493,0.015176117,0.02375108,0.020746052
Classical VQR circuit,9,9,0.7757072,0.7916821,0.7969155,0.7712677,0.0055418494157493,0.015974939,0.020414412,0.021208286
Classical VQR circuit,9,9,0.768979,0.77480537,0.7757072,0.7787166,0.0055418494157493,0.005826354,0.003911257,0.0067281723
Classical VQR circuit,9,9,0.76502067,0.7685501,0.768979,0.77129984,0.0055418494157493,0.0035294294,0.002749741,0.0039583445
Classical VQR circuit,9,9,0.76620495,0.7646063,0.76502067,0.7712239,0.0055418494157493,0.0015986562,0.0066176057,0.0011842847
Classical VQR circuit,9,9,0.7646782,0.76457894,0.76620495,0.76391375,0.0055418494157493,9.924173e-05,0.00066518784,0.001526773
Classical VQR circuit,9,9,0.7673154,0.7613743,0.7646782,0.7711122,0.0055418494157493,0.005941093,0.009737909,0.0026372075
Classical VQR circuit,9,9,0.7639789,0.7640379,0.7673154,0.76222354,0.0055418494157493,5.90086e-05,0.0018143654,0.0033364892
Classical VQR circuit,9,9,0.75282097,0.76125175,0.7639789,0.745776,0.0055418494157493,0.008430779,0.01547575,0.01115793
Classical VQR circuit,9,9,0.7481179,0.7504894,0.75282097,0.75015444,0.0055418494157493,0.00237149,0.0003349781,0.004703045
Classical VQR circuit,9,9,0.74132943,0.7459158,0.7481179,0.7413376,0.0055418494157493,0.004586339,0.004578173,0.006788492
All circuits classical,9,2,0.88198084,0.8893518,0.89649385,0.8752713,0.0055418494157493,0.007370949,0.014080465,0.014513016
All circuits classical,9,2,0.87172556,0.87540674,0.88198084,0.87212044,0.0055418494157493,0.0036811829,0.003286302,0.010255277
All circuits classical,9,2,0.86715025,0.8656732,0.87172556,0.87182397,0.0055418494157493,0.0014770627,0.006150782,0.004575312
All circuits classical,9,2,0.8670523,0.8604764,0.86715025,0.8723264,0.0055418494157493,0.006575942,0.011849999,9.793043e-05
All circuits classical,9,2,0.8654877,0.86011046,0.8670523,0.8657995,0.0055418494157493,0.005377233,0.005689025,0.0015646219
All circuits classical,9,2,0.8620998,0.86372113,0.8654877,0.86035806,0.0055418494157493,0.001621306,0.0033630729,0.0033878684
All circuits classical,9,2,0.860077,0.8600541,0.8620998,0.8612825,0.0055418494157493,2.2947788e-05,0.0012284517,0.0020228028
All circuits classical,9,2,0.85320187,0.8572566,0.860077,0.85068226,0.0055418494157493,0.004054725,0.0065743327,0.0068751574
All circuits classical,9,2,0.8461148,0.8478505,0.85320187,0.84458315,0.0055418494157493,0.0017356873,0.0032673478,0.007087052
All circuits classical,9,2,0.84197843,0.8387801,0.8461148,0.8434805,0.0055418494157493,0.0031983256,0.0047004223,0.0041363835
All circuits classical,9,2,0.8389886,0.8347484,0.84197843,0.8406782,0.0055418494157493,0.004240215,0.0059298277,0.0029898286
All circuits classical,9,2,0.8298751,0.8333024,0.8389886,0.8257304,0.0055418494157493,0.003427267,0.0075719953,0.009113491
All circuits classical,9,2,0.8178124,0.8243761,0.8298751,0.81345356,0.0055418494157493,0.006563723,0.010922551,0.012062728
All circuits classical,9,2,0.8125281,0.8123312,0.8178124,0.8163983,0.0055418494157493,0.00019687414,0.004067123,0.0052843094
All circuits classical,9,2,0.80962837,0.8098363,0.8125281,0.81351084,0.0055418494157493,0.0002079606,0.0036745071,0.0028997064
All circuits classical,9,2,0.8125255,0.80701196,0.80962837,0.8176731,0.0055418494157493,0.005513549,0.010661125,0.0028971434
All circuits classical,9,2,0.81089014,0.8099273,0.8125255,0.8088941,0.0055418494157493,0.00096285343,0.0010331869,0.0016353726
All circuits classical,9,2,0.80638695,0.8077844,0.81089014,0.8036141,0.0055418494157493,0.0013974309,0.0041702986,0.0045031905
All circuits classical,9,2,0.802703,0.802612,0.80638695,0.8030973,0.0055418494157493,9.101629e-05,0.00048530102,0.0036839247
All circuits classical,9,2,0.8002414,0.79835665,0.802703,0.80167353,0.0055418494157493,0.0018847585,0.0033168793,0.0024616122
All circuits classical,9,2,0.7962754,0.79584646,0.8002414,0.7954083,0.0055418494157493,0.00042891502,0.00043815374,0.0039660335
All circuits classical,9,2,0.79244745,0.79116654,0.7962754,0.7916841,0.0055418494157493,0.0012809038,0.00051754713,0.0038279295
All circuits classical,9,2,0.7893605,0.7872944,0.79244745,0.7898369,0.0055418494157493,0.0020661354,0.0025424957,0.0030869246
All circuits classical,9,9,0.8803733,0.87534577,0.8831095,0.8864931,0.0055418494157493,0.0050275326,0.01114732,0.0027362108
All circuits classical,9,9,0.882756,0.8728741,0.8803733,0.8889019,0.0055418494157493,0.009881914,0.016027808,0.0023826957
All circuits classical,9,9,0.886451,0.87593716,0.882756,0.8892149,0.0055418494157493,0.010513842,0.0132777095,0.0036950111
All circuits classical,9,9,0.88154984,0.8802551,0.886451,0.8764013,0.0055418494157493,0.0012947321,0.003853798,0.0049011707
All circuits classical,9,9,0.8746258,0.87596244,0.88154984,0.8715485,0.0055418494157493,0.0013366342,0.0044139624,0.006924033
All circuits classical,9,9,0.8661246,0.87070704,0.8746258,0.8645739,0.0055418494157493,0.0045824647,0.006133139,0.008501232
All circuits classical,9,9,0.85735464,0.861514,0.8661246,0.8566824,0.0055418494157493,0.0041593313,0.0048315525,0.008769929
All circuits classical,9,9,0.854717,0.852319,0.85735464,0.85852975,0.0055418494157493,0.002398014,0.0062107444,0.0026376247
All circuits classical,9,9,0.84572226,0.84929556,0.854717,0.8420812,0.0055418494157493,0.0035732985,0.0072143674,0.008994758
All circuits classical,9,9,0.83779526,0.83939046,0.84572226,0.83690023,0.0055418494157493,0.0015951991,0.0024902225,0.0079270005
All circuits classical,9,9,0.82661873,0.82973236,0.83779526,0.8241729,0.0055418494157493,0.0031136274,0.0055594444,0.011176527
All circuits classical,9,9,0.8176615,0.8200211,0.82661873,0.8185275,0.0055418494157493,0.002359569,0.0014935732,0.008957207
All circuits classical,9,9,0.7969155,0.8118576,0.8176615,0.7883405,0.0055418494157493,0.01494211,0.023517072,0.020746052
All circuits classical,9,9,0.7757072,0.7920119,0.7969155,0.7712677,0.0055418494157493,0.016304731,0.020744205,0.021208286
All circuits classical,9,9,0.768979,0.77387637,0.7757072,0.7787166,0.0055418494157493,0.004897356,0.004840255,0.0067281723
All circuits classical,9,9,0.76502067,0.7658578,0.768979,0.77129984,0.0055418494157493,0.00083714724,0.0054420233,0.0039583445
All circuits classical,9,9,0.76620495,0.7632938,0.76502067,0.7712239,0.0055418494157493,0.0029111505,0.0079301,0.0011842847
All circuits classical,9,9,0.7646782,0.76412004,0.76620495,0.76391375,0.0055418494157493,0.0005581379,0.00020629168,0.001526773
All circuits classical,9,9,0.7673154,0.7608342,0.7646782,0.7711122,0.0055418494157493,0.0064811707,0.0102779865,0.0026372075
All circuits classical,9,9,0.7639789,0.7637084,0.7673154,0.76222354,0.0055418494157493,0.00027048588,0.0014848709,0.0033364892
All circuits classical,9,9,0.75282097,0.76027924,0.7639789,0.745776,0.0055418494157493,0.0074582696,0.014503241,0.01115793
All circuits classical,9,9,0.7481179,0.74895203,0.75282097,0.75015444,0.0055418494157493,0.0008341074,0.0012024045,0.004703045
All circuits classical,9,9,0.74132943,0.74388677,0.7481179,0.7413376,0.0055418494157493,0.0025573373,0.0025491714,0.006788492
Persistence,10,6,0.88975173,0.89517194,0.89517194,0.8901097,0.0055190431885421,0.005420208,0.0050622225,0.005420208
Persistence,10,6,0.8844058,0.88975173,0.88975173,0.8845384,0.0055190431885421,0.0053459406,0.0052133203,0.0053459406
Persistence,10,6,0.8796831,0.8844058,0.8844058,0.88003206,0.0055190431885421,0.0047227144,0.004373729,0.0047227144
Persistence,10,6,0.8685219,0.8796831,0.8796831,0.86393785,0.0055190431885421,0.011161149,0.015745223,0.011161149
Persistence,10,6,0.85531336,0.8685219,0.8685219,0.85191804,0.0055190431885421,0.013208568,0.016603887,0.013208568
Persistence,10,6,0.84527916,0.85531336,0.85531336,0.84655106,0.0055190431885421,0.0100342035,0.0087623,0.0100342035
Persistence,10,6,0.8381722,0.84527916,0.84527916,0.8410362,0.0055190431885421,0.00710696,0.0042429566,0.00710696
Persistence,10,6,0.83072233,0.8381722,0.8381722,0.8311087,0.0055190431885421,0.0074498653,0.007063508,0.0074498653
Persistence,10,6,0.8255949,0.83072233,0.83072233,0.826916,0.0055190431885421,0.00512743,0.0038063526,0.00512743
Persistence,10,6,0.8189723,0.8255949,0.8255949,0.8187067,0.0055190431885421,0.0066226125,0.006888211,0.0066226125
Persistence,10,6,0.81530386,0.8189723,0.8189723,0.8177571,0.0055190431885421,0.0036684275,0.0012151599,0.0036684275
Persistence,10,6,0.8170719,0.81530386,0.81530386,0.82221174,0.0055190431885421,0.0017680526,0.0069078803,0.0017680526
Persistence,10,6,0.81581235,0.8170719,0.8170719,0.8154538,0.0055190431885421,0.0012595654,0.0016180873,0.0012595654
Persistence,10,6,0.8110964,0.81581235,0.81581235,0.80811554,0.0055190431885421,0.004715979,0.0076968074,0.004715979
Persistence,10,6,0.8082009,0.8110964,0.8110964,0.80867493,0.0055190431885421,0.0028954744,0.0024214387,0.0028954744
Persistence,10,6,0.81034005,0.8082009,0.8082009,0.8150423,0.0055190431885421,0.002139151,0.006841421,0.002139151
Persistence,10,6,0.80829453,0.81034005,0.81034005,0.8069653,0.0055190431885421,0.0020455122,0.0033747554,0.0020455122
Persistence,10,6,0.80186325,0.80829453,0.80829453,0.7971569,0.0055190431885421,0.0064312816,0.011137664,0.0064312816
Persistence,10,6,0.7943854,0.80186325,0.80186325,0.7919337,0.0055190431885421,0.0074778795,0.009929538,0.0074778795
Persistence,10,6,0.7884783,0.7943854,0.7943854,0.78955144,0.0055190431885421,0.0059070587,0.0048339367,0.0059070587
Persistence,10,6,0.79125845,0.7884783,0.7884783,0.7982195,0.0055190431885421,0.0027801394,0.009741187,0.0027801394
Persistence,10,6,0.7911631,0.79125845,0.79125845,0.7910288,0.0055190431885421,9.536743e-05,0.0002296567,9.536743e-05
Persistence,10,6,0.7923482,0.7911631,0.7911631,0.79262084,0.0055190431885421,0.0011851192,0.0014577508,0.0011851192
Persistence,10,15,0.8717196,0.88120705,0.88120705,0.8724049,0.0055190431885421,0.00948745,0.0088021755,0.00948745
Persistence,10,15,0.8680467,0.8717196,0.8717196,0.87314415,0.0055190431885421,0.0036728978,0.001424551,0.0036728978
Persistence,10,15,0.86082107,0.8680467,0.8680467,0.85962033,0.0055190431885421,0.0072256327,0.008426368,0.0072256327
Persistence,10,15,0.85357535,0.86082107,0.86082107,0.85267913,0.0055190431885421,0.0072457194,0.008141935,0.0072457194
Persistence,10,15,0.84735775,0.85357535,0.85357535,0.84834564,0.0055190431885421,0.006217599,0.0052297115,0.006217599
Persistence,10,15,0.84049565,0.84735775,0.84735775,0.8407997,0.0055190431885421,0.006862104,0.0065580606,0.006862104
Persistence,10,15,0.8387064,0.84049565,0.84049565,0.84251374,0.0055190431885421,0.0017892718,0.002018094,0.0017892718
Persistence,10,15,0.8392511,0.8387064,0.8387064,0.8422961,0.0055190431885421,0.00054472685,0.0035897493,0.00054472685
Persistence,10,15,0.838258,0.8392511,0.8392511,0.8382839,0.0055190431885421,0.000993073,0.00096720457,0.000993073
Persistence,10,15,0.83637214,0.838258,0.838258,0.8357488,0.0055190431885421,0.001885891,0.0025092363,0.001885891
Persistence,10,15,0.8346101,0.83637214,0.83637214,0.8347425,0.0055190431885421,0.0017620325,0.0016296506,0.0017620325
Persistence,10,15,0.83088505,0.8346101,0.8346101,0.8298506,0.0055190431885421,0.0037250519,0.0047594905,0.0037250519
Persistence,10,15,0.8209634,0.83088505,0.83088505,0.81573904,0.0055190431885421,0.00992167,0.015146017,0.00992167
Persistence,10,15,0.8123464,0.8209634,0.8209634,0.8110497,0.0055190431885421,0.008616984,0.009913683,0.008616984
Persistence,10,15,0.8086857,0.8123464,0.8123464,0.8123055,0.0055190431885421,0.0036606789,4.0888786e-05,0.0036606789
Persistence,10,15,0.8055827,0.8086857,0.8086857,0.8074114,0.0055190431885421,0.0031030178,0.0012743473,0.0031030178
Persistence,10,15,0.8031753,0.8055827,0.8055827,0.80365896,0.0055190431885421,0.0024074316,0.0019237399,0.0024074316
Persistence,10,15,0.8008719,0.8031753,0.8031753,0.80093294,0.0055190431885421,0.002303362,0.0022423267,0.002303362
Persistence,10,15,0.79290617,0.8008719,0.8008719,0.7892152,0.0055190431885421,0.007965744,0.011656702,0.007965744
Persistence,10,15,0.78966856,0.79290617,0.79290617,0.7919648,0.0055190431885421,0.003237605,0.00094133615,0.003237605
Full model,10,6,0.88975173,0.88710237,0.89517194,0.8901097,0.0055190431885421,0.0026493669,0.0030073524,0.005420208
Full model,10,6,0.8844058,0.8830781,0.88975173,0.8845384,0.0055190431885421,0.0013276935,0.0014603138,0.0053459406
Full model,10,6,0.8796831,0.88082314,0.8844058,0.88003206,0.0055190431885421,0.001140058,0.00079107285,0.0047227144
Full model,10,6,0.8685219,0.87580127,0.8796831,0.86393785,0.0055190431885421,0.0072793365,0.0118634105,0.011161149
Full model,10,6,0.85531336,0.86304975,0.8685219,0.85191804,0.0055190431885421,0.007736385,0.011131704,0.013208568
Full model,10,6,0.84527916,0.85204065,0.85531336,0.84655106,0.0055190431885421,0.0067614913,0.005489588,0.0100342035
Full model,10,6,0.8381722,0.84001684,0.84527916,0.8410362,0.0055190431885421,0.0018446445,0.0010193586,0.00710696
Full model,10,6,0.83072233,0.8323812,0.8381722,0.8311087,0.0055190431885421,0.0016588569,0.0012724996,0.0074498653
Full model,10,6,0.8255949,0.82474965,0.83072233,0.826916,0.0055190431885421,0.00084525347,0.0021663308,0.00512743
Full model,10,6,0.8189723,0.82032526,0.8255949,0.8187067,0.0055190431885421,0.0013529658,0.0016185641,0.0066226125
Full model,10,6,0.81530386,0.8134244,0.8189723,0.8177571,0.0055190431885421,0.0018794537,0.0043327212,0.0036684275
Full model,10,6,0.8170719,0.8111726,0.81530386,0.82221174,0.0055190431885421,0.00589931,0.011039138,0.0017680526
Full model,10,6,0.81581235,0.8122013,0.8170719,0.8154538,0.0055190431885421,0.0036110282,0.0032525063,0.0012595654
Full model,10,6,0.8110964,0.8116286,0.81581235,0.80811554,0.0055190431885421,0.0005322099,0.0035130382,0.004715979
Full model,10,6,0.8082009,0.8076368,0.8110964,0.80867493,0.0055190431885421,0.00056409836,0.0010381341,0.0028954744
Full model,10,6,0.81034005,0.8040926,0.8082009,0.8150423,0.0055190431885421,0.006247461,0.010949731,0.002139151
Full model,10,6,0.80829453,0.8058189,0.81034005,0.8069653,0.0055190431885421,0.0024756193,0.0011463761,0.0020455122
Full model,10,6,0.80186325,0.8046202,0.80829453,0.7971569,0.0055190431885421,0.0027569532,0.007463336,0.0064312816
Full model,10,6,0.7943854,0.7978267,0.80186325,0.7919337,0.0055190431885421,0.0034413338,0.005892992,0.0074778795
Full model,10,6,0.7884783,0.78992844,0.7943854,0.78955144,0.0055190431885421,0.0014501214,0.00037699938,0.0059070587
Full model,10,6,0.79125845,0.7840955,0.7884783,0.7982195,0.0055190431885421,0.0071629286,0.014123976,0.0027801394
Full model,10,6,0.7911631,0.7856967,0.79125845,0.7910288,0.0055190431885421,0.0054664016,0.0053321123,9.536743e-05
Full model,10,6,0.7923482,0.78660136,0.7911631,0.79262084,0.0055190431885421,0.0057468414,0.006019473,0.0011851192
Full model,10,15,0.8717196,0.87366694,0.88120705,0.8724049,0.0055190431885421,0.0019473433,0.0012620687,0.00948745
Full model,10,15,0.8680467,0.86556983,0.8717196,0.87314415,0.0055190431885421,0.002476871,0.00757432,0.0036728978
Full model,10,15,0.86082107,0.86259353,0.8680467,0.85962033,0.0055190431885421,0.0017724633,0.002973199,0.0072256327
Full model,10,15,0.85357535,0.8552422,0.86082107,0.85267913,0.0055190431885421,0.0016668439,0.0025630593,0.0072457194
Full model,10,15,0.84735775,0.84837997,0.85357535,0.84834564,0.0055190431885421,0.0010222197,3.4332275e-05,0.006217599
Full model,10,15,0.84049565,0.8441173,0.84735775,0.8407997,0.0055190431885421,0.0036216378,0.0033175945,0.006862104
Full model,10,15,0.8387064,0.83594865,0.84049565,0.84251374,0.0055190431885421,0.002757728,0.006565094,0.0017892718
Full model,10,15,0.8392511,0.833831,0.8387064,0.8422961,0.0055190431885421,0.005420089,0.008465111,0.00054472685
Full model,10,15,0.838258,0.8332485,0.8392511,0.8382839,0.0055190431885421,0.005009532,0.0050354004,0.000993073
Full model,10,15,0.83637214,0.8326891,0.838258,0.8357488,0.0055190431885421,0.0036830306,0.0030596852,0.001885891
Full model,10,15,0.8346101,0.82970905,0.83637214,0.8347425,0.0055190431885421,0.0049010515,0.0050334334,0.0017620325
Full model,10,15,0.83088505,0.8288639,0.8346101,0.8298506,0.0055190431885421,0.002021134,0.0009866953,0.0037250519
Full model,10,15,0.8209634,0.8254139,0.83088505,0.81573904,0.0055190431885421,0.0044505,0.009674847,0.00992167
Full model,10,15,0.8123464,0.81660193,0.8209634,0.8110497,0.0055190431885421,0.004255533,0.0055522323,0.008616984
Full model,10,15,0.8086857,0.8089873,0.8123464,0.8123055,0.0055190431885421,0.0003015995,0.0033181906,0.0036606789
Full model,10,15,0.8055827,0.8049018,0.8086857,0.8074114,0.0055190431885421,0.00068092346,0.002509594,0.0031030178
Full model,10,15,0.8031753,0.8027345,0.8055827,0.80365896,0.0055190431885421,0.00044077635,0.00092446804,0.0024074316
Full model,10,15,0.8008719,0.7995585,0.8031753,0.80093294,0.0055190431885421,0.0013133883,0.0013744235,0.002303362
Full model,10,15,0.79290617,0.79687166,0.8008719,0.7892152,0.0055190431885421,0.003965497,0.007656455,0.007965744
Full model,10,15,0.78966856,0.7887823,0.79290617,0.7919648,0.0055190431885421,0.00088626146,0.0031825304,0.003237605
Without quantum attention,10,6,0.88975173,0.8874539,0.89517194,0.8901097,0.0055190431885421,0.0022978187,0.0026558042,0.005420208
Without quantum attention,10,6,0.8844058,0.8827548,0.88975173,0.8845384,0.0055190431885421,0.001650989,0.0017836094,0.0053459406
Without quantum attention,10,6,0.8796831,0.8788194,0.8844058,0.88003206,0.0055190431885421,0.0008636713,0.0012126565,0.0047227144
Without quantum attention,10,6,0.8685219,0.87517273,0.8796831,0.86393785,0.0055190431885421,0.0066508055,0.0112348795,0.011161149
Without quantum attention,10,6,0.85531336,0.86499256,0.8685219,0.85191804,0.0055190431885421,0.009679198,0.013074517,0.013208568
Without quantum attention,10,6,0.84527916,0.8520055,0.85531336,0.84655106,0.0055190431885421,0.0067263246,0.005454421,0.0100342035
Without quantum attention,10,6,0.8381722,0.8408699,0.84527916,0.8410362,0.0055190431885421,0.0026977062,0.00016629696,0.00710696
Without quantum attention,10,6,0.83072233,0.83300734,0.8381722,0.8311087,0.0055190431885421,0.0022850037,0.0018986464,0.0074498653
Without quantum attention,10,6,0.8255949,0.8249888,0.83072233,0.826916,0.0055190431885421,0.00060611963,0.001927197,0.00512743
Without quantum attention,10,6,0.8189723,0.819524,0.8255949,0.8187067,0.0055190431885421,0.0005517006,0.0008172989,0.0066226125
Without quantum attention,10,6,0.81530386,0.8122004,0.8189723,0.8177571,0.0055190431885421,0.003103435,0.0055567026,0.0036684275
Without quantum attention,10,6,0.8170719,0.80891234,0.81530386,0.82221174,0.0055190431885421,0.008159578,0.013299406,0.0017680526
Without quantum attention,10,6,0.81581235,0.8103059,0.8170719,0.8154538,0.0055190431885421,0.005506456,0.005147934,0.0012595654
Without quantum attention,10,6,0.8110964,0.8095927,0.81581235,0.80811554,0.0055190431885421,0.0015036464,0.0014771819,0.004715979
Without quantum attention,10,6,0.8082009,0.80639064,0.8110964,0.80867493,0.0055190431885421,0.0018102527,0.0022842884,0.0028954744
Without quantum attention,10,6,0.81034005,0.80365175,0.8082009,0.8150423,0.0055190431885421,0.006688297,0.011390567,0.002139151
Without quantum attention,10,6,0.80829453,0.80596745,0.81034005,0.8069653,0.0055190431885421,0.0023270845,0.0009978414,0.0020455122
Without quantum attention,10,6,0.80186325,0.80533344,0.80829453,0.7971569,0.0055190431885421,0.0034701824,0.008176565,0.0064312816
Without quantum attention,10,6,0.7943854,0.7983232,0.80186325,0.7919337,0.0055190431885421,0.0039378405,0.0063894987,0.0074778795
Without quantum attention,10,6,0.7884783,0.790551,0.7943854,0.78955144,0.0055190431885421,0.002072692,0.0009995699,0.0059070587
Without quantum attention,10,6,0.79125845,0.78383297,0.7884783,0.7982195,0.0055190431885421,0.007425487,0.014386535,0.0027801394
Without quantum attention,10,6,0.7911631,0.78595364,0.79125845,0.7910288,0.0055190431885421,0.005209446,0.0050751567,9.536743e-05
Without quantum attention,10,6,0.7923482,0.78577185,0.7911631,0.79262084,0.0055190431885421,0.0065763593,0.006848991,0.0011851192
Without quantum attention,10,15,0.8717196,0.87508506,0.88120705,0.8724049,0.0055190431885421,0.003365457,0.0026801825,0.00948745
Without quantum attention,10,15,0.8680467,0.8659575,0.8717196,0.87314415,0.0055190431885421,0.0020892024,0.007186651,0.0036728978
Without quantum attention,10,15,0.86082107,0.86186314,0.8680467,0.85962033,0.0055190431885421,0.001042068,0.0022428036,0.0072256327
Without quantum attention,10,15,0.85357535,0.8547862,0.86082107,0.85267913,0.0055190431885421,0.0012108684,0.0021070838,0.0072457194
Without quantum attention,10,15,0.84735775,0.84738094,0.85357535,0.84834564,0.0055190431885421,2.3186207e-05,0.0009647012,0.006217599
Without quantum attention,10,15,0.84049565,0.84384423,0.84735775,0.8407997,0.0055190431885421,0.003348589,0.0030445457,0.006862104
Without quantum attention,10,15,0.8387064,0.83666784,0.84049565,0.84251374,0.0055190431885421,0.0020385385,0.0058459044,0.0017892718
Without quantum attention,10,15,0.8392511,0.833934,0.8387064,0.8422961,0.0055190431885421,0.005317092,0.008362114,0.00054472685
Without quantum attention,10,15,0.838258,0.83349305,0.8392511,0.8382839,0.0055190431885421,0.004764974,0.0047908425,0.000993073
Without quantum attention,10,15,0.83637214,0.8319404,0.838258,0.8357488,0.0055190431885421,0.0044317245,0.0038083792,0.001885891
Without quantum attention,10,15,0.8346101,0.82904327,0.83637214,0.8347425,0.0055190431885421,0.0055668354,0.0056992173,0.0017620325
Without quantum attention,10,15,0.83088505,0.8280733,0.8346101,0.8298506,0.0055190431885421,0.00281173,0.0017772913,0.0037250519
Without quantum attention,10,15,0.8209634,0.8241167,0.83088505,0.81573904,0.0055190431885421,0.0031533241,0.008377671,0.00992167
Without quantum attention,10,15,0.8123464,0.8156448,0.8209634,0.8110497,0.0055190431885421,0.0032984018,0.004595101,0.008616984
Without quantum attention,10,15,0.8086857,0.80858934,0.8123464,0.8123055,0.0055190431885421,9.638071e-05,0.0037161708,0.0036606789
Without quantum attention,10,15,0.8055827,0.8048514,0.8086857,0.8074114,0.0055190431885421,0.0007312894,0.00255996,0.0031030178
Without quantum attention,10,15,0.8031753,0.8033903,0.8055827,0.80365896,0.0055190431885421,0.00021505356,0.00026863813,0.0024074316
Without quantum attention,10,15,0.8008719,0.8007983,0.8031753,0.80093294,0.0055190431885421,7.3611736e-05,0.00013464689,0.002303362
Without quantum attention,10,15,0.79290617,0.7971139,0.8008719,0.7892152,0.0055190431885421,0.0042077303,0.007898688,0.007965744
Without quantum attention,10,15,0.78966856,0.7882466,0.79290617,0.7919648,0.0055190431885421,0.001421988,0.003718257,0.003237605
Without VQR,10,6,0.88975173,0.8867348,0.89517194,0.8901097,0.0055190431885421,0.0030169487,0.0033749342,0.005420208
Without VQR,10,6,0.8844058,0.8828301,0.88975173,0.8845384,0.0055190431885421,0.0015757084,0.0017083287,0.0053459406
Without VQR,10,6,0.8796831,0.87858915,0.8844058,0.88003206,0.0055190431885421,0.001093924,0.0014429092,0.0047227144
Without VQR,10,6,0.8685219,0.8746305,0.8796831,0.86393785,0.0055190431885421,0.006108582,0.010692656,0.011161149
Without VQR,10,6,0.85531336,0.86346,0.8685219,0.85191804,0.0055190431885421,0.008146644,0.011541963,0.013208568
Without VQR,10,6,0.84527916,0.8511955,0.85531336,0.84655106,0.0055190431885421,0.005916357,0.0046444535,0.0100342035
Without VQR,10,6,0.8381722,0.84109825,0.84527916,0.8410362,0.0055190431885421,0.0029260516,6.2048435e-05,0.00710696
Without VQR,10,6,0.83072233,0.8338759,0.8381722,0.8311087,0.0055190431885421,0.0031535625,0.0027672052,0.0074498653
Without VQR,10,6,0.8255949,0.825517,0.83072233,0.826916,0.0055190431885421,7.790327e-05,0.0013989806,0.00512743
Without VQR,10,6,0.8189723,0.81986874,0.8255949,0.8187067,0.0055190431885421,0.00089645386,0.0011620522,0.0066226125
Without VQR,10,6,0.81530386,0.81288797,0.8189723,0.8177571,0.0055190431885421,0.0024158955,0.004869163,0.0036684275
Without VQR,10,6,0.8170719,0.8090519,0.81530386,0.82221174,0.0055190431885421,0.008020043,0.013159871,0.0017680526
Without VQR,10,6,0.81581235,0.81152755,0.8170719,0.8154538,0.0055190431885421,0.004284799,0.003926277,0.0012595654
Without VQR,10,6,0.8110964,0.8109523,0.81581235,0.80811554,0.0055190431885421,0.00014406443,0.0028367639,0.004715979
Without VQR,10,6,0.8082009,0.806898,0.8110964,0.80867493,0.0055190431885421,0.0013028979,0.0017769337,0.0028954744
Without VQR,10,6,0.81034005,0.8045208,0.8082009,0.8150423,0.0055190431885421,0.005819261,0.010521531,0.002139151
Without VQR,10,6,0.80829453,0.8065571,0.81034005,0.8069653,0.0055190431885421,0.0017374158,0.0004081726,0.0020455122
Without VQR,10,6,0.80186325,0.80502164,0.80829453,0.7971569,0.0055190431885421,0.0031583905,0.007864773,0.0064312816
Without VQR,10,6,0.7943854,0.7971286,0.80186325,0.7919337,0.0055190431885421,0.0027432442,0.0051949024,0.0074778795
Without VQR,10,6,0.7884783,0.7903738,0.7943854,0.78955144,0.0055190431885421,0.0018954873,0.0008223653,0.0059070587
Without VQR,10,6,0.79125845,0.78373045,0.7884783,0.7982195,0.0055190431885421,0.007528007,0.014489055,0.0027801394
Without VQR,10,6,0.7911631,0.7875354,0.79125845,0.7910288,0.0055190431885421,0.003627658,0.0034933686,9.536743e-05
Without VQR,10,6,0.7923482,0.78602463,0.7911631,0.79262084,0.0055190431885421,0.006323576,0.0065962076,0.0011851192
Without VQR,10,15,0.8717196,0.87257975,0.88120705,0.8724049,0.0055190431885421,0.0008601546,0.00017488003,0.00948745
Without VQR,10,15,0.8680467,0.8647453,0.8717196,0.87314415,0.0055190431885421,0.003301382,0.008398831,0.0036728978
Without VQR,10,15,0.86082107,0.86180216,0.8680467,0.85962033,0.0055190431885421,0.0009810925,0.002181828,0.0072256327
Without VQR,10,15,0.85357535,0.8551969,0.86082107,0.85267913,0.0055190431885421,0.0016215444,0.0025177598,0.0072457194
Without VQR,10,15,0.84735775,0.848368,0.85357535,0.84834564,0.0055190431885421,0.0010102391,2.2351742e-05,0.006217599
Without VQR,10,15,0.84049565,0.8436816,0.84735775,0.8407997,0.0055190431885421,0.0031859279,0.0028818846,0.006862104
Without VQR,10,15,0.8387064,0.83690184,0.84049565,0.84251374,0.0055190431885421,0.0018045306,0.0056118965,0.0017892718
Without VQR,10,15,0.8392511,0.83482,0.8387064,0.8422961,0.0055190431885421,0.0044311285,0.007476151,0.00054472685
Without VQR,10,15,0.838258,0.8338823,0.8392511,0.8382839,0.0055190431885421,0.004375756,0.004401624,0.000993073
Without VQR,10,15,0.83637214,0.83207506,0.838258,0.8357488,0.0055190431885421,0.0042970777,0.0036737323,0.001885891
Without VQR,10,15,0.8346101,0.82975644,0.83637214,0.8347425,0.0055190431885421,0.004853666,0.0049860477,0.0017620325
Without VQR,10,15,0.83088505,0.82768744,0.8346101,0.8298506,0.0055190431885421,0.0031976104,0.0021631718,0.0037250519
Without VQR,10,15,0.8209634,0.8243974,0.83088505,0.81573904,0.0055190431885421,0.0034340024,0.0086583495,0.00992167
Without VQR,10,15,0.8123464,0.8156137,0.8209634,0.8110497,0.0055190431885421,0.0032672882,0.0045639873,0.008616984
Without VQR,10,15,0.8086857,0.8078344,0.8123464,0.8123055,0.0055190431885421,0.00085133314,0.004471123,0.0036606789
Without VQR,10,15,0.8055827,0.8047806,0.8086857,0.8074114,0.0055190431885421,0.0008020997,0.0026307702,0.0031030178
Without VQR,10,15,0.8031753,0.8022226,0.8055827,0.80365896,0.0055190431885421,0.00095266104,0.0014363527,0.0024074316
Without VQR,10,15,0.8008719,0.79892474,0.8031753,0.80093294,0.0055190431885421,0.0019471645,0.0020081997,0.002303362
Without VQR,10,15,0.79290617,0.79709125,0.8008719,0.7892152,0.0055190431885421,0.0041850805,0.007876039,0.007965744
Without VQR,10,15,0.78966856,0.7873417,0.79290617,0.7919648,0.0055190431885421,0.0023268461,0.004623115,0.003237605
Without quantum attention and VQR,10,6,0.88975173,0.8871612,0.89517194,0.8901097,0.0055190431885421,0.002590537,0.0029485226,0.005420208
Without quantum attention and VQR,10,6,0.8844058,0.8825143,0.88975173,0.8845384,0.0055190431885421,0.0018914938,0.0020241141,0.0053459406
Without quantum attention and VQR,10,6,0.8796831,0.8783743,0.8844058,0.88003206,0.0055190431885421,0.0013087988,0.001657784,0.0047227144
Without quantum attention and VQR,10,6,0.8685219,0.87441474,0.8796831,0.86393785,0.0055190431885421,0.005892813,0.010476887,0.011161149
Without quantum attention and VQR,10,6,0.85531336,0.86414677,0.8685219,0.85191804,0.0055190431885421,0.008833408,0.012228727,0.013208568
Without quantum attention and VQR,10,6,0.84527916,0.8519773,0.85531336,0.84655106,0.0055190431885421,0.0066981316,0.005426228,0.0100342035
Without quantum attention and VQR,10,6,0.8381722,0.8411408,0.84527916,0.8410362,0.0055190431885421,0.0029686093,0.00010460615,0.00710696
Without quantum attention and VQR,10,6,0.83072233,0.8332183,0.8381722,0.8311087,0.0055190431885421,0.0024959445,0.0021095872,0.0074498653
Without quantum attention and VQR,10,6,0.8255949,0.8251553,0.83072233,0.826916,0.0055190431885421,0.00043958426,0.0017606616,0.00512743
Without quantum attention and VQR,10,6,0.8189723,0.819465,0.8255949,0.8187067,0.0055190431885421,0.000492692,0.0007582903,0.0066226125
Without quantum attention and VQR,10,6,0.81530386,0.8121868,0.8189723,0.8177571,0.0055190431885421,0.0031170845,0.005570352,0.0036684275
Without quantum attention and VQR,10,6,0.8170719,0.80818075,0.81530386,0.82221174,0.0055190431885421,0.008891165,0.014030993,0.0017680526
Without quantum attention and VQR,10,6,0.81581235,0.80967844,0.8170719,0.8154538,0.0055190431885421,0.006133914,0.005775392,0.0012595654
Without quantum attention and VQR,10,6,0.8110964,0.8092573,0.81581235,0.80811554,0.0055190431885421,0.0018390417,0.0011417866,0.004715979
Without quantum attention and VQR,10,6,0.8082009,0.80657434,0.8110964,0.80867493,0.0055190431885421,0.0016265512,0.002100587,0.0028954744
Without quantum attention and VQR,10,6,0.81034005,0.8043632,0.8082009,0.8150423,0.0055190431885421,0.0059768558,0.010679126,0.002139151
Without quantum attention and VQR,10,6,0.80829453,0.80687004,0.81034005,0.8069653,0.0055190431885421,0.0014244914,9.524822e-05,0.0020455122
Without quantum attention and VQR,10,6,0.80186325,0.8060052,0.80829453,0.7971569,0.0055190431885421,0.0041419268,0.0088483095,0.0064312816
Without quantum attention and VQR,10,6,0.7943854,0.79794466,0.80186325,0.7919337,0.0055190431885421,0.0035592914,0.0060109496,0.0074778795
Without quantum attention and VQR,10,6,0.7884783,0.79062384,0.7943854,0.78955144,0.0055190431885421,0.0021455288,0.0010724068,0.0059070587
Without quantum attention and VQR,10,6,0.79125845,0.7836818,0.7884783,0.7982195,0.0055190431885421,0.0075766444,0.014537692,0.0027801394
Without quantum attention and VQR,10,6,0.7911631,0.7864379,0.79125845,0.7910288,0.0055190431885421,0.004725158,0.004590869,9.536743e-05
Without quantum attention and VQR,10,6,0.7923482,0.7857259,0.7911631,0.79262084,0.0055190431885421,0.0066223145,0.006894946,0.0011851192
Without quantum attention and VQR,10,15,0.8717196,0.87442654,0.88120705,0.8724049,0.0055190431885421,0.002706945,0.0020216703,0.00948745
Without quantum attention and VQR,10,15,0.8680467,0.8658026,0.8717196,0.87314415,0.0055190431885421,0.0022441149,0.0073415637,0.0036728978
Without quantum attention and VQR,10,15,0.86082107,0.86210597,0.8680467,0.85962033,0.0055190431885421,0.0012848973,0.002485633,0.0072256327
Without quantum attention and VQR,10,15,0.85357535,0.85513353,0.86082107,0.85267913,0.0055190431885421,0.0015581846,0.0024544,0.0072457194
Without quantum attention and VQR,10,15,0.84735775,0.8481385,0.85357535,0.84834564,0.0055190431885421,0.00078076124,0.00020712614,0.006217599
Without quantum attention and VQR,10,15,0.84049565,0.84454596,0.84735775,0.8407997,0.0055190431885421,0.0040503144,0.0037462711,0.006862104
Without quantum attention and VQR,10,15,0.8387064,0.8371245,0.84049565,0.84251374,0.0055190431885421,0.0015818477,0.0053892136,0.0017892718
Without quantum attention and VQR,10,15,0.8392511,0.83397454,0.8387064,0.8422961,0.0055190431885421,0.005276561,0.008321583,0.00054472685
Without quantum attention and VQR,10,15,0.838258,0.8335963,0.8392511,0.8382839,0.0055190431885421,0.004661739,0.0046876073,0.000993073
Without quantum attention and VQR,10,15,0.83637214,0.8318195,0.838258,0.8357488,0.0055190431885421,0.0045526624,0.003929317,0.001885891
Without quantum attention and VQR,10,15,0.8346101,0.8293698,0.83637214,0.8347425,0.0055190431885421,0.005240321,0.005372703,0.0017620325
Without quantum attention and VQR,10,15,0.83088505,0.8283836,0.8346101,0.8298506,0.0055190431885421,0.0025014281,0.0014669895,0.0037250519
Without quantum attention and VQR,10,15,0.8209634,0.8241722,0.83088505,0.81573904,0.0055190431885421,0.003208816,0.008433163,0.00992167
Without quantum attention and VQR,10,15,0.8123464,0.81548506,0.8209634,0.8110497,0.0055190431885421,0.0031386614,0.0044353604,0.008616984
Without quantum attention and VQR,10,15,0.8086857,0.80857474,0.8123464,0.8123055,0.0055190431885421,0.00011098385,0.003730774,0.0036606789
Without quantum attention and VQR,10,15,0.8055827,0.80491126,0.8086857,0.8074114,0.0055190431885421,0.0006714463,0.0025001168,0.0031030178
Without quantum attention and VQR,10,15,0.8031753,0.80236155,0.8055827,0.80365896,0.0055190431885421,0.0008137226,0.0012974143,0.0024074316
Without quantum attention and VQR,10,15,0.8008719,0.800217,0.8031753,0.80093294,0.0055190431885421,0.00065493584,0.000715971,0.002303362
Without quantum attention and VQR,10,15,0.79290617,0.7968755,0.8008719,0.7892152,0.0055190431885421,0.0039693117,0.0076602697,0.007965744
Without quantum attention and VQR,10,15,0.78966856,0.7877124,0.79290617,0.7919648,0.0055190431885421,0.0019561648,0.004252434,0.003237605
Classical QLSTM gates,10,6,0.88975173,0.8876017,0.89517194,0.8901097,0.0055190431885421,0.0021500587,0.0025080442,0.005420208
Classical QLSTM gates,10,6,0.8844058,0.8839417,0.88975173,0.8845384,0.0055190431885421,0.00046408176,0.0005967021,0.0053459406
Classical QLSTM gates,10,6,0.8796831,0.8796524,0.8844058,0.88003206,0.0055190431885421,3.0696392e-05,0.0003796816,0.0047227144
Classical QLSTM gates,10,6,0.8685219,0.87463397,0.8796831,0.86393785,0.0055190431885421,0.006112039,0.010696113,0.011161149
Classical QLSTM gates,10,6,0.85531336,0.86296546,0.8685219,0.85191804,0.0055190431885421,0.007652104,0.011047423,0.013208568
Classical QLSTM gates,10,6,0.84527916,0.8523452,0.85531336,0.84655106,0.0055190431885421,0.007066071,0.0057941675,0.0100342035
Classical QLSTM gates,10,6,0.8381722,0.84098303,0.84527916,0.8410362,0.0055190431885421,0.0028108358,5.3167343e-05,0.00710696
Classical QLSTM gates,10,6,0.83072233,0.8327058,0.8381722,0.8311087,0.0055190431885421,0.0019834638,0.0015971065,0.0074498653
Classical QLSTM gates,10,6,0.8255949,0.8244279,0.83072233,0.826916,0.0055190431885421,0.0011669993,0.0024880767,0.00512743
Classical QLSTM gates,10,6,0.8189723,0.81899995,0.8255949,0.8187067,0.0055190431885421,2.7656555e-05,0.00029325485,0.0066226125
Classical QLSTM gates,10,6,0.81530386,0.812054,0.8189723,0.8177571,0.0055190431885421,0.0032498837,0.005703151,0.0036684275
Classical QLSTM gates,10,6,0.8170719,0.80976814,0.81530386,0.82221174,0.0055190431885421,0.0073037744,0.012443602,0.0017680526
Classical QLSTM gates,10,6,0.81581235,0.8108972,0.8170719,0.8154538,0.0055190431885421,0.004915178,0.004556656,0.0012595654
Classical QLSTM gates,10,6,0.8110964,0.81098515,0.81581235,0.80811554,0.0055190431885421,0.00011122227,0.002869606,0.004715979
Classical QLSTM gates,10,6,0.8082009,0.8083506,0.8110964,0.80867493,0.0055190431885421,0.00014972687,0.00032430887,0.0028954744
Classical QLSTM gates,10,6,0.81034005,0.8058433,0.8082009,0.8150423,0.0055190431885421,0.004496753,0.009199023,0.002139151
Classical QLSTM gates,10,6,0.80829453,0.8073558,0.81034005,0.8069653,0.0055190431885421,0.00093871355,0.00039052963,0.0020455122
Classical QLSTM gates,10,6,0.80186325,0.8053322,0.80829453,0.7971569,0.0055190431885421,0.0034689307,0.0081753135,0.0064312816
Classical QLSTM gates,10,6,0.7943854,0.79772943,0.80186325,0.7919337,0.0055190431885421,0.003344059,0.0057957172,0.0074778795
Classical QLSTM gates,10,6,0.7884783,0.7897859,0.7943854,0.78955144,0.0055190431885421,0.0013076067,0.00023448467,0.0059070587
Classical QLSTM gates,10,6,0.79125845,0.78333217,0.7884783,0.7982195,0.0055190431885421,0.007926285,0.014887333,0.0027801394
Classical QLSTM gates,10,6,0.7911631,0.7852292,0.79125845,0.7910288,0.0055190431885421,0.005933881,0.0057995915,9.536743e-05
Classical QLSTM gates,10,6,0.7923482,0.78548986,0.7911631,0.79262084,0.0055190431885421,0.006858349,0.0071309805,0.0011851192
Classical QLSTM gates,10,15,0.8717196,0.87286294,0.88120705,0.8724049,0.0055190431885421,0.0011433363,0.0004580617,0.00948745
Classical QLSTM gates,10,15,0.8680467,0.86496097,0.8717196,0.87314415,0.0055190431885421,0.0030857325,0.008183181,0.0036728978
Classical QLSTM gates,10,15,0.86082107,0.86267173,0.8680467,0.85962033,0.0055190431885421,0.0018506646,0.0030514002,0.0072256327
Classical QLSTM gates,10,15,0.85357535,0.855557,0.86082107,0.85267913,0.0055190431885421,0.0019816756,0.002877891,0.0072457194
Classical QLSTM gates,10,15,0.84735775,0.8486159,0.85357535,0.84834564,0.0055190431885421,0.0012581348,0.00027024746,0.006217599
Classical QLSTM gates,10,15,0.84049565,0.84519005,0.84735775,0.8407997,0.0055190431885421,0.004694402,0.004390359,0.006862104
Classical QLSTM gates,10,15,0.8387064,0.83745086,0.84049565,0.84251374,0.0055190431885421,0.0012555122,0.005062878,0.0017892718
Classical QLSTM gates,10,15,0.8392511,0.8342985,0.8387064,0.8422961,0.0055190431885421,0.0049526095,0.007997632,0.00054472685
Classical QLSTM gates,10,15,0.838258,0.8331295,0.8392511,0.8382839,0.0055190431885421,0.005128503,0.0051543713,0.000993073
Classical QLSTM gates,10,15,0.83637214,0.8313507,0.838258,0.8357488,0.0055190431885421,0.005021453,0.0043981075,0.001885891
Classical QLSTM gates,10,15,0.8346101,0.82819253,0.83637214,0.8347425,0.0055190431885421,0.0064175725,0.0065499544,0.0017620325
Classical QLSTM gates,10,15,0.83088505,0.82693315,0.8346101,0.8298506,0.0055190431885421,0.003951907,0.0029174685,0.0037250519
Classical QLSTM gates,10,15,0.8209634,0.8234274,0.83088505,0.81573904,0.0055190431885421,0.0024639964,0.0076883435,0.00992167
Classical QLSTM gates,10,15,0.8123464,0.8153098,0.8209634,0.8110497,0.0055190431885421,0.0029634237,0.004260123,0.008616984
Classical QLSTM gates,10,15,0.8086857,0.8089853,0.8123464,0.8123055,0.0055190431885421,0.00029957294,0.0033202171,0.0036606789
Classical QLSTM gates,10,15,0.8055827,0.80609846,0.8086857,0.8074114,0.0055190431885421,0.000515759,0.0013129115,0.0031030178
Classical QLSTM gates,10,15,0.8031753,0.8034262,0.8055827,0.80365896,0.0055190431885421,0.00025093555,0.00023275614,0.0024074316
Classical QLSTM gates,10,15,0.8008719,0.8005661,0.8031753,0.80093294,0.0055190431885421,0.00030583143,0.0003668666,0.002303362
Classical QLSTM gates,10,15,0.79290617,0.79689723,0.8008719,0.7892152,0.0055190431885421,0.0039910674,0.0076820254,0.007965744
Classical QLSTM gates,10,15,0.78966856,0.7881345,0.79290617,0.7919648,0.0055190431885421,0.0015340447,0.0038303137,0.003237605
Classical attention circuits,10,6,0.88975173,0.8867281,0.89517194,0.8901097,0.0055190431885421,0.0030236244,0.00338161,0.005420208
Classical attention circuits,10,6,0.8844058,0.8826609,0.88975173,0.8845384,0.0055190431885421,0.0017448664,0.0018774867,0.0053459406
Classical attention circuits,10,6,0.8796831,0.88052475,0.8844058,0.88003206,0.0055190431885421,0.0008416772,0.000492692,0.0047227144
Classical attention circuits,10,6,0.8685219,0.8758354,0.8796831,0.86393785,0.0055190431885421,0.00731349,0.011897564,0.011161149
Classical attention circuits,10,6,0.85531336,0.8628826,0.8685219,0.85191804,0.0055190431885421,0.0075692534,0.010964572,0.013208568
Classical attention circuits,10,6,0.84527916,0.85245883,0.85531336,0.84655106,0.0055190431885421,0.0071796775,0.005907774,0.0100342035
Classical attention circuits,10,6,0.8381722,0.8410602,0.84527916,0.8410362,0.0055190431885421,0.0028880239,2.4020672e-05,0.00710696
Classical attention circuits,10,6,0.83072233,0.8335812,0.8381722,0.8311087,0.0055190431885421,0.0028588772,0.0024725199,0.0074498653
Classical attention circuits,10,6,0.8255949,0.82548946,0.83072233,0.826916,0.0055190431885421,0.00010544062,0.001426518,0.00512743
Classical attention circuits,10,6,0.8189723,0.8207398,0.8255949,0.8187067,0.0055190431885421,0.0017675161,0.0020331144,0.0066226125
Classical attention circuits,10,6,0.81530386,0.8132981,0.8189723,0.8177571,0.0055190431885421,0.002005756,0.0044590235,0.0036684275
Classical attention circuits,10,6,0.8170719,0.81034005,0.81530386,0.82221174,0.0055190431885421,0.006731868,0.0118716955,0.0017680526
Classical attention circuits,10,6,0.81581235,0.8116631,0.8170719,0.8154538,0.0055190431885421,0.004149258,0.0037907362,0.0012595654
Classical attention circuits,10,6,0.8110964,0.8110926,0.81581235,0.80811554,0.0055190431885421,3.7550926e-06,0.0029770732,0.004715979
Classical attention circuits,10,6,0.8082009,0.80748224,0.8110964,0.80867493,0.0055190431885421,0.0007186532,0.001192689,0.0028954744
Classical attention circuits,10,6,0.81034005,0.8046783,0.8082009,0.8150423,0.0055190431885421,0.005661726,0.010363996,0.002139151
Classical attention circuits,10,6,0.80829453,0.80653894,0.81034005,0.8069653,0.0055190431885421,0.0017555952,0.00042635202,0.0020455122
Classical attention circuits,10,6,0.80186325,0.8058363,0.80829453,0.7971569,0.0055190431885421,0.003973067,0.00867945,0.0064312816
Classical attention circuits,10,6,0.7943854,0.7982867,0.80186325,0.7919337,0.0055190431885421,0.0039013028,0.006352961,0.0074778795
Classical attention circuits,10,6,0.7884783,0.7905893,0.7943854,0.78955144,0.0055190431885421,0.002110958,0.0010378361,0.0059070587
Classical attention circuits,10,6,0.79125845,0.78418314,0.7884783,0.7982195,0.0055190431885421,0.0070753098,0.014036357,0.0027801394
Classical attention circuits,10,6,0.7911631,0.7865845,0.79125845,0.7910288,0.0055190431885421,0.0045785904,0.004444301,9.536743e-05
Classical attention circuits,10,6,0.7923482,0.7864823,0.7911631,0.79262084,0.0055190431885421,0.0058659315,0.006138563,0.0011851192
Classical attention circuits,10,15,0.8717196,0.873216,0.88120705,0.8724049,0.0055190431885421,0.0014963746,0.0008111,0.00948745
Classical attention circuits,10,15,0.8680467,0.86502814,0.8717196,0.87314415,0.0055190431885421,0.003018558,0.008116007,0.0036728978
Classical attention circuits,10,15,0.86082107,0.86239994,0.8680467,0.85962033,0.0055190431885421,0.0015788674,0.002779603,0.0072256327
Classical attention circuits,10,15,0.85357535,0.85532236,0.86082107,0.85267913,0.0055190431885421,0.0017470121,0.0026432276,0.0072457194
Classical attention circuits,10,15,0.84735775,0.8480848,0.85357535,0.84834564,0.0055190431885421,0.00072705746,0.00026082993,0.006217599
Classical attention circuits,10,15,0.84049565,0.8451016,0.84735775,0.8407997,0.0055190431885421,0.004605949,0.0043019056,0.006862104
Classical attention circuits,10,15,0.8387064,0.83746356,0.84049565,0.84251374,0.0055190431885421,0.0012428164,0.0050501823,0.0017892718
Classical attention circuits,10,15,0.8392511,0.8354268,0.8387064,0.8422961,0.0055190431885421,0.0038242936,0.006869316,0.00054472685
Classical attention circuits,10,15,0.838258,0.8341788,0.8392511,0.8382839,0.0055190431885421,0.0040792227,0.004105091,0.000993073
Classical attention circuits,10,15,0.83637214,0.8329084,0.838258,0.8357488,0.0055190431885421,0.0034637451,0.0028403997,0.001885891
Classical attention circuits,10,15,0.8346101,0.8297305,0.83637214,0.8347425,0.0055190431885421,0.004879594,0.0050119758,0.0017620325
Classical attention circuits,10,15,0.83088505,0.8283234,0.8346101,0.8298506,0.0055190431885421,0.0025616288,0.0015271902,0.0037250519
Classical attention circuits,10,15,0.8209634,0.8247737,0.83088505,0.81573904,0.0055190431885421,0.0038103461,0.009034693,0.00992167
Classical attention circuits,10,15,0.8123464,0.8162358,0.8209634,0.8110497,0.0055190431885421,0.003889382,0.005186081,0.008616984
Classical attention circuits,10,15,0.8086857,0.8089277,0.8123464,0.8123055,0.0055190431885421,0.00024199486,0.0033777952,0.0036606789
Classical attention circuits,10,15,0.8055827,0.80546683,0.8086857,0.8074114,0.0055190431885421,0.00011587143,0.0019445419,0.0031030178
Classical attention circuits,10,15,0.8031753,0.80372757,0.8055827,0.80365896,0.0055190431885421,0.00055229664,6.8604946e-05,0.0024074316
Classical attention circuits,10,15,0.8008719,0.80004454,0.8031753,0.80093294,0.0055190431885421,0.0008273721,0.00088840723,0.002303362
Classical attention circuits,10,15,0.79290617,0.7976838,0.8008719,0.7892152,0.0055190431885421,0.0047776103,0.008468568,0.007965744
Classical attention circuits,10,15,0.78966856,0.7883293,0.79290617,0.7919648,0.0055190431885421,0.0013392568,0.0036355257,0.003237605
Classical VQR circuit,10,6,0.88975173,0.8855449,0.89517194,0.8901097,0.0055190431885421,0.004206836,0.0045648217,0.005420208
Classical VQR circuit,10,6,0.8844058,0.88113165,0.88975173,0.8845384,0.0055190431885421,0.0032741427,0.003406763,0.0053459406
Classical VQR circuit,10,6,0.8796831,0.8797115,0.8844058,0.88003206,0.0055190431885421,2.8431416e-05,0.00032055378,0.0047227144
Classical VQR circuit,10,6,0.8685219,0.87522817,0.8796831,0.86393785,0.0055190431885421,0.006706238,0.011290312,0.011161149
Classical VQR circuit,10,6,0.85531336,0.86308426,0.8685219,0.85191804,0.0055190431885421,0.007770896,0.011166215,0.013208568
Classical VQR circuit,10,6,0.84527916,0.85171163,0.85531336,0.84655106,0.0055190431885421,0.0064324737,0.00516057,0.0100342035
Classical VQR circuit,10,6,0.8381722,0.84073174,0.84527916,0.8410362,0.0055190431885421,0.0025595427,0.00030446053,0.00710696
Classical VQR circuit,10,6,0.83072233,0.83324313,0.8381722,0.8311087,0.0055190431885421,0.0025207996,0.0021344423,0.0074498653
Classical VQR circuit,10,6,0.8255949,0.82496375,0.83072233,0.826916,0.0055190431885421,0.0006311536,0.0019522309,0.00512743
Classical VQR circuit,10,6,0.8189723,0.81954324,0.8255949,0.8187067,0.0055190431885421,0.0005709529,0.0008365512,0.0066226125
Classical VQR circuit,10,6,0.81530386,0.81186265,0.8189723,0.8177571,0.0055190431885421,0.0034412146,0.005894482,0.0036684275
Classical VQR circuit,10,6,0.8170719,0.8102918,0.81530386,0.82221174,0.0055190431885421,0.006780088,0.011919916,0.0017680526
Classical VQR circuit,10,6,0.81581235,0.81161845,0.8170719,0.8154538,0.0055190431885421,0.004193902,0.00383538,0.0012595654
Classical VQR circuit,10,6,0.8110964,0.81205976,0.81581235,0.80811554,0.0055190431885421,0.0009633899,0.003944218,0.004715979
Classical VQR circuit,10,6,0.8082009,0.8088627,0.8110964,0.80867493,0.0055190431885421,0.0006617904,0.00018775463,0.0028954744
Classical VQR circuit,10,6,0.81034005,0.8061273,0.8082009,0.8150423,0.0055190431885421,0.004212737,0.008915007,0.002139151
Classical VQR circuit,10,6,0.80829453,0.8070966,0.81034005,0.8069653,0.0055190431885421,0.0011979342,0.00013130903,0.0020455122
Classical VQR circuit,10,6,0.80186325,0.8057676,0.80829453,0.7971569,0.0055190431885421,0.0039043427,0.008610725,0.0064312816
Classical VQR circuit,10,6,0.7943854,0.7975021,0.80186325,0.7919337,0.0055190431885421,0.0031167269,0.005568385,0.0074778795
Classical VQR circuit,10,6,0.7884783,0.7895571,0.7943854,0.78955144,0.0055190431885421,0.0010787845,5.6624413e-06,0.0059070587
Classical VQR circuit,10,6,0.79125845,0.78347063,0.7884783,0.7982195,0.0055190431885421,0.0077878237,0.014748871,0.0027801394
Classical VQR circuit,10,6,0.7911631,0.7851574,0.79125845,0.7910288,0.0055190431885421,0.0060057044,0.005871415,9.536743e-05
Classical VQR circuit,10,6,0.7923482,0.78511107,0.7911631,0.79262084,0.0055190431885421,0.0072371364,0.007509768,0.0011851192
Classical VQR circuit,10,15,0.8717196,0.8732202,0.88120705,0.8724049,0.0055190431885421,0.0015006065,0.00081533194,0.00948745
Classical VQR circuit,10,15,0.8680467,0.8646777,0.8717196,0.87314415,0.0055190431885421,0.0033689737,0.008466423,0.0036728978
Classical VQR circuit,10,15,0.86082107,0.861834,0.8680467,0.85962033,0.0055190431885421,0.0010129213,0.002213657,0.0072256327
Classical VQR circuit,10,15,0.85357535,0.85496837,0.86082107,0.85267913,0.0055190431885421,0.0013930202,0.0022892356,0.0072457194
Classical VQR circuit,10,15,0.84735775,0.84761786,0.85357535,0.84834564,0.0055190431885421,0.00026011467,0.0007277727,0.006217599
Classical VQR circuit,10,15,0.84049565,0.8438477,0.84735775,0.8407997,0.0055190431885421,0.003352046,0.0030480027,0.006862104
Classical VQR circuit,10,15,0.8387064,0.83656317,0.84049565,0.84251374,0.0055190431885421,0.0021432042,0.00595057,0.0017892718
Classical VQR circuit,10,15,0.8392511,0.834422,0.8387064,0.8422961,0.0055190431885421,0.0048291087,0.007874131,0.00054472685
Classical VQR circuit,10,15,0.838258,0.83323896,0.8392511,0.8382839,0.0055190431885421,0.0050190687,0.005044937,0.000993073
Classical VQR circuit,10,15,0.83637214,0.83204776,0.838258,0.8357488,0.0055190431885421,0.0043243766,0.0037010312,0.001885891
Classical VQR circuit,10,15,0.8346101,0.8284544,0.83637214,0.8347425,0.0055190431885421,0.0061557293,0.006288111,0.0017620325
Classical VQR circuit,10,15,0.83088505,0.82700515,0.8346101,0.8298506,0.0055190431885421,0.0038799047,0.0028454661,0.0037250519
Classical VQR circuit,10,15,0.8209634,0.82413405,0.83088505,0.81573904,0.0055190431885421,0.003170669,0.008395016,0.00992167
Classical VQR circuit,10,15,0.8123464,0.8165153,0.8209634,0.8110497,0.0055190431885421,0.0041689277,0.0054656267,0.008616984
Classical VQR circuit,10,15,0.8086857,0.8097485,0.8123464,0.8123055,0.0055190431885421,0.0010627508,0.0025570393,0.0036606789
Classical VQR circuit,10,15,0.8055827,0.807136,0.8086857,0.8074114,0.0055190431885421,0.001553297,0.00027537346,0.0031030178
Classical VQR circuit,10,15,0.8031753,0.8038126,0.8055827,0.80365896,0.0055190431885421,0.00063735247,0.00015366077,0.0024074316
Classical VQR circuit,10,15,0.8008719,0.799795,0.8031753,0.80093294,0.0055190431885421,0.0010769367,0.0011379719,0.002303362
Classical VQR circuit,10,15,0.79290617,0.7970035,0.8008719,0.7892152,0.0055190431885421,0.0040973425,0.0077883005,0.007965744
Classical VQR circuit,10,15,0.78966856,0.787964,0.79290617,0.7919648,0.0055190431885421,0.0017045736,0.0040008426,0.003237605
All circuits classical,10,6,0.88975173,0.8866941,0.89517194,0.8901097,0.0055190431885421,0.0030576587,0.0034156442,0.005420208
All circuits classical,10,6,0.8844058,0.88251597,0.88975173,0.8845384,0.0055190431885421,0.0018898249,0.0020224452,0.0053459406
All circuits classical,10,6,0.8796831,0.8781506,0.8844058,0.88003206,0.0055190431885421,0.001532495,0.0018814802,0.0047227144
All circuits classical,10,6,0.8685219,0.8743526,0.8796831,0.86393785,0.0055190431885421,0.0058306456,0.01041472,0.011161149
All circuits classical,10,6,0.85531336,0.86428475,0.8685219,0.85191804,0.0055190431885421,0.008971393,0.012366712,0.013208568
All circuits classical,10,6,0.84527916,0.85170287,0.85531336,0.84655106,0.0055190431885421,0.006423712,0.0051518083,0.0100342035
All circuits classical,10,6,0.8381722,0.8409472,0.84527916,0.8410362,0.0055190431885421,0.0027750134,8.8989735e-05,0.00710696
All circuits classical,10,6,0.83072233,0.83311164,0.8381722,0.8311087,0.0055190431885421,0.0023893118,0.0020029545,0.0074498653
All circuits classical,10,6,0.8255949,0.8249884,0.83072233,0.826916,0.0055190431885421,0.00060647726,0.0019275546,0.00512743
All circuits classical,10,6,0.8189723,0.8199673,0.8255949,0.8187067,0.0055190431885421,0.0009950399,0.0012606382,0.0066226125
All circuits classical,10,6,0.81530386,0.8125555,0.8189723,0.8177571,0.0055190431885421,0.0027483702,0.0052016377,0.0036684275
All circuits classical,10,6,0.8170719,0.810103,0.81530386,0.82221174,0.0055190431885421,0.0069689155,0.012108743,0.0017680526
All circuits classical,10,6,0.81581235,0.8114907,0.8170719,0.8154538,0.0055190431885421,0.004321635,0.003963113,0.0012595654
All circuits classical,10,6,0.8110964,0.81090665,0.81581235,0.80811554,0.0055190431885421,0.00018972158,0.0027911067,0.004715979
All circuits classical,10,6,0.8082009,0.8078175,0.8110964,0.80867493,0.0055190431885421,0.00038337708,0.0008574128,0.0028954744
All circuits classical,10,6,0.81034005,0.80543536,0.8082009,0.8150423,0.0055190431885421,0.0049046874,0.009606957,0.002139151
All circuits classical,10,6,0.80829453,0.80708367,0.81034005,0.8069653,0.0055190431885421,0.0012108684,0.000118374825,0.0020455122
All circuits classical,10,6,0.80186325,0.8056984,0.80829453,0.7971569,0.0055190431885421,0.0038351417,0.008541524,0.0064312816
All circuits classical,10,6,0.7943854,0.7982747,0.80186325,0.7919337,0.0055190431885421,0.0038893223,0.0063409805,0.0074778795
All circuits classical,10,6,0.7884783,0.7901074,0.7943854,0.78955144,0.0055190431885421,0.0016291142,0.0005559921,0.0059070587
All circuits classical,10,6,0.79125845,0.7839848,0.7884783,0.7982195,0.0055190431885421,0.007273674,0.014234722,0.0027801394
All circuits classical,10,6,0.7911631,0.7859158,0.79125845,0.7910288,0.0055190431885421,0.005247295,0.0051130056,9.536743e-05
All circuits classical,10,6,0.7923482,0.7859869,0.7911631,0.79262084,0.0055190431885421,0.0063613057,0.0066339374,0.0011851192
All circuits classical,10,15,0.8717196,0.8726121,0.88120705,0.8724049,0.0055190431885421,0.00089251995,0.00020724535,0.00948745
All circuits classical,10,15,0.8680467,0.864307,0.8717196,0.87314415,0.0055190431885421,0.0037397146,0.008837163,0.0036728978
All circuits classical,10,15,0.86082107,0.8612084,0.8680467,0.85962033,0.0055190431885421,0.00038731098,0.0015880466,0.0072256327
All circuits classical,10,15,0.85357535,0.8551551,0.86082107,0.85267913,0.0055190431885421,0.0015797615,0.002475977,0.0072457194
All circuits classical,10,15,0.84735775,0.8484703,0.85357535,0.84834564,0.0055190431885421,0.0011125207,0.00012463331,0.006217599
All circuits classical,10,15,0.84049565,0.8446774,0.84735775,0.8407997,0.0055190431885421,0.0041817427,0.0038776994,0.006862104
All circuits classical,10,15,0.8387064,0.837298,0.84049565,0.84251374,0.0055190431885421,0.0014083982,0.005215764,0.0017892718
All circuits classical,10,15,0.8392511,0.83453894,0.8387064,0.8422961,0.0055190431885421,0.0047121644,0.007757187,0.00054472685
All circuits classical,10,15,0.838258,0.83354706,0.8392511,0.8382839,0.0055190431885421,0.0047109723,0.0047368407,0.000993073
All circuits classical,10,15,0.83637214,0.8320414,0.838258,0.8357488,0.0055190431885421,0.0043307543,0.003707409,0.001885891
All circuits classical,10,15,0.8346101,0.8288123,0.83637214,0.8347425,0.0055190431885421,0.0057978034,0.0059301853,0.0017620325
All circuits classical,10,15,0.83088505,0.82754594,0.8346101,0.8298506,0.0055190431885421,0.0033391118,0.0023046732,0.0037250519
All circuits classical,10,15,0.8209634,0.8241145,0.83088505,0.81573904,0.0055190431885421,0.0031511188,0.008375466,0.00992167
All circuits classical,10,15,0.8123464,0.81595737,0.8209634,0.8110497,0.0055190431885421,0.0036109686,0.0049076676,0.008616984
All circuits classical,10,15,0.8086857,0.8088628,0.8123464,0.8123055,0.0055190431885421,0.0001770854,0.0034427047,0.0036606789
All circuits classical,10,15,0.8055827,0.8066223,0.8086857,0.8074114,0.0055190431885421,0.0010396242,0.0007890463,0.0031030178
All circuits classical,10,15,0.8031753,0.80357695,0.8055827,0.80365896,0.0055190431885421,0.0004016757,8.201599e-05,0.0024074316
All circuits classical,10,15,0.8008719,0.80040175,0.8031753,0.80093294,0.0055190431885421,0.00047016144,0.0005311966,0.002303362
All circuits classical,10,15,0.79290617,0.79717886,0.8008719,0.7892152,0.0055190431885421,0.0042726994,0.007963657,0.007965744
All circuits classical,10,15,0.78966856,0.7883043,0.79290617,0.7919648,0.0055190431885421,0.0013642311,0.0036605,0.003237605
