model,fold,veh,y,pred,anchor,raw,naive_train,ae,ae_raw,ae_pers
Persistence,1,2,0.88198084,0.89649385,0.89649385,0.8752713,0.0056309499777853,0.014513016,0.021222532,0.014513016
Persistence,1,2,0.87172556,0.88198084,0.88198084,0.87212044,0.0056309499777853,0.010255277,0.009860396,0.010255277
Persistence,1,2,0.86715025,0.87172556,0.87172556,0.87182397,0.0056309499777853,0.004575312,9.840727e-05,0.004575312
Persistence,1,2,0.8670523,0.86715025,0.86715025,0.8723264,0.0056309499777853,9.793043e-05,0.005176127,9.793043e-05
Persistence,1,2,0.8654877,0.8670523,0.8670523,0.8657995,0.0056309499777853,0.0015646219,0.00125283,0.0015646219
Persistence,1,2,0.8620998,0.8654877,0.8654877,0.86035806,0.0056309499777853,0.0033878684,0.0051296353,0.0033878684
Persistence,1,2,0.860077,0.8620998,0.8620998,0.8612825,0.0056309499777853,0.0020228028,0.0008172989,0.0020228028
Persistence,1,2,0.85320187,0.860077,0.860077,0.85068226,0.0056309499777853,0.0068751574,0.009394765,0.0068751574
Persistence,1,2,0.8461148,0.85320187,0.85320187,0.84458315,0.0056309499777853,0.007087052,0.008618712,0.007087052
Persistence,1,2,0.84197843,0.8461148,0.8461148,0.8434805,0.0056309499777853,0.0041363835,0.0026342869,0.0041363835
Persistence,1,2,0.8389886,0.84197843,0.84197843,0.8406782,0.0056309499777853,0.0029898286,0.0013002157,0.0029898286
Persistence,1,2,0.8298751,0.8389886,0.8389886,0.8257304,0.0056309499777853,0.009113491,0.013258219,0.009113491
Persistence,1,2,0.8178124,0.8298751,0.8298751,0.81345356,0.0056309499777853,0.012062728,0.016421556,0.012062728
Persistence,1,2,0.8125281,0.8178124,0.8178124,0.8163983,0.0056309499777853,0.0052843094,0.0014140606,0.0052843094
Persistence,1,2,0.80962837,0.8125281,0.8125281,0.81351084,0.0056309499777853,0.0028997064,0.0009827614,0.0028997064
Persistence,1,2,0.8125255,0.80962837,0.80962837,0.8176731,0.0056309499777853,0.0028971434,0.00804472,0.0028971434
Persistence,1,2,0.81089014,0.8125255,0.8125255,0.8088941,0.0056309499777853,0.0016353726,0.003631413,0.0016353726
Persistence,1,2,0.80638695,0.81089014,0.81089014,0.8036141,0.0056309499777853,0.0045031905,0.007276058,0.0045031905
Persistence,1,2,0.802703,0.80638695,0.80638695,0.8030973,0.0056309499777853,0.0036839247,0.00328964,0.0036839247
Persistence,1,2,0.8002414,0.802703,0.802703,0.80167353,0.0056309499777853,0.0024616122,0.0010294914,0.0024616122
Persistence,1,2,0.7962754,0.8002414,0.8002414,0.7954083,0.0056309499777853,0.0039660335,0.004833102,0.0039660335
Persistence,1,2,0.79244745,0.7962754,0.7962754,0.7916841,0.0056309499777853,0.0038279295,0.004591286,0.0038279295
Persistence,1,2,0.7893605,0.79244745,0.79244745,0.7898369,0.0056309499777853,0.0030869246,0.0026105642,0.0030869246
Persistence,1,19,0.87176514,0.882705,0.882705,0.8735683,0.0056309499777853,0.0109398365,0.009136677,0.0109398365
Persistence,1,19,0.8643261,0.87176514,0.87176514,0.8690182,0.0056309499777853,0.0074390173,0.0027469397,0.0074390173
Persistence,1,19,0.86521614,0.8643261,0.8643261,0.8727613,0.0056309499777853,0.00089001656,0.00843519,0.00089001656
Persistence,1,19,0.85643786,0.86521614,0.86521614,0.8516162,0.0056309499777853,0.008778274,0.013599932,0.008778274
Persistence,1,19,0.84929764,0.85643786,0.85643786,0.8481611,0.0056309499777853,0.007140219,0.008276761,0.007140219
Persistence,1,19,0.8448716,0.84929764,0.84929764,0.84774715,0.0056309499777853,0.004426062,0.0015504956,0.004426062
Persistence,1,19,0.8443298,0.8448716,0.8448716,0.848996,0.0056309499777853,0.0005418062,0.004124403,0.0005418062
Persistence,1,19,0.84465003,0.8443298,0.8443298,0.84651417,0.0056309499777853,0.00032025576,0.002184391,0.00032025576
Persistence,1,19,0.8473331,0.84465003,0.84465003,0.8491494,0.0056309499777853,0.0026830435,0.004499376,0.0026830435
Persistence,1,19,0.8467591,0.8473331,0.8473331,0.8456575,0.0056309499777853,0.00057399273,0.0016755462,0.00057399273
Persistence,1,19,0.839568,0.8467591,0.8467591,0.8345627,0.0056309499777853,0.007191062,0.012196362,0.007191062
Persistence,1,19,0.8245411,0.839568,0.839568,0.8166507,0.0056309499777853,0.015026927,0.02291733,0.015026927
Persistence,1,19,0.8143626,0.8245411,0.8245411,0.8150793,0.0056309499777853,0.010178506,0.00946182,0.010178506
Persistence,1,19,0.8105752,0.8143626,0.8143626,0.8160987,0.0056309499777853,0.0037873983,0.0017361045,0.0037873983
Persistence,1,19,0.810767,0.8105752,0.8105752,0.8152849,0.0056309499777853,0.00019180775,0.0047097206,0.00019180775
Persistence,1,19,0.81080055,0.810767,0.810767,0.8114515,0.0056309499777853,3.3557415e-05,0.00068449974,3.3557415e-05
Persistence,1,19,0.8047899,0.81080055,0.81080055,0.80045074,0.0056309499777853,0.0060106516,0.01034981,0.0060106516
Persistence,1,19,0.79417217,0.8047899,0.8047899,0.78979313,0.0056309499777853,0.010617733,0.014996767,0.010617733
Persistence,1,19,0.7857069,0.79417217,0.79417217,0.7861868,0.0056309499777853,0.00846529,0.0079853535,0.00846529
Persistence,1,19,0.7845029,0.7857069,0.7857069,0.79020286,0.0056309499777853,0.0012039542,0.0044959784,0.0012039542
Persistence,1,19,0.78591484,0.7845029,0.7845029,0.78965634,0.0056309499777853,0.0014119148,0.0051534176,0.0014119148
Persistence,1,19,0.78457683,0.78591484,0.78591484,0.783259,0.0056309499777853,0.0013380051,0.0026558638,0.0013380051
Persistence,1,19,0.7784937,0.78457683,0.78457683,0.7744164,0.0056309499777853,0.006083131,0.010160446,0.006083131
MQAttn-QLSTM-VQR,1,2,0.88198084,0.88994086,0.89649385,0.8752713,0.0056309499777853,0.0079600215,0.014669538,0.014513016
MQAttn-QLSTM-VQR,1,2,0.87172556,0.8768934,0.88198084,0.87212044,0.0056309499777853,0.005167842,0.004772961,0.010255277
MQAttn-QLSTM-VQR,1,2,0.86715025,0.8682938,0.87172556,0.87182397,0.0056309499777853,0.0011435747,0.0035301447,0.004575312
MQAttn-QLSTM-VQR,1,2,0.8670523,0.8634481,0.86715025,0.8723264,0.0056309499777853,0.0036042333,0.008878291,9.793043e-05
MQAttn-QLSTM-VQR,1,2,0.8654877,0.8627122,0.8670523,0.8657995,0.0056309499777853,0.0027754903,0.0030872822,0.0015646219
MQAttn-QLSTM-VQR,1,2,0.8620998,0.86345303,0.8654877,0.86035806,0.0056309499777853,0.0013532043,0.0030949712,0.0033878684
MQAttn-QLSTM-VQR,1,2,0.860077,0.860403,0.8620998,0.8612825,0.0056309499777853,0.0003259778,0.00087952614,0.0020228028
MQAttn-QLSTM-VQR,1,2,0.85320187,0.8574474,0.860077,0.85068226,0.0056309499777853,0.0042455196,0.006765127,0.0068751574
MQAttn-QLSTM-VQR,1,2,0.8461148,0.8491859,0.85320187,0.84458315,0.0056309499777853,0.0030710697,0.0046027303,0.007087052
MQAttn-QLSTM-VQR,1,2,0.84197843,0.840964,0.8461148,0.8434805,0.0056309499777853,0.0010144114,0.002516508,0.0041363835
MQAttn-QLSTM-VQR,1,2,0.8389886,0.83775496,0.84197843,0.8406782,0.0056309499777853,0.0012336373,0.0029232502,0.0029898286
MQAttn-QLSTM-VQR,1,2,0.8298751,0.8355552,0.8389886,0.8257304,0.0056309499777853,0.005680084,0.009824812,0.009113491
MQAttn-QLSTM-VQR,1,2,0.8178124,0.8268132,0.8298751,0.81345356,0.0056309499777853,0.009000838,0.013359666,0.012062728
MQAttn-QLSTM-VQR,1,2,0.8125281,0.8145613,0.8178124,0.8163983,0.0056309499777853,0.0020332336,0.0018370152,0.0052843094
MQAttn-QLSTM-VQR,1,2,0.80962837,0.8103391,0.8125281,0.81351084,0.0056309499777853,0.0007107258,0.003171742,0.0028997064
MQAttn-QLSTM-VQR,1,2,0.8125255,0.80790347,0.80962837,0.8176731,0.0056309499777853,0.004622042,0.0097696185,0.0028971434
MQAttn-QLSTM-VQR,1,2,0.81089014,0.81067246,0.8125255,0.8088941,0.0056309499777853,0.00021767616,0.0017783642,0.0016353726
MQAttn-QLSTM-VQR,1,2,0.80638695,0.8088971,0.81089014,0.8036141,0.0056309499777853,0.0025101304,0.005282998,0.0045031905
MQAttn-QLSTM-VQR,1,2,0.802703,0.8041914,0.80638695,0.8030973,0.0056309499777853,0.0014883876,0.0010941029,0.0036839247
MQAttn-QLSTM-VQR,1,2,0.8002414,0.8006566,0.802703,0.80167353,0.0056309499777853,0.00041520596,0.0010169148,0.0024616122
MQAttn-QLSTM-VQR,1,2,0.7962754,0.7983714,0.8002414,0.7954083,0.0056309499777853,0.0020959973,0.002963066,0.0039660335
MQAttn-QLSTM-VQR,1,2,0.79244745,0.79410857,0.7962754,0.7916841,0.0056309499777853,0.0016611218,0.0024244785,0.0038279295
MQAttn-QLSTM-VQR,1,2,0.7893605,0.7912171,0.79244745,0.7898369,0.0056309499777853,0.0018565655,0.0013802052,0.0030869246
MQAttn-QLSTM-VQR,1,19,0.87176514,0.8762804,0.882705,0.8735683,0.0056309499777853,0.0045152903,0.0027121305,0.0109398365
MQAttn-QLSTM-VQR,1,19,0.8643261,0.8654888,0.87176514,0.8690182,0.0056309499777853,0.0011627078,0.0035293698,0.0074390173
MQAttn-QLSTM-VQR,1,19,0.86521614,0.8588597,0.8643261,0.8727613,0.0056309499777853,0.006356418,0.013901591,0.00089001656
MQAttn-QLSTM-VQR,1,19,0.85643786,0.86115205,0.86521614,0.8516162,0.0056309499777853,0.004714191,0.009535849,0.008778274
MQAttn-QLSTM-VQR,1,19,0.84929764,0.8537137,0.85643786,0.8481611,0.0056309499777853,0.0044160485,0.00555259,0.007140219
MQAttn-QLSTM-VQR,1,19,0.8448716,0.847776,0.84929764,0.84774715,0.0056309499777853,0.0029044151,2.8848648e-05,0.004426062
MQAttn-QLSTM-VQR,1,19,0.8443298,0.84398633,0.8448716,0.848996,0.0056309499777853,0.00034344196,0.005009651,0.0005418062
MQAttn-QLSTM-VQR,1,19,0.84465003,0.841746,0.8443298,0.84651417,0.0056309499777853,0.0029040575,0.004768193,0.00032025576
MQAttn-QLSTM-VQR,1,19,0.8473331,0.8406755,0.84465003,0.8491494,0.0056309499777853,0.0066576004,0.008473933,0.0026830435
MQAttn-QLSTM-VQR,1,19,0.8467591,0.8420764,0.8473331,0.8456575,0.0056309499777853,0.00468266,0.0035811067,0.00057399273
MQAttn-QLSTM-VQR,1,19,0.839568,0.8419172,0.8467591,0.8345627,0.0056309499777853,0.0023491979,0.007354498,0.007191062
MQAttn-QLSTM-VQR,1,19,0.8245411,0.83519596,0.839568,0.8166507,0.0056309499777853,0.010654867,0.01854527,0.015026927
MQAttn-QLSTM-VQR,1,19,0.8143626,0.82084966,0.8245411,0.8150793,0.0056309499777853,0.0064870715,0.0057703853,0.010178506
MQAttn-QLSTM-VQR,1,19,0.8105752,0.8118125,0.8143626,0.8160987,0.0056309499777853,0.0012373328,0.00428617,0.0037873983
MQAttn-QLSTM-VQR,1,19,0.810767,0.8085,0.8105752,0.8152849,0.0056309499777853,0.002267003,0.006784916,0.00019180775
MQAttn-QLSTM-VQR,1,19,0.81080055,0.8088634,0.810767,0.8114515,0.0056309499777853,0.001937151,0.0025880933,3.3557415e-05
MQAttn-QLSTM-VQR,1,19,0.8047899,0.80869097,0.81080055,0.80045074,0.0056309499777853,0.0039010644,0.008240223,0.0060106516
MQAttn-QLSTM-VQR,1,19,0.79417217,0.8024602,0.8047899,0.78979313,0.0056309499777853,0.008288026,0.01266706,0.010617733
MQAttn-QLSTM-VQR,1,19,0.7857069,0.7922621,0.79417217,0.7861868,0.0056309499777853,0.0065551996,0.006075263,0.00846529
MQAttn-QLSTM-VQR,1,19,0.7845029,0.7828288,0.7857069,0.79020286,0.0056309499777853,0.0016741157,0.0073740482,0.0012039542
MQAttn-QLSTM-VQR,1,19,0.78591484,0.7818078,0.7845029,0.78965634,0.0056309499777853,0.004107058,0.007848561,0.0014119148
MQAttn-QLSTM-VQR,1,19,0.78457683,0.78239083,0.78591484,0.783259,0.0056309499777853,0.0021860003,0.00086814165,0.0013380051
MQAttn-QLSTM-VQR,1,19,0.7784937,0.78226346,0.78457683,0.7744164,0.0056309499777853,0.0037697554,0.007847071,0.006083131
Persistence,2,9,0.8803733,0.8831095,0.8831095,0.8864931,0.0053380476310849,0.0027362108,0.0033835769,0.0027362108
Persistence,2,9,0.882756,0.8803733,0.8803733,0.8889019,0.0053380476310849,0.0023826957,0.00852859,0.0023826957
Persistence,2,9,0.886451,0.882756,0.882756,0.8892149,0.0053380476310849,0.0036950111,0.0064588785,0.0036950111
Persistence,2,9,0.88154984,0.886451,0.886451,0.8764013,0.0053380476310849,0.0049011707,0.010049701,0.0049011707
Persistence,2,9,0.8746258,0.88154984,0.88154984,0.8715485,0.0053380476310849,0.006924033,0.010001361,0.006924033
Persistence,2,9,0.8661246,0.8746258,0.8746258,0.8645739,0.0053380476310849,0.008501232,0.010051906,0.008501232
Persistence,2,9,0.85735464,0.8661246,0.8661246,0.8566824,0.0053380476310849,0.008769929,0.009442151,0.008769929
Persistence,2,9,0.854717,0.85735464,0.85735464,0.85852975,0.0053380476310849,0.0026376247,0.0011751056,0.0026376247
Persistence,2,9,0.84572226,0.854717,0.854717,0.8420812,0.0053380476310849,0.008994758,0.012635827,0.008994758
Persistence,2,9,0.83779526,0.84572226,0.84572226,0.83690023,0.0053380476310849,0.0079270005,0.008822024,0.0079270005
Persistence,2,9,0.82661873,0.83779526,0.83779526,0.8241729,0.0053380476310849,0.011176527,0.013622344,0.011176527
Persistence,2,9,0.8176615,0.82661873,0.82661873,0.8185275,0.0053380476310849,0.008957207,0.008091211,0.008957207
Persistence,2,9,0.7969155,0.8176615,0.8176615,0.7883405,0.0053380476310849,0.020746052,0.029321015,0.020746052
Persistence,2,9,0.7757072,0.7969155,0.7969155,0.7712677,0.0053380476310849,0.021208286,0.02564776,0.021208286
Persistence,2,9,0.768979,0.7757072,0.7757072,0.7787166,0.0053380476310849,0.0067281723,0.0030094385,0.0067281723
Persistence,2,9,0.76502067,0.768979,0.768979,0.77129984,0.0053380476310849,0.0039583445,0.002320826,0.0039583445
Persistence,2,9,0.76620495,0.76502067,0.76502067,0.7712239,0.0053380476310849,0.0011842847,0.006203234,0.0011842847
Persistence,2,9,0.7646782,0.76620495,0.76620495,0.76391375,0.0053380476310849,0.001526773,0.0022912025,0.001526773
Persistence,2,9,0.7673154,0.7646782,0.7646782,0.7711122,0.0053380476310849,0.0026372075,0.0064340234,0.0026372075
Persistence,2,9,0.7639789,0.7673154,0.7673154,0.76222354,0.0053380476310849,0.0033364892,0.005091846,0.0033364892
Persistence,2,9,0.75282097,0.7639789,0.7639789,0.745776,0.0053380476310849,0.01115793,0.0182029,0.01115793
Persistence,2,9,0.7481179,0.75282097,0.75282097,0.75015444,0.0053380476310849,0.004703045,0.002666533,0.004703045
Persistence,2,9,0.74132943,0.7481179,0.7481179,0.7413376,0.0053380476310849,0.006788492,0.0067803264,0.006788492
Persistence,2,20,0.8844247,0.9020582,0.9020582,0.8760531,0.0053380476310849,0.017633498,0.02600509,0.017633498
Persistence,2,20,0.866854,0.8844247,0.8844247,0.86363304,0.0053380476310849,0.017570674,0.02079165,0.017570674
Persistence,2,20,0.8592364,0.866854,0.866854,0.8655483,0.0053380476310849,0.007617593,0.0013056993,0.007617593
Persistence,2,20,0.8560055,0.8592364,0.8592364,0.8620463,0.0053380476310849,0.0032309294,0.0028098822,0.0032309294
Persistence,2,20,0.85722643,0.8560055,0.8560055,0.86201596,0.0053380476310849,0.0012209415,0.006010473,0.0012209415
Persistence,2,20,0.8595389,0.85722643,0.85722643,0.86153454,0.0053380476310849,0.0023124814,0.0043081045,0.0023124814
Persistence,2,20,0.8614338,0.8595389,0.8595389,0.8626524,0.0053380476310849,0.0018948913,0.0031135082,0.0018948913
Persistence,2,20,0.8597293,0.8614338,0.8614338,0.85832036,0.0053380476310849,0.001704514,0.0031134486,0.001704514
Persistence,2,20,0.85037804,0.8597293,0.8597293,0.84405684,0.0053380476310849,0.0093512535,0.015672445,0.0093512535
Persistence,2,20,0.84093106,0.85037804,0.85037804,0.83841956,0.0053380476310849,0.009446979,0.01195848,0.009446979
Persistence,2,20,0.83409166,0.84093106,0.84093106,0.83552337,0.0053380476310849,0.0068393946,0.005407691,0.0068393946
Persistence,2,20,0.829948,0.83409166,0.83409166,0.8324431,0.0053380476310849,0.0041436553,0.0016485453,0.0041436553
Persistence,2,20,0.8207698,0.829948,0.829948,0.8172143,0.0053380476310849,0.009178221,0.012733698,0.009178221
Persistence,2,20,0.8156705,0.8207698,0.8207698,0.8168435,0.0053380476310849,0.0050992966,0.003926277,0.0050992966
Persistence,2,20,0.81363016,0.8156705,0.8156705,0.8171462,0.0053380476310849,0.0020403266,0.0014756918,0.0020403266
Persistence,2,20,0.79363775,0.81363016,0.81363016,0.78161716,0.0053380476310849,0.019992411,0.032013,0.019992411
Persistence,2,20,0.7725771,0.79363775,0.79363775,0.76613045,0.0053380476310849,0.021060646,0.027507305,0.021060646
Persistence,2,20,0.7664513,0.7725771,0.7725771,0.77593726,0.0053380476310849,0.0061258078,0.0033601522,0.0061258078
Persistence,2,20,0.76507276,0.7664513,0.7664513,0.77329,0.0053380476310849,0.0013785362,0.0068386793,0.0013785362
Persistence,2,20,0.76878285,0.76507276,0.76507276,0.77418756,0.0053380476310849,0.003710091,0.009114802,0.003710091
Persistence,2,20,0.7649053,0.76878285,0.76878285,0.76000977,0.0053380476310849,0.0038775802,0.008773088,0.0038775802
Persistence,2,20,0.7589404,0.7649053,0.7649053,0.75651634,0.0053380476310849,0.005964875,0.0083889365,0.005964875
MQAttn-QLSTM-VQR,2,9,0.8803733,0.87598747,0.8831095,0.8864931,0.0053380476310849,0.004385829,0.010505617,0.0027362108
MQAttn-QLSTM-VQR,2,9,0.882756,0.8740273,0.8803733,0.8889019,0.0053380476310849,0.008728683,0.0148745775,0.0023826957
MQAttn-QLSTM-VQR,2,9,0.886451,0.87737614,0.882756,0.8892149,0.0053380476310849,0.009074867,0.011838734,0.0036950111
MQAttn-QLSTM-VQR,2,9,0.88154984,0.8813615,0.886451,0.8764013,0.0053380476310849,0.00018835068,0.0049601793,0.0049011707
MQAttn-QLSTM-VQR,2,9,0.8746258,0.8774134,0.88154984,0.8715485,0.0053380476310849,0.00278759,0.005864918,0.006924033
MQAttn-QLSTM-VQR,2,9,0.8661246,0.8709174,0.8746258,0.8645739,0.0053380476310849,0.0047928095,0.006343484,0.008501232
MQAttn-QLSTM-VQR,2,9,0.85735464,0.86178833,0.8661246,0.8566824,0.0053380476310849,0.0044336915,0.0051059127,0.008769929
MQAttn-QLSTM-VQR,2,9,0.854717,0.85280734,0.85735464,0.85852975,0.0053380476310849,0.0019096732,0.0057224035,0.0026376247
MQAttn-QLSTM-VQR,2,9,0.84572226,0.85016817,0.854717,0.8420812,0.0053380476310849,0.0044459105,0.008086979,0.008994758
MQAttn-QLSTM-VQR,2,9,0.83779526,0.8408029,0.84572226,0.83690023,0.0053380476310849,0.0030076504,0.0039026737,0.0079270005
MQAttn-QLSTM-VQR,2,9,0.82661873,0.8323287,0.83779526,0.8241729,0.0053380476310849,0.005709946,0.008155763,0.011176527
MQAttn-QLSTM-VQR,2,9,0.8176615,0.82135546,0.82661873,0.8185275,0.0053380476310849,0.0036939383,0.0028279424,0.008957207
MQAttn-QLSTM-VQR,2,9,0.7969155,0.8119469,0.8176615,0.7883405,0.0053380476310849,0.015031457,0.02360642,0.020746052
MQAttn-QLSTM-VQR,2,9,0.7757072,0.7929757,0.7969155,0.7712677,0.0053380476310849,0.017268538,0.021708012,0.021208286
MQAttn-QLSTM-VQR,2,9,0.768979,0.77341944,0.7757072,0.7787166,0.0053380476310849,0.004440427,0.005297184,0.0067281723
MQAttn-QLSTM-VQR,2,9,0.76502067,0.7679018,0.768979,0.77129984,0.0053380476310849,0.0028811097,0.0033980608,0.0039583445
MQAttn-QLSTM-VQR,2,9,0.76620495,0.7644396,0.76502067,0.7712239,0.0053380476310849,0.0017653704,0.00678432,0.0011842847
MQAttn-QLSTM-VQR,2,9,0.7646782,0.765346,0.76620495,0.76391375,0.0053380476310849,0.00066781044,0.00143224,0.001526773
MQAttn-QLSTM-VQR,2,9,0.7673154,0.7621626,0.7646782,0.7711122,0.0053380476310849,0.005152762,0.008949578,0.0026372075
MQAttn-QLSTM-VQR,2,9,0.7639789,0.76451075,0.7673154,0.76222354,0.0053380476310849,0.00053185225,0.002287209,0.0033364892
MQAttn-QLSTM-VQR,2,9,0.75282097,0.7606481,0.7639789,0.745776,0.0053380476310849,0.007827103,0.014872074,0.01115793
MQAttn-QLSTM-VQR,2,9,0.7481179,0.7492812,0.75282097,0.75015444,0.0053380476310849,0.0011633039,0.00087320805,0.004703045
MQAttn-QLSTM-VQR,2,9,0.74132943,0.7433975,0.7481179,0.7413376,0.0053380476310849,0.0020680428,0.002059877,0.006788492
MQAttn-QLSTM-VQR,2,20,0.8844247,0.89424115,0.9020582,0.8760531,0.0053380476310849,0.009816468,0.01818806,0.017633498
MQAttn-QLSTM-VQR,2,20,0.866854,0.8765258,0.8844247,0.86363304,0.0053380476310849,0.009671807,0.012892783,0.017570674
MQAttn-QLSTM-VQR,2,20,0.8592364,0.85864204,0.866854,0.8655483,0.0053380476310849,0.0005943775,0.006906271,0.007617593
MQAttn-QLSTM-VQR,2,20,0.8560055,0.8520422,0.8592364,0.8620463,0.0053380476310849,0.0039632916,0.010004103,0.0032309294
MQAttn-QLSTM-VQR,2,20,0.85722643,0.85056555,0.8560055,0.86201596,0.0053380476310849,0.0066608787,0.01145041,0.0012209415
MQAttn-QLSTM-VQR,2,20,0.8595389,0.8531677,0.85722643,0.86153454,0.0053380476310849,0.0063712,0.008366823,0.0023124814
MQAttn-QLSTM-VQR,2,20,0.8614338,0.8551139,0.8595389,0.8626524,0.0053380476310849,0.0063198805,0.0075384974,0.0018948913
MQAttn-QLSTM-VQR,2,20,0.8597293,0.85739225,0.8614338,0.85832036,0.0053380476310849,0.0023370385,0.0009281039,0.001704514
MQAttn-QLSTM-VQR,2,20,0.85037804,0.8550257,0.8597293,0.84405684,0.0053380476310849,0.004647672,0.010968864,0.0093512535
MQAttn-QLSTM-VQR,2,20,0.84093106,0.845886,0.85037804,0.83841956,0.0053380476310849,0.004954934,0.0074664354,0.009446979
MQAttn-QLSTM-VQR,2,20,0.83409166,0.83608717,0.84093106,0.83552337,0.0053380476310849,0.001995504,0.00056380033,0.0068393946
MQAttn-QLSTM-VQR,2,20,0.829948,0.82970095,0.83409166,0.8324431,0.0053380476310849,0.00024706125,0.0027421713,0.0041436553
MQAttn-QLSTM-VQR,2,20,0.8207698,0.8248762,0.829948,0.8172143,0.0053380476310849,0.0041064024,0.007661879,0.009178221
MQAttn-QLSTM-VQR,2,20,0.8156705,0.817212,0.8207698,0.8168435,0.0053380476310849,0.0015414953,0.0003684759,0.0050992966
MQAttn-QLSTM-VQR,2,20,0.81363016,0.81427026,0.8156705,0.8171462,0.0053380476310849,0.0006400943,0.002875924,0.0020403266
MQAttn-QLSTM-VQR,2,20,0.79363775,0.8121299,0.81363016,0.78161716,0.0053380476310849,0.018492162,0.03051275,0.019992411
MQAttn-QLSTM-VQR,2,20,0.7725771,0.79171,0.79363775,0.76613045,0.0053380476310849,0.019132912,0.025579572,0.021060646
MQAttn-QLSTM-VQR,2,20,0.7664513,0.76971346,0.7725771,0.77593726,0.0053380476310849,0.0032621622,0.006223798,0.0061258078
MQAttn-QLSTM-VQR,2,20,0.76507276,0.76288676,0.7664513,0.77329,0.0053380476310849,0.0021860003,0.010403216,0.0013785362
MQAttn-QLSTM-VQR,2,20,0.76878285,0.7600518,0.76507276,0.77418756,0.0053380476310849,0.008731067,0.014135778,0.003710091
MQAttn-QLSTM-VQR,2,20,0.7649053,0.7636717,0.76878285,0.76000977,0.0053380476310849,0.0012335777,0.0036619306,0.0038775802
MQAttn-QLSTM-VQR,2,20,0.7589404,0.76010764,0.7649053,0.75651634,0.0053380476310849,0.0011672378,0.003591299,0.005964875
Persistence,3,11,0.8967675,0.90078664,0.90078664,0.89828104,0.0055322190746665,0.004019141,0.0025056005,0.004019141
Persistence,3,11,0.8822605,0.8967675,0.8967675,0.8748538,0.0055322190746665,0.014506996,0.021913707,0.014506996
Persistence,3,11,0.87296396,0.8822605,0.8822605,0.8735511,0.0055322190746665,0.009296536,0.008709431,0.009296536
Persistence,3,11,0.86909604,0.87296396,0.87296396,0.8741989,0.0055322190746665,0.0038679242,0.0012349486,0.0038679242
Persistence,3,11,0.8648739,0.86909604,0.86909604,0.86663264,0.0055322190746665,0.0042221546,0.0024634004,0.0042221546
Persistence,3,11,0.8616147,0.8648739,0.8648739,0.86207616,0.0055322190746665,0.003259182,0.0027977228,0.003259182
Persistence,3,11,0.8603632,0.8616147,0.8616147,0.86188084,0.0055322190746665,0.0012515187,0.00026613474,0.0012515187
Persistence,3,11,0.8559919,0.8603632,0.8603632,0.8551565,0.0055322190746665,0.0043712854,0.005206704,0.0043712854
Persistence,3,11,0.8458905,0.8559919,0.8559919,0.84130627,0.0055322190746665,0.010101378,0.014685631,0.010101378
Persistence,3,11,0.8373931,0.8458905,0.8458905,0.8365026,0.0055322190746665,0.008497417,0.00938791,0.008497417
Persistence,3,11,0.8322948,0.8373931,0.8373931,0.8349689,0.0055322190746665,0.0050982833,0.0024241805,0.0050982833
Persistence,3,11,0.8292321,0.8322948,0.8322948,0.8318545,0.0055322190746665,0.003062725,0.0004402995,0.003062725
Persistence,3,11,0.82466596,0.8292321,0.8292321,0.8238845,0.0055322190746665,0.004566133,0.0053476095,0.004566133
Persistence,3,11,0.82323825,0.82466596,0.82466596,0.82502633,0.0055322190746665,0.00142771,0.00036036968,0.00142771
Persistence,3,11,0.8180579,0.82323825,0.82323825,0.816571,0.0055322190746665,0.005180359,0.0066672564,0.005180359
Persistence,3,11,0.8113696,0.8180579,0.8180579,0.809723,0.0055322190746665,0.006688297,0.008334875,0.006688297
Persistence,3,11,0.8057227,0.8113696,0.8113696,0.80577993,0.0055322190746665,0.0056468844,0.005589664,0.0056468844
Persistence,3,11,0.79833597,0.8057227,0.8057227,0.7971635,0.0055322190746665,0.007386744,0.008559227,0.007386744
Persistence,3,11,0.795983,0.79833597,0.79833597,0.7992884,0.0055322190746665,0.002352953,0.0009524226,0.002352953
Persistence,3,11,0.7936197,0.795983,0.795983,0.7948005,0.0055322190746665,0.0023633242,0.0011824965,0.0023633242
Persistence,3,11,0.78890646,0.7936197,0.7936197,0.7873646,0.0055322190746665,0.0047132373,0.0062550902,0.0047132373
Persistence,3,11,0.7840498,0.78890646,0.78890646,0.78333336,0.0055322190746665,0.004856646,0.005573094,0.004856646
Persistence,3,18,0.8602412,0.86538845,0.86538845,0.86617476,0.0055322190746665,0.0051472783,0.0007863045,0.0051472783
Persistence,3,18,0.8547906,0.8602412,0.8602412,0.8572052,0.0055322190746665,0.0054505467,0.0030359626,0.0054505467
Persistence,3,18,0.8503286,0.8547906,0.8547906,0.85067445,0.0055322190746665,0.0044620037,0.0041161776,0.0044620037
Persistence,3,18,0.8481276,0.8503286,0.8503286,0.8502848,0.0055322190746665,0.0022010207,4.3809414e-05,0.0022010207
Persistence,3,18,0.8426855,0.8481276,0.8481276,0.8421969,0.0055322190746665,0.005442083,0.0059307218,0.005442083
Persistence,3,18,0.8442718,0.8426855,0.8426855,0.8492865,0.0055322190746665,0.0015862584,0.006600976,0.0015862584
Persistence,3,18,0.84443516,0.8442718,0.8442718,0.8452745,0.0055322190746665,0.00016337633,0.0010027289,0.00016337633
Persistence,3,18,0.84160876,0.84443516,0.84443516,0.8395689,0.0055322190746665,0.0028263927,0.0048662424,0.0028263927
Persistence,3,18,0.83503157,0.84160876,0.84160876,0.8315261,0.0055322190746665,0.0065771937,0.010082662,0.0065771937
Persistence,3,18,0.82699,0.83503157,0.83503157,0.8248416,0.0055322190746665,0.008041561,0.0101899505,0.008041561
Persistence,3,18,0.8176627,0.82699,0.82699,0.8162286,0.0055322190746665,0.009327292,0.01076138,0.009327292
Persistence,3,18,0.8105405,0.8176627,0.8176627,0.81128544,0.0055322190746665,0.0071222186,0.0063772798,0.0071222186
Persistence,3,18,0.81091374,0.8105405,0.8105405,0.8165611,0.0055322190746665,0.0003732443,0.0060206056,0.0003732443
Persistence,3,18,0.80017036,0.81091374,0.81091374,0.7939301,0.0055322190746665,0.01074338,0.016983628,0.01074338
Persistence,3,18,0.7893346,0.80017036,0.80017036,0.78623885,0.0055322190746665,0.010835767,0.013931513,0.010835767
Persistence,3,18,0.78920835,0.7893346,0.7893346,0.79670143,0.0055322190746665,0.00012624264,0.007366836,0.00012624264
Persistence,3,18,0.7873986,0.78920835,0.78920835,0.78979886,0.0055322190746665,0.0018097758,0.0005905032,0.0018097758
Persistence,3,18,0.78892237,0.7873986,0.7873986,0.7913971,0.0055322190746665,0.0015237927,0.003998518,0.0015237927
Persistence,3,18,0.7872681,0.78892237,0.78892237,0.78523386,0.0055322190746665,0.0016542673,0.0036885142,0.0016542673
Persistence,3,18,0.7767956,0.7872681,0.7872681,0.7701117,0.0055322190746665,0.0104724765,0.017156422,0.0104724765
Persistence,3,18,0.76847684,0.7767956,0.7767956,0.7681226,0.0055322190746665,0.008318782,0.008673012,0.008318782
Persistence,3,18,0.76000047,0.76847684,0.76847684,0.75985795,0.0055322190746665,0.0084763765,0.008618891,0.0084763765
Persistence,3,18,0.75315213,0.76000047,0.76000047,0.7539911,0.0055322190746665,0.0068483353,0.0060093403,0.0068483353
MQAttn-QLSTM-VQR,3,11,0.8967675,0.8928295,0.90078664,0.89828104,0.0055322190746665,0.0039380193,0.00545156,0.004019141
MQAttn-QLSTM-VQR,3,11,0.8822605,0.8905479,0.8967675,0.8748538,0.0055322190746665,0.00828737,0.015694082,0.014506996
MQAttn-QLSTM-VQR,3,11,0.87296396,0.874592,0.8822605,0.8735511,0.0055322190746665,0.0016280413,0.0010409355,0.009296536
MQAttn-QLSTM-VQR,3,11,0.86909604,0.8643265,0.87296396,0.8741989,0.0055322190746665,0.0047695637,0.0098724365,0.0038679242
MQAttn-QLSTM-VQR,3,11,0.8648739,0.86558574,0.86909604,0.86663264,0.0055322190746665,0.0007118583,0.001046896,0.0042221546
MQAttn-QLSTM-VQR,3,11,0.8616147,0.86342555,0.8648739,0.86207616,0.0055322190746665,0.0018108487,0.0013493896,0.003259182
MQAttn-QLSTM-VQR,3,11,0.8603632,0.8624134,0.8616147,0.86188084,0.0055322190746665,0.002050221,0.0005325675,0.0012515187
MQAttn-QLSTM-VQR,3,11,0.8559919,0.8602806,0.8603632,0.8551565,0.0055322190746665,0.0042886734,0.005124092,0.0043712854
MQAttn-QLSTM-VQR,3,11,0.8458905,0.85484654,0.8559919,0.84130627,0.0055322190746665,0.008956015,0.013540268,0.010101378
MQAttn-QLSTM-VQR,3,11,0.8373931,0.8438632,0.8458905,0.8365026,0.0055322190746665,0.006470084,0.0073605776,0.008497417
MQAttn-QLSTM-VQR,3,11,0.8322948,0.8365305,0.8373931,0.8349689,0.0055322190746665,0.004235685,0.0015615821,0.0050982833
MQAttn-QLSTM-VQR,3,11,0.8292321,0.83072823,0.8322948,0.8318545,0.0055322190746665,0.0014961362,0.0011262894,0.003062725
MQAttn-QLSTM-VQR,3,11,0.82466596,0.8279626,0.8292321,0.8238845,0.0055322190746665,0.0032966137,0.00407809,0.004566133
MQAttn-QLSTM-VQR,3,11,0.82323825,0.82204103,0.82466596,0.82502633,0.0055322190746665,0.0011972189,0.0029852986,0.00142771
MQAttn-QLSTM-VQR,3,11,0.8180579,0.82091284,0.82323825,0.816571,0.0055322190746665,0.0028549433,0.0043418407,0.005180359
MQAttn-QLSTM-VQR,3,11,0.8113696,0.8165352,0.8180579,0.809723,0.0055322190746665,0.005165577,0.0068121552,0.006688297
MQAttn-QLSTM-VQR,3,11,0.8057227,0.8121125,0.8113696,0.80577993,0.0055322190746665,0.0063897967,0.0063325763,0.0056468844
MQAttn-QLSTM-VQR,3,11,0.79833597,0.8052911,0.8057227,0.7971635,0.0055322190746665,0.006955147,0.00812763,0.007386744
MQAttn-QLSTM-VQR,3,11,0.795983,0.797622,0.79833597,0.7992884,0.0055322190746665,0.0016390085,0.001666367,0.002352953
MQAttn-QLSTM-VQR,3,11,0.7936197,0.79521036,0.795983,0.7948005,0.0055322190746665,0.0015906692,0.00040984154,0.0023633242
MQAttn-QLSTM-VQR,3,11,0.78890646,0.7904255,0.7936197,0.7873646,0.0055322190746665,0.0015190244,0.0030608773,0.0047132373
MQAttn-QLSTM-VQR,3,11,0.7840498,0.7857992,0.78890646,0.78333336,0.0055322190746665,0.0017493963,0.0024658442,0.004856646
MQAttn-QLSTM-VQR,3,18,0.8602412,0.8580202,0.86538845,0.86617476,0.0055322190746665,0.0022209883,0.008154571,0.0051472783
MQAttn-QLSTM-VQR,3,18,0.8547906,0.8523607,0.8602412,0.8572052,0.0055322190746665,0.0024299026,0.0048444867,0.0054505467
MQAttn-QLSTM-VQR,3,18,0.8503286,0.8459163,0.8547906,0.85067445,0.0055322190746665,0.004412353,0.004758179,0.0044620037
MQAttn-QLSTM-VQR,3,18,0.8481276,0.84278244,0.8503286,0.8502848,0.0055322190746665,0.0053451657,0.007502377,0.0022010207
MQAttn-QLSTM-VQR,3,18,0.8426855,0.8396926,0.8481276,0.8421969,0.0055322190746665,0.002992928,0.0025042892,0.005442083
MQAttn-QLSTM-VQR,3,18,0.8442718,0.8398263,0.8426855,0.8492865,0.0055322190746665,0.004445493,0.009460211,0.0015862584
MQAttn-QLSTM-VQR,3,18,0.84443516,0.8437089,0.8442718,0.8452745,0.0055322190746665,0.0007262826,0.0015656352,0.00016337633
MQAttn-QLSTM-VQR,3,18,0.84160876,0.8403352,0.84443516,0.8395689,0.0055322190746665,0.0012735724,0.0007662773,0.0028263927
MQAttn-QLSTM-VQR,3,18,0.83503157,0.8340954,0.84160876,0.8315261,0.0055322190746665,0.00093615055,0.0025693178,0.0065771937
MQAttn-QLSTM-VQR,3,18,0.82699,0.82760406,0.83503157,0.8248416,0.0055322190746665,0.00061404705,0.0027624369,0.008041561
MQAttn-QLSTM-VQR,3,18,0.8176627,0.8187974,0.82699,0.8162286,0.0055322190746665,0.0011346936,0.0025687814,0.009327292
MQAttn-QLSTM-VQR,3,18,0.8105405,0.8104901,0.8176627,0.81128544,0.0055322190746665,5.042553e-05,0.0007953644,0.0071222186
MQAttn-QLSTM-VQR,3,18,0.81091374,0.805507,0.8105405,0.8165611,0.0055322190746665,0.0054067373,0.011054099,0.0003732443
MQAttn-QLSTM-VQR,3,18,0.80017036,0.80637807,0.81091374,0.7939301,0.0055322190746665,0.0062077045,0.012447953,0.01074338
MQAttn-QLSTM-VQR,3,18,0.7893346,0.79611677,0.80017036,0.78623885,0.0055322190746665,0.006782174,0.00987792,0.010835767
MQAttn-QLSTM-VQR,3,18,0.78920835,0.78383523,0.7893346,0.79670143,0.0055322190746665,0.0053731203,0.012866199,0.00012624264
MQAttn-QLSTM-VQR,3,18,0.7873986,0.7842178,0.78920835,0.78979886,0.0055322190746665,0.0031808019,0.005581081,0.0018097758
MQAttn-QLSTM-VQR,3,18,0.78892237,0.7813027,0.7873986,0.7913971,0.0055322190746665,0.007619679,0.010094404,0.0015237927
MQAttn-QLSTM-VQR,3,18,0.7872681,0.7840448,0.78892237,0.78523386,0.0055322190746665,0.0032233,0.0011890531,0.0016542673
MQAttn-QLSTM-VQR,3,18,0.7767956,0.7826186,0.7872681,0.7701117,0.0055322190746665,0.0058229566,0.012506902,0.0104724765
MQAttn-QLSTM-VQR,3,18,0.76847684,0.771368,0.7767956,0.7681226,0.0055322190746665,0.002891183,0.0032454133,0.008318782
MQAttn-QLSTM-VQR,3,18,0.76000047,0.7623535,0.76847684,0.75985795,0.0055322190746665,0.0023530126,0.0024955273,0.0084763765
MQAttn-QLSTM-VQR,3,18,0.75315213,0.7533504,0.76000047,0.7539911,0.0055322190746665,0.00019824505,0.00064074993,0.0068483353
Persistence,4,7,0.8862907,0.8920714,0.8920714,0.8879777,0.0054842215031385,0.005780697,0.0040937066,0.005780697
Persistence,4,7,0.8822545,0.8862907,0.8862907,0.88437545,0.0054842215031385,0.0040362477,0.001915276,0.0040362477
Persistence,4,7,0.87504786,0.8822545,0.8822545,0.8731381,0.0054842215031385,0.007206619,0.009116352,0.007206619
Persistence,4,7,0.8599561,0.87504786,0.87504786,0.8532213,0.0054842215031385,0.015091777,0.021826565,0.015091777
Persistence,4,7,0.84888214,0.8599561,0.8599561,0.8495128,0.0054842215031385,0.011073947,0.01044327,0.011073947
Persistence,4,7,0.8466137,0.84888214,0.84888214,0.85412216,0.0054842215031385,0.0022684336,0.005240023,0.0022684336
Persistence,4,7,0.85430384,0.8466137,0.8466137,0.8645272,0.0054842215031385,0.0076901317,0.01791352,0.0076901317
Persistence,4,7,0.865242,0.85430384,0.85430384,0.8707553,0.0054842215031385,0.010938168,0.016451478,0.010938168
Persistence,4,7,0.86803764,0.865242,0.865242,0.8636861,0.0054842215031385,0.0027956367,0.0015559196,0.0027956367
Persistence,4,7,0.86120874,0.86803764,0.86803764,0.8530257,0.0054842215031385,0.006828904,0.015011966,0.006828904
Persistence,4,7,0.8446959,0.86120874,0.86120874,0.8353551,0.0054842215031385,0.016512811,0.025853634,0.016512811
Persistence,4,7,0.8313005,0.8446959,0.8446959,0.8304859,0.0054842215031385,0.013395429,0.014210045,0.013395429
Persistence,4,7,0.82330114,0.8313005,0.8313005,0.8268595,0.0054842215031385,0.007999361,0.004441023,0.007999361
Persistence,4,7,0.8115089,0.82330114,0.82330114,0.80900556,0.0054842215031385,0.0117922425,0.014295578,0.0117922425
Persistence,4,7,0.81132215,0.8115089,0.8115089,0.8181187,0.0054842215031385,0.00018674135,0.0066097975,0.00018674135
Persistence,4,7,0.81660736,0.81132215,0.81132215,0.82392466,0.0054842215031385,0.0052852035,0.012602508,0.0052852035
Persistence,4,7,0.81998485,0.81660736,0.81660736,0.82161254,0.0054842215031385,0.0033774972,0.005005181,0.0033774972
Persistence,4,7,0.81500256,0.81998485,0.81998485,0.80882174,0.0054842215031385,0.0049822927,0.0111631155,0.0049822927
Persistence,4,7,0.80781275,0.81500256,0.81500256,0.8039217,0.0054842215031385,0.0071898103,0.011080861,0.0071898103
Persistence,4,7,0.8003655,0.80781275,0.80781275,0.8000672,0.0054842215031385,0.0074472427,0.007745564,0.0074472427
Persistence,4,7,0.79685116,0.8003655,0.8003655,0.7997907,0.0054842215031385,0.0035143495,0.0005748272,0.0035143495
Persistence,4,7,0.7983708,0.79685116,0.79685116,0.80243707,0.0054842215031385,0.0015196204,0.005585909,0.0015196204
Persistence,4,7,0.80251235,0.7983708,0.7983708,0.8055832,0.0054842215031385,0.004141569,0.0072124004,0.004141569
Persistence,4,14,0.87774605,0.8921293,0.8921293,0.8733919,0.0054842215031385,0.014383256,0.018737376,0.014383256
Persistence,4,14,0.8687297,0.87774605,0.87774605,0.8714147,0.0054842215031385,0.009016335,0.0063313246,0.009016335
Persistence,4,14,0.8620496,0.8687297,0.8687297,0.86503065,0.0054842215031385,0.006680131,0.0036990643,0.006680131
Persistence,4,14,0.857985,0.8620496,0.8620496,0.8609,0.0054842215031385,0.00406456,0.0011495948,0.00406456
Persistence,4,14,0.84927285,0.857985,0.857985,0.8462889,0.0054842215031385,0.0087121725,0.0116961,0.0087121725
Persistence,4,14,0.8426481,0.84927285,0.84927285,0.84308445,0.0054842215031385,0.0066247582,0.0061883926,0.0066247582
Persistence,4,14,0.84238446,0.8426481,0.8426481,0.84825546,0.0054842215031385,0.00026363134,0.0056073666,0.00026363134
Persistence,4,14,0.8373402,0.84238446,0.84238446,0.83613986,0.0054842215031385,0.0050442815,0.0062446,0.0050442815
Persistence,4,14,0.83305967,0.8373402,0.8373402,0.8323826,0.0054842215031385,0.0042805076,0.0049575567,0.0042805076
Persistence,4,14,0.8295537,0.83305967,0.83305967,0.8300409,0.0054842215031385,0.0035059452,0.0030187964,0.0035059452
Persistence,4,14,0.8224115,0.8295537,0.8295537,0.8205812,0.0054842215031385,0.007142246,0.008972526,0.007142246
Persistence,4,14,0.8182114,0.8224115,0.8224115,0.81962717,0.0054842215031385,0.004200101,0.0027843118,0.004200101
Persistence,4,14,0.8232353,0.8182114,0.8182114,0.8304947,0.0054842215031385,0.0050238967,0.012283325,0.0050238967
Persistence,4,14,0.8268832,0.8232353,0.8232353,0.82889515,0.0054842215031385,0.0036479235,0.0056598783,0.0036479235
Persistence,4,14,0.8287115,0.8268832,0.8268832,0.82766837,0.0054842215031385,0.0018283129,0.000785172,0.0018283129
Persistence,4,14,0.81744623,0.8287115,0.8287115,0.80714804,0.0054842215031385,0.011265278,0.02156347,0.011265278
Persistence,4,14,0.8077257,0.81744623,0.81744623,0.80547124,0.0054842215031385,0.009720504,0.01197499,0.009720504
Persistence,4,14,0.8015311,0.8077257,0.8077257,0.804275,0.0054842215031385,0.006194651,0.0034507513,0.006194651
Persistence,4,14,0.80070364,0.8015311,0.8015311,0.8053121,0.0054842215031385,0.0008274317,0.0037810206,0.0008274317
Persistence,4,14,0.79915076,0.80070364,0.80070364,0.79936844,0.0054842215031385,0.0015528798,0.0013352036,0.0015528798
Persistence,4,14,0.79870003,0.79915076,0.79915076,0.7990799,0.0054842215031385,0.00045073032,7.086992e-05,0.00045073032
Persistence,4,14,0.79869634,0.79870003,0.79870003,0.79998136,0.0054842215031385,3.695488e-06,0.001281321,3.695488e-06
MQAttn-QLSTM-VQR,4,7,0.8862907,0.8854361,0.8920714,0.8879777,0.0054842215031385,0.0008546114,0.0025416017,0.005780697
MQAttn-QLSTM-VQR,4,7,0.8822545,0.8800972,0.8862907,0.88437545,0.0054842215031385,0.002157271,0.0042782426,0.0040362477
MQAttn-QLSTM-VQR,4,7,0.87504786,0.8754014,0.8822545,0.8731381,0.0054842215031385,0.00035351515,0.002263248,0.007206619
MQAttn-QLSTM-VQR,4,7,0.8599561,0.86897254,0.87504786,0.8532213,0.0054842215031385,0.009016454,0.015751243,0.015091777
MQAttn-QLSTM-VQR,4,7,0.84888214,0.8547882,0.8599561,0.8495128,0.0054842215031385,0.0059060454,0.0052753687,0.011073947
MQAttn-QLSTM-VQR,4,7,0.8466137,0.8458134,0.84888214,0.85412216,0.0054842215031385,0.00080031157,0.008308768,0.0022684336
MQAttn-QLSTM-VQR,4,7,0.85430384,0.843247,0.8466137,0.8645272,0.0054842215031385,0.01105684,0.02128023,0.0076901317
MQAttn-QLSTM-VQR,4,7,0.865242,0.8510299,0.85430384,0.8707553,0.0054842215031385,0.0142121315,0.019725442,0.010938168
MQAttn-QLSTM-VQR,4,7,0.86803764,0.8615636,0.865242,0.8636861,0.0054842215031385,0.006474018,0.0021224618,0.0027956367
MQAttn-QLSTM-VQR,4,7,0.86120874,0.8639827,0.86803764,0.8530257,0.0054842215031385,0.0027739406,0.010957003,0.006828904
MQAttn-QLSTM-VQR,4,7,0.8446959,0.85656464,0.86120874,0.8353551,0.0054842215031385,0.011868715,0.021209538,0.016512811
MQAttn-QLSTM-VQR,4,7,0.8313005,0.83982384,0.8446959,0.8304859,0.0054842215031385,0.008523345,0.009337962,0.013395429
MQAttn-QLSTM-VQR,4,7,0.82330114,0.8255181,0.8313005,0.8268595,0.0054842215031385,0.0022169352,0.0013414025,0.007999361
MQAttn-QLSTM-VQR,4,7,0.8115089,0.81828564,0.82330114,0.80900556,0.0054842215031385,0.00677675,0.009280086,0.0117922425
MQAttn-QLSTM-VQR,4,7,0.81132215,0.80817044,0.8115089,0.8181187,0.0054842215031385,0.0031517148,0.009948254,0.00018674135
MQAttn-QLSTM-VQR,4,7,0.81660736,0.8088014,0.81132215,0.82392466,0.0054842215031385,0.0078059435,0.015123248,0.0052852035
MQAttn-QLSTM-VQR,4,7,0.81998485,0.81430286,0.81660736,0.82161254,0.0054842215031385,0.0056819916,0.007309675,0.0033774972
MQAttn-QLSTM-VQR,4,7,0.81500256,0.81819063,0.81998485,0.80882174,0.0054842215031385,0.0031880736,0.0093688965,0.0049822927
MQAttn-QLSTM-VQR,4,7,0.80781275,0.8123861,0.81500256,0.8039217,0.0054842215031385,0.004573345,0.008464396,0.0071898103
MQAttn-QLSTM-VQR,4,7,0.8003655,0.80471414,0.80781275,0.8000672,0.0054842215031385,0.0043486357,0.004646957,0.0074472427
MQAttn-QLSTM-VQR,4,7,0.79685116,0.79633296,0.8003655,0.7997907,0.0054842215031385,0.0005182028,0.003457725,0.0035143495
MQAttn-QLSTM-VQR,4,7,0.7983708,0.79281014,0.79685116,0.80243707,0.0054842215031385,0.0055606365,0.009626925,0.0015196204
MQAttn-QLSTM-VQR,4,7,0.80251235,0.79359895,0.7983708,0.8055832,0.0054842215031385,0.008913398,0.011984229,0.004141569
MQAttn-QLSTM-VQR,4,14,0.87774605,0.885459,0.8921293,0.8733919,0.0054842215031385,0.0077129602,0.01206708,0.014383256
MQAttn-QLSTM-VQR,4,14,0.8687297,0.87218916,0.87774605,0.8714147,0.0054842215031385,0.0034594536,0.00077444315,0.009016335
MQAttn-QLSTM-VQR,4,14,0.8620496,0.8641762,0.8687297,0.86503065,0.0054842215031385,0.0021266341,0.0008544326,0.006680131
MQAttn-QLSTM-VQR,4,14,0.857985,0.85799533,0.8620496,0.8609,0.0054842215031385,1.0311604e-05,0.0029046535,0.00406456
MQAttn-QLSTM-VQR,4,14,0.84927285,0.85506934,0.857985,0.8462889,0.0054842215031385,0.005796492,0.00878042,0.0087121725
MQAttn-QLSTM-VQR,4,14,0.8426481,0.84619004,0.84927285,0.84308445,0.0054842215031385,0.0035419464,0.0031055808,0.0066247582
MQAttn-QLSTM-VQR,4,14,0.84238446,0.8394032,0.8426481,0.84825546,0.0054842215031385,0.0029812455,0.008852243,0.00026363134
MQAttn-QLSTM-VQR,4,14,0.8373402,0.838348,0.84238446,0.83613986,0.0054842215031385,0.0010077953,0.0022081137,0.0050442815
MQAttn-QLSTM-VQR,4,14,0.83305967,0.83275044,0.8373402,0.8323826,0.0054842215031385,0.0003092289,0.00036782026,0.0042805076
MQAttn-QLSTM-VQR,4,14,0.8295537,0.8279037,0.83305967,0.8300409,0.0054842215031385,0.0016500354,0.0021371841,0.0035059452
MQAttn-QLSTM-VQR,4,14,0.8224115,0.8245764,0.8295537,0.8205812,0.0054842215031385,0.0021649003,0.00399518,0.007142246
MQAttn-QLSTM-VQR,4,14,0.8182114,0.81703097,0.8224115,0.81962717,0.0054842215031385,0.0011804104,0.0025961995,0.004200101
MQAttn-QLSTM-VQR,4,14,0.8232353,0.8134978,0.8182114,0.8304947,0.0054842215031385,0.009737492,0.01699692,0.0050238967
MQAttn-QLSTM-VQR,4,14,0.8268832,0.8194745,0.8232353,0.82889515,0.0054842215031385,0.0074086785,0.009420633,0.0036479235
MQAttn-QLSTM-VQR,4,14,0.8287115,0.82377386,0.8268832,0.82766837,0.0054842215031385,0.004937649,0.003894508,0.0018283129
MQAttn-QLSTM-VQR,4,14,0.81744623,0.8259731,0.8287115,0.80714804,0.0054842215031385,0.008526862,0.018825054,0.011265278
MQAttn-QLSTM-VQR,4,14,0.8077257,0.8153554,0.81744623,0.80547124,0.0054842215031385,0.0076296926,0.009884179,0.009720504
MQAttn-QLSTM-VQR,4,14,0.8015311,0.80502886,0.8077257,0.804275,0.0054842215031385,0.0034977794,0.00075387955,0.006194651
MQAttn-QLSTM-VQR,4,14,0.80070364,0.7985742,0.8015311,0.8053121,0.0054842215031385,0.0021294355,0.006737888,0.0008274317
MQAttn-QLSTM-VQR,4,14,0.79915076,0.7974151,0.80070364,0.79936844,0.0054842215031385,0.0017356873,0.0019533634,0.0015528798
MQAttn-QLSTM-VQR,4,14,0.79870003,0.7961401,0.79915076,0.7990799,0.0054842215031385,0.00255996,0.0029398203,0.00045073032
MQAttn-QLSTM-VQR,4,14,0.79869634,0.79472923,0.79870003,0.79998136,0.0054842215031385,0.0039671063,0.005252123,3.695488e-06
Persistence,5,3,0.86380184,0.878641,0.878641,0.86238754,0.0054967519827187,0.014839172,0.016253471,0.014839172
Persistence,5,3,0.85187876,0.86380184,0.86380184,0.8542888,0.0054967519827187,0.011923075,0.0095130205,0.011923075
Persistence,5,3,0.85352826,0.85187876,0.85187876,0.86380047,0.0054967519827187,0.0016494989,0.011921704,0.0016494989
Persistence,5,3,0.85024816,0.85352826,0.85352826,0.85045785,0.0054967519827187,0.0032801032,0.003070414,0.0032801032
Persistence,5,3,0.84553885,0.85024816,0.85024816,0.844327,0.0054967519827187,0.0047093034,0.005921185,0.0047093034
Persistence,5,3,0.8431012,0.84553885,0.84553885,0.84462684,0.0054967519827187,0.0024376512,0.00091201067,0.0024376512
Persistence,5,3,0.84268683,0.8431012,0.8431012,0.8458035,0.0054967519827187,0.0004143715,0.0027022958,0.0004143715
Persistence,5,3,0.84226686,0.84268683,0.84268683,0.8436774,0.0054967519827187,0.00041997433,0.0009905696,0.00041997433
Persistence,5,3,0.8436565,0.84226686,0.84226686,0.8448119,0.0054967519827187,0.0013896227,0.0025450587,0.0013896227
Persistence,5,3,0.8436857,0.8436565,0.8436565,0.84333766,0.0054967519827187,2.9206276e-05,0.00031882524,2.9206276e-05
Persistence,5,3,0.83190763,0.8436857,0.8436857,0.823293,0.0054967519827187,0.011778057,0.020392716,0.011778057
Persistence,5,3,0.81595606,0.83190763,0.83190763,0.8092939,0.0054967519827187,0.015951574,0.022613704,0.015951574
Persistence,5,3,0.8011855,0.81595606,0.81595606,0.79986495,0.0054967519827187,0.014770567,0.016091108,0.014770567
Persistence,5,3,0.7942515,0.8011855,0.8011855,0.7998536,0.0054967519827187,0.006933987,0.0013318658,0.006933987
Persistence,5,3,0.80762786,0.7942515,0.7942515,0.8244732,0.0054967519827187,0.013376355,0.0302217,0.013376355
Persistence,5,3,0.82186174,0.80762786,0.80762786,0.82831514,0.0054967519827187,0.014233887,0.020687282,0.014233887
Persistence,5,3,0.8277441,0.82186174,0.82186174,0.82324696,0.0054967519827187,0.0058823824,0.001385212,0.0058823824
Persistence,5,3,0.82048154,0.8277441,0.8277441,0.8094152,0.0054967519827187,0.0072625875,0.018328905,0.0072625875
Persistence,5,3,0.8091384,0.82048154,0.82048154,0.8033943,0.0054967519827187,0.0113431215,0.017087221,0.0113431215
Persistence,5,3,0.802242,0.8091384,0.8091384,0.804537,0.0054967519827187,0.006896436,0.004601419,0.006896436
Persistence,5,3,0.7957432,0.802242,0.802242,0.79609007,0.0054967519827187,0.006498754,0.0061519146,0.006498754
Persistence,5,3,0.7925288,0.7957432,0.7957432,0.79367363,0.0054967519827187,0.003214419,0.0020695925,0.003214419
Persistence,5,3,0.78882366,0.7925288,0.7925288,0.78867537,0.0054967519827187,0.003705144,0.0038534403,0.003705144
Persistence,5,5,0.8715125,0.88004225,0.88004225,0.8740694,0.0054967519827187,0.008529782,0.0059728622,0.008529782
Persistence,5,5,0.87167877,0.8715125,0.8715125,0.87952185,0.0054967519827187,0.00016629696,0.008009374,0.00016629696
Persistence,5,5,0.8690643,0.87167877,0.87167877,0.8696272,0.0054967519827187,0.0026144981,0.0020515919,0.0026144981
Persistence,5,5,0.85863227,0.8690643,0.8690643,0.8527029,0.0054967519827187,0.010432005,0.016361356,0.010432005
Persistence,5,5,0.8474971,0.85863227,0.85863227,0.84489787,0.0054967519827187,0.011135161,0.0137344,0.011135161
Persistence,5,5,0.8405724,0.8474971,0.8474971,0.8437867,0.0054967519827187,0.006924689,0.0037103891,0.006924689
Persistence,5,5,0.8428812,0.8405724,0.8405724,0.85135525,0.0054967519827187,0.002308786,0.010782838,0.002308786
Persistence,5,5,0.84915835,0.8428812,0.8428812,0.85452765,0.0054967519827187,0.006277144,0.01164645,0.006277144
Persistence,5,5,0.8545028,0.84915835,0.84915835,0.85522854,0.0054967519827187,0.0053444505,0.0060701966,0.0053444505
Persistence,5,5,0.84557265,0.8545028,0.8545028,0.8355601,0.0054967519827187,0.008930147,0.018942714,0.008930147
Persistence,5,5,0.8413325,0.84557265,0.84557265,0.8416284,0.0054967519827187,0.004240155,0.0039442778,0.004240155
Persistence,5,5,0.8356159,0.8413325,0.8413325,0.8357602,0.0054967519827187,0.005716622,0.005572319,0.005716622
Persistence,5,5,0.8246508,0.8356159,0.8356159,0.82023066,0.0054967519827187,0.010965049,0.0153852105,0.010965049
Persistence,5,5,0.8176962,0.8246508,0.8246508,0.81794864,0.0054967519827187,0.0069546103,0.0067021847,0.0069546103
Persistence,5,5,0.81665486,0.8176962,0.8176962,0.82139415,0.0054967519827187,0.0010413527,0.0036979318,0.0010413527
Persistence,5,5,0.82406414,0.81665486,0.81665486,0.8328286,0.0054967519827187,0.0074092746,0.01617372,0.0074092746
Persistence,5,5,0.82814854,0.82406414,0.82406414,0.82844985,0.0054967519827187,0.0040844083,0.0043857098,0.0040844083
Persistence,5,5,0.82623696,0.82814854,0.82814854,0.821103,0.0054967519827187,0.0019115806,0.007045567,0.0019115806
Persistence,5,5,0.820994,0.82623696,0.82623696,0.81731683,0.0054967519827187,0.0052429438,0.008920133,0.0052429438
Persistence,5,5,0.81501365,0.820994,0.820994,0.8141091,0.0054967519827187,0.0059803724,0.0068849325,0.0059803724
Persistence,5,5,0.8089336,0.81501365,0.81501365,0.8085135,0.0054967519827187,0.0060800314,0.006500125,0.0060800314
Persistence,5,5,0.8045314,0.8089336,0.8089336,0.8047877,0.0054967519827187,0.0044022202,0.0041459203,0.0044022202
Persistence,5,5,0.7963531,0.8045314,0.8045314,0.7933096,0.0054967519827187,0.008178294,0.0112217665,0.008178294
MQAttn-QLSTM-VQR,5,3,0.86380184,0.8724352,0.878641,0.86238754,0.0054967519827187,0.008633375,0.010047674,0.014839172
MQAttn-QLSTM-VQR,5,3,0.85187876,0.8576407,0.86380184,0.8542888,0.0054967519827187,0.0057619214,0.0033518672,0.011923075
MQAttn-QLSTM-VQR,5,3,0.85352826,0.84511214,0.85187876,0.86380047,0.0054967519827187,0.008416116,0.018688321,0.0016494989
MQAttn-QLSTM-VQR,5,3,0.85024816,0.84668136,0.85352826,0.85045785,0.0054967519827187,0.0035668015,0.0037764907,0.0032801032
MQAttn-QLSTM-VQR,5,3,0.84553885,0.84229225,0.85024816,0.844327,0.0054967519827187,0.0032466054,0.0020347238,0.0047093034
MQAttn-QLSTM-VQR,5,3,0.8431012,0.84071565,0.84553885,0.84462684,0.0054967519827187,0.0023855567,0.003911197,0.0024376512
MQAttn-QLSTM-VQR,5,3,0.84268683,0.8378499,0.8431012,0.8458035,0.0054967519827187,0.004836917,0.007953584,0.0004143715
MQAttn-QLSTM-VQR,5,3,0.84226686,0.83824867,0.84268683,0.8436774,0.0054967519827187,0.0040181875,0.0054287314,0.00041997433
MQAttn-QLSTM-VQR,5,3,0.8436565,0.8367774,0.84226686,0.8448119,0.0054967519827187,0.0068790913,0.008034527,0.0013896227
MQAttn-QLSTM-VQR,5,3,0.8436857,0.8384939,0.8436565,0.84333766,0.0054967519827187,0.005191803,0.0048437715,2.9206276e-05
MQAttn-QLSTM-VQR,5,3,0.83190763,0.8377338,0.8436857,0.823293,0.0054967519827187,0.005826175,0.0144408345,0.011778057
MQAttn-QLSTM-VQR,5,3,0.81595606,0.82662225,0.83190763,0.8092939,0.0054967519827187,0.010666192,0.017328322,0.015951574
MQAttn-QLSTM-VQR,5,3,0.8011855,0.8100913,0.81595606,0.79986495,0.0054967519827187,0.008905828,0.010226369,0.014770567
MQAttn-QLSTM-VQR,5,3,0.7942515,0.7950668,0.8011855,0.7998536,0.0054967519827187,0.00081527233,0.004786849,0.006933987
MQAttn-QLSTM-VQR,5,3,0.80762786,0.7879848,0.7942515,0.8244732,0.0054967519827187,0.019643068,0.036488414,0.013376355
MQAttn-QLSTM-VQR,5,3,0.82186174,0.8019718,0.80762786,0.82831514,0.0054967519827187,0.01988995,0.026343346,0.014233887
MQAttn-QLSTM-VQR,5,3,0.8277441,0.8159479,0.82186174,0.82324696,0.0054967519827187,0.011796236,0.0072990656,0.0058823824
MQAttn-QLSTM-VQR,5,3,0.82048154,0.8229832,0.8277441,0.8094152,0.0054967519827187,0.0025016665,0.013567984,0.0072625875
MQAttn-QLSTM-VQR,5,3,0.8091384,0.8154589,0.82048154,0.8033943,0.0054967519827187,0.0063204765,0.012064576,0.0113431215
MQAttn-QLSTM-VQR,5,3,0.802242,0.80620027,0.8091384,0.804537,0.0054967519827187,0.003958285,0.0016632676,0.006896436
MQAttn-QLSTM-VQR,5,3,0.7957432,0.79869556,0.802242,0.79609007,0.0054967519827187,0.0029523373,0.0026054978,0.006498754
MQAttn-QLSTM-VQR,5,3,0.7925288,0.7925975,0.7957432,0.79367363,0.0054967519827187,6.866455e-05,0.0010761619,0.003214419
MQAttn-QLSTM-VQR,5,3,0.78882366,0.7883744,0.7925288,0.78867537,0.0054967519827187,0.0004492402,0.00030094385,0.003705144
MQAttn-QLSTM-VQR,5,5,0.8715125,0.872904,0.88004225,0.8740694,0.0054967519827187,0.00139153,0.00116539,0.008529782
MQAttn-QLSTM-VQR,5,5,0.87167877,0.86525947,0.8715125,0.87952185,0.0054967519827187,0.006419301,0.014262378,0.00016629696
MQAttn-QLSTM-VQR,5,5,0.8690643,0.866122,0.87167877,0.8696272,0.0054967519827187,0.002942264,0.0035051703,0.0026144981
MQAttn-QLSTM-VQR,5,5,0.85863227,0.8631984,0.8690643,0.8527029,0.0054967519827187,0.004566133,0.010495484,0.010432005
MQAttn-QLSTM-VQR,5,5,0.8474971,0.85089386,0.85863227,0.84489787,0.0054967519827187,0.0033967495,0.005995989,0.011135161
MQAttn-QLSTM-VQR,5,5,0.8405724,0.84284604,0.8474971,0.8437867,0.0054967519827187,0.0022736192,0.0009406805,0.006924689
MQAttn-QLSTM-VQR,5,5,0.8428812,0.8367192,0.8405724,0.85135525,0.0054967519827187,0.006161988,0.01463604,0.002308786
MQAttn-QLSTM-VQR,5,5,0.84915835,0.83853287,0.8428812,0.85452765,0.0054967519827187,0.010625482,0.015994787,0.006277144
MQAttn-QLSTM-VQR,5,5,0.8545028,0.8455558,0.84915835,0.85522854,0.0054967519827187,0.008947015,0.009672761,0.0053444505
MQAttn-QLSTM-VQR,5,5,0.84557265,0.8493355,0.8545028,0.8355601,0.0054967519827187,0.0037628412,0.013775408,0.008930147
MQAttn-QLSTM-VQR,5,5,0.8413325,0.84135,0.84557265,0.8416284,0.0054967519827187,1.7523766e-05,0.0002783537,0.004240155
MQAttn-QLSTM-VQR,5,5,0.8356159,0.83631223,0.8413325,0.8357602,0.0054967519827187,0.00069636106,0.0005520582,0.005716622
MQAttn-QLSTM-VQR,5,5,0.8246508,0.82951635,0.8356159,0.82023066,0.0054967519827187,0.004865527,0.009285688,0.010965049
MQAttn-QLSTM-VQR,5,5,0.8176962,0.8190836,0.8246508,0.81794864,0.0054967519827187,0.0013873577,0.001134932,0.0069546103
MQAttn-QLSTM-VQR,5,5,0.81665486,0.81184196,0.8176962,0.82139415,0.0054967519827187,0.0048128963,0.009552181,0.0010413527
MQAttn-QLSTM-VQR,5,5,0.82406414,0.8102927,0.81665486,0.8328286,0.0054967519827187,0.013771415,0.02253586,0.0074092746
MQAttn-QLSTM-VQR,5,5,0.82814854,0.81779706,0.82406414,0.82844985,0.0054967519827187,0.010351479,0.0106527805,0.0040844083
MQAttn-QLSTM-VQR,5,5,0.82623696,0.8233665,0.82814854,0.821103,0.0054967519827187,0.0028704405,0.002263546,0.0019115806
MQAttn-QLSTM-VQR,5,5,0.820994,0.8208396,0.82623696,0.81731683,0.0054967519827187,0.00015443563,0.0035227537,0.0052429438
MQAttn-QLSTM-VQR,5,5,0.81501365,0.8168845,0.820994,0.8141091,0.0054967519827187,0.0018708706,0.0027754307,0.0059803724
MQAttn-QLSTM-VQR,5,5,0.8089336,0.81074274,0.81501365,0.8085135,0.0054967519827187,0.0018091202,0.0022292137,0.0060800314
MQAttn-QLSTM-VQR,5,5,0.8045314,0.80481154,0.8089336,0.8047877,0.0054967519827187,0.00028014183,2.3841858e-05,0.0044022202
MQAttn-QLSTM-VQR,5,5,0.7963531,0.8001205,0.8045314,0.7933096,0.0054967519827187,0.0037673712,0.006810844,0.008178294
Persistence,6,6,0.88975173,0.89517194,0.89517194,0.8901097,0.0056627201847732,0.005420208,0.0050622225,0.005420208
Persistence,6,6,0.8844058,0.88975173,0.88975173,0.8845384,0.0056627201847732,0.0053459406,0.0052133203,0.0053459406
Persistence,6,6,0.8796831,0.8844058,0.8844058,0.88003206,0.0056627201847732,0.0047227144,0.004373729,0.0047227144
Persistence,6,6,0.8685219,0.8796831,0.8796831,0.86393785,0.0056627201847732,0.011161149,0.015745223,0.011161149
Persistence,6,6,0.85531336,0.8685219,0.8685219,0.85191804,0.0056627201847732,0.013208568,0.016603887,0.013208568
Persistence,6,6,0.84527916,0.85531336,0.85531336,0.84655106,0.0056627201847732,0.0100342035,0.0087623,0.0100342035
Persistence,6,6,0.8381722,0.84527916,0.84527916,0.8410362,0.0056627201847732,0.00710696,0.0042429566,0.00710696
Persistence,6,6,0.83072233,0.8381722,0.8381722,0.8311087,0.0056627201847732,0.0074498653,0.007063508,0.0074498653
Persistence,6,6,0.8255949,0.83072233,0.83072233,0.826916,0.0056627201847732,0.00512743,0.0038063526,0.00512743
Persistence,6,6,0.8189723,0.8255949,0.8255949,0.8187067,0.0056627201847732,0.0066226125,0.006888211,0.0066226125
Persistence,6,6,0.81530386,0.8189723,0.8189723,0.8177571,0.0056627201847732,0.0036684275,0.0012151599,0.0036684275
Persistence,6,6,0.8170719,0.81530386,0.81530386,0.82221174,0.0056627201847732,0.0017680526,0.0069078803,0.0017680526
Persistence,6,6,0.81581235,0.8170719,0.8170719,0.8154538,0.0056627201847732,0.0012595654,0.0016180873,0.0012595654
Persistence,6,6,0.8110964,0.81581235,0.81581235,0.80811554,0.0056627201847732,0.004715979,0.0076968074,0.004715979
Persistence,6,6,0.8082009,0.8110964,0.8110964,0.80867493,0.0056627201847732,0.0028954744,0.0024214387,0.0028954744
Persistence,6,6,0.81034005,0.8082009,0.8082009,0.8150423,0.0056627201847732,0.002139151,0.006841421,0.002139151
Persistence,6,6,0.80829453,0.81034005,0.81034005,0.8069653,0.0056627201847732,0.0020455122,0.0033747554,0.0020455122
Persistence,6,6,0.80186325,0.80829453,0.80829453,0.7971569,0.0056627201847732,0.0064312816,0.011137664,0.0064312816
Persistence,6,6,0.7943854,0.80186325,0.80186325,0.7919337,0.0056627201847732,0.0074778795,0.009929538,0.0074778795
Persistence,6,6,0.7884783,0.7943854,0.7943854,0.78955144,0.0056627201847732,0.0059070587,0.0048339367,0.0059070587
Persistence,6,6,0.79125845,0.7884783,0.7884783,0.7982195,0.0056627201847732,0.0027801394,0.009741187,0.0027801394
Persistence,6,6,0.7911631,0.79125845,0.79125845,0.7910288,0.0056627201847732,9.536743e-05,0.0002296567,9.536743e-05
Persistence,6,6,0.7923482,0.7911631,0.7911631,0.79262084,0.0056627201847732,0.0011851192,0.0014577508,0.0011851192
Persistence,6,15,0.8717196,0.88120705,0.88120705,0.8724049,0.0056627201847732,0.00948745,0.0088021755,0.00948745
Persistence,6,15,0.8680467,0.8717196,0.8717196,0.87314415,0.0056627201847732,0.0036728978,0.001424551,0.0036728978
Persistence,6,15,0.86082107,0.8680467,0.8680467,0.85962033,0.0056627201847732,0.0072256327,0.008426368,0.0072256327
Persistence,6,15,0.85357535,0.86082107,0.86082107,0.85267913,0.0056627201847732,0.0072457194,0.008141935,0.0072457194
Persistence,6,15,0.84735775,0.85357535,0.85357535,0.84834564,0.0056627201847732,0.006217599,0.0052297115,0.006217599
Persistence,6,15,0.84049565,0.84735775,0.84735775,0.8407997,0.0056627201847732,0.006862104,0.0065580606,0.006862104
Persistence,6,15,0.8387064,0.84049565,0.84049565,0.84251374,0.0056627201847732,0.0017892718,0.002018094,0.0017892718
Persistence,6,15,0.8392511,0.8387064,0.8387064,0.8422961,0.0056627201847732,0.00054472685,0.0035897493,0.00054472685
Persistence,6,15,0.838258,0.8392511,0.8392511,0.8382839,0.0056627201847732,0.000993073,0.00096720457,0.000993073
Persistence,6,15,0.83637214,0.838258,0.838258,0.8357488,0.0056627201847732,0.001885891,0.0025092363,0.001885891
Persistence,6,15,0.8346101,0.83637214,0.83637214,0.8347425,0.0056627201847732,0.0017620325,0.0016296506,0.0017620325
Persistence,6,15,0.83088505,0.8346101,0.8346101,0.8298506,0.0056627201847732,0.0037250519,0.0047594905,0.0037250519
Persistence,6,15,0.8209634,0.83088505,0.83088505,0.81573904,0.0056627201847732,0.00992167,0.015146017,0.00992167
Persistence,6,15,0.8123464,0.8209634,0.8209634,0.8110497,0.0056627201847732,0.008616984,0.009913683,0.008616984
Persistence,6,15,0.8086857,0.8123464,0.8123464,0.8123055,0.0056627201847732,0.0036606789,4.0888786e-05,0.0036606789
Persistence,6,15,0.8055827,0.8086857,0.8086857,0.8074114,0.0056627201847732,0.0031030178,0.0012743473,0.0031030178
Persistence,6,15,0.8031753,0.8055827,0.8055827,0.80365896,0.0056627201847732,0.0024074316,0.0019237399,0.0024074316
Persistence,6,15,0.8008719,0.8031753,0.8031753,0.80093294,0.0056627201847732,0.002303362,0.0022423267,0.002303362
Persistence,6,15,0.79290617,0.8008719,0.8008719,0.7892152,0.0056627201847732,0.007965744,0.011656702,0.007965744
Persistence,6,15,0.78966856,0.79290617,0.79290617,0.7919648,0.0056627201847732,0.003237605,0.00094133615,0.003237605
MQAttn-QLSTM-VQR,6,6,0.88975173,0.886159,0.89517194,0.8901097,0.0056627201847732,0.0035927296,0.003950715,0.005420208
MQAttn-QLSTM-VQR,6,6,0.8844058,0.88082415,0.88975173,0.8845384,0.0056627201847732,0.003581643,0.0037142634,0.0053459406
MQAttn-QLSTM-VQR,6,6,0.8796831,0.8826956,0.8844058,0.88003206,0.0056627201847732,0.003012538,0.0026635528,0.0047227144
MQAttn-QLSTM-VQR,6,6,0.8685219,0.88084775,0.8796831,0.86393785,0.0056627201847732,0.012325823,0.016909897,0.011161149
MQAttn-QLSTM-VQR,6,6,0.85531336,0.86681235,0.8685219,0.85191804,0.0056627201847732,0.011498988,0.014894307,0.013208568
MQAttn-QLSTM-VQR,6,6,0.84527916,0.84937257,0.85531336,0.84655106,0.0056627201847732,0.0040934086,0.002821505,0.0100342035
MQAttn-QLSTM-VQR,6,6,0.8381722,0.84010917,0.84527916,0.8410362,0.0056627201847732,0.0019369721,0.00092703104,0.00710696
MQAttn-QLSTM-VQR,6,6,0.83072233,0.832995,0.8381722,0.8311087,0.0056627201847732,0.0022726655,0.0018863082,0.0074498653
MQAttn-QLSTM-VQR,6,6,0.8255949,0.8259578,0.83072233,0.826916,0.0056627201847732,0.00036287308,0.00095820427,0.00512743
MQAttn-QLSTM-VQR,6,6,0.8189723,0.823049,0.8255949,0.8187067,0.0056627201847732,0.0040767193,0.0043423176,0.0066226125
MQAttn-QLSTM-VQR,6,6,0.81530386,0.8162276,0.8189723,0.8177571,0.0056627201847732,0.0009237528,0.0015295148,0.0036684275
MQAttn-QLSTM-VQR,6,6,0.8170719,0.8089117,0.81530386,0.82221174,0.0056627201847732,0.0081602335,0.013300061,0.0017680526
MQAttn-QLSTM-VQR,6,6,0.81581235,0.8163067,0.8170719,0.8154538,0.0056627201847732,0.0004943609,0.00085288286,0.0012595654
MQAttn-QLSTM-VQR,6,6,0.8110964,0.81535566,0.81581235,0.80811554,0.0056627201847732,0.0042592883,0.0072401166,0.004715979
MQAttn-QLSTM-VQR,6,6,0.8082009,0.8079909,0.8110964,0.80867493,0.0056627201847732,0.00020998716,0.0006840229,0.0028954744
MQAttn-QLSTM-VQR,6,6,0.81034005,0.8046405,0.8082009,0.8150423,0.0056627201847732,0.005699575,0.010401845,0.002139151
MQAttn-QLSTM-VQR,6,6,0.80829453,0.8045493,0.81034005,0.8069653,0.0056627201847732,0.0037452579,0.0024160147,0.0020455122
MQAttn-QLSTM-VQR,6,6,0.80186325,0.80247766,0.80829453,0.7971569,0.0056627201847732,0.0006144047,0.0053207874,0.0064312816
MQAttn-QLSTM-VQR,6,6,0.7943854,0.79561365,0.80186325,0.7919337,0.0056627201847732,0.0012282729,0.0036799312,0.0074778795
MQAttn-QLSTM-VQR,6,6,0.7884783,0.7881436,0.7943854,0.78955144,0.0056627201847732,0.00033473969,0.0014078617,0.0059070587
MQAttn-QLSTM-VQR,6,6,0.79125845,0.78138596,0.7884783,0.7982195,0.0056627201847732,0.009872496,0.016833544,0.0027801394
MQAttn-QLSTM-VQR,6,6,0.7911631,0.7865883,0.79125845,0.7910288,0.0056627201847732,0.0045747757,0.0044404864,9.536743e-05
MQAttn-QLSTM-VQR,6,6,0.7923482,0.7860755,0.7911631,0.79262084,0.0056627201847732,0.006272733,0.006545365,0.0011851192
MQAttn-QLSTM-VQR,6,15,0.8717196,0.87514937,0.88120705,0.8724049,0.0056627201847732,0.0034297705,0.0027444959,0.00948745
MQAttn-QLSTM-VQR,6,15,0.8680467,0.86572236,0.8717196,0.87314415,0.0056627201847732,0.0023243427,0.0074217916,0.0036728978
MQAttn-QLSTM-VQR,6,15,0.86082107,0.86153114,0.8680467,0.85962033,0.0056627201847732,0.00071007013,0.0019108057,0.0072256327
MQAttn-QLSTM-VQR,6,15,0.85357535,0.8543593,0.86082107,0.85267913,0.0056627201847732,0.0007839799,0.0016801953,0.0072457194
MQAttn-QLSTM-VQR,6,15,0.84735775,0.8466838,0.85357535,0.84834564,0.0056627201847732,0.0006739497,0.0016618371,0.006217599
MQAttn-QLSTM-VQR,6,15,0.84049565,0.83929074,0.84735775,0.8407997,0.0056627201847732,0.0012049079,0.0015089512,0.006862104
MQAttn-QLSTM-VQR,6,15,0.8387064,0.8340565,0.84049565,0.84251374,0.0056627201847732,0.0046498775,0.008457243,0.0017892718
MQAttn-QLSTM-VQR,6,15,0.8392511,0.83342135,0.8387064,0.8422961,0.0056627201847732,0.0058297515,0.008874774,0.00054472685
MQAttn-QLSTM-VQR,6,15,0.838258,0.83505946,0.8392511,0.8382839,0.0056627201847732,0.003198564,0.0032244325,0.000993073
MQAttn-QLSTM-VQR,6,15,0.83637214,0.8338578,0.838258,0.8357488,0.0056627201847732,0.0025143623,0.001891017,0.001885891
MQAttn-QLSTM-VQR,6,15,0.8346101,0.83313215,0.83637214,0.8347425,0.0056627201847732,0.0014779568,0.0016103387,0.0017620325
MQAttn-QLSTM-VQR,6,15,0.83088505,0.82967436,0.8346101,0.8298506,0.0056627201847732,0.0012106895,0.00017625093,0.0037250519
MQAttn-QLSTM-VQR,6,15,0.8209634,0.82857513,0.83088505,0.81573904,0.0056627201847732,0.0076117516,0.012836099,0.00992167
MQAttn-QLSTM-VQR,6,15,0.8123464,0.81938946,0.8209634,0.8110497,0.0056627201847732,0.0070430636,0.008339763,0.008616984
MQAttn-QLSTM-VQR,6,15,0.8086857,0.8092489,0.8123464,0.8123055,0.0056627201847732,0.0005632043,0.0030565858,0.0036606789
MQAttn-QLSTM-VQR,6,15,0.8055827,0.80981785,0.8086857,0.8074114,0.0056627201847732,0.0042351484,0.002406478,0.0031030178
MQAttn-QLSTM-VQR,6,15,0.8031753,0.800587,0.8055827,0.80365896,0.0056627201847732,0.002588272,0.0030719638,0.0024074316
MQAttn-QLSTM-VQR,6,15,0.8008719,0.7960718,0.8031753,0.80093294,0.0056627201847732,0.0048000813,0.0048611164,0.002303362
MQAttn-QLSTM-VQR,6,15,0.79290617,0.79391,0.8008719,0.7892152,0.0056627201847732,0.0010038614,0.0046948195,0.007965744
MQAttn-QLSTM-VQR,6,15,0.78966856,0.7850787,0.79290617,0.7919648,0.0056627201847732,0.0045898557,0.0068861246,0.003237605
Persistence,7,8,0.89839995,0.9017133,0.9017133,0.90064675,0.0054476531222462,0.0033133626,0.0010665655,0.0033133626
Persistence,7,8,0.8883719,0.89839995,0.89839995,0.88429236,0.0054476531222462,0.010028064,0.014107585,0.010028064
Persistence,7,8,0.8770479,0.8883719,0.8883719,0.87401485,0.0054476531222462,0.011323988,0.01435703,0.011323988
Persistence,7,8,0.87024885,0.8770479,0.8770479,0.87282014,0.0054476531222462,0.006799042,0.0042277575,0.006799042
Persistence,7,8,0.86803865,0.87024885,0.87024885,0.8729449,0.0054476531222462,0.0022101998,0.0026960373,0.0022101998
Persistence,7,8,0.8603048,0.86803865,0.86803865,0.8575645,0.0054476531222462,0.0077338815,0.010474145,0.0077338815
Persistence,7,8,0.85124344,0.8603048,0.8603048,0.84833086,0.0054476531222462,0.0090613365,0.0119739175,0.0090613365
Persistence,7,8,0.835513,0.85124344,0.85124344,0.82999146,0.0054476531222462,0.01573044,0.021251976,0.01573044
Persistence,7,8,0.8263239,0.835513,0.835513,0.82971585,0.0054476531222462,0.009189069,0.0057971478,0.009189069
Persistence,7,8,0.8229825,0.8263239,0.8263239,0.8287887,0.0054476531222462,0.0033414364,0.0024647713,0.0033414364
Persistence,7,8,0.82302344,0.8229825,0.8229825,0.82702684,0.0054476531222462,4.094839e-05,0.004044354,4.094839e-05
Persistence,7,8,0.82136583,0.82302344,0.82302344,0.8211693,0.0054476531222462,0.0016576052,0.0018541217,0.0016576052
Persistence,7,8,0.8179489,0.82136583,0.82136583,0.81672496,0.0054476531222462,0.0034169555,0.0046408772,0.0034169555
Persistence,7,8,0.8128484,0.8179489,0.8179489,0.8119489,0.0054476531222462,0.0051004887,0.0059999824,0.0051004887
Persistence,7,8,0.80695885,0.8128484,0.8128484,0.80631554,0.0054476531222462,0.005889535,0.006532848,0.005889535
Persistence,7,8,0.80764204,0.80695885,0.80695885,0.8121565,0.0054476531222462,0.00068318844,0.0051976442,0.00068318844
Persistence,7,8,0.8053985,0.80764204,0.80764204,0.8049148,0.0054476531222462,0.0022435188,0.0027272701,0.0022435188
Persistence,7,8,0.7994216,0.8053985,0.8053985,0.7960426,0.0054476531222462,0.0059769154,0.009355903,0.0059769154
Persistence,7,8,0.7958956,0.7994216,0.7994216,0.7964955,0.0054476531222462,0.003526032,0.0029261112,0.003526032
Persistence,7,8,0.79358774,0.7958956,0.7958956,0.79534715,0.0054476531222462,0.0023078322,0.00054842234,0.0023078322
Persistence,7,8,0.7913475,0.79358774,0.79358774,0.79208946,0.0054476531222462,0.0022402406,0.001498282,0.0022402406
Persistence,7,8,0.7890898,0.7913475,0.7913475,0.78874314,0.0054476531222462,0.0022577047,0.0026043653,0.0022577047
Persistence,7,8,0.7851366,0.7890898,0.7890898,0.78373265,0.0054476531222462,0.0039532185,0.0053571463,0.0039532185
Persistence,7,10,0.8812594,0.8877018,0.8877018,0.8826901,0.0054476531222462,0.0064424276,0.0050117373,0.0064424276
Persistence,7,10,0.87596154,0.8812594,0.8812594,0.87818635,0.0054476531222462,0.0052978396,0.0030730367,0.0052978396
Persistence,7,10,0.87697875,0.87596154,0.87596154,0.88232356,0.0054476531222462,0.0010172129,0.006362021,0.0010172129
Persistence,7,10,0.87208104,0.87697875,0.87697875,0.86945295,0.0054476531222462,0.0048977137,0.0075258017,0.0048977137
Persistence,7,10,0.8668421,0.87208104,0.87208104,0.86518914,0.0054476531222462,0.0052389503,0.0068919063,0.0052389503
Persistence,7,10,0.86631876,0.8668421,0.8668421,0.8699678,0.0054476531222462,0.0005233288,0.0031257272,0.0005233288
Persistence,7,10,0.8702149,0.86631876,0.86631876,0.8755109,0.0054476531222462,0.0038961172,0.009192109,0.0038961172
Persistence,7,10,0.8748219,0.8702149,0.8702149,0.8770293,0.0054476531222462,0.004607022,0.00681442,0.004607022
Persistence,7,10,0.8718848,0.8748219,0.8748219,0.8664172,0.0054476531222462,0.0029370785,0.008404672,0.0029370785
Persistence,7,10,0.8632296,0.8718848,0.8718848,0.8571021,0.0054476531222462,0.00865525,0.014782727,0.00865525
Persistence,7,10,0.8524154,0.8632296,0.8632296,0.84933686,0.0054476531222462,0.01081419,0.01389271,0.01081419
Persistence,7,10,0.8381798,0.8524154,0.8524154,0.83461636,0.0054476531222462,0.014235556,0.01779902,0.014235556
Persistence,7,10,0.8331223,0.8381798,0.8381798,0.8379713,0.0054476531222462,0.0050575137,0.00020849705,0.0050575137
Persistence,7,10,0.8365936,0.8331223,0.8331223,0.8445855,0.0054476531222462,0.003471315,0.011463165,0.003471315
Persistence,7,10,0.8432626,0.8365936,0.8365936,0.8484766,0.0054476531222462,0.006668985,0.011882961,0.006668985
Persistence,7,10,0.8430471,0.8432626,0.8432626,0.8394557,0.0054476531222462,0.0002155304,0.003806889,0.0002155304
Persistence,7,10,0.83568525,0.8430471,0.8430471,0.82897156,0.0054476531222462,0.0073618293,0.014075518,0.0073618293
Persistence,7,10,0.8308019,0.83568525,0.83568525,0.8312218,0.0054476531222462,0.004883349,0.004463434,0.004883349
Persistence,7,10,0.82682,0.8308019,0.8308019,0.82842606,0.0054476531222462,0.0039818883,0.0023758411,0.0039818883
Persistence,7,10,0.8235313,0.82682,0.82682,0.82392335,0.0054476531222462,0.0032886863,0.0028966665,0.0032886863
Persistence,7,10,0.8145864,0.8235313,0.8235313,0.8096079,0.0054476531222462,0.008944929,0.013923407,0.008944929
Persistence,7,10,0.8035725,0.8145864,0.8145864,0.8001174,0.0054476531222462,0.011013925,0.0144690275,0.011013925
MQAttn-QLSTM-VQR,7,8,0.89839995,0.89111084,0.9017133,0.90064675,0.0054476531222462,0.0072891116,0.009535909,0.0033133626
MQAttn-QLSTM-VQR,7,8,0.8883719,0.88825303,0.89839995,0.88429236,0.0054476531222462,0.00011885166,0.003960669,0.010028064
MQAttn-QLSTM-VQR,7,8,0.8770479,0.8793396,0.8883719,0.87401485,0.0054476531222462,0.0022916794,0.0053247213,0.011323988
MQAttn-QLSTM-VQR,7,8,0.87024885,0.8686899,0.8770479,0.87282014,0.0054476531222462,0.0015589595,0.0041302443,0.006799042
MQAttn-QLSTM-VQR,7,8,0.86803865,0.86258346,0.87024885,0.8729449,0.0054476531222462,0.005455196,0.010361433,0.0022101998
MQAttn-QLSTM-VQR,7,8,0.8603048,0.8647702,0.86803865,0.8575645,0.0054476531222462,0.004465401,0.007205665,0.0077338815
MQAttn-QLSTM-VQR,7,8,0.85124344,0.85770065,0.8603048,0.84833086,0.0054476531222462,0.0064572096,0.009369791,0.0090613365
MQAttn-QLSTM-VQR,7,8,0.835513,0.8492971,0.85124344,0.82999146,0.0054476531222462,0.013784111,0.019305646,0.01573044
MQAttn-QLSTM-VQR,7,8,0.8263239,0.8330117,0.835513,0.82971585,0.0054476531222462,0.0066877604,0.0032958388,0.009189069
MQAttn-QLSTM-VQR,7,8,0.8229825,0.8226123,0.8263239,0.8287887,0.0054476531222462,0.00037020445,0.006176412,0.0033414364
MQAttn-QLSTM-VQR,7,8,0.82302344,0.81756735,0.8229825,0.82702684,0.0054476531222462,0.00545609,0.009459496,4.094839e-05
MQAttn-QLSTM-VQR,7,8,0.82136583,0.81685984,0.82302344,0.8211693,0.0054476531222462,0.004505992,0.0043094754,0.0016576052
MQAttn-QLSTM-VQR,7,8,0.8179489,0.81482804,0.82136583,0.81672496,0.0054476531222462,0.0031208396,0.0018969178,0.0034169555
MQAttn-QLSTM-VQR,7,8,0.8128484,0.8121628,0.8179489,0.8119489,0.0054476531222462,0.0006855726,0.00021392107,0.0051004887
MQAttn-QLSTM-VQR,7,8,0.80695885,0.80733037,0.8128484,0.80631554,0.0054476531222462,0.00037151575,0.0010148287,0.005889535
MQAttn-QLSTM-VQR,7,8,0.80764204,0.8016532,0.80695885,0.8121565,0.0054476531222462,0.0059888363,0.010503292,0.00068318844
MQAttn-QLSTM-VQR,7,8,0.8053985,0.8021071,0.80764204,0.8049148,0.0054476531222462,0.003291428,0.0028076768,0.0022435188
MQAttn-QLSTM-VQR,7,8,0.7994216,0.8013496,0.8053985,0.7960426,0.0054476531222462,0.0019279718,0.005306959,0.0059769154
MQAttn-QLSTM-VQR,7,8,0.7958956,0.7953274,0.7994216,0.7964955,0.0054476531222462,0.0005681515,0.0011680722,0.003526032
MQAttn-QLSTM-VQR,7,8,0.79358774,0.7921237,0.7958956,0.79534715,0.0054476531222462,0.0014640689,0.0032234788,0.0023078322
MQAttn-QLSTM-VQR,7,8,0.7913475,0.78897536,0.79358774,0.79208946,0.0054476531222462,0.0023721457,0.0031141043,0.0022402406
MQAttn-QLSTM-VQR,7,8,0.7890898,0.7875185,0.7913475,0.78874314,0.0054476531222462,0.0015712976,0.001224637,0.0022577047
MQAttn-QLSTM-VQR,7,8,0.7851366,0.784672,0.7890898,0.78373265,0.0054476531222462,0.0004645586,0.0009393692,0.0039532185
MQAttn-QLSTM-VQR,7,10,0.8812594,0.8784324,0.8877018,0.8826901,0.0054476531222462,0.0028269887,0.004257679,0.0064424276
MQAttn-QLSTM-VQR,7,10,0.87596154,0.87413275,0.8812594,0.87818635,0.0054476531222462,0.0018287897,0.0040535927,0.0052978396
MQAttn-QLSTM-VQR,7,10,0.87697875,0.8731446,0.87596154,0.88232356,0.0054476531222462,0.0038341284,0.0091789365,0.0010172129
MQAttn-QLSTM-VQR,7,10,0.87208104,0.8729991,0.87697875,0.86945295,0.0054476531222462,0.00091803074,0.0035461187,0.0048977137
MQAttn-QLSTM-VQR,7,10,0.8668421,0.8672573,0.87208104,0.86518914,0.0054476531222462,0.00041520596,0.002068162,0.0052389503
MQAttn-QLSTM-VQR,7,10,0.86631876,0.8636187,0.8668421,0.8699678,0.0054476531222462,0.0027000904,0.0063491464,0.0005233288
MQAttn-QLSTM-VQR,7,10,0.8702149,0.86079186,0.86631876,0.8755109,0.0054476531222462,0.0094230175,0.014719009,0.0038961172
MQAttn-QLSTM-VQR,7,10,0.8748219,0.86483526,0.8702149,0.8770293,0.0054476531222462,0.009986639,0.012194037,0.004607022
MQAttn-QLSTM-VQR,7,10,0.8718848,0.86874413,0.8748219,0.8664172,0.0054476531222462,0.003140688,0.0023269057,0.0029370785
MQAttn-QLSTM-VQR,7,10,0.8632296,0.8639201,0.8718848,0.8571021,0.0054476531222462,0.0006905198,0.0068179965,0.00865525
MQAttn-QLSTM-VQR,7,10,0.8524154,0.85473657,0.8632296,0.84933686,0.0054476531222462,0.0023211837,0.005399704,0.01081419
MQAttn-QLSTM-VQR,7,10,0.8381798,0.8451542,0.8524154,0.83461636,0.0054476531222462,0.006974399,0.010537863,0.014235556
MQAttn-QLSTM-VQR,7,10,0.8331223,0.8332879,0.8381798,0.8379713,0.0054476531222462,0.0001655817,0.004683435,0.0050575137
MQAttn-QLSTM-VQR,7,10,0.8365936,0.8286446,0.8331223,0.8445855,0.0054476531222462,0.007949054,0.015940905,0.003471315
MQAttn-QLSTM-VQR,7,10,0.8432626,0.83171225,0.8365936,0.8484766,0.0054476531222462,0.011550367,0.016764343,0.006668985
MQAttn-QLSTM-VQR,7,10,0.8430471,0.83772916,0.8432626,0.8394557,0.0054476531222462,0.0053179264,0.0017265677,0.0002155304
MQAttn-QLSTM-VQR,7,10,0.83568525,0.83715403,0.8430471,0.82897156,0.0054476531222462,0.0014687777,0.008182466,0.0073618293
MQAttn-QLSTM-VQR,7,10,0.8308019,0.829288,0.83568525,0.8312218,0.0054476531222462,0.0015138984,0.0019338131,0.004883349
MQAttn-QLSTM-VQR,7,10,0.82682,0.8248718,0.8308019,0.82842606,0.0054476531222462,0.0019482374,0.0035542846,0.0039818883
MQAttn-QLSTM-VQR,7,10,0.8235313,0.82062167,0.82682,0.82392335,0.0054476531222462,0.0029096603,0.00330168,0.0032886863
MQAttn-QLSTM-VQR,7,10,0.8145864,0.81785524,0.8235313,0.8096079,0.0054476531222462,0.003268838,0.008247316,0.008944929
MQAttn-QLSTM-VQR,7,10,0.8035725,0.80836034,0.8145864,0.8001174,0.0054476531222462,0.0047878623,0.008242965,0.011013925
Persistence,8,12,0.90002984,0.9059325,0.9059325,0.89965,0.0056117167696356,0.005902648,0.0062825084,0.005902648
Persistence,8,12,0.88923687,0.90002984,0.90002984,0.8855096,0.0056117167696356,0.010792971,0.014520228,0.010792971
Persistence,8,12,0.87767106,0.88923687,0.88923687,0.8753226,0.0056117167696356,0.0115658045,0.013914287,0.0115658045
Persistence,8,12,0.8739828,0.87767106,0.87767106,0.87928826,0.0056117167696356,0.0036882758,0.0016171932,0.0036882758
Persistence,8,12,0.87492675,0.8739828,0.8739828,0.8807088,0.0056117167696356,0.00094395876,0.0067260265,0.00094395876
Persistence,8,12,0.87504387,0.87492675,0.87492675,0.87602335,0.0056117167696356,0.00011712313,0.0010966063,0.00011712313
Persistence,8,12,0.87760997,0.87504387,0.87504387,0.8793386,0.0056117167696356,0.0025660992,0.004294753,0.0025660992
Persistence,8,12,0.8801019,0.87760997,0.87760997,0.88145787,0.0056117167696356,0.002491951,0.003847897,0.002491951
Persistence,8,12,0.8738701,0.8801019,0.8801019,0.86845046,0.0056117167696356,0.0062318444,0.011651456,0.0062318444
Persistence,8,12,0.865847,0.8738701,0.8738701,0.8620723,0.0056117167696356,0.008023083,0.011797786,0.008023083
Persistence,8,12,0.8544704,0.865847,0.865847,0.8507111,0.0056117167696356,0.011376619,0.015135884,0.011376619
Persistence,8,12,0.8372065,0.8544704,0.8544704,0.83155227,0.0056117167696356,0.01726389,0.022918105,0.01726389
Persistence,8,12,0.83504474,0.8372065,0.8372065,0.84379613,0.0056117167696356,0.0021617413,0.006589651,0.0021617413
Persistence,8,12,0.8285201,0.83504474,0.83504474,0.8285985,0.0056117167696356,0.0065246224,0.0064462423,0.0065246224
Persistence,8,12,0.82626516,0.8285201,0.8285201,0.8286263,0.0056117167696356,0.002254963,0.00010615587,0.002254963
Persistence,8,12,0.821249,0.82626516,0.82626516,0.8200065,0.0056117167696356,0.005016148,0.0062586665,0.005016148
Persistence,8,12,0.8166651,0.821249,0.821249,0.8169389,0.0056117167696356,0.004583895,0.004310131,0.004583895
Persistence,8,12,0.8135439,0.8166651,0.8166651,0.81543,0.0056117167696356,0.0031211972,0.0012351274,0.0031211972
Persistence,8,12,0.80594957,0.8135439,0.8135439,0.80296576,0.0056117167696356,0.007594347,0.0105781555,0.007594347
Persistence,8,12,0.8007102,0.80594957,0.80594957,0.8011042,0.0056117167696356,0.0052393675,0.004845381,0.0052393675
Persistence,8,12,0.79671764,0.8007102,0.8007102,0.7981325,0.0056117167696356,0.0039925575,0.002577722,0.0039925575
Persistence,8,12,0.78941154,0.79671764,0.79671764,0.7875563,0.0056117167696356,0.007306099,0.009161353,0.007306099
Persistence,8,12,0.7868462,0.78941154,0.78941154,0.78935623,0.0056117167696356,0.0025653243,5.531311e-05,0.0025653243
Persistence,8,17,0.8863075,0.8947364,0.8947364,0.88460386,0.0056117167696356,0.008428931,0.010132551,0.008428931
Persistence,8,17,0.8787694,0.8863075,0.8863075,0.8785371,0.0056117167696356,0.00753808,0.0077703595,0.00753808
Persistence,8,17,0.8758942,0.8787694,0.8787694,0.87928426,0.0056117167696356,0.0028752089,0.0005148649,0.0028752089
Persistence,8,17,0.87374264,0.8758942,0.8758942,0.87586355,0.0056117167696356,0.0021515489,3.0636787e-05,0.0021515489
Persistence,8,17,0.8705092,0.87374264,0.87374264,0.8702913,0.0056117167696356,0.0032334328,0.0034513474,0.0032334328
Persistence,8,17,0.8679359,0.8705092,0.8705092,0.86810833,0.0056117167696356,0.0025733113,0.002400875,0.0025733113
Persistence,8,17,0.8556565,0.8679359,0.8679359,0.8488397,0.0056117167696356,0.012279391,0.019096196,0.012279391
Persistence,8,17,0.847178,0.8556565,0.8556565,0.84749323,0.0056117167696356,0.008478522,0.008163273,0.008478522
Persistence,8,17,0.84300923,0.847178,0.847178,0.84671694,0.0056117167696356,0.004168749,0.00046104193,0.004168749
Persistence,8,17,0.8357066,0.84300923,0.84300923,0.8345817,0.0056117167696356,0.007302642,0.00842756,0.007302642
Persistence,8,17,0.8343915,0.8357066,0.8357066,0.83772355,0.0056117167696356,0.0013151169,0.0020169616,0.0013151169
Persistence,8,17,0.8306458,0.8343915,0.8343915,0.8302204,0.0056117167696356,0.003745675,0.0041710734,0.003745675
Persistence,8,17,0.8274754,0.8306458,0.8306458,0.8281061,0.0056117167696356,0.003170371,0.0025396943,0.003170371
Persistence,8,17,0.8289869,0.8274754,0.8274754,0.83286464,0.0056117167696356,0.0015114546,0.0053892136,0.0015114546
Persistence,8,17,0.8276623,0.8289869,0.8289869,0.82703626,0.0056117167696356,0.001324594,0.0019506216,0.001324594
Persistence,8,17,0.82433385,0.8276623,0.8276623,0.82250845,0.0056117167696356,0.0033284426,0.005153835,0.0033284426
Persistence,8,17,0.8221723,0.82433385,0.82433385,0.82237285,0.0056117167696356,0.0021615624,0.0019609928,0.0021615624
Persistence,8,17,0.8080104,0.8221723,0.8221723,0.79946065,0.0056117167696356,0.014161885,0.022711635,0.014161885
Persistence,8,17,0.79550105,0.8080104,0.8080104,0.79318243,0.0056117167696356,0.012509346,0.014827967,0.012509346
Persistence,8,17,0.788829,0.79550105,0.79550105,0.7925143,0.0056117167696356,0.0066720247,0.0029867291,0.0066720247
Persistence,8,17,0.78471535,0.788829,0.788829,0.7881266,0.0056117167696356,0.004113674,0.00070244074,0.004113674
Persistence,8,17,0.7820456,0.78471535,0.78471535,0.78366435,0.0056117167696356,0.0026697516,0.0010510087,0.0026697516
MQAttn-QLSTM-VQR,8,12,0.90002984,0.89863324,0.9059325,0.89965,0.0056117167696356,0.0013965964,0.001016736,0.005902648
MQAttn-QLSTM-VQR,8,12,0.88923687,0.89356107,0.90002984,0.8855096,0.0056117167696356,0.004324198,0.008051455,0.010792971
MQAttn-QLSTM-VQR,8,12,0.87767106,0.882798,0.88923687,0.8753226,0.0056117167696356,0.005126953,0.0074754357,0.0115658045
MQAttn-QLSTM-VQR,8,12,0.8739828,0.87149763,0.87767106,0.87928826,0.0056117167696356,0.002485156,0.007790625,0.0036882758
MQAttn-QLSTM-VQR,8,12,0.87492675,0.8684565,0.8739828,0.8807088,0.0056117167696356,0.006470263,0.012252331,0.00094395876
MQAttn-QLSTM-VQR,8,12,0.87504387,0.87287956,0.87492675,0.87602335,0.0056117167696356,0.0021643043,0.0031437874,0.00011712313
MQAttn-QLSTM-VQR,8,12,0.87760997,0.8726311,0.87504387,0.8793386,0.0056117167696356,0.004978895,0.006707549,0.0025660992
MQAttn-QLSTM-VQR,8,12,0.8801019,0.87430906,0.87760997,0.88145787,0.0056117167696356,0.005792856,0.0071488023,0.002491951
MQAttn-QLSTM-VQR,8,12,0.8738701,0.8754293,0.8801019,0.86845046,0.0056117167696356,0.0015591979,0.00697881,0.0062318444
MQAttn-QLSTM-VQR,8,12,0.865847,0.8682501,0.8738701,0.8620723,0.0056117167696356,0.0024030805,0.006177783,0.008023083
MQAttn-QLSTM-VQR,8,12,0.8544704,0.8605934,0.865847,0.8507111,0.0056117167696356,0.0061230063,0.009882271,0.011376619
MQAttn-QLSTM-VQR,8,12,0.8372065,0.84912044,0.8544704,0.83155227,0.0056117167696356,0.011913955,0.017568171,0.01726389
MQAttn-QLSTM-VQR,8,12,0.83504474,0.8323293,0.8372065,0.84379613,0.0056117167696356,0.0027154684,0.011466861,0.0021617413
MQAttn-QLSTM-VQR,8,12,0.8285201,0.83096045,0.83504474,0.8285985,0.0056117167696356,0.0024403334,0.0023619533,0.0065246224
MQAttn-QLSTM-VQR,8,12,0.82626516,0.82523835,0.8285201,0.8286263,0.0056117167696356,0.0010268092,0.003387928,0.002254963
MQAttn-QLSTM-VQR,8,12,0.821249,0.82270837,0.82626516,0.8200065,0.0056117167696356,0.0014593601,0.0027018785,0.005016148
MQAttn-QLSTM-VQR,8,12,0.8166651,0.8182686,0.821249,0.8169389,0.0056117167696356,0.0016034842,0.00132972,0.004583895
MQAttn-QLSTM-VQR,8,12,0.8135439,0.8135551,0.8166651,0.81543,0.0056117167696356,1.1205673e-05,0.0018748641,0.0031211972
MQAttn-QLSTM-VQR,8,12,0.80594957,0.8091906,0.8135439,0.80296576,0.0056117167696356,0.0032410026,0.006224811,0.007594347
MQAttn-QLSTM-VQR,8,12,0.8007102,0.80226994,0.80594957,0.8011042,0.0056117167696356,0.0015597343,0.0011657476,0.0052393675
MQAttn-QLSTM-VQR,8,12,0.79671764,0.7974347,0.8007102,0.7981325,0.0056117167696356,0.0007170439,0.0006977916,0.0039925575
MQAttn-QLSTM-VQR,8,12,0.78941154,0.7938663,0.79671764,0.7875563,0.0056117167696356,0.004454732,0.006309986,0.007306099
MQAttn-QLSTM-VQR,8,12,0.7868462,0.78633296,0.78941154,0.78935623,0.0056117167696356,0.0005132556,0.0030232668,0.0025653243
MQAttn-QLSTM-VQR,8,17,0.8863075,0.8875599,0.8947364,0.88460386,0.0056117167696356,0.0012524128,0.0029560328,0.008428931
MQAttn-QLSTM-VQR,8,17,0.8787694,0.8802546,0.8863075,0.8785371,0.0056117167696356,0.0014852285,0.0017175078,0.00753808
MQAttn-QLSTM-VQR,8,17,0.8758942,0.87487495,0.8787694,0.87928426,0.0056117167696356,0.0010192394,0.004409313,0.0028752089
MQAttn-QLSTM-VQR,8,17,0.87374264,0.8719307,0.8758942,0.87586355,0.0056117167696356,0.0018119216,0.0039328337,0.0021515489
MQAttn-QLSTM-VQR,8,17,0.8705092,0.86906356,0.87374264,0.8702913,0.0056117167696356,0.001445651,0.0012277365,0.0032334328
MQAttn-QLSTM-VQR,8,17,0.8679359,0.8671779,0.8705092,0.86810833,0.0056117167696356,0.00075799227,0.0009304285,0.0025733113
MQAttn-QLSTM-VQR,8,17,0.8556565,0.86466384,0.8679359,0.8488397,0.0056117167696356,0.009007335,0.01582414,0.012279391
MQAttn-QLSTM-VQR,8,17,0.847178,0.85206705,0.8556565,0.84749323,0.0056117167696356,0.004889071,0.004573822,0.008478522
MQAttn-QLSTM-VQR,8,17,0.84300923,0.84287703,0.847178,0.84671694,0.0056117167696356,0.0001322031,0.00383991,0.004168749
MQAttn-QLSTM-VQR,8,17,0.8357066,0.83844244,0.84300923,0.8345817,0.0056117167696356,0.0027358532,0.0038607717,0.007302642
MQAttn-QLSTM-VQR,8,17,0.8343915,0.8310658,0.8357066,0.83772355,0.0056117167696356,0.0033257008,0.006657779,0.0013151169
MQAttn-QLSTM-VQR,8,17,0.8306458,0.83023566,0.8343915,0.8302204,0.0056117167696356,0.00041013956,1.5258789e-05,0.003745675
MQAttn-QLSTM-VQR,8,17,0.8274754,0.82547987,0.8306458,0.8281061,0.0056117167696356,0.0019955635,0.0026262403,0.003170371
MQAttn-QLSTM-VQR,8,17,0.8289869,0.82301366,0.8274754,0.83286464,0.0056117167696356,0.00597322,0.009850979,0.0015114546
MQAttn-QLSTM-VQR,8,17,0.8276623,0.8249694,0.8289869,0.82703626,0.0056117167696356,0.0026928782,0.0020668507,0.001324594
MQAttn-QLSTM-VQR,8,17,0.82433385,0.82384306,0.8276623,0.82250845,0.0056117167696356,0.00049078465,0.0013346076,0.0033284426
MQAttn-QLSTM-VQR,8,17,0.8221723,0.8203576,0.82433385,0.82237285,0.0056117167696356,0.0018146634,0.002015233,0.0021615624
MQAttn-QLSTM-VQR,8,17,0.8080104,0.8175775,0.8221723,0.79946065,0.0056117167696356,0.009567082,0.018116832,0.014161885
MQAttn-QLSTM-VQR,8,17,0.79550105,0.8049472,0.8080104,0.79318243,0.0056117167696356,0.009446144,0.011764765,0.012509346
MQAttn-QLSTM-VQR,8,17,0.788829,0.79275286,0.79550105,0.7925143,0.0056117167696356,0.0039238334,0.00023853779,0.0066720247
MQAttn-QLSTM-VQR,8,17,0.78471535,0.78551054,0.788829,0.7881266,0.0056117167696356,0.00079518557,0.0026160479,0.004113674
MQAttn-QLSTM-VQR,8,17,0.7820456,0.78203267,0.78471535,0.78366435,0.0056117167696356,1.2934208e-05,0.0016316772,0.0026697516
Persistence,9,1,0.8989041,0.90255606,0.90255606,0.90152186,0.0057734414003789,0.0036519766,0.0010342002,0.0036519766
Persistence,9,1,0.89001435,0.8989041,0.8989041,0.8875078,0.0057734414003789,0.008889735,0.011396289,0.008889735
Persistence,9,1,0.87938654,0.89001435,0.89001435,0.87623525,0.0057734414003789,0.010627806,0.013779104,0.010627806
Persistence,9,1,0.8669862,0.87938654,0.87938654,0.8647164,0.0057734414003789,0.012400329,0.014670134,0.012400329
Persistence,9,1,0.8558226,0.8669862,0.8669862,0.8563263,0.0057734414003789,0.011163592,0.010659933,0.011163592
Persistence,9,1,0.84877163,0.8558226,0.8558226,0.851942,0.0057734414003789,0.007050991,0.00388062,0.007050991
Persistence,9,1,0.84787625,0.84877163,0.84877163,0.85325265,0.0057734414003789,0.000895381,0.0044810176,0.000895381
Persistence,9,1,0.84779346,0.84787625,0.84787625,0.85035527,0.0057734414003789,8.279085e-05,0.0024790168,8.279085e-05
Persistence,9,1,0.8471325,0.84779346,0.84779346,0.8476322,0.0057734414003789,0.0006609559,0.00016123056,0.0006609559
Persistence,9,1,0.84348625,0.8471325,0.8471325,0.84171885,0.0057734414003789,0.0036462545,0.0054136515,0.0036462545
Persistence,9,1,0.83930993,0.84348625,0.84348625,0.8386773,0.0057734414003789,0.0041763186,0.0048089623,0.0041763186
Persistence,9,1,0.8363824,0.83930993,0.83930993,0.837412,0.0057734414003789,0.0029275417,0.0018979311,0.0029275417
Persistence,9,1,0.83529115,0.8363824,0.8363824,0.8369826,0.0057734414003789,0.0010912418,0.0006002188,0.0010912418
Persistence,9,1,0.8298793,0.83529115,0.83529115,0.8270432,0.0057734414003789,0.0054118633,0.008247972,0.0054118633
Persistence,9,1,0.8259066,0.8298793,0.8298793,0.82566714,0.0057734414003789,0.003972709,0.004212141,0.003972709
Persistence,9,1,0.8247921,0.8259066,0.8259066,0.82726884,0.0057734414003789,0.0011144876,0.0013622642,0.0011144876
Persistence,9,1,0.81717896,0.8247921,0.8247921,0.8133968,0.0057734414003789,0.0076131225,0.011395276,0.0076131225
Persistence,9,1,0.81082004,0.81717896,0.81717896,0.8097343,0.0057734414003789,0.0063589215,0.0074446797,0.0063589215
Persistence,9,1,0.80628186,0.81082004,0.81082004,0.8073882,0.0057734414003789,0.0045381784,0.0034318566,0.0045381784
Persistence,9,1,0.8034765,0.80628186,0.80628186,0.8055926,0.0057734414003789,0.0028053522,0.0006892681,0.0028053522
Persistence,9,1,0.8013143,0.8034765,0.8034765,0.80232096,0.0057734414003789,0.002162218,0.0011555552,0.002162218
Persistence,9,1,0.79567486,0.8013143,0.8013143,0.79296273,0.0057734414003789,0.005639434,0.008351564,0.005639434
Persistence,9,1,0.78961426,0.79567486,0.79567486,0.78846586,0.0057734414003789,0.0060606003,0.007209003,0.0060606003
Persistence,9,4,0.8781462,0.8829227,0.8829227,0.88166666,0.0057734414003789,0.0047765374,0.0012560487,0.0047765374
Persistence,9,4,0.8723824,0.8781462,0.8781462,0.87332374,0.0057734414003789,0.005763769,0.004822433,0.005763769
Persistence,9,4,0.87242347,0.8723824,0.8723824,0.87643296,0.0057734414003789,4.10676e-05,0.004050553,4.10676e-05
Persistence,9,4,0.86690855,0.87242347,0.87242347,0.8645134,0.0057734414003789,0.0055149198,0.007910073,0.0055149198
Persistence,9,4,0.8603516,0.86690855,0.86690855,0.85882026,0.0057734414003789,0.006556928,0.008088291,0.006556928
Persistence,9,4,0.8554004,0.8603516,0.8603516,0.85634005,0.0057734414003789,0.0049512386,0.0040115714,0.0049512386
Persistence,9,4,0.85226345,0.8554004,0.8554004,0.85419565,0.0057734414003789,0.0031369328,0.0012047291,0.0031369328
Persistence,9,4,0.84939295,0.85226345,0.85226345,0.8502348,0.0057734414003789,0.0028705,0.002028644,0.0028705
Persistence,9,4,0.8430241,0.84939295,0.84939295,0.84026927,0.0057734414003789,0.0063688755,0.009123683,0.0063688755
Persistence,9,4,0.8392495,0.8430241,0.8430241,0.8402345,0.0057734414003789,0.0037745833,0.002789557,0.0037745833
Persistence,9,4,0.8343821,0.8392495,0.8392495,0.834485,0.0057734414003789,0.004867375,0.0047644973,0.004867375
Persistence,9,4,0.8311625,0.8343821,0.8343821,0.8322948,0.0057734414003789,0.0032196045,0.002087295,0.0032196045
Persistence,9,4,0.83146995,0.8311625,0.8311625,0.83432955,0.0057734414003789,0.00030744076,0.0031670332,0.00030744076
Persistence,9,4,0.8312257,0.83146995,0.83146995,0.8319402,0.0057734414003789,0.00024425983,0.00047022104,0.00024425983
Persistence,9,4,0.82662797,0.8312257,0.8312257,0.82366824,0.0057734414003789,0.0045977235,0.0075574517,0.0045977235
Persistence,9,4,0.8193106,0.82662797,0.82662797,0.81606257,0.0057734414003789,0.007317364,0.0105654,0.007317364
Persistence,9,4,0.8160003,0.8193106,0.8193106,0.8181406,0.0057734414003789,0.0033103228,0.0011699796,0.0033103228
Persistence,9,4,0.8135779,0.8160003,0.8160003,0.81540626,0.0057734414003789,0.0024223924,0.0005940199,0.0024223924
Persistence,9,4,0.8171035,0.8135779,0.8135779,0.8217398,0.0057734414003789,0.0035256147,0.008161902,0.0035256147
Persistence,9,4,0.8181894,0.8171035,0.8171035,0.8178603,0.0057734414003789,0.0010858774,0.0007568002,0.0010858774
Persistence,9,4,0.8162481,0.8181894,0.8181894,0.81382936,0.0057734414003789,0.0019412637,0.00436002,0.0019412637
Persistence,9,4,0.81351554,0.8162481,0.8162481,0.8124174,0.0057734414003789,0.002732575,0.003830731,0.002732575
Persistence,9,4,0.8108896,0.81351554,0.81351554,0.81091505,0.0057734414003789,0.0026259422,0.002600491,0.0026259422
MQAttn-QLSTM-VQR,9,1,0.8989041,0.8937535,0.90255606,0.90152186,0.0057734414003789,0.0051505566,0.007768333,0.0036519766
MQAttn-QLSTM-VQR,9,1,0.89001435,0.89018124,0.8989041,0.8875078,0.0057734414003789,0.000166893,0.0026734471,0.008889735
MQAttn-QLSTM-VQR,9,1,0.87938654,0.8817768,0.89001435,0.87623525,0.0057734414003789,0.0023902655,0.005541563,0.010627806
MQAttn-QLSTM-VQR,9,1,0.8669862,0.8727063,0.87938654,0.8647164,0.0057734414003789,0.005720079,0.007989883,0.012400329
MQAttn-QLSTM-VQR,9,1,0.8558226,0.8611058,0.8669862,0.8563263,0.0057734414003789,0.005283177,0.0047795177,0.011163592
MQAttn-QLSTM-VQR,9,1,0.84877163,0.8518171,0.8558226,0.851942,0.0057734414003789,0.0030454397,0.00012493134,0.007050991
MQAttn-QLSTM-VQR,9,1,0.84787625,0.84418166,0.84877163,0.85325265,0.0057734414003789,0.003694594,0.0090709925,0.000895381
MQAttn-QLSTM-VQR,9,1,0.84779346,0.84408617,0.84787625,0.85035527,0.0057734414003789,0.0037072897,0.0062690973,8.279085e-05
MQAttn-QLSTM-VQR,9,1,0.8471325,0.8429326,0.84779346,0.8476322,0.0057734414003789,0.004199922,0.0046996474,0.0006609559
MQAttn-QLSTM-VQR,9,1,0.84348625,0.84211534,0.8471325,0.84171885,0.0057734414003789,0.0013709068,0.0003964901,0.0036462545
MQAttn-QLSTM-VQR,9,1,0.83930993,0.83765656,0.84348625,0.8386773,0.0057734414003789,0.0016533732,0.0010207295,0.0041763186
MQAttn-QLSTM-VQR,9,1,0.8363824,0.83431524,0.83930993,0.837412,0.0057734414003789,0.0020671487,0.0030967593,0.0029275417
MQAttn-QLSTM-VQR,9,1,0.83529115,0.8311423,0.8363824,0.8369826,0.0057734414003789,0.004148841,0.0058403015,0.0010912418
MQAttn-QLSTM-VQR,9,1,0.8298793,0.83030397,0.83529115,0.8270432,0.0057734414003789,0.0004246831,0.0032607913,0.0054118633
MQAttn-QLSTM-VQR,9,1,0.8259066,0.82572013,0.8298793,0.82566714,0.0057734414003789,0.00018644333,5.298853e-05,0.003972709
MQAttn-QLSTM-VQR,9,1,0.8247921,0.8221172,0.8259066,0.82726884,0.0057734414003789,0.0026748776,0.0051516294,0.0011144876
MQAttn-QLSTM-VQR,9,1,0.81717896,0.82066655,0.8247921,0.8133968,0.0057734414003789,0.003487587,0.00726974,0.0076131225
MQAttn-QLSTM-VQR,9,1,0.81082004,0.81327444,0.81717896,0.8097343,0.0057734414003789,0.0024544,0.0035401583,0.0063589215
MQAttn-QLSTM-VQR,9,1,0.80628186,0.8067042,0.81082004,0.8073882,0.0057734414003789,0.0004223585,0.0006839633,0.0045381784
MQAttn-QLSTM-VQR,9,1,0.8034765,0.80230296,0.80628186,0.8055926,0.0057734414003789,0.0011735559,0.00328964,0.0028053522
MQAttn-QLSTM-VQR,9,1,0.8013143,0.7987794,0.8034765,0.80232096,0.0057734414003789,0.0025348663,0.0035415292,0.002162218
MQAttn-QLSTM-VQR,9,1,0.79567486,0.79810154,0.8013143,0.79296273,0.0057734414003789,0.002426684,0.0051388144,0.005639434
MQAttn-QLSTM-VQR,9,1,0.78961426,0.79172933,0.79567486,0.78846586,0.0057734414003789,0.0021150708,0.0032634735,0.0060606003
MQAttn-QLSTM-VQR,9,4,0.8781462,0.87615514,0.8829227,0.88166666,0.0057734414003789,0.0019910336,0.0055115223,0.0047765374
MQAttn-QLSTM-VQR,9,4,0.8723824,0.8715565,0.8781462,0.87332374,0.0057734414003789,0.00082588196,0.0017672181,0.005763769
MQAttn-QLSTM-VQR,9,4,0.87242347,0.867242,0.8723824,0.87643296,0.0057734414003789,0.0051814914,0.009190977,4.10676e-05
MQAttn-QLSTM-VQR,9,4,0.86690855,0.8672466,0.87242347,0.8645134,0.0057734414003789,0.00033807755,0.0027332306,0.0055149198
MQAttn-QLSTM-VQR,9,4,0.8603516,0.86197215,0.86690855,0.85882026,0.0057734414003789,0.0016205311,0.0031518936,0.006556928
MQAttn-QLSTM-VQR,9,4,0.8554004,0.856646,0.8603516,0.85634005,0.0057734414003789,0.0012456179,0.00030595064,0.0049512386
MQAttn-QLSTM-VQR,9,4,0.85226345,0.8508269,0.8554004,0.85419565,0.0057734414003789,0.0014365315,0.0033687353,0.0031369328
MQAttn-QLSTM-VQR,9,4,0.84939295,0.84778184,0.85226345,0.8502348,0.0057734414003789,0.0016111135,0.0024529696,0.0028705
MQAttn-QLSTM-VQR,9,4,0.8430241,0.84405696,0.84939295,0.84026927,0.0057734414003789,0.0010328889,0.0037876964,0.0063688755
MQAttn-QLSTM-VQR,9,4,0.8392495,0.8375912,0.8430241,0.8402345,0.0057734414003789,0.0016583204,0.0026433468,0.0037745833
MQAttn-QLSTM-VQR,9,4,0.8343821,0.83369803,0.8392495,0.834485,0.0057734414003789,0.0006840825,0.0007869601,0.004867375
MQAttn-QLSTM-VQR,9,4,0.8311625,0.82944775,0.8343821,0.8322948,0.0057734414003789,0.001714766,0.0028470755,0.0032196045
MQAttn-QLSTM-VQR,9,4,0.83146995,0.8260555,0.8311625,0.83432955,0.0057734414003789,0.0054144263,0.008274019,0.00030744076
MQAttn-QLSTM-VQR,9,4,0.8312257,0.82657117,0.83146995,0.8319402,0.0057734414003789,0.0046545267,0.0053690076,0.00024425983
MQAttn-QLSTM-VQR,9,4,0.82662797,0.8270489,0.8312257,0.82366824,0.0057734414003789,0.000420928,0.0033806562,0.0045977235
MQAttn-QLSTM-VQR,9,4,0.8193106,0.82222223,0.82662797,0.81606257,0.0057734414003789,0.0029116273,0.006159663,0.007317364
MQAttn-QLSTM-VQR,9,4,0.8160003,0.8154649,0.8193106,0.8181406,0.0057734414003789,0.0005353689,0.002675712,0.0033103228
MQAttn-QLSTM-VQR,9,4,0.8135779,0.8120305,0.8160003,0.81540626,0.0057734414003789,0.0015473962,0.0033757687,0.0024223924
MQAttn-QLSTM-VQR,9,4,0.8171035,0.81030124,0.8135779,0.8217398,0.0057734414003789,0.006802261,0.011438549,0.0035256147
MQAttn-QLSTM-VQR,9,4,0.8181894,0.8130088,0.8171035,0.8178603,0.0057734414003789,0.0051805973,0.00485152,0.0010858774
MQAttn-QLSTM-VQR,9,4,0.8162481,0.8145711,0.8181894,0.81382936,0.0057734414003789,0.0016770363,0.0007417202,0.0019412637
MQAttn-QLSTM-VQR,9,4,0.81351554,0.8128707,0.8162481,0.8124174,0.0057734414003789,0.00064486265,0.00045329332,0.002732575
MQAttn-QLSTM-VQR,9,4,0.8108896,0.81029636,0.81351554,0.81091505,0.0057734414003789,0.00059324503,0.0006186962,0.0026259422
Persistence,10,13,0.8919457,0.8951817,0.8951817,0.89387727,0.005604965146631,0.0032359958,0.0013044477,0.0032359958
Persistence,10,13,0.8873722,0.8919457,0.8919457,0.8872821,0.005604965146631,0.004573524,0.004663646,0.004573524
Persistence,10,13,0.8875275,0.8873722,0.8873722,0.8906314,0.005604965146631,0.0001553297,0.003259182,0.0001553297
Persistence,10,13,0.88580495,0.8875275,0.8875275,0.8858322,0.005604965146631,0.0017225742,0.0016953349,0.0017225742
Persistence,10,13,0.8844818,0.88580495,0.88580495,0.8848437,0.005604965146631,0.0013231635,0.0009612441,0.0013231635
Persistence,10,13,0.88108313,0.8844818,0.8844818,0.8797299,0.005604965146631,0.0033986568,0.004751861,0.0033986568
Persistence,10,13,0.87839246,0.88108313,0.88108313,0.87848204,0.005604965146631,0.0026906729,0.002601087,0.0026906729
Persistence,10,13,0.86665964,0.87839246,0.87839246,0.8601056,0.005604965146631,0.011732817,0.018286884,0.011732817
Persistence,10,13,0.84392476,0.86665964,0.86665964,0.8327076,0.005604965146631,0.02273488,0.033952057,0.02273488
Persistence,10,13,0.8306551,0.84392476,0.84392476,0.83351034,0.005604965146631,0.013269663,0.010414422,0.013269663
Persistence,10,13,0.8231329,0.8306551,0.8306551,0.8292711,0.005604965146631,0.0075222254,0.0013840199,0.0075222254
Persistence,10,13,0.8177814,0.8231329,0.8231329,0.82093954,0.005604965146631,0.005351484,0.0021933317,0.005351484
Persistence,10,13,0.816878,0.8177814,0.8177814,0.82007676,0.005604965146631,0.000903368,0.0022953749,0.000903368
Persistence,10,13,0.8190158,0.816878,0.816878,0.82287234,0.005604965146631,0.0021377802,0.00599432,0.0021377802
Persistence,10,13,0.8217023,0.8190158,0.8190158,0.82472265,0.005604965146631,0.0026865005,0.0057068467,0.0026865005
Persistence,10,13,0.8219545,0.8217023,0.8217023,0.82127243,0.005604965146631,0.00025218725,0.0004298687,0.00025218725
Persistence,10,13,0.81815076,0.8219545,0.8219545,0.8146525,0.005604965146631,0.00380373,0.007301986,0.00380373
Persistence,10,13,0.8158416,0.81815076,0.81815076,0.81610477,0.005604965146631,0.0023091435,0.002045989,0.0023091435
Persistence,10,13,0.813919,0.8158416,0.8158416,0.814834,0.005604965146631,0.0019226074,0.0010076165,0.0019226074
Persistence,10,13,0.80965793,0.813919,0.813919,0.8079595,0.005604965146631,0.0042610765,0.005959511,0.0042610765
Persistence,10,13,0.80422896,0.80965793,0.80965793,0.8021756,0.005604965146631,0.00542897,0.00748235,0.00542897
Persistence,10,13,0.7982522,0.80422896,0.80422896,0.79717004,0.005604965146631,0.0059767365,0.0070589185,0.0059767365
Persistence,10,16,0.883452,0.8934387,0.8934387,0.8818277,0.005604965146631,0.009986699,0.011610985,0.009986699
Persistence,10,16,0.8628266,0.883452,0.883452,0.85351205,0.005604965146631,0.020625412,0.02993995,0.020625412
Persistence,10,16,0.8497043,0.8628266,0.8628266,0.85120857,0.005604965146631,0.013122261,0.011618018,0.013122261
Persistence,10,16,0.8441118,0.8497043,0.8497043,0.85171896,0.005604965146631,0.005592525,0.002014637,0.005592525
Persistence,10,16,0.8407491,0.8441118,0.8441118,0.84525865,0.005604965146631,0.0033627152,0.001146853,0.0033627152
Persistence,10,16,0.84131515,0.8407491,0.8407491,0.8445039,0.005604965146631,0.0005660653,0.0037547946,0.0005660653
Persistence,10,16,0.84279734,0.84131515,0.84131515,0.8447513,0.005604965146631,0.0014821887,0.0034361482,0.0014821887
Persistence,10,16,0.8445251,0.84279734,0.84279734,0.84667486,0.005604965146631,0.0017277598,0.0038775206,0.0017277598
Persistence,10,16,0.84500784,0.8445251,0.8445251,0.8452644,0.005604965146631,0.00048273802,0.0007392764,0.00048273802
Persistence,10,16,0.8450863,0.84500784,0.84500784,0.8446674,0.005604965146631,7.843971e-05,0.00034046173,7.843971e-05
Persistence,10,16,0.8434499,0.8450863,0.8450863,0.8422364,0.005604965146631,0.0016363859,0.0028498769,0.0016363859
Persistence,10,16,0.8245629,0.8434499,0.8434499,0.8112598,0.005604965146631,0.018886983,0.032190084,0.018886983
Persistence,10,16,0.81000364,0.8245629,0.8245629,0.8077768,0.005604965146631,0.014559269,0.016786098,0.014559269
Persistence,10,16,0.80970716,0.81000364,0.81000364,0.8203719,0.005604965146631,0.0002964735,0.010368288,0.0002964735
Persistence,10,16,0.8199276,0.80970716,0.80970716,0.8319933,0.005604965146631,0.010220408,0.022286117,0.010220408
Persistence,10,16,0.82799983,0.8199276,0.8199276,0.8294752,0.005604965146631,0.008072257,0.009547651,0.008072257
Persistence,10,16,0.828294,0.82799983,0.82799983,0.8219822,0.005604965146631,0.00029414892,0.0060176253,0.00029414892
Persistence,10,16,0.82578194,0.828294,0.828294,0.8228044,0.005604965146631,0.0025120378,0.005489588,0.0025120378
Persistence,10,16,0.8233431,0.82578194,0.82578194,0.8239294,0.005604965146631,0.0024388433,0.0018525124,0.0024388433
Persistence,10,16,0.8192738,0.8233431,0.8233431,0.8179935,0.005604965146631,0.0040692687,0.0053495765,0.0040692687
Persistence,10,16,0.8171632,0.8192738,0.8192738,0.81704307,0.005604965146631,0.0021106005,0.0022307634,0.0021106005
Persistence,10,16,0.8129161,0.8171632,0.8171632,0.8111669,0.005604965146631,0.004247129,0.0059963465,0.004247129
Persistence,10,16,0.8064882,0.8129161,0.8129161,0.8044414,0.005604965146631,0.006427884,0.008474708,0.006427884
MQAttn-QLSTM-VQR,10,13,0.8919457,0.8872707,0.8951817,0.89387727,0.005604965146631,0.0046750307,0.006606579,0.0032359958
MQAttn-QLSTM-VQR,10,13,0.8873722,0.88463444,0.8919457,0.8872821,0.005604965146631,0.0027377605,0.0026476383,0.004573524
MQAttn-QLSTM-VQR,10,13,0.8875275,0.8805969,0.8873722,0.8906314,0.005604965146631,0.0069306493,0.010034502,0.0001553297
MQAttn-QLSTM-VQR,10,13,0.88580495,0.882656,0.8875275,0.8858322,0.005604965146631,0.003148973,0.0031762123,0.0017225742
MQAttn-QLSTM-VQR,10,13,0.8844818,0.8841578,0.88580495,0.8848437,0.005604965146631,0.00032401085,0.00068593025,0.0013231635
MQAttn-QLSTM-VQR,10,13,0.88108313,0.8820304,0.8844818,0.8797299,0.005604965146631,0.0009472966,0.0023005009,0.0033986568
MQAttn-QLSTM-VQR,10,13,0.87839246,0.8788184,0.88108313,0.87848204,0.005604965146631,0.0004259348,0.000336349,0.0026906729
MQAttn-QLSTM-VQR,10,13,0.86665964,0.87613326,0.87839246,0.8601056,0.005604965146631,0.009473622,0.016027689,0.011732817
MQAttn-QLSTM-VQR,10,13,0.84392476,0.86421263,0.86665964,0.8327076,0.005604965146631,0.020287871,0.03150505,0.02273488
MQAttn-QLSTM-VQR,10,13,0.8306551,0.84076107,0.84392476,0.83351034,0.005604965146631,0.0101059675,0.007250726,0.013269663
MQAttn-QLSTM-VQR,10,13,0.8231329,0.82771796,0.8306551,0.8292711,0.005604965146631,0.0045850873,0.0015531182,0.0075222254
MQAttn-QLSTM-VQR,10,13,0.8177814,0.8204397,0.8231329,0.82093954,0.005604965146631,0.0026583076,0.00049984455,0.005351484
MQAttn-QLSTM-VQR,10,13,0.816878,0.8152764,0.8177814,0.82007676,0.005604965146631,0.0016016364,0.0048003793,0.000903368
MQAttn-QLSTM-VQR,10,13,0.8190158,0.81391513,0.816878,0.82287234,0.005604965146631,0.0051006675,0.008957207,0.0021377802
MQAttn-QLSTM-VQR,10,13,0.8217023,0.817223,0.8190158,0.82472265,0.005604965146631,0.004479289,0.007499635,0.0026865005
MQAttn-QLSTM-VQR,10,13,0.8219545,0.81883496,0.8217023,0.82127243,0.005604965146631,0.0031195283,0.0024374723,0.00025218725
MQAttn-QLSTM-VQR,10,13,0.81815076,0.8198138,0.8219545,0.8146525,0.005604965146631,0.0016630292,0.0051612854,0.00380373
MQAttn-QLSTM-VQR,10,13,0.8158416,0.8158945,0.81815076,0.81610477,0.005604965146631,5.286932e-05,0.00021028519,0.0023091435
MQAttn-QLSTM-VQR,10,13,0.813919,0.8125514,0.8158416,0.814834,0.005604965146631,0.0013676286,0.0022826195,0.0019226074
MQAttn-QLSTM-VQR,10,13,0.80965793,0.81083655,0.813919,0.8079595,0.005604965146631,0.0011786222,0.0028770566,0.0042610765
MQAttn-QLSTM-VQR,10,13,0.80422896,0.8061652,0.80965793,0.8021756,0.005604965146631,0.0019362569,0.003989637,0.00542897
MQAttn-QLSTM-VQR,10,13,0.7982522,0.80170745,0.80422896,0.79717004,0.005604965146631,0.0034552217,0.0045374036,0.0059767365
MQAttn-QLSTM-VQR,10,16,0.883452,0.88733786,0.8934387,0.8818277,0.005604965146631,0.0038858652,0.0055101514,0.009986699
MQAttn-QLSTM-VQR,10,16,0.8628266,0.8770329,0.883452,0.85351205,0.005604965146631,0.01420629,0.023520827,0.020625412
MQAttn-QLSTM-VQR,10,16,0.8497043,0.8563644,0.8628266,0.85120857,0.005604965146631,0.006660104,0.0051558614,0.013122261
MQAttn-QLSTM-VQR,10,16,0.8441118,0.84422046,0.8497043,0.85171896,0.005604965146631,0.00010865927,0.0074985027,0.005592525
MQAttn-QLSTM-VQR,10,16,0.8407491,0.84240776,0.8441118,0.84525865,0.005604965146631,0.001658678,0.0028508902,0.0033627152
MQAttn-QLSTM-VQR,10,16,0.84131515,0.83703554,0.8407491,0.8445039,0.005604965146631,0.0042796135,0.007468343,0.0005660653
MQAttn-QLSTM-VQR,10,16,0.84279734,0.83683604,0.84131515,0.8447513,0.005604965146631,0.005961299,0.007915258,0.0014821887
MQAttn-QLSTM-VQR,10,16,0.8445251,0.8388286,0.84279734,0.84667486,0.005604965146631,0.0056964755,0.007846236,0.0017277598
MQAttn-QLSTM-VQR,10,16,0.84500784,0.84084195,0.8445251,0.8452644,0.005604965146631,0.004165888,0.004422426,0.00048273802
MQAttn-QLSTM-VQR,10,16,0.8450863,0.8417094,0.84500784,0.8446674,0.005604965146631,0.0033769011,0.0029579997,7.843971e-05
MQAttn-QLSTM-VQR,10,16,0.8434499,0.84197825,0.8450863,0.8422364,0.005604965146631,0.0014716387,0.00025814772,0.0016363859
MQAttn-QLSTM-VQR,10,16,0.8245629,0.83963,0.8434499,0.8112598,0.005604965146631,0.0150671005,0.028370202,0.018886983
MQAttn-QLSTM-VQR,10,16,0.81000364,0.82135624,0.8245629,0.8077768,0.005604965146631,0.011352599,0.013579428,0.014559269
MQAttn-QLSTM-VQR,10,16,0.80970716,0.80846477,0.81000364,0.8203719,0.005604965146631,0.0012423992,0.01190716,0.0002964735
MQAttn-QLSTM-VQR,10,16,0.8199276,0.8084263,0.80970716,0.8319933,0.005604965146631,0.011501253,0.023566961,0.010220408
MQAttn-QLSTM-VQR,10,16,0.82799983,0.8176192,0.8199276,0.8294752,0.005604965146631,0.010380626,0.0118560195,0.008072257
MQAttn-QLSTM-VQR,10,16,0.828294,0.8250459,0.82799983,0.8219822,0.005604965146631,0.0032480955,0.0030636787,0.00029414892
MQAttn-QLSTM-VQR,10,16,0.82578194,0.8240204,0.828294,0.8228044,0.005604965146631,0.0017615557,0.0012159944,0.0025120378
MQAttn-QLSTM-VQR,10,16,0.8233431,0.8216922,0.82578194,0.8239294,0.005604965146631,0.0016508698,0.0022372007,0.0024388433
MQAttn-QLSTM-VQR,10,16,0.8192738,0.81962734,0.8233431,0.8179935,0.005604965146631,0.00035351515,0.0016338229,0.0040692687
MQAttn-QLSTM-VQR,10,16,0.8171632,0.81483346,0.8192738,0.81704307,0.005604965146631,0.0023297668,0.0022096038,0.0021106005
MQAttn-QLSTM-VQR,10,16,0.8129161,0.8135984,0.8171632,0.8111669,0.005604965146631,0.00068229437,0.0024315119,0.004247129
MQAttn-QLSTM-VQR,10,16,0.8064882,0.8081232,0.8129161,0.8044414,0.005604965146631,0.0016349554,0.003681779,0.006427884
