model,fold,veh,y,pred,anchor,raw,naive_train,ae,ae_raw,ae_pers
Persistence,1,5,0.8715125,0.88004225,0.88004225,0.8740694,0.0055927657522261,0.008529782,0.0059728622,0.008529782
Persistence,1,5,0.87167877,0.8715125,0.8715125,0.87952185,0.0055927657522261,0.00016629696,0.008009374,0.00016629696
Persistence,1,5,0.8690643,0.87167877,0.87167877,0.8696272,0.0055927657522261,0.0026144981,0.0020515919,0.0026144981
Persistence,1,5,0.85863227,0.8690643,0.8690643,0.8527029,0.0055927657522261,0.010432005,0.016361356,0.010432005
Persistence,1,5,0.8474971,0.85863227,0.85863227,0.84489787,0.0055927657522261,0.011135161,0.0137344,0.011135161
Persistence,1,5,0.8405724,0.8474971,0.8474971,0.8437867,0.0055927657522261,0.006924689,0.0037103891,0.006924689
Persistence,1,5,0.8428812,0.8405724,0.8405724,0.85135525,0.0055927657522261,0.002308786,0.010782838,0.002308786
Persistence,1,5,0.84915835,0.8428812,0.8428812,0.85452765,0.0055927657522261,0.006277144,0.01164645,0.006277144
Persistence,1,5,0.8545028,0.84915835,0.84915835,0.85522854,0.0055927657522261,0.0053444505,0.0060701966,0.0053444505
Persistence,1,5,0.84557265,0.8545028,0.8545028,0.8355601,0.0055927657522261,0.008930147,0.018942714,0.008930147
Persistence,1,5,0.8413325,0.84557265,0.84557265,0.8416284,0.0055927657522261,0.004240155,0.0039442778,0.004240155
Persistence,1,5,0.8356159,0.8413325,0.8413325,0.8357602,0.0055927657522261,0.005716622,0.005572319,0.005716622
Persistence,1,5,0.8246508,0.8356159,0.8356159,0.82023066,0.0055927657522261,0.010965049,0.0153852105,0.010965049
Persistence,1,5,0.8176962,0.8246508,0.8246508,0.81794864,0.0055927657522261,0.0069546103,0.0067021847,0.0069546103
Persistence,1,5,0.81665486,0.8176962,0.8176962,0.82139415,0.0055927657522261,0.0010413527,0.0036979318,0.0010413527
Persistence,1,5,0.82406414,0.81665486,0.81665486,0.8328286,0.0055927657522261,0.0074092746,0.01617372,0.0074092746
Persistence,1,5,0.82814854,0.82406414,0.82406414,0.82844985,0.0055927657522261,0.0040844083,0.0043857098,0.0040844083
Persistence,1,5,0.82623696,0.82814854,0.82814854,0.821103,0.0055927657522261,0.0019115806,0.007045567,0.0019115806
Persistence,1,5,0.820994,0.82623696,0.82623696,0.81731683,0.0055927657522261,0.0052429438,0.008920133,0.0052429438
Persistence,1,5,0.81501365,0.820994,0.820994,0.8141091,0.0055927657522261,0.0059803724,0.0068849325,0.0059803724
Persistence,1,5,0.8089336,0.81501365,0.81501365,0.8085135,0.0055927657522261,0.0060800314,0.006500125,0.0060800314
Persistence,1,5,0.8045314,0.8089336,0.8089336,0.8047877,0.0055927657522261,0.0044022202,0.0041459203,0.0044022202
Persistence,1,5,0.7963531,0.8045314,0.8045314,0.7933096,0.0055927657522261,0.008178294,0.0112217665,0.008178294
Persistence,1,13,0.8919457,0.8951817,0.8951817,0.89387727,0.0055927657522261,0.0032359958,0.0013044477,0.0032359958
Persistence,1,13,0.8873722,0.8919457,0.8919457,0.8872821,0.0055927657522261,0.004573524,0.004663646,0.004573524
Persistence,1,13,0.8875275,0.8873722,0.8873722,0.8906314,0.0055927657522261,0.0001553297,0.003259182,0.0001553297
Persistence,1,13,0.88580495,0.8875275,0.8875275,0.8858322,0.0055927657522261,0.0017225742,0.0016953349,0.0017225742
Persistence,1,13,0.8844818,0.88580495,0.88580495,0.8848437,0.0055927657522261,0.0013231635,0.0009612441,0.0013231635
Persistence,1,13,0.88108313,0.8844818,0.8844818,0.8797299,0.0055927657522261,0.0033986568,0.004751861,0.0033986568
Persistence,1,13,0.87839246,0.88108313,0.88108313,0.87848204,0.0055927657522261,0.0026906729,0.002601087,0.0026906729
Persistence,1,13,0.86665964,0.87839246,0.87839246,0.8601056,0.0055927657522261,0.011732817,0.018286884,0.011732817
Persistence,1,13,0.84392476,0.86665964,0.86665964,0.8327076,0.0055927657522261,0.02273488,0.033952057,0.02273488
Persistence,1,13,0.8306551,0.84392476,0.84392476,0.83351034,0.0055927657522261,0.013269663,0.010414422,0.013269663
Persistence,1,13,0.8231329,0.8306551,0.8306551,0.8292711,0.0055927657522261,0.0075222254,0.0013840199,0.0075222254
Persistence,1,13,0.8177814,0.8231329,0.8231329,0.82093954,0.0055927657522261,0.005351484,0.0021933317,0.005351484
Persistence,1,13,0.816878,0.8177814,0.8177814,0.82007676,0.0055927657522261,0.000903368,0.0022953749,0.000903368
Persistence,1,13,0.8190158,0.816878,0.816878,0.82287234,0.0055927657522261,0.0021377802,0.00599432,0.0021377802
Persistence,1,13,0.8217023,0.8190158,0.8190158,0.82472265,0.0055927657522261,0.0026865005,0.0057068467,0.0026865005
Persistence,1,13,0.8219545,0.8217023,0.8217023,0.82127243,0.0055927657522261,0.00025218725,0.0004298687,0.00025218725
Persistence,1,13,0.81815076,0.8219545,0.8219545,0.8146525,0.0055927657522261,0.00380373,0.007301986,0.00380373
Persistence,1,13,0.8158416,0.81815076,0.81815076,0.81610477,0.0055927657522261,0.0023091435,0.002045989,0.0023091435
Persistence,1,13,0.813919,0.8158416,0.8158416,0.814834,0.0055927657522261,0.0019226074,0.0010076165,0.0019226074
Persistence,1,13,0.80965793,0.813919,0.813919,0.8079595,0.0055927657522261,0.0042610765,0.005959511,0.0042610765
Persistence,1,13,0.80422896,0.80965793,0.80965793,0.8021756,0.0055927657522261,0.00542897,0.00748235,0.00542897
Persistence,1,13,0.7982522,0.80422896,0.80422896,0.79717004,0.0055927657522261,0.0059767365,0.0070589185,0.0059767365
Full model,1,5,0.8715125,0.87302786,0.88004225,0.8740694,0.0055927657522261,0.0015153885,0.0010415316,0.008529782
Full model,1,5,0.87167877,0.8650805,0.8715125,0.87952185,0.0055927657522261,0.006598294,0.014441371,0.00016629696
Full model,1,5,0.8690643,0.8652365,0.87167877,0.8696272,0.0055927657522261,0.0038277507,0.004390657,0.0026144981
Full model,1,5,0.85863227,0.86292356,0.8690643,0.8527029,0.0055927657522261,0.004291296,0.010220647,0.010432005
Full model,1,5,0.8474971,0.85254246,0.85863227,0.84489787,0.0055927657522261,0.0050453544,0.0076445937,0.011135161
Full model,1,5,0.8405724,0.84400845,0.8474971,0.8437867,0.0055927657522261,0.003436029,0.00022172928,0.006924689
Full model,1,5,0.8428812,0.83689845,0.8405724,0.85135525,0.0055927657522261,0.0059827566,0.014456809,0.002308786
Full model,1,5,0.84915835,0.83853287,0.8428812,0.85452765,0.0055927657522261,0.010625482,0.015994787,0.006277144
Full model,1,5,0.8545028,0.84465754,0.84915835,0.85522854,0.0055927657522261,0.009845257,0.010571003,0.0053444505
Full model,1,5,0.84557265,0.8489225,0.8545028,0.8355601,0.0055927657522261,0.0033498406,0.013362408,0.008930147
Full model,1,5,0.8413325,0.8404016,0.84557265,0.8416284,0.0055927657522261,0.00093090534,0.0012267828,0.004240155
Full model,1,5,0.8356159,0.8360963,0.8413325,0.8357602,0.0055927657522261,0.00048041344,0.0003361106,0.005716622
Full model,1,5,0.8246508,0.8299888,0.8356159,0.82023066,0.0055927657522261,0.0053379536,0.009758115,0.010965049
Full model,1,5,0.8176962,0.81982315,0.8246508,0.81794864,0.0055927657522261,0.0021269321,0.0018745065,0.0069546103
Full model,1,5,0.81665486,0.81324184,0.8176962,0.82139415,0.0055927657522261,0.0034130216,0.008152306,0.0010413527
Full model,1,5,0.82406414,0.811813,0.81665486,0.8328286,0.0055927657522261,0.012251139,0.021015584,0.0074092746
Full model,1,5,0.82814854,0.8192998,0.82406414,0.82844985,0.0055927657522261,0.008848727,0.009150028,0.0040844083
Full model,1,5,0.82623696,0.8239327,0.82814854,0.821103,0.0055927657522261,0.002304256,0.0028297305,0.0019115806
Full model,1,5,0.820994,0.8214098,0.82623696,0.81731683,0.0055927657522261,0.000415802,0.0040929914,0.0052429438
Full model,1,5,0.81501365,0.81658566,0.820994,0.8141091,0.0055927657522261,0.0015720129,0.002476573,0.0059803724
Full model,1,5,0.8089336,0.8103115,0.81501365,0.8085135,0.0055927657522261,0.0013778806,0.0017979741,0.0060800314
Full model,1,5,0.8045314,0.8042796,0.8089336,0.8047877,0.0055927657522261,0.00025177002,0.00050807,0.0044022202
Full model,1,5,0.7963531,0.79960895,0.8045314,0.7933096,0.0055927657522261,0.003255844,0.006299317,0.008178294
Full model,1,13,0.8919457,0.8887101,0.8951817,0.89387727,0.0055927657522261,0.0032356381,0.0051671863,0.0032359958
Full model,1,13,0.8873722,0.8854151,0.8919457,0.8872821,0.0055927657522261,0.0019571185,0.0018669963,0.004573524
Full model,1,13,0.8875275,0.8814746,0.8873722,0.8906314,0.0055927657522261,0.0060529113,0.009156764,0.0001553297
Full model,1,13,0.88580495,0.8816248,0.8875275,0.8858322,0.0055927657522261,0.0041801333,0.0042073727,0.0017225742
Full model,1,13,0.8844818,0.88235605,0.88580495,0.8848437,0.0055927657522261,0.00212574,0.0024876595,0.0013231635
Full model,1,13,0.88108313,0.88064325,0.8844818,0.8797299,0.0055927657522261,0.00043988228,0.000913322,0.0033986568
Full model,1,13,0.87839246,0.8768588,0.88108313,0.87848204,0.0055927657522261,0.0015336871,0.0016232729,0.0026906729
Full model,1,13,0.86665964,0.87340546,0.87839246,0.8601056,0.0055927657522261,0.0067458153,0.013299882,0.011732817
Full model,1,13,0.84392476,0.8614416,0.86665964,0.8327076,0.0055927657522261,0.017516851,0.028734028,0.02273488
Full model,1,13,0.8306551,0.83871055,0.84392476,0.83351034,0.0055927657522261,0.0080554485,0.0052002072,0.013269663
Full model,1,13,0.8231329,0.82501346,0.8306551,0.8292711,0.0055927657522261,0.0018805861,0.0042576194,0.0075222254
Full model,1,13,0.8177814,0.8182069,0.8231329,0.82093954,0.0055927657522261,0.00042551756,0.0027326345,0.005351484
Full model,1,13,0.816878,0.8131554,0.8177814,0.82007676,0.0055927657522261,0.003722608,0.006921351,0.000903368
Full model,1,13,0.8190158,0.8131767,0.816878,0.82287234,0.0055927657522261,0.0058391094,0.009695649,0.0021377802
Full model,1,13,0.8217023,0.81486905,0.8190158,0.82472265,0.0055927657522261,0.0068332553,0.009853601,0.0026865005
Full model,1,13,0.8219545,0.8178388,0.8217023,0.82127243,0.0055927657522261,0.0041157007,0.0034336448,0.00025218725
Full model,1,13,0.81815076,0.81756437,0.8219545,0.8146525,0.0055927657522261,0.0005863905,0.0029118657,0.00380373
Full model,1,13,0.8158416,0.81354785,0.81815076,0.81610477,0.0055927657522261,0.0022937655,0.00255692,0.0023091435
Full model,1,13,0.813919,0.8114238,0.8158416,0.814834,0.0055927657522261,0.0024952292,0.0034102201,0.0019226074
Full model,1,13,0.80965793,0.80915713,0.813919,0.8079595,0.0055927657522261,0.0005007982,0.0011976361,0.0042610765
Full model,1,13,0.80422896,0.80525917,0.80965793,0.8021756,0.0055927657522261,0.0010302067,0.0030835867,0.00542897
Full model,1,13,0.7982522,0.79897416,0.80422896,0.79717004,0.0055927657522261,0.00072193146,0.0018041134,0.0059767365
Without quantum attention,1,5,0.8715125,0.8711237,0.88004225,0.8740694,0.0055927657522261,0.0003888011,0.0029457211,0.008529782
Without quantum attention,1,5,0.87167877,0.86677873,0.8715125,0.87952185,0.0055927657522261,0.0049000382,0.012743115,0.00016629696
Without quantum attention,1,5,0.8690643,0.8595089,0.87167877,0.8696272,0.0055927657522261,0.009555399,0.010118306,0.0026144981
Without quantum attention,1,5,0.85863227,0.86310804,0.8690643,0.8527029,0.0055927657522261,0.0044757724,0.010405123,0.010432005
Without quantum attention,1,5,0.8474971,0.8530695,0.85863227,0.84489787,0.0055927657522261,0.0055723786,0.008171618,0.011135161
Without quantum attention,1,5,0.8405724,0.8440196,0.8474971,0.8437867,0.0055927657522261,0.003447175,0.00023287535,0.006924689
Without quantum attention,1,5,0.8428812,0.837044,0.8405724,0.85135525,0.0055927657522261,0.005837202,0.014311254,0.002308786
Without quantum attention,1,5,0.84915835,0.83945197,0.8428812,0.85452765,0.0055927657522261,0.009706378,0.015075684,0.006277144
Without quantum attention,1,5,0.8545028,0.8458828,0.84915835,0.85522854,0.0055927657522261,0.008620024,0.00934577,0.0053444505
Without quantum attention,1,5,0.84557265,0.8510261,0.8545028,0.8355601,0.0055927657522261,0.0054534674,0.015466034,0.008930147
Without quantum attention,1,5,0.8413325,0.8419544,0.84557265,0.8416284,0.0055927657522261,0.00062191486,0.0003260374,0.004240155
Without quantum attention,1,5,0.8356159,0.8374977,0.8413325,0.8357602,0.0055927657522261,0.0018818378,0.001737535,0.005716622
Without quantum attention,1,5,0.8246508,0.83109754,0.8356159,0.82023066,0.0055927657522261,0.006446719,0.01086688,0.010965049
Without quantum attention,1,5,0.8176962,0.8198832,0.8246508,0.81794864,0.0055927657522261,0.0021870136,0.001934588,0.0069546103
Without quantum attention,1,5,0.81665486,0.8136642,0.8176962,0.82139415,0.0055927657522261,0.002990663,0.0077299476,0.0010413527
Without quantum attention,1,5,0.82406414,0.8129819,0.81665486,0.8328286,0.0055927657522261,0.011082232,0.019846678,0.0074092746
Without quantum attention,1,5,0.82814854,0.8206896,0.82406414,0.82844985,0.0055927657522261,0.0074589252,0.0077602267,0.0040844083
Without quantum attention,1,5,0.82623696,0.82502306,0.82814854,0.821103,0.0055927657522261,0.0012139082,0.0039200783,0.0019115806
Without quantum attention,1,5,0.820994,0.8229509,0.82623696,0.81731683,0.0055927657522261,0.00195688,0.0056340694,0.0052429438
Without quantum attention,1,5,0.81501365,0.81780314,0.820994,0.8141091,0.0055927657522261,0.0027894974,0.0036940575,0.0059803724
Without quantum attention,1,5,0.8089336,0.811793,0.81501365,0.8085135,0.0055927657522261,0.0028594136,0.0032795072,0.0060800314
Without quantum attention,1,5,0.8045314,0.80576843,0.8089336,0.8047877,0.0055927657522261,0.0012370348,0.0009807348,0.0044022202
Without quantum attention,1,5,0.7963531,0.8009553,0.8045314,0.7933096,0.0055927657522261,0.004602194,0.0076456666,0.008178294
Without quantum attention,1,13,0.8919457,0.88957465,0.8951817,0.89387727,0.0055927657522261,0.0023710728,0.004302621,0.0032359958
Without quantum attention,1,13,0.8873722,0.8830115,0.8919457,0.8872821,0.0055927657522261,0.004360676,0.0042705536,0.004573524
Without quantum attention,1,13,0.8875275,0.88223135,0.8873722,0.8906314,0.0055927657522261,0.0052961707,0.008400023,0.0001553297
Without quantum attention,1,13,0.88580495,0.88264596,0.8875275,0.8858322,0.0055927657522261,0.0031589866,0.003186226,0.0017225742
Without quantum attention,1,13,0.8844818,0.882182,0.88580495,0.8848437,0.0055927657522261,0.0022997856,0.002661705,0.0013231635
Without quantum attention,1,13,0.88108313,0.8808862,0.8844818,0.8797299,0.0055927657522261,0.00019693375,0.0011562705,0.0033986568
Without quantum attention,1,13,0.87839246,0.8776525,0.88108313,0.87848204,0.0055927657522261,0.00073993206,0.00082951784,0.0026906729
Without quantum attention,1,13,0.86665964,0.87494636,0.87839246,0.8601056,0.0055927657522261,0.008286715,0.014840782,0.011732817
Without quantum attention,1,13,0.84392476,0.86318153,0.86665964,0.8327076,0.0055927657522261,0.01925677,0.030473948,0.02273488
Without quantum attention,1,13,0.8306551,0.8403103,0.84392476,0.83351034,0.0055927657522261,0.009655178,0.0067999363,0.013269663
Without quantum attention,1,13,0.8231329,0.8265865,0.8306551,0.8292711,0.0055927657522261,0.0034536123,0.0026845932,0.0075222254
Without quantum attention,1,13,0.8177814,0.81841797,0.8231329,0.82093954,0.0055927657522261,0.0006365776,0.0025215745,0.005351484
Without quantum attention,1,13,0.816878,0.8130167,0.8177814,0.82007676,0.0055927657522261,0.003861308,0.007060051,0.000903368
Without quantum attention,1,13,0.8190158,0.813019,0.816878,0.82287234,0.0055927657522261,0.0059968233,0.009853363,0.0021377802
Without quantum attention,1,13,0.8217023,0.8155777,0.8190158,0.82472265,0.0055927657522261,0.0061246157,0.009144962,0.0026865005
Without quantum attention,1,13,0.8219545,0.8183577,0.8217023,0.82127243,0.0055927657522261,0.0035967827,0.0029147267,0.00025218725
Without quantum attention,1,13,0.81815076,0.8187751,0.8219545,0.8146525,0.0055927657522261,0.00062435865,0.004122615,0.00380373
Without quantum attention,1,13,0.8158416,0.81459785,0.81815076,0.81610477,0.0055927657522261,0.0012437701,0.0015069246,0.0023091435
Without quantum attention,1,13,0.813919,0.8126548,0.8158416,0.814834,0.0055927657522261,0.0012642145,0.0021792054,0.0019226074
Without quantum attention,1,13,0.80965793,0.8105769,0.813919,0.8079595,0.0055927657522261,0.0009189844,0.0026174188,0.0042610765
Without quantum attention,1,13,0.80422896,0.8064454,0.80965793,0.8021756,0.0055927657522261,0.0022164583,0.0042698383,0.00542897
Without quantum attention,1,13,0.7982522,0.8005467,0.80422896,0.79717004,0.0055927657522261,0.0022944808,0.0033766627,0.0059767365
Without VQR,1,5,0.8715125,0.87251914,0.88004225,0.8740694,0.0055927657522261,0.0010066628,0.0015502572,0.008529782
Without VQR,1,5,0.87167877,0.8644834,0.8715125,0.87952185,0.0055927657522261,0.0071953535,0.015038431,0.00016629696
Without VQR,1,5,0.8690643,0.864972,0.87167877,0.8696272,0.0055927657522261,0.004092276,0.0046551824,0.0026144981
Without VQR,1,5,0.85863227,0.86259305,0.8690643,0.8527029,0.0055927657522261,0.0039607882,0.009890139,0.010432005
Without VQR,1,5,0.8474971,0.85227966,0.85863227,0.84489787,0.0055927657522261,0.0047825575,0.007381797,0.011135161
Without VQR,1,5,0.8405724,0.8441943,0.8474971,0.8437867,0.0055927657522261,0.0036218762,0.00040757656,0.006924689
Without VQR,1,5,0.8428812,0.83721524,0.8405724,0.85135525,0.0055927657522261,0.005665958,0.01414001,0.002308786
Without VQR,1,5,0.84915835,0.8388128,0.8428812,0.85452765,0.0055927657522261,0.010345519,0.015714824,0.006277144
Without VQR,1,5,0.8545028,0.8446581,0.84915835,0.85522854,0.0055927657522261,0.00984472,0.0105704665,0.0053444505
Without VQR,1,5,0.84557265,0.8487527,0.8545028,0.8355601,0.0055927657522261,0.003180027,0.013192594,0.008930147
Without VQR,1,5,0.8413325,0.84011865,0.84557265,0.8416284,0.0055927657522261,0.0012138486,0.001509726,0.004240155
Without VQR,1,5,0.8356159,0.8359003,0.8413325,0.8357602,0.0055927657522261,0.00028443336,0.00014013052,0.005716622
Without VQR,1,5,0.8246508,0.82940185,0.8356159,0.82023066,0.0055927657522261,0.0047510266,0.009171188,0.010965049
Without VQR,1,5,0.8176962,0.81922174,0.8246508,0.81794864,0.0055927657522261,0.0015255213,0.0012730956,0.0069546103
Without VQR,1,5,0.81665486,0.81301606,0.8176962,0.82139415,0.0055927657522261,0.003638804,0.0083780885,0.0010413527
Without VQR,1,5,0.82406414,0.8119421,0.81665486,0.8328286,0.0055927657522261,0.012122035,0.02088648,0.0074092746
Without VQR,1,5,0.82814854,0.8194764,0.82406414,0.82844985,0.0055927657522261,0.008672118,0.00897342,0.0040844083
Without VQR,1,5,0.82623696,0.8242116,0.82814854,0.821103,0.0055927657522261,0.0020253658,0.0031086206,0.0019115806
Without VQR,1,5,0.820994,0.8214416,0.82623696,0.81731683,0.0055927657522261,0.00044757128,0.0041247606,0.0052429438
Without VQR,1,5,0.81501365,0.8166641,0.820994,0.8141091,0.0055927657522261,0.0016504526,0.0025550127,0.0059803724
Without VQR,1,5,0.8089336,0.810254,0.81501365,0.8085135,0.0055927657522261,0.0013203621,0.0017404556,0.0060800314
Without VQR,1,5,0.8045314,0.80420375,0.8089336,0.8047877,0.0055927657522261,0.00032764673,0.0005839467,0.0044022202
Without VQR,1,5,0.7963531,0.7994809,0.8045314,0.7933096,0.0055927657522261,0.0031278133,0.006171286,0.008178294
Without VQR,1,13,0.8919457,0.88791513,0.8951817,0.89387727,0.0055927657522261,0.0040305853,0.0059621334,0.0032359958
Without VQR,1,13,0.8873722,0.8848753,0.8919457,0.8872821,0.0055927657522261,0.0024968982,0.002406776,0.004573524
Without VQR,1,13,0.8875275,0.8811903,0.8873722,0.8906314,0.0055927657522261,0.0063372254,0.009441078,0.0001553297
Without VQR,1,13,0.88580495,0.8813555,0.8875275,0.8858322,0.0055927657522261,0.004449427,0.0044766665,0.0017225742
Without VQR,1,13,0.8844818,0.8825284,0.88580495,0.8848437,0.0055927657522261,0.0019533634,0.0023152828,0.0013231635
Without VQR,1,13,0.88108313,0.88085455,0.8844818,0.8797299,0.0055927657522261,0.00022858381,0.0011246204,0.0033986568
Without VQR,1,13,0.87839246,0.8769649,0.88108313,0.87848204,0.0055927657522261,0.0014275312,0.001517117,0.0026906729
Without VQR,1,13,0.86665964,0.8732416,0.87839246,0.8601056,0.0055927657522261,0.006581962,0.013136029,0.011732817
Without VQR,1,13,0.84392476,0.86125755,0.86665964,0.8327076,0.0055927657522261,0.017332792,0.02854997,0.02273488
Without VQR,1,13,0.8306551,0.8385099,0.84392476,0.83351034,0.0055927657522261,0.007854819,0.004999578,0.013269663
Without VQR,1,13,0.8231329,0.824939,0.8306551,0.8292711,0.0055927657522261,0.00180614,0.0043320656,0.0075222254
Without VQR,1,13,0.8177814,0.81780624,0.8231329,0.82093954,0.0055927657522261,2.4855137e-05,0.003133297,0.005351484
Without VQR,1,13,0.816878,0.8128556,0.8177814,0.82007676,0.0055927657522261,0.0040224195,0.0072211623,0.000903368
Without VQR,1,13,0.8190158,0.8132967,0.816878,0.82287234,0.0055927657522261,0.0057191253,0.009575665,0.0021377802
Without VQR,1,13,0.8217023,0.81513035,0.8190158,0.82472265,0.0055927657522261,0.0065719485,0.009592295,0.0026865005
Without VQR,1,13,0.8219545,0.81825423,0.8217023,0.82127243,0.0055927657522261,0.0037002563,0.0030182004,0.00025218725
Without VQR,1,13,0.81815076,0.8180536,0.8219545,0.8146525,0.0055927657522261,9.715557e-05,0.0034011006,0.00380373
Without VQR,1,13,0.8158416,0.8139963,0.81815076,0.81610477,0.0055927657522261,0.0018453002,0.0021084547,0.0023091435
Without VQR,1,13,0.813919,0.8116404,0.8158416,0.814834,0.0055927657522261,0.002278626,0.0031936169,0.0019226074
Without VQR,1,13,0.80965793,0.80928624,0.813919,0.8079595,0.0055927657522261,0.00037169456,0.0013267398,0.0042610765
Without VQR,1,13,0.80422896,0.8053049,0.80965793,0.8021756,0.0055927657522261,0.0010759234,0.0031293035,0.00542897
Without VQR,1,13,0.7982522,0.7990097,0.80422896,0.79717004,0.0055927657522261,0.0007574558,0.0018396378,0.0059767365
Without quantum attention and VQR,1,5,0.8715125,0.87197685,0.88004225,0.8740694,0.0055927657522261,0.0004643798,0.0020925403,0.008529782
Without quantum attention and VQR,1,5,0.87167877,0.8646561,0.8715125,0.87952185,0.0055927657522261,0.007022679,0.014865756,0.00016629696
Without quantum attention and VQR,1,5,0.8690643,0.8654024,0.87167877,0.8696272,0.0055927657522261,0.003661871,0.004224777,0.0026144981
Without quantum attention and VQR,1,5,0.85863227,0.8628215,0.8690643,0.8527029,0.0055927657522261,0.004189253,0.010118604,0.010432005
Without quantum attention and VQR,1,5,0.8474971,0.85272765,0.85863227,0.84489787,0.0055927657522261,0.005230546,0.007829785,0.011135161
Without quantum attention and VQR,1,5,0.8405724,0.8438045,0.8474971,0.8437867,0.0055927657522261,0.0032320619,1.7762184e-05,0.006924689
Without quantum attention and VQR,1,5,0.8428812,0.83678234,0.8405724,0.85135525,0.0055927657522261,0.0060988665,0.014572918,0.002308786
Without quantum attention and VQR,1,5,0.84915835,0.83869606,0.8428812,0.85452765,0.0055927657522261,0.010462284,0.01583159,0.006277144
Without quantum attention and VQR,1,5,0.8545028,0.8449565,0.84915835,0.85522854,0.0055927657522261,0.00954628,0.010272026,0.0053444505
Without quantum attention and VQR,1,5,0.84557265,0.84973556,0.8545028,0.8355601,0.0055927657522261,0.0041629076,0.014175475,0.008930147
Without quantum attention and VQR,1,5,0.8413325,0.8410792,0.84557265,0.8416284,0.0055927657522261,0.00025331974,0.0005491972,0.004240155
Without quantum attention and VQR,1,5,0.8356159,0.83669984,0.8413325,0.8357602,0.0055927657522261,0.0010839701,0.0009396672,0.005716622
Without quantum attention and VQR,1,5,0.8246508,0.8301956,0.8356159,0.82023066,0.0055927657522261,0.0055447817,0.009964943,0.010965049
Without quantum attention and VQR,1,5,0.8176962,0.8198682,0.8246508,0.81794864,0.0055927657522261,0.0021719933,0.0019195676,0.0069546103
Without quantum attention and VQR,1,5,0.81665486,0.8140878,0.8176962,0.82139415,0.0055927657522261,0.0025670528,0.0073063374,0.0010413527
Without quantum attention and VQR,1,5,0.82406414,0.81343335,0.81665486,0.8328286,0.0055927657522261,0.010630786,0.019395232,0.0074092746
Without quantum attention and VQR,1,5,0.82814854,0.82088006,0.82406414,0.82844985,0.0055927657522261,0.0072684884,0.00756979,0.0040844083
Without quantum attention and VQR,1,5,0.82623696,0.82489353,0.82814854,0.821103,0.0055927657522261,0.0013434291,0.0037905574,0.0019115806
Without quantum attention and VQR,1,5,0.820994,0.82233435,0.82623696,0.81731683,0.0055927657522261,0.0013403296,0.005017519,0.0052429438
Without quantum attention and VQR,1,5,0.81501365,0.81706035,0.820994,0.8141091,0.0055927657522261,0.0020467043,0.0029512644,0.0059803724
Without quantum attention and VQR,1,5,0.8089336,0.8108593,0.81501365,0.8085135,0.0055927657522261,0.0019257069,0.0023458004,0.0060800314
Without quantum attention and VQR,1,5,0.8045314,0.8046936,0.8089336,0.8047877,0.0055927657522261,0.00016218424,9.4115734e-05,0.0044022202
Without quantum attention and VQR,1,5,0.7963531,0.8000098,0.8045314,0.7933096,0.0055927657522261,0.0036566854,0.006700158,0.008178294
Without quantum attention and VQR,1,13,0.8919457,0.88816166,0.8951817,0.89387727,0.0055927657522261,0.0037840605,0.0057156086,0.0032359958
Without quantum attention and VQR,1,13,0.8873722,0.88538444,0.8919457,0.8872821,0.0055927657522261,0.0019877553,0.0018976331,0.004573524
Without quantum attention and VQR,1,13,0.8875275,0.8820423,0.8873722,0.8906314,0.0055927657522261,0.0054852366,0.008589089,0.0001553297
Without quantum attention and VQR,1,13,0.88580495,0.88227576,0.8875275,0.8858322,0.0055927657522261,0.003529191,0.0035564303,0.0017225742
Without quantum attention and VQR,1,13,0.8844818,0.882362,0.88580495,0.8848437,0.0055927657522261,0.0021197796,0.002481699,0.0013231635
Without quantum attention and VQR,1,13,0.88108313,0.88077,0.8844818,0.8797299,0.0055927657522261,0.0003131032,0.001040101,0.0033986568
Without quantum attention and VQR,1,13,0.87839246,0.8770715,0.88108313,0.87848204,0.0055927657522261,0.0013209581,0.0014105439,0.0026906729
Without quantum attention and VQR,1,13,0.86665964,0.8741405,0.87839246,0.8601056,0.0055927657522261,0.0074808598,0.014034927,0.011732817
Without quantum attention and VQR,1,13,0.84392476,0.8624221,0.86665964,0.8327076,0.0055927657522261,0.018497348,0.029714525,0.02273488
Without quantum attention and VQR,1,13,0.8306551,0.8397503,0.84392476,0.83351034,0.0055927657522261,0.009095192,0.0062399507,0.013269663
Without quantum attention and VQR,1,13,0.8231329,0.826232,0.8306551,0.8292711,0.0055927657522261,0.0030991435,0.003039062,0.0075222254
Without quantum attention and VQR,1,13,0.8177814,0.8179486,0.8231329,0.82093954,0.0055927657522261,0.00016719103,0.002990961,0.005351484
Without quantum attention and VQR,1,13,0.816878,0.8132064,0.8177814,0.82007676,0.0055927657522261,0.0036716461,0.006870389,0.000903368
Without quantum attention and VQR,1,13,0.8190158,0.81374544,0.816878,0.82287234,0.0055927657522261,0.005270362,0.009126902,0.0021377802
Without quantum attention and VQR,1,13,0.8217023,0.81640935,0.8190158,0.82472265,0.0055927657522261,0.005292952,0.008313298,0.0026865005
Without quantum attention and VQR,1,13,0.8219545,0.8190472,0.8217023,0.82127243,0.0055927657522261,0.0029072762,0.0022252202,0.00025218725
Without quantum attention and VQR,1,13,0.81815076,0.81885827,0.8219545,0.8146525,0.0055927657522261,0.00070750713,0.0042057633,0.00380373
Without quantum attention and VQR,1,13,0.8158416,0.8146318,0.81815076,0.81610477,0.0055927657522261,0.0012097955,0.00147295,0.0023091435
Without quantum attention and VQR,1,13,0.813919,0.81227076,0.8158416,0.814834,0.0055927657522261,0.0016482472,0.0025632381,0.0019226074
Without quantum attention and VQR,1,13,0.80965793,0.8100898,0.813919,0.8079595,0.0055927657522261,0.00043189526,0.0021303296,0.0042610765
Without quantum attention and VQR,1,13,0.80422896,0.80580413,0.80965793,0.8021756,0.0055927657522261,0.001575172,0.003628552,0.00542897
Without quantum attention and VQR,1,13,0.7982522,0.8000253,0.80422896,0.79717004,0.0055927657522261,0.0017730594,0.0028552413,0.0059767365
Classical QLSTM gates,1,5,0.8715125,0.8730512,0.88004225,0.8740694,0.0055927657522261,0.0015387535,0.0010181665,0.008529782
Classical QLSTM gates,1,5,0.87167877,0.86593676,0.8715125,0.87952185,0.0055927657522261,0.0057420135,0.013585091,0.00016629696
Classical QLSTM gates,1,5,0.8690643,0.8658621,0.87167877,0.8696272,0.0055927657522261,0.0032022,0.0037651062,0.0026144981
Classical QLSTM gates,1,5,0.85863227,0.86438924,0.8690643,0.8527029,0.0055927657522261,0.005756974,0.011686325,0.010432005
Classical QLSTM gates,1,5,0.8474971,0.8544936,0.85863227,0.84489787,0.0055927657522261,0.0069965124,0.009595752,0.011135161
Classical QLSTM gates,1,5,0.8405724,0.8463653,0.8474971,0.8437867,0.0055927657522261,0.005792856,0.0025785565,0.006924689
Classical QLSTM gates,1,5,0.8428812,0.8388367,0.8405724,0.85135525,0.0055927657522261,0.004044473,0.012518525,0.002308786
Classical QLSTM gates,1,5,0.84915835,0.84019,0.8428812,0.85452765,0.0055927657522261,0.008968353,0.014337659,0.006277144
Classical QLSTM gates,1,5,0.8545028,0.8460062,0.84915835,0.85522854,0.0055927657522261,0.0084965825,0.009222329,0.0053444505
Classical QLSTM gates,1,5,0.84557265,0.8499051,0.8545028,0.8355601,0.0055927657522261,0.004332423,0.01434499,0.008930147
Classical QLSTM gates,1,5,0.8413325,0.84084016,0.84557265,0.8416284,0.0055927657522261,0.00049233437,0.0007882118,0.004240155
Classical QLSTM gates,1,5,0.8356159,0.83667433,0.8413325,0.8357602,0.0055927657522261,0.0010584593,0.00091415644,0.005716622
Classical QLSTM gates,1,5,0.8246508,0.8302632,0.8356159,0.82023066,0.0055927657522261,0.0056123734,0.010032535,0.010965049
Classical QLSTM gates,1,5,0.8176962,0.82080424,0.8246508,0.81794864,0.0055927657522261,0.0031080246,0.002855599,0.0069546103
Classical QLSTM gates,1,5,0.81665486,0.8150843,0.8176962,0.82139415,0.0055927657522261,0.0015705824,0.006309867,0.0010413527
Classical QLSTM gates,1,5,0.82406414,0.8139447,0.81665486,0.8328286,0.0055927657522261,0.010119438,0.018883884,0.0074092746
Classical QLSTM gates,1,5,0.82814854,0.82132965,0.82406414,0.82844985,0.0055927657522261,0.0068188906,0.007120192,0.0040844083
Classical QLSTM gates,1,5,0.82623696,0.8259046,0.82814854,0.821103,0.0055927657522261,0.0003323555,0.004801631,0.0019115806
Classical QLSTM gates,1,5,0.820994,0.8228055,0.82623696,0.81731683,0.0055927657522261,0.0018115044,0.0054886937,0.0052429438
Classical QLSTM gates,1,5,0.81501365,0.8176375,0.820994,0.8141091,0.0055927657522261,0.002623856,0.0035284162,0.0059803724
Classical QLSTM gates,1,5,0.8089336,0.811019,0.81501365,0.8085135,0.0055927657522261,0.0020853877,0.0025054812,0.0060800314
Classical QLSTM gates,1,5,0.8045314,0.804678,0.8089336,0.8047877,0.0055927657522261,0.00014662743,0.00010967255,0.0044022202
Classical QLSTM gates,1,5,0.7963531,0.80003154,0.8045314,0.7933096,0.0055927657522261,0.003678441,0.006721914,0.008178294
Classical QLSTM gates,1,13,0.8919457,0.88782114,0.8951817,0.89387727,0.0055927657522261,0.004124582,0.00605613,0.0032359958
Classical QLSTM gates,1,13,0.8873722,0.8851099,0.8919457,0.8872821,0.0055927657522261,0.0022622943,0.002172172,0.004573524
Classical QLSTM gates,1,13,0.8875275,0.88212,0.8873722,0.8906314,0.0055927657522261,0.005407512,0.008511364,0.0001553297
Classical QLSTM gates,1,13,0.88580495,0.8821264,0.8875275,0.8858322,0.0055927657522261,0.0036785603,0.0037057996,0.0017225742
Classical QLSTM gates,1,13,0.8844818,0.8839708,0.88580495,0.8848437,0.0055927657522261,0.0005109906,0.00087291,0.0013231635
Classical QLSTM gates,1,13,0.88108313,0.88242716,0.8844818,0.8797299,0.0055927657522261,0.0013440251,0.0026972294,0.0033986568
Classical QLSTM gates,1,13,0.87839246,0.87851757,0.88108313,0.87848204,0.0055927657522261,0.00012511015,3.552437e-05,0.0026906729
Classical QLSTM gates,1,13,0.86665964,0.8748671,0.87839246,0.8601056,0.0055927657522261,0.00820744,0.0147615075,0.011732817
Classical QLSTM gates,1,13,0.84392476,0.86251336,0.86665964,0.8327076,0.0055927657522261,0.018588603,0.02980578,0.02273488
Classical QLSTM gates,1,13,0.8306551,0.83949775,0.84392476,0.83351034,0.0055927657522261,0.008842647,0.005987406,0.013269663
Classical QLSTM gates,1,13,0.8231329,0.8254369,0.8306551,0.8292711,0.0055927657522261,0.0023040175,0.003834188,0.0075222254
Classical QLSTM gates,1,13,0.8177814,0.8184627,0.8231329,0.82093954,0.0055927657522261,0.0006813407,0.0024768114,0.005351484
Classical QLSTM gates,1,13,0.816878,0.8144917,0.8177814,0.82007676,0.0055927657522261,0.0023863316,0.0055850744,0.000903368
Classical QLSTM gates,1,13,0.8190158,0.8156052,0.816878,0.82287234,0.0055927657522261,0.0034105778,0.0072671175,0.0021377802
Classical QLSTM gates,1,13,0.8217023,0.8173847,0.8190158,0.82472265,0.0055927657522261,0.0043175817,0.007337928,0.0026865005
Classical QLSTM gates,1,13,0.8219545,0.820354,0.8217023,0.82127243,0.0055927657522261,0.0016005039,0.000918448,0.00025218725
Classical QLSTM gates,1,13,0.81815076,0.8197978,0.8219545,0.8146525,0.0055927657522261,0.0016470551,0.0051453114,0.00380373
Classical QLSTM gates,1,13,0.8158416,0.81501085,0.81815076,0.81610477,0.0055927657522261,0.00083076954,0.001093924,0.0023091435
Classical QLSTM gates,1,13,0.813919,0.812692,0.8158416,0.814834,0.0055927657522261,0.0012270212,0.0021420121,0.0019226074
Classical QLSTM gates,1,13,0.80965793,0.8100953,0.813919,0.8079595,0.0055927657522261,0.00043737888,0.0021358132,0.0042610765
Classical QLSTM gates,1,13,0.80422896,0.8059803,0.80965793,0.8021756,0.0055927657522261,0.0017513633,0.0038047433,0.00542897
Classical QLSTM gates,1,13,0.7982522,0.79926395,0.80422896,0.79717004,0.0055927657522261,0.0010117292,0.0020939112,0.0059767365
Classical attention circuits,1,5,0.8715125,0.8718209,0.88004225,0.8740694,0.0055927657522261,0.00030845404,0.002248466,0.008529782
Classical attention circuits,1,5,0.87167877,0.86416906,0.8715125,0.87952185,0.0055927657522261,0.0075097084,0.015352786,0.00016629696
Classical attention circuits,1,5,0.8690643,0.86327046,0.87167877,0.8696272,0.0055927657522261,0.00579381,0.006356716,0.0026144981
Classical attention circuits,1,5,0.85863227,0.8613308,0.8690643,0.8527029,0.0055927657522261,0.0026985407,0.008627892,0.010432005
Classical attention circuits,1,5,0.8474971,0.8530911,0.85863227,0.84489787,0.0055927657522261,0.005594015,0.0081932545,0.011135161
Classical attention circuits,1,5,0.8405724,0.8453022,0.8474971,0.8437867,0.0055927657522261,0.0047298074,0.0015155077,0.006924689
Classical attention circuits,1,5,0.8428812,0.838066,0.8405724,0.85135525,0.0055927657522261,0.004815221,0.013289273,0.002308786
Classical attention circuits,1,5,0.84915835,0.83913153,0.8428812,0.85452765,0.0055927657522261,0.010026813,0.015396118,0.006277144
Classical attention circuits,1,5,0.8545028,0.84480023,0.84915835,0.85522854,0.0055927657522261,0.009702563,0.010428309,0.0053444505
Classical attention circuits,1,5,0.84557265,0.8485424,0.8545028,0.8355601,0.0055927657522261,0.0029697418,0.012982309,0.008930147
Classical attention circuits,1,5,0.8413325,0.8400656,0.84557265,0.8416284,0.0055927657522261,0.0012668967,0.0015627742,0.004240155
Classical attention circuits,1,5,0.8356159,0.8359811,0.8413325,0.8357602,0.0055927657522261,0.00036519766,0.00022089481,0.005716622
Classical attention circuits,1,5,0.8246508,0.8290807,0.8356159,0.82023066,0.0055927657522261,0.004429877,0.008850038,0.010965049
Classical attention circuits,1,5,0.8176962,0.8191666,0.8246508,0.81794864,0.0055927657522261,0.001470387,0.0012179613,0.0069546103
Classical attention circuits,1,5,0.81665486,0.81352836,0.8176962,0.82139415,0.0055927657522261,0.003126502,0.007865787,0.0010413527
Classical attention circuits,1,5,0.82406414,0.81239545,0.81665486,0.8328286,0.0055927657522261,0.011668682,0.020433128,0.0074092746
Classical attention circuits,1,5,0.82814854,0.8199518,0.82406414,0.82844985,0.0055927657522261,0.008196771,0.008498073,0.0040844083
Classical attention circuits,1,5,0.82623696,0.82442665,0.82814854,0.821103,0.0055927657522261,0.0018103123,0.0033236742,0.0019115806
Classical attention circuits,1,5,0.820994,0.82163906,0.82623696,0.81731683,0.0055927657522261,0.00064504147,0.004322231,0.0052429438
Classical attention circuits,1,5,0.81501365,0.81656015,0.820994,0.8141091,0.0055927657522261,0.0015465021,0.0024510622,0.0059803724
Classical attention circuits,1,5,0.8089336,0.8102798,0.81501365,0.8085135,0.0055927657522261,0.0013461709,0.0017662644,0.0060800314
Classical attention circuits,1,5,0.8045314,0.80407995,0.8089336,0.8047877,0.0055927657522261,0.00045144558,0.00070774555,0.0044022202
Classical attention circuits,1,5,0.7963531,0.79971826,0.8045314,0.7933096,0.0055927657522261,0.003365159,0.006408632,0.008178294
Classical attention circuits,1,13,0.8919457,0.89087576,0.8951817,0.89387727,0.0055927657522261,0.001069963,0.003001511,0.0032359958
Classical attention circuits,1,13,0.8873722,0.8858305,0.8919457,0.8872821,0.0055927657522261,0.0015416741,0.0014515519,0.004573524
Classical attention circuits,1,13,0.8875275,0.88348925,0.8873722,0.8906314,0.0055927657522261,0.0040382743,0.0071421266,0.0001553297
Classical attention circuits,1,13,0.88580495,0.8836823,0.8875275,0.8858322,0.0055927657522261,0.0021226406,0.00214988,0.0017225742
Classical attention circuits,1,13,0.8844818,0.8826949,0.88580495,0.8848437,0.0055927657522261,0.0017868876,0.002148807,0.0013231635
Classical attention circuits,1,13,0.88108313,0.8809837,0.8844818,0.8797299,0.0055927657522261,9.942055e-05,0.0012537837,0.0033986568
Classical attention circuits,1,13,0.87839246,0.8767811,0.88108313,0.87848204,0.0055927657522261,0.001611352,0.0017009377,0.0026906729
Classical attention circuits,1,13,0.86665964,0.87309605,0.87839246,0.8601056,0.0055927657522261,0.0064364076,0.012990475,0.011732817
Classical attention circuits,1,13,0.84392476,0.86098105,0.86665964,0.8327076,0.0055927657522261,0.017056286,0.028273463,0.02273488
Classical attention circuits,1,13,0.8306551,0.83844113,0.84392476,0.83351034,0.0055927657522261,0.0077860355,0.0049307942,0.013269663
Classical attention circuits,1,13,0.8231329,0.8248144,0.8306551,0.8292711,0.0055927657522261,0.0016815066,0.004456699,0.0075222254
Classical attention circuits,1,13,0.8177814,0.8175326,0.8231329,0.82093954,0.0055927657522261,0.0002487898,0.003406942,0.005351484
Classical attention circuits,1,13,0.816878,0.8126565,0.8177814,0.82007676,0.0055927657522261,0.004221499,0.007420242,0.000903368
Classical attention circuits,1,13,0.8190158,0.81359184,0.816878,0.82287234,0.0055927657522261,0.005423963,0.009280503,0.0021377802
Classical attention circuits,1,13,0.8217023,0.8153365,0.8190158,0.82472265,0.0055927657522261,0.006365776,0.009386122,0.0026865005
Classical attention circuits,1,13,0.8219545,0.8184703,0.8217023,0.82127243,0.0055927657522261,0.0034841895,0.0028021336,0.00025218725
Classical attention circuits,1,13,0.81815076,0.81785214,0.8219545,0.8146525,0.0055927657522261,0.00029861927,0.003199637,0.00380373
Classical attention circuits,1,13,0.8158416,0.81362367,0.81815076,0.81610477,0.0055927657522261,0.0022179484,0.002481103,0.0023091435
Classical attention circuits,1,13,0.813919,0.81133735,0.8158416,0.814834,0.0055927657522261,0.002581656,0.0034966469,0.0019226074
Classical attention circuits,1,13,0.80965793,0.8091766,0.813919,0.8079595,0.0055927657522261,0.0004813075,0.0012171268,0.0042610765
Classical attention circuits,1,13,0.80422896,0.8050621,0.80965793,0.8021756,0.0055927657522261,0.0008331537,0.0028865337,0.00542897
Classical attention circuits,1,13,0.7982522,0.7988106,0.80422896,0.79717004,0.0055927657522261,0.0005583763,0.0016405582,0.0059767365
Classical VQR circuit,1,5,0.8715125,0.8727533,0.88004225,0.8740694,0.0055927657522261,0.0012408495,0.0013160706,0.008529782
Classical VQR circuit,1,5,0.87167877,0.8648644,0.8715125,0.87952185,0.0055927657522261,0.0068143606,0.014657438,0.00016629696
Classical VQR circuit,1,5,0.8690643,0.86522114,0.87167877,0.8696272,0.0055927657522261,0.0038431287,0.004406035,0.0026144981
Classical VQR circuit,1,5,0.85863227,0.8627339,0.8690643,0.8527029,0.0055927657522261,0.004101634,0.010030985,0.010432005
Classical VQR circuit,1,5,0.8474971,0.8522951,0.85863227,0.84489787,0.0055927657522261,0.004797995,0.0073972344,0.011135161
Classical VQR circuit,1,5,0.8405724,0.84476554,0.8474971,0.8437867,0.0055927657522261,0.004193127,0.0009788275,0.006924689
Classical VQR circuit,1,5,0.8428812,0.83803034,0.8405724,0.85135525,0.0055927657522261,0.0048508644,0.013324916,0.002308786
Classical VQR circuit,1,5,0.84915835,0.83927274,0.8428812,0.85452765,0.0055927657522261,0.009885609,0.015254915,0.006277144
Classical VQR circuit,1,5,0.8545028,0.84494823,0.84915835,0.85522854,0.0055927657522261,0.009554565,0.010280311,0.0053444505
Classical VQR circuit,1,5,0.84557265,0.8488404,0.8545028,0.8355601,0.0055927657522261,0.003267765,0.013280332,0.008930147
Classical VQR circuit,1,5,0.8413325,0.8403411,0.84557265,0.8416284,0.0055927657522261,0.000991404,0.0012872815,0.004240155
Classical VQR circuit,1,5,0.8356159,0.836283,0.8413325,0.8357602,0.0055927657522261,0.0006671548,0.00052285194,0.005716622
Classical VQR circuit,1,5,0.8246508,0.8291593,0.8356159,0.82023066,0.0055927657522261,0.0045084953,0.008928657,0.010965049
Classical VQR circuit,1,5,0.8176962,0.8190048,0.8246508,0.81794864,0.0055927657522261,0.0013085604,0.0010561347,0.0069546103
Classical VQR circuit,1,5,0.81665486,0.8132438,0.8176962,0.82139415,0.0055927657522261,0.0034110546,0.008150339,0.0010413527
Classical VQR circuit,1,5,0.82406414,0.8120381,0.81665486,0.8328286,0.0055927657522261,0.012026012,0.020790458,0.0074092746
Classical VQR circuit,1,5,0.82814854,0.81970423,0.82406414,0.82844985,0.0055927657522261,0.008444309,0.008745611,0.0040844083
Classical VQR circuit,1,5,0.82623696,0.8244006,0.82814854,0.821103,0.0055927657522261,0.0018363595,0.003297627,0.0019115806
Classical VQR circuit,1,5,0.820994,0.82170266,0.82623696,0.81731683,0.0055927657522261,0.0007086396,0.004385829,0.0052429438
Classical VQR circuit,1,5,0.81501365,0.81670445,0.820994,0.8141091,0.0055927657522261,0.001690805,0.002595365,0.0059803724
Classical VQR circuit,1,5,0.8089336,0.8103779,0.81501365,0.8085135,0.0055927657522261,0.0014442801,0.0018643737,0.0060800314
Classical VQR circuit,1,5,0.8045314,0.8041881,0.8089336,0.8047877,0.0055927657522261,0.00034332275,0.0005996227,0.0044022202
Classical VQR circuit,1,5,0.7963531,0.79973567,0.8045314,0.7933096,0.0055927657522261,0.0033825636,0.0064260364,0.008178294
Classical VQR circuit,1,13,0.8919457,0.88836044,0.8951817,0.89387727,0.0055927657522261,0.003585279,0.005516827,0.0032359958
Classical VQR circuit,1,13,0.8873722,0.88508755,0.8919457,0.8872821,0.0055927657522261,0.002284646,0.0021945238,0.004573524
Classical VQR circuit,1,13,0.8875275,0.8809663,0.8873722,0.8906314,0.0055927657522261,0.0065612197,0.009665072,0.0001553297
Classical VQR circuit,1,13,0.88580495,0.881215,0.8875275,0.8858322,0.0055927657522261,0.004589975,0.004617214,0.0017225742
Classical VQR circuit,1,13,0.8844818,0.8828145,0.88580495,0.8848437,0.0055927657522261,0.0016672611,0.0020291805,0.0013231635
Classical VQR circuit,1,13,0.88108313,0.88137585,0.8844818,0.8797299,0.0055927657522261,0.0002927184,0.0016459227,0.0033986568
Classical VQR circuit,1,13,0.87839246,0.87711024,0.88108313,0.87848204,0.0055927657522261,0.0012822151,0.0013718009,0.0026906729
Classical VQR circuit,1,13,0.86665964,0.8733534,0.87839246,0.8601056,0.0055927657522261,0.0066937804,0.013247848,0.011732817
Classical VQR circuit,1,13,0.84392476,0.8611753,0.86665964,0.8327076,0.0055927657522261,0.017250538,0.028467715,0.02273488
Classical VQR circuit,1,13,0.8306551,0.8386356,0.84392476,0.83351034,0.0055927657522261,0.0079805255,0.005125284,0.013269663
Classical VQR circuit,1,13,0.8231329,0.8250652,0.8306551,0.8292711,0.0055927657522261,0.001932323,0.0042058825,0.0075222254
Classical VQR circuit,1,13,0.8177814,0.8178314,0.8231329,0.82093954,0.0055927657522261,5.0008297e-05,0.0031081438,0.005351484
Classical VQR circuit,1,13,0.816878,0.8127316,0.8177814,0.82007676,0.0055927657522261,0.004146397,0.00734514,0.000903368
Classical VQR circuit,1,13,0.8190158,0.8136113,0.816878,0.82287234,0.0055927657522261,0.0054044724,0.009261012,0.0021377802
Classical VQR circuit,1,13,0.8217023,0.8153113,0.8190158,0.82472265,0.0055927657522261,0.006390989,0.009411335,0.0026865005
Classical VQR circuit,1,13,0.8219545,0.818585,0.8217023,0.82127243,0.0055927657522261,0.0033695102,0.0026874542,0.00025218725
Classical VQR circuit,1,13,0.81815076,0.81805956,0.8219545,0.8146525,0.0055927657522261,9.119511e-05,0.003407061,0.00380373
Classical VQR circuit,1,13,0.8158416,0.81378686,0.81815076,0.81610477,0.0055927657522261,0.002054751,0.0023179054,0.0023091435
Classical VQR circuit,1,13,0.813919,0.8115186,0.8158416,0.814834,0.0055927657522261,0.0024003983,0.0033153892,0.0019226074
Classical VQR circuit,1,13,0.80965793,0.8093136,0.813919,0.8079595,0.0055927657522261,0.00034433603,0.0013540983,0.0042610765
Classical VQR circuit,1,13,0.80422896,0.80517477,0.80965793,0.8021756,0.0055927657522261,0.0009458065,0.0029991865,0.00542897
Classical VQR circuit,1,13,0.7982522,0.7988056,0.80422896,0.79717004,0.0055927657522261,0.0005533695,0.0016355515,0.0059767365
All circuits classical,1,5,0.8715125,0.8704387,0.88004225,0.8740694,0.0055927657522261,0.0010737777,0.0036306977,0.008529782
All circuits classical,1,5,0.87167877,0.8641064,0.8715125,0.87952185,0.0055927657522261,0.007572353,0.01541543,0.00016629696
All circuits classical,1,5,0.8690643,0.8646501,0.87167877,0.8696272,0.0055927657522261,0.004414201,0.004977107,0.0026144981
All circuits classical,1,5,0.85863227,0.86306894,0.8690643,0.8527029,0.0055927657522261,0.0044366717,0.010366023,0.010432005
All circuits classical,1,5,0.8474971,0.85332245,0.85863227,0.84489787,0.0055927657522261,0.0058253407,0.00842458,0.011135161
All circuits classical,1,5,0.8405724,0.8447412,0.8474971,0.8437867,0.0055927657522261,0.0041688085,0.0009545088,0.006924689
All circuits classical,1,5,0.8428812,0.8370561,0.8405724,0.85135525,0.0055927657522261,0.0058251023,0.014299154,0.002308786
All circuits classical,1,5,0.84915835,0.83852166,0.8428812,0.85452765,0.0055927657522261,0.010636687,0.016005993,0.006277144
All circuits classical,1,5,0.8545028,0.8445587,0.84915835,0.85522854,0.0055927657522261,0.009944081,0.010669827,0.0053444505
All circuits classical,1,5,0.84557265,0.84839153,0.8545028,0.8355601,0.0055927657522261,0.0028188825,0.0128314495,0.008930147
All circuits classical,1,5,0.8413325,0.8391712,0.84557265,0.8416284,0.0055927657522261,0.002161324,0.0024572015,0.004240155
All circuits classical,1,5,0.8356159,0.834858,0.8413325,0.8357602,0.0055927657522261,0.00075787306,0.0009021759,0.005716622
All circuits classical,1,5,0.8246508,0.8285882,0.8356159,0.82023066,0.0055927657522261,0.0039373636,0.008357525,0.010965049
All circuits classical,1,5,0.8176962,0.8196288,0.8246508,0.81794864,0.0055927657522261,0.0019325614,0.0016801357,0.0069546103
All circuits classical,1,5,0.81665486,0.81413025,0.8176962,0.82139415,0.0055927657522261,0.0025246143,0.007263899,0.0010413527
All circuits classical,1,5,0.82406414,0.8129714,0.81665486,0.8328286,0.0055927657522261,0.011092722,0.019857168,0.0074092746
All circuits classical,1,5,0.82814854,0.82027674,0.82406414,0.82844985,0.0055927657522261,0.007871807,0.008173108,0.0040844083
All circuits classical,1,5,0.82623696,0.8248043,0.82814854,0.821103,0.0055927657522261,0.0014326572,0.0037013292,0.0019115806
All circuits classical,1,5,0.820994,0.82149225,0.82623696,0.81731683,0.0055927657522261,0.0004982352,0.0041754246,0.0052429438
All circuits classical,1,5,0.81501365,0.8164512,0.820994,0.8141091,0.0055927657522261,0.0014375448,0.002342105,0.0059803724
All circuits classical,1,5,0.8089336,0.80963105,0.81501365,0.8085135,0.0055927657522261,0.00069743395,0.0011175275,0.0060800314
All circuits classical,1,5,0.8045314,0.80328745,0.8089336,0.8047877,0.0055927657522261,0.0012439489,0.0015002489,0.0044022202
All circuits classical,1,5,0.7963531,0.798392,0.8045314,0.7933096,0.0055927657522261,0.002038896,0.005082369,0.008178294
All circuits classical,1,13,0.8919457,0.88624257,0.8951817,0.89387727,0.0055927657522261,0.005703151,0.0076346993,0.0032359958
All circuits classical,1,13,0.8873722,0.8835989,0.8919457,0.8872821,0.0055927657522261,0.003773272,0.0036831498,0.004573524
All circuits classical,1,13,0.8875275,0.8817578,0.8873722,0.8906314,0.0055927657522261,0.0057697296,0.008873582,0.0001553297
All circuits classical,1,13,0.88580495,0.8814879,0.8875275,0.8858322,0.0055927657522261,0.004317045,0.0043442845,0.0017225742
All circuits classical,1,13,0.8844818,0.8825846,0.88580495,0.8848437,0.0055927657522261,0.0018972158,0.0022591352,0.0013231635
All circuits classical,1,13,0.88108313,0.8809439,0.8844818,0.8797299,0.0055927657522261,0.00013923645,0.0012139678,0.0033986568
All circuits classical,1,13,0.87839246,0.87715197,0.88108313,0.87848204,0.0055927657522261,0.0012404919,0.0013300776,0.0026906729
All circuits classical,1,13,0.86665964,0.87352157,0.87839246,0.8601056,0.0055927657522261,0.006861925,0.013415992,0.011732817
All circuits classical,1,13,0.84392476,0.8610664,0.86665964,0.8327076,0.0055927657522261,0.01714164,0.028358817,0.02273488
All circuits classical,1,13,0.8306551,0.8379,0.84392476,0.83351034,0.0055927657522261,0.007244885,0.0043896437,0.013269663
All circuits classical,1,13,0.8231329,0.82363176,0.8306551,0.8292711,0.0055927657522261,0.0004988909,0.0056393147,0.0075222254
All circuits classical,1,13,0.8177814,0.8168201,0.8231329,0.82093954,0.0055927657522261,0.0009613037,0.004119456,0.005351484
All circuits classical,1,13,0.816878,0.81332225,0.8177814,0.82007676,0.0055927657522261,0.0035557747,0.0067545176,0.000903368
All circuits classical,1,13,0.8190158,0.81485146,0.816878,0.82287234,0.0055927657522261,0.004164338,0.008020878,0.0021377802
All circuits classical,1,13,0.8217023,0.8166145,0.8190158,0.82472265,0.0055927657522261,0.005087793,0.008108139,0.0026865005
All circuits classical,1,13,0.8219545,0.81943184,0.8217023,0.82127243,0.0055927657522261,0.0025226474,0.0018405914,0.00025218725
All circuits classical,1,13,0.81815076,0.8186982,0.8219545,0.8146525,0.0055927657522261,0.00054746866,0.004045725,0.00380373
All circuits classical,1,13,0.8158416,0.8137741,0.81815076,0.81610477,0.0055927657522261,0.0020675063,0.0023306608,0.0023091435
All circuits classical,1,13,0.813919,0.81137735,0.8158416,0.814834,0.0055927657522261,0.0025416613,0.0034566522,0.0019226074
All circuits classical,1,13,0.80965793,0.808621,0.813919,0.8079595,0.0055927657522261,0.001036942,0.00066149235,0.0042610765
All circuits classical,1,13,0.80422896,0.8045338,0.80965793,0.8021756,0.0055927657522261,0.00030481815,0.0023581982,0.00542897
All circuits classical,1,13,0.7982522,0.7978006,0.80422896,0.79717004,0.0055927657522261,0.0004516244,0.00063055754,0.0059767365
Persistence,2,1,0.8989041,0.90255606,0.90255606,0.90152186,0.0055573270656168,0.0036519766,0.0010342002,0.0036519766
Persistence,2,1,0.89001435,0.8989041,0.8989041,0.8875078,0.0055573270656168,0.008889735,0.011396289,0.008889735
Persistence,2,1,0.87938654,0.89001435,0.89001435,0.87623525,0.0055573270656168,0.010627806,0.013779104,0.010627806
Persistence,2,1,0.8669862,0.87938654,0.87938654,0.8647164,0.0055573270656168,0.012400329,0.014670134,0.012400329
Persistence,2,1,0.8558226,0.8669862,0.8669862,0.8563263,0.0055573270656168,0.011163592,0.010659933,0.011163592
Persistence,2,1,0.84877163,0.8558226,0.8558226,0.851942,0.0055573270656168,0.007050991,0.00388062,0.007050991
Persistence,2,1,0.84787625,0.84877163,0.84877163,0.85325265,0.0055573270656168,0.000895381,0.0044810176,0.000895381
Persistence,2,1,0.84779346,0.84787625,0.84787625,0.85035527,0.0055573270656168,8.279085e-05,0.0024790168,8.279085e-05
Persistence,2,1,0.8471325,0.84779346,0.84779346,0.8476322,0.0055573270656168,0.0006609559,0.00016123056,0.0006609559
Persistence,2,1,0.84348625,0.8471325,0.8471325,0.84171885,0.0055573270656168,0.0036462545,0.0054136515,0.0036462545
Persistence,2,1,0.83930993,0.84348625,0.84348625,0.8386773,0.0055573270656168,0.0041763186,0.0048089623,0.0041763186
Persistence,2,1,0.8363824,0.83930993,0.83930993,0.837412,0.0055573270656168,0.0029275417,0.0018979311,0.0029275417
Persistence,2,1,0.83529115,0.8363824,0.8363824,0.8369826,0.0055573270656168,0.0010912418,0.0006002188,0.0010912418
Persistence,2,1,0.8298793,0.83529115,0.83529115,0.8270432,0.0055573270656168,0.0054118633,0.008247972,0.0054118633
Persistence,2,1,0.8259066,0.8298793,0.8298793,0.82566714,0.0055573270656168,0.003972709,0.004212141,0.003972709
Persistence,2,1,0.8247921,0.8259066,0.8259066,0.82726884,0.0055573270656168,0.0011144876,0.0013622642,0.0011144876
Persistence,2,1,0.81717896,0.8247921,0.8247921,0.8133968,0.0055573270656168,0.0076131225,0.011395276,0.0076131225
Persistence,2,1,0.81082004,0.81717896,0.81717896,0.8097343,0.0055573270656168,0.0063589215,0.0074446797,0.0063589215
Persistence,2,1,0.80628186,0.81082004,0.81082004,0.8073882,0.0055573270656168,0.0045381784,0.0034318566,0.0045381784
Persistence,2,1,0.8034765,0.80628186,0.80628186,0.8055926,0.0055573270656168,0.0028053522,0.0006892681,0.0028053522
Persistence,2,1,0.8013143,0.8034765,0.8034765,0.80232096,0.0055573270656168,0.002162218,0.0011555552,0.002162218
Persistence,2,1,0.79567486,0.8013143,0.8013143,0.79296273,0.0055573270656168,0.005639434,0.008351564,0.005639434
Persistence,2,1,0.78961426,0.79567486,0.79567486,0.78846586,0.0055573270656168,0.0060606003,0.007209003,0.0060606003
Persistence,2,19,0.87176514,0.882705,0.882705,0.8735683,0.0055573270656168,0.0109398365,0.009136677,0.0109398365
Persistence,2,19,0.8643261,0.87176514,0.87176514,0.8690182,0.0055573270656168,0.0074390173,0.0027469397,0.0074390173
Persistence,2,19,0.86521614,0.8643261,0.8643261,0.8727613,0.0055573270656168,0.00089001656,0.00843519,0.00089001656
Persistence,2,19,0.85643786,0.86521614,0.86521614,0.8516162,0.0055573270656168,0.008778274,0.013599932,0.008778274
Persistence,2,19,0.84929764,0.85643786,0.85643786,0.8481611,0.0055573270656168,0.007140219,0.008276761,0.007140219
Persistence,2,19,0.8448716,0.84929764,0.84929764,0.84774715,0.0055573270656168,0.004426062,0.0015504956,0.004426062
Persistence,2,19,0.8443298,0.8448716,0.8448716,0.848996,0.0055573270656168,0.0005418062,0.004124403,0.0005418062
Persistence,2,19,0.84465003,0.8443298,0.8443298,0.84651417,0.0055573270656168,0.00032025576,0.002184391,0.00032025576
Persistence,2,19,0.8473331,0.84465003,0.84465003,0.8491494,0.0055573270656168,0.0026830435,0.004499376,0.0026830435
Persistence,2,19,0.8467591,0.8473331,0.8473331,0.8456575,0.0055573270656168,0.00057399273,0.0016755462,0.00057399273
Persistence,2,19,0.839568,0.8467591,0.8467591,0.8345627,0.0055573270656168,0.007191062,0.012196362,0.007191062
Persistence,2,19,0.8245411,0.839568,0.839568,0.8166507,0.0055573270656168,0.015026927,0.02291733,0.015026927
Persistence,2,19,0.8143626,0.8245411,0.8245411,0.8150793,0.0055573270656168,0.010178506,0.00946182,0.010178506
Persistence,2,19,0.8105752,0.8143626,0.8143626,0.8160987,0.0055573270656168,0.0037873983,0.0017361045,0.0037873983
Persistence,2,19,0.810767,0.8105752,0.8105752,0.8152849,0.0055573270656168,0.00019180775,0.0047097206,0.00019180775
Persistence,2,19,0.81080055,0.810767,0.810767,0.8114515,0.0055573270656168,3.3557415e-05,0.00068449974,3.3557415e-05
Persistence,2,19,0.8047899,0.81080055,0.81080055,0.80045074,0.0055573270656168,0.0060106516,0.01034981,0.0060106516
Persistence,2,19,0.79417217,0.8047899,0.8047899,0.78979313,0.0055573270656168,0.010617733,0.014996767,0.010617733
Persistence,2,19,0.7857069,0.79417217,0.79417217,0.7861868,0.0055573270656168,0.00846529,0.0079853535,0.00846529
Persistence,2,19,0.7845029,0.7857069,0.7857069,0.79020286,0.0055573270656168,0.0012039542,0.0044959784,0.0012039542
Persistence,2,19,0.78591484,0.7845029,0.7845029,0.78965634,0.0055573270656168,0.0014119148,0.0051534176,0.0014119148
Persistence,2,19,0.78457683,0.78591484,0.78591484,0.783259,0.0055573270656168,0.0013380051,0.0026558638,0.0013380051
Persistence,2,19,0.7784937,0.78457683,0.78457683,0.7744164,0.0055573270656168,0.006083131,0.010160446,0.006083131
Full model,2,1,0.8989041,0.895621,0.90255606,0.90152186,0.0055573270656168,0.0032830834,0.00590086,0.0036519766
Full model,2,1,0.89001435,0.8922909,0.8989041,0.8875078,0.0055573270656168,0.0022765398,0.004783094,0.008889735
Full model,2,1,0.87938654,0.8838236,0.89001435,0.87623525,0.0055573270656168,0.0044370294,0.007588327,0.010627806
Full model,2,1,0.8669862,0.87304056,0.87938654,0.8647164,0.0055573270656168,0.006054342,0.008324146,0.012400329
Full model,2,1,0.8558226,0.8609621,0.8669862,0.8563263,0.0055573270656168,0.00513947,0.004635811,0.011163592
Full model,2,1,0.84877163,0.8523982,0.8558226,0.851942,0.0055573270656168,0.003626585,0.00045621395,0.007050991
Full model,2,1,0.84787625,0.84453243,0.84877163,0.85325265,0.0055573270656168,0.0033438206,0.008720219,0.000895381
Full model,2,1,0.84779346,0.84350806,0.84787625,0.85035527,0.0055573270656168,0.004285395,0.006847203,8.279085e-05
Full model,2,1,0.8471325,0.8427977,0.84779346,0.8476322,0.0055573270656168,0.0043348074,0.0048345327,0.0006609559
Full model,2,1,0.84348625,0.8417965,0.8471325,0.84171885,0.0055573270656168,0.0016897321,7.766485e-05,0.0036462545
Full model,2,1,0.83930993,0.8374978,0.84348625,0.8386773,0.0055573270656168,0.00181216,0.0011795163,0.0041763186
Full model,2,1,0.8363824,0.834187,0.83930993,0.837412,0.0055573270656168,0.0021954179,0.0032250285,0.0029275417
Full model,2,1,0.83529115,0.8309868,0.8363824,0.8369826,0.0055573270656168,0.0043043494,0.00599581,0.0010912418
Full model,2,1,0.8298793,0.83168906,0.83529115,0.8270432,0.0055573270656168,0.0018097758,0.004645884,0.0054118633
Full model,2,1,0.8259066,0.8270232,0.8298793,0.82566714,0.0055573270656168,0.0011166334,0.0013560653,0.003972709
Full model,2,1,0.8247921,0.8234943,0.8259066,0.82726884,0.0055573270656168,0.0012977719,0.0037745237,0.0011144876
Full model,2,1,0.81717896,0.82196933,0.8247921,0.8133968,0.0055573270656168,0.0047903657,0.008572519,0.0076131225
Full model,2,1,0.81082004,0.81400114,0.81717896,0.8097343,0.0055573270656168,0.0031811,0.004266858,0.0063589215
Full model,2,1,0.80628186,0.8067679,0.81082004,0.8073882,0.0055573270656168,0.00048601627,0.00062030554,0.0045381784
Full model,2,1,0.8034765,0.8020181,0.80628186,0.8055926,0.0055573270656168,0.0014584064,0.0035744905,0.0028053522
Full model,2,1,0.8013143,0.7988522,0.8034765,0.80232096,0.0055573270656168,0.002462089,0.003468752,0.002162218
Full model,2,1,0.79567486,0.79683167,0.8013143,0.79296273,0.0055573270656168,0.001156807,0.0038689375,0.005639434
Full model,2,1,0.78961426,0.7912505,0.79567486,0.78846586,0.0055573270656168,0.0016362667,0.0027846694,0.0060606003
Full model,2,19,0.87176514,0.87631184,0.882705,0.8735683,0.0055573270656168,0.004546702,0.0027435422,0.0109398365
Full model,2,19,0.8643261,0.86557525,0.87176514,0.8690182,0.0055573270656168,0.0012491345,0.003442943,0.0074390173
Full model,2,19,0.86521614,0.8585263,0.8643261,0.8727613,0.0055573270656168,0.0066898465,0.01423502,0.00089001656
Full model,2,19,0.85643786,0.85928506,0.86521614,0.8516162,0.0055573270656168,0.0028471947,0.007668853,0.008778274
Full model,2,19,0.84929764,0.8514582,0.85643786,0.8481611,0.0055573270656168,0.0021605492,0.0032970905,0.007140219
Full model,2,19,0.8448716,0.84624666,0.84929764,0.84774715,0.0055573270656168,0.0013750792,0.0015004873,0.004426062
Full model,2,19,0.8443298,0.8411372,0.8448716,0.848996,0.0055573270656168,0.0031926036,0.007858813,0.0005418062
Full model,2,19,0.84465003,0.8399346,0.8443298,0.84651417,0.0055573270656168,0.0047154427,0.006579578,0.00032025576
Full model,2,19,0.8473331,0.8396805,0.84465003,0.8491494,0.0055573270656168,0.0076525807,0.009468913,0.0026830435
Full model,2,19,0.8467591,0.8419222,0.8473331,0.8456575,0.0055573270656168,0.0048368573,0.0037353039,0.00057399273
Full model,2,19,0.839568,0.84108984,0.8467591,0.8345627,0.0055573270656168,0.0015218258,0.006527126,0.007191062
Full model,2,19,0.8245411,0.83419746,0.839568,0.8166507,0.0055573270656168,0.00965637,0.017546773,0.015026927
Full model,2,19,0.8143626,0.81945634,0.8245411,0.8150793,0.0055573270656168,0.0050937533,0.004377067,0.010178506
Full model,2,19,0.8105752,0.8108845,0.8143626,0.8160987,0.0055573270656168,0.0003092885,0.0052142143,0.0037873983
Full model,2,19,0.810767,0.808005,0.8105752,0.8152849,0.0055573270656168,0.0027620196,0.0072799325,0.00019180775
Full model,2,19,0.81080055,0.80825514,0.810767,0.8114515,0.0055573270656168,0.0025454164,0.0031963587,3.3557415e-05
Full model,2,19,0.8047899,0.80818266,0.81080055,0.80045074,0.0055573270656168,0.003392756,0.0077319145,0.0060106516
Full model,2,19,0.79417217,0.80159235,0.8047899,0.78979313,0.0055573270656168,0.007420182,0.011799216,0.010617733
Full model,2,19,0.7857069,0.79039586,0.79417217,0.7861868,0.0055573270656168,0.004688978,0.0042090416,0.00846529
Full model,2,19,0.7845029,0.78178847,0.7857069,0.79020286,0.0055573270656168,0.0027144551,0.008414388,0.0012039542
Full model,2,19,0.78591484,0.7801195,0.7845029,0.78965634,0.0055573270656168,0.0057953596,0.009536862,0.0014119148
Full model,2,19,0.78457683,0.7813272,0.78591484,0.783259,0.0055573270656168,0.0032496452,0.0019317865,0.0013380051
Full model,2,19,0.7784937,0.78033835,0.78457683,0.7744164,0.0055573270656168,0.0018446445,0.00592196,0.006083131
Without quantum attention,2,1,0.8989041,0.89620185,0.90255606,0.90152186,0.0055573270656168,0.0027022362,0.0053200126,0.0036519766
Without quantum attention,2,1,0.89001435,0.8923556,0.8989041,0.8875078,0.0055573270656168,0.0023412704,0.0048478246,0.008889735
Without quantum attention,2,1,0.87938654,0.88312274,0.89001435,0.87623525,0.0055573270656168,0.003736198,0.0068874955,0.010627806
Without quantum attention,2,1,0.8669862,0.8728366,0.87938654,0.8647164,0.0055573270656168,0.0058503747,0.008120179,0.012400329
Without quantum attention,2,1,0.8558226,0.8620745,0.8669862,0.8563263,0.0055573270656168,0.0062518716,0.0057482123,0.011163592
Without quantum attention,2,1,0.84877163,0.85150397,0.8558226,0.851942,0.0055573270656168,0.0027323365,0.00043803453,0.007050991
Without quantum attention,2,1,0.84787625,0.84506476,0.84877163,0.85325265,0.0055573270656168,0.0028114915,0.00818789,0.000895381
Without quantum attention,2,1,0.84779346,0.84385365,0.84787625,0.85035527,0.0055573270656168,0.0039398074,0.006501615,8.279085e-05
Without quantum attention,2,1,0.8471325,0.84428436,0.84779346,0.8476322,0.0055573270656168,0.0028481483,0.0033478737,0.0006609559
Without quantum attention,2,1,0.84348625,0.8435627,0.8471325,0.84171885,0.0055573270656168,7.647276e-05,0.0018438697,0.0036462545
Without quantum attention,2,1,0.83930993,0.83995694,0.84348625,0.8386773,0.0055573270656168,0.0006470084,0.0012796521,0.0041763186
Without quantum attention,2,1,0.8363824,0.8353417,0.83930993,0.837412,0.0055573270656168,0.0010406971,0.0020703077,0.0029275417
Without quantum attention,2,1,0.83529115,0.83216065,0.8363824,0.8369826,0.0055573270656168,0.0031304955,0.004821956,0.0010912418
Without quantum attention,2,1,0.8298793,0.83074135,0.83529115,0.8270432,0.0055573270656168,0.000862062,0.0036981702,0.0054118633
Without quantum attention,2,1,0.8259066,0.82554996,0.8298793,0.82566714,0.0055573270656168,0.0003566146,0.00011718273,0.003972709
Without quantum attention,2,1,0.8247921,0.82156944,0.8259066,0.82726884,0.0055573270656168,0.0032226443,0.005699396,0.0011144876
Without quantum attention,2,1,0.81717896,0.82084715,0.8247921,0.8133968,0.0055573270656168,0.003668189,0.007450342,0.0076131225
Without quantum attention,2,1,0.81082004,0.81338143,0.81717896,0.8097343,0.0055573270656168,0.0025613904,0.0036471486,0.0063589215
Without quantum attention,2,1,0.80628186,0.8070874,0.81082004,0.8073882,0.0055573270656168,0.0008055568,0.00030076504,0.0045381784
Without quantum attention,2,1,0.8034765,0.80269563,0.80628186,0.8055926,0.0055573270656168,0.00078088045,0.0028969646,0.0028053522
Without quantum attention,2,1,0.8013143,0.8001714,0.8034765,0.80232096,0.0055573270656168,0.0011429191,0.002149582,0.002162218
Without quantum attention,2,1,0.79567486,0.797422,0.8013143,0.79296273,0.0055573270656168,0.0017471313,0.004459262,0.005639434
Without quantum attention,2,1,0.78961426,0.79177856,0.79567486,0.78846586,0.0055573270656168,0.0021643043,0.003312707,0.0060606003
Without quantum attention,2,19,0.87176514,0.8759734,0.882705,0.8735683,0.0055573270656168,0.0042082667,0.002405107,0.0109398365
Without quantum attention,2,19,0.8643261,0.86496717,0.87176514,0.8690182,0.0055573270656168,0.00064104795,0.0040510297,0.0074390173
Without quantum attention,2,19,0.86521614,0.8571036,0.8643261,0.8727613,0.0055573270656168,0.00811255,0.015657723,0.00089001656
Without quantum attention,2,19,0.85643786,0.85896766,0.86521614,0.8516162,0.0055573270656168,0.0025298,0.007351458,0.008778274
Without quantum attention,2,19,0.84929764,0.85180974,0.85643786,0.8481611,0.0055573270656168,0.0025120974,0.0036486387,0.007140219
Without quantum attention,2,19,0.8448716,0.84490496,0.84929764,0.84774715,0.0055573270656168,3.33786e-05,0.0028421879,0.004426062
Without quantum attention,2,19,0.8443298,0.84064037,0.8448716,0.848996,0.0055573270656168,0.0036894083,0.0083556175,0.0005418062
Without quantum attention,2,19,0.84465003,0.84049743,0.8443298,0.84651417,0.0055573270656168,0.004152596,0.0060167313,0.00032025576
Without quantum attention,2,19,0.8473331,0.84099305,0.84465003,0.8491494,0.0055573270656168,0.006340027,0.008156359,0.0026830435
Without quantum attention,2,19,0.8467591,0.84386843,0.8473331,0.8456575,0.0055573270656168,0.0028906465,0.001789093,0.00057399273
Without quantum attention,2,19,0.839568,0.84314144,0.8467591,0.8345627,0.0055573270656168,0.0035734177,0.008578718,0.007191062
Without quantum attention,2,19,0.8245411,0.8356128,0.839568,0.8166507,0.0055573270656168,0.011071682,0.018962085,0.015026927
Without quantum attention,2,19,0.8143626,0.82022953,0.8245411,0.8150793,0.0055573270656168,0.005866945,0.0051502585,0.010178506
Without quantum attention,2,19,0.8105752,0.80973554,0.8143626,0.8160987,0.0055573270656168,0.00083965063,0.0063631535,0.0037873983
Without quantum attention,2,19,0.810767,0.80610853,0.8105752,0.8152849,0.0055573270656168,0.0046584606,0.0091763735,0.00019180775
Without quantum attention,2,19,0.81080055,0.8065112,0.810767,0.8114515,0.0055573270656168,0.004289329,0.0049402714,3.3557415e-05
Without quantum attention,2,19,0.8047899,0.80649775,0.81080055,0.80045074,0.0055573270656168,0.0017078519,0.0060470104,0.0060106516
Without quantum attention,2,19,0.79417217,0.8007802,0.8047899,0.78979313,0.0055573270656168,0.0066080093,0.010987043,0.010617733
Without quantum attention,2,19,0.7857069,0.79027313,0.79417217,0.7861868,0.0055573270656168,0.004566252,0.0040863156,0.00846529
Without quantum attention,2,19,0.7845029,0.7812426,0.7857069,0.79020286,0.0055573270656168,0.0032603145,0.008960247,0.0012039542
Without quantum attention,2,19,0.78591484,0.780154,0.7845029,0.78965634,0.0055573270656168,0.0057608485,0.009502351,0.0014119148
Without quantum attention,2,19,0.78457683,0.78195715,0.78591484,0.783259,0.0055573270656168,0.0026196837,0.001301825,0.0013380051
Without quantum attention,2,19,0.7784937,0.7803788,0.78457683,0.7744164,0.0055573270656168,0.0018851161,0.0059624314,0.006083131
Without VQR,2,1,0.8989041,0.8949472,0.90255606,0.90152186,0.0055573270656168,0.003956914,0.0065746903,0.0036519766
Without VQR,2,1,0.89001435,0.8917463,0.8989041,0.8875078,0.0055573270656168,0.0017319322,0.0042384863,0.008889735
Without VQR,2,1,0.87938654,0.88372636,0.89001435,0.87623525,0.0055573270656168,0.004339814,0.0074911118,0.010627806
Without VQR,2,1,0.8669862,0.87297714,0.87938654,0.8647164,0.0055573270656168,0.0059909225,0.008260727,0.012400329
Without VQR,2,1,0.8558226,0.8609974,0.8669862,0.8563263,0.0055573270656168,0.005174756,0.004671097,0.011163592
Without VQR,2,1,0.84877163,0.85236126,0.8558226,0.851942,0.0055573270656168,0.0035896301,0.00041925907,0.007050991
Without VQR,2,1,0.84787625,0.84443206,0.84877163,0.85325265,0.0055573270656168,0.0034441948,0.008820593,0.000895381
Without VQR,2,1,0.84779346,0.8432605,0.84787625,0.85035527,0.0055573270656168,0.0045329332,0.007094741,8.279085e-05
Without VQR,2,1,0.8471325,0.84251356,0.84779346,0.8476322,0.0055573270656168,0.0046189427,0.005118668,0.0006609559
Without VQR,2,1,0.84348625,0.84146047,0.8471325,0.84171885,0.0055573270656168,0.002025783,0.00025838614,0.0036462545
Without VQR,2,1,0.83930993,0.83711636,0.84348625,0.8386773,0.0055573270656168,0.0021935701,0.0015609264,0.0041763186
Without VQR,2,1,0.8363824,0.8337916,0.83930993,0.837412,0.0055573270656168,0.0025907755,0.0036203861,0.0029275417
Without VQR,2,1,0.83529115,0.83055043,0.8363824,0.8369826,0.0055573270656168,0.004740715,0.0064321756,0.0010912418
Without VQR,2,1,0.8298793,0.8312231,0.83529115,0.8270432,0.0055573270656168,0.0013437867,0.004179895,0.0054118633
Without VQR,2,1,0.8259066,0.826813,0.8298793,0.82566714,0.0055573270656168,0.00090640783,0.0011458397,0.003972709
Without VQR,2,1,0.8247921,0.8233333,0.8259066,0.82726884,0.0055573270656168,0.0014587641,0.003935516,0.0011144876
Without VQR,2,1,0.81717896,0.82186246,0.8247921,0.8133968,0.0055573270656168,0.0046834946,0.008465648,0.0076131225
Without VQR,2,1,0.81082004,0.8139242,0.81717896,0.8097343,0.0055573270656168,0.0031041503,0.0041899085,0.0063589215
Without VQR,2,1,0.80628186,0.8066826,0.81082004,0.8073882,0.0055573270656168,0.00040072203,0.0007055998,0.0045381784
Without VQR,2,1,0.8034765,0.80193937,0.80628186,0.8055926,0.0055573270656168,0.0015371442,0.0036532283,0.0028053522
Without VQR,2,1,0.8013143,0.7987666,0.8034765,0.80232096,0.0055573270656168,0.0025476813,0.0035543442,0.002162218
Without VQR,2,1,0.79567486,0.7966633,0.8013143,0.79296273,0.0055573270656168,0.0009884238,0.0037005544,0.005639434
Without VQR,2,1,0.78961426,0.7910897,0.79567486,0.78846586,0.0055573270656168,0.0014754534,0.002623856,0.0060606003
Without VQR,2,19,0.87176514,0.8760068,0.882705,0.8735683,0.0055573270656168,0.0042416453,0.0024384856,0.0109398365
Without VQR,2,19,0.8643261,0.8653783,0.87176514,0.8690182,0.0055573270656168,0.0010522008,0.0036398768,0.0074390173
Without VQR,2,19,0.86521614,0.8586674,0.8643261,0.8727613,0.0055573270656168,0.0065487623,0.0140939355,0.00089001656
Without VQR,2,19,0.85643786,0.8594934,0.86521614,0.8516162,0.0055573270656168,0.003055513,0.007877171,0.008778274
Without VQR,2,19,0.84929764,0.85154927,0.85643786,0.8481611,0.0055573270656168,0.002251625,0.0033881664,0.007140219
Without VQR,2,19,0.8448716,0.84620196,0.84929764,0.84774715,0.0055573270656168,0.0013303757,0.0015451908,0.004426062
Without VQR,2,19,0.8443298,0.8409528,0.8448716,0.848996,0.0055573270656168,0.0033769608,0.00804317,0.0005418062
Without VQR,2,19,0.84465003,0.8396873,0.8443298,0.84651417,0.0055573270656168,0.0049627423,0.0068268776,0.00032025576
Without VQR,2,19,0.8473331,0.83937943,0.84465003,0.8491494,0.0055573270656168,0.007953644,0.009769976,0.0026830435
Without VQR,2,19,0.8467591,0.8415986,0.8473331,0.8456575,0.0055573270656168,0.0051605105,0.004058957,0.00057399273
Without VQR,2,19,0.839568,0.84071887,0.8467591,0.8345627,0.0055573270656168,0.0011508465,0.0061561465,0.007191062
Without VQR,2,19,0.8245411,0.83379436,0.839568,0.8166507,0.0055573270656168,0.0092532635,0.017143667,0.015026927
Without VQR,2,19,0.8143626,0.8190322,0.8245411,0.8150793,0.0055573270656168,0.0046696067,0.0039529204,0.010178506
Without VQR,2,19,0.8105752,0.8105641,0.8143626,0.8160987,0.0055573270656168,1.1086464e-05,0.0055345893,0.0037873983
Without VQR,2,19,0.810767,0.80790734,0.8105752,0.8152849,0.0055573270656168,0.002859652,0.007377565,0.00019180775
Without VQR,2,19,0.81080055,0.8082822,0.810767,0.8114515,0.0055573270656168,0.0025183558,0.0031692982,3.3557415e-05
Without VQR,2,19,0.8047899,0.8081713,0.81080055,0.80045074,0.0055573270656168,0.0033813715,0.00772053,0.0060106516
Without VQR,2,19,0.79417217,0.8015827,0.8047899,0.78979313,0.0055573270656168,0.0074105263,0.01178956,0.010617733
Without VQR,2,19,0.7857069,0.79040265,0.79417217,0.7861868,0.0055573270656168,0.004695773,0.0042158365,0.00846529
Without VQR,2,19,0.7845029,0.7816978,0.7857069,0.79020286,0.0055573270656168,0.0028051138,0.008505046,0.0012039542
Without VQR,2,19,0.78591484,0.7800124,0.7845029,0.78965634,0.0055573270656168,0.0059024096,0.009643912,0.0014119148
Without VQR,2,19,0.78457683,0.7812581,0.78591484,0.783259,0.0055573270656168,0.003318727,0.0020008683,0.0013380051
Without VQR,2,19,0.7784937,0.78029114,0.78457683,0.7744164,0.0055573270656168,0.0017974377,0.005874753,0.006083131
Without quantum attention and VQR,2,1,0.8989041,0.89655584,0.90255606,0.90152186,0.0055573270656168,0.0023482442,0.0049660206,0.0036519766
Without quantum attention and VQR,2,1,0.89001435,0.89273924,0.8989041,0.8875078,0.0055573270656168,0.002724886,0.00523144,0.008889735
Without quantum attention and VQR,2,1,0.87938654,0.88345945,0.89001435,0.87623525,0.0055573270656168,0.0040729046,0.007224202,0.010627806
Without quantum attention and VQR,2,1,0.8669862,0.87322223,0.87938654,0.8647164,0.0055573270656168,0.0062360168,0.008505821,0.012400329
Without quantum attention and VQR,2,1,0.8558226,0.8615378,0.8669862,0.8563263,0.0055573270656168,0.0057151914,0.005211532,0.011163592
Without quantum attention and VQR,2,1,0.84877163,0.85247344,0.8558226,0.851942,0.0055573270656168,0.003701806,0.000531435,0.007050991
Without quantum attention and VQR,2,1,0.84787625,0.8454169,0.84877163,0.85325265,0.0055573270656168,0.0024593472,0.007835746,0.000895381
Without quantum attention and VQR,2,1,0.84779346,0.84338737,0.84787625,0.85035527,0.0055573270656168,0.0044060946,0.006967902,8.279085e-05
Without quantum attention and VQR,2,1,0.8471325,0.84325373,0.84779346,0.8476322,0.0055573270656168,0.0038787723,0.0043784976,0.0006609559
Without quantum attention and VQR,2,1,0.84348625,0.84254557,0.8471325,0.84171885,0.0055573270656168,0.0009406805,0.0008267164,0.0036462545
Without quantum attention and VQR,2,1,0.83930993,0.83939373,0.84348625,0.8386773,0.0055573270656168,8.380413e-05,0.00071644783,0.0041763186
Without quantum attention and VQR,2,1,0.8363824,0.83550334,0.83930993,0.837412,0.0055573270656168,0.0008790493,0.0019086599,0.0029275417
Without quantum attention and VQR,2,1,0.83529115,0.83164066,0.8363824,0.8369826,0.0055573270656168,0.0036504865,0.005341947,0.0010912418
Without quantum attention and VQR,2,1,0.8298793,0.83118254,0.83529115,0.8270432,0.0055573270656168,0.0013032556,0.0041393638,0.0054118633
Without quantum attention and VQR,2,1,0.8259066,0.82644653,0.8298793,0.82566714,0.0055573270656168,0.0005399585,0.00077939034,0.003972709
Without quantum attention and VQR,2,1,0.8247921,0.8228119,0.8259066,0.82726884,0.0055573270656168,0.0019801855,0.0044569373,0.0011144876
Without quantum attention and VQR,2,1,0.81717896,0.82180136,0.8247921,0.8133968,0.0055573270656168,0.0046224,0.008404553,0.0076131225
Without quantum attention and VQR,2,1,0.81082004,0.8138693,0.81717896,0.8097343,0.0055573270656168,0.0030492544,0.0041350126,0.0063589215
Without quantum attention and VQR,2,1,0.80628186,0.8073497,0.81082004,0.8073882,0.0055573270656168,0.0010678172,3.85046e-05,0.0045381784
Without quantum attention and VQR,2,1,0.8034765,0.80262136,0.80628186,0.8055926,0.0055573270656168,0.00085514784,0.002971232,0.0028053522
Without quantum attention and VQR,2,1,0.8013143,0.7998915,0.8034765,0.80232096,0.0055573270656168,0.0014228225,0.0024294853,0.002162218
Without quantum attention and VQR,2,1,0.79567486,0.7972989,0.8013143,0.79296273,0.0055573270656168,0.0016240478,0.0043361783,0.005639434
Without quantum attention and VQR,2,1,0.78961426,0.79180443,0.79567486,0.78846586,0.0055573270656168,0.0021901727,0.0033385754,0.0060606003
Without quantum attention and VQR,2,19,0.87176514,0.8766232,0.882705,0.8735683,0.0055573270656168,0.0048580766,0.0030549169,0.0109398365
Without quantum attention and VQR,2,19,0.8643261,0.86557215,0.87176514,0.8690182,0.0055573270656168,0.0012460351,0.0034460425,0.0074390173
Without quantum attention and VQR,2,19,0.86521614,0.85781276,0.8643261,0.8727613,0.0055573270656168,0.0074033737,0.014948547,0.00089001656
Without quantum attention and VQR,2,19,0.85643786,0.8592546,0.86521614,0.8516162,0.0055573270656168,0.0028167367,0.007638395,0.008778274
Without quantum attention and VQR,2,19,0.84929764,0.85202813,0.85643786,0.8481611,0.0055573270656168,0.0027304888,0.0038670301,0.007140219
Without quantum attention and VQR,2,19,0.8448716,0.84603864,0.84929764,0.84774715,0.0055573270656168,0.001167059,0.0017085075,0.004426062
Without quantum attention and VQR,2,19,0.8443298,0.84090966,0.8448716,0.848996,0.0055573270656168,0.0034201145,0.008086324,0.0005418062
Without quantum attention and VQR,2,19,0.84465003,0.83973277,0.8443298,0.84651417,0.0055573270656168,0.004917264,0.0067813993,0.00032025576
Without quantum attention and VQR,2,19,0.8473331,0.8400407,0.84465003,0.8491494,0.0055573270656168,0.00729239,0.009108722,0.0026830435
Without quantum attention and VQR,2,19,0.8467591,0.8427627,0.8473331,0.8456575,0.0055573270656168,0.003996372,0.0028948188,0.00057399273
Without quantum attention and VQR,2,19,0.839568,0.8424277,0.8467591,0.8345627,0.0055573270656168,0.002859652,0.007864952,0.007191062
Without quantum attention and VQR,2,19,0.8245411,0.8355482,0.839568,0.8166507,0.0055573270656168,0.01100713,0.018897533,0.015026927
Without quantum attention and VQR,2,19,0.8143626,0.8200209,0.8245411,0.8150793,0.0055573270656168,0.0056583285,0.0049416423,0.010178506
Without quantum attention and VQR,2,19,0.8105752,0.8102249,0.8143626,0.8160987,0.0055573270656168,0.0003502965,0.0058737993,0.0037873983
Without quantum attention and VQR,2,19,0.810767,0.8071517,0.8105752,0.8152849,0.0055573270656168,0.0036153197,0.008133233,0.00019180775
Without quantum attention and VQR,2,19,0.81080055,0.8075903,0.810767,0.8114515,0.0055573270656168,0.0032102466,0.003861189,3.3557415e-05
Without quantum attention and VQR,2,19,0.8047899,0.807667,0.81080055,0.80045074,0.0055573270656168,0.0028771162,0.0072162747,0.0060106516
Without quantum attention and VQR,2,19,0.79417217,0.80132926,0.8047899,0.78979313,0.0055573270656168,0.0071570873,0.011536121,0.010617733
Without quantum attention and VQR,2,19,0.7857069,0.7905761,0.79417217,0.7861868,0.0055573270656168,0.0048692226,0.004389286,0.00846529
Without quantum attention and VQR,2,19,0.7845029,0.78145415,0.7857069,0.79020286,0.0055573270656168,0.0030487776,0.00874871,0.0012039542
Without quantum attention and VQR,2,19,0.78591484,0.78011537,0.7845029,0.78965634,0.0055573270656168,0.0057994723,0.009540975,0.0014119148
Without quantum attention and VQR,2,19,0.78457683,0.7815249,0.78591484,0.783259,0.0055573270656168,0.0030519366,0.0017340779,0.0013380051
Without quantum attention and VQR,2,19,0.7784937,0.78038836,0.78457683,0.7744164,0.0055573270656168,0.0018946528,0.005971968,0.006083131
Classical QLSTM gates,2,1,0.8989041,0.8926939,0.90255606,0.90152186,0.0055573270656168,0.006210208,0.008827984,0.0036519766
Classical QLSTM gates,2,1,0.89001435,0.8893625,0.8989041,0.8875078,0.0055573270656168,0.0006518364,0.0018547177,0.008889735
Classical QLSTM gates,2,1,0.87938654,0.8815387,0.89001435,0.87623525,0.0055573270656168,0.002152145,0.0053034425,0.010627806
Classical QLSTM gates,2,1,0.8669862,0.8727245,0.87938654,0.8647164,0.0055573270656168,0.0057382584,0.008008063,0.012400329
Classical QLSTM gates,2,1,0.8558226,0.86168146,0.8669862,0.8563263,0.0055573270656168,0.0058588386,0.0053551793,0.011163592
Classical QLSTM gates,2,1,0.84877163,0.8529928,0.8558226,0.851942,0.0055573270656168,0.0042211413,0.0010507703,0.007050991
Classical QLSTM gates,2,1,0.84787625,0.8452544,0.84877163,0.85325265,0.0055573270656168,0.0026218295,0.007998228,0.000895381
Classical QLSTM gates,2,1,0.84779346,0.8438188,0.84787625,0.85035527,0.0055573270656168,0.003974676,0.0065364838,8.279085e-05
Classical QLSTM gates,2,1,0.8471325,0.8425787,0.84779346,0.8476322,0.0055573270656168,0.004553795,0.00505352,0.0006609559
Classical QLSTM gates,2,1,0.84348625,0.84112126,0.8471325,0.84171885,0.0055573270656168,0.002364993,0.00059759617,0.0036462545
Classical QLSTM gates,2,1,0.83930993,0.83656716,0.84348625,0.8386773,0.0055573270656168,0.0027427673,0.0021101236,0.0041763186
Classical QLSTM gates,2,1,0.8363824,0.8329638,0.83930993,0.837412,0.0055573270656168,0.0034185648,0.0044481754,0.0029275417
Classical QLSTM gates,2,1,0.83529115,0.83065814,0.8363824,0.8369826,0.0055573270656168,0.0046330094,0.00632447,0.0010912418
Classical QLSTM gates,2,1,0.8298793,0.83091843,0.83529115,0.8270432,0.0055573270656168,0.0010391474,0.0038752556,0.0054118633
Classical QLSTM gates,2,1,0.8259066,0.8269032,0.8298793,0.82566714,0.0055573270656168,0.0009966493,0.0012360811,0.003972709
Classical QLSTM gates,2,1,0.8247921,0.8237326,0.8259066,0.82726884,0.0055573270656168,0.0010594726,0.0035362244,0.0011144876
Classical QLSTM gates,2,1,0.81717896,0.82227784,0.8247921,0.8133968,0.0055573270656168,0.0050988793,0.0088810325,0.0076131225
Classical QLSTM gates,2,1,0.81082004,0.8144496,0.81717896,0.8097343,0.0055573270656168,0.0036295652,0.0047153234,0.0063589215
Classical QLSTM gates,2,1,0.80628186,0.8069903,0.81082004,0.8073882,0.0055573270656168,0.0007084608,0.000397861,0.0045381784
Classical QLSTM gates,2,1,0.8034765,0.80209035,0.80628186,0.8055926,0.0055573270656168,0.0013861656,0.0035022497,0.0028053522
Classical QLSTM gates,2,1,0.8013143,0.798754,0.8034765,0.80232096,0.0055573270656168,0.0025603175,0.0035669804,0.002162218
Classical QLSTM gates,2,1,0.79567486,0.796503,0.8013143,0.79296273,0.0055573270656168,0.00082814693,0.0035402775,0.005639434
Classical QLSTM gates,2,1,0.78961426,0.7907072,0.79567486,0.78846586,0.0055573270656168,0.0010929108,0.0022413135,0.0060606003
Classical QLSTM gates,2,19,0.87176514,0.8755544,0.882705,0.8735683,0.0055573270656168,0.003789246,0.0019860864,0.0109398365
Classical QLSTM gates,2,19,0.8643261,0.86515635,0.87176514,0.8690182,0.0055573270656168,0.0008302331,0.0038618445,0.0074390173
Classical QLSTM gates,2,19,0.86521614,0.8588256,0.8643261,0.8727613,0.0055573270656168,0.006390512,0.013935685,0.00089001656
Classical QLSTM gates,2,19,0.85643786,0.86112434,0.86521614,0.8516162,0.0055573270656168,0.004686475,0.009508133,0.008778274
Classical QLSTM gates,2,19,0.84929764,0.85295767,0.85643786,0.8481611,0.0055573270656168,0.0036600232,0.0047965646,0.007140219
Classical QLSTM gates,2,19,0.8448716,0.8470636,0.84929764,0.84774715,0.0055573270656168,0.0021920204,0.00068354607,0.004426062
Classical QLSTM gates,2,19,0.8443298,0.84189767,0.8448716,0.848996,0.0055573270656168,0.002432108,0.007098317,0.0005418062
Classical QLSTM gates,2,19,0.84465003,0.84037614,0.8443298,0.84651417,0.0055573270656168,0.0042738914,0.0061380267,0.00032025576
Classical QLSTM gates,2,19,0.8473331,0.8393848,0.84465003,0.8491494,0.0055573270656168,0.007948279,0.009764612,0.0026830435
Classical QLSTM gates,2,19,0.8467591,0.84112865,0.8473331,0.8456575,0.0055573270656168,0.0056304336,0.00452888,0.00057399273
Classical QLSTM gates,2,19,0.839568,0.84007746,0.8467591,0.8345627,0.0055573270656168,0.0005094409,0.005514741,0.007191062
Classical QLSTM gates,2,19,0.8245411,0.8331101,0.839568,0.8166507,0.0055573270656168,0.008569002,0.016459405,0.015026927
Classical QLSTM gates,2,19,0.8143626,0.8187652,0.8245411,0.8150793,0.0055573270656168,0.0044026375,0.0036859512,0.010178506
Classical QLSTM gates,2,19,0.8105752,0.81010336,0.8143626,0.8160987,0.0055573270656168,0.00047183037,0.005995333,0.0037873983
Classical QLSTM gates,2,19,0.810767,0.80784446,0.8105752,0.8152849,0.0055573270656168,0.002922535,0.007440448,0.00019180775
Classical QLSTM gates,2,19,0.81080055,0.8085547,0.810767,0.8114515,0.0055573270656168,0.0022458434,0.0028967857,3.3557415e-05
Classical QLSTM gates,2,19,0.8047899,0.8087049,0.81080055,0.80045074,0.0055573270656168,0.003915012,0.00825417,0.0060106516
Classical QLSTM gates,2,19,0.79417217,0.8025014,0.8047899,0.78979313,0.0055573270656168,0.008329213,0.012708247,0.010617733
Classical QLSTM gates,2,19,0.7857069,0.7909578,0.79417217,0.7861868,0.0055573270656168,0.005250931,0.004770994,0.00846529
Classical QLSTM gates,2,19,0.7845029,0.782263,0.7857069,0.79020286,0.0055573270656168,0.0022399426,0.007939875,0.0012039542
Classical QLSTM gates,2,19,0.78591484,0.78066164,0.7845029,0.78965634,0.0055573270656168,0.0052531958,0.0089946985,0.0014119148
Classical QLSTM gates,2,19,0.78457683,0.7817691,0.78591484,0.783259,0.0055573270656168,0.0028077364,0.0014898777,0.0013380051
Classical QLSTM gates,2,19,0.7784937,0.7802016,0.78457683,0.7744164,0.0055573270656168,0.0017079115,0.005785227,0.006083131
Classical attention circuits,2,1,0.8989041,0.89421636,0.90255606,0.90152186,0.0055573270656168,0.0046877265,0.007305503,0.0036519766
Classical attention circuits,2,1,0.89001435,0.8911329,0.8989041,0.8875078,0.0055573270656168,0.0011185408,0.003625095,0.008889735
Classical attention circuits,2,1,0.87938654,0.8835845,0.89001435,0.87623525,0.0055573270656168,0.004197955,0.0073492527,0.010627806
Classical attention circuits,2,1,0.8669862,0.87303513,0.87938654,0.8647164,0.0055573270656168,0.006048918,0.008318722,0.012400329
Classical attention circuits,2,1,0.8558226,0.8607198,0.8669862,0.8563263,0.0055573270656168,0.004897177,0.004393518,0.011163592
Classical attention circuits,2,1,0.84877163,0.85194314,0.8558226,0.851942,0.0055573270656168,0.0031715035,1.1324883e-06,0.007050991
Classical attention circuits,2,1,0.84787625,0.8439762,0.84877163,0.85325265,0.0055573270656168,0.0039000511,0.00927645,0.000895381
Classical attention circuits,2,1,0.84779346,0.84350854,0.84787625,0.85035527,0.0055573270656168,0.0042849183,0.006846726,8.279085e-05
Classical attention circuits,2,1,0.8471325,0.8429282,0.84779346,0.8476322,0.0055573270656168,0.004204333,0.004704058,0.0006609559
Classical attention circuits,2,1,0.84348625,0.8419521,0.8471325,0.84171885,0.0055573270656168,0.001534164,0.00023323298,0.0036462545
Classical attention circuits,2,1,0.83930993,0.83734554,0.84348625,0.8386773,0.0055573270656168,0.0019643903,0.0013317466,0.0041763186
Classical attention circuits,2,1,0.8363824,0.83369464,0.83930993,0.837412,0.0055573270656168,0.0026877522,0.0037173629,0.0029275417
Classical attention circuits,2,1,0.83529115,0.83123755,0.8363824,0.8369826,0.0055573270656168,0.0040535927,0.0057450533,0.0010912418
Classical attention circuits,2,1,0.8298793,0.8317336,0.83529115,0.8270432,0.0055573270656168,0.0018543005,0.0046904087,0.0054118633
Classical attention circuits,2,1,0.8259066,0.8268215,0.8298793,0.82566714,0.0055573270656168,0.0009149313,0.0011543632,0.003972709
Classical attention circuits,2,1,0.8247921,0.8229022,0.8259066,0.82726884,0.0055573270656168,0.0018898845,0.0043666363,0.0011144876
Classical attention circuits,2,1,0.81717896,0.8213383,0.8247921,0.8133968,0.0055573270656168,0.0041593313,0.007941484,0.0076131225
Classical attention circuits,2,1,0.81082004,0.81350327,0.81717896,0.8097343,0.0055573270656168,0.0026832223,0.0037689805,0.0063589215
Classical attention circuits,2,1,0.80628186,0.8062209,0.81082004,0.8073882,0.0055573270656168,6.097555e-05,0.0011672974,0.0045381784
Classical attention circuits,2,1,0.8034765,0.8016318,0.80628186,0.8055926,0.0055573270656168,0.0018447042,0.0039607882,0.0028053522
Classical attention circuits,2,1,0.8013143,0.7983441,0.8034765,0.80232096,0.0055573270656168,0.0029702187,0.0039768815,0.002162218
Classical attention circuits,2,1,0.79567486,0.79656357,0.8013143,0.79296273,0.0055573270656168,0.00088870525,0.0036008358,0.005639434
Classical attention circuits,2,1,0.78961426,0.7908012,0.79567486,0.78846586,0.0055573270656168,0.0011869669,0.0023353696,0.0060606003
Classical attention circuits,2,19,0.87176514,0.8757087,0.882705,0.8735683,0.0055573270656168,0.0039435625,0.0021404028,0.0109398365
Classical attention circuits,2,19,0.8643261,0.8651544,0.87176514,0.8690182,0.0055573270656168,0.00082826614,0.0038638115,0.0074390173
Classical attention circuits,2,19,0.86521614,0.8587468,0.8643261,0.8727613,0.0055573270656168,0.0064693093,0.0140144825,0.00089001656
Classical attention circuits,2,19,0.85643786,0.8596229,0.86521614,0.8516162,0.0055573270656168,0.0031850338,0.008006692,0.008778274
Classical attention circuits,2,19,0.84929764,0.8513522,0.85643786,0.8481611,0.0055573270656168,0.002054572,0.0031911135,0.007140219
Classical attention circuits,2,19,0.8448716,0.84592867,0.84929764,0.84774715,0.0055573270656168,0.0010570884,0.0018184781,0.004426062
Classical attention circuits,2,19,0.8443298,0.8409211,0.8448716,0.848996,0.0055573270656168,0.0034086704,0.00807488,0.0005418062
Classical attention circuits,2,19,0.84465003,0.8400772,0.8443298,0.84651417,0.0055573270656168,0.0045728087,0.006436944,0.00032025576
Classical attention circuits,2,19,0.8473331,0.8398932,0.84465003,0.8491494,0.0055573270656168,0.0074398518,0.009256184,0.0026830435
Classical attention circuits,2,19,0.8467591,0.8421921,0.8473331,0.8456575,0.0055573270656168,0.0045669675,0.003465414,0.00057399273
Classical attention circuits,2,19,0.839568,0.8411198,0.8467591,0.8345627,0.0055573270656168,0.0015518069,0.006557107,0.007191062
Classical attention circuits,2,19,0.8245411,0.83389586,0.839568,0.8166507,0.0055573270656168,0.00935477,0.017245173,0.015026927
Classical attention circuits,2,19,0.8143626,0.8196137,0.8245411,0.8150793,0.0055573270656168,0.0052511096,0.0045344234,0.010178506
Classical attention circuits,2,19,0.8105752,0.8110748,0.8143626,0.8160987,0.0055573270656168,0.00049960613,0.0050238967,0.0037873983
Classical attention circuits,2,19,0.810767,0.8077191,0.8105752,0.8152849,0.0055573270656168,0.0030478835,0.0075657964,0.00019180775
Classical attention circuits,2,19,0.81080055,0.8078254,0.810767,0.8114515,0.0055573270656168,0.0029751658,0.0036261082,3.3557415e-05
Classical attention circuits,2,19,0.8047899,0.8075246,0.81080055,0.80045074,0.0055573270656168,0.0027347207,0.0070738792,0.0060106516
Classical attention circuits,2,19,0.79417217,0.8011579,0.8047899,0.78979313,0.0055573270656168,0.006985724,0.011364758,0.010617733
Classical attention circuits,2,19,0.7857069,0.78990406,0.79417217,0.7861868,0.0055573270656168,0.0041971803,0.0037172437,0.00846529
Classical attention circuits,2,19,0.7845029,0.7817753,0.7857069,0.79020286,0.0055573270656168,0.0027276278,0.00842756,0.0012039542
Classical attention circuits,2,19,0.78591484,0.7801875,0.7845029,0.78965634,0.0055573270656168,0.0057273507,0.0094688535,0.0014119148
Classical attention circuits,2,19,0.78457683,0.7814784,0.78591484,0.783259,0.0055573270656168,0.0030984282,0.0017805696,0.0013380051
Classical attention circuits,2,19,0.7784937,0.7801665,0.78457683,0.7744164,0.0055573270656168,0.0016728044,0.0057501197,0.006083131
Classical VQR circuit,2,1,0.8989041,0.8954493,0.90255606,0.90152186,0.0055573270656168,0.0034548044,0.006072581,0.0036519766
Classical VQR circuit,2,1,0.89001435,0.89143986,0.8989041,0.8875078,0.0055573270656168,0.0014255047,0.003932059,0.008889735
Classical VQR circuit,2,1,0.87938654,0.8833228,0.89001435,0.87623525,0.0055573270656168,0.003936231,0.0070875287,0.010627806
Classical VQR circuit,2,1,0.8669862,0.87276983,0.87938654,0.8647164,0.0055573270656168,0.0057836175,0.008053422,0.012400329
Classical VQR circuit,2,1,0.8558226,0.86201507,0.8669862,0.8563263,0.0055573270656168,0.0061924458,0.0056887865,0.011163592
Classical VQR circuit,2,1,0.84877163,0.85273194,0.8558226,0.851942,0.0055573270656168,0.0039603114,0.00078994036,0.007050991
Classical VQR circuit,2,1,0.84787625,0.8435717,0.84877163,0.85325265,0.0055573270656168,0.0043045282,0.009680927,0.000895381
Classical VQR circuit,2,1,0.84779346,0.8441389,0.84787625,0.85035527,0.0055573270656168,0.0036545396,0.006216347,8.279085e-05
Classical VQR circuit,2,1,0.8471325,0.8427524,0.84779346,0.8476322,0.0055573270656168,0.004380107,0.0048798323,0.0006609559
Classical VQR circuit,2,1,0.84348625,0.84190965,0.8471325,0.84171885,0.0055573270656168,0.0015766025,0.00019079447,0.0036462545
Classical VQR circuit,2,1,0.83930993,0.83651245,0.84348625,0.8386773,0.0055573270656168,0.0027974844,0.0021648407,0.0041763186
Classical VQR circuit,2,1,0.8363824,0.83434635,0.83930993,0.837412,0.0055573270656168,0.002036035,0.0030656457,0.0029275417
Classical VQR circuit,2,1,0.83529115,0.83136284,0.8363824,0.8369826,0.0055573270656168,0.0039283037,0.0056197643,0.0010912418
Classical VQR circuit,2,1,0.8298793,0.8316818,0.83529115,0.8270432,0.0055573270656168,0.0018025041,0.0046386123,0.0054118633
Classical VQR circuit,2,1,0.8259066,0.8273638,0.8298793,0.82566714,0.0055573270656168,0.0014572144,0.0016966462,0.003972709
Classical VQR circuit,2,1,0.8247921,0.8235574,0.8259066,0.82726884,0.0055573270656168,0.0012347102,0.003711462,0.0011144876
Classical VQR circuit,2,1,0.81717896,0.82192963,0.8247921,0.8133968,0.0055573270656168,0.004750669,0.008532822,0.0076131225
Classical VQR circuit,2,1,0.81082004,0.81334656,0.81717896,0.8097343,0.0055573270656168,0.0025265217,0.00361228,0.0063589215
Classical VQR circuit,2,1,0.80628186,0.80613637,0.81082004,0.8073882,0.0055573270656168,0.00014549494,0.0012518167,0.0045381784
Classical VQR circuit,2,1,0.8034765,0.8020223,0.80628186,0.8055926,0.0055573270656168,0.0014542341,0.0035703182,0.0028053522
Classical VQR circuit,2,1,0.8013143,0.7984705,0.8034765,0.80232096,0.0055573270656168,0.0028437972,0.00385046,0.002162218
Classical VQR circuit,2,1,0.79567486,0.797419,0.8013143,0.79296273,0.0055573270656168,0.0017441511,0.0044562817,0.005639434
Classical VQR circuit,2,1,0.78961426,0.7914417,0.79567486,0.78846586,0.0055573270656168,0.0018274188,0.0029758215,0.0060606003
Classical VQR circuit,2,19,0.87176514,0.87633204,0.882705,0.8735683,0.0055573270656168,0.004566908,0.0027637482,0.0109398365
Classical VQR circuit,2,19,0.8643261,0.86511064,0.87176514,0.8690182,0.0055573270656168,0.00078451633,0.0039075613,0.0074390173
Classical VQR circuit,2,19,0.86521614,0.85821253,0.8643261,0.8727613,0.0055573270656168,0.0070036054,0.0145487785,0.00089001656
Classical VQR circuit,2,19,0.85643786,0.86068106,0.86521614,0.8516162,0.0055573270656168,0.004243195,0.009064853,0.008778274
Classical VQR circuit,2,19,0.84929764,0.85211766,0.85643786,0.8481611,0.0055573270656168,0.002820015,0.0039565563,0.007140219
Classical VQR circuit,2,19,0.8448716,0.8460102,0.84929764,0.84774715,0.0055573270656168,0.0011386275,0.001736939,0.004426062
Classical VQR circuit,2,19,0.8443298,0.8418205,0.8448716,0.848996,0.0055573270656168,0.002509296,0.007175505,0.0005418062
Classical VQR circuit,2,19,0.84465003,0.8403328,0.8443298,0.84651417,0.0055573270656168,0.004317224,0.0061813593,0.00032025576
Classical VQR circuit,2,19,0.8473331,0.8397583,0.84465003,0.8491494,0.0055573270656168,0.0075747967,0.009391129,0.0026830435
Classical VQR circuit,2,19,0.8467591,0.84168476,0.8473331,0.8456575,0.0055573270656168,0.005074322,0.003972769,0.00057399273
Classical VQR circuit,2,19,0.839568,0.84118104,0.8467591,0.8345627,0.0055573270656168,0.0016130209,0.006618321,0.007191062
Classical VQR circuit,2,19,0.8245411,0.8341112,0.839568,0.8166507,0.0055573270656168,0.009570122,0.017460525,0.015026927
Classical VQR circuit,2,19,0.8143626,0.819492,0.8245411,0.8150793,0.0055573270656168,0.005129397,0.0044127107,0.010178506
Classical VQR circuit,2,19,0.8105752,0.81195414,0.8143626,0.8160987,0.0055573270656168,0.0013789535,0.0041445494,0.0037873983
Classical VQR circuit,2,19,0.810767,0.8085354,0.8105752,0.8152849,0.0055573270656168,0.002231598,0.0067495108,0.00019180775
Classical VQR circuit,2,19,0.81080055,0.8090087,0.810767,0.8114515,0.0055573270656168,0.0017918348,0.0024427772,3.3557415e-05
Classical VQR circuit,2,19,0.8047899,0.808038,0.81080055,0.80045074,0.0055573270656168,0.0032480955,0.007587254,0.0060106516
Classical VQR circuit,2,19,0.79417217,0.80165774,0.8047899,0.78979313,0.0055573270656168,0.0074855685,0.011864603,0.010617733
Classical VQR circuit,2,19,0.7857069,0.7904175,0.79417217,0.7861868,0.0055573270656168,0.0047106147,0.004230678,0.00846529
Classical VQR circuit,2,19,0.7845029,0.78350013,0.7857069,0.79020286,0.0055573270656168,0.0010027885,0.006702721,0.0012039542
Classical VQR circuit,2,19,0.78591484,0.78172964,0.7845029,0.78965634,0.0055573270656168,0.0041851997,0.0079267025,0.0014119148
Classical VQR circuit,2,19,0.78457683,0.78160095,0.78591484,0.783259,0.0055573270656168,0.002975881,0.0016580224,0.0013380051
Classical VQR circuit,2,19,0.7784937,0.7812307,0.78457683,0.7744164,0.0055573270656168,0.0027369857,0.006814301,0.006083131
All circuits classical,2,1,0.8989041,0.8939718,0.90255606,0.90152186,0.0055573270656168,0.0049322844,0.0075500607,0.0036519766
All circuits classical,2,1,0.89001435,0.8906165,0.8989041,0.8875078,0.0055573270656168,0.0006021261,0.0031086802,0.008889735
All circuits classical,2,1,0.87938654,0.88284713,0.89001435,0.87623525,0.0055573270656168,0.003460586,0.0066118836,0.010627806
All circuits classical,2,1,0.8669862,0.87281686,0.87938654,0.8647164,0.0055573270656168,0.0058306456,0.00810045,0.012400329
All circuits classical,2,1,0.8558226,0.8614227,0.8669862,0.8563263,0.0055573270656168,0.005600095,0.0050964355,0.011163592
All circuits classical,2,1,0.84877163,0.8531311,0.8558226,0.851942,0.0055573270656168,0.0043594837,0.0011891127,0.007050991
All circuits classical,2,1,0.84787625,0.84490526,0.84877163,0.85325265,0.0055573270656168,0.0029709935,0.008347392,0.000895381
All circuits classical,2,1,0.84779346,0.8446169,0.84787625,0.85035527,0.0055573270656168,0.00317657,0.0057383776,8.279085e-05
All circuits classical,2,1,0.8471325,0.8428103,0.84779346,0.8476322,0.0055573270656168,0.004322231,0.004821956,0.0006609559
All circuits classical,2,1,0.84348625,0.8413077,0.8471325,0.84171885,0.0055573270656168,0.0021785498,0.00041115284,0.0036462545
All circuits classical,2,1,0.83930993,0.8360806,0.84348625,0.8386773,0.0055573270656168,0.00322932,0.0025966763,0.0041763186
All circuits classical,2,1,0.8363824,0.8331213,0.83930993,0.837412,0.0055573270656168,0.0032610893,0.0042907,0.0029275417
All circuits classical,2,1,0.83529115,0.83057636,0.8363824,0.8369826,0.0055573270656168,0.004714787,0.0064062476,0.0010912418
All circuits classical,2,1,0.8298793,0.8307946,0.83529115,0.8270432,0.0055573270656168,0.0009152889,0.0037513971,0.0054118633
All circuits classical,2,1,0.8259066,0.82683563,0.8298793,0.82566714,0.0055573270656168,0.0009290576,0.0011684895,0.003972709
All circuits classical,2,1,0.8247921,0.82380444,0.8259066,0.82726884,0.0055573270656168,0.000987649,0.0034644008,0.0011144876
All circuits classical,2,1,0.81717896,0.8220991,0.8247921,0.8133968,0.0055573270656168,0.004920125,0.008702278,0.0076131225
All circuits classical,2,1,0.81082004,0.81417227,0.81717896,0.8097343,0.0055573270656168,0.0033522248,0.004437983,0.0063589215
All circuits classical,2,1,0.80628186,0.80673546,0.81082004,0.8073882,0.0055573270656168,0.00045359135,0.00065273046,0.0045381784
All circuits classical,2,1,0.8034765,0.80226916,0.80628186,0.8055926,0.0055573270656168,0.0012073517,0.0033234358,0.0028053522
All circuits classical,2,1,0.8013143,0.79841566,0.8034765,0.80232096,0.0055573270656168,0.0028986335,0.0039052963,0.002162218
All circuits classical,2,1,0.79567486,0.7966896,0.8013143,0.79296273,0.0055573270656168,0.0010147691,0.0037268996,0.005639434
All circuits classical,2,1,0.78961426,0.79062635,0.79567486,0.78846586,0.0055573270656168,0.0010120869,0.0021604896,0.0060606003
All circuits classical,2,19,0.87176514,0.87527126,0.882705,0.8735683,0.0055573270656168,0.003506124,0.0017029643,0.0109398365
All circuits classical,2,19,0.8643261,0.86468923,0.87176514,0.8690182,0.0055573270656168,0.0003631115,0.004328966,0.0074390173
All circuits classical,2,19,0.86521614,0.8583689,0.8643261,0.8727613,0.0055573270656168,0.0068472624,0.014392436,0.00089001656
All circuits classical,2,19,0.85643786,0.86094105,0.86521614,0.8516162,0.0055573270656168,0.0045031905,0.009324849,0.008778274
All circuits classical,2,19,0.84929764,0.85268134,0.85643786,0.8481611,0.0055573270656168,0.003383696,0.0045202374,0.007140219
All circuits classical,2,19,0.8448716,0.84714496,0.84929764,0.84774715,0.0055573270656168,0.0022733808,0.0006021857,0.004426062
All circuits classical,2,19,0.8443298,0.84246653,0.8448716,0.848996,0.0055573270656168,0.0018632412,0.0065294504,0.0005418062
All circuits classical,2,19,0.84465003,0.8408698,0.8443298,0.84651417,0.0055573270656168,0.0037802458,0.005644381,0.00032025576
All circuits classical,2,19,0.8473331,0.8395333,0.84465003,0.8491494,0.0055573270656168,0.0077997446,0.009616077,0.0026830435
All circuits classical,2,19,0.8467591,0.84108233,0.8473331,0.8456575,0.0055573270656168,0.0056767464,0.004575193,0.00057399273
All circuits classical,2,19,0.839568,0.84014565,0.8467591,0.8345627,0.0055573270656168,0.0005776286,0.0055829287,0.007191062
All circuits classical,2,19,0.8245411,0.83302927,0.839568,0.8166507,0.0055573270656168,0.008488178,0.016378582,0.015026927
All circuits classical,2,19,0.8143626,0.8186734,0.8245411,0.8150793,0.0055573270656168,0.0043107867,0.0035941005,0.010178506
All circuits classical,2,19,0.8105752,0.8104558,0.8143626,0.8160987,0.0055573270656168,0.0001193881,0.005642891,0.0037873983
All circuits classical,2,19,0.810767,0.8079989,0.8105752,0.8152849,0.0055573270656168,0.0027680993,0.007286012,0.00019180775
All circuits classical,2,19,0.81080055,0.8087662,0.810767,0.8114515,0.0055573270656168,0.0020343661,0.0026853085,3.3557415e-05
All circuits classical,2,19,0.8047899,0.80874425,0.81080055,0.80045074,0.0055573270656168,0.003954351,0.0082935095,0.0060106516
All circuits classical,2,19,0.79417217,0.8026436,0.8047899,0.78979313,0.0055573270656168,0.008471429,0.012850463,0.010617733
All circuits classical,2,19,0.7857069,0.79093647,0.79417217,0.7861868,0.0055573270656168,0.0052295923,0.0047496557,0.00846529
All circuits classical,2,19,0.7845029,0.78307277,0.7857069,0.79020286,0.0055573270656168,0.0014301538,0.0071300864,0.0012039542
All circuits classical,2,19,0.78591484,0.78122026,0.7845029,0.78965634,0.0055573270656168,0.004694581,0.008436084,0.0014119148
All circuits classical,2,19,0.78457683,0.7815995,0.78591484,0.783259,0.0055573270656168,0.0029773116,0.0016594529,0.0013380051
All circuits classical,2,19,0.7784937,0.78053075,0.78457683,0.7744164,0.0055573270656168,0.0020370483,0.0061143637,0.006083131
Persistence,3,6,0.88975173,0.89517194,0.89517194,0.8901097,0.0056353001855313,0.005420208,0.0050622225,0.005420208
Persistence,3,6,0.8844058,0.88975173,0.88975173,0.8845384,0.0056353001855313,0.0053459406,0.0052133203,0.0053459406
Persistence,3,6,0.8796831,0.8844058,0.8844058,0.88003206,0.0056353001855313,0.0047227144,0.004373729,0.0047227144
Persistence,3,6,0.8685219,0.8796831,0.8796831,0.86393785,0.0056353001855313,0.011161149,0.015745223,0.011161149
Persistence,3,6,0.85531336,0.8685219,0.8685219,0.85191804,0.0056353001855313,0.013208568,0.016603887,0.013208568
Persistence,3,6,0.84527916,0.85531336,0.85531336,0.84655106,0.0056353001855313,0.0100342035,0.0087623,0.0100342035
Persistence,3,6,0.8381722,0.84527916,0.84527916,0.8410362,0.0056353001855313,0.00710696,0.0042429566,0.00710696
Persistence,3,6,0.83072233,0.8381722,0.8381722,0.8311087,0.0056353001855313,0.0074498653,0.007063508,0.0074498653
Persistence,3,6,0.8255949,0.83072233,0.83072233,0.826916,0.0056353001855313,0.00512743,0.0038063526,0.00512743
Persistence,3,6,0.8189723,0.8255949,0.8255949,0.8187067,0.0056353001855313,0.0066226125,0.006888211,0.0066226125
Persistence,3,6,0.81530386,0.8189723,0.8189723,0.8177571,0.0056353001855313,0.0036684275,0.0012151599,0.0036684275
Persistence,3,6,0.8170719,0.81530386,0.81530386,0.82221174,0.0056353001855313,0.0017680526,0.0069078803,0.0017680526
Persistence,3,6,0.81581235,0.8170719,0.8170719,0.8154538,0.0056353001855313,0.0012595654,0.0016180873,0.0012595654
Persistence,3,6,0.8110964,0.81581235,0.81581235,0.80811554,0.0056353001855313,0.004715979,0.0076968074,0.004715979
Persistence,3,6,0.8082009,0.8110964,0.8110964,0.80867493,0.0056353001855313,0.0028954744,0.0024214387,0.0028954744
Persistence,3,6,0.81034005,0.8082009,0.8082009,0.8150423,0.0056353001855313,0.002139151,0.006841421,0.002139151
Persistence,3,6,0.80829453,0.81034005,0.81034005,0.8069653,0.0056353001855313,0.0020455122,0.0033747554,0.0020455122
Persistence,3,6,0.80186325,0.80829453,0.80829453,0.7971569,0.0056353001855313,0.0064312816,0.011137664,0.0064312816
Persistence,3,6,0.7943854,0.80186325,0.80186325,0.7919337,0.0056353001855313,0.0074778795,0.009929538,0.0074778795
Persistence,3,6,0.7884783,0.7943854,0.7943854,0.78955144,0.0056353001855313,0.0059070587,0.0048339367,0.0059070587
Persistence,3,6,0.79125845,0.7884783,0.7884783,0.7982195,0.0056353001855313,0.0027801394,0.009741187,0.0027801394
Persistence,3,6,0.7911631,0.79125845,0.79125845,0.7910288,0.0056353001855313,9.536743e-05,0.0002296567,9.536743e-05
Persistence,3,6,0.7923482,0.7911631,0.7911631,0.79262084,0.0056353001855313,0.0011851192,0.0014577508,0.0011851192
Persistence,3,10,0.8812594,0.8877018,0.8877018,0.8826901,0.0056353001855313,0.0064424276,0.0050117373,0.0064424276
Persistence,3,10,0.87596154,0.8812594,0.8812594,0.87818635,0.0056353001855313,0.0052978396,0.0030730367,0.0052978396
Persistence,3,10,0.87697875,0.87596154,0.87596154,0.88232356,0.0056353001855313,0.0010172129,0.006362021,0.0010172129
Persistence,3,10,0.87208104,0.87697875,0.87697875,0.86945295,0.0056353001855313,0.0048977137,0.0075258017,0.0048977137
Persistence,3,10,0.8668421,0.87208104,0.87208104,0.86518914,0.0056353001855313,0.0052389503,0.0068919063,0.0052389503
Persistence,3,10,0.86631876,0.8668421,0.8668421,0.8699678,0.0056353001855313,0.0005233288,0.0031257272,0.0005233288
Persistence,3,10,0.8702149,0.86631876,0.86631876,0.8755109,0.0056353001855313,0.0038961172,0.009192109,0.0038961172
Persistence,3,10,0.8748219,0.8702149,0.8702149,0.8770293,0.0056353001855313,0.004607022,0.00681442,0.004607022
Persistence,3,10,0.8718848,0.8748219,0.8748219,0.8664172,0.0056353001855313,0.0029370785,0.008404672,0.0029370785
Persistence,3,10,0.8632296,0.8718848,0.8718848,0.8571021,0.0056353001855313,0.00865525,0.014782727,0.00865525
Persistence,3,10,0.8524154,0.8632296,0.8632296,0.84933686,0.0056353001855313,0.01081419,0.01389271,0.01081419
Persistence,3,10,0.8381798,0.8524154,0.8524154,0.83461636,0.0056353001855313,0.014235556,0.01779902,0.014235556
Persistence,3,10,0.8331223,0.8381798,0.8381798,0.8379713,0.0056353001855313,0.0050575137,0.00020849705,0.0050575137
Persistence,3,10,0.8365936,0.8331223,0.8331223,0.8445855,0.0056353001855313,0.003471315,0.011463165,0.003471315
Persistence,3,10,0.8432626,0.8365936,0.8365936,0.8484766,0.0056353001855313,0.006668985,0.011882961,0.006668985
Persistence,3,10,0.8430471,0.8432626,0.8432626,0.8394557,0.0056353001855313,0.0002155304,0.003806889,0.0002155304
Persistence,3,10,0.83568525,0.8430471,0.8430471,0.82897156,0.0056353001855313,0.0073618293,0.014075518,0.0073618293
Persistence,3,10,0.8308019,0.83568525,0.83568525,0.8312218,0.0056353001855313,0.004883349,0.004463434,0.004883349
Persistence,3,10,0.82682,0.8308019,0.8308019,0.82842606,0.0056353001855313,0.0039818883,0.0023758411,0.0039818883
Persistence,3,10,0.8235313,0.82682,0.82682,0.82392335,0.0056353001855313,0.0032886863,0.0028966665,0.0032886863
Persistence,3,10,0.8145864,0.8235313,0.8235313,0.8096079,0.0056353001855313,0.008944929,0.013923407,0.008944929
Persistence,3,10,0.8035725,0.8145864,0.8145864,0.8001174,0.0056353001855313,0.011013925,0.0144690275,0.011013925
Full model,3,6,0.88975173,0.88849884,0.89517194,0.8901097,0.0056353001855313,0.0012528896,0.0016108751,0.005420208
Full model,3,6,0.8844058,0.8833094,0.88975173,0.8845384,0.0056353001855313,0.0010963678,0.0012289882,0.0053459406
Full model,3,6,0.8796831,0.87967026,0.8844058,0.88003206,0.0056353001855313,1.2814999e-05,0.0003618002,0.0047227144
Full model,3,6,0.8685219,0.8748709,0.8796831,0.86393785,0.0056353001855313,0.0063489676,0.010933042,0.011161149
Full model,3,6,0.85531336,0.8621669,0.8685219,0.85191804,0.0056353001855313,0.006853521,0.01024884,0.013208568
Full model,3,6,0.84527916,0.85119826,0.85531336,0.84655106,0.0056353001855313,0.005919099,0.0046471953,0.0100342035
Full model,3,6,0.8381722,0.8409614,0.84527916,0.8410362,0.0056353001855313,0.0027891994,7.480383e-05,0.00710696
Full model,3,6,0.83072233,0.8337375,0.8381722,0.8311087,0.0056353001855313,0.0030151606,0.0026288033,0.0074498653
Full model,3,6,0.8255949,0.8259172,0.83072233,0.826916,0.0056353001855313,0.0003222823,0.000998795,0.00512743
Full model,3,6,0.8189723,0.82103217,0.8255949,0.8187067,0.0056353001855313,0.002059877,0.0023254752,0.0066226125
Full model,3,6,0.81530386,0.8139531,0.8189723,0.8177571,0.0056353001855313,0.0013507605,0.003804028,0.0036684275
Full model,3,6,0.8170719,0.8112491,0.81530386,0.82221174,0.0056353001855313,0.0058228374,0.010962665,0.0017680526
Full model,3,6,0.81581235,0.8128885,0.8170719,0.8154538,0.0056353001855313,0.0029238462,0.0025653243,0.0012595654
Full model,3,6,0.8110964,0.81184095,0.81581235,0.80811554,0.0056353001855313,0.0007445812,0.0037254095,0.004715979
Full model,3,6,0.8082009,0.8071261,0.8110964,0.80867493,0.0056353001855313,0.001074791,0.0015488267,0.0028954744
Full model,3,6,0.81034005,0.80385375,0.8082009,0.8150423,0.0056353001855313,0.0064862967,0.011188567,0.002139151
Full model,3,6,0.80829453,0.8051549,0.81034005,0.8069653,0.0056353001855313,0.003139615,0.0018103719,0.0020455122
Full model,3,6,0.80186325,0.803441,0.80829453,0.7971569,0.0056353001855313,0.001577735,0.0062841177,0.0064312816
Full model,3,6,0.7943854,0.7966333,0.80186325,0.7919337,0.0056353001855313,0.0022479296,0.004699588,0.0074778795
Full model,3,6,0.7884783,0.78919494,0.7943854,0.78955144,0.0056353001855313,0.00071662664,0.00035649538,0.0059070587
Full model,3,6,0.79125845,0.7836976,0.7884783,0.7982195,0.0056353001855313,0.007560849,0.014521897,0.0027801394
Full model,3,6,0.7911631,0.78595537,0.79125845,0.7910288,0.0056353001855313,0.0052077174,0.005073428,9.536743e-05
Full model,3,6,0.7923482,0.7859014,0.7911631,0.79262084,0.0056353001855313,0.006446779,0.0067194104,0.0011851192
Full model,3,10,0.8812594,0.8803994,0.8877018,0.8826901,0.0056353001855313,0.0008599758,0.002290666,0.0064424276
Full model,3,10,0.87596154,0.87522113,0.8812594,0.87818635,0.0056353001855313,0.0007404089,0.0029652119,0.0052978396
Full model,3,10,0.87697875,0.8717182,0.87596154,0.88232356,0.0056353001855313,0.005260527,0.010605335,0.0010172129
Full model,3,10,0.87208104,0.8719405,0.87697875,0.86945295,0.0056353001855313,0.00014054775,0.0024875402,0.0048977137
Full model,3,10,0.8668421,0.8660793,0.87208104,0.86518914,0.0056353001855313,0.00076282024,0.00089013577,0.0052389503
Full model,3,10,0.86631876,0.8628899,0.8668421,0.8699678,0.0056353001855313,0.0034288764,0.0070779324,0.0005233288
Full model,3,10,0.8702149,0.8615631,0.86631876,0.8755109,0.0056353001855313,0.008651793,0.013947785,0.0038961172
Full model,3,10,0.8748219,0.86568075,0.8702149,0.8770293,0.0056353001855313,0.009141147,0.011348546,0.004607022
Full model,3,10,0.8718848,0.8697463,0.8748219,0.8664172,0.0056353001855313,0.0021384954,0.0033290982,0.0029370785
Full model,3,10,0.8632296,0.86731803,0.8718848,0.8571021,0.0056353001855313,0.0040884614,0.010215938,0.00865525
Full model,3,10,0.8524154,0.85863346,0.8632296,0.84933686,0.0056353001855313,0.0062180758,0.009296596,0.01081419
Full model,3,10,0.8381798,0.848332,0.8524154,0.83461636,0.0056353001855313,0.010152161,0.013715625,0.014235556
Full model,3,10,0.8331223,0.83420956,0.8381798,0.8379713,0.0056353001855313,0.0010872483,0.0037617683,0.0050575137
Full model,3,10,0.8365936,0.8286922,0.8331223,0.8445855,0.0056353001855313,0.00790143,0.01589328,0.003471315
Full model,3,10,0.8432626,0.83259726,0.8365936,0.8484766,0.0056353001855313,0.010665357,0.015879333,0.006668985
Full model,3,10,0.8430471,0.8389253,0.8432626,0.8394557,0.0056353001855313,0.0041217804,0.00053042173,0.0002155304
Full model,3,10,0.83568525,0.8384676,0.8430471,0.82897156,0.0056353001855313,0.0027823448,0.009496033,0.0073618293
Full model,3,10,0.8308019,0.83073574,0.83568525,0.8312218,0.0056353001855313,6.6161156e-05,0.00048607588,0.004883349
Full model,3,10,0.82682,0.8259188,0.8308019,0.82842606,0.0056353001855313,0.0009012222,0.0025072694,0.0039818883
Full model,3,10,0.8235313,0.8216488,0.82682,0.82392335,0.0056353001855313,0.0018825531,0.0022745728,0.0032886863
Full model,3,10,0.8145864,0.8182011,0.8235313,0.8096079,0.0056353001855313,0.0036147237,0.008593202,0.008944929
Full model,3,10,0.8035725,0.8093382,0.8145864,0.8001174,0.0056353001855313,0.005765736,0.009220839,0.011013925
Without quantum attention,3,6,0.88975173,0.8885939,0.89517194,0.8901097,0.0056353001855313,0.0011578202,0.0015158057,0.005420208
Without quantum attention,3,6,0.8844058,0.88296884,0.88975173,0.8845384,0.0056353001855313,0.0014369488,0.0015695691,0.0053459406
Without quantum attention,3,6,0.8796831,0.8766189,0.8844058,0.88003206,0.0056353001855313,0.0030641556,0.0034131408,0.0047227144
Without quantum attention,3,6,0.8685219,0.8719812,0.8796831,0.86393785,0.0056353001855313,0.0034592748,0.008043349,0.011161149
Without quantum attention,3,6,0.85531336,0.8616947,0.8685219,0.85191804,0.0056353001855313,0.006381333,0.009776652,0.013208568
Without quantum attention,3,6,0.84527916,0.8516619,0.85531336,0.84655106,0.0056353001855313,0.0063827634,0.00511086,0.0100342035
Without quantum attention,3,6,0.8381722,0.8421313,0.84527916,0.8410362,0.0056353001855313,0.0039591193,0.0010951161,0.00710696
Without quantum attention,3,6,0.83072233,0.8352048,0.8381722,0.8311087,0.0056353001855313,0.004482448,0.004096091,0.0074498653
Without quantum attention,3,6,0.8255949,0.82757974,0.83072233,0.826916,0.0056353001855313,0.0019848347,0.0006637573,0.00512743
Without quantum attention,3,6,0.8189723,0.82239133,0.8255949,0.8187067,0.0056353001855313,0.0034190416,0.00368464,0.0066226125
Without quantum attention,3,6,0.81530386,0.81544685,0.8189723,0.8177571,0.0056353001855313,0.00014299154,0.002310276,0.0036684275
Without quantum attention,3,6,0.8170719,0.8126263,0.81530386,0.82221174,0.0056353001855313,0.0044456124,0.00958544,0.0017680526
Without quantum attention,3,6,0.81581235,0.81310296,0.8170719,0.8154538,0.0056353001855313,0.0027093887,0.0023508668,0.0012595654
Without quantum attention,3,6,0.8110964,0.811493,0.81581235,0.80811554,0.0056353001855313,0.0003966093,0.0033774376,0.004715979
Without quantum attention,3,6,0.8082009,0.80724835,0.8110964,0.80867493,0.0056353001855313,0.0009525418,0.0014265776,0.0028954744
Without quantum attention,3,6,0.81034005,0.8046029,0.8082009,0.8150423,0.0056353001855313,0.005737126,0.010439396,0.002139151
Without quantum attention,3,6,0.80829453,0.80685747,0.81034005,0.8069653,0.0056353001855313,0.001437068,0.0001078248,0.0020455122
Without quantum attention,3,6,0.80186325,0.80507505,0.80829453,0.7971569,0.0056353001855313,0.0032117963,0.007918179,0.0064312816
Without quantum attention,3,6,0.7943854,0.79849285,0.80186325,0.7919337,0.0056353001855313,0.0041074753,0.0065591335,0.0074778795
Without quantum attention,3,6,0.7884783,0.79111916,0.7943854,0.78955144,0.0056353001855313,0.0026408434,0.0015677214,0.0059070587
Without quantum attention,3,6,0.79125845,0.7854622,0.7884783,0.7982195,0.0056353001855313,0.0057962537,0.012757301,0.0027801394
Without quantum attention,3,6,0.7911631,0.78798455,0.79125845,0.7910288,0.0056353001855313,0.003178537,0.0030442476,9.536743e-05
Without quantum attention,3,6,0.7923482,0.7878604,0.7911631,0.79262084,0.0056353001855313,0.0044878125,0.004760444,0.0011851192
Without quantum attention,3,10,0.8812594,0.8809083,0.8877018,0.8826901,0.0056353001855313,0.00035107136,0.0017817616,0.0064424276
Without quantum attention,3,10,0.87596154,0.8740331,0.8812594,0.87818635,0.0056353001855313,0.0019284487,0.0041532516,0.0052978396
Without quantum attention,3,10,0.87697875,0.86842453,0.87596154,0.88232356,0.0056353001855313,0.00855422,0.013899028,0.0010172129
Without quantum attention,3,10,0.87208104,0.86960876,0.87697875,0.86945295,0.0056353001855313,0.0024722815,0.00015580654,0.0048977137
Without quantum attention,3,10,0.8668421,0.8647758,0.87208104,0.86518914,0.0056353001855313,0.0020663142,0.0004133582,0.0052389503
Without quantum attention,3,10,0.86631876,0.86351323,0.8668421,0.8699678,0.0056353001855313,0.002805531,0.006454587,0.0005233288
Without quantum attention,3,10,0.8702149,0.86282486,0.86631876,0.8755109,0.0056353001855313,0.0073900223,0.012686014,0.0038961172
Without quantum attention,3,10,0.8748219,0.8670818,0.8702149,0.8770293,0.0056353001855313,0.0077400804,0.009947479,0.004607022
Without quantum attention,3,10,0.8718848,0.87143064,0.8748219,0.8664172,0.0056353001855313,0.0004541874,0.0050134063,0.0029370785
Without quantum attention,3,10,0.8632296,0.8683755,0.8718848,0.8571021,0.0056353001855313,0.0051459074,0.011273384,0.00865525
Without quantum attention,3,10,0.8524154,0.85967785,0.8632296,0.84933686,0.0056353001855313,0.0072624683,0.010340989,0.01081419
Without quantum attention,3,10,0.8381798,0.8481611,0.8524154,0.83461636,0.0056353001855313,0.009981275,0.013544738,0.014235556
Without quantum attention,3,10,0.8331223,0.83362967,0.8381798,0.8379713,0.0056353001855313,0.00050735474,0.004341662,0.0050575137
Without quantum attention,3,10,0.8365936,0.828952,0.8331223,0.8445855,0.0056353001855313,0.0076416135,0.015633464,0.003471315
Without quantum attention,3,10,0.8432626,0.8329598,0.8365936,0.8484766,0.0056353001855313,0.010302842,0.015516818,0.006668985
Without quantum attention,3,10,0.8430471,0.8397965,0.8432626,0.8394557,0.0056353001855313,0.003250599,0.00034075975,0.0002155304
Without quantum attention,3,10,0.83568525,0.8396712,0.8430471,0.82897156,0.0056353001855313,0.0039859414,0.01069963,0.0073618293
Without quantum attention,3,10,0.8308019,0.8322773,0.83568525,0.8312218,0.0056353001855313,0.0014753938,0.001055479,0.004883349
Without quantum attention,3,10,0.82682,0.82755506,0.8308019,0.82842606,0.0056353001855313,0.0007350445,0.0008710027,0.0039818883
Without quantum attention,3,10,0.8235313,0.82349586,0.82682,0.82392335,0.0056353001855313,3.5464764e-05,0.0004274845,0.0032886863
Without quantum attention,3,10,0.8145864,0.82019174,0.8235313,0.8096079,0.0056353001855313,0.00560534,0.010583818,0.008944929
Without quantum attention,3,10,0.8035725,0.81118643,0.8145864,0.8001174,0.0056353001855313,0.007613957,0.011069059,0.011013925
Without VQR,3,6,0.88975173,0.8886146,0.89517194,0.8901097,0.0056353001855313,0.0011371374,0.0014951229,0.005420208
Without VQR,3,6,0.8844058,0.88349813,0.88975173,0.8845384,0.0056353001855313,0.00090765953,0.0010402799,0.0053459406
Without VQR,3,6,0.8796831,0.8788448,0.8844058,0.88003206,0.0056353001855313,0.0008382797,0.0011872649,0.0047227144
Without VQR,3,6,0.8685219,0.8747029,0.8796831,0.86393785,0.0056353001855313,0.006180942,0.010765016,0.011161149
Without VQR,3,6,0.85531336,0.86378145,0.8685219,0.85191804,0.0056353001855313,0.0084680915,0.0118634105,0.013208568
Without VQR,3,6,0.84527916,0.8521594,0.85531336,0.84655106,0.0056353001855313,0.0068802238,0.0056083202,0.0100342035
Without VQR,3,6,0.8381722,0.84246814,0.84527916,0.8410362,0.0056353001855313,0.004295945,0.001431942,0.00710696
Without VQR,3,6,0.83072233,0.8352262,0.8381722,0.8311087,0.0056353001855313,0.004503846,0.004117489,0.0074498653
Without VQR,3,6,0.8255949,0.8275433,0.83072233,0.826916,0.0056353001855313,0.0019484162,0.0006273389,0.00512743
Without VQR,3,6,0.8189723,0.8223684,0.8255949,0.8187067,0.0056353001855313,0.0033960938,0.0036616921,0.0066226125
Without VQR,3,6,0.81530386,0.8157259,0.8189723,0.8177571,0.0056353001855313,0.0004220605,0.002031207,0.0036684275
Without VQR,3,6,0.8170719,0.8121153,0.81530386,0.82221174,0.0056353001855313,0.004956603,0.010096431,0.0017680526
Without VQR,3,6,0.81581235,0.81456214,0.8170719,0.8154538,0.0056353001855313,0.0012502074,0.0008916855,0.0012595654
Without VQR,3,6,0.8110964,0.81350935,0.81581235,0.80811554,0.0056353001855313,0.0024129748,0.005393803,0.004715979
Without VQR,3,6,0.8082009,0.8086052,0.8110964,0.80867493,0.0056353001855313,0.0004042983,6.9737434e-05,0.0028954744
Without VQR,3,6,0.81034005,0.8054957,0.8082009,0.8150423,0.0056353001855313,0.0048443675,0.009546638,0.002139151
Without VQR,3,6,0.80829453,0.8069479,0.81034005,0.8069653,0.0056353001855313,0.0013466477,1.7404556e-05,0.0020455122
Without VQR,3,6,0.80186325,0.8047303,0.80829453,0.7971569,0.0056353001855313,0.002867043,0.007573426,0.0064312816
Without VQR,3,6,0.7943854,0.79815024,0.80186325,0.7919337,0.0056353001855313,0.0037648678,0.006216526,0.0074778795
Without VQR,3,6,0.7884783,0.79074204,0.7943854,0.78955144,0.0056353001855313,0.0022637248,0.0011906028,0.0059070587
Without VQR,3,6,0.79125845,0.78503066,0.7884783,0.7982195,0.0056353001855313,0.0062277913,0.013188839,0.0027801394
Without VQR,3,6,0.7911631,0.7877993,0.79125845,0.7910288,0.0056353001855313,0.0033637881,0.0032294989,9.536743e-05
Without VQR,3,6,0.7923482,0.7875737,0.7911631,0.79262084,0.0056353001855313,0.004774511,0.0050471425,0.0011851192
Without VQR,3,10,0.8812594,0.8814109,0.8877018,0.8826901,0.0056353001855313,0.000151515,0.0012791753,0.0064424276
Without VQR,3,10,0.87596154,0.8754382,0.8812594,0.87818635,0.0056353001855313,0.0005233288,0.0027481318,0.0052978396
Without VQR,3,10,0.87697875,0.87076557,0.87596154,0.88232356,0.0056353001855313,0.006213188,0.011557996,0.0010172129
Without VQR,3,10,0.87208104,0.87189126,0.87697875,0.86945295,0.0056353001855313,0.00018978119,0.0024383068,0.0048977137
Without VQR,3,10,0.8668421,0.867267,0.87208104,0.86518914,0.0056353001855313,0.0004249215,0.0020778775,0.0052389503
Without VQR,3,10,0.86631876,0.86358297,0.8668421,0.8699678,0.0056353001855313,0.0027357936,0.0063848495,0.0005233288
Without VQR,3,10,0.8702149,0.86337584,0.86631876,0.8755109,0.0056353001855313,0.006839037,0.012135029,0.0038961172
Without VQR,3,10,0.8748219,0.86725515,0.8702149,0.8770293,0.0056353001855313,0.00756675,0.009774148,0.004607022
Without VQR,3,10,0.8718848,0.8717406,0.8748219,0.8664172,0.0056353001855313,0.00014424324,0.0053233504,0.0029370785
Without VQR,3,10,0.8632296,0.8688702,0.8718848,0.8571021,0.0056353001855313,0.005640626,0.011768103,0.00865525
Without VQR,3,10,0.8524154,0.860079,0.8632296,0.84933686,0.0056353001855313,0.0076636076,0.010742128,0.01081419
Without VQR,3,10,0.8381798,0.84981984,0.8524154,0.83461636,0.0056353001855313,0.011640012,0.015203476,0.014235556
Without VQR,3,10,0.8331223,0.83553725,0.8381798,0.8379713,0.0056353001855313,0.0024149418,0.0024340749,0.0050575137
Without VQR,3,10,0.8365936,0.8302625,0.8331223,0.8445855,0.0056353001855313,0.0063311458,0.014322996,0.003471315
Without VQR,3,10,0.8432626,0.8337857,0.8365936,0.8484766,0.0056353001855313,0.0094769,0.014690876,0.006668985
Without VQR,3,10,0.8430471,0.8403203,0.8432626,0.8394557,0.0056353001855313,0.0027267933,0.0008645654,0.0002155304
Without VQR,3,10,0.83568525,0.8399843,0.8430471,0.82897156,0.0056353001855313,0.0042990446,0.011012733,0.0073618293
Without VQR,3,10,0.8308019,0.8323775,0.83568525,0.8312218,0.0056353001855313,0.0015755892,0.0011556745,0.004883349
Without VQR,3,10,0.82682,0.82726663,0.8308019,0.82842606,0.0056353001855313,0.0004466176,0.0011594296,0.0039818883
Without VQR,3,10,0.8235313,0.82309866,0.82682,0.82392335,0.0056353001855313,0.00043267012,0.00082468987,0.0032886863
Without VQR,3,10,0.8145864,0.81979585,0.8235313,0.8096079,0.0056353001855313,0.005209446,0.010187924,0.008944929
Without VQR,3,10,0.8035725,0.81083006,0.8145864,0.8001174,0.0056353001855313,0.0072575808,0.010712683,0.011013925
Without quantum attention and VQR,3,6,0.88975173,0.88810056,0.89517194,0.8901097,0.0056353001855313,0.0016511679,0.0020091534,0.005420208
Without quantum attention and VQR,3,6,0.8844058,0.8825828,0.88975173,0.8845384,0.0056353001855313,0.0018230081,0.0019556284,0.0053459406
Without quantum attention and VQR,3,6,0.8796831,0.87734324,0.8844058,0.88003206,0.0056353001855313,0.00233984,0.0026888251,0.0047227144
Without quantum attention and VQR,3,6,0.8685219,0.87293506,0.8796831,0.86393785,0.0056353001855313,0.004413128,0.008997202,0.011161149
Without quantum attention and VQR,3,6,0.85531336,0.8624219,0.8685219,0.85191804,0.0056353001855313,0.0071085095,0.0105038285,0.013208568
Without quantum attention and VQR,3,6,0.84527916,0.8518112,0.85531336,0.84655106,0.0056353001855313,0.0065320134,0.00526011,0.0100342035
Without quantum attention and VQR,3,6,0.8381722,0.8418479,0.84527916,0.8410362,0.0056353001855313,0.0036756992,0.00081169605,0.00710696
Without quantum attention and VQR,3,6,0.83072233,0.83447737,0.8381722,0.8311087,0.0056353001855313,0.003755033,0.0033686757,0.0074498653
Without quantum attention and VQR,3,6,0.8255949,0.826604,0.83072233,0.826916,0.0056353001855313,0.0010091066,0.0003119707,0.00512743
Without quantum attention and VQR,3,6,0.8189723,0.82112795,0.8255949,0.8187067,0.0056353001855313,0.0021556616,0.0024212599,0.0066226125
Without quantum attention and VQR,3,6,0.81530386,0.8142559,0.8189723,0.8177571,0.0056353001855313,0.0010479689,0.0035012364,0.0036684275
Without quantum attention and VQR,3,6,0.8170719,0.8107354,0.81530386,0.82221174,0.0056353001855313,0.00633651,0.011476338,0.0017680526
Without quantum attention and VQR,3,6,0.81581235,0.81223357,0.8170719,0.8154538,0.0056353001855313,0.003578782,0.0032202601,0.0012595654
Without quantum attention and VQR,3,6,0.8110964,0.81096894,0.81581235,0.80811554,0.0056353001855313,0.00012743473,0.0028533936,0.004715979
Without quantum attention and VQR,3,6,0.8082009,0.80669343,0.8110964,0.80867493,0.0056353001855313,0.0015074611,0.0019814968,0.0028954744
Without quantum attention and VQR,3,6,0.81034005,0.8039518,0.8082009,0.8150423,0.0056353001855313,0.006388247,0.011090517,0.002139151
Without quantum attention and VQR,3,6,0.80829453,0.80600864,0.81034005,0.8069653,0.0056353001855313,0.0022858977,0.00095665455,0.0020455122
Without quantum attention and VQR,3,6,0.80186325,0.80405843,0.80829453,0.7971569,0.0056353001855313,0.0021951795,0.006901562,0.0064312816
Without quantum attention and VQR,3,6,0.7943854,0.7973064,0.80186325,0.7919337,0.0056353001855313,0.0029210448,0.005372703,0.0074778795
Without quantum attention and VQR,3,6,0.7884783,0.7899204,0.7943854,0.78955144,0.0056353001855313,0.0014420748,0.00036895275,0.0059070587
Without quantum attention and VQR,3,6,0.79125845,0.7840378,0.7884783,0.7982195,0.0056353001855313,0.007220626,0.0141816735,0.0027801394
Without quantum attention and VQR,3,6,0.7911631,0.786842,0.79125845,0.7910288,0.0056353001855313,0.0043210983,0.004186809,9.536743e-05
Without quantum attention and VQR,3,6,0.7923482,0.7865385,0.7911631,0.79262084,0.0056353001855313,0.0058097243,0.006082356,0.0011851192
Without quantum attention and VQR,3,10,0.8812594,0.8807569,0.8877018,0.8826901,0.0056353001855313,0.00050246716,0.0019331574,0.0064424276
Without quantum attention and VQR,3,10,0.87596154,0.8743109,0.8812594,0.87818635,0.0056353001855313,0.0016506314,0.0038754344,0.0052978396
Without quantum attention and VQR,3,10,0.87697875,0.8691588,0.87596154,0.88232356,0.0056353001855313,0.007819951,0.013164759,0.0010172129
Without quantum attention and VQR,3,10,0.87208104,0.87026155,0.87697875,0.86945295,0.0056353001855313,0.0018194914,0.0008085966,0.0048977137
Without quantum attention and VQR,3,10,0.8668421,0.86570835,0.87208104,0.86518914,0.0056353001855313,0.00113374,0.00051921606,0.0052389503
Without quantum attention and VQR,3,10,0.86631876,0.8634133,0.8668421,0.8699678,0.0056353001855313,0.002905488,0.006554544,0.0005233288
Without quantum attention and VQR,3,10,0.8702149,0.8626951,0.86631876,0.8755109,0.0056353001855313,0.0075197816,0.0128157735,0.0038961172
Without quantum attention and VQR,3,10,0.8748219,0.8664019,0.8702149,0.8770293,0.0056353001855313,0.008419991,0.010627389,0.004607022
Without quantum attention and VQR,3,10,0.8718848,0.8706021,0.8748219,0.8664172,0.0056353001855313,0.0012827516,0.004184842,0.0029370785
Without quantum attention and VQR,3,10,0.8632296,0.86733896,0.8718848,0.8571021,0.0056353001855313,0.0041093826,0.010236859,0.00865525
Without quantum attention and VQR,3,10,0.8524154,0.85854286,0.8632296,0.84933686,0.0056353001855313,0.0061274767,0.009205997,0.01081419
Without quantum attention and VQR,3,10,0.8381798,0.84752285,0.8524154,0.83461636,0.0056353001855313,0.009343028,0.012906492,0.014235556
Without quantum attention and VQR,3,10,0.8331223,0.8332245,0.8381798,0.8379713,0.0056353001855313,0.00010216236,0.0047468543,0.0050575137
Without quantum attention and VQR,3,10,0.8365936,0.82856107,0.8331223,0.8445855,0.0056353001855313,0.00803256,0.01602441,0.003471315
Without quantum attention and VQR,3,10,0.8432626,0.8323578,0.8365936,0.8484766,0.0056353001855313,0.010904789,0.016118765,0.006668985
Without quantum attention and VQR,3,10,0.8430471,0.8390696,0.8432626,0.8394557,0.0056353001855313,0.0039774776,0.0003861189,0.0002155304
Without quantum attention and VQR,3,10,0.83568525,0.8388575,0.8430471,0.82897156,0.0056353001855313,0.0031722188,0.009885907,0.0073618293
Without quantum attention and VQR,3,10,0.8308019,0.8312723,0.83568525,0.8312218,0.0056353001855313,0.00047039986,5.0485134e-05,0.004883349
Without quantum attention and VQR,3,10,0.82682,0.8263169,0.8308019,0.82842606,0.0056353001855313,0.0005031228,0.00210917,0.0039818883
Without quantum attention and VQR,3,10,0.8235313,0.8221505,0.82682,0.82392335,0.0056353001855313,0.0013808012,0.001772821,0.0032886863
Without quantum attention and VQR,3,10,0.8145864,0.8188992,0.8235313,0.8096079,0.0056353001855313,0.0043128133,0.009291291,0.008944929
Without quantum attention and VQR,3,10,0.8035725,0.80979323,0.8145864,0.8001174,0.0056353001855313,0.006220758,0.00967586,0.011013925
Classical QLSTM gates,3,6,0.88975173,0.8885235,0.89517194,0.8901097,0.0056353001855313,0.0012282133,0.0015861988,0.005420208
Classical QLSTM gates,3,6,0.8844058,0.88330173,0.88975173,0.8845384,0.0056353001855313,0.0011040568,0.0012366772,0.0053459406
Classical QLSTM gates,3,6,0.8796831,0.879388,0.8844058,0.88003206,0.0056353001855313,0.0002951026,0.0006440878,0.0047227144
Classical QLSTM gates,3,6,0.8685219,0.87475336,0.8796831,0.86393785,0.0056353001855313,0.006231427,0.010815501,0.011161149
Classical QLSTM gates,3,6,0.85531336,0.8628644,0.8685219,0.85191804,0.0056353001855313,0.0075510144,0.010946333,0.013208568
Classical QLSTM gates,3,6,0.84527916,0.85224235,0.85531336,0.84655106,0.0056353001855313,0.0069631934,0.00569129,0.0100342035
Classical QLSTM gates,3,6,0.8381722,0.8417342,0.84527916,0.8410362,0.0056353001855313,0.0035619736,0.0006979704,0.00710696
Classical QLSTM gates,3,6,0.83072233,0.8343921,0.8381722,0.8311087,0.0056353001855313,0.0036697388,0.0032833815,0.0074498653
Classical QLSTM gates,3,6,0.8255949,0.8265881,0.83072233,0.826916,0.0056353001855313,0.0009931922,0.00032788515,0.00512743
Classical QLSTM gates,3,6,0.8189723,0.8216903,0.8255949,0.8187067,0.0056353001855313,0.0027180314,0.0029836297,0.0066226125
Classical QLSTM gates,3,6,0.81530386,0.8146874,0.8189723,0.8177571,0.0056353001855313,0.00061649084,0.0030697584,0.0036684275
Classical QLSTM gates,3,6,0.8170719,0.8118273,0.81530386,0.82221174,0.0056353001855313,0.0052446127,0.01038444,0.0017680526
Classical QLSTM gates,3,6,0.81581235,0.8131747,0.8170719,0.8154538,0.0056353001855313,0.0026376247,0.0022791028,0.0012595654
Classical QLSTM gates,3,6,0.8110964,0.81207305,0.81581235,0.80811554,0.0056353001855313,0.0009766817,0.00395751,0.004715979
Classical QLSTM gates,3,6,0.8082009,0.80787534,0.8110964,0.80867493,0.0056353001855313,0.00032556057,0.0007995963,0.0028954744
Classical QLSTM gates,3,6,0.81034005,0.8051087,0.8082009,0.8150423,0.0056353001855313,0.005231321,0.009933591,0.002139151
Classical QLSTM gates,3,6,0.80829453,0.80657625,0.81034005,0.8069653,0.0056353001855313,0.0017182827,0.00038903952,0.0020455122
Classical QLSTM gates,3,6,0.80186325,0.80494285,0.80829453,0.7971569,0.0056353001855313,0.0030795932,0.007785976,0.0064312816
Classical QLSTM gates,3,6,0.7943854,0.7977321,0.80186325,0.7919337,0.0056353001855313,0.0033467412,0.0057983994,0.0074778795
Classical QLSTM gates,3,6,0.7884783,0.79009336,0.7943854,0.78955144,0.0056353001855313,0.0016150475,0.00054192543,0.0059070587
Classical QLSTM gates,3,6,0.79125845,0.7843275,0.7884783,0.7982195,0.0056353001855313,0.0069309473,0.013891995,0.0027801394
Classical QLSTM gates,3,6,0.7911631,0.78671163,0.79125845,0.7910288,0.0056353001855313,0.0044514537,0.0043171644,9.536743e-05
Classical QLSTM gates,3,6,0.7923482,0.7866809,0.7911631,0.79262084,0.0056353001855313,0.005667329,0.0059399605,0.0011851192
Classical QLSTM gates,3,10,0.8812594,0.8807044,0.8877018,0.8826901,0.0056353001855313,0.00055497885,0.0019856691,0.0064424276
Classical QLSTM gates,3,10,0.87596154,0.87536687,0.8812594,0.87818635,0.0056353001855313,0.00059467554,0.0028194785,0.0052978396
Classical QLSTM gates,3,10,0.87697875,0.87188673,0.87596154,0.88232356,0.0056353001855313,0.005092025,0.010436833,0.0010172129
Classical QLSTM gates,3,10,0.87208104,0.8721795,0.87697875,0.86945295,0.0056353001855313,9.846687e-05,0.0027265549,0.0048977137
Classical QLSTM gates,3,10,0.8668421,0.8667787,0.87208104,0.86518914,0.0056353001855313,6.341934e-05,0.0015895367,0.0052389503
Classical QLSTM gates,3,10,0.86631876,0.86390984,0.8668421,0.8699678,0.0056353001855313,0.0024089217,0.0060579777,0.0005233288
Classical QLSTM gates,3,10,0.8702149,0.8616734,0.86631876,0.8755109,0.0056353001855313,0.008541465,0.013837457,0.0038961172
Classical QLSTM gates,3,10,0.8748219,0.86577225,0.8702149,0.8770293,0.0056353001855313,0.009049654,0.011257052,0.004607022
Classical QLSTM gates,3,10,0.8718848,0.86991477,0.8748219,0.8664172,0.0056353001855313,0.0019700527,0.003497541,0.0029370785
Classical QLSTM gates,3,10,0.8632296,0.86737,0.8718848,0.8571021,0.0056353001855313,0.0041404366,0.010267913,0.00865525
Classical QLSTM gates,3,10,0.8524154,0.858791,0.8632296,0.84933686,0.0056353001855313,0.006375611,0.009454131,0.01081419
Classical QLSTM gates,3,10,0.8381798,0.8482874,0.8524154,0.83461636,0.0056353001855313,0.010107577,0.013671041,0.014235556
Classical QLSTM gates,3,10,0.8331223,0.83438265,0.8381798,0.8379713,0.0056353001855313,0.0012603402,0.0035886765,0.0050575137
Classical QLSTM gates,3,10,0.8365936,0.8295877,0.8331223,0.8445855,0.0056353001855313,0.00700593,0.01499778,0.003471315
Classical QLSTM gates,3,10,0.8432626,0.8336579,0.8365936,0.8484766,0.0056353001855313,0.009604692,0.014818668,0.006668985
Classical QLSTM gates,3,10,0.8430471,0.8399985,0.8432626,0.8394557,0.0056353001855313,0.0030485988,0.0005427599,0.0002155304
Classical QLSTM gates,3,10,0.83568525,0.83942425,0.8430471,0.82897156,0.0056353001855313,0.0037389994,0.010452688,0.0073618293
Classical QLSTM gates,3,10,0.8308019,0.83141476,0.83568525,0.8312218,0.0056353001855313,0.00061285496,0.00019294024,0.004883349
Classical QLSTM gates,3,10,0.82682,0.82625985,0.8308019,0.82842606,0.0056353001855313,0.00056016445,0.0021662116,0.0039818883
Classical QLSTM gates,3,10,0.8235313,0.8218853,0.82682,0.82392335,0.0056353001855313,0.0016460419,0.0020380616,0.0032886863
Classical QLSTM gates,3,10,0.8145864,0.8185083,0.8235313,0.8096079,0.0056353001855313,0.003921926,0.008900404,0.008944929
Classical QLSTM gates,3,10,0.8035725,0.8097407,0.8145864,0.8001174,0.0056353001855313,0.0061682463,0.009623349,0.011013925
Classical attention circuits,3,6,0.88975173,0.8887683,0.89517194,0.8901097,0.0056353001855313,0.000983417,0.0013414025,0.005420208
Classical attention circuits,3,6,0.8844058,0.88356936,0.88975173,0.8845384,0.0056353001855313,0.000836432,0.0009690523,0.0053459406
Classical attention circuits,3,6,0.8796831,0.87970793,0.8844058,0.88003206,0.0056353001855313,2.4855137e-05,0.00032413006,0.0047227144
Classical attention circuits,3,6,0.8685219,0.87477314,0.8796831,0.86393785,0.0056353001855313,0.006251216,0.01083529,0.011161149
Classical attention circuits,3,6,0.85531336,0.8621241,0.8685219,0.85191804,0.0056353001855313,0.0068107247,0.010206044,0.013208568
Classical attention circuits,3,6,0.84527916,0.8512635,0.85531336,0.84655106,0.0056353001855313,0.005984366,0.0047124624,0.0100342035
Classical attention circuits,3,6,0.8381722,0.8412738,0.84527916,0.8410362,0.0056353001855313,0.0031015873,0.00023758411,0.00710696
Classical attention circuits,3,6,0.83072233,0.8341562,0.8381722,0.8311087,0.0056353001855313,0.0034338832,0.0030475259,0.0074498653
Classical attention circuits,3,6,0.8255949,0.82641506,0.83072233,0.826916,0.0056353001855313,0.0008201599,0.00050091743,0.00512743
Classical attention circuits,3,6,0.8189723,0.8215353,0.8255949,0.8187067,0.0056353001855313,0.0025629997,0.002828598,0.0066226125
Classical attention circuits,3,6,0.81530386,0.8144586,0.8189723,0.8177571,0.0056353001855313,0.00084525347,0.003298521,0.0036684275
Classical attention circuits,3,6,0.8170719,0.8117104,0.81530386,0.82221174,0.0056353001855313,0.0053614974,0.010501325,0.0017680526
Classical attention circuits,3,6,0.81581235,0.81338686,0.8170719,0.8154538,0.0056353001855313,0.0024254918,0.0020669699,0.0012595654
Classical attention circuits,3,6,0.8110964,0.81229055,0.81581235,0.80811554,0.0056353001855313,0.001194179,0.0041750073,0.004715979
Classical attention circuits,3,6,0.8082009,0.8075755,0.8110964,0.80867493,0.0056353001855313,0.00062537193,0.0010994077,0.0028954744
Classical attention circuits,3,6,0.81034005,0.80433595,0.8082009,0.8150423,0.0056353001855313,0.006004095,0.010706365,0.002139151
Classical attention circuits,3,6,0.80829453,0.80570906,0.81034005,0.8069653,0.0056353001855313,0.0025854707,0.0012562275,0.0020455122
Classical attention circuits,3,6,0.80186325,0.80399626,0.80829453,0.7971569,0.0056353001855313,0.0021330118,0.0068393946,0.0064312816
Classical attention circuits,3,6,0.7943854,0.797233,0.80186325,0.7919337,0.0056353001855313,0.002847612,0.00529927,0.0074778795
Classical attention circuits,3,6,0.7884783,0.7897437,0.7943854,0.78955144,0.0056353001855313,0.0012654066,0.00019228458,0.0059070587
Classical attention circuits,3,6,0.79125845,0.78423196,0.7884783,0.7982195,0.0056353001855313,0.0070264935,0.013987541,0.0027801394
Classical attention circuits,3,6,0.7911631,0.7865052,0.79125845,0.7910288,0.0056353001855313,0.0046578646,0.0045235753,9.536743e-05
Classical attention circuits,3,6,0.7923482,0.7865054,0.7911631,0.79262084,0.0056353001855313,0.005842805,0.0061154366,0.0011851192
Classical attention circuits,3,10,0.8812594,0.8805768,0.8877018,0.8826901,0.0056353001855313,0.0006825924,0.0021132827,0.0064424276
Classical attention circuits,3,10,0.87596154,0.875335,0.8812594,0.87818635,0.0056353001855313,0.000626564,0.002851367,0.0052978396
Classical attention circuits,3,10,0.87697875,0.87176305,0.87596154,0.88232356,0.0056353001855313,0.0052157044,0.010560513,0.0010172129
Classical attention circuits,3,10,0.87208104,0.8719712,0.87697875,0.86945295,0.0056353001855313,0.00010985136,0.0025182366,0.0048977137
Classical attention circuits,3,10,0.8668421,0.86603296,0.87208104,0.86518914,0.0056353001855313,0.00080913305,0.00084382296,0.0052389503
Classical attention circuits,3,10,0.86631876,0.8629815,0.8668421,0.8699678,0.0056353001855313,0.003337264,0.00698632,0.0005233288
Classical attention circuits,3,10,0.8702149,0.86188143,0.86631876,0.8755109,0.0056353001855313,0.008333445,0.0136294365,0.0038961172
Classical attention circuits,3,10,0.8748219,0.8660677,0.8702149,0.8770293,0.0056353001855313,0.008754194,0.010961592,0.004607022
Classical attention circuits,3,10,0.8718848,0.87024045,0.8748219,0.8664172,0.0056353001855313,0.0016443729,0.0038232207,0.0029370785
Classical attention circuits,3,10,0.8632296,0.86776745,0.8718848,0.8571021,0.0056353001855313,0.0045378804,0.010665357,0.00865525
Classical attention circuits,3,10,0.8524154,0.8590572,0.8632296,0.84933686,0.0056353001855313,0.006641805,0.0097203255,0.01081419
Classical attention circuits,3,10,0.8381798,0.84871954,0.8524154,0.83461636,0.0056353001855313,0.0105397105,0.014103174,0.014235556
Classical attention circuits,3,10,0.8331223,0.8345728,0.8381798,0.8379713,0.0056353001855313,0.001450479,0.0033985376,0.0050575137
Classical attention circuits,3,10,0.8365936,0.8291054,0.8331223,0.8445855,0.0056353001855313,0.0074882507,0.015480101,0.003471315
Classical attention circuits,3,10,0.8432626,0.83299047,0.8365936,0.8484766,0.0056353001855313,0.010272145,0.015486121,0.006668985
Classical attention circuits,3,10,0.8430471,0.8393468,0.8432626,0.8394557,0.0056353001855313,0.0037002563,0.000108897686,0.0002155304
Classical attention circuits,3,10,0.83568525,0.83891207,0.8430471,0.82897156,0.0056353001855313,0.0032268167,0.009940505,0.0073618293
Classical attention circuits,3,10,0.8308019,0.8312106,0.83568525,0.8312218,0.0056353001855313,0.00040870905,1.1205673e-05,0.004883349
Classical attention circuits,3,10,0.82682,0.82641727,0.8308019,0.82842606,0.0056353001855313,0.00040274858,0.0020087957,0.0039818883
Classical attention circuits,3,10,0.8235313,0.8221912,0.82682,0.82392335,0.0056353001855313,0.0013401508,0.0017321706,0.0032886863
Classical attention circuits,3,10,0.8145864,0.81874037,0.8235313,0.8096079,0.0056353001855313,0.004153967,0.009132445,0.008944929
Classical attention circuits,3,10,0.8035725,0.8099201,0.8145864,0.8001174,0.0056353001855313,0.0063475966,0.009802699,0.011013925
Classical VQR circuit,3,6,0.88975173,0.8884211,0.89517194,0.8901097,0.0056353001855313,0.0013306141,0.0016885996,0.005420208
Classical VQR circuit,3,6,0.8844058,0.8833311,0.88975173,0.8845384,0.0056353001855313,0.0010746717,0.0012072921,0.0053459406
Classical VQR circuit,3,6,0.8796831,0.87901855,0.8844058,0.88003206,0.0056353001855313,0.0006645322,0.0010135174,0.0047227144
Classical VQR circuit,3,6,0.8685219,0.8750711,0.8796831,0.86393785,0.0056353001855313,0.0065491796,0.011133254,0.011161149
Classical VQR circuit,3,6,0.85531336,0.8640714,0.8685219,0.85191804,0.0056353001855313,0.008758068,0.012153387,0.013208568
Classical VQR circuit,3,6,0.84527916,0.8518452,0.85531336,0.84655106,0.0056353001855313,0.0065660477,0.005294144,0.0100342035
Classical VQR circuit,3,6,0.8381722,0.84180903,0.84527916,0.8410362,0.0056353001855313,0.003636837,0.0007728338,0.00710696
Classical VQR circuit,3,6,0.83072233,0.8344425,0.8381722,0.8311087,0.0056353001855313,0.0037201643,0.003333807,0.0074498653
Classical VQR circuit,3,6,0.8255949,0.8266699,0.83072233,0.826916,0.0056353001855313,0.0010749698,0.00024610758,0.00512743
Classical VQR circuit,3,6,0.8189723,0.8214243,0.8255949,0.8187067,0.0056353001855313,0.0024520159,0.0027176142,0.0066226125
Classical VQR circuit,3,6,0.81530386,0.81480503,0.8189723,0.8177571,0.0056353001855313,0.0004988313,0.0029520988,0.0036684275
Classical VQR circuit,3,6,0.8170719,0.81125027,0.81530386,0.82221174,0.0056353001855313,0.0058216453,0.010961473,0.0017680526
Classical VQR circuit,3,6,0.81581235,0.8140394,0.8170719,0.8154538,0.0056353001855313,0.0017729402,0.0014144182,0.0012595654
Classical VQR circuit,3,6,0.8110964,0.81329364,0.81581235,0.80811554,0.0056353001855313,0.0021972656,0.005178094,0.004715979
Classical VQR circuit,3,6,0.8082009,0.80831635,0.8110964,0.80867493,0.0056353001855313,0.0001154542,0.00035858154,0.0028954744
Classical VQR circuit,3,6,0.81034005,0.80505085,0.8082009,0.8150423,0.0056353001855313,0.005289197,0.009991467,0.002139151
Classical VQR circuit,3,6,0.80829453,0.80646163,0.81034005,0.8069653,0.0056353001855313,0.0018329024,0.00050365925,0.0020455122
Classical VQR circuit,3,6,0.80186325,0.8041532,0.80829453,0.7971569,0.0056353001855313,0.0022899508,0.0069963336,0.0064312816
Classical VQR circuit,3,6,0.7943854,0.7975122,0.80186325,0.7919337,0.0056353001855313,0.0031268,0.0055784583,0.0074778795
Classical VQR circuit,3,6,0.7884783,0.79010534,0.7943854,0.78955144,0.0056353001855313,0.001627028,0.00055390596,0.0059070587
Classical VQR circuit,3,6,0.79125845,0.7843425,0.7884783,0.7982195,0.0056353001855313,0.006915927,0.013876975,0.0027801394
Classical VQR circuit,3,6,0.7911631,0.78712124,0.79125845,0.7910288,0.0056353001855313,0.0040418506,0.0039075613,9.536743e-05
Classical VQR circuit,3,6,0.7923482,0.786877,0.7911631,0.79262084,0.0056353001855313,0.0054712296,0.005743861,0.0011851192
Classical VQR circuit,3,10,0.8812594,0.88133013,0.8877018,0.8826901,0.0056353001855313,7.075071e-05,0.0013599396,0.0064424276
Classical VQR circuit,3,10,0.87596154,0.8755851,0.8812594,0.87818635,0.0056353001855313,0.00037646294,0.002601266,0.0052978396
Classical VQR circuit,3,10,0.87697875,0.8712095,0.87596154,0.88232356,0.0056353001855313,0.005769253,0.011114061,0.0010172129
Classical VQR circuit,3,10,0.87208104,0.8723424,0.87697875,0.86945295,0.0056353001855313,0.00026136637,0.0028894544,0.0048977137
Classical VQR circuit,3,10,0.8668421,0.867624,0.87208104,0.86518914,0.0056353001855313,0.00078189373,0.0024348497,0.0052389503
Classical VQR circuit,3,10,0.86631876,0.8634144,0.8668421,0.8699678,0.0056353001855313,0.0029043555,0.0065534115,0.0005233288
Classical VQR circuit,3,10,0.8702149,0.8627092,0.86631876,0.8755109,0.0056353001855313,0.0075056553,0.012801647,0.0038961172
Classical VQR circuit,3,10,0.8748219,0.8663118,0.8702149,0.8770293,0.0056353001855313,0.008510113,0.010717511,0.004607022
Classical VQR circuit,3,10,0.8718848,0.870651,0.8748219,0.8664172,0.0056353001855313,0.0012338161,0.0042337775,0.0029370785
Classical VQR circuit,3,10,0.8632296,0.86773056,0.8718848,0.8571021,0.0056353001855313,0.004500985,0.010628462,0.00865525
Classical VQR circuit,3,10,0.8524154,0.8590196,0.8632296,0.84933686,0.0056353001855313,0.0066041946,0.009682715,0.01081419
Classical VQR circuit,3,10,0.8381798,0.8491374,0.8524154,0.83461636,0.0056353001855313,0.010957599,0.014521062,0.014235556
Classical VQR circuit,3,10,0.8331223,0.83526826,0.8381798,0.8379713,0.0056353001855313,0.002145946,0.0027030706,0.0050575137
Classical VQR circuit,3,10,0.8365936,0.8299847,0.8331223,0.8445855,0.0056353001855313,0.0066089034,0.014600754,0.003471315
Classical VQR circuit,3,10,0.8432626,0.8333137,0.8365936,0.8484766,0.0056353001855313,0.009948909,0.015162885,0.006668985
Classical VQR circuit,3,10,0.8430471,0.8396414,0.8432626,0.8394557,0.0056353001855313,0.0034056902,0.00018566847,0.0002155304
Classical VQR circuit,3,10,0.83568525,0.83913475,0.8430471,0.82897156,0.0056353001855313,0.0034494996,0.010163188,0.0073618293
Classical VQR circuit,3,10,0.8308019,0.83149314,0.83568525,0.8312218,0.0056353001855313,0.00069123507,0.00027132034,0.004883349
Classical VQR circuit,3,10,0.82682,0.82649964,0.8308019,0.82842606,0.0056353001855313,0.00032037497,0.0019264221,0.0039818883
Classical VQR circuit,3,10,0.8235313,0.82233524,0.82682,0.82392335,0.0056353001855313,0.0011960864,0.0015881062,0.0032886863
Classical VQR circuit,3,10,0.8145864,0.819047,0.8235313,0.8096079,0.0056353001855313,0.004460573,0.009439051,0.008944929
Classical VQR circuit,3,10,0.8035725,0.81008875,0.8145864,0.8001174,0.0056353001855313,0.006516278,0.00997138,0.011013925
All circuits classical,3,6,0.88975173,0.8883163,0.89517194,0.8901097,0.0056353001855313,0.0014354587,0.0017934442,0.005420208
All circuits classical,3,6,0.8844058,0.8829358,0.88975173,0.8845384,0.0056353001855313,0.0014699697,0.0016025901,0.0053459406
All circuits classical,3,6,0.8796831,0.8779431,0.8844058,0.88003206,0.0056353001855313,0.0017399788,0.002088964,0.0047227144
All circuits classical,3,6,0.8685219,0.8734874,0.8796831,0.86393785,0.0056353001855313,0.004965484,0.009549558,0.011161149
All circuits classical,3,6,0.85531336,0.86282134,0.8685219,0.85191804,0.0056353001855313,0.00750798,0.010903299,0.013208568
All circuits classical,3,6,0.84527916,0.8520385,0.85531336,0.84655106,0.0056353001855313,0.0067593455,0.005487442,0.0100342035
All circuits classical,3,6,0.8381722,0.84219426,0.84527916,0.8410362,0.0056353001855313,0.004022062,0.0011580586,0.00710696
All circuits classical,3,6,0.83072233,0.83487445,0.8381722,0.8311087,0.0056353001855313,0.004152119,0.0037657619,0.0074498653
All circuits classical,3,6,0.8255949,0.8271747,0.83072233,0.826916,0.0056353001855313,0.0015798211,0.00025874376,0.00512743
All circuits classical,3,6,0.8189723,0.8220488,0.8255949,0.8187067,0.0056353001855313,0.0030764937,0.003342092,0.0066226125
All circuits classical,3,6,0.81530386,0.81524175,0.8189723,0.8177571,0.0056353001855313,6.210804e-05,0.0025153756,0.0036684275
All circuits classical,3,6,0.8170719,0.81134903,0.81530386,0.82221174,0.0056353001855313,0.0057228804,0.010862708,0.0017680526
All circuits classical,3,6,0.81581235,0.81380224,0.8170719,0.8154538,0.0056353001855313,0.002010107,0.0016515851,0.0012595654
All circuits classical,3,6,0.8110964,0.8124761,0.81581235,0.80811554,0.0056353001855313,0.0013797283,0.0043605566,0.004715979
All circuits classical,3,6,0.8082009,0.8076546,0.8110964,0.80867493,0.0056353001855313,0.00054627657,0.0010203123,0.0028954744
All circuits classical,3,6,0.81034005,0.80479753,0.8082009,0.8150423,0.0056353001855313,0.0055425167,0.010244787,0.002139151
All circuits classical,3,6,0.80829453,0.8065168,0.81034005,0.8069653,0.0056353001855313,0.0017777085,0.00044846535,0.0020455122
All circuits classical,3,6,0.80186325,0.8045227,0.80829453,0.7971569,0.0056353001855313,0.00265944,0.007365823,0.0064312816
All circuits classical,3,6,0.7943854,0.7978827,0.80186325,0.7919337,0.0056353001855313,0.0034973025,0.005948961,0.0074778795
All circuits classical,3,6,0.7884783,0.79028153,0.7943854,0.78955144,0.0056353001855313,0.0018032193,0.0007300973,0.0059070587
All circuits classical,3,6,0.79125845,0.78433675,0.7884783,0.7982195,0.0056353001855313,0.0069217086,0.013882756,0.0027801394
All circuits classical,3,6,0.7911631,0.7870986,0.79125845,0.7910288,0.0056353001855313,0.0040645003,0.003930211,9.536743e-05
All circuits classical,3,6,0.7923482,0.78706956,0.7911631,0.79262084,0.0056353001855313,0.005278647,0.0055512786,0.0011851192
All circuits classical,3,10,0.8812594,0.881098,0.8877018,0.8826901,0.0056353001855313,0.00016140938,0.0015920997,0.0064424276
All circuits classical,3,10,0.87596154,0.8747171,0.8812594,0.87818635,0.0056353001855313,0.0012444258,0.0034692287,0.0052978396
All circuits classical,3,10,0.87697875,0.8697527,0.87596154,0.88232356,0.0056353001855313,0.00722605,0.012570858,0.0010172129
All circuits classical,3,10,0.87208104,0.87061226,0.87697875,0.86945295,0.0056353001855313,0.0014687777,0.0011593103,0.0048977137
All circuits classical,3,10,0.8668421,0.866226,0.87208104,0.86518914,0.0056353001855313,0.0006160736,0.0010368824,0.0052389503
All circuits classical,3,10,0.86631876,0.8633403,0.8668421,0.8699678,0.0056353001855313,0.002978444,0.0066275,0.0005233288
All circuits classical,3,10,0.8702149,0.8627666,0.86631876,0.8755109,0.0056353001855313,0.007448256,0.012744248,0.0038961172
All circuits classical,3,10,0.8748219,0.8669395,0.8702149,0.8770293,0.0056353001855313,0.007882416,0.010089815,0.004607022
All circuits classical,3,10,0.8718848,0.8714134,0.8748219,0.8664172,0.0056353001855313,0.00047141314,0.0049961805,0.0029370785
All circuits classical,3,10,0.8632296,0.86841637,0.8718848,0.8571021,0.0056353001855313,0.005186796,0.011314273,0.00865525
All circuits classical,3,10,0.8524154,0.85950124,0.8632296,0.84933686,0.0056353001855313,0.00708586,0.01016438,0.01081419
All circuits classical,3,10,0.8381798,0.8490313,0.8524154,0.83461636,0.0056353001855313,0.010851502,0.014414966,0.014235556
All circuits classical,3,10,0.8331223,0.834677,0.8381798,0.8379713,0.0056353001855313,0.001554668,0.0032943487,0.0050575137
All circuits classical,3,10,0.8365936,0.8295266,0.8331223,0.8445855,0.0056353001855313,0.0070670247,0.015058875,0.003471315
All circuits classical,3,10,0.8432626,0.83308357,0.8365936,0.8484766,0.0056353001855313,0.010179043,0.015393019,0.006668985
All circuits classical,3,10,0.8430471,0.8396309,0.8432626,0.8394557,0.0056353001855313,0.0034161806,0.00017517805,0.0002155304
All circuits classical,3,10,0.83568525,0.8394326,0.8430471,0.82897156,0.0056353001855313,0.003747344,0.010461032,0.0073618293
All circuits classical,3,10,0.8308019,0.8318923,0.83568525,0.8312218,0.0056353001855313,0.0010904074,0.00067049265,0.004883349
All circuits classical,3,10,0.82682,0.8267166,0.8308019,0.82842606,0.0056353001855313,0.00010341406,0.0017094612,0.0039818883
All circuits classical,3,10,0.8235313,0.8225885,0.82682,0.82392335,0.0056353001855313,0.0009428263,0.001334846,0.0032886863
All circuits classical,3,10,0.8145864,0.81926256,0.8235313,0.8096079,0.0056353001855313,0.004676163,0.009654641,0.008944929
All circuits classical,3,10,0.8035725,0.810462,0.8145864,0.8001174,0.0056353001855313,0.006889522,0.0103446245,0.011013925
Persistence,4,4,0.8781462,0.8829227,0.8829227,0.88166666,0.0057091074995696,0.0047765374,0.0012560487,0.0047765374
Persistence,4,4,0.8723824,0.8781462,0.8781462,0.87332374,0.0057091074995696,0.005763769,0.004822433,0.005763769
Persistence,4,4,0.87242347,0.8723824,0.8723824,0.87643296,0.0057091074995696,4.10676e-05,0.004050553,4.10676e-05
Persistence,4,4,0.86690855,0.87242347,0.87242347,0.8645134,0.0057091074995696,0.0055149198,0.007910073,0.0055149198
Persistence,4,4,0.8603516,0.86690855,0.86690855,0.85882026,0.0057091074995696,0.006556928,0.008088291,0.006556928
Persistence,4,4,0.8554004,0.8603516,0.8603516,0.85634005,0.0057091074995696,0.0049512386,0.0040115714,0.0049512386
Persistence,4,4,0.85226345,0.8554004,0.8554004,0.85419565,0.0057091074995696,0.0031369328,0.0012047291,0.0031369328
Persistence,4,4,0.84939295,0.85226345,0.85226345,0.8502348,0.0057091074995696,0.0028705,0.002028644,0.0028705
Persistence,4,4,0.8430241,0.84939295,0.84939295,0.84026927,0.0057091074995696,0.0063688755,0.009123683,0.0063688755
Persistence,4,4,0.8392495,0.8430241,0.8430241,0.8402345,0.0057091074995696,0.0037745833,0.002789557,0.0037745833
Persistence,4,4,0.8343821,0.8392495,0.8392495,0.834485,0.0057091074995696,0.004867375,0.0047644973,0.004867375
Persistence,4,4,0.8311625,0.8343821,0.8343821,0.8322948,0.0057091074995696,0.0032196045,0.002087295,0.0032196045
Persistence,4,4,0.83146995,0.8311625,0.8311625,0.83432955,0.0057091074995696,0.00030744076,0.0031670332,0.00030744076
Persistence,4,4,0.8312257,0.83146995,0.83146995,0.8319402,0.0057091074995696,0.00024425983,0.00047022104,0.00024425983
Persistence,4,4,0.82662797,0.8312257,0.8312257,0.82366824,0.0057091074995696,0.0045977235,0.0075574517,0.0045977235
Persistence,4,4,0.8193106,0.82662797,0.82662797,0.81606257,0.0057091074995696,0.007317364,0.0105654,0.007317364
Persistence,4,4,0.8160003,0.8193106,0.8193106,0.8181406,0.0057091074995696,0.0033103228,0.0011699796,0.0033103228
Persistence,4,4,0.8135779,0.8160003,0.8160003,0.81540626,0.0057091074995696,0.0024223924,0.0005940199,0.0024223924
Persistence,4,4,0.8171035,0.8135779,0.8135779,0.8217398,0.0057091074995696,0.0035256147,0.008161902,0.0035256147
Persistence,4,4,0.8181894,0.8171035,0.8171035,0.8178603,0.0057091074995696,0.0010858774,0.0007568002,0.0010858774
Persistence,4,4,0.8162481,0.8181894,0.8181894,0.81382936,0.0057091074995696,0.0019412637,0.00436002,0.0019412637
Persistence,4,4,0.81351554,0.8162481,0.8162481,0.8124174,0.0057091074995696,0.002732575,0.003830731,0.002732575
Persistence,4,4,0.8108896,0.81351554,0.81351554,0.81091505,0.0057091074995696,0.0026259422,0.002600491,0.0026259422
Persistence,4,11,0.8967675,0.90078664,0.90078664,0.89828104,0.0057091074995696,0.004019141,0.0025056005,0.004019141
Persistence,4,11,0.8822605,0.8967675,0.8967675,0.8748538,0.0057091074995696,0.014506996,0.021913707,0.014506996
Persistence,4,11,0.87296396,0.8822605,0.8822605,0.8735511,0.0057091074995696,0.009296536,0.008709431,0.009296536
Persistence,4,11,0.86909604,0.87296396,0.87296396,0.8741989,0.0057091074995696,0.0038679242,0.0012349486,0.0038679242
Persistence,4,11,0.8648739,0.86909604,0.86909604,0.86663264,0.0057091074995696,0.0042221546,0.0024634004,0.0042221546
Persistence,4,11,0.8616147,0.8648739,0.8648739,0.86207616,0.0057091074995696,0.003259182,0.0027977228,0.003259182
Persistence,4,11,0.8603632,0.8616147,0.8616147,0.86188084,0.0057091074995696,0.0012515187,0.00026613474,0.0012515187
Persistence,4,11,0.8559919,0.8603632,0.8603632,0.8551565,0.0057091074995696,0.0043712854,0.005206704,0.0043712854
Persistence,4,11,0.8458905,0.8559919,0.8559919,0.84130627,0.0057091074995696,0.010101378,0.014685631,0.010101378
Persistence,4,11,0.8373931,0.8458905,0.8458905,0.8365026,0.0057091074995696,0.008497417,0.00938791,0.008497417
Persistence,4,11,0.8322948,0.8373931,0.8373931,0.8349689,0.0057091074995696,0.0050982833,0.0024241805,0.0050982833
Persistence,4,11,0.8292321,0.8322948,0.8322948,0.8318545,0.0057091074995696,0.003062725,0.0004402995,0.003062725
Persistence,4,11,0.82466596,0.8292321,0.8292321,0.8238845,0.0057091074995696,0.004566133,0.0053476095,0.004566133
Persistence,4,11,0.82323825,0.82466596,0.82466596,0.82502633,0.0057091074995696,0.00142771,0.00036036968,0.00142771
Persistence,4,11,0.8180579,0.82323825,0.82323825,0.816571,0.0057091074995696,0.005180359,0.0066672564,0.005180359
Persistence,4,11,0.8113696,0.8180579,0.8180579,0.809723,0.0057091074995696,0.006688297,0.008334875,0.006688297
Persistence,4,11,0.8057227,0.8113696,0.8113696,0.80577993,0.0057091074995696,0.0056468844,0.005589664,0.0056468844
Persistence,4,11,0.79833597,0.8057227,0.8057227,0.7971635,0.0057091074995696,0.007386744,0.008559227,0.007386744
Persistence,4,11,0.795983,0.79833597,0.79833597,0.7992884,0.0057091074995696,0.002352953,0.0009524226,0.002352953
Persistence,4,11,0.7936197,0.795983,0.795983,0.7948005,0.0057091074995696,0.0023633242,0.0011824965,0.0023633242
Persistence,4,11,0.78890646,0.7936197,0.7936197,0.7873646,0.0057091074995696,0.0047132373,0.0062550902,0.0047132373
Persistence,4,11,0.7840498,0.78890646,0.78890646,0.78333336,0.0057091074995696,0.004856646,0.005573094,0.004856646
Full model,4,4,0.8781462,0.8762674,0.8829227,0.88166666,0.0057091074995696,0.001878798,0.0053992867,0.0047765374
Full model,4,4,0.8723824,0.8712261,0.8781462,0.87332374,0.0057091074995696,0.0011563301,0.0020976663,0.005763769
Full model,4,4,0.87242347,0.86480826,0.8723824,0.87643296,0.0057091074995696,0.0076152086,0.011624694,4.10676e-05
Full model,4,4,0.86690855,0.8648745,0.87242347,0.8645134,0.0057091074995696,0.002034068,0.00036108494,0.0055149198
Full model,4,4,0.8603516,0.8593773,0.86690855,0.85882026,0.0057091074995696,0.0009742975,0.000557065,0.006556928
Full model,4,4,0.8554004,0.8545403,0.8603516,0.85634005,0.0057091074995696,0.000860095,0.0017997622,0.0049512386
Full model,4,4,0.85226345,0.84995764,0.8554004,0.85419565,0.0057091074995696,0.0023058057,0.0042380095,0.0031369328
Full model,4,4,0.84939295,0.84697104,0.85226345,0.8502348,0.0057091074995696,0.0024219155,0.0032637715,0.0028705
Full model,4,4,0.8430241,0.84417176,0.84939295,0.84026927,0.0057091074995696,0.0011476874,0.003902495,0.0063688755
Full model,4,4,0.8392495,0.8378884,0.8430241,0.8402345,0.0057091074995696,0.0013610721,0.0023460984,0.0037745833
Full model,4,4,0.8343821,0.8341833,0.8392495,0.834485,0.0057091074995696,0.0001988411,0.0003017187,0.004867375
Full model,4,4,0.8311625,0.8296611,0.8343821,0.8322948,0.0057091074995696,0.001501441,0.0026337504,0.0032196045
Full model,4,4,0.83146995,0.82617486,0.8311625,0.83432955,0.0057091074995696,0.005295098,0.00815469,0.00030744076
Full model,4,4,0.8312257,0.8266295,0.83146995,0.8319402,0.0057091074995696,0.0045961738,0.0053106546,0.00024425983
Full model,4,4,0.82662797,0.8268691,0.8312257,0.82366824,0.0057091074995696,0.00024110079,0.003200829,0.0045977235
Full model,4,4,0.8193106,0.8217766,0.82662797,0.81606257,0.0057091074995696,0.002466023,0.005714059,0.007317364
Full model,4,4,0.8160003,0.81451124,0.8193106,0.8181406,0.0057091074995696,0.0014890432,0.0036293864,0.0033103228
Full model,4,4,0.8135779,0.8107805,0.8160003,0.81540626,0.0057091074995696,0.0027973652,0.0046257377,0.0024223924
Full model,4,4,0.8171035,0.808509,0.8135779,0.8217398,0.0057091074995696,0.008594513,0.013230801,0.0035256147
Full model,4,4,0.8181894,0.8116664,0.8171035,0.8178603,0.0057091074995696,0.0065229535,0.0061938763,0.0010858774
Full model,4,4,0.8162481,0.81272805,0.8181894,0.81382936,0.0057091074995696,0.0035200715,0.001101315,0.0019412637
Full model,4,4,0.81351554,0.81094307,0.8162481,0.8124174,0.0057091074995696,0.0025724769,0.0014743209,0.002732575
Full model,4,4,0.8108896,0.8084555,0.81351554,0.81091505,0.0057091074995696,0.0024340749,0.002459526,0.0026259422
Full model,4,11,0.8967675,0.89381886,0.90078664,0.89828104,0.0057091074995696,0.0029486418,0.0044621825,0.004019141
Full model,4,11,0.8822605,0.8897037,0.8967675,0.8748538,0.0057091074995696,0.0074431896,0.014849901,0.014506996
Full model,4,11,0.87296396,0.87484527,0.8822605,0.8735511,0.0057091074995696,0.0018813014,0.0012941957,0.009296536
Full model,4,11,0.86909604,0.86522406,0.87296396,0.8741989,0.0057091074995696,0.0038719773,0.00897485,0.0038679242
Full model,4,11,0.8648739,0.8626511,0.86909604,0.86663264,0.0057091074995696,0.0022227764,0.0039815307,0.0042221546
Full model,4,11,0.8616147,0.8590603,0.8648739,0.86207616,0.0057091074995696,0.0025544167,0.0030158758,0.003259182
Full model,4,11,0.8603632,0.8561235,0.8616147,0.86188084,0.0057091074995696,0.0042396784,0.005757332,0.0012515187
Full model,4,11,0.8559919,0.8548039,0.8603632,0.8551565,0.0057091074995696,0.0011879802,0.00035256147,0.0043712854
Full model,4,11,0.8458905,0.85055625,0.8559919,0.84130627,0.0057091074995696,0.0046657324,0.009249985,0.010101378
Full model,4,11,0.8373931,0.84066254,0.8458905,0.8365026,0.0057091074995696,0.003269434,0.0041599274,0.008497417
Full model,4,11,0.8322948,0.83158183,0.8373931,0.8349689,0.0057091074995696,0.00071299076,0.0033870935,0.0050982833
Full model,4,11,0.8292321,0.82645833,0.8322948,0.8318545,0.0057091074995696,0.0027737617,0.0053961873,0.003062725
Full model,4,11,0.82466596,0.82358485,0.8292321,0.8238845,0.0057091074995696,0.001081109,0.00029963255,0.004566133
Full model,4,11,0.82323825,0.818903,0.82466596,0.82502633,0.0057091074995696,0.0043352246,0.0061233044,0.00142771
Full model,4,11,0.8180579,0.81748885,0.82323825,0.816571,0.0057091074995696,0.00056904554,0.0009178519,0.005180359
Full model,4,11,0.8113696,0.81253445,0.8180579,0.809723,0.0057091074995696,0.0011648536,0.002811432,0.006688297
Full model,4,11,0.8057227,0.80620414,0.8113696,0.80577993,0.0057091074995696,0.00048142672,0.00042420626,0.0056468844
Full model,4,11,0.79833597,0.8002881,0.8057227,0.7971635,0.0057091074995696,0.0019521117,0.0031245947,0.007386744
Full model,4,11,0.795983,0.7929689,0.79833597,0.7992884,0.0057091074995696,0.0030140877,0.0063194633,0.002352953
Full model,4,11,0.7936197,0.79078484,0.795983,0.7948005,0.0057091074995696,0.0028348565,0.004015684,0.0023633242
Full model,4,11,0.78890646,0.78850055,0.7936197,0.7873646,0.0057091074995696,0.00040590763,0.0011359453,0.0047132373
Full model,4,11,0.7840498,0.78338283,0.78890646,0.78333336,0.0057091074995696,0.000666976,4.9471855e-05,0.004856646
Without quantum attention,4,4,0.8781462,0.8756695,0.8829227,0.88166666,0.0057091074995696,0.0024766922,0.005997181,0.0047765374
Without quantum attention,4,4,0.8723824,0.8722769,0.8781462,0.87332374,0.0057091074995696,0.00010550022,0.0010468364,0.005763769
Without quantum attention,4,4,0.87242347,0.86683404,0.8723824,0.87643296,0.0057091074995696,0.0055894256,0.009598911,4.10676e-05
Without quantum attention,4,4,0.86690855,0.8687029,0.87242347,0.8645134,0.0057091074995696,0.0017943382,0.0041894913,0.0055149198
Without quantum attention,4,4,0.8603516,0.86301255,0.86690855,0.85882026,0.0057091074995696,0.0026609302,0.0041922927,0.006556928
Without quantum attention,4,4,0.8554004,0.8555291,0.8603516,0.85634005,0.0057091074995696,0.00012874603,0.0008109212,0.0049512386
Without quantum attention,4,4,0.85226345,0.851434,0.8554004,0.85419565,0.0057091074995696,0.00082945824,0.002761662,0.0031369328
Without quantum attention,4,4,0.84939295,0.84816647,0.85226345,0.8502348,0.0057091074995696,0.0012264848,0.0020683408,0.0028705
Without quantum attention,4,4,0.8430241,0.8453254,0.84939295,0.84026927,0.0057091074995696,0.0023013353,0.005056143,0.0063688755
Without quantum attention,4,4,0.8392495,0.8389957,0.8430241,0.8402345,0.0057091074995696,0.00025379658,0.0012388229,0.0037745833
Without quantum attention,4,4,0.8343821,0.83522487,0.8392495,0.834485,0.0057091074995696,0.0008427501,0.00073987246,0.004867375
Without quantum attention,4,4,0.8311625,0.83021665,0.8343821,0.8322948,0.0057091074995696,0.0009458661,0.0020781755,0.0032196045
Without quantum attention,4,4,0.83146995,0.82691675,0.8311625,0.83432955,0.0057091074995696,0.004553199,0.0074127913,0.00030744076
Without quantum attention,4,4,0.8312257,0.82672876,0.83146995,0.8319402,0.0057091074995696,0.004496932,0.005211413,0.00024425983
Without quantum attention,4,4,0.82662797,0.827726,0.8312257,0.82366824,0.0057091074995696,0.0010980368,0.004057765,0.0045977235
Without quantum attention,4,4,0.8193106,0.82308936,0.82662797,0.81606257,0.0057091074995696,0.0037787557,0.0070267916,0.007317364
Without quantum attention,4,4,0.8160003,0.81616104,0.8193106,0.8181406,0.0057091074995696,0.00016075373,0.0019795895,0.0033103228
Without quantum attention,4,4,0.8135779,0.8134421,0.8160003,0.81540626,0.0057091074995696,0.00013577938,0.0019641519,0.0024223924
Without quantum attention,4,4,0.8171035,0.81014156,0.8135779,0.8217398,0.0057091074995696,0.0069619417,0.011598229,0.0035256147
Without quantum attention,4,4,0.8181894,0.8146869,0.8171035,0.8178603,0.0057091074995696,0.0035024881,0.003173411,0.0010858774
Without quantum attention,4,4,0.8162481,0.81463724,0.8181894,0.81382936,0.0057091074995696,0.0016108751,0.00080788136,0.0019412637
Without quantum attention,4,4,0.81351554,0.81324553,0.8162481,0.8124174,0.0057091074995696,0.00027000904,0.00082814693,0.002732575
Without quantum attention,4,4,0.8108896,0.80914974,0.81351554,0.81091505,0.0057091074995696,0.0017398596,0.0017653108,0.0026259422
Without quantum attention,4,11,0.8967675,0.8922298,0.90078664,0.89828104,0.0057091074995696,0.0045377016,0.0060512424,0.004019141
Without quantum attention,4,11,0.8822605,0.88873786,0.8967675,0.8748538,0.0057091074995696,0.006477356,0.013884068,0.014506996
Without quantum attention,4,11,0.87296396,0.8753812,0.8822605,0.8735511,0.0057091074995696,0.0024172068,0.001830101,0.009296536
Without quantum attention,4,11,0.86909604,0.86654943,0.87296396,0.8741989,0.0057091074995696,0.0025466084,0.0076494813,0.0038679242
Without quantum attention,4,11,0.8648739,0.8628389,0.86909604,0.86663264,0.0057091074995696,0.0020349622,0.0037937164,0.0042221546
Without quantum attention,4,11,0.8616147,0.8591604,0.8648739,0.86207616,0.0057091074995696,0.0024542809,0.00291574,0.003259182
Without quantum attention,4,11,0.8603632,0.8568683,0.8616147,0.86188084,0.0057091074995696,0.0034948587,0.005012512,0.0012515187
Without quantum attention,4,11,0.8559919,0.855696,0.8603632,0.8551565,0.0057091074995696,0.00029587746,0.00053954124,0.0043712854
Without quantum attention,4,11,0.8458905,0.8510729,0.8559919,0.84130627,0.0057091074995696,0.0051823854,0.009766638,0.010101378
Without quantum attention,4,11,0.8373931,0.840534,0.8458905,0.8365026,0.0057091074995696,0.0031408668,0.00403136,0.008497417
Without quantum attention,4,11,0.8322948,0.8324154,0.8373931,0.8349689,0.0057091074995696,0.0001205802,0.0025535226,0.0050982833
Without quantum attention,4,11,0.8292321,0.82660556,0.8322948,0.8318545,0.0057091074995696,0.0026265383,0.005248964,0.003062725
Without quantum attention,4,11,0.82466596,0.82369435,0.8292321,0.8238845,0.0057091074995696,0.0009716153,0.00019013882,0.004566133
Without quantum attention,4,11,0.82323825,0.8203783,0.82466596,0.82502633,0.0057091074995696,0.00285995,0.00464803,0.00142771
Without quantum attention,4,11,0.8180579,0.8188577,0.82323825,0.816571,0.0057091074995696,0.0007998347,0.0022867322,0.005180359
Without quantum attention,4,11,0.8113696,0.8153994,0.8180579,0.809723,0.0057091074995696,0.0040298104,0.0056763887,0.006688297
Without quantum attention,4,11,0.8057227,0.80863804,0.8113696,0.80577993,0.0057091074995696,0.0029153228,0.0028581023,0.0056468844
Without quantum attention,4,11,0.79833597,0.8024487,0.8057227,0.7971635,0.0057091074995696,0.0041127205,0.0052852035,0.007386744
Without quantum attention,4,11,0.795983,0.7948569,0.79833597,0.7992884,0.0057091074995696,0.0011261106,0.004431486,0.002352953
Without quantum attention,4,11,0.7936197,0.7933193,0.795983,0.7948005,0.0057091074995696,0.0003004074,0.001481235,0.0023633242
Without quantum attention,4,11,0.78890646,0.7899169,0.7936197,0.7873646,0.0057091074995696,0.0010104179,0.002552271,0.0047132373
Without quantum attention,4,11,0.7840498,0.7848075,0.78890646,0.78333336,0.0057091074995696,0.00075769424,0.0014741421,0.004856646
Without VQR,4,4,0.8781462,0.87754387,0.8829227,0.88166666,0.0057091074995696,0.00060230494,0.0041227937,0.0047765374
Without VQR,4,4,0.8723824,0.87253976,0.8781462,0.87332374,0.0057091074995696,0.00015735626,0.0007839799,0.005763769
Without VQR,4,4,0.87242347,0.86625385,0.8723824,0.87643296,0.0057091074995696,0.006169617,0.010179102,4.10676e-05
Without VQR,4,4,0.86690855,0.8662078,0.87242347,0.8645134,0.0057091074995696,0.0007007718,0.0016943812,0.0055149198
Without VQR,4,4,0.8603516,0.86070615,0.86690855,0.85882026,0.0057091074995696,0.00035452843,0.001885891,0.006556928
Without VQR,4,4,0.8554004,0.8554102,0.8603516,0.85634005,0.0057091074995696,9.834766e-06,0.00092983246,0.0049512386
Without VQR,4,4,0.85226345,0.8507509,0.8554004,0.85419565,0.0057091074995696,0.0015125275,0.0034447312,0.0031369328
Without VQR,4,4,0.84939295,0.8476613,0.85226345,0.8502348,0.0057091074995696,0.0017316341,0.0025734901,0.0028705
Without VQR,4,4,0.8430241,0.84484017,0.84939295,0.84026927,0.0057091074995696,0.0018160939,0.0045709014,0.0063688755
Without VQR,4,4,0.8392495,0.8384663,0.8430241,0.8402345,0.0057091074995696,0.00078320503,0.0017682314,0.0037745833
Without VQR,4,4,0.8343821,0.83474517,0.8392495,0.834485,0.0057091074995696,0.0003630519,0.00026017427,0.004867375
Without VQR,4,4,0.8311625,0.83021665,0.8343821,0.8322948,0.0057091074995696,0.0009458661,0.0020781755,0.0032196045
Without VQR,4,4,0.83146995,0.8268316,0.8311625,0.83432955,0.0057091074995696,0.004638374,0.0074979663,0.00030744076
Without VQR,4,4,0.8312257,0.827304,0.83146995,0.8319402,0.0057091074995696,0.0039216876,0.0046361685,0.00024425983
Without VQR,4,4,0.82662797,0.8277314,0.8312257,0.82366824,0.0057091074995696,0.0011034012,0.0040631294,0.0045977235
Without VQR,4,4,0.8193106,0.8226925,0.82662797,0.81606257,0.0057091074995696,0.003381908,0.006629944,0.007317364
Without VQR,4,4,0.8160003,0.8154095,0.8193106,0.8181406,0.0057091074995696,0.00059080124,0.0027311444,0.0033103228
Without VQR,4,4,0.8135779,0.8115741,0.8160003,0.81540626,0.0057091074995696,0.002003789,0.0038321614,0.0024223924
Without VQR,4,4,0.8171035,0.8092908,0.8135779,0.8217398,0.0057091074995696,0.007812679,0.0124489665,0.0035256147
Without VQR,4,4,0.8181894,0.8123151,0.8171035,0.8178603,0.0057091074995696,0.005874276,0.005545199,0.0010858774
Without VQR,4,4,0.8162481,0.8132874,0.8181894,0.81382936,0.0057091074995696,0.0029607415,0.00054198503,0.0019412637
Without VQR,4,4,0.81351554,0.81149125,0.8162481,0.8124174,0.0057091074995696,0.002024293,0.00092613697,0.002732575
Without VQR,4,4,0.8108896,0.80906594,0.81351554,0.81091505,0.0057091074995696,0.0018236637,0.0018491149,0.0026259422
Without VQR,4,11,0.8967675,0.89469075,0.90078664,0.89828104,0.0057091074995696,0.002076745,0.0035902858,0.004019141
Without VQR,4,11,0.8822605,0.89049983,0.8967675,0.8748538,0.0057091074995696,0.008239329,0.01564604,0.014506996
Without VQR,4,11,0.87296396,0.8757728,0.8822605,0.8735511,0.0057091074995696,0.0028088093,0.0022217035,0.009296536
Without VQR,4,11,0.86909604,0.86627275,0.87296396,0.8741989,0.0057091074995696,0.0028232932,0.007926166,0.0038679242
Without VQR,4,11,0.8648739,0.86318636,0.86909604,0.86663264,0.0057091074995696,0.0016875267,0.003446281,0.0042221546
Without VQR,4,11,0.8616147,0.859592,0.8648739,0.86207616,0.0057091074995696,0.0020226836,0.0024841428,0.003259182
Without VQR,4,11,0.8603632,0.8566286,0.8616147,0.86188084,0.0057091074995696,0.0037345886,0.005252242,0.0012515187
Without VQR,4,11,0.8559919,0.8550887,0.8603632,0.8551565,0.0057091074995696,0.0009031892,6.777048e-05,0.0043712854
Without VQR,4,11,0.8458905,0.85081923,0.8559919,0.84130627,0.0057091074995696,0.004928708,0.009512961,0.010101378
Without VQR,4,11,0.8373931,0.8409118,0.8458905,0.8365026,0.0057091074995696,0.0035187006,0.004409194,0.008497417
Without VQR,4,11,0.8322948,0.83187205,0.8373931,0.8349689,0.0057091074995696,0.00042277575,0.0030968785,0.0050982833
Without VQR,4,11,0.8292321,0.8265947,0.8322948,0.8318545,0.0057091074995696,0.0026373863,0.005259812,0.003062725
Without VQR,4,11,0.82466596,0.82363987,0.8292321,0.8238845,0.0057091074995696,0.001026094,0.00024461746,0.004566133
Without VQR,4,11,0.82323825,0.81911665,0.82466596,0.82502633,0.0057091074995696,0.0041216016,0.0059096813,0.00142771
Without VQR,4,11,0.8180579,0.8177489,0.82323825,0.816571,0.0057091074995696,0.00030899048,0.001177907,0.005180359
Without VQR,4,11,0.8113696,0.81297773,0.8180579,0.809723,0.0057091074995696,0.0016081333,0.0032547116,0.006688297
Without VQR,4,11,0.8057227,0.8068445,0.8113696,0.80577993,0.0057091074995696,0.0011217594,0.001064539,0.0056468844
Without VQR,4,11,0.79833597,0.80094117,0.8057227,0.7971635,0.0057091074995696,0.0026051998,0.0037776828,0.007386744
Without VQR,4,11,0.795983,0.79357827,0.79833597,0.7992884,0.0057091074995696,0.0024047494,0.005710125,0.002352953
Without VQR,4,11,0.7936197,0.7914336,0.795983,0.7948005,0.0057091074995696,0.0021861196,0.0033669472,0.0023633242
Without VQR,4,11,0.78890646,0.7891885,0.7936197,0.7873646,0.0057091074995696,0.00028204918,0.0018239021,0.0047132373
Without VQR,4,11,0.7840498,0.7837975,0.78890646,0.78333336,0.0057091074995696,0.00025230646,0.00046414137,0.004856646
Without quantum attention and VQR,4,4,0.8781462,0.8746583,0.8829227,0.88166666,0.0057091074995696,0.003487885,0.0070083737,0.0047765374
Without quantum attention and VQR,4,4,0.8723824,0.8705817,0.8781462,0.87332374,0.0057091074995696,0.0018007159,0.002742052,0.005763769
Without quantum attention and VQR,4,4,0.87242347,0.8657273,0.8723824,0.87643296,0.0057091074995696,0.0066961646,0.01070565,4.10676e-05
Without quantum attention and VQR,4,4,0.86690855,0.86613744,0.87242347,0.8645134,0.0057091074995696,0.0007711053,0.0016240478,0.0055149198
Without quantum attention and VQR,4,4,0.8603516,0.86222404,0.86690855,0.85882026,0.0057091074995696,0.0018724203,0.0034037828,0.006556928
Without quantum attention and VQR,4,4,0.8554004,0.85561013,0.8603516,0.85634005,0.0057091074995696,0.00020974874,0.0007299185,0.0049512386
Without quantum attention and VQR,4,4,0.85226345,0.8504324,0.8554004,0.85419565,0.0057091074995696,0.0018310547,0.0037632585,0.0031369328
Without quantum attention and VQR,4,4,0.84939295,0.8467585,0.85226345,0.8502348,0.0057091074995696,0.0026344657,0.0034763217,0.0028705
Without quantum attention and VQR,4,4,0.8430241,0.8438193,0.84939295,0.84026927,0.0057091074995696,0.00079524517,0.0035500526,0.0063688755
Without quantum attention and VQR,4,4,0.8392495,0.837657,0.8430241,0.8402345,0.0057091074995696,0.0015925169,0.0025775433,0.0037745833
Without quantum attention and VQR,4,4,0.8343821,0.83441144,0.8392495,0.834485,0.0057091074995696,2.9325485e-05,7.355213e-05,0.004867375
Without quantum attention and VQR,4,4,0.8311625,0.82973903,0.8343821,0.8322948,0.0057091074995696,0.0014234781,0.0025557876,0.0032196045
Without quantum attention and VQR,4,4,0.83146995,0.82650447,0.8311625,0.83432955,0.0057091074995696,0.004965484,0.007825077,0.00030744076
Without quantum attention and VQR,4,4,0.8312257,0.82670796,0.83146995,0.8319402,0.0057091074995696,0.004517734,0.005232215,0.00024425983
Without quantum attention and VQR,4,4,0.82662797,0.82658684,0.8312257,0.82366824,0.0057091074995696,4.1127205e-05,0.002918601,0.0045977235
Without quantum attention and VQR,4,4,0.8193106,0.8224808,0.82662797,0.81606257,0.0057091074995696,0.0031701922,0.006418228,0.007317364
Without quantum attention and VQR,4,4,0.8160003,0.81517136,0.8193106,0.8181406,0.0057091074995696,0.0008289218,0.002969265,0.0033103228
Without quantum attention and VQR,4,4,0.8135779,0.8116025,0.8160003,0.81540626,0.0057091074995696,0.0019754171,0.0038037896,0.0024223924
Without quantum attention and VQR,4,4,0.8171035,0.80870503,0.8135779,0.8217398,0.0057091074995696,0.008398473,0.013034761,0.0035256147
Without quantum attention and VQR,4,4,0.8181894,0.8123356,0.8171035,0.8178603,0.0057091074995696,0.005853772,0.005524695,0.0010858774
Without quantum attention and VQR,4,4,0.8162481,0.81328815,0.8181894,0.81382936,0.0057091074995696,0.0029599667,0.0005412102,0.0019412637
Without quantum attention and VQR,4,4,0.81351554,0.8113131,0.8162481,0.8124174,0.0057091074995696,0.0022024512,0.0011042953,0.002732575
Without quantum attention and VQR,4,4,0.8108896,0.80857116,0.81351554,0.81091505,0.0057091074995696,0.0023184419,0.002343893,0.0026259422
Without quantum attention and VQR,4,11,0.8967675,0.89118123,0.90078664,0.89828104,0.0057091074995696,0.0055862665,0.0070998073,0.004019141
Without quantum attention and VQR,4,11,0.8822605,0.8879045,0.8967675,0.8748538,0.0057091074995696,0.0056440234,0.013050735,0.014506996
Without quantum attention and VQR,4,11,0.87296396,0.8742596,0.8822605,0.8735511,0.0057091074995696,0.0012956262,0.0007085204,0.009296536
Without quantum attention and VQR,4,11,0.86909604,0.86632264,0.87296396,0.8741989,0.0057091074995696,0.0027734041,0.007876277,0.0038679242
Without quantum attention and VQR,4,11,0.8648739,0.8635577,0.86909604,0.86663264,0.0057091074995696,0.0013161898,0.003074944,0.0042221546
Without quantum attention and VQR,4,11,0.8616147,0.85944945,0.8648739,0.86207616,0.0057091074995696,0.002165258,0.002626717,0.003259182
Without quantum attention and VQR,4,11,0.8603632,0.85602427,0.8616147,0.86188084,0.0057091074995696,0.00433892,0.0058565736,0.0012515187
Without quantum attention and VQR,4,11,0.8559919,0.8549845,0.8603632,0.8551565,0.0057091074995696,0.0010073781,0.0001719594,0.0043712854
Without quantum attention and VQR,4,11,0.8458905,0.85081035,0.8559919,0.84130627,0.0057091074995696,0.004919827,0.00950408,0.010101378
Without quantum attention and VQR,4,11,0.8373931,0.84092087,0.8458905,0.8365026,0.0057091074995696,0.0035277605,0.004418254,0.008497417
Without quantum attention and VQR,4,11,0.8322948,0.8329792,0.8373931,0.8349689,0.0057091074995696,0.00068438053,0.0019897223,0.0050982833
Without quantum attention and VQR,4,11,0.8292321,0.82790744,0.8322948,0.8318545,0.0057091074995696,0.0013246536,0.003947079,0.003062725
Without quantum attention and VQR,4,11,0.82466596,0.82475317,0.8292321,0.8238845,0.0057091074995696,8.7201595e-05,0.0008686781,0.004566133
Without quantum attention and VQR,4,11,0.82323825,0.8205326,0.82466596,0.82502633,0.0057091074995696,0.0027056336,0.0044937134,0.00142771
Without quantum attention and VQR,4,11,0.8180579,0.81948,0.82323825,0.816571,0.0057091074995696,0.0014221072,0.0029090047,0.005180359
Without quantum attention and VQR,4,11,0.8113696,0.8144289,0.8180579,0.809723,0.0057091074995696,0.0030593276,0.004705906,0.006688297
Without quantum attention and VQR,4,11,0.8057227,0.8073113,0.8113696,0.80577993,0.0057091074995696,0.001588583,0.0015313625,0.0056468844
Without quantum attention and VQR,4,11,0.79833597,0.8015196,0.8057227,0.7971635,0.0057091074995696,0.0031836033,0.0043560863,0.007386744
Without quantum attention and VQR,4,11,0.795983,0.7936103,0.79833597,0.7992884,0.0057091074995696,0.0023727417,0.0056781173,0.002352953
Without quantum attention and VQR,4,11,0.7936197,0.79114914,0.795983,0.7948005,0.0057091074995696,0.002470553,0.0036513805,0.0023633242
Without quantum attention and VQR,4,11,0.78890646,0.7881125,0.7936197,0.7873646,0.0057091074995696,0.00079393387,0.0007479191,0.0047132373
Without quantum attention and VQR,4,11,0.7840498,0.7839484,0.78890646,0.78333336,0.0057091074995696,0.0001013875,0.00061506033,0.004856646
Classical QLSTM gates,4,4,0.8781462,0.87580985,0.8829227,0.88166666,0.0057091074995696,0.0023363233,0.005856812,0.0047765374
Classical QLSTM gates,4,4,0.8723824,0.8714449,0.8781462,0.87332374,0.0057091074995696,0.00093752146,0.0018788576,0.005763769
Classical QLSTM gates,4,4,0.87242347,0.86624813,0.8723824,0.87643296,0.0057091074995696,0.006175339,0.0101848245,4.10676e-05
Classical QLSTM gates,4,4,0.86690855,0.86727,0.87242347,0.8645134,0.0057091074995696,0.00036144257,0.0027565956,0.0055149198
Classical QLSTM gates,4,4,0.8603516,0.86275935,0.86690855,0.85882026,0.0057091074995696,0.0024077296,0.003939092,0.006556928
Classical QLSTM gates,4,4,0.8554004,0.8575627,0.8603516,0.85634005,0.0057091074995696,0.0021623373,0.0012226701,0.0049512386
Classical QLSTM gates,4,4,0.85226345,0.8517117,0.8554004,0.85419565,0.0057091074995696,0.0005517602,0.002483964,0.0031369328
Classical QLSTM gates,4,4,0.84939295,0.8475584,0.85226345,0.8502348,0.0057091074995696,0.0018345714,0.0026764274,0.0028705
Classical QLSTM gates,4,4,0.8430241,0.8443523,0.84939295,0.84026927,0.0057091074995696,0.0013282299,0.0040830374,0.0063688755
Classical QLSTM gates,4,4,0.8392495,0.83777976,0.8430241,0.8402345,0.0057091074995696,0.0014697313,0.0024547577,0.0037745833
Classical QLSTM gates,4,4,0.8343821,0.834254,0.8392495,0.834485,0.0057091074995696,0.00012809038,0.000230968,0.004867375
Classical QLSTM gates,4,4,0.8311625,0.8291665,0.8343821,0.8322948,0.0057091074995696,0.0019960403,0.0031283498,0.0032196045
Classical QLSTM gates,4,4,0.83146995,0.82627034,0.8311625,0.83432955,0.0057091074995696,0.005199611,0.008059204,0.00030744076
Classical QLSTM gates,4,4,0.8312257,0.8268012,0.83146995,0.8319402,0.0057091074995696,0.0044245124,0.0051389933,0.00024425983
Classical QLSTM gates,4,4,0.82662797,0.82695174,0.8312257,0.82366824,0.0057091074995696,0.00032377243,0.0032835007,0.0045977235
Classical QLSTM gates,4,4,0.8193106,0.8230194,0.82662797,0.81606257,0.0057091074995696,0.0037087798,0.0069568157,0.007317364
Classical QLSTM gates,4,4,0.8160003,0.8153405,0.8193106,0.8181406,0.0057091074995696,0.0006597638,0.002800107,0.0033103228
Classical QLSTM gates,4,4,0.8135779,0.8124168,0.8160003,0.81540626,0.0057091074995696,0.0011610985,0.002989471,0.0024223924
Classical QLSTM gates,4,4,0.8171035,0.8090444,0.8135779,0.8217398,0.0057091074995696,0.008059084,0.012695372,0.0035256147
Classical QLSTM gates,4,4,0.8181894,0.8134212,0.8171035,0.8178603,0.0057091074995696,0.004768193,0.0044391155,0.0010858774
Classical QLSTM gates,4,4,0.8162481,0.8141411,0.8181894,0.81382936,0.0057091074995696,0.0021070242,0.0003117323,0.0019412637
Classical QLSTM gates,4,4,0.81351554,0.8123173,0.8162481,0.8124174,0.0057091074995696,0.0011982322,0.0001000762,0.002732575
Classical QLSTM gates,4,4,0.8108896,0.8085277,0.81351554,0.81091505,0.0057091074995696,0.0023618937,0.0023873448,0.0026259422
Classical QLSTM gates,4,11,0.8967675,0.89332443,0.90078664,0.89828104,0.0057091074995696,0.0034430623,0.004956603,0.004019141
Classical QLSTM gates,4,11,0.8822605,0.8889832,0.8967675,0.8748538,0.0057091074995696,0.0067226887,0.0141294,0.014506996
Classical QLSTM gates,4,11,0.87296396,0.8751772,0.8822605,0.8735511,0.0057091074995696,0.0022132397,0.0016261339,0.009296536
Classical QLSTM gates,4,11,0.86909604,0.86701643,0.87296396,0.8741989,0.0057091074995696,0.002079606,0.007182479,0.0038679242
Classical QLSTM gates,4,11,0.8648739,0.8647343,0.86909604,0.86663264,0.0057091074995696,0.00013959408,0.0018983483,0.0042221546
Classical QLSTM gates,4,11,0.8616147,0.8607994,0.8648739,0.86207616,0.0057091074995696,0.00081533194,0.0012767911,0.003259182
Classical QLSTM gates,4,11,0.8603632,0.85675806,0.8616147,0.86188084,0.0057091074995696,0.0036051273,0.005122781,0.0012515187
Classical QLSTM gates,4,11,0.8559919,0.85515225,0.8603632,0.8551565,0.0057091074995696,0.00083965063,4.23193e-06,0.0043712854
Classical QLSTM gates,4,11,0.8458905,0.85058707,0.8559919,0.84130627,0.0057091074995696,0.004696548,0.009280801,0.010101378
Classical QLSTM gates,4,11,0.8373931,0.84028614,0.8458905,0.8365026,0.0057091074995696,0.0028930306,0.003783524,0.008497417
Classical QLSTM gates,4,11,0.8322948,0.8330861,0.8373931,0.8349689,0.0057091074995696,0.00079125166,0.0018828511,0.0050982833
Classical QLSTM gates,4,11,0.8292321,0.82753605,0.8322948,0.8318545,0.0057091074995696,0.0016960502,0.0043184757,0.003062725
Classical QLSTM gates,4,11,0.82466596,0.8247306,0.8292321,0.8238845,0.0057091074995696,6.4611435e-05,0.00084608793,0.004566133
Classical QLSTM gates,4,11,0.82323825,0.8212646,0.82466596,0.82502633,0.0057091074995696,0.001973629,0.0037617087,0.00142771
Classical QLSTM gates,4,11,0.8180579,0.81981397,0.82323825,0.816571,0.0057091074995696,0.001756072,0.0032429695,0.005180359
Classical QLSTM gates,4,11,0.8113696,0.814723,0.8180579,0.809723,0.0057091074995696,0.003353417,0.004999995,0.006688297
Classical QLSTM gates,4,11,0.8057227,0.80766493,0.8113696,0.80577993,0.0057091074995696,0.0019422174,0.0018849969,0.0056468844
Classical QLSTM gates,4,11,0.79833597,0.80192524,0.8057227,0.7971635,0.0057091074995696,0.0035892725,0.0047617555,0.007386744
Classical QLSTM gates,4,11,0.795983,0.7943973,0.79833597,0.7992884,0.0057091074995696,0.001585722,0.0048910975,0.002352953
Classical QLSTM gates,4,11,0.7936197,0.7917174,0.795983,0.7948005,0.0057091074995696,0.0019022822,0.0030831099,0.0023633242
Classical QLSTM gates,4,11,0.78890646,0.7890107,0.7936197,0.7873646,0.0057091074995696,0.000104248524,0.0016461015,0.0047132373
Classical QLSTM gates,4,11,0.7840498,0.7840246,0.78890646,0.78333336,0.0057091074995696,2.5212765e-05,0.00069123507,0.004856646
Classical attention circuits,4,4,0.8781462,0.8772567,0.8829227,0.88166666,0.0057091074995696,0.0008894801,0.004409969,0.0047765374
Classical attention circuits,4,4,0.8723824,0.8722221,0.8781462,0.87332374,0.0057091074995696,0.00016027689,0.001101613,0.005763769
Classical attention circuits,4,4,0.87242347,0.8658545,0.8723824,0.87643296,0.0057091074995696,0.0065689683,0.010578454,4.10676e-05
Classical attention circuits,4,4,0.86690855,0.86585677,0.87242347,0.8645134,0.0057091074995696,0.0010517836,0.0013433695,0.0055149198
Classical attention circuits,4,4,0.8603516,0.86045974,0.86690855,0.85882026,0.0057091074995696,0.000108122826,0.0016394854,0.006556928
Classical attention circuits,4,4,0.8554004,0.8556602,0.8603516,0.85634005,0.0057091074995696,0.00025981665,0.0006798506,0.0049512386
Classical attention circuits,4,4,0.85226345,0.8510462,0.8554004,0.85419565,0.0057091074995696,0.001217246,0.0031494498,0.0031369328
Classical attention circuits,4,4,0.84939295,0.84806865,0.85226345,0.8502348,0.0057091074995696,0.001324296,0.002166152,0.0028705
Classical attention circuits,4,4,0.8430241,0.84521544,0.84939295,0.84026927,0.0057091074995696,0.0021913648,0.0049461722,0.0063688755
Classical attention circuits,4,4,0.8392495,0.83888626,0.8430241,0.8402345,0.0057091074995696,0.0003632307,0.0013482571,0.0037745833
Classical attention circuits,4,4,0.8343821,0.8350625,0.8392495,0.834485,0.0057091074995696,0.000680387,0.0005775094,0.004867375
Classical attention circuits,4,4,0.8311625,0.8305728,0.8343821,0.8322948,0.0057091074995696,0.00058972836,0.0017220378,0.0032196045
Classical attention circuits,4,4,0.83146995,0.82701004,0.8311625,0.83432955,0.0057091074995696,0.0044599175,0.00731951,0.00030744076
Classical attention circuits,4,4,0.8312257,0.8274491,0.83146995,0.8319402,0.0057091074995696,0.00377661,0.004491091,0.00024425983
Classical attention circuits,4,4,0.82662797,0.8278274,0.8312257,0.82366824,0.0057091074995696,0.0011994243,0.0041591525,0.0045977235
Classical attention circuits,4,4,0.8193106,0.8227545,0.82662797,0.81606257,0.0057091074995696,0.0034438968,0.0066919327,0.007317364
Classical attention circuits,4,4,0.8160003,0.81559306,0.8193106,0.8181406,0.0057091074995696,0.00040721893,0.0025475621,0.0033103228
Classical attention circuits,4,4,0.8135779,0.81187785,0.8160003,0.81540626,0.0057091074995696,0.0017000437,0.0035284162,0.0024223924
Classical attention circuits,4,4,0.8171035,0.8096498,0.8135779,0.8217398,0.0057091074995696,0.00745368,0.012089968,0.0035256147
Classical attention circuits,4,4,0.8181894,0.812713,0.8171035,0.8178603,0.0057091074995696,0.0054763556,0.0051472783,0.0010858774
Classical attention circuits,4,4,0.8162481,0.8137193,0.8181894,0.81382936,0.0057091074995696,0.0025288463,0.00011008978,0.0019412637
Classical attention circuits,4,4,0.81351554,0.8119248,0.8162481,0.8124174,0.0057091074995696,0.0015907288,0.0004925728,0.002732575
Classical attention circuits,4,4,0.8108896,0.8094346,0.81351554,0.81091505,0.0057091074995696,0.001455009,0.0014804602,0.0026259422
Classical attention circuits,4,11,0.8967675,0.8946859,0.90078664,0.89828104,0.0057091074995696,0.002081573,0.0035951138,0.004019141
Classical attention circuits,4,11,0.8822605,0.8905494,0.8967675,0.8748538,0.0057091074995696,0.00828892,0.015695632,0.014506996
Classical attention circuits,4,11,0.87296396,0.87572813,0.8822605,0.8735511,0.0057091074995696,0.0027641654,0.0021770597,0.009296536
Classical attention circuits,4,11,0.86909604,0.86610246,0.87296396,0.8741989,0.0057091074995696,0.0029935837,0.0080964565,0.0038679242
Classical attention circuits,4,11,0.8648739,0.8635402,0.86909604,0.86663264,0.0057091074995696,0.0013337135,0.0030924678,0.0042221546
Classical attention circuits,4,11,0.8616147,0.85993123,0.8648739,0.86207616,0.0057091074995696,0.0016834736,0.0021449327,0.003259182
Classical attention circuits,4,11,0.8603632,0.85701627,0.8616147,0.86188084,0.0057091074995696,0.00334692,0.0048645735,0.0012515187
Classical attention circuits,4,11,0.8559919,0.855543,0.8603632,0.8551565,0.0057091074995696,0.00044888258,0.00038653612,0.0043712854
Classical attention circuits,4,11,0.8458905,0.85125643,0.8559919,0.84130627,0.0057091074995696,0.005365908,0.009950161,0.010101378
Classical attention circuits,4,11,0.8373931,0.84131885,0.8458905,0.8365026,0.0057091074995696,0.0039257407,0.004816234,0.008497417
Classical attention circuits,4,11,0.8322948,0.8320453,0.8373931,0.8349689,0.0057091074995696,0.00024950504,0.0029236078,0.0050982833
Classical attention circuits,4,11,0.8292321,0.8267687,0.8322948,0.8318545,0.0057091074995696,0.0024634004,0.005085826,0.003062725
Classical attention circuits,4,11,0.82466596,0.8238609,0.8292321,0.8238845,0.0057091074995696,0.00080507994,2.360344e-05,0.004566133
Classical attention circuits,4,11,0.82323825,0.81923944,0.82466596,0.82502633,0.0057091074995696,0.003998816,0.0057868958,0.00142771
Classical attention circuits,4,11,0.8180579,0.81793344,0.82323825,0.816571,0.0057091074995696,0.0001244545,0.001362443,0.005180359
Classical attention circuits,4,11,0.8113696,0.81317115,0.8180579,0.809723,0.0057091074995696,0.0018015504,0.0034481287,0.006688297
Classical attention circuits,4,11,0.8057227,0.8071224,0.8113696,0.80577993,0.0057091074995696,0.0013996959,0.0013424754,0.0056468844
Classical attention circuits,4,11,0.79833597,0.8012333,0.8057227,0.7971635,0.0057091074995696,0.0028973222,0.004069805,0.007386744
Classical attention circuits,4,11,0.795983,0.79395264,0.79833597,0.7992884,0.0057091074995696,0.0020303726,0.005335748,0.002352953
Classical attention circuits,4,11,0.7936197,0.79180473,0.795983,0.7948005,0.0057091074995696,0.0018149614,0.002995789,0.0023633242
Classical attention circuits,4,11,0.78890646,0.7895467,0.7936197,0.7873646,0.0057091074995696,0.0006402731,0.002182126,0.0047132373
Classical attention circuits,4,11,0.7840498,0.78418106,0.78890646,0.78333336,0.0057091074995696,0.00013124943,0.00084769726,0.004856646
Classical VQR circuit,4,4,0.8781462,0.8775945,0.8829227,0.88166666,0.0057091074995696,0.0005517006,0.0040721893,0.0047765374
Classical VQR circuit,4,4,0.8723824,0.87298167,0.8781462,0.87332374,0.0057091074995696,0.0005992651,0.00034207106,0.005763769
Classical VQR circuit,4,4,0.87242347,0.8676386,0.8723824,0.87643296,0.0057091074995696,0.004784882,0.008794367,4.10676e-05
Classical VQR circuit,4,4,0.86690855,0.8667514,0.87242347,0.8645134,0.0057091074995696,0.00015717745,0.0022379756,0.0055149198
Classical VQR circuit,4,4,0.8603516,0.86016196,0.86690855,0.85882026,0.0057091074995696,0.00018966198,0.0013417006,0.006556928
Classical VQR circuit,4,4,0.8554004,0.8567935,0.8603516,0.85634005,0.0057091074995696,0.0013931394,0.00045347214,0.0049512386
Classical VQR circuit,4,4,0.85226345,0.8514038,0.8554004,0.85419565,0.0057091074995696,0.0008596778,0.0027918816,0.0031369328
Classical VQR circuit,4,4,0.84939295,0.84873,0.85226345,0.8502348,0.0057091074995696,0.00066292286,0.0015047789,0.0028705
Classical VQR circuit,4,4,0.8430241,0.84534824,0.84939295,0.84026927,0.0057091074995696,0.002324164,0.0050789714,0.0063688755
Classical VQR circuit,4,4,0.8392495,0.83899605,0.8430241,0.8402345,0.0057091074995696,0.00025343895,0.0012384653,0.0037745833
Classical VQR circuit,4,4,0.8343821,0.8347863,0.8392495,0.834485,0.0057091074995696,0.0004041791,0.00030130148,0.004867375
Classical VQR circuit,4,4,0.8311625,0.83094406,0.8343821,0.8322948,0.0057091074995696,0.00021845102,0.0013507605,0.0032196045
Classical VQR circuit,4,4,0.83146995,0.8268765,0.8311625,0.83432955,0.0057091074995696,0.004593432,0.0074530244,0.00030744076
Classical VQR circuit,4,4,0.8312257,0.82767475,0.83146995,0.8319402,0.0057091074995696,0.0035509467,0.0042654276,0.00024425983
Classical VQR circuit,4,4,0.82662797,0.82779765,0.8312257,0.82366824,0.0057091074995696,0.0011696815,0.00412941,0.0045977235
Classical VQR circuit,4,4,0.8193106,0.82235056,0.82662797,0.81606257,0.0057091074995696,0.003039956,0.006287992,0.007317364
Classical VQR circuit,4,4,0.8160003,0.8156394,0.8193106,0.8181406,0.0057091074995696,0.00036090612,0.0025012493,0.0033103228
Classical VQR circuit,4,4,0.8135779,0.8115138,0.8160003,0.81540626,0.0057091074995696,0.0020641088,0.0038924813,0.0024223924
Classical VQR circuit,4,4,0.8171035,0.8101584,0.8135779,0.8217398,0.0057091074995696,0.006945133,0.011581421,0.0035256147
Classical VQR circuit,4,4,0.8181894,0.81222737,0.8171035,0.8178603,0.0057091074995696,0.005962014,0.005632937,0.0010858774
Classical VQR circuit,4,4,0.8162481,0.8137179,0.8181894,0.81382936,0.0057091074995696,0.0025302172,0.000111460686,0.0019412637
Classical VQR circuit,4,4,0.81351554,0.8117143,0.8162481,0.8124174,0.0057091074995696,0.0018012524,0.0007030964,0.002732575
Classical VQR circuit,4,4,0.8108896,0.8099018,0.81351554,0.81091505,0.0057091074995696,0.0009878278,0.001013279,0.0026259422
Classical VQR circuit,4,11,0.8967675,0.89585394,0.90078664,0.89828104,0.0057091074995696,0.0009135604,0.0024271011,0.004019141
Classical VQR circuit,4,11,0.8822605,0.892286,0.8967675,0.8748538,0.0057091074995696,0.010025501,0.017432213,0.014506996
Classical VQR circuit,4,11,0.87296396,0.8774538,0.8822605,0.8735511,0.0057091074995696,0.004489839,0.0039027333,0.009296536
Classical VQR circuit,4,11,0.86909604,0.86701643,0.87296396,0.8741989,0.0057091074995696,0.002079606,0.007182479,0.0038679242
Classical VQR circuit,4,11,0.8648739,0.8654193,0.86909604,0.86663264,0.0057091074995696,0.0005454421,0.0012133121,0.0042221546
Classical VQR circuit,4,11,0.8616147,0.8610272,0.8648739,0.86207616,0.0057091074995696,0.000587523,0.0010489821,0.003259182
Classical VQR circuit,4,11,0.8603632,0.8577299,0.8616147,0.86188084,0.0057091074995696,0.0026332736,0.004150927,0.0012515187
Classical VQR circuit,4,11,0.8559919,0.85610324,0.8603632,0.8551565,0.0057091074995696,0.00011134148,0.0009467602,0.0043712854
Classical VQR circuit,4,11,0.8458905,0.85185444,0.8559919,0.84130627,0.0057091074995696,0.0059639215,0.010548174,0.010101378
Classical VQR circuit,4,11,0.8373931,0.8421496,0.8458905,0.8365026,0.0057091074995696,0.0047565103,0.0056470037,0.008497417
Classical VQR circuit,4,11,0.8322948,0.83201313,0.8373931,0.8349689,0.0057091074995696,0.00028169155,0.0029557943,0.0050982833
Classical VQR circuit,4,11,0.8292321,0.82761043,0.8322948,0.8318545,0.0057091074995696,0.0016216636,0.004244089,0.003062725
Classical VQR circuit,4,11,0.82466596,0.8251272,0.8292321,0.8238845,0.0057091074995696,0.00046122074,0.0012426972,0.004566133
Classical VQR circuit,4,11,0.82323825,0.819828,0.82466596,0.82502633,0.0057091074995696,0.0034102798,0.0051983595,0.00142771
Classical VQR circuit,4,11,0.8180579,0.8186164,0.82323825,0.816571,0.0057091074995696,0.0005584955,0.002045393,0.005180359
Classical VQR circuit,4,11,0.8113696,0.8132948,0.8180579,0.809723,0.0057091074995696,0.00192523,0.0035718083,0.006688297
Classical VQR circuit,4,11,0.8057227,0.8075693,0.8113696,0.80577993,0.0057091074995696,0.0018466115,0.001789391,0.0056468844
Classical VQR circuit,4,11,0.79833597,0.8013086,0.8057227,0.7971635,0.0057091074995696,0.0029726028,0.004145086,0.007386744
Classical VQR circuit,4,11,0.795983,0.79432666,0.79833597,0.7992884,0.0057091074995696,0.0016563535,0.004961729,0.002352953
Classical VQR circuit,4,11,0.7936197,0.79215395,0.795983,0.7948005,0.0057091074995696,0.0014657378,0.0026465654,0.0023633242
Classical VQR circuit,4,11,0.78890646,0.7902163,0.7936197,0.7873646,0.0057091074995696,0.0013098717,0.0028517246,0.0047132373
Classical VQR circuit,4,11,0.7840498,0.784952,0.78890646,0.78333336,0.0057091074995696,0.0009021759,0.0016186237,0.004856646
All circuits classical,4,4,0.8781462,0.8756178,0.8829227,0.88166666,0.0057091074995696,0.0025283694,0.006048858,0.0047765374
All circuits classical,4,4,0.8723824,0.871256,0.8781462,0.87332374,0.0057091074995696,0.0011264086,0.0020677447,0.005763769
All circuits classical,4,4,0.87242347,0.86584145,0.8723824,0.87643296,0.0057091074995696,0.0065820217,0.010591507,4.10676e-05
All circuits classical,4,4,0.86690855,0.8674777,0.87242347,0.8645134,0.0057091074995696,0.00056916475,0.0029643178,0.0055149198
All circuits classical,4,4,0.8603516,0.8630688,0.86690855,0.85882026,0.0057091074995696,0.002717197,0.0042485595,0.006556928
All circuits classical,4,4,0.8554004,0.8582522,0.8603516,0.85634005,0.0057091074995696,0.0028518438,0.0019121766,0.0049512386
All circuits classical,4,4,0.85226345,0.85286856,0.8554004,0.85419565,0.0057091074995696,0.00060510635,0.0013270974,0.0031369328
All circuits classical,4,4,0.84939295,0.84882164,0.85226345,0.8502348,0.0057091074995696,0.0005713105,0.0014131665,0.0028705
All circuits classical,4,4,0.8430241,0.8452014,0.84939295,0.84026927,0.0057091074995696,0.002177298,0.0049321055,0.0063688755
All circuits classical,4,4,0.8392495,0.83836466,0.8430241,0.8402345,0.0057091074995696,0.00088483095,0.0018698573,0.0037745833
All circuits classical,4,4,0.8343821,0.8343082,0.8392495,0.834485,0.0057091074995696,7.390976e-05,0.00017678738,0.004867375
All circuits classical,4,4,0.8311625,0.8292626,0.8343821,0.8322948,0.0057091074995696,0.001899898,0.0030322075,0.0032196045
All circuits classical,4,4,0.83146995,0.8258674,0.8311625,0.83432955,0.0057091074995696,0.0056025386,0.008462131,0.00030744076
All circuits classical,4,4,0.8312257,0.8264663,0.83146995,0.8319402,0.0057091074995696,0.0047593713,0.005473852,0.00024425983
All circuits classical,4,4,0.82662797,0.82692814,0.8312257,0.82366824,0.0057091074995696,0.000300169,0.0032598972,0.0045977235
All circuits classical,4,4,0.8193106,0.8233161,0.82662797,0.81606257,0.0057091074995696,0.0040054917,0.0072535276,0.007317364
All circuits classical,4,4,0.8160003,0.81573164,0.8193106,0.8181406,0.0057091074995696,0.00026863813,0.0024089813,0.0033103228
All circuits classical,4,4,0.8135779,0.812934,0.8160003,0.81540626,0.0057091074995696,0.000643909,0.0024722815,0.0024223924
All circuits classical,4,4,0.8171035,0.80941325,0.8135779,0.8217398,0.0057091074995696,0.007690251,0.012326539,0.0035256147
All circuits classical,4,4,0.8181894,0.81386393,0.8171035,0.8178603,0.0057091074995696,0.0043254495,0.003996372,0.0010858774
All circuits classical,4,4,0.8162481,0.8144072,0.8181894,0.81382936,0.0057091074995696,0.0018408895,0.00057786703,0.0019412637
All circuits classical,4,4,0.81351554,0.8124653,0.8162481,0.8124174,0.0057091074995696,0.0010502338,4.7922134e-05,0.002732575
All circuits classical,4,4,0.8108896,0.80853796,0.81351554,0.81091505,0.0057091074995696,0.0023516417,0.0023770928,0.0026259422
All circuits classical,4,11,0.8967675,0.8925938,0.90078664,0.89828104,0.0057091074995696,0.004173696,0.005687237,0.004019141
All circuits classical,4,11,0.8822605,0.88803047,0.8967675,0.8748538,0.0057091074995696,0.005769968,0.01317668,0.014506996
All circuits classical,4,11,0.87296396,0.87434775,0.8822605,0.8735511,0.0057091074995696,0.0013837814,0.0007966757,0.009296536
All circuits classical,4,11,0.86909604,0.86647445,0.87296396,0.8741989,0.0057091074995696,0.002621591,0.007724464,0.0038679242
All circuits classical,4,11,0.8648739,0.86459196,0.86909604,0.86663264,0.0057091074995696,0.00028192997,0.0020406842,0.0042221546
All circuits classical,4,11,0.8616147,0.8619792,0.8648739,0.86207616,0.0057091074995696,0.0003644824,9.697676e-05,0.003259182
All circuits classical,4,11,0.8603632,0.8581258,0.8616147,0.86188084,0.0057091074995696,0.0022373796,0.003755033,0.0012515187
All circuits classical,4,11,0.8559919,0.8561654,0.8603632,0.8551565,0.0057091074995696,0.00017350912,0.0010089278,0.0043712854
All circuits classical,4,11,0.8458905,0.8512875,0.8559919,0.84130627,0.0057091074995696,0.005396962,0.009981215,0.010101378
All circuits classical,4,11,0.8373931,0.84057075,0.8458905,0.8365026,0.0057091074995696,0.0031776428,0.004068136,0.008497417
All circuits classical,4,11,0.8322948,0.8330811,0.8373931,0.8349689,0.0057091074995696,0.0007863045,0.0018877983,0.0050982833
All circuits classical,4,11,0.8292321,0.8272492,0.8322948,0.8318545,0.0057091074995696,0.0019828677,0.0046052933,0.003062725
All circuits classical,4,11,0.82466596,0.8245576,0.8292321,0.8238845,0.0057091074995696,0.000108361244,0.00067311525,0.004566133
All circuits classical,4,11,0.82323825,0.8213408,0.82466596,0.82502633,0.0057091074995696,0.0018974543,0.003685534,0.00142771
All circuits classical,4,11,0.8180579,0.82013255,0.82323825,0.816571,0.0057091074995696,0.0020746589,0.0035615563,0.005180359
All circuits classical,4,11,0.8113696,0.81495535,0.8180579,0.809723,0.0057091074995696,0.0035857558,0.005232334,0.006688297
All circuits classical,4,11,0.8057227,0.8080576,0.8113696,0.80577993,0.0057091074995696,0.0023348927,0.0022776723,0.0056468844
All circuits classical,4,11,0.79833597,0.80212754,0.8057227,0.7971635,0.0057091074995696,0.0037915707,0.0049640536,0.007386744
All circuits classical,4,11,0.795983,0.7946194,0.79833597,0.7992884,0.0057091074995696,0.0013636351,0.0046690106,0.002352953
All circuits classical,4,11,0.7936197,0.7915638,0.795983,0.7948005,0.0057091074995696,0.0020558834,0.003236711,0.0023633242
All circuits classical,4,11,0.78890646,0.78901,0.7936197,0.7873646,0.0057091074995696,0.00010353327,0.0016453862,0.0047132373
All circuits classical,4,11,0.7840498,0.78350484,0.78890646,0.78333336,0.0057091074995696,0.00054496527,0.00017148256,0.004856646
Persistence,5,2,0.88198084,0.89649385,0.89649385,0.8752713,0.0055132256820797,0.014513016,0.021222532,0.014513016
Persistence,5,2,0.87172556,0.88198084,0.88198084,0.87212044,0.0055132256820797,0.010255277,0.009860396,0.010255277
Persistence,5,2,0.86715025,0.87172556,0.87172556,0.87182397,0.0055132256820797,0.004575312,9.840727e-05,0.004575312
Persistence,5,2,0.8670523,0.86715025,0.86715025,0.8723264,0.0055132256820797,9.793043e-05,0.005176127,9.793043e-05
Persistence,5,2,0.8654877,0.8670523,0.8670523,0.8657995,0.0055132256820797,0.0015646219,0.00125283,0.0015646219
Persistence,5,2,0.8620998,0.8654877,0.8654877,0.86035806,0.0055132256820797,0.0033878684,0.0051296353,0.0033878684
Persistence,5,2,0.860077,0.8620998,0.8620998,0.8612825,0.0055132256820797,0.0020228028,0.0008172989,0.0020228028
Persistence,5,2,0.85320187,0.860077,0.860077,0.85068226,0.0055132256820797,0.0068751574,0.009394765,0.0068751574
Persistence,5,2,0.8461148,0.85320187,0.85320187,0.84458315,0.0055132256820797,0.007087052,0.008618712,0.007087052
Persistence,5,2,0.84197843,0.8461148,0.8461148,0.8434805,0.0055132256820797,0.0041363835,0.0026342869,0.0041363835
Persistence,5,2,0.8389886,0.84197843,0.84197843,0.8406782,0.0055132256820797,0.0029898286,0.0013002157,0.0029898286
Persistence,5,2,0.8298751,0.8389886,0.8389886,0.8257304,0.0055132256820797,0.009113491,0.013258219,0.009113491
Persistence,5,2,0.8178124,0.8298751,0.8298751,0.81345356,0.0055132256820797,0.012062728,0.016421556,0.012062728
Persistence,5,2,0.8125281,0.8178124,0.8178124,0.8163983,0.0055132256820797,0.0052843094,0.0014140606,0.0052843094
Persistence,5,2,0.80962837,0.8125281,0.8125281,0.81351084,0.0055132256820797,0.0028997064,0.0009827614,0.0028997064
Persistence,5,2,0.8125255,0.80962837,0.80962837,0.8176731,0.0055132256820797,0.0028971434,0.00804472,0.0028971434
Persistence,5,2,0.81089014,0.8125255,0.8125255,0.8088941,0.0055132256820797,0.0016353726,0.003631413,0.0016353726
Persistence,5,2,0.80638695,0.81089014,0.81089014,0.8036141,0.0055132256820797,0.0045031905,0.007276058,0.0045031905
Persistence,5,2,0.802703,0.80638695,0.80638695,0.8030973,0.0055132256820797,0.0036839247,0.00328964,0.0036839247
Persistence,5,2,0.8002414,0.802703,0.802703,0.80167353,0.0055132256820797,0.0024616122,0.0010294914,0.0024616122
Persistence,5,2,0.7962754,0.8002414,0.8002414,0.7954083,0.0055132256820797,0.0039660335,0.004833102,0.0039660335
Persistence,5,2,0.79244745,0.7962754,0.7962754,0.7916841,0.0055132256820797,0.0038279295,0.004591286,0.0038279295
Persistence,5,2,0.7893605,0.79244745,0.79244745,0.7898369,0.0055132256820797,0.0030869246,0.0026105642,0.0030869246
Persistence,5,18,0.8602412,0.86538845,0.86538845,0.86617476,0.0055132256820797,0.0051472783,0.0007863045,0.0051472783
Persistence,5,18,0.8547906,0.8602412,0.8602412,0.8572052,0.0055132256820797,0.0054505467,0.0030359626,0.0054505467
Persistence,5,18,0.8503286,0.8547906,0.8547906,0.85067445,0.0055132256820797,0.0044620037,0.0041161776,0.0044620037
Persistence,5,18,0.8481276,0.8503286,0.8503286,0.8502848,0.0055132256820797,0.0022010207,4.3809414e-05,0.0022010207
Persistence,5,18,0.8426855,0.8481276,0.8481276,0.8421969,0.0055132256820797,0.005442083,0.0059307218,0.005442083
Persistence,5,18,0.8442718,0.8426855,0.8426855,0.8492865,0.0055132256820797,0.0015862584,0.006600976,0.0015862584
Persistence,5,18,0.84443516,0.8442718,0.8442718,0.8452745,0.0055132256820797,0.00016337633,0.0010027289,0.00016337633
Persistence,5,18,0.84160876,0.84443516,0.84443516,0.8395689,0.0055132256820797,0.0028263927,0.0048662424,0.0028263927
Persistence,5,18,0.83503157,0.84160876,0.84160876,0.8315261,0.0055132256820797,0.0065771937,0.010082662,0.0065771937
Persistence,5,18,0.82699,0.83503157,0.83503157,0.8248416,0.0055132256820797,0.008041561,0.0101899505,0.008041561
Persistence,5,18,0.8176627,0.82699,0.82699,0.8162286,0.0055132256820797,0.009327292,0.01076138,0.009327292
Persistence,5,18,0.8105405,0.8176627,0.8176627,0.81128544,0.0055132256820797,0.0071222186,0.0063772798,0.0071222186
Persistence,5,18,0.81091374,0.8105405,0.8105405,0.8165611,0.0055132256820797,0.0003732443,0.0060206056,0.0003732443
Persistence,5,18,0.80017036,0.81091374,0.81091374,0.7939301,0.0055132256820797,0.01074338,0.016983628,0.01074338
Persistence,5,18,0.7893346,0.80017036,0.80017036,0.78623885,0.0055132256820797,0.010835767,0.013931513,0.010835767
Persistence,5,18,0.78920835,0.7893346,0.7893346,0.79670143,0.0055132256820797,0.00012624264,0.007366836,0.00012624264
Persistence,5,18,0.7873986,0.78920835,0.78920835,0.78979886,0.0055132256820797,0.0018097758,0.0005905032,0.0018097758
Persistence,5,18,0.78892237,0.7873986,0.7873986,0.7913971,0.0055132256820797,0.0015237927,0.003998518,0.0015237927
Persistence,5,18,0.7872681,0.78892237,0.78892237,0.78523386,0.0055132256820797,0.0016542673,0.0036885142,0.0016542673
Persistence,5,18,0.7767956,0.7872681,0.7872681,0.7701117,0.0055132256820797,0.0104724765,0.017156422,0.0104724765
Persistence,5,18,0.76847684,0.7767956,0.7767956,0.7681226,0.0055132256820797,0.008318782,0.008673012,0.008318782
Persistence,5,18,0.76000047,0.76847684,0.76847684,0.75985795,0.0055132256820797,0.0084763765,0.008618891,0.0084763765
Persistence,5,18,0.75315213,0.76000047,0.76000047,0.7539911,0.0055132256820797,0.0068483353,0.0060093403,0.0068483353
Full model,5,2,0.88198084,0.8881917,0.89649385,0.8752713,0.0055132256820797,0.0062108636,0.01292038,0.014513016
Full model,5,2,0.87172556,0.876505,0.88198084,0.87212044,0.0055132256820797,0.004779458,0.0043845773,0.010255277
Full model,5,2,0.86715025,0.867461,0.87172556,0.87182397,0.0055132256820797,0.00031077862,0.004362941,0.004575312
Full model,5,2,0.8670523,0.86086756,0.86715025,0.8723264,0.0055132256820797,0.0061847568,0.011458814,9.793043e-05
Full model,5,2,0.8654877,0.86171174,0.8670523,0.8657995,0.0055132256820797,0.0037759542,0.004087746,0.0015646219
Full model,5,2,0.8620998,0.86290395,0.8654877,0.86035806,0.0055132256820797,0.00080412626,0.0025458932,0.0033878684
Full model,5,2,0.860077,0.8585651,0.8620998,0.8612825,0.0055132256820797,0.0015119314,0.0027174354,0.0020228028
Full model,5,2,0.85320187,0.85625756,0.860077,0.85068226,0.0055132256820797,0.0030556917,0.0055752993,0.0068751574
Full model,5,2,0.8461148,0.8479594,0.85320187,0.84458315,0.0055132256820797,0.001844585,0.0033762455,0.007087052
Full model,5,2,0.84197843,0.839859,0.8461148,0.8434805,0.0055132256820797,0.002119422,0.0036215186,0.0041363835
Full model,5,2,0.8389886,0.8360782,0.84197843,0.8406782,0.0055132256820797,0.0029103756,0.0045999885,0.0029898286
Full model,5,2,0.8298751,0.8342071,0.8389886,0.8257304,0.0055132256820797,0.004332006,0.008476734,0.009113491
Full model,5,2,0.8178124,0.82528263,0.8298751,0.81345356,0.0055132256820797,0.00747025,0.011829078,0.012062728
Full model,5,2,0.8125281,0.81331146,0.8178124,0.8163983,0.0055132256820797,0.00078338385,0.003086865,0.0052843094
Full model,5,2,0.80962837,0.80918,0.8125281,0.81351084,0.0055132256820797,0.00044834614,0.004330814,0.0028997064
Full model,5,2,0.8125255,0.80665004,0.80962837,0.8176731,0.0055132256820797,0.0058754683,0.011023045,0.0028971434
Full model,5,2,0.81089014,0.8096164,0.8125255,0.8088941,0.0055132256820797,0.0012737513,0.0007222891,0.0016353726
Full model,5,2,0.80638695,0.8076429,0.81089014,0.8036141,0.0055132256820797,0.0012559295,0.004028797,0.0045031905
Full model,5,2,0.802703,0.80275536,0.80638695,0.8030973,0.0055132256820797,5.2332878e-05,0.00034195185,0.0036839247
Full model,5,2,0.8002414,0.79882544,0.802703,0.80167353,0.0055132256820797,0.0014159679,0.0028480887,0.0024616122
Full model,5,2,0.7962754,0.7965197,0.8002414,0.7954083,0.0055132256820797,0.00024431944,0.0011113882,0.0039660335
Full model,5,2,0.79244745,0.7923022,0.7962754,0.7916841,0.0055132256820797,0.00014525652,0.00061810017,0.0038279295
Full model,5,2,0.7893605,0.78884226,0.79244745,0.7898369,0.0055132256820797,0.0005182624,0.0009946227,0.0030869246
Full model,5,18,0.8602412,0.8602985,0.86538845,0.86617476,0.0055132256820797,5.733967e-05,0.005876243,0.0051472783
Full model,5,18,0.8547906,0.85590595,0.8602412,0.8572052,0.0055132256820797,0.0011153221,0.001299262,0.0054505467
Full model,5,18,0.8503286,0.8506345,0.8547906,0.85067445,0.0055132256820797,0.00030589104,3.9935112e-05,0.0044620037
Full model,5,18,0.8481276,0.8471603,0.8503286,0.8502848,0.0055132256820797,0.0009673238,0.003124535,0.0022010207
Full model,5,18,0.8426855,0.8450412,0.8481276,0.8421969,0.0055132256820797,0.0023556948,0.0028443336,0.005442083
Full model,5,18,0.8442718,0.83983105,0.8426855,0.8492865,0.0055132256820797,0.004440725,0.009455442,0.0015862584
Full model,5,18,0.84443516,0.8404367,0.8442718,0.8452745,0.0055132256820797,0.0039984584,0.004837811,0.00016337633
Full model,5,18,0.84160876,0.84020334,0.84443516,0.8395689,0.0055132256820797,0.0014054179,0.00063443184,0.0028263927
Full model,5,18,0.83503157,0.8364347,0.84160876,0.8315261,0.0055132256820797,0.001403153,0.0049086213,0.0065771937
Full model,5,18,0.82699,0.8301259,0.83503157,0.8248416,0.0055132256820797,0.0031359196,0.0052843094,0.008041561
Full model,5,18,0.8176627,0.8217831,0.82699,0.8162286,0.0055132256820797,0.0041204095,0.0055544972,0.009327292
Full model,5,18,0.8105405,0.8128469,0.8176627,0.81128544,0.0055132256820797,0.0023064017,0.0015614629,0.0071222186
Full model,5,18,0.81091374,0.8064074,0.8105405,0.8165611,0.0055132256820797,0.0045063496,0.010153711,0.0003732443
Full model,5,18,0.80017036,0.80731535,0.81091374,0.7939301,0.0055132256820797,0.0071449876,0.013385236,0.01074338
Full model,5,18,0.7893346,0.79744303,0.80017036,0.78623885,0.0055132256820797,0.008108437,0.011204183,0.010835767
Full model,5,18,0.78920835,0.7865528,0.7893346,0.79670143,0.0055132256820797,0.0026555657,0.010148644,0.00012624264
Full model,5,18,0.7873986,0.7866263,0.78920835,0.78979886,0.0055132256820797,0.0007722974,0.0031725764,0.0018097758
Full model,5,18,0.78892237,0.7843736,0.7873986,0.7913971,0.0055132256820797,0.004548788,0.0070235133,0.0015237927
Full model,5,18,0.7872681,0.7853303,0.78892237,0.78523386,0.0055132256820797,0.0019378066,9.6440315e-05,0.0016542673
Full model,5,18,0.7767956,0.78404087,0.7872681,0.7701117,0.0055132256820797,0.0072452426,0.013929188,0.0104724765
Full model,5,18,0.76847684,0.773533,0.7767956,0.7681226,0.0055132256820797,0.005056143,0.005410373,0.008318782
Full model,5,18,0.76000047,0.7648112,0.76847684,0.75985795,0.0055132256820797,0.0048107505,0.004953265,0.0084763765
Full model,5,18,0.75315213,0.75643164,0.76000047,0.7539911,0.0055132256820797,0.0032795072,0.0024405122,0.0068483353
Without quantum attention,5,2,0.88198084,0.8889592,0.89649385,0.8752713,0.0055132256820797,0.0069783926,0.013687909,0.014513016
Without quantum attention,5,2,0.87172556,0.8764356,0.88198084,0.87212044,0.0055132256820797,0.0047100186,0.004315138,0.010255277
Without quantum attention,5,2,0.86715025,0.86793685,0.87172556,0.87182397,0.0055132256820797,0.0007866025,0.003887117,0.004575312
Without quantum attention,5,2,0.8670523,0.861307,0.86715025,0.8723264,0.0055132256820797,0.0057452917,0.011019349,9.793043e-05
Without quantum attention,5,2,0.8654877,0.8599515,0.8670523,0.8657995,0.0055132256820797,0.0055361986,0.0058479905,0.0015646219
Without quantum attention,5,2,0.8620998,0.8610433,0.8654877,0.86035806,0.0055132256820797,0.0010565519,0.000685215,0.0033878684
Without quantum attention,5,2,0.860077,0.85807073,0.8620998,0.8612825,0.0055132256820797,0.0020062923,0.0032117963,0.0020228028
Without quantum attention,5,2,0.85320187,0.8563419,0.860077,0.85068226,0.0055132256820797,0.0031400323,0.00565964,0.0068751574
Without quantum attention,5,2,0.8461148,0.848268,0.85320187,0.84458315,0.0055132256820797,0.0021531582,0.0036848187,0.007087052
Without quantum attention,5,2,0.84197843,0.8399878,0.8461148,0.8434805,0.0055132256820797,0.0019906163,0.003492713,0.0041363835
Without quantum attention,5,2,0.8389886,0.8369446,0.84197843,0.8406782,0.0055132256820797,0.002044022,0.003733635,0.0029898286
Without quantum attention,5,2,0.8298751,0.8346664,0.8389886,0.8257304,0.0055132256820797,0.0047912598,0.008935988,0.009113491
Without quantum attention,5,2,0.8178124,0.8251432,0.8298751,0.81345356,0.0055132256820797,0.007330835,0.011689663,0.012062728
Without quantum attention,5,2,0.8125281,0.8128404,0.8178124,0.8163983,0.0055132256820797,0.00031232834,0.0035579205,0.0052843094
Without quantum attention,5,2,0.80962837,0.80885243,0.8125281,0.81351084,0.0055132256820797,0.00077593327,0.004658401,0.0028997064
Without quantum attention,5,2,0.8125255,0.80569106,0.80962837,0.8176731,0.0055132256820797,0.0068344474,0.011982024,0.0028971434
Without quantum attention,5,2,0.81089014,0.8085193,0.8125255,0.8088941,0.0055132256820797,0.0023708344,0.000374794,0.0016353726
Without quantum attention,5,2,0.80638695,0.80639553,0.81089014,0.8036141,0.0055132256820797,8.583069e-06,0.0027814507,0.0045031905
Without quantum attention,5,2,0.802703,0.8026686,0.80638695,0.8030973,0.0055132256820797,3.4451485e-05,0.0004287362,0.0036839247
Without quantum attention,5,2,0.8002414,0.79794,0.802703,0.80167353,0.0055132256820797,0.002301395,0.0037335157,0.0024616122
Without quantum attention,5,2,0.7962754,0.79610467,0.8002414,0.7954083,0.0055132256820797,0.0001707077,0.00069636106,0.0039660335
Without quantum attention,5,2,0.79244745,0.79153967,0.7962754,0.7916841,0.0055132256820797,0.00090777874,0.00014442205,0.0038279295
Without quantum attention,5,2,0.7893605,0.78772503,0.79244745,0.7898369,0.0055132256820797,0.0016354918,0.0021118522,0.0030869246
Without quantum attention,5,18,0.8602412,0.8587495,0.86538845,0.86617476,0.0055132256820797,0.0014916658,0.0074252486,0.0051472783
Without quantum attention,5,18,0.8547906,0.85468346,0.8602412,0.8572052,0.0055132256820797,0.00010716915,0.0025217533,0.0054505467
Without quantum attention,5,18,0.8503286,0.8497861,0.8547906,0.85067445,0.0055132256820797,0.0005425215,0.0008883476,0.0044620037
Without quantum attention,5,18,0.8481276,0.8449533,0.8503286,0.8502848,0.0055132256820797,0.003174305,0.0053315163,0.0022010207
Without quantum attention,5,18,0.8426855,0.84199125,0.8481276,0.8421969,0.0055132256820797,0.0006942749,0.00020563602,0.005442083
Without quantum attention,5,18,0.8442718,0.8386479,0.8426855,0.8492865,0.0055132256820797,0.005623877,0.010638595,0.0015862584
Without quantum attention,5,18,0.84443516,0.84037113,0.8442718,0.8452745,0.0055132256820797,0.0040640235,0.004903376,0.00016337633
Without quantum attention,5,18,0.84160876,0.8401779,0.84443516,0.8395689,0.0055132256820797,0.0014308691,0.00060898066,0.0028263927
Without quantum attention,5,18,0.83503157,0.83726877,0.84160876,0.8315261,0.0055132256820797,0.0022372007,0.005742669,0.0065771937
Without quantum attention,5,18,0.82699,0.8308439,0.83503157,0.8248416,0.0055132256820797,0.0038539171,0.006002307,0.008041561
Without quantum attention,5,18,0.8176627,0.82296157,0.82699,0.8162286,0.0055132256820797,0.005298853,0.0067329407,0.009327292
Without quantum attention,5,18,0.8105405,0.81281066,0.8176627,0.81128544,0.0055132256820797,0.002270162,0.0015252233,0.0071222186
Without quantum attention,5,18,0.81091374,0.80557317,0.8105405,0.8165611,0.0055132256820797,0.005340576,0.010987937,0.0003732443
Without quantum attention,5,18,0.80017036,0.806427,0.81091374,0.7939301,0.0055132256820797,0.00625664,0.012496889,0.01074338
Without quantum attention,5,18,0.7893346,0.7965949,0.80017036,0.78623885,0.0055132256820797,0.0072603226,0.010356069,0.010835767
Without quantum attention,5,18,0.78920835,0.785922,0.7893346,0.79670143,0.0055132256820797,0.0032863617,0.01077944,0.00012624264
Without quantum attention,5,18,0.7873986,0.7844218,0.78920835,0.78979886,0.0055132256820797,0.0029767752,0.005377054,0.0018097758
Without quantum attention,5,18,0.78892237,0.7835242,0.7873986,0.7913971,0.0055132256820797,0.0053981543,0.0078728795,0.0015237927
Without quantum attention,5,18,0.7872681,0.7836731,0.78892237,0.78523386,0.0055132256820797,0.0035949945,0.0015607476,0.0016542673
Without quantum attention,5,18,0.7767956,0.7834191,0.7872681,0.7701117,0.0055132256820797,0.006623447,0.013307393,0.0104724765
Without quantum attention,5,18,0.76847684,0.77283895,0.7767956,0.7681226,0.0055132256820797,0.0043621063,0.0047163367,0.008318782
Without quantum attention,5,18,0.76000047,0.7639756,0.76847684,0.75985795,0.0055132256820797,0.003975153,0.0041176677,0.0084763765
Without quantum attention,5,18,0.75315213,0.7558736,0.76000047,0.7539911,0.0055132256820797,0.0027214885,0.0018824935,0.0068483353
Without VQR,5,2,0.88198084,0.88793564,0.89649385,0.8752713,0.0055132256820797,0.005954802,0.012664318,0.014513016
Without VQR,5,2,0.87172556,0.8751292,0.88198084,0.87212044,0.0055132256820797,0.0034036636,0.0030087829,0.010255277
Without VQR,5,2,0.86715025,0.8660594,0.87172556,0.87182397,0.0055132256820797,0.0010908246,0.005764544,0.004575312
Without VQR,5,2,0.8670523,0.86088437,0.86715025,0.8723264,0.0055132256820797,0.0061679482,0.011442006,9.793043e-05
Without VQR,5,2,0.8654877,0.861919,0.8670523,0.8657995,0.0055132256820797,0.003568709,0.0038805008,0.0015646219
Without VQR,5,2,0.8620998,0.862243,0.8654877,0.86035806,0.0055132256820797,0.00014317036,0.0018849373,0.0033878684
Without VQR,5,2,0.860077,0.8581655,0.8620998,0.8612825,0.0055132256820797,0.001911521,0.003117025,0.0020228028
Without VQR,5,2,0.85320187,0.85524416,0.860077,0.85068226,0.0055132256820797,0.0020422935,0.004561901,0.0068751574
Without VQR,5,2,0.8461148,0.84752697,0.85320187,0.84458315,0.0055132256820797,0.0014121532,0.0029438138,0.007087052
Without VQR,5,2,0.84197843,0.83966595,0.8461148,0.8434805,0.0055132256820797,0.0023124814,0.003814578,0.0041363835
Without VQR,5,2,0.8389886,0.83541685,0.84197843,0.8406782,0.0055132256820797,0.0035717487,0.0052613616,0.0029898286
Without VQR,5,2,0.8298751,0.83302814,0.8389886,0.8257304,0.0055132256820797,0.003153026,0.0072977543,0.009113491
Without VQR,5,2,0.8178124,0.8245812,0.8298751,0.81345356,0.0055132256820797,0.0067688227,0.011127651,0.012062728
Without VQR,5,2,0.8125281,0.8131506,0.8178124,0.8163983,0.0055132256820797,0.0006225109,0.003247738,0.0052843094
Without VQR,5,2,0.80962837,0.80897474,0.8125281,0.81351084,0.0055132256820797,0.00065362453,0.0045360923,0.0028997064
Without VQR,5,2,0.8125255,0.8065143,0.80962837,0.8176731,0.0055132256820797,0.006011188,0.011158764,0.0028971434
Without VQR,5,2,0.81089014,0.8094664,0.8125255,0.8088941,0.0055132256820797,0.0014237165,0.0005723238,0.0016353726
Without VQR,5,2,0.80638695,0.80759484,0.81089014,0.8036141,0.0055132256820797,0.0012078881,0.003980756,0.0045031905
Without VQR,5,2,0.802703,0.8025932,0.80638695,0.8030973,0.0055132256820797,0.00010985136,0.0005041361,0.0036839247
Without VQR,5,2,0.8002414,0.7986881,0.802703,0.80167353,0.0055132256820797,0.001553297,0.0029854178,0.0024616122
Without VQR,5,2,0.7962754,0.7960325,0.8002414,0.7954083,0.0055132256820797,0.00024288893,0.00062417984,0.0039660335
Without VQR,5,2,0.79244745,0.7919787,0.7962754,0.7916841,0.0055132256820797,0.00046873093,0.00029462576,0.0038279295
Without VQR,5,2,0.7893605,0.7881853,0.79244745,0.7898369,0.0055132256820797,0.0011752248,0.0016515851,0.0030869246
Without VQR,5,18,0.8602412,0.8596461,0.86538845,0.86617476,0.0055132256820797,0.0005950928,0.0065286756,0.0051472783
Without VQR,5,18,0.8547906,0.8553848,0.8602412,0.8572052,0.0055132256820797,0.0005941987,0.0018203855,0.0054505467
Without VQR,5,18,0.8503286,0.85023373,0.8547906,0.85067445,0.0055132256820797,9.4890594e-05,0.00044071674,0.0044620037
Without VQR,5,18,0.8481276,0.84691036,0.8503286,0.8502848,0.0055132256820797,0.001217246,0.0033744574,0.0022010207
Without VQR,5,18,0.8426855,0.845403,0.8481276,0.8421969,0.0055132256820797,0.002717495,0.0032061338,0.005442083
Without VQR,5,18,0.8442718,0.84014064,0.8426855,0.8492865,0.0055132256820797,0.0041311383,0.009145856,0.0015862584
Without VQR,5,18,0.84443516,0.84082204,0.8442718,0.8452745,0.0055132256820797,0.0036131144,0.004452467,0.00016337633
Without VQR,5,18,0.84160876,0.8401239,0.84443516,0.8395689,0.0055132256820797,0.0014848709,0.00055497885,0.0028263927
Without VQR,5,18,0.83503157,0.836568,0.84160876,0.8315261,0.0055132256820797,0.0015364289,0.0050418973,0.0065771937
Without VQR,5,18,0.82699,0.8295705,0.83503157,0.8248416,0.0055132256820797,0.002580464,0.0047288537,0.008041561
Without VQR,5,18,0.8176627,0.82140523,0.82699,0.8162286,0.0055132256820797,0.003742516,0.005176604,0.009327292
Without VQR,5,18,0.8105405,0.8125086,0.8176627,0.81128544,0.0055132256820797,0.0019680858,0.0012231469,0.0071222186
Without VQR,5,18,0.81091374,0.80604225,0.8105405,0.8165611,0.0055132256820797,0.0048714876,0.010518849,0.0003732443
Without VQR,5,18,0.80017036,0.8071223,0.81091374,0.7939301,0.0055132256820797,0.006951928,0.013192177,0.01074338
Without VQR,5,18,0.7893346,0.7969618,0.80017036,0.78623885,0.0055132256820797,0.007627189,0.010722935,0.010835767
Without VQR,5,18,0.78920835,0.7864955,0.7893346,0.79670143,0.0055132256820797,0.0027128458,0.0102059245,0.00012624264
Without VQR,5,18,0.7873986,0.7866087,0.78920835,0.78979886,0.0055132256820797,0.00078988075,0.0031901598,0.0018097758
Without VQR,5,18,0.78892237,0.78449804,0.7873986,0.7913971,0.0055132256820797,0.0044243336,0.006899059,0.0015237927
Without VQR,5,18,0.7872681,0.7857312,0.78892237,0.78523386,0.0055132256820797,0.0015369058,0.00049734116,0.0016542673
Without VQR,5,18,0.7767956,0.78370446,0.7872681,0.7701117,0.0055132256820797,0.006908834,0.01359278,0.0104724765
Without VQR,5,18,0.76847684,0.77304566,0.7767956,0.7681226,0.0055132256820797,0.004568815,0.0049230456,0.008318782
Without VQR,5,18,0.76000047,0.76472765,0.76847684,0.75985795,0.0055132256820797,0.004727185,0.0048696995,0.0084763765
Without VQR,5,18,0.75315213,0.75613815,0.76000047,0.7539911,0.0055132256820797,0.002986014,0.002147019,0.0068483353
Without quantum attention and VQR,5,2,0.88198084,0.8882532,0.89649385,0.8752713,0.0055132256820797,0.0062723756,0.012981892,0.014513016
Without quantum attention and VQR,5,2,0.87172556,0.87434554,0.88198084,0.87212044,0.0055132256820797,0.0026199818,0.002225101,0.010255277
Without quantum attention and VQR,5,2,0.86715025,0.86461544,0.87172556,0.87182397,0.0055132256820797,0.0025348067,0.007208526,0.004575312
Without quantum attention and VQR,5,2,0.8670523,0.85978675,0.86715025,0.8723264,0.0055132256820797,0.007265568,0.012539625,9.793043e-05
Without quantum attention and VQR,5,2,0.8654877,0.8594828,0.8670523,0.8657995,0.0055132256820797,0.00600487,0.006316662,0.0015646219
Without quantum attention and VQR,5,2,0.8620998,0.8596225,0.8654877,0.86035806,0.0055132256820797,0.0024773479,0.0007355809,0.0033878684
Without quantum attention and VQR,5,2,0.860077,0.8567896,0.8620998,0.8612825,0.0055132256820797,0.0032874346,0.0044929385,0.0020228028
Without quantum attention and VQR,5,2,0.85320187,0.8553447,0.860077,0.85068226,0.0055132256820797,0.0021428466,0.004662454,0.0068751574
Without quantum attention and VQR,5,2,0.8461148,0.8483066,0.85320187,0.84458315,0.0055132256820797,0.002191782,0.0037234426,0.007087052
Without quantum attention and VQR,5,2,0.84197843,0.84058505,0.8461148,0.8434805,0.0055132256820797,0.0013933778,0.0028954744,0.0041363835
Without quantum attention and VQR,5,2,0.8389886,0.8367137,0.84197843,0.8406782,0.0055132256820797,0.0022749305,0.0039645433,0.0029898286
Without quantum attention and VQR,5,2,0.8298751,0.8338739,0.8389886,0.8257304,0.0055132256820797,0.003998816,0.008143544,0.009113491
Without quantum attention and VQR,5,2,0.8178124,0.8244246,0.8298751,0.81345356,0.0055132256820797,0.0066122413,0.010971069,0.012062728
Without quantum attention and VQR,5,2,0.8125281,0.8118865,0.8178124,0.8163983,0.0055132256820797,0.0006415844,0.004511833,0.0052843094
Without quantum attention and VQR,5,2,0.80962837,0.8071227,0.8125281,0.81351084,0.0055132256820797,0.00250566,0.006388128,0.0028997064
Without quantum attention and VQR,5,2,0.8125255,0.8043476,0.80962837,0.8176731,0.0055132256820797,0.008177936,0.013325512,0.0028971434
Without quantum attention and VQR,5,2,0.81089014,0.80736667,0.8125255,0.8088941,0.0055132256820797,0.003523469,0.0015274286,0.0016353726
Without quantum attention and VQR,5,2,0.80638695,0.805797,0.81089014,0.8036141,0.0055132256820797,0.0005899668,0.002182901,0.0045031905
Without quantum attention and VQR,5,2,0.802703,0.8014017,0.80638695,0.8030973,0.0055132256820797,0.0013013482,0.0016956329,0.0036839247
Without quantum attention and VQR,5,2,0.8002414,0.79740226,0.802703,0.80167353,0.0055132256820797,0.002839148,0.004271269,0.0024616122
Without quantum attention and VQR,5,2,0.7962754,0.7950744,0.8002414,0.7954083,0.0055132256820797,0.001200974,0.00033390522,0.0039660335
Without quantum attention and VQR,5,2,0.79244745,0.79100174,0.7962754,0.7916841,0.0055132256820797,0.0014457107,0.000682354,0.0038279295
Without quantum attention and VQR,5,2,0.7893605,0.78704727,0.79244745,0.7898369,0.0055132256820797,0.0023132563,0.0027896166,0.0030869246
Without quantum attention and VQR,5,18,0.8602412,0.8577893,0.86538845,0.86617476,0.0055132256820797,0.0024518967,0.008385479,0.0051472783
Without quantum attention and VQR,5,18,0.8547906,0.8528501,0.8602412,0.8572052,0.0055132256820797,0.0019405484,0.0043551326,0.0054505467
Without quantum attention and VQR,5,18,0.8503286,0.8476257,0.8547906,0.85067445,0.0055132256820797,0.0027029514,0.0030487776,0.0044620037
Without quantum attention and VQR,5,18,0.8481276,0.84348327,0.8503286,0.8502848,0.0055132256820797,0.0046443343,0.0068015456,0.0022010207
Without quantum attention and VQR,5,18,0.8426855,0.84121764,0.8481276,0.8421969,0.0055132256820797,0.0014678836,0.0009792447,0.005442083
Without quantum attention and VQR,5,18,0.8442718,0.83692604,0.8426855,0.8492865,0.0055132256820797,0.007345736,0.012360454,0.0015862584
Without quantum attention and VQR,5,18,0.84443516,0.8389578,0.8442718,0.8452745,0.0055132256820797,0.005477369,0.0063167214,0.00016337633
Without quantum attention and VQR,5,18,0.84160876,0.83949447,0.84443516,0.8395689,0.0055132256820797,0.002114296,7.44462e-05,0.0028263927
Without quantum attention and VQR,5,18,0.83503157,0.8366328,0.84160876,0.8315261,0.0055132256820797,0.0016012192,0.0051066875,0.0065771937
Without quantum attention and VQR,5,18,0.82699,0.8302223,0.83503157,0.8248416,0.0055132256820797,0.0032323003,0.00538069,0.008041561
Without quantum attention and VQR,5,18,0.8176627,0.8220957,0.82699,0.8162286,0.0055132256820797,0.0044329762,0.005867064,0.009327292
Without quantum attention and VQR,5,18,0.8105405,0.8124411,0.8176627,0.81128544,0.0055132256820797,0.0019006133,0.0011556745,0.0071222186
Without quantum attention and VQR,5,18,0.81091374,0.8050906,0.8105405,0.8165611,0.0055132256820797,0.0058231354,0.011470497,0.0003732443
Without quantum attention and VQR,5,18,0.80017036,0.80538976,0.81091374,0.7939301,0.0055132256820797,0.0052194,0.011459649,0.01074338
Without quantum attention and VQR,5,18,0.7893346,0.7950198,0.80017036,0.78623885,0.0055132256820797,0.00568521,0.008780956,0.010835767
Without quantum attention and VQR,5,18,0.78920835,0.78427327,0.7893346,0.79670143,0.0055132256820797,0.004935086,0.0124281645,0.00012624264
Without quantum attention and VQR,5,18,0.7873986,0.7840684,0.78920835,0.78979886,0.0055132256820797,0.003330171,0.00573045,0.0018097758
Without quantum attention and VQR,5,18,0.78892237,0.782378,0.7873986,0.7913971,0.0055132256820797,0.0065443516,0.009019077,0.0015237927
Without quantum attention and VQR,5,18,0.7872681,0.7832722,0.78892237,0.78523386,0.0055132256820797,0.0039958954,0.0019616485,0.0016542673
Without quantum attention and VQR,5,18,0.7767956,0.782187,0.7872681,0.7701117,0.0055132256820797,0.0053913593,0.012075305,0.0104724765
Without quantum attention and VQR,5,18,0.76847684,0.7717727,0.7767956,0.7681226,0.0055132256820797,0.0032958388,0.0036500692,0.008318782
Without quantum attention and VQR,5,18,0.76000047,0.76327014,0.76847684,0.75985795,0.0055132256820797,0.0032696724,0.003412187,0.0084763765
Without quantum attention and VQR,5,18,0.75315213,0.7547011,0.76000047,0.7539911,0.0055132256820797,0.0015489459,0.0007099509,0.0068483353
Classical QLSTM gates,5,2,0.88198084,0.88786405,0.89649385,0.8752713,0.0055132256820797,0.005883217,0.012592733,0.014513016
Classical QLSTM gates,5,2,0.87172556,0.87572813,0.88198084,0.87212044,0.0055132256820797,0.004002571,0.0036076903,0.010255277
Classical QLSTM gates,5,2,0.86715025,0.8669222,0.87172556,0.87182397,0.0055132256820797,0.00022804737,0.004901767,0.004575312
Classical QLSTM gates,5,2,0.8670523,0.86124545,0.86715025,0.8723264,0.0055132256820797,0.0058068633,0.011080921,9.793043e-05
Classical QLSTM gates,5,2,0.8654877,0.8604775,0.8670523,0.8657995,0.0055132256820797,0.0050101876,0.0053219795,0.0015646219
Classical QLSTM gates,5,2,0.8620998,0.8615113,0.8654877,0.86035806,0.0055132256820797,0.00058853626,0.0011532307,0.0033878684
Classical QLSTM gates,5,2,0.860077,0.8576072,0.8620998,0.8612825,0.0055132256820797,0.0024698377,0.0036753416,0.0020228028
Classical QLSTM gates,5,2,0.85320187,0.85544103,0.860077,0.85068226,0.0055132256820797,0.0022391677,0.0047587752,0.0068751574
Classical QLSTM gates,5,2,0.8461148,0.84695643,0.85320187,0.84458315,0.0055132256820797,0.0008416176,0.0023732781,0.007087052
Classical QLSTM gates,5,2,0.84197843,0.83877504,0.8461148,0.8434805,0.0055132256820797,0.003203392,0.0047054887,0.0041363835
Classical QLSTM gates,5,2,0.8389886,0.835254,0.84197843,0.8406782,0.0055132256820797,0.0037345886,0.0054242015,0.0029898286
Classical QLSTM gates,5,2,0.8298751,0.83357406,0.8389886,0.8257304,0.0055132256820797,0.003698945,0.007843673,0.009113491
Classical QLSTM gates,5,2,0.8178124,0.82488304,0.8298751,0.81345356,0.0055132256820797,0.0070706606,0.011429489,0.012062728
Classical QLSTM gates,5,2,0.8125281,0.81332475,0.8178124,0.8163983,0.0055132256820797,0.0007966757,0.003073573,0.0052843094
Classical QLSTM gates,5,2,0.80962837,0.80909014,0.8125281,0.81351084,0.0055132256820797,0.00053822994,0.0044206977,0.0028997064
Classical QLSTM gates,5,2,0.8125255,0.8062697,0.80962837,0.8176731,0.0055132256820797,0.0062558055,0.011403382,0.0028971434
Classical QLSTM gates,5,2,0.81089014,0.80897164,0.8125255,0.8088941,0.0055132256820797,0.0019184947,7.754564e-05,0.0016353726
Classical QLSTM gates,5,2,0.80638695,0.8067653,0.81089014,0.8036141,0.0055132256820797,0.00037837029,0.003151238,0.0045031905
Classical QLSTM gates,5,2,0.802703,0.8020339,0.80638695,0.8030973,0.0055132256820797,0.00066912174,0.0010634065,0.0036839247
Classical QLSTM gates,5,2,0.8002414,0.79788727,0.802703,0.80167353,0.0055132256820797,0.002354145,0.0037862659,0.0024616122
Classical QLSTM gates,5,2,0.7962754,0.7958456,0.8002414,0.7954083,0.0055132256820797,0.0004297495,0.00043731928,0.0039660335
Classical QLSTM gates,5,2,0.79244745,0.79164445,0.7962754,0.7916841,0.0055132256820797,0.0008029938,3.963709e-05,0.0038279295
Classical QLSTM gates,5,2,0.7893605,0.78824985,0.79244745,0.7898369,0.0055132256820797,0.001110673,0.0015870333,0.0030869246
Classical QLSTM gates,5,18,0.8602412,0.8579546,0.86538845,0.86617476,0.0055132256820797,0.0022865534,0.008220136,0.0051472783
Classical QLSTM gates,5,18,0.8547906,0.85411054,0.8602412,0.8572052,0.0055132256820797,0.000680089,0.0030946732,0.0054505467
Classical QLSTM gates,5,18,0.8503286,0.849642,0.8547906,0.85067445,0.0055132256820797,0.0006866455,0.0010324717,0.0044620037
Classical QLSTM gates,5,18,0.8481276,0.84567773,0.8503286,0.8502848,0.0055132256820797,0.00244987,0.0046070814,0.0022010207
Classical QLSTM gates,5,18,0.8426855,0.8432007,0.8481276,0.8421969,0.0055132256820797,0.00051516294,0.0010038018,0.005442083
Classical QLSTM gates,5,18,0.8442718,0.8392617,0.8426855,0.8492865,0.0055132256820797,0.0050100684,0.010024786,0.0015862584
Classical QLSTM gates,5,18,0.84443516,0.84005547,0.8442718,0.8452745,0.0055132256820797,0.0043796897,0.0052190423,0.00016337633
Classical QLSTM gates,5,18,0.84160876,0.8395544,0.84443516,0.8395689,0.0055132256820797,0.0020543337,1.4483929e-05,0.0028263927
Classical QLSTM gates,5,18,0.83503157,0.83565515,0.84160876,0.8315261,0.0055132256820797,0.0006235838,0.004129052,0.0065771937
Classical QLSTM gates,5,18,0.82699,0.829258,0.83503157,0.8248416,0.0055132256820797,0.0022680163,0.004416406,0.008041561
Classical QLSTM gates,5,18,0.8176627,0.82097274,0.82699,0.8162286,0.0055132256820797,0.0033100247,0.0047441125,0.009327292
Classical QLSTM gates,5,18,0.8105405,0.81193995,0.8176627,0.81128544,0.0055132256820797,0.0013994575,0.0006545186,0.0071222186
Classical QLSTM gates,5,18,0.81091374,0.8058572,0.8105405,0.8165611,0.0055132256820797,0.00505656,0.010703921,0.0003732443
Classical QLSTM gates,5,18,0.80017036,0.8072238,0.81091374,0.7939301,0.0055132256820797,0.007053435,0.0132936835,0.01074338
Classical QLSTM gates,5,18,0.7893346,0.7975227,0.80017036,0.78623885,0.0055132256820797,0.0081881285,0.0112838745,0.010835767
Classical QLSTM gates,5,18,0.78920835,0.78659785,0.7893346,0.79670143,0.0055132256820797,0.0026105046,0.010103583,0.00012624264
Classical QLSTM gates,5,18,0.7873986,0.78618133,0.78920835,0.78979886,0.0055132256820797,0.001217246,0.003617525,0.0018097758
Classical QLSTM gates,5,18,0.78892237,0.78419757,0.7873986,0.7913971,0.0055132256820797,0.0047248006,0.007199526,0.0015237927
Classical QLSTM gates,5,18,0.7872681,0.7845008,0.78892237,0.78523386,0.0055132256820797,0.0027673244,0.0007330775,0.0016542673
Classical QLSTM gates,5,18,0.7767956,0.7836281,0.7872681,0.7701117,0.0055132256820797,0.0068324804,0.013516426,0.0104724765
Classical QLSTM gates,5,18,0.76847684,0.7732725,0.7767956,0.7681226,0.0055132256820797,0.0047956705,0.005149901,0.008318782
Classical QLSTM gates,5,18,0.76000047,0.76450294,0.76847684,0.75985795,0.0055132256820797,0.0045024753,0.00464499,0.0084763765
Classical QLSTM gates,5,18,0.75315213,0.75643545,0.76000047,0.7539911,0.0055132256820797,0.0032833219,0.0024443269,0.0068483353
Classical attention circuits,5,2,0.88198084,0.8898051,0.89649385,0.8752713,0.0055132256820797,0.007824242,0.014533758,0.014513016
Classical attention circuits,5,2,0.87172556,0.877113,0.88198084,0.87212044,0.0055132256820797,0.0053874254,0.0049925447,0.010255277
Classical attention circuits,5,2,0.86715025,0.8676172,0.87172556,0.87182397,0.0055132256820797,0.0004669428,0.0042067766,0.004575312
Classical attention circuits,5,2,0.8670523,0.86194485,0.86715025,0.8723264,0.0055132256820797,0.0051074624,0.01038152,9.793043e-05
Classical attention circuits,5,2,0.8654877,0.86235046,0.8670523,0.8657995,0.0055132256820797,0.0031372309,0.0034490228,0.0015646219
Classical attention circuits,5,2,0.8620998,0.861808,0.8654877,0.86035806,0.0055132256820797,0.00029182434,0.0014499426,0.0033878684
Classical attention circuits,5,2,0.860077,0.8583,0.8620998,0.8612825,0.0055132256820797,0.0017770529,0.0029825568,0.0020228028
Classical attention circuits,5,2,0.85320187,0.85632193,0.860077,0.85068226,0.0055132256820797,0.0031200647,0.0056396723,0.0068751574
Classical attention circuits,5,2,0.8461148,0.8490598,0.85320187,0.84458315,0.0055132256820797,0.002945006,0.0044766665,0.007087052
Classical attention circuits,5,2,0.84197843,0.84153837,0.8461148,0.8434805,0.0055132256820797,0.0004400611,0.0019421577,0.0041363835
Classical attention circuits,5,2,0.8389886,0.8373463,0.84197843,0.8406782,0.0055132256820797,0.0016422868,0.0033318996,0.0029898286
Classical attention circuits,5,2,0.8298751,0.834715,0.8389886,0.8257304,0.0055132256820797,0.004839897,0.008984625,0.009113491
Classical attention circuits,5,2,0.8178124,0.8259351,0.8298751,0.81345356,0.0055132256820797,0.008122742,0.01248157,0.012062728
Classical attention circuits,5,2,0.8125281,0.81411064,0.8178124,0.8163983,0.0055132256820797,0.0015825629,0.0022876859,0.0052843094
Classical attention circuits,5,2,0.80962837,0.80883485,0.8125281,0.81351084,0.0055132256820797,0.00079351664,0.0046759844,0.0028997064
Classical attention circuits,5,2,0.8125255,0.8060297,0.80962837,0.8176731,0.0055132256820797,0.0064958334,0.01164341,0.0028971434
Classical attention circuits,5,2,0.81089014,0.8088657,0.8125255,0.8088941,0.0055132256820797,0.0020244122,2.8371811e-05,0.0016353726
Classical attention circuits,5,2,0.80638695,0.80705875,0.81089014,0.8036141,0.0055132256820797,0.00067180395,0.0034446716,0.0045031905
Classical attention circuits,5,2,0.802703,0.80247426,0.80638695,0.8030973,0.0055132256820797,0.00022876263,0.00062304735,0.0036839247
Classical attention circuits,5,2,0.8002414,0.79871714,0.802703,0.80167353,0.0055132256820797,0.0015242696,0.0029563904,0.0024616122
Classical attention circuits,5,2,0.7962754,0.796457,0.8002414,0.7954083,0.0055132256820797,0.00018161535,0.0010486841,0.0039660335
Classical attention circuits,5,2,0.79244745,0.7923909,0.7962754,0.7916841,0.0055132256820797,5.6564808e-05,0.0007067919,0.0038279295
Classical attention circuits,5,2,0.7893605,0.7890645,0.79244745,0.7898369,0.0055132256820797,0.00029599667,0.000772357,0.0030869246
Classical attention circuits,5,18,0.8602412,0.86147314,0.86538845,0.86617476,0.0055132256820797,0.0012319684,0.0047016144,0.0051472783
Classical attention circuits,5,18,0.8547906,0.8571123,0.8602412,0.8572052,0.0055132256820797,0.0023216605,9.292364e-05,0.0054505467
Classical attention circuits,5,18,0.8503286,0.8516961,0.8547906,0.85067445,0.0055132256820797,0.0013674498,0.0010216236,0.0044620037
Classical attention circuits,5,18,0.8481276,0.8476741,0.8503286,0.8502848,0.0055132256820797,0.00045353174,0.002610743,0.0022010207
Classical attention circuits,5,18,0.8426855,0.845595,0.8481276,0.8421969,0.0055132256820797,0.0029094815,0.0033981204,0.005442083
Classical attention circuits,5,18,0.8442718,0.8395909,0.8426855,0.8492865,0.0055132256820797,0.004680872,0.00969559,0.0015862584
Classical attention circuits,5,18,0.84443516,0.840793,0.8442718,0.8452745,0.0055132256820797,0.0036421418,0.0044814944,0.00016337633
Classical attention circuits,5,18,0.84160876,0.8408181,0.84443516,0.8395689,0.0055132256820797,0.0007906556,0.0012491941,0.0028263927
Classical attention circuits,5,18,0.83503157,0.83769274,0.84160876,0.8315261,0.0055132256820797,0.0026611686,0.006166637,0.0065771937
Classical attention circuits,5,18,0.82699,0.8311127,0.83503157,0.8248416,0.0055132256820797,0.0041226745,0.0062710643,0.008041561
Classical attention circuits,5,18,0.8176627,0.82291156,0.82699,0.8162286,0.0055132256820797,0.0052488446,0.0066829324,0.009327292
Classical attention circuits,5,18,0.8105405,0.8137466,0.8176627,0.81128544,0.0055132256820797,0.0032060742,0.0024611354,0.0071222186
Classical attention circuits,5,18,0.81091374,0.80730397,0.8105405,0.8165611,0.0055132256820797,0.0036097765,0.009257138,0.0003732443
Classical attention circuits,5,18,0.80017036,0.8078037,0.81091374,0.7939301,0.0055132256820797,0.0076333284,0.013873577,0.01074338
Classical attention circuits,5,18,0.7893346,0.7972002,0.80017036,0.78623885,0.0055132256820797,0.007865608,0.010961354,0.010835767
Classical attention circuits,5,18,0.78920835,0.78638583,0.7893346,0.79670143,0.0055132256820797,0.0028225183,0.010315597,0.00012624264
Classical attention circuits,5,18,0.7873986,0.7864407,0.78920835,0.78979886,0.0055132256820797,0.00095790625,0.0033581853,0.0018097758
Classical attention circuits,5,18,0.78892237,0.7841778,0.7873986,0.7913971,0.0055132256820797,0.0047445893,0.0072193146,0.0015237927
Classical attention circuits,5,18,0.7872681,0.7855705,0.78892237,0.78523386,0.0055132256820797,0.0016975999,0.00033664703,0.0016542673
Classical attention circuits,5,18,0.7767956,0.7839141,0.7872681,0.7701117,0.0055132256820797,0.0071184635,0.013802409,0.0104724765
Classical attention circuits,5,18,0.76847684,0.7735585,0.7767956,0.7681226,0.0055132256820797,0.0050816536,0.005435884,0.008318782
Classical attention circuits,5,18,0.76000047,0.7651254,0.76847684,0.75985795,0.0055132256820797,0.0051249266,0.0052674413,0.0084763765
Classical attention circuits,5,18,0.75315213,0.7570463,0.76000047,0.7539911,0.0055132256820797,0.0038941503,0.0030551553,0.0068483353
Classical VQR circuit,5,2,0.88198084,0.88856965,0.89649385,0.8752713,0.0055132256820797,0.0065888166,0.013298333,0.014513016
Classical VQR circuit,5,2,0.87172556,0.8760575,0.88198084,0.87212044,0.0055132256820797,0.0043319464,0.0039370656,0.010255277
Classical VQR circuit,5,2,0.86715025,0.866603,0.87172556,0.87182397,0.0055132256820797,0.00054723024,0.0052209496,0.004575312
Classical VQR circuit,5,2,0.8670523,0.86127424,0.86715025,0.8723264,0.0055132256820797,0.0057780743,0.011052132,9.793043e-05
Classical VQR circuit,5,2,0.8654877,0.86211133,0.8670523,0.8657995,0.0055132256820797,0.0033763647,0.0036881566,0.0015646219
Classical VQR circuit,5,2,0.8620998,0.8621705,0.8654877,0.86035806,0.0055132256820797,7.069111e-05,0.001812458,0.0033878684
Classical VQR circuit,5,2,0.860077,0.85824,0.8620998,0.8612825,0.0055132256820797,0.0018370152,0.003042519,0.0020228028
Classical VQR circuit,5,2,0.85320187,0.855208,0.860077,0.85068226,0.0055132256820797,0.0020061135,0.004525721,0.0068751574
Classical VQR circuit,5,2,0.8461148,0.84776545,0.85320187,0.84458315,0.0055132256820797,0.0016506314,0.003182292,0.007087052
Classical VQR circuit,5,2,0.84197843,0.8401184,0.8461148,0.8434805,0.0055132256820797,0.0018600225,0.0033621192,0.0041363835
Classical VQR circuit,5,2,0.8389886,0.83592534,0.84197843,0.8406782,0.0055132256820797,0.0030632615,0.0047528744,0.0029898286
Classical VQR circuit,5,2,0.8298751,0.8334349,0.8389886,0.8257304,0.0055132256820797,0.0035597682,0.0077044964,0.009113491
Classical VQR circuit,5,2,0.8178124,0.8250518,0.8298751,0.81345356,0.0055132256820797,0.0072394013,0.011598229,0.012062728
Classical VQR circuit,5,2,0.8125281,0.81378144,0.8178124,0.8163983,0.0055132256820797,0.0012533665,0.0026168823,0.0052843094
Classical VQR circuit,5,2,0.80962837,0.8090213,0.8125281,0.81351084,0.0055132256820797,0.0006070733,0.004489541,0.0028997064
Classical VQR circuit,5,2,0.8125255,0.80644584,0.80962837,0.8176731,0.0055132256820797,0.0060796738,0.01122725,0.0028971434
Classical VQR circuit,5,2,0.81089014,0.80928916,0.8125255,0.8088941,0.0055132256820797,0.0016009808,0.0003950596,0.0016353726
Classical VQR circuit,5,2,0.80638695,0.8074595,0.81089014,0.8036141,0.0055132256820797,0.001072526,0.0038453937,0.0045031905
Classical VQR circuit,5,2,0.802703,0.80271196,0.80638695,0.8030973,0.0055132256820797,8.940697e-06,0.00038534403,0.0036839247
Classical VQR circuit,5,2,0.8002414,0.79887366,0.802703,0.80167353,0.0055132256820797,0.0013677478,0.0027998686,0.0024616122
Classical VQR circuit,5,2,0.7962754,0.7962815,0.8002414,0.7954083,0.0055132256820797,6.1392784e-06,0.00087320805,0.0039660335
Classical VQR circuit,5,2,0.79244745,0.7922544,0.7962754,0.7916841,0.0055132256820797,0.00019305944,0.00057029724,0.0038279295
Classical VQR circuit,5,2,0.7893605,0.7885524,0.79244745,0.7898369,0.0055132256820797,0.0008081198,0.0012844801,0.0030869246
Classical VQR circuit,5,18,0.8602412,0.8604459,0.86538845,0.86617476,0.0055132256820797,0.00020474195,0.005728841,0.0051472783
Classical VQR circuit,5,18,0.8547906,0.85582167,0.8602412,0.8572052,0.0055132256820797,0.0010310411,0.001383543,0.0054505467
Classical VQR circuit,5,18,0.8503286,0.85046,0.8547906,0.85067445,0.0055132256820797,0.00013136864,0.00021445751,0.0044620037
Classical VQR circuit,5,18,0.8481276,0.8467503,0.8503286,0.8502848,0.0055132256820797,0.0013772845,0.0035344958,0.0022010207
Classical VQR circuit,5,18,0.8426855,0.8450965,0.8481276,0.8421969,0.0055132256820797,0.0024110079,0.0028996468,0.005442083
Classical VQR circuit,5,18,0.8442718,0.83993065,0.8426855,0.8492865,0.0055132256820797,0.0043411255,0.009355843,0.0015862584
Classical VQR circuit,5,18,0.84443516,0.8408484,0.8442718,0.8452745,0.0055132256820797,0.003586769,0.0044261217,0.00016337633
Classical VQR circuit,5,18,0.84160876,0.8402431,0.84443516,0.8395689,0.0055132256820797,0.0013656616,0.00067418814,0.0028263927
Classical VQR circuit,5,18,0.83503157,0.83708453,0.84160876,0.8315261,0.0055132256820797,0.0020529628,0.005558431,0.0065771937
Classical VQR circuit,5,18,0.82699,0.8301086,0.83503157,0.8248416,0.0055132256820797,0.0031185746,0.0052669644,0.008041561
Classical VQR circuit,5,18,0.8176627,0.8222259,0.82699,0.8162286,0.0055132256820797,0.0045632124,0.0059973,0.009327292
Classical VQR circuit,5,18,0.8105405,0.81322324,0.8176627,0.81128544,0.0055132256820797,0.0026827455,0.0019378066,0.0071222186
Classical VQR circuit,5,18,0.81091374,0.8065489,0.8105405,0.8165611,0.0055132256820797,0.004364848,0.010012209,0.0003732443
Classical VQR circuit,5,18,0.80017036,0.8074351,0.81091374,0.7939301,0.0055132256820797,0.0072647333,0.013504982,0.01074338
Classical VQR circuit,5,18,0.7893346,0.7969636,0.80017036,0.78623885,0.0055132256820797,0.0076289773,0.010724723,0.010835767
Classical VQR circuit,5,18,0.78920835,0.7866315,0.7893346,0.79670143,0.0055132256820797,0.002576828,0.010069907,0.00012624264
Classical VQR circuit,5,18,0.7873986,0.78666365,0.78920835,0.78979886,0.0055132256820797,0.00073492527,0.0031352043,0.0018097758
Classical VQR circuit,5,18,0.78892237,0.78474176,0.7873986,0.7913971,0.0055132256820797,0.00418061,0.0066553354,0.0015237927
Classical VQR circuit,5,18,0.7872681,0.78606087,0.78892237,0.78523386,0.0055132256820797,0.0012072325,0.00082701445,0.0016542673
Classical VQR circuit,5,18,0.7767956,0.7839992,0.7872681,0.7701117,0.0055132256820797,0.007203579,0.013887525,0.0104724765
Classical VQR circuit,5,18,0.76847684,0.77336586,0.7767956,0.7681226,0.0055132256820797,0.0048890114,0.005243242,0.008318782
Classical VQR circuit,5,18,0.76000047,0.7651623,0.76847684,0.75985795,0.0055132256820797,0.005161822,0.0053043365,0.0084763765
Classical VQR circuit,5,18,0.75315213,0.75654465,0.76000047,0.7539911,0.0055132256820797,0.0033925176,0.0025535226,0.0068483353
All circuits classical,5,2,0.88198084,0.8883528,0.89649385,0.8752713,0.0055132256820797,0.006371975,0.013081491,0.014513016
All circuits classical,5,2,0.87172556,0.87536496,0.88198084,0.87212044,0.0055132256820797,0.0036394,0.0032445192,0.010255277
All circuits classical,5,2,0.86715025,0.8661437,0.87172556,0.87182397,0.0055132256820797,0.0010065436,0.005680263,0.004575312
All circuits classical,5,2,0.8670523,0.86119646,0.86715025,0.8723264,0.0055132256820797,0.0058558583,0.011129916,9.793043e-05
All circuits classical,5,2,0.8654877,0.8605942,0.8670523,0.8657995,0.0055132256820797,0.0048934817,0.0052052736,0.0015646219
All circuits classical,5,2,0.8620998,0.86130804,0.8654877,0.86035806,0.0055132256820797,0.0007917881,0.0009499788,0.0033878684
All circuits classical,5,2,0.860077,0.8578496,0.8620998,0.8612825,0.0055132256820797,0.0022274256,0.0034329295,0.0020228028
All circuits classical,5,2,0.85320187,0.85526645,0.860077,0.85068226,0.0055132256820797,0.0020645857,0.004584193,0.0068751574
All circuits classical,5,2,0.8461148,0.84746486,0.85320187,0.84458315,0.0055132256820797,0.0013500452,0.0028817058,0.007087052
All circuits classical,5,2,0.84197843,0.8397185,0.8461148,0.8434805,0.0055132256820797,0.00225991,0.0037620068,0.0041363835
All circuits classical,5,2,0.8389886,0.83583915,0.84197843,0.8406782,0.0055132256820797,0.0031494498,0.0048390627,0.0029898286
All circuits classical,5,2,0.8298751,0.83348876,0.8389886,0.8257304,0.0055132256820797,0.0036136508,0.007758379,0.009113491
All circuits classical,5,2,0.8178124,0.82505,0.8298751,0.81345356,0.0055132256820797,0.007237613,0.011596441,0.012062728
All circuits classical,5,2,0.8125281,0.81350374,0.8178124,0.8163983,0.0055132256820797,0.00097566843,0.0028945804,0.0052843094
All circuits classical,5,2,0.80962837,0.80888623,0.8125281,0.81351084,0.0055132256820797,0.00074213743,0.004624605,0.0028997064
All circuits classical,5,2,0.8125255,0.80598944,0.80962837,0.8176731,0.0055132256820797,0.0065360665,0.011683643,0.0028971434
All circuits classical,5,2,0.81089014,0.8086102,0.8125255,0.8088941,0.0055132256820797,0.0022799373,0.00028389692,0.0016353726
All circuits classical,5,2,0.80638695,0.8065835,0.81089014,0.8036141,0.0055132256820797,0.00019657612,0.0029694438,0.0045031905
All circuits classical,5,2,0.802703,0.80176663,0.80638695,0.8030973,0.0055132256820797,0.00093638897,0.0013306737,0.0036839247
All circuits classical,5,2,0.8002414,0.79790217,0.802703,0.80167353,0.0055132256820797,0.002339244,0.0037713647,0.0024616122
All circuits classical,5,2,0.7962754,0.7954834,0.8002414,0.7954083,0.0055132256820797,0.0007919669,7.510185e-05,0.0039660335
All circuits classical,5,2,0.79244745,0.7914654,0.7962754,0.7916841,0.0055132256820797,0.0009820461,0.00021868944,0.0038279295
All circuits classical,5,2,0.7893605,0.78790563,0.79244745,0.7898369,0.0055132256820797,0.0014548898,0.0019312501,0.0030869246
All circuits classical,5,18,0.8602412,0.8583238,0.86538845,0.86617476,0.0055132256820797,0.0019173622,0.007850945,0.0051472783
All circuits classical,5,18,0.8547906,0.8542992,0.8602412,0.8572052,0.0055132256820797,0.0004914403,0.0029060245,0.0054505467
All circuits classical,5,18,0.8503286,0.84964263,0.8547906,0.85067445,0.0055132256820797,0.00068598986,0.001031816,0.0044620037
All circuits classical,5,18,0.8481276,0.8455439,0.8503286,0.8502848,0.0055132256820797,0.0025836825,0.004740894,0.0022010207
All circuits classical,5,18,0.8426855,0.8434088,0.8481276,0.8421969,0.0055132256820797,0.00072330236,0.0012119412,0.005442083
All circuits classical,5,18,0.8442718,0.83938545,0.8426855,0.8492865,0.0055132256820797,0.004886329,0.009901047,0.0015862584
All circuits classical,5,18,0.84443516,0.84042835,0.8442718,0.8452745,0.0055132256820797,0.004006803,0.0048461556,0.00016337633
All circuits classical,5,18,0.84160876,0.8398057,0.84443516,0.8395689,0.0055132256820797,0.0018030405,0.00023680925,0.0028263927
All circuits classical,5,18,0.83503157,0.8360981,0.84160876,0.8315261,0.0055132256820797,0.0010665059,0.0045719743,0.0065771937
All circuits classical,5,18,0.82699,0.8293591,0.83503157,0.8248416,0.0055132256820797,0.0023691058,0.0045174956,0.008041561
All circuits classical,5,18,0.8176627,0.82110703,0.82699,0.8162286,0.0055132256820797,0.003444314,0.0048784018,0.009327292
All circuits classical,5,18,0.8105405,0.81219596,0.8176627,0.81128544,0.0055132256820797,0.0016554594,0.00091052055,0.0071222186
All circuits classical,5,18,0.81091374,0.8061334,0.8105405,0.8165611,0.0055132256820797,0.004780352,0.010427713,0.0003732443
All circuits classical,5,18,0.80017036,0.8073075,0.81091374,0.7939301,0.0055132256820797,0.00713712,0.013377368,0.01074338
All circuits classical,5,18,0.7893346,0.79706734,0.80017036,0.78623885,0.0055132256820797,0.007732749,0.010828495,0.010835767
All circuits classical,5,18,0.78920835,0.7862043,0.7893346,0.79670143,0.0055132256820797,0.003004074,0.010497153,0.00012624264
All circuits classical,5,18,0.7873986,0.78605336,0.78920835,0.78979886,0.0055132256820797,0.0013452172,0.0037454963,0.0018097758
All circuits classical,5,18,0.78892237,0.7838531,0.7873986,0.7913971,0.0055132256820797,0.005069256,0.007543981,0.0015237927
All circuits classical,5,18,0.7872681,0.7848023,0.78892237,0.78523386,0.0055132256820797,0.0024657845,0.00043153763,0.0016542673
All circuits classical,5,18,0.7767956,0.7831718,0.7872681,0.7701117,0.0055132256820797,0.0063761473,0.013060093,0.0104724765
All circuits classical,5,18,0.76847684,0.77265126,0.7767956,0.7681226,0.0055132256820797,0.0041744113,0.0045286417,0.008318782
All circuits classical,5,18,0.76000047,0.76419485,0.76847684,0.75985795,0.0055132256820797,0.004194379,0.0043368936,0.0084763765
All circuits classical,5,18,0.75315213,0.75593567,0.76000047,0.7539911,0.0055132256820797,0.002783537,0.0019445419,0.0068483353
Persistence,6,8,0.89839995,0.9017133,0.9017133,0.90064675,0.005648557562381,0.0033133626,0.0010665655,0.0033133626
Persistence,6,8,0.8883719,0.89839995,0.89839995,0.88429236,0.005648557562381,0.010028064,0.014107585,0.010028064
Persistence,6,8,0.8770479,0.8883719,0.8883719,0.87401485,0.005648557562381,0.011323988,0.01435703,0.011323988
Persistence,6,8,0.87024885,0.8770479,0.8770479,0.87282014,0.005648557562381,0.006799042,0.0042277575,0.006799042
Persistence,6,8,0.86803865,0.87024885,0.87024885,0.8729449,0.005648557562381,0.0022101998,0.0026960373,0.0022101998
Persistence,6,8,0.8603048,0.86803865,0.86803865,0.8575645,0.005648557562381,0.0077338815,0.010474145,0.0077338815
Persistence,6,8,0.85124344,0.8603048,0.8603048,0.84833086,0.005648557562381,0.0090613365,0.0119739175,0.0090613365
Persistence,6,8,0.835513,0.85124344,0.85124344,0.82999146,0.005648557562381,0.01573044,0.021251976,0.01573044
Persistence,6,8,0.8263239,0.835513,0.835513,0.82971585,0.005648557562381,0.009189069,0.0057971478,0.009189069
Persistence,6,8,0.8229825,0.8263239,0.8263239,0.8287887,0.005648557562381,0.0033414364,0.0024647713,0.0033414364
Persistence,6,8,0.82302344,0.8229825,0.8229825,0.82702684,0.005648557562381,4.094839e-05,0.004044354,4.094839e-05
Persistence,6,8,0.82136583,0.82302344,0.82302344,0.8211693,0.005648557562381,0.0016576052,0.0018541217,0.0016576052
Persistence,6,8,0.8179489,0.82136583,0.82136583,0.81672496,0.005648557562381,0.0034169555,0.0046408772,0.0034169555
Persistence,6,8,0.8128484,0.8179489,0.8179489,0.8119489,0.005648557562381,0.0051004887,0.0059999824,0.0051004887
Persistence,6,8,0.80695885,0.8128484,0.8128484,0.80631554,0.005648557562381,0.005889535,0.006532848,0.005889535
Persistence,6,8,0.80764204,0.80695885,0.80695885,0.8121565,0.005648557562381,0.00068318844,0.0051976442,0.00068318844
Persistence,6,8,0.8053985,0.80764204,0.80764204,0.8049148,0.005648557562381,0.0022435188,0.0027272701,0.0022435188
Persistence,6,8,0.7994216,0.8053985,0.8053985,0.7960426,0.005648557562381,0.0059769154,0.009355903,0.0059769154
Persistence,6,8,0.7958956,0.7994216,0.7994216,0.7964955,0.005648557562381,0.003526032,0.0029261112,0.003526032
Persistence,6,8,0.79358774,0.7958956,0.7958956,0.79534715,0.005648557562381,0.0023078322,0.00054842234,0.0023078322
Persistence,6,8,0.7913475,0.79358774,0.79358774,0.79208946,0.005648557562381,0.0022402406,0.001498282,0.0022402406
Persistence,6,8,0.7890898,0.7913475,0.7913475,0.78874314,0.005648557562381,0.0022577047,0.0026043653,0.0022577047
Persistence,6,8,0.7851366,0.7890898,0.7890898,0.78373265,0.005648557562381,0.0039532185,0.0053571463,0.0039532185
Persistence,6,17,0.8863075,0.8947364,0.8947364,0.88460386,0.005648557562381,0.008428931,0.010132551,0.008428931
Persistence,6,17,0.8787694,0.8863075,0.8863075,0.8785371,0.005648557562381,0.00753808,0.0077703595,0.00753808
Persistence,6,17,0.8758942,0.8787694,0.8787694,0.87928426,0.005648557562381,0.0028752089,0.0005148649,0.0028752089
Persistence,6,17,0.87374264,0.8758942,0.8758942,0.87586355,0.005648557562381,0.0021515489,3.0636787e-05,0.0021515489
Persistence,6,17,0.8705092,0.87374264,0.87374264,0.8702913,0.005648557562381,0.0032334328,0.0034513474,0.0032334328
Persistence,6,17,0.8679359,0.8705092,0.8705092,0.86810833,0.005648557562381,0.0025733113,0.002400875,0.0025733113
Persistence,6,17,0.8556565,0.8679359,0.8679359,0.8488397,0.005648557562381,0.012279391,0.019096196,0.012279391
Persistence,6,17,0.847178,0.8556565,0.8556565,0.84749323,0.005648557562381,0.008478522,0.008163273,0.008478522
Persistence,6,17,0.84300923,0.847178,0.847178,0.84671694,0.005648557562381,0.004168749,0.00046104193,0.004168749
Persistence,6,17,0.8357066,0.84300923,0.84300923,0.8345817,0.005648557562381,0.007302642,0.00842756,0.007302642
Persistence,6,17,0.8343915,0.8357066,0.8357066,0.83772355,0.005648557562381,0.0013151169,0.0020169616,0.0013151169
Persistence,6,17,0.8306458,0.8343915,0.8343915,0.8302204,0.005648557562381,0.003745675,0.0041710734,0.003745675
Persistence,6,17,0.8274754,0.8306458,0.8306458,0.8281061,0.005648557562381,0.003170371,0.0025396943,0.003170371
Persistence,6,17,0.8289869,0.8274754,0.8274754,0.83286464,0.005648557562381,0.0015114546,0.0053892136,0.0015114546
Persistence,6,17,0.8276623,0.8289869,0.8289869,0.82703626,0.005648557562381,0.001324594,0.0019506216,0.001324594
Persistence,6,17,0.82433385,0.8276623,0.8276623,0.82250845,0.005648557562381,0.0033284426,0.005153835,0.0033284426
Persistence,6,17,0.8221723,0.82433385,0.82433385,0.82237285,0.005648557562381,0.0021615624,0.0019609928,0.0021615624
Persistence,6,17,0.8080104,0.8221723,0.8221723,0.79946065,0.005648557562381,0.014161885,0.022711635,0.014161885
Persistence,6,17,0.79550105,0.8080104,0.8080104,0.79318243,0.005648557562381,0.012509346,0.014827967,0.012509346
Persistence,6,17,0.788829,0.79550105,0.79550105,0.7925143,0.005648557562381,0.0066720247,0.0029867291,0.0066720247
Persistence,6,17,0.78471535,0.788829,0.788829,0.7881266,0.005648557562381,0.004113674,0.00070244074,0.004113674
Persistence,6,17,0.7820456,0.78471535,0.78471535,0.78366435,0.005648557562381,0.0026697516,0.0010510087,0.0026697516
Full model,6,8,0.89839995,0.89140254,0.9017133,0.90064675,0.005648557562381,0.0069974065,0.009244204,0.0033133626
Full model,6,8,0.8883719,0.8889368,0.89839995,0.88429236,0.005648557562381,0.0005649328,0.0046444535,0.010028064
Full model,6,8,0.8770479,0.87928915,0.8883719,0.87401485,0.005648557562381,0.0022412539,0.005274296,0.011323988
Full model,6,8,0.87024885,0.8688601,0.8770479,0.87282014,0.005648557562381,0.0013887286,0.0039600134,0.006799042
Full model,6,8,0.86803865,0.86321115,0.87024885,0.8729449,0.005648557562381,0.0048274994,0.0097337365,0.0022101998
Full model,6,8,0.8603048,0.8615689,0.86803865,0.8575645,0.005648557562381,0.0012641549,0.004004419,0.0077338815
Full model,6,8,0.85124344,0.8541956,0.8603048,0.84833086,0.005648557562381,0.0029521585,0.0058647394,0.0090613365
Full model,6,8,0.835513,0.8457853,0.85124344,0.82999146,0.005648557562381,0.010272324,0.01579386,0.01573044
Full model,6,8,0.8263239,0.8303134,0.835513,0.82971585,0.005648557562381,0.003989458,0.00059753656,0.009189069
Full model,6,8,0.8229825,0.8214551,0.8263239,0.8287887,0.005648557562381,0.001527369,0.0073335767,0.0033414364
Full model,6,8,0.82302344,0.81816596,0.8229825,0.82702684,0.005648557562381,0.0048574805,0.008860886,4.094839e-05
Full model,6,8,0.82136583,0.81792945,0.82302344,0.8211693,0.005648557562381,0.0034363866,0.00323987,0.0016576052
Full model,6,8,0.8179489,0.81589675,0.82136583,0.81672496,0.005648557562381,0.0020521283,0.00082820654,0.0034169555
Full model,6,8,0.8128484,0.8126559,0.8179489,0.8119489,0.005648557562381,0.0001924634,0.0007070303,0.0051004887
Full model,6,8,0.80695885,0.80785865,0.8128484,0.80631554,0.005648557562381,0.0008997917,0.0015431046,0.005889535
Full model,6,8,0.80764204,0.80242556,0.80695885,0.8121565,0.005648557562381,0.0052164793,0.009730935,0.00068318844
Full model,6,8,0.8053985,0.80370003,0.80764204,0.8049148,0.005648557562381,0.001698494,0.0012147427,0.0022435188
Full model,6,8,0.7994216,0.80158514,0.8053985,0.7960426,0.005648557562381,0.0021635294,0.0055425167,0.0059769154
Full model,6,8,0.7958956,0.79541343,0.7994216,0.7964955,0.005648557562381,0.00048214197,0.0010820627,0.003526032
Full model,6,8,0.79358774,0.7920915,0.7958956,0.79534715,0.005648557562381,0.0014962554,0.0032556653,0.0023078322
Full model,6,8,0.7913475,0.7898157,0.79358774,0.79208946,0.005648557562381,0.0015317798,0.0022737384,0.0022402406
Full model,6,8,0.7890898,0.78749424,0.7913475,0.78874314,0.005648557562381,0.0015955567,0.0012488961,0.0022577047
Full model,6,8,0.7851366,0.78525305,0.7890898,0.78373265,0.005648557562381,0.000116467476,0.0015203953,0.0039532185
Full model,6,17,0.8863075,0.88708556,0.8947364,0.88460386,0.005648557562381,0.00077807903,0.002481699,0.008428931
Full model,6,17,0.8787694,0.87982076,0.8863075,0.8785371,0.005648557562381,0.0010513663,0.0012836456,0.00753808
Full model,6,17,0.8758942,0.8736065,0.8787694,0.87928426,0.005648557562381,0.0022876859,0.0056777596,0.0028752089
Full model,6,17,0.87374264,0.8711127,0.8758942,0.87586355,0.005648557562381,0.0026299357,0.004750848,0.0021515489
Full model,6,17,0.8705092,0.86908525,0.87374264,0.8702913,0.005648557562381,0.001423955,0.0012060404,0.0032334328
Full model,6,17,0.8679359,0.86587346,0.8705092,0.86810833,0.005648557562381,0.00206244,0.0022348762,0.0025733113
Full model,6,17,0.8556565,0.86356217,0.8679359,0.8488397,0.005648557562381,0.007905662,0.0147224665,0.012279391
Full model,6,17,0.847178,0.85155743,0.8556565,0.84749323,0.005648557562381,0.0043794513,0.0040642023,0.008478522
Full model,6,17,0.84300923,0.84300417,0.847178,0.84671694,0.005648557562381,5.066395e-06,0.0037127733,0.004168749
Full model,6,17,0.8357066,0.8389683,0.84300923,0.8345817,0.005648557562381,0.0032616854,0.004386604,0.007302642
Full model,6,17,0.8343915,0.8314185,0.8357066,0.83772355,0.005648557562381,0.0029729605,0.006305039,0.0013151169
Full model,6,17,0.8306458,0.8299645,0.8343915,0.8302204,0.005648557562381,0.0006812811,0.00025588274,0.003745675
Full model,6,17,0.8274754,0.82525694,0.8306458,0.8281061,0.005648557562381,0.0022184849,0.0028491616,0.003170371
Full model,6,17,0.8289869,0.8222928,0.8274754,0.83286464,0.005648557562381,0.0066940784,0.010571837,0.0015114546
Full model,6,17,0.8276623,0.8249871,0.8289869,0.82703626,0.005648557562381,0.0026751757,0.002049148,0.001324594
Full model,6,17,0.82433385,0.8238826,0.8276623,0.82250845,0.005648557562381,0.00045126677,0.0013741255,0.0033284426
Full model,6,17,0.8221723,0.8207658,0.82433385,0.82237285,0.005648557562381,0.0014064908,0.0016070604,0.0021615624
Full model,6,17,0.8080104,0.818497,0.8221723,0.79946065,0.005648557562381,0.010486603,0.019036353,0.014161885
Full model,6,17,0.79550105,0.80436945,0.8080104,0.79318243,0.005648557562381,0.008868396,0.011187017,0.012509346
Full model,6,17,0.788829,0.79197276,0.79550105,0.7925143,0.005648557562381,0.0031437278,0.0005415678,0.0066720247
Full model,6,17,0.78471535,0.7852793,0.788829,0.7881266,0.005648557562381,0.00056391954,0.0028473139,0.004113674
Full model,6,17,0.7820456,0.781202,0.78471535,0.78366435,0.005648557562381,0.00084358454,0.0024623275,0.0026697516
Without quantum attention,6,8,0.89839995,0.8957553,0.9017133,0.90064675,0.005648557562381,0.002644658,0.004891455,0.0033133626
Without quantum attention,6,8,0.8883719,0.89339507,0.89839995,0.88429236,0.005648557562381,0.0050231814,0.009102702,0.010028064
Without quantum attention,6,8,0.8770479,0.8793275,0.8883719,0.87401485,0.005648557562381,0.0022795796,0.0053126216,0.011323988
Without quantum attention,6,8,0.87024885,0.8709931,0.8770479,0.87282014,0.005648557562381,0.0007442236,0.0018270612,0.006799042
Without quantum attention,6,8,0.86803865,0.8658523,0.87024885,0.8729449,0.005648557562381,0.002186358,0.007092595,0.0022101998
Without quantum attention,6,8,0.8603048,0.8643822,0.86803865,0.8575645,0.005648557562381,0.0040774345,0.0068176985,0.0077338815
Without quantum attention,6,8,0.85124344,0.8566415,0.8603048,0.84833086,0.005648557562381,0.005398035,0.008310616,0.0090613365
Without quantum attention,6,8,0.835513,0.84780663,0.85124344,0.82999146,0.005648557562381,0.012293637,0.017815173,0.01573044
Without quantum attention,6,8,0.8263239,0.8315731,0.835513,0.82971585,0.005648557562381,0.0052492023,0.0018572807,0.009189069
Without quantum attention,6,8,0.8229825,0.82286733,0.8263239,0.8287887,0.005648557562381,0.000115156174,0.005921364,0.0033414364
Without quantum attention,6,8,0.82302344,0.8194358,0.8229825,0.82702684,0.005648557562381,0.0035876632,0.0075910687,4.094839e-05
Without quantum attention,6,8,0.82136583,0.8187731,0.82302344,0.8211693,0.005648557562381,0.0025927424,0.002396226,0.0016576052
Without quantum attention,6,8,0.8179489,0.81715465,0.82136583,0.81672496,0.005648557562381,0.0007942319,0.00042968988,0.0034169555
Without quantum attention,6,8,0.8128484,0.8137589,0.8179489,0.8119489,0.005648557562381,0.00091052055,0.0018100142,0.0051004887
Without quantum attention,6,8,0.80695885,0.80901796,0.8128484,0.80631554,0.005648557562381,0.002059102,0.002702415,0.005889535
Without quantum attention,6,8,0.80764204,0.80329823,0.80695885,0.8121565,0.005648557562381,0.0043438077,0.0088582635,0.00068318844
Without quantum attention,6,8,0.8053985,0.80389553,0.80764204,0.8049148,0.005648557562381,0.0015029907,0.0010192394,0.0022435188
Without quantum attention,6,8,0.7994216,0.801678,0.8053985,0.7960426,0.005648557562381,0.0022563934,0.0056353807,0.0059769154
Without quantum attention,6,8,0.7958956,0.7953053,0.7994216,0.7964955,0.005648557562381,0.0005902648,0.0011901855,0.003526032
Without quantum attention,6,8,0.79358774,0.7923418,0.7958956,0.79534715,0.005648557562381,0.0012459159,0.0030053258,0.0023078322
Without quantum attention,6,8,0.7913475,0.789665,0.79358774,0.79208946,0.005648557562381,0.0016825199,0.0024244785,0.0022402406
Without quantum attention,6,8,0.7890898,0.78752315,0.7913475,0.78874314,0.005648557562381,0.0015666485,0.0012199879,0.0022577047
Without quantum attention,6,8,0.7851366,0.7855713,0.7890898,0.78373265,0.005648557562381,0.00043469667,0.0018386245,0.0039532185
Without quantum attention,6,17,0.8863075,0.8872884,0.8947364,0.88460386,0.005648557562381,0.0009809136,0.0026845336,0.008428931
Without quantum attention,6,17,0.8787694,0.8810049,0.8863075,0.8785371,0.005648557562381,0.0022355318,0.002467811,0.00753808
Without quantum attention,6,17,0.8758942,0.8740673,0.8787694,0.87928426,0.005648557562381,0.0018268824,0.005216956,0.0028752089
Without quantum attention,6,17,0.87374264,0.8710322,0.8758942,0.87586355,0.005648557562381,0.0027104616,0.0048313737,0.0021515489
Without quantum attention,6,17,0.8705092,0.86875504,0.87374264,0.8702913,0.005648557562381,0.0017541647,0.0015362501,0.0032334328
Without quantum attention,6,17,0.8679359,0.8663576,0.8705092,0.86810833,0.005648557562381,0.0015782714,0.0017507076,0.0025733113
Without quantum attention,6,17,0.8556565,0.86442935,0.8679359,0.8488397,0.005648557562381,0.00877285,0.015589654,0.012279391
Without quantum attention,6,17,0.847178,0.85214037,0.8556565,0.84749323,0.005648557562381,0.0049623847,0.0046471357,0.008478522
Without quantum attention,6,17,0.84300923,0.8436695,0.847178,0.84671694,0.005648557562381,0.00066024065,0.0030474663,0.004168749
Without quantum attention,6,17,0.8357066,0.8395105,0.84300923,0.8345817,0.005648557562381,0.0038039088,0.0049288273,0.007302642
Without quantum attention,6,17,0.8343915,0.83189887,0.8357066,0.83772355,0.005648557562381,0.0024926066,0.005824685,0.0013151169
Without quantum attention,6,17,0.8306458,0.8299061,0.8343915,0.8302204,0.005648557562381,0.00073969364,0.0003142953,0.003745675
Without quantum attention,6,17,0.8274754,0.82670933,0.8306458,0.8281061,0.005648557562381,0.0007660985,0.0013967752,0.003170371
Without quantum attention,6,17,0.8289869,0.8238448,0.8274754,0.83286464,0.005648557562381,0.0051420927,0.009019852,0.0015114546
Without quantum attention,6,17,0.8276623,0.82544476,0.8289869,0.82703626,0.005648557562381,0.0022175312,0.0015915036,0.001324594
Without quantum attention,6,17,0.82433385,0.8240056,0.8276623,0.82250845,0.005648557562381,0.00032824278,0.0014971495,0.0033284426
Without quantum attention,6,17,0.8221723,0.8207694,0.82433385,0.82237285,0.005648557562381,0.0014028549,0.0016034245,0.0021615624
Without quantum attention,6,17,0.8080104,0.81855303,0.8221723,0.79946065,0.005648557562381,0.010542631,0.019092381,0.014161885
Without quantum attention,6,17,0.79550105,0.80434114,0.8080104,0.79318243,0.005648557562381,0.008840084,0.011158705,0.012509346
Without quantum attention,6,17,0.788829,0.7917731,0.79550105,0.7925143,0.005648557562381,0.0029440522,0.00074124336,0.0066720247
Without quantum attention,6,17,0.78471535,0.78528804,0.788829,0.7881266,0.005648557562381,0.0005726814,0.002838552,0.004113674
Without quantum attention,6,17,0.7820456,0.7810849,0.78471535,0.78366435,0.005648557562381,0.00096070766,0.0025794506,0.0026697516
Without VQR,6,8,0.89839995,0.8913137,0.9017133,0.90064675,0.005648557562381,0.007086277,0.009333074,0.0033133626
Without VQR,6,8,0.8883719,0.8888915,0.89839995,0.88429236,0.005648557562381,0.0005196333,0.004599154,0.010028064
Without VQR,6,8,0.8770479,0.8791708,0.8883719,0.87401485,0.005648557562381,0.002122879,0.005155921,0.011323988
Without VQR,6,8,0.87024885,0.86887634,0.8770479,0.87282014,0.005648557562381,0.0013725162,0.003943801,0.006799042
Without VQR,6,8,0.86803865,0.86327064,0.87024885,0.8729449,0.005648557562381,0.004768014,0.009674251,0.0022101998
Without VQR,6,8,0.8603048,0.86163795,0.86803865,0.8575645,0.005648557562381,0.0013331771,0.004073441,0.0077338815
Without VQR,6,8,0.85124344,0.85415685,0.8603048,0.84833086,0.005648557562381,0.0029134154,0.0058259964,0.0090613365
Without VQR,6,8,0.835513,0.8456971,0.85124344,0.82999146,0.005648557562381,0.010184109,0.015705645,0.01573044
Without VQR,6,8,0.8263239,0.83015895,0.835513,0.82971585,0.005648557562381,0.0038350224,0.00044310093,0.009189069
Without VQR,6,8,0.8229825,0.82137173,0.8263239,0.8287887,0.005648557562381,0.0016107559,0.0074169636,0.0033414364
Without VQR,6,8,0.82302344,0.8180522,0.8229825,0.82702684,0.005648557562381,0.004971266,0.008974671,4.094839e-05
Without VQR,6,8,0.82136583,0.8178676,0.82302344,0.8211693,0.005648557562381,0.0034982562,0.0033017397,0.0016576052
Without VQR,6,8,0.8179489,0.81584597,0.82136583,0.81672496,0.005648557562381,0.0021029115,0.0008789897,0.0034169555
Without VQR,6,8,0.8128484,0.8127136,0.8179489,0.8119489,0.005648557562381,0.0001347661,0.0007647276,0.0051004887
Without VQR,6,8,0.80695885,0.80797696,0.8128484,0.80631554,0.005648557562381,0.0010181069,0.0016614199,0.005889535
Without VQR,6,8,0.80764204,0.80258465,0.80695885,0.8121565,0.005648557562381,0.0050573945,0.00957185,0.00068318844
Without VQR,6,8,0.8053985,0.8038761,0.80764204,0.8049148,0.005648557562381,0.0015224218,0.0010386705,0.0022435188
Without VQR,6,8,0.7994216,0.80171734,0.8053985,0.7960426,0.005648557562381,0.0022957325,0.00567472,0.0059769154
Without VQR,6,8,0.7958956,0.79555416,0.7994216,0.7964955,0.005648557562381,0.0003414154,0.00094133615,0.003526032
Without VQR,6,8,0.79358774,0.79217374,0.7958956,0.79534715,0.005648557562381,0.001414001,0.003173411,0.0023078322
Without VQR,6,8,0.7913475,0.78999054,0.79358774,0.79208946,0.005648557562381,0.0013569593,0.002098918,0.0022402406
Without VQR,6,8,0.7890898,0.78763926,0.7913475,0.78874314,0.005648557562381,0.0014505386,0.001103878,0.0022577047
Without VQR,6,8,0.7851366,0.78537846,0.7890898,0.78373265,0.005648557562381,0.00024187565,0.0016458035,0.0039532185
Without VQR,6,17,0.8863075,0.88693213,0.8947364,0.88460386,0.005648557562381,0.0006246567,0.0023282766,0.008428931
Without VQR,6,17,0.8787694,0.87983036,0.8863075,0.8785371,0.005648557562381,0.0010609627,0.001293242,0.00753808
Without VQR,6,17,0.8758942,0.8738695,0.8787694,0.87928426,0.005648557562381,0.0020247102,0.005414784,0.0028752089
Without VQR,6,17,0.87374264,0.8714167,0.8758942,0.87586355,0.005648557562381,0.002325952,0.004446864,0.0021515489
Without VQR,6,17,0.8705092,0.8693026,0.87374264,0.8702913,0.005648557562381,0.0012066364,0.0009887218,0.0032334328
Without VQR,6,17,0.8679359,0.86597043,0.8705092,0.86810833,0.005648557562381,0.0019654632,0.0021378994,0.0025733113
Without VQR,6,17,0.8556565,0.8635868,0.8679359,0.8488397,0.005648557562381,0.007930279,0.014747083,0.012279391
Without VQR,6,17,0.847178,0.85152334,0.8556565,0.84749323,0.005648557562381,0.0043453574,0.0040301085,0.008478522
Without VQR,6,17,0.84300923,0.8429481,0.847178,0.84671694,0.005648557562381,6.1154366e-05,0.0037688613,0.004168749
Without VQR,6,17,0.8357066,0.8388659,0.84300923,0.8345817,0.005648557562381,0.0031592846,0.004284203,0.007302642
Without VQR,6,17,0.8343915,0.8312808,0.8357066,0.83772355,0.005648557562381,0.0031106472,0.0064427257,0.0013151169
Without VQR,6,17,0.8306458,0.82987136,0.8343915,0.8302204,0.005648557562381,0.00077444315,0.0003490448,0.003745675
Without VQR,6,17,0.8274754,0.8252447,0.8306458,0.8281061,0.005648557562381,0.0022307038,0.0028613806,0.003170371
Without VQR,6,17,0.8289869,0.8224688,0.8274754,0.83286464,0.005648557562381,0.006518066,0.010395825,0.0015114546
Without VQR,6,17,0.8276623,0.82509774,0.8289869,0.82703626,0.005648557562381,0.0025645494,0.0019385219,0.001324594
Without VQR,6,17,0.82433385,0.82394207,0.8276623,0.82250845,0.005648557562381,0.00039178133,0.0014336109,0.0033284426
Without VQR,6,17,0.8221723,0.8208201,0.82433385,0.82237285,0.005648557562381,0.001352191,0.0015527606,0.0021615624
Without VQR,6,17,0.8080104,0.81852716,0.8221723,0.79946065,0.005648557562381,0.010516763,0.019066513,0.014161885
Without VQR,6,17,0.79550105,0.8044778,0.8080104,0.79318243,0.005648557562381,0.0089767575,0.011295378,0.012509346
Without VQR,6,17,0.788829,0.7920592,0.79550105,0.7925143,0.005648557562381,0.0032301545,0.00045514107,0.0066720247
Without VQR,6,17,0.78471535,0.78536147,0.788829,0.7881266,0.005648557562381,0.00064611435,0.002765119,0.004113674
Without VQR,6,17,0.7820456,0.78136486,0.78471535,0.78366435,0.005648557562381,0.00068074465,0.0022994876,0.0026697516
Without quantum attention and VQR,6,8,0.89839995,0.89745104,0.9017133,0.90064675,0.005648557562381,0.00094890594,0.003195703,0.0033133626
Without quantum attention and VQR,6,8,0.8883719,0.8941377,0.89839995,0.88429236,0.005648557562381,0.0057657957,0.009845316,0.010028064
Without quantum attention and VQR,6,8,0.8770479,0.8841096,0.8883719,0.87401485,0.005648557562381,0.00706172,0.010094762,0.011323988
Without quantum attention and VQR,6,8,0.87024885,0.8727856,0.8770479,0.87282014,0.005648557562381,0.0025367737,3.451109e-05,0.006799042
Without quantum attention and VQR,6,8,0.86803865,0.8659866,0.87024885,0.8729449,0.005648557562381,0.0020520687,0.006958306,0.0022101998
Without quantum attention and VQR,6,8,0.8603048,0.8637764,0.86803865,0.8575645,0.005648557562381,0.003471613,0.006211877,0.0077338815
Without quantum attention and VQR,6,8,0.85124344,0.8560425,0.8603048,0.84833086,0.005648557562381,0.004799068,0.007711649,0.0090613365
Without quantum attention and VQR,6,8,0.835513,0.84698117,0.85124344,0.82999146,0.005648557562381,0.011468172,0.016989708,0.01573044
Without quantum attention and VQR,6,8,0.8263239,0.8312507,0.835513,0.82971585,0.005648557562381,0.0049268007,0.0015348792,0.009189069
Without quantum attention and VQR,6,8,0.8229825,0.82206166,0.8263239,0.8287887,0.005648557562381,0.00092083216,0.00672704,0.0033414364
Without quantum attention and VQR,6,8,0.82302344,0.8187202,0.8229825,0.82702684,0.005648557562381,0.004303217,0.0083066225,4.094839e-05
Without quantum attention and VQR,6,8,0.82136583,0.81876117,0.82302344,0.8211693,0.005648557562381,0.0026046634,0.0024081469,0.0016576052
Without quantum attention and VQR,6,8,0.8179489,0.81710356,0.82136583,0.81672496,0.005648557562381,0.0008453131,0.0003786087,0.0034169555
Without quantum attention and VQR,6,8,0.8128484,0.8136866,0.8179489,0.8119489,0.005648557562381,0.0008382201,0.0017377138,0.0051004887
Without quantum attention and VQR,6,8,0.80695885,0.8085861,0.8128484,0.80631554,0.005648557562381,0.0016272664,0.0022705793,0.005889535
Without quantum attention and VQR,6,8,0.80764204,0.8026966,0.80695885,0.8121565,0.005648557562381,0.004945457,0.009459913,0.00068318844
Without quantum attention and VQR,6,8,0.8053985,0.8033798,0.80764204,0.8049148,0.005648557562381,0.0020187497,0.0015349984,0.0022435188
Without quantum attention and VQR,6,8,0.7994216,0.80113626,0.8053985,0.7960426,0.005648557562381,0.0017146468,0.005093634,0.0059769154
Without quantum attention and VQR,6,8,0.7958956,0.79515934,0.7994216,0.7964955,0.005648557562381,0.0007362366,0.0013361573,0.003526032
Without quantum attention and VQR,6,8,0.79358774,0.7916333,0.7958956,0.79534715,0.005648557562381,0.0019544363,0.0037138462,0.0023078322
Without quantum attention and VQR,6,8,0.7913475,0.7893255,0.79358774,0.79208946,0.005648557562381,0.002022028,0.0027639866,0.0022402406
Without quantum attention and VQR,6,8,0.7890898,0.78708524,0.7913475,0.78874314,0.005648557562381,0.0020045638,0.0016579032,0.0022577047
Without quantum attention and VQR,6,8,0.7851366,0.78482753,0.7890898,0.78373265,0.005648557562381,0.00030905008,0.0010948777,0.0039532185
Without quantum attention and VQR,6,17,0.8863075,0.89047414,0.8947364,0.88460386,0.005648557562381,0.0041666627,0.0058702826,0.008428931
Without quantum attention and VQR,6,17,0.8787694,0.8820452,0.8863075,0.8785371,0.005648557562381,0.0032758117,0.003508091,0.00753808
Without quantum attention and VQR,6,17,0.8758942,0.8745071,0.8787694,0.87928426,0.005648557562381,0.0013870597,0.0047771335,0.0028752089
Without quantum attention and VQR,6,17,0.87374264,0.8716319,0.8758942,0.87586355,0.005648557562381,0.0021107197,0.0042316318,0.0021515489
Without quantum attention and VQR,6,17,0.8705092,0.8694804,0.87374264,0.8702913,0.005648557562381,0.0010288358,0.0008109212,0.0032334328
Without quantum attention and VQR,6,17,0.8679359,0.86624694,0.8705092,0.86810833,0.005648557562381,0.0016889572,0.0018613935,0.0025733113
Without quantum attention and VQR,6,17,0.8556565,0.8636736,0.8679359,0.8488397,0.005648557562381,0.008017123,0.014833927,0.012279391
Without quantum attention and VQR,6,17,0.847178,0.85139424,0.8556565,0.84749323,0.005648557562381,0.0042162538,0.0039010048,0.008478522
Without quantum attention and VQR,6,17,0.84300923,0.8429157,0.847178,0.84671694,0.005648557562381,9.351969e-05,0.0038012266,0.004168749
Without quantum attention and VQR,6,17,0.8357066,0.83874696,0.84300923,0.8345817,0.005648557562381,0.0030403733,0.004165292,0.007302642
Without quantum attention and VQR,6,17,0.8343915,0.8314443,0.8357066,0.83772355,0.005648557562381,0.0029471517,0.00627923,0.0013151169
Without quantum attention and VQR,6,17,0.8306458,0.8301292,0.8343915,0.8302204,0.005648557562381,0.00051659346,9.119511e-05,0.003745675
Without quantum attention and VQR,6,17,0.8274754,0.82638353,0.8306458,0.8281061,0.005648557562381,0.0010918975,0.0017225742,0.003170371
Without quantum attention and VQR,6,17,0.8289869,0.82321316,0.8274754,0.83286464,0.005648557562381,0.005773723,0.009651482,0.0015114546
Without quantum attention and VQR,6,17,0.8276623,0.8247246,0.8289869,0.82703626,0.005648557562381,0.0029376745,0.002311647,0.001324594
Without quantum attention and VQR,6,17,0.82433385,0.8234,0.8276623,0.82250845,0.005648557562381,0.00093382597,0.0008915663,0.0033284426
Without quantum attention and VQR,6,17,0.8221723,0.8200716,0.82433385,0.82237285,0.005648557562381,0.002100706,0.0023012757,0.0021615624
Without quantum attention and VQR,6,17,0.8080104,0.81791,0.8221723,0.79946065,0.005648557562381,0.009899616,0.018449366,0.014161885
Without quantum attention and VQR,6,17,0.79550105,0.80374813,0.8080104,0.79318243,0.005648557562381,0.008247077,0.010565698,0.012509346
Without quantum attention and VQR,6,17,0.788829,0.7912388,0.79550105,0.7925143,0.005648557562381,0.0024097562,0.0012755394,0.0066720247
Without quantum attention and VQR,6,17,0.78471535,0.78456676,0.788829,0.7881266,0.005648557562381,0.00014859438,0.0035598278,0.004113674
Without quantum attention and VQR,6,17,0.7820456,0.7804531,0.78471535,0.78366435,0.005648557562381,0.0015925169,0.0032112598,0.0026697516
Classical QLSTM gates,6,8,0.89839995,0.8916604,0.9017133,0.90064675,0.005648557562381,0.006739557,0.008986354,0.0033133626
Classical QLSTM gates,6,8,0.8883719,0.8886672,0.89839995,0.88429236,0.005648557562381,0.00029534101,0.0043748617,0.010028064
Classical QLSTM gates,6,8,0.8770479,0.8788411,0.8883719,0.87401485,0.005648557562381,0.0017932057,0.0048262477,0.011323988
Classical QLSTM gates,6,8,0.87024885,0.8677791,0.8770479,0.87282014,0.005648557562381,0.002469778,0.005041063,0.006799042
Classical QLSTM gates,6,8,0.86803865,0.86325157,0.87024885,0.8729449,0.005648557562381,0.0047870874,0.009693325,0.0022101998
Classical QLSTM gates,6,8,0.8603048,0.86374825,0.86803865,0.8575645,0.005648557562381,0.0034434795,0.0061837435,0.0077338815
Classical QLSTM gates,6,8,0.85124344,0.85579586,0.8603048,0.84833086,0.005648557562381,0.004552424,0.007465005,0.0090613365
Classical QLSTM gates,6,8,0.835513,0.84678465,0.85124344,0.82999146,0.005648557562381,0.011271656,0.016793191,0.01573044
Classical QLSTM gates,6,8,0.8263239,0.8309785,0.835513,0.82971585,0.005648557562381,0.0046545863,0.0012626648,0.009189069
Classical QLSTM gates,6,8,0.8229825,0.821845,0.8263239,0.8287887,0.005648557562381,0.001137495,0.0069437027,0.0033414364
Classical QLSTM gates,6,8,0.82302344,0.81847185,0.8229825,0.82702684,0.005648557562381,0.0045515895,0.008554995,4.094839e-05
Classical QLSTM gates,6,8,0.82136583,0.8182664,0.82302344,0.8211693,0.005648557562381,0.0030994415,0.002902925,0.0016576052
Classical QLSTM gates,6,8,0.8179489,0.81647784,0.82136583,0.81672496,0.005648557562381,0.0014710426,0.00024712086,0.0034169555
Classical QLSTM gates,6,8,0.8128484,0.8130932,0.8179489,0.8119489,0.005648557562381,0.00024479628,0.00114429,0.0051004887
Classical QLSTM gates,6,8,0.80695885,0.80810666,0.8128484,0.80631554,0.005648557562381,0.0011478066,0.0017911196,0.005889535
Classical QLSTM gates,6,8,0.80764204,0.8024132,0.80695885,0.8121565,0.005648557562381,0.0052288175,0.009743273,0.00068318844
Classical QLSTM gates,6,8,0.8053985,0.8034109,0.80764204,0.8049148,0.005648557562381,0.001987636,0.0015038848,0.0022435188
Classical QLSTM gates,6,8,0.7994216,0.80129516,0.8053985,0.7960426,0.005648557562381,0.0018735528,0.00525254,0.0059769154
Classical QLSTM gates,6,8,0.7958956,0.7950973,0.7994216,0.7964955,0.005648557562381,0.000798285,0.0013982058,0.003526032
Classical QLSTM gates,6,8,0.79358774,0.79196024,0.7958956,0.79534715,0.005648557562381,0.0016275048,0.0033869147,0.0023078322
Classical QLSTM gates,6,8,0.7913475,0.7898241,0.79358774,0.79208946,0.005648557562381,0.0015233755,0.0022653341,0.0022402406
Classical QLSTM gates,6,8,0.7890898,0.78748655,0.7913475,0.78874314,0.005648557562381,0.0016032457,0.0012565851,0.0022577047
Classical QLSTM gates,6,8,0.7851366,0.78528106,0.7890898,0.78373265,0.005648557562381,0.00014448166,0.0015484095,0.0039532185
Classical QLSTM gates,6,17,0.8863075,0.8873791,0.8947364,0.88460386,0.005648557562381,0.0010716319,0.0027752519,0.008428931
Classical QLSTM gates,6,17,0.8787694,0.8805183,0.8863075,0.8785371,0.005648557562381,0.0017489195,0.0019811988,0.00753808
Classical QLSTM gates,6,17,0.8758942,0.8745489,0.8787694,0.87928426,0.005648557562381,0.0013452768,0.0047353506,0.0028752089
Classical QLSTM gates,6,17,0.87374264,0.87153184,0.8758942,0.87586355,0.005648557562381,0.0022107959,0.004331708,0.0021515489
Classical QLSTM gates,6,17,0.8705092,0.8691207,0.87374264,0.8702913,0.005648557562381,0.0013884902,0.0011705756,0.0032334328
Classical QLSTM gates,6,17,0.8679359,0.8658577,0.8705092,0.86810833,0.005648557562381,0.0020781755,0.0022506118,0.0025733113
Classical QLSTM gates,6,17,0.8556565,0.8635948,0.8679359,0.8488397,0.005648557562381,0.007938266,0.01475507,0.012279391
Classical QLSTM gates,6,17,0.847178,0.8517171,0.8556565,0.84749323,0.005648557562381,0.004539132,0.004223883,0.008478522
Classical QLSTM gates,6,17,0.84300923,0.8431262,0.847178,0.84671694,0.005648557562381,0.00011694431,0.0035907626,0.004168749
Classical QLSTM gates,6,17,0.8357066,0.8391428,0.84300923,0.8345817,0.005648557562381,0.0034362078,0.004561126,0.007302642
Classical QLSTM gates,6,17,0.8343915,0.83151585,0.8357066,0.83772355,0.005648557562381,0.002875626,0.0062077045,0.0013151169
Classical QLSTM gates,6,17,0.8306458,0.82992536,0.8343915,0.8302204,0.005648557562381,0.00072044134,0.000295043,0.003745675
Classical QLSTM gates,6,17,0.8274754,0.82575655,0.8306458,0.8281061,0.005648557562381,0.0017188787,0.0023495555,0.003170371
Classical QLSTM gates,6,17,0.8289869,0.822898,0.8274754,0.83286464,0.005648557562381,0.0060889125,0.0099666715,0.0015114546
Classical QLSTM gates,6,17,0.8276623,0.8250771,0.8289869,0.82703626,0.005648557562381,0.0025851727,0.001959145,0.001324594
Classical QLSTM gates,6,17,0.82433385,0.8237806,0.8276623,0.82250845,0.005648557562381,0.0005532503,0.0012721419,0.0033284426
Classical QLSTM gates,6,17,0.8221723,0.8207016,0.82433385,0.82237285,0.005648557562381,0.001470685,0.0016712546,0.0021615624
Classical QLSTM gates,6,17,0.8080104,0.81844175,0.8221723,0.79946065,0.005648557562381,0.010431349,0.0189811,0.014161885
Classical QLSTM gates,6,17,0.79550105,0.8046351,0.8080104,0.79318243,0.005648557562381,0.009134054,0.011452675,0.012509346
Classical QLSTM gates,6,17,0.788829,0.7925144,0.79550105,0.7925143,0.005648557562381,0.0036853552,5.9604645e-08,0.0066720247
Classical QLSTM gates,6,17,0.78471535,0.78590363,0.788829,0.7881266,0.005648557562381,0.0011882782,0.0022229552,0.004113674
Classical QLSTM gates,6,17,0.7820456,0.781613,0.78471535,0.78366435,0.005648557562381,0.0004326105,0.0020513535,0.0026697516
Classical attention circuits,6,8,0.89839995,0.8920169,0.9017133,0.90064675,0.005648557562381,0.0063830614,0.0086298585,0.0033133626
Classical attention circuits,6,8,0.8883719,0.88916886,0.89839995,0.88429236,0.005648557562381,0.0007969737,0.0048764944,0.010028064
Classical attention circuits,6,8,0.8770479,0.87968,0.8883719,0.87401485,0.005648557562381,0.0026320815,0.0056651235,0.011323988
Classical attention circuits,6,8,0.87024885,0.8693983,0.8770479,0.87282014,0.005648557562381,0.0008505583,0.003421843,0.006799042
Classical attention circuits,6,8,0.86803865,0.86453956,0.87024885,0.8729449,0.005648557562381,0.0034990907,0.008405328,0.0022101998
Classical attention circuits,6,8,0.8603048,0.86410433,0.86803865,0.8575645,0.005648557562381,0.0037995577,0.0065398216,0.0077338815
Classical attention circuits,6,8,0.85124344,0.85694164,0.8603048,0.84833086,0.005648557562381,0.005698204,0.008610785,0.0090613365
Classical attention circuits,6,8,0.835513,0.8471515,0.85124344,0.82999146,0.005648557562381,0.011638522,0.017160058,0.01573044
Classical attention circuits,6,8,0.8263239,0.83093435,0.835513,0.82971585,0.005648557562381,0.0046104193,0.0012184978,0.009189069
Classical attention circuits,6,8,0.8229825,0.82139045,0.8263239,0.8287887,0.005648557562381,0.0015920401,0.0073982477,0.0033414364
Classical attention circuits,6,8,0.82302344,0.8179751,0.8229825,0.82702684,0.005648557562381,0.0050483346,0.00905174,4.094839e-05
Classical attention circuits,6,8,0.82136583,0.8181892,0.82302344,0.8211693,0.005648557562381,0.0031766295,0.002980113,0.0016576052
Classical attention circuits,6,8,0.8179489,0.8166949,0.82136583,0.81672496,0.005648557562381,0.0012539625,3.0040741e-05,0.0034169555
Classical attention circuits,6,8,0.8128484,0.8138336,0.8179489,0.8119489,0.005648557562381,0.0009852052,0.0018846989,0.0051004887
Classical attention circuits,6,8,0.80695885,0.80896086,0.8128484,0.80631554,0.005648557562381,0.0020020008,0.0026453137,0.005889535
Classical attention circuits,6,8,0.80764204,0.8032102,0.80695885,0.8121565,0.005648557562381,0.0044318438,0.0089463,0.00068318844
Classical attention circuits,6,8,0.8053985,0.8044777,0.80764204,0.8049148,0.005648557562381,0.00092083216,0.00043708086,0.0022435188
Classical attention circuits,6,8,0.7994216,0.8020402,0.8053985,0.7960426,0.005648557562381,0.0026186109,0.005997598,0.0059769154
Classical attention circuits,6,8,0.7958956,0.7957814,0.7994216,0.7964955,0.005648557562381,0.0001142025,0.00071412325,0.003526032
Classical attention circuits,6,8,0.79358774,0.7921946,0.7958956,0.79534715,0.005648557562381,0.0013931394,0.0031525493,0.0023078322
Classical attention circuits,6,8,0.7913475,0.78992486,0.79358774,0.79208946,0.005648557562381,0.0014226437,0.0021646023,0.0022402406
Classical attention circuits,6,8,0.7890898,0.7878123,0.7913475,0.78874314,0.005648557562381,0.0012775064,0.00093084574,0.0022577047
Classical attention circuits,6,8,0.7851366,0.7850877,0.7890898,0.78373265,0.005648557562381,4.887581e-05,0.001355052,0.0039532185
Classical attention circuits,6,17,0.8863075,0.8871281,0.8947364,0.88460386,0.005648557562381,0.00082063675,0.0025242567,0.008428931
Classical attention circuits,6,17,0.8787694,0.87979054,0.8863075,0.8785371,0.005648557562381,0.0010211468,0.0012534261,0.00753808
Classical attention circuits,6,17,0.8758942,0.8731089,0.8787694,0.87928426,0.005648557562381,0.0027852654,0.006175339,0.0028752089
Classical attention circuits,6,17,0.87374264,0.87044895,0.8758942,0.87586355,0.005648557562381,0.003293693,0.005414605,0.0021515489
Classical attention circuits,6,17,0.8705092,0.86906105,0.87374264,0.8702913,0.005648557562381,0.0014481544,0.0012302399,0.0032334328
Classical attention circuits,6,17,0.8679359,0.86700934,0.8705092,0.86810833,0.005648557562381,0.0009265542,0.0010989904,0.0025733113
Classical attention circuits,6,17,0.8556565,0.8646843,0.8679359,0.8488397,0.005648557562381,0.009027779,0.015844584,0.012279391
Classical attention circuits,6,17,0.847178,0.85188746,0.8556565,0.84749323,0.005648557562381,0.004709482,0.004394233,0.008478522
Classical attention circuits,6,17,0.84300923,0.8428371,0.847178,0.84671694,0.005648557562381,0.00017213821,0.0038798451,0.004168749
Classical attention circuits,6,17,0.8357066,0.8384253,0.84300923,0.8345817,0.005648557562381,0.002718687,0.0038436055,0.007302642
Classical attention circuits,6,17,0.8343915,0.8308789,0.8357066,0.83772355,0.005648557562381,0.0035125613,0.00684464,0.0013151169
Classical attention circuits,6,17,0.8306458,0.8298979,0.8343915,0.8302204,0.005648557562381,0.0007479191,0.00032252073,0.003745675
Classical attention circuits,6,17,0.8274754,0.82613844,0.8306458,0.8281061,0.005648557562381,0.0013369918,0.0019676685,0.003170371
Classical attention circuits,6,17,0.8289869,0.8236693,0.8274754,0.83286464,0.005648557562381,0.005317569,0.009195328,0.0015114546
Classical attention circuits,6,17,0.8276623,0.8255337,0.8289869,0.82703626,0.005648557562381,0.002128601,0.0015025735,0.001324594
Classical attention circuits,6,17,0.82433385,0.8240214,0.8276623,0.82250845,0.005648557562381,0.00031244755,0.0015129447,0.0033284426
Classical attention circuits,6,17,0.8221723,0.8205628,0.82433385,0.82237285,0.005648557562381,0.0016095042,0.0018100739,0.0021615624
Classical attention circuits,6,17,0.8080104,0.81794995,0.8221723,0.79946065,0.005648557562381,0.009939551,0.018489301,0.014161885
Classical attention circuits,6,17,0.79550105,0.8043022,0.8080104,0.79318243,0.005648557562381,0.008801162,0.011119783,0.012509346
Classical attention circuits,6,17,0.788829,0.79191357,0.79550105,0.7925143,0.005648557562381,0.0030845404,0.0006007552,0.0066720247
Classical attention circuits,6,17,0.78471535,0.78518087,0.788829,0.7881266,0.005648557562381,0.00046551228,0.0029457211,0.004113674
Classical attention circuits,6,17,0.7820456,0.78116,0.78471535,0.78366435,0.005648557562381,0.0008856058,0.0025043488,0.0026697516
Classical VQR circuit,6,8,0.89839995,0.8918921,0.9017133,0.90064675,0.005648557562381,0.0065078735,0.008754671,0.0033133626
Classical VQR circuit,6,8,0.8883719,0.88921785,0.89839995,0.88429236,0.005648557562381,0.0008459687,0.0049254894,0.010028064
Classical VQR circuit,6,8,0.8770479,0.8786288,0.8883719,0.87401485,0.005648557562381,0.001580894,0.004613936,0.011323988
Classical VQR circuit,6,8,0.87024885,0.8687511,0.8770479,0.87282014,0.005648557562381,0.0014977455,0.0040690303,0.006799042
Classical VQR circuit,6,8,0.86803865,0.86357504,0.87024885,0.8729449,0.005648557562381,0.004463613,0.00936985,0.0022101998
Classical VQR circuit,6,8,0.8603048,0.8616349,0.86803865,0.8575645,0.005648557562381,0.0013301373,0.004070401,0.0077338815
Classical VQR circuit,6,8,0.85124344,0.8541556,0.8603048,0.84833086,0.005648557562381,0.0029121637,0.0058247447,0.0090613365
Classical VQR circuit,6,8,0.835513,0.8458083,0.85124344,0.82999146,0.005648557562381,0.0102953315,0.015816867,0.01573044
Classical VQR circuit,6,8,0.8263239,0.82995677,0.835513,0.82971585,0.005648557562381,0.0036328435,0.00024092197,0.009189069
Classical VQR circuit,6,8,0.8229825,0.82144535,0.8263239,0.8287887,0.005648557562381,0.0015371442,0.007343352,0.0033414364
Classical VQR circuit,6,8,0.82302344,0.81804216,0.8229825,0.82702684,0.005648557562381,0.0049812794,0.008984685,4.094839e-05
Classical VQR circuit,6,8,0.82136583,0.81758326,0.82302344,0.8211693,0.005648557562381,0.0037825704,0.0035860538,0.0016576052
Classical VQR circuit,6,8,0.8179489,0.81557417,0.82136583,0.81672496,0.005648557562381,0.0023747087,0.0011507869,0.0034169555
Classical VQR circuit,6,8,0.8128484,0.8125819,0.8179489,0.8119489,0.005648557562381,0.00026649237,0.0006330013,0.0051004887
Classical VQR circuit,6,8,0.80695885,0.80794847,0.8128484,0.80631554,0.005648557562381,0.0009896159,0.0016329288,0.005889535
Classical VQR circuit,6,8,0.80764204,0.80270994,0.80695885,0.8121565,0.005648557562381,0.0049321055,0.009446561,0.00068318844
Classical VQR circuit,6,8,0.8053985,0.80451006,0.80764204,0.8049148,0.005648557562381,0.00088846684,0.00040471554,0.0022435188
Classical VQR circuit,6,8,0.7994216,0.8018354,0.8053985,0.7960426,0.005648557562381,0.0024138093,0.0057927966,0.0059769154
Classical VQR circuit,6,8,0.7958956,0.7955543,0.7994216,0.7964955,0.005648557562381,0.0003412962,0.00094121695,0.003526032
Classical VQR circuit,6,8,0.79358774,0.7923452,0.7958956,0.79534715,0.005648557562381,0.0012425184,0.0030019283,0.0023078322
Classical VQR circuit,6,8,0.7913475,0.79060084,0.79358774,0.79208946,0.005648557562381,0.0007466674,0.001488626,0.0022402406
Classical VQR circuit,6,8,0.7890898,0.7877089,0.7913475,0.78874314,0.005648557562381,0.0013809204,0.0010342598,0.0022577047
Classical VQR circuit,6,8,0.7851366,0.7854211,0.7890898,0.78373265,0.005648557562381,0.00028449297,0.0016884208,0.0039532185
Classical VQR circuit,6,17,0.8863075,0.886296,0.8947364,0.88460386,0.005648557562381,1.1503696e-05,0.0016921163,0.008428931
Classical VQR circuit,6,17,0.8787694,0.87976015,0.8863075,0.8785371,0.005648557562381,0.0009907484,0.0012230277,0.00753808
Classical VQR circuit,6,17,0.8758942,0.8747117,0.8787694,0.87928426,0.005648557562381,0.0011824965,0.0045725703,0.0028752089
Classical VQR circuit,6,17,0.87374264,0.87198305,0.8758942,0.87586355,0.005648557562381,0.0017595887,0.0038805008,0.0021515489
Classical VQR circuit,6,17,0.8705092,0.86939985,0.87374264,0.8702913,0.005648557562381,0.0011093616,0.00089144707,0.0032334328
Classical VQR circuit,6,17,0.8679359,0.8657413,0.8705092,0.86810833,0.005648557562381,0.0021945834,0.0023670197,0.0025733113
Classical VQR circuit,6,17,0.8556565,0.8637713,0.8679359,0.8488397,0.005648557562381,0.008114815,0.014931619,0.012279391
Classical VQR circuit,6,17,0.847178,0.8516003,0.8556565,0.84749323,0.005648557562381,0.004422307,0.004107058,0.008478522
Classical VQR circuit,6,17,0.84300923,0.84295845,0.847178,0.84671694,0.005648557562381,5.0783157e-05,0.00375849,0.004168749
Classical VQR circuit,6,17,0.8357066,0.838879,0.84300923,0.8345817,0.005648557562381,0.0031723976,0.004297316,0.007302642
Classical VQR circuit,6,17,0.8343915,0.8310365,0.8357066,0.83772355,0.005648557562381,0.0033549666,0.006687045,0.0013151169
Classical VQR circuit,6,17,0.8306458,0.8295151,0.8343915,0.8302204,0.005648557562381,0.0011307001,0.00070530176,0.003745675
Classical VQR circuit,6,17,0.8274754,0.8249255,0.8306458,0.8281061,0.005648557562381,0.0025499463,0.003180623,0.003170371
Classical VQR circuit,6,17,0.8289869,0.82276785,0.8274754,0.83286464,0.005648557562381,0.0062190294,0.010096788,0.0015114546
Classical VQR circuit,6,17,0.8276623,0.82525265,0.8289869,0.82703626,0.005648557562381,0.002409637,0.0017836094,0.001324594
Classical VQR circuit,6,17,0.82433385,0.823974,0.8276623,0.82250845,0.005648557562381,0.00035983324,0.001465559,0.0033284426
Classical VQR circuit,6,17,0.8221723,0.82086444,0.82433385,0.82237285,0.005648557562381,0.0013078451,0.0015084147,0.0021615624
Classical VQR circuit,6,17,0.8080104,0.8184291,0.8221723,0.79946065,0.005648557562381,0.010418713,0.018968463,0.014161885
Classical VQR circuit,6,17,0.79550105,0.80478495,0.8080104,0.79318243,0.005648557562381,0.0092839,0.011602521,0.012509346
Classical VQR circuit,6,17,0.788829,0.79244417,0.79550105,0.7925143,0.005648557562381,0.003615141,7.015467e-05,0.0066720247
Classical VQR circuit,6,17,0.78471535,0.7853393,0.788829,0.7881266,0.005648557562381,0.0006239414,0.002787292,0.004113674
Classical VQR circuit,6,17,0.7820456,0.7814602,0.78471535,0.78366435,0.005648557562381,0.0005853772,0.0022041202,0.0026697516
All circuits classical,6,8,0.89839995,0.89095,0.9017133,0.90064675,0.005648557562381,0.007449925,0.009696722,0.0033133626
All circuits classical,6,8,0.8883719,0.88853306,0.89839995,0.88429236,0.005648557562381,0.00016117096,0.0042406917,0.010028064
All circuits classical,6,8,0.8770479,0.8782123,0.8883719,0.87401485,0.005648557562381,0.0011643767,0.0041974187,0.011323988
All circuits classical,6,8,0.87024885,0.86782795,0.8770479,0.87282014,0.005648557562381,0.0024209023,0.004992187,0.006799042
All circuits classical,6,8,0.86803865,0.86436427,0.87024885,0.8729449,0.005648557562381,0.003674388,0.008580625,0.0022101998
All circuits classical,6,8,0.8603048,0.86474,0.86803865,0.8575645,0.005648557562381,0.004435241,0.007175505,0.0077338815
All circuits classical,6,8,0.85124344,0.8567793,0.8603048,0.84833086,0.005648557562381,0.005535841,0.008448422,0.0090613365
All circuits classical,6,8,0.835513,0.8470978,0.85124344,0.82999146,0.005648557562381,0.011584818,0.017106354,0.01573044
All circuits classical,6,8,0.8263239,0.8303113,0.835513,0.82971585,0.005648557562381,0.003987372,0.0005954504,0.009189069
All circuits classical,6,8,0.8229825,0.820493,0.8263239,0.8287887,0.005648557562381,0.0024895072,0.008295715,0.0033414364
All circuits classical,6,8,0.82302344,0.8170588,0.8229825,0.82702684,0.005648557562381,0.005964637,0.009968042,4.094839e-05
All circuits classical,6,8,0.82136583,0.817462,0.82302344,0.8211693,0.005648557562381,0.0039038062,0.0037072897,0.0016576052
All circuits classical,6,8,0.8179489,0.8157672,0.82136583,0.81672496,0.005648557562381,0.0021816492,0.00095772743,0.0034169555
All circuits classical,6,8,0.8128484,0.81305766,0.8179489,0.8119489,0.005648557562381,0.00020927191,0.0011087656,0.0051004887
All circuits classical,6,8,0.80695885,0.8079811,0.8128484,0.80631554,0.005648557562381,0.0010222197,0.0016655326,0.005889535
All circuits classical,6,8,0.80764204,0.80235505,0.80695885,0.8121565,0.005648557562381,0.0052869916,0.009801447,0.00068318844
All circuits classical,6,8,0.8053985,0.80404216,0.80764204,0.8049148,0.005648557562381,0.0013563633,0.000872612,0.0022435188
All circuits classical,6,8,0.7994216,0.80187243,0.8053985,0.7960426,0.005648557562381,0.0024508238,0.005829811,0.0059769154
All circuits classical,6,8,0.7958956,0.79583454,0.7994216,0.7964955,0.005648557562381,6.1035156e-05,0.0006609559,0.003526032
All circuits classical,6,8,0.79358774,0.7922438,0.7958956,0.79534715,0.005648557562381,0.0013439655,0.0031033754,0.0023078322
All circuits classical,6,8,0.7913475,0.79002327,0.79358774,0.79208946,0.005648557562381,0.0013242364,0.002066195,0.0022402406
All circuits classical,6,8,0.7890898,0.78830075,0.7913475,0.78874314,0.005648557562381,0.0007890463,0.00044238567,0.0022577047
All circuits classical,6,8,0.7851366,0.78526115,0.7890898,0.78373265,0.005648557562381,0.00012457371,0.0015285015,0.0039532185
All circuits classical,6,17,0.8863075,0.8869554,0.8947364,0.88460386,0.005648557562381,0.0006479025,0.0023515224,0.008428931
All circuits classical,6,17,0.8787694,0.88027185,0.8863075,0.8785371,0.005648557562381,0.0015024543,0.0017347336,0.00753808
All circuits classical,6,17,0.8758942,0.8733107,0.8787694,0.87928426,0.005648557562381,0.0025835037,0.0059735775,0.0028752089
All circuits classical,6,17,0.87374264,0.87064695,0.8758942,0.87586355,0.005648557562381,0.0030956864,0.0052165985,0.0021515489
All circuits classical,6,17,0.8705092,0.86919564,0.87374264,0.8702913,0.005648557562381,0.0013135672,0.0010956526,0.0032334328
All circuits classical,6,17,0.8679359,0.8678976,0.8705092,0.86810833,0.005648557562381,3.8266182e-05,0.00021070242,0.0025733113
All circuits classical,6,17,0.8556565,0.8653038,0.8679359,0.8488397,0.005648557562381,0.00964731,0.016464114,0.012279391
All circuits classical,6,17,0.847178,0.8520573,0.8556565,0.84749323,0.005648557562381,0.004879296,0.004564047,0.008478522
All circuits classical,6,17,0.84300923,0.8425528,0.847178,0.84671694,0.005648557562381,0.00045645237,0.0041641593,0.004168749
All circuits classical,6,17,0.8357066,0.83806866,0.84300923,0.8345817,0.005648557562381,0.0023620725,0.003486991,0.007302642
All circuits classical,6,17,0.8343915,0.8305067,0.8357066,0.83772355,0.005648557562381,0.0038847923,0.007216871,0.0013151169
All circuits classical,6,17,0.8306458,0.82991177,0.8343915,0.8302204,0.005648557562381,0.0007340312,0.00030863285,0.003745675
All circuits classical,6,17,0.8274754,0.8256397,0.8306458,0.8281061,0.005648557562381,0.0018357038,0.0024663806,0.003170371
All circuits classical,6,17,0.8289869,0.82326525,0.8274754,0.83286464,0.005648557562381,0.0057216287,0.009599388,0.0015114546
All circuits classical,6,17,0.8276623,0.82525253,0.8289869,0.82703626,0.005648557562381,0.0024097562,0.0017837286,0.001324594
All circuits classical,6,17,0.82433385,0.82385993,0.8276623,0.82250845,0.005648557562381,0.00047391653,0.0013514757,0.0033284426
All circuits classical,6,17,0.8221723,0.82052326,0.82433385,0.82237285,0.005648557562381,0.0016490221,0.0018495917,0.0021615624
All circuits classical,6,17,0.8080104,0.8178084,0.8221723,0.79946065,0.005648557562381,0.00979799,0.01834774,0.014161885
All circuits classical,6,17,0.79550105,0.8047318,0.8080104,0.79318243,0.005648557562381,0.009230733,0.011549354,0.012509346
All circuits classical,6,17,0.788829,0.7924147,0.79550105,0.7925143,0.005648557562381,0.0035856962,9.959936e-05,0.0066720247
All circuits classical,6,17,0.78471535,0.7856653,0.788829,0.7881266,0.005648557562381,0.0009499192,0.0024613142,0.004113674
All circuits classical,6,17,0.7820456,0.7817686,0.78471535,0.78366435,0.005648557562381,0.00027698278,0.0018957257,0.0026697516
Persistence,7,3,0.86380184,0.878641,0.878641,0.86238754,0.0054117869585752,0.014839172,0.016253471,0.014839172
Persistence,7,3,0.85187876,0.86380184,0.86380184,0.8542888,0.0054117869585752,0.011923075,0.0095130205,0.011923075
Persistence,7,3,0.85352826,0.85187876,0.85187876,0.86380047,0.0054117869585752,0.0016494989,0.011921704,0.0016494989
Persistence,7,3,0.85024816,0.85352826,0.85352826,0.85045785,0.0054117869585752,0.0032801032,0.003070414,0.0032801032
Persistence,7,3,0.84553885,0.85024816,0.85024816,0.844327,0.0054117869585752,0.0047093034,0.005921185,0.0047093034
Persistence,7,3,0.8431012,0.84553885,0.84553885,0.84462684,0.0054117869585752,0.0024376512,0.00091201067,0.0024376512
Persistence,7,3,0.84268683,0.8431012,0.8431012,0.8458035,0.0054117869585752,0.0004143715,0.0027022958,0.0004143715
Persistence,7,3,0.84226686,0.84268683,0.84268683,0.8436774,0.0054117869585752,0.00041997433,0.0009905696,0.00041997433
Persistence,7,3,0.8436565,0.84226686,0.84226686,0.8448119,0.0054117869585752,0.0013896227,0.0025450587,0.0013896227
Persistence,7,3,0.8436857,0.8436565,0.8436565,0.84333766,0.0054117869585752,2.9206276e-05,0.00031882524,2.9206276e-05
Persistence,7,3,0.83190763,0.8436857,0.8436857,0.823293,0.0054117869585752,0.011778057,0.020392716,0.011778057
Persistence,7,3,0.81595606,0.83190763,0.83190763,0.8092939,0.0054117869585752,0.015951574,0.022613704,0.015951574
Persistence,7,3,0.8011855,0.81595606,0.81595606,0.79986495,0.0054117869585752,0.014770567,0.016091108,0.014770567
Persistence,7,3,0.7942515,0.8011855,0.8011855,0.7998536,0.0054117869585752,0.006933987,0.0013318658,0.006933987
Persistence,7,3,0.80762786,0.7942515,0.7942515,0.8244732,0.0054117869585752,0.013376355,0.0302217,0.013376355
Persistence,7,3,0.82186174,0.80762786,0.80762786,0.82831514,0.0054117869585752,0.014233887,0.020687282,0.014233887
Persistence,7,3,0.8277441,0.82186174,0.82186174,0.82324696,0.0054117869585752,0.0058823824,0.001385212,0.0058823824
Persistence,7,3,0.82048154,0.8277441,0.8277441,0.8094152,0.0054117869585752,0.0072625875,0.018328905,0.0072625875
Persistence,7,3,0.8091384,0.82048154,0.82048154,0.8033943,0.0054117869585752,0.0113431215,0.017087221,0.0113431215
Persistence,7,3,0.802242,0.8091384,0.8091384,0.804537,0.0054117869585752,0.006896436,0.004601419,0.006896436
Persistence,7,3,0.7957432,0.802242,0.802242,0.79609007,0.0054117869585752,0.006498754,0.0061519146,0.006498754
Persistence,7,3,0.7925288,0.7957432,0.7957432,0.79367363,0.0054117869585752,0.003214419,0.0020695925,0.003214419
Persistence,7,3,0.78882366,0.7925288,0.7925288,0.78867537,0.0054117869585752,0.003705144,0.0038534403,0.003705144
Persistence,7,15,0.8717196,0.88120705,0.88120705,0.8724049,0.0054117869585752,0.00948745,0.0088021755,0.00948745
Persistence,7,15,0.8680467,0.8717196,0.8717196,0.87314415,0.0054117869585752,0.0036728978,0.001424551,0.0036728978
Persistence,7,15,0.86082107,0.8680467,0.8680467,0.85962033,0.0054117869585752,0.0072256327,0.008426368,0.0072256327
Persistence,7,15,0.85357535,0.86082107,0.86082107,0.85267913,0.0054117869585752,0.0072457194,0.008141935,0.0072457194
Persistence,7,15,0.84735775,0.85357535,0.85357535,0.84834564,0.0054117869585752,0.006217599,0.0052297115,0.006217599
Persistence,7,15,0.84049565,0.84735775,0.84735775,0.8407997,0.0054117869585752,0.006862104,0.0065580606,0.006862104
Persistence,7,15,0.8387064,0.84049565,0.84049565,0.84251374,0.0054117869585752,0.0017892718,0.002018094,0.0017892718
Persistence,7,15,0.8392511,0.8387064,0.8387064,0.8422961,0.0054117869585752,0.00054472685,0.0035897493,0.00054472685
Persistence,7,15,0.838258,0.8392511,0.8392511,0.8382839,0.0054117869585752,0.000993073,0.00096720457,0.000993073
Persistence,7,15,0.83637214,0.838258,0.838258,0.8357488,0.0054117869585752,0.001885891,0.0025092363,0.001885891
Persistence,7,15,0.8346101,0.83637214,0.83637214,0.8347425,0.0054117869585752,0.0017620325,0.0016296506,0.0017620325
Persistence,7,15,0.83088505,0.8346101,0.8346101,0.8298506,0.0054117869585752,0.0037250519,0.0047594905,0.0037250519
Persistence,7,15,0.8209634,0.83088505,0.83088505,0.81573904,0.0054117869585752,0.00992167,0.015146017,0.00992167
Persistence,7,15,0.8123464,0.8209634,0.8209634,0.8110497,0.0054117869585752,0.008616984,0.009913683,0.008616984
Persistence,7,15,0.8086857,0.8123464,0.8123464,0.8123055,0.0054117869585752,0.0036606789,4.0888786e-05,0.0036606789
Persistence,7,15,0.8055827,0.8086857,0.8086857,0.8074114,0.0054117869585752,0.0031030178,0.0012743473,0.0031030178
Persistence,7,15,0.8031753,0.8055827,0.8055827,0.80365896,0.0054117869585752,0.0024074316,0.0019237399,0.0024074316
Persistence,7,15,0.8008719,0.8031753,0.8031753,0.80093294,0.0054117869585752,0.002303362,0.0022423267,0.002303362
Persistence,7,15,0.79290617,0.8008719,0.8008719,0.7892152,0.0054117869585752,0.007965744,0.011656702,0.007965744
Persistence,7,15,0.78966856,0.79290617,0.79290617,0.7919648,0.0054117869585752,0.003237605,0.00094133615,0.003237605
Full model,7,3,0.86380184,0.870049,0.878641,0.86238754,0.0054117869585752,0.006247163,0.007661462,0.014839172
Full model,7,3,0.85187876,0.85709846,0.86380184,0.8542888,0.0054117869585752,0.005219698,0.0028096437,0.011923075
Full model,7,3,0.85352826,0.8456087,0.85187876,0.86380047,0.0054117869585752,0.00791955,0.018191755,0.0016494989
Full model,7,3,0.85024816,0.84809643,0.85352826,0.85045785,0.0054117869585752,0.0021517277,0.0023614168,0.0032801032
Full model,7,3,0.84553885,0.84596807,0.85024816,0.844327,0.0054117869585752,0.00042921305,0.0016410947,0.0047093034
Full model,7,3,0.8431012,0.8434526,0.84553885,0.84462684,0.0054117869585752,0.00035136938,0.0011742711,0.0024376512
Full model,7,3,0.84268683,0.8399841,0.8431012,0.8458035,0.0054117869585752,0.002702713,0.0058193803,0.0004143715
Full model,7,3,0.84226686,0.83852893,0.84268683,0.8436774,0.0054117869585752,0.0037379265,0.0051484704,0.00041997433
Full model,7,3,0.8436565,0.8377583,0.84226686,0.8448119,0.0054117869585752,0.0058981776,0.0070536137,0.0013896227
Full model,7,3,0.8436857,0.8384672,0.8436565,0.84333766,0.0054117869585752,0.005218506,0.0048704743,2.9206276e-05
Full model,7,3,0.83190763,0.838067,0.8436857,0.823293,0.0054117869585752,0.006159365,0.0147740245,0.011778057
Full model,7,3,0.81595606,0.8270872,0.83190763,0.8092939,0.0054117869585752,0.011131167,0.017793298,0.015951574
Full model,7,3,0.8011855,0.81110334,0.81595606,0.79986495,0.0054117869585752,0.009917855,0.011238396,0.014770567
Full model,7,3,0.7942515,0.7971084,0.8011855,0.7998536,0.0054117869585752,0.0028569102,0.0027452111,0.006933987
Full model,7,3,0.80762786,0.7915368,0.7942515,0.8244732,0.0054117869585752,0.016091049,0.032936394,0.013376355
Full model,7,3,0.82186174,0.8053463,0.80762786,0.82831514,0.0054117869585752,0.016515434,0.022968829,0.014233887
Full model,7,3,0.8277441,0.8188351,0.82186174,0.82324696,0.0054117869585752,0.008909047,0.004411876,0.0058823824
Full model,7,3,0.82048154,0.82455236,0.8277441,0.8094152,0.0054117869585752,0.0040708184,0.015137136,0.0072625875
Full model,7,3,0.8091384,0.81706506,0.82048154,0.8033943,0.0054117869585752,0.007926643,0.0136707425,0.0113431215
Full model,7,3,0.802242,0.80573773,0.8091384,0.804537,0.0054117869585752,0.0034957528,0.0012007356,0.006896436
Full model,7,3,0.7957432,0.79850084,0.802242,0.79609007,0.0054117869585752,0.002757609,0.0024107695,0.006498754
Full model,7,3,0.7925288,0.7916379,0.7957432,0.79367363,0.0054117869585752,0.0008909106,0.002035737,0.003214419
Full model,7,3,0.78882366,0.78870356,0.7925288,0.78867537,0.0054117869585752,0.00012010336,2.8192997e-05,0.003705144
Full model,7,15,0.8717196,0.8738481,0.88120705,0.8724049,0.0054117869585752,0.0021284819,0.0014432073,0.00948745
Full model,7,15,0.8680467,0.8654487,0.8717196,0.87314415,0.0054117869585752,0.0025979877,0.0076954365,0.0036728978
Full model,7,15,0.86082107,0.86242574,0.8680467,0.85962033,0.0054117869585752,0.0016046762,0.0028054118,0.0072256327
Full model,7,15,0.85357535,0.8555079,0.86082107,0.85267913,0.0054117869585752,0.0019325614,0.0028287768,0.0072457194
Full model,7,15,0.84735775,0.84874797,0.85357535,0.84834564,0.0054117869585752,0.0013902187,0.00040233135,0.006217599
Full model,7,15,0.84049565,0.8452593,0.84735775,0.8407997,0.0054117869585752,0.004763663,0.0044596195,0.006862104
Full model,7,15,0.8387064,0.83755577,0.84049565,0.84251374,0.0054117869585752,0.0011506081,0.004957974,0.0017892718
Full model,7,15,0.8392511,0.83502734,0.8387064,0.8422961,0.0054117869585752,0.004223764,0.0072687864,0.00054472685
Full model,7,15,0.838258,0.8347785,0.8392511,0.8382839,0.0054117869585752,0.0034795403,0.0035054088,0.000993073
Full model,7,15,0.83637214,0.83357096,0.838258,0.8357488,0.0054117869585752,0.00280118,0.0021778345,0.001885891
Full model,7,15,0.8346101,0.8310825,0.83637214,0.8347425,0.0054117869585752,0.0035275817,0.0036599636,0.0017620325
Full model,7,15,0.83088505,0.8298973,0.8346101,0.8298506,0.0054117869585752,0.0009877682,4.6670437e-05,0.0037250519
Full model,7,15,0.8209634,0.8257765,0.83088505,0.81573904,0.0054117869585752,0.0048131347,0.010037482,0.00992167
Full model,7,15,0.8123464,0.8171746,0.8209634,0.8110497,0.0054117869585752,0.0048282146,0.0061249137,0.008616984
Full model,7,15,0.8086857,0.8097173,0.8123464,0.8123055,0.0054117869585752,0.0010315776,0.0025882125,0.0036606789
Full model,7,15,0.8055827,0.8059161,0.8086857,0.8074114,0.0054117869585752,0.00033336878,0.0014953017,0.0031030178
Full model,7,15,0.8031753,0.8036699,0.8055827,0.80365896,0.0054117869585752,0.00049465895,1.0967255e-05,0.0024074316
Full model,7,15,0.8008719,0.8011129,0.8031753,0.80093294,0.0054117869585752,0.00024098158,0.00017994642,0.002303362
Full model,7,15,0.79290617,0.79790246,0.8008719,0.7892152,0.0054117869585752,0.0049962997,0.008687258,0.007965744
Full model,7,15,0.78966856,0.78993154,0.79290617,0.7919648,0.0054117869585752,0.0002629757,0.0020332932,0.003237605
Without quantum attention,7,3,0.86380184,0.87179655,0.878641,0.86238754,0.0054117869585752,0.007994711,0.00940901,0.014839172
Without quantum attention,7,3,0.85187876,0.85854906,0.86380184,0.8542888,0.0054117869585752,0.006670296,0.004260242,0.011923075
Without quantum attention,7,3,0.85352826,0.84385425,0.85187876,0.86380047,0.0054117869585752,0.009674013,0.019946218,0.0016494989
Without quantum attention,7,3,0.85024816,0.84803385,0.85352826,0.85045785,0.0054117869585752,0.0022143126,0.0024240017,0.0032801032
Without quantum attention,7,3,0.84553885,0.8466469,0.85024816,0.844327,0.0054117869585752,0.0011080503,0.002319932,0.0047093034
Without quantum attention,7,3,0.8431012,0.8440356,0.84553885,0.84462684,0.0054117869585752,0.000934422,0.0005912185,0.0024376512
Without quantum attention,7,3,0.84268683,0.841129,0.8431012,0.8458035,0.0054117869585752,0.001557827,0.0046744943,0.0004143715
Without quantum attention,7,3,0.84226686,0.8407599,0.84268683,0.8436774,0.0054117869585752,0.0015069842,0.0029175282,0.00041997433
Without quantum attention,7,3,0.8436565,0.8384235,0.84226686,0.8448119,0.0054117869585752,0.00523299,0.006388426,0.0013896227
Without quantum attention,7,3,0.8436857,0.8390994,0.8436565,0.84333766,0.0054117869585752,0.0045862794,0.004238248,2.9206276e-05
Without quantum attention,7,3,0.83190763,0.8379865,0.8436857,0.823293,0.0054117869585752,0.006078899,0.014693558,0.011778057
Without quantum attention,7,3,0.81595606,0.82701874,0.83190763,0.8092939,0.0054117869585752,0.011062682,0.017724812,0.015951574
Without quantum attention,7,3,0.8011855,0.8114089,0.81595606,0.79986495,0.0054117869585752,0.010223389,0.01154393,0.014770567
Without quantum attention,7,3,0.7942515,0.7975947,0.8011855,0.7998536,0.0054117869585752,0.0033432245,0.0022588968,0.006933987
Without quantum attention,7,3,0.80762786,0.79185945,0.7942515,0.8244732,0.0054117869585752,0.015768409,0.032613754,0.013376355
Without quantum attention,7,3,0.82186174,0.8058792,0.80762786,0.82831514,0.0054117869585752,0.015982568,0.022435963,0.014233887
Without quantum attention,7,3,0.8277441,0.8195971,0.82186174,0.82324696,0.0054117869585752,0.008147001,0.0036498308,0.0058823824
Without quantum attention,7,3,0.82048154,0.8258931,0.8277441,0.8094152,0.0054117869585752,0.0054115653,0.016477883,0.0072625875
Without quantum attention,7,3,0.8091384,0.81738853,0.82048154,0.8033943,0.0054117869585752,0.008250117,0.013994217,0.0113431215
Without quantum attention,7,3,0.802242,0.8065388,0.8091384,0.804537,0.0054117869585752,0.0042968392,0.002001822,0.006896436
Without quantum attention,7,3,0.7957432,0.7991516,0.802242,0.79609007,0.0054117869585752,0.0034083724,0.003061533,0.006498754
Without quantum attention,7,3,0.7925288,0.7928333,0.7957432,0.79367363,0.0054117869585752,0.00030452013,0.0008403063,0.003214419
Without quantum attention,7,3,0.78882366,0.78896165,0.7925288,0.78867537,0.0054117869585752,0.00013798475,0.0002862811,0.003705144
Without quantum attention,7,15,0.8717196,0.87471706,0.88120705,0.8724049,0.0054117869585752,0.002997458,0.0023121834,0.00948745
Without quantum attention,7,15,0.8680467,0.8648745,0.8717196,0.87314415,0.0054117869585752,0.0031722188,0.008269668,0.0036728978
Without quantum attention,7,15,0.86082107,0.86032623,0.8680467,0.85962033,0.0054117869585752,0.00049483776,0.0007058978,0.0072256327
Without quantum attention,7,15,0.85357535,0.8535932,0.86082107,0.85267913,0.0054117869585752,1.7821789e-05,0.0009140372,0.0072457194
Without quantum attention,7,15,0.84735775,0.8452397,0.85357535,0.84834564,0.0054117869585752,0.002118051,0.0031059384,0.006217599
Without quantum attention,7,15,0.84049565,0.84461474,0.84735775,0.8407997,0.0054117869585752,0.004119098,0.003815055,0.006862104
Without quantum attention,7,15,0.8387064,0.83799124,0.84049565,0.84251374,0.0054117869585752,0.0007151365,0.0045225024,0.0017892718
Without quantum attention,7,15,0.8392511,0.8361232,0.8387064,0.8422961,0.0054117869585752,0.003127873,0.0061728954,0.00054472685
Without quantum attention,7,15,0.838258,0.83504385,0.8392511,0.8382839,0.0054117869585752,0.0032141805,0.003240049,0.000993073
Without quantum attention,7,15,0.83637214,0.8336469,0.838258,0.8357488,0.0054117869585752,0.0027252436,0.0021018982,0.001885891
Without quantum attention,7,15,0.8346101,0.8306134,0.83637214,0.8347425,0.0054117869585752,0.00399673,0.0041291118,0.0017620325
Without quantum attention,7,15,0.83088505,0.8293081,0.8346101,0.8298506,0.0054117869585752,0.0015769601,0.0005425215,0.0037250519
Without quantum attention,7,15,0.8209634,0.8256312,0.83088505,0.81573904,0.0054117869585752,0.0046678185,0.009892166,0.00992167
Without quantum attention,7,15,0.8123464,0.81759727,0.8209634,0.8110497,0.0054117869585752,0.005250871,0.00654757,0.008616984
Without quantum attention,7,15,0.8086857,0.81037366,0.8123464,0.8123055,0.0054117869585752,0.0016879439,0.0019318461,0.0036606789
Without quantum attention,7,15,0.8055827,0.8063168,0.8086857,0.8074114,0.0054117869585752,0.0007340908,0.0010945797,0.0031030178
Without quantum attention,7,15,0.8031753,0.80453926,0.8055827,0.80365896,0.0054117869585752,0.0013639927,0.000880301,0.0024074316
Without quantum attention,7,15,0.8008719,0.8011197,0.8031753,0.80093294,0.0054117869585752,0.0002477765,0.00018674135,0.002303362
Without quantum attention,7,15,0.79290617,0.79851884,0.8008719,0.7892152,0.0054117869585752,0.0056126714,0.009303629,0.007965744
Without quantum attention,7,15,0.78966856,0.7895939,0.79290617,0.7919648,0.0054117869585752,7.468462e-05,0.0023709536,0.003237605
Without VQR,7,3,0.86380184,0.8708659,0.878641,0.86238754,0.0054117869585752,0.0070640445,0.0084783435,0.014839172
Without VQR,7,3,0.85187876,0.8582098,0.86380184,0.8542888,0.0054117869585752,0.0063310266,0.0039209723,0.011923075
Without VQR,7,3,0.85352826,0.847239,0.85187876,0.86380047,0.0054117869585752,0.0062892437,0.016561449,0.0016494989
Without VQR,7,3,0.85024816,0.84969205,0.85352826,0.85045785,0.0054117869585752,0.00055611134,0.0007658005,0.0032801032
Without VQR,7,3,0.84553885,0.845952,0.85024816,0.844327,0.0054117869585752,0.0004131198,0.0016250014,0.0047093034
Without VQR,7,3,0.8431012,0.8432131,0.84553885,0.84462684,0.0054117869585752,0.00011187792,0.0014137626,0.0024376512
Without VQR,7,3,0.84268683,0.8399259,0.8431012,0.8458035,0.0054117869585752,0.0027609468,0.005877614,0.0004143715
Without VQR,7,3,0.84226686,0.8388002,0.84268683,0.8436774,0.0054117869585752,0.0034666657,0.0048772097,0.00041997433
Without VQR,7,3,0.8436565,0.8379952,0.84226686,0.8448119,0.0054117869585752,0.0056613088,0.006816745,0.0013896227
Without VQR,7,3,0.8436857,0.8391089,0.8436565,0.84333766,0.0054117869585752,0.0045768023,0.0042287707,2.9206276e-05
Without VQR,7,3,0.83190763,0.83892804,0.8436857,0.823293,0.0054117869585752,0.007020414,0.015635073,0.011778057
Without VQR,7,3,0.81595606,0.82780576,0.83190763,0.8092939,0.0054117869585752,0.011849701,0.018511832,0.015951574
Without VQR,7,3,0.8011855,0.8120551,0.81595606,0.79986495,0.0054117869585752,0.010869622,0.012190163,0.014770567
Without VQR,7,3,0.7942515,0.79772484,0.8011855,0.7998536,0.0054117869585752,0.0034733415,0.00212878,0.006933987
Without VQR,7,3,0.80762786,0.7915707,0.7942515,0.8244732,0.0054117869585752,0.016057134,0.03290248,0.013376355
Without VQR,7,3,0.82186174,0.8051275,0.80762786,0.82831514,0.0054117869585752,0.016734242,0.023187637,0.014233887
Without VQR,7,3,0.8277441,0.818841,0.82186174,0.82324696,0.0054117869585752,0.008903146,0.0044059753,0.0058823824
Without VQR,7,3,0.82048154,0.8246244,0.8277441,0.8094152,0.0054117869585752,0.0041428804,0.015209198,0.0072625875
Without VQR,7,3,0.8091384,0.8172937,0.82048154,0.8033943,0.0054117869585752,0.008155286,0.013899386,0.0113431215
Without VQR,7,3,0.802242,0.8059728,0.8091384,0.804537,0.0054117869585752,0.0037308335,0.0014358163,0.006896436
Without VQR,7,3,0.7957432,0.79901725,0.802242,0.79609007,0.0054117869585752,0.0032740235,0.002927184,0.006498754
Without VQR,7,3,0.7925288,0.79251856,0.7957432,0.79367363,0.0054117869585752,1.0251999e-05,0.0011550784,0.003214419
Without VQR,7,3,0.78882366,0.78959954,0.7925288,0.78867537,0.0054117869585752,0.00077587366,0.00092417,0.003705144
Without VQR,7,15,0.8717196,0.8748556,0.88120705,0.8724049,0.0054117869585752,0.0031359792,0.0024507046,0.00948745
Without VQR,7,15,0.8680467,0.8668279,0.8717196,0.87314415,0.0054117869585752,0.0012187958,0.0063162446,0.0036728978
Without VQR,7,15,0.86082107,0.8642698,0.8680467,0.85962033,0.0054117869585752,0.0034487247,0.0046494603,0.0072256327
Without VQR,7,15,0.85357535,0.85693693,0.86082107,0.85267913,0.0054117869585752,0.0033615828,0.004257798,0.0072457194
Without VQR,7,15,0.84735775,0.850279,0.85357535,0.84834564,0.0054117869585752,0.0029212236,0.0019333363,0.006217599
Without VQR,7,15,0.84049565,0.844845,0.84735775,0.8407997,0.0054117869585752,0.004349351,0.0040453076,0.006862104
Without VQR,7,15,0.8387064,0.83744854,0.84049565,0.84251374,0.0054117869585752,0.0012578368,0.0050652027,0.0017892718
Without VQR,7,15,0.8392511,0.8352691,0.8387064,0.8422961,0.0054117869585752,0.0039820075,0.00702703,0.00054472685
Without VQR,7,15,0.838258,0.83533096,0.8392511,0.8382839,0.0054117869585752,0.002927065,0.0029529333,0.000993073
Without VQR,7,15,0.83637214,0.834381,0.838258,0.8357488,0.0054117869585752,0.0019911528,0.0013678074,0.001885891
Without VQR,7,15,0.8346101,0.83216417,0.83637214,0.8347425,0.0054117869585752,0.0024459362,0.0025783181,0.0017620325
Without VQR,7,15,0.83088505,0.83075774,0.8346101,0.8298506,0.0054117869585752,0.00012731552,0.0009071231,0.0037250519
Without VQR,7,15,0.8209634,0.82683074,0.83088505,0.81573904,0.0054117869585752,0.005867362,0.011091709,0.00992167
Without VQR,7,15,0.8123464,0.81775117,0.8209634,0.8110497,0.0054117869585752,0.0054047704,0.0067014694,0.008616984
Without VQR,7,15,0.8086857,0.8099942,0.8123464,0.8123055,0.0054117869585752,0.0013085008,0.0023112893,0.0036606789
Without VQR,7,15,0.8055827,0.80574715,0.8086857,0.8074114,0.0054117869585752,0.00016444921,0.0016642213,0.0031030178
Without VQR,7,15,0.8031753,0.8036999,0.8055827,0.80365896,0.0054117869585752,0.0005246401,4.094839e-05,0.0024074316
Without VQR,7,15,0.8008719,0.8013985,0.8031753,0.80093294,0.0054117869585752,0.00052660704,0.00046557188,0.002303362
Without VQR,7,15,0.79290617,0.798596,0.8008719,0.7892152,0.0054117869585752,0.0056898594,0.009380817,0.007965744
Without VQR,7,15,0.78966856,0.7905926,0.79290617,0.7919648,0.0054117869585752,0.0009240508,0.0013722181,0.003237605
Without quantum attention and VQR,7,3,0.86380184,0.86999196,0.878641,0.86238754,0.0054117869585752,0.006190121,0.00760442,0.014839172
Without quantum attention and VQR,7,3,0.85187876,0.856612,0.86380184,0.8542888,0.0054117869585752,0.0047332644,0.0023232102,0.011923075
Without quantum attention and VQR,7,3,0.85352826,0.8456501,0.85187876,0.86380047,0.0054117869585752,0.007878184,0.01815039,0.0016494989
Without quantum attention and VQR,7,3,0.85024816,0.8476373,0.85352826,0.85045785,0.0054117869585752,0.0026108623,0.0028205514,0.0032801032
Without quantum attention and VQR,7,3,0.84553885,0.8460175,0.85024816,0.844327,0.0054117869585752,0.0004786253,0.0016905069,0.0047093034
Without quantum attention and VQR,7,3,0.8431012,0.8426858,0.84553885,0.84462684,0.0054117869585752,0.00041538477,0.0019410253,0.0024376512
Without quantum attention and VQR,7,3,0.84268683,0.8407052,0.8431012,0.8458035,0.0054117869585752,0.001981616,0.0050982833,0.0004143715
Without quantum attention and VQR,7,3,0.84226686,0.84049815,0.84268683,0.8436774,0.0054117869585752,0.0017687082,0.0031792521,0.00041997433
Without quantum attention and VQR,7,3,0.8436565,0.83877593,0.84226686,0.8448119,0.0054117869585752,0.0048805475,0.0060359836,0.0013896227
Without quantum attention and VQR,7,3,0.8436857,0.8397233,0.8436565,0.84333766,0.0054117869585752,0.0039623976,0.003614366,2.9206276e-05
Without quantum attention and VQR,7,3,0.83190763,0.83873206,0.8436857,0.823293,0.0054117869585752,0.006824434,0.015439093,0.011778057
Without quantum attention and VQR,7,3,0.81595606,0.8270215,0.83190763,0.8092939,0.0054117869585752,0.0110654235,0.017727554,0.015951574
Without quantum attention and VQR,7,3,0.8011855,0.811811,0.81595606,0.79986495,0.0054117869585752,0.010625482,0.0119460225,0.014770567
Without quantum attention and VQR,7,3,0.7942515,0.7984604,0.8011855,0.7998536,0.0054117869585752,0.0042089224,0.001393199,0.006933987
Without quantum attention and VQR,7,3,0.80762786,0.7924568,0.7942515,0.8244732,0.0054117869585752,0.015171051,0.032016397,0.013376355
Without quantum attention and VQR,7,3,0.82186174,0.8061861,0.80762786,0.82831514,0.0054117869585752,0.015675664,0.022129059,0.014233887
Without quantum attention and VQR,7,3,0.8277441,0.8204341,0.82186174,0.82324696,0.0054117869585752,0.007310033,0.0028128624,0.0058823824
Without quantum attention and VQR,7,3,0.82048154,0.8260532,0.8277441,0.8094152,0.0054117869585752,0.0055716634,0.016637981,0.0072625875
Without quantum attention and VQR,7,3,0.8091384,0.81726557,0.82048154,0.8033943,0.0054117869585752,0.008127153,0.013871253,0.0113431215
Without quantum attention and VQR,7,3,0.802242,0.80582917,0.8091384,0.804537,0.0054117869585752,0.0035871863,0.0012921691,0.006896436
Without quantum attention and VQR,7,3,0.7957432,0.7985825,0.802242,0.79609007,0.0054117869585752,0.0028392673,0.0024924278,0.006498754
Without quantum attention and VQR,7,3,0.7925288,0.79257363,0.7957432,0.79367363,0.0054117869585752,4.4822693e-05,0.0011000037,0.003214419
Without quantum attention and VQR,7,3,0.78882366,0.7888845,0.7925288,0.78867537,0.0054117869585752,6.0856342e-05,0.0002091527,0.003705144
Without quantum attention and VQR,7,15,0.8717196,0.87570804,0.88120705,0.8724049,0.0054117869585752,0.003988445,0.0033031702,0.00948745
Without quantum attention and VQR,7,15,0.8680467,0.86684424,0.8717196,0.87314415,0.0054117869585752,0.0012024641,0.006299913,0.0036728978
Without quantum attention and VQR,7,15,0.86082107,0.8622796,0.8680467,0.85962033,0.0054117869585752,0.0014585257,0.0026592612,0.0072256327
Without quantum attention and VQR,7,15,0.85357535,0.85588866,0.86082107,0.85267913,0.0054117869585752,0.0023133159,0.0032095313,0.0072457194
Without quantum attention and VQR,7,15,0.84735775,0.84863204,0.85357535,0.84834564,0.0054117869585752,0.0012742877,0.00028640032,0.006217599
Without quantum attention and VQR,7,15,0.84049565,0.8442497,0.84735775,0.8407997,0.0054117869585752,0.0037540793,0.003450036,0.006862104
Without quantum attention and VQR,7,15,0.8387064,0.83782154,0.84049565,0.84251374,0.0054117869585752,0.00088483095,0.004692197,0.0017892718
Without quantum attention and VQR,7,15,0.8392511,0.83592933,0.8387064,0.8422961,0.0054117869585752,0.0033217669,0.0063667893,0.00054472685
Without quantum attention and VQR,7,15,0.838258,0.835158,0.8392511,0.8382839,0.0054117869585752,0.0031000376,0.003125906,0.000993073
Without quantum attention and VQR,7,15,0.83637214,0.8330687,0.838258,0.8357488,0.0054117869585752,0.0033034086,0.0026800632,0.001885891
Without quantum attention and VQR,7,15,0.8346101,0.8306659,0.83637214,0.8347425,0.0054117869585752,0.003944218,0.0040766,0.0017620325
Without quantum attention and VQR,7,15,0.83088505,0.82889265,0.8346101,0.8298506,0.0054117869585752,0.0019924045,0.00095796585,0.0037250519
Without quantum attention and VQR,7,15,0.8209634,0.8257325,0.83088505,0.81573904,0.0054117869585752,0.0047691464,0.009993494,0.00992167
Without quantum attention and VQR,7,15,0.8123464,0.8178723,0.8209634,0.8110497,0.0054117869585752,0.005525887,0.006822586,0.008616984
Without quantum attention and VQR,7,15,0.8086857,0.8105696,0.8123464,0.8123055,0.0054117869585752,0.0018838644,0.0017359257,0.0036606789
Without quantum attention and VQR,7,15,0.8055827,0.80719095,0.8086857,0.8074114,0.0054117869585752,0.0016082525,0.00022041798,0.0031030178
Without quantum attention and VQR,7,15,0.8031753,0.80400723,0.8055827,0.80365896,0.0054117869585752,0.00083196163,0.00034826994,0.0024074316
Without quantum attention and VQR,7,15,0.8008719,0.80076987,0.8031753,0.80093294,0.0054117869585752,0.00010204315,0.00016307831,0.002303362
Without quantum attention and VQR,7,15,0.79290617,0.79812115,0.8008719,0.7892152,0.0054117869585752,0.005214989,0.008905947,0.007965744
Without quantum attention and VQR,7,15,0.78966856,0.7886966,0.79290617,0.7919648,0.0054117869585752,0.00097197294,0.0032682419,0.003237605
Classical QLSTM gates,7,3,0.86380184,0.87058157,0.878641,0.86238754,0.0054117869585752,0.0067797303,0.008194029,0.014839172
Classical QLSTM gates,7,3,0.85187876,0.85519737,0.86380184,0.8542888,0.0054117869585752,0.0033186078,0.0009085536,0.011923075
Classical QLSTM gates,7,3,0.85352826,0.84345555,0.85187876,0.86380047,0.0054117869585752,0.010072708,0.020344913,0.0016494989
Classical QLSTM gates,7,3,0.85024816,0.8467068,0.85352826,0.85045785,0.0054117869585752,0.0035413504,0.0037510395,0.0032801032
Classical QLSTM gates,7,3,0.84553885,0.84573925,0.85024816,0.844327,0.0054117869585752,0.00020039082,0.0014122725,0.0047093034
Classical QLSTM gates,7,3,0.8431012,0.8407203,0.84553885,0.84462684,0.0054117869585752,0.0023809075,0.003906548,0.0024376512
Classical QLSTM gates,7,3,0.84268683,0.83954513,0.8431012,0.8458035,0.0054117869585752,0.0031417012,0.0062583685,0.0004143715
Classical QLSTM gates,7,3,0.84226686,0.83955294,0.84268683,0.8436774,0.0054117869585752,0.0027139187,0.0041244626,0.00041997433
Classical QLSTM gates,7,3,0.8436565,0.8396701,0.84226686,0.8448119,0.0054117869585752,0.0039863586,0.0051417947,0.0013896227
Classical QLSTM gates,7,3,0.8436857,0.84065497,0.8436565,0.84333766,0.0054117869585752,0.0030307174,0.0026826859,2.9206276e-05
Classical QLSTM gates,7,3,0.83190763,0.84019065,0.8436857,0.823293,0.0054117869585752,0.008283019,0.016897678,0.011778057
Classical QLSTM gates,7,3,0.81595606,0.8281376,0.83190763,0.8092939,0.0054117869585752,0.01218152,0.01884365,0.015951574
Classical QLSTM gates,7,3,0.8011855,0.8117457,0.81595606,0.79986495,0.0054117869585752,0.0105602145,0.011880755,0.014770567
Classical QLSTM gates,7,3,0.7942515,0.79806215,0.8011855,0.7998536,0.0054117869585752,0.0038106441,0.0017914772,0.006933987
Classical QLSTM gates,7,3,0.80762786,0.79240304,0.7942515,0.8244732,0.0054117869585752,0.015224814,0.03207016,0.013376355
Classical QLSTM gates,7,3,0.82186174,0.8058581,0.80762786,0.82831514,0.0054117869585752,0.016003668,0.022457063,0.014233887
Classical QLSTM gates,7,3,0.8277441,0.820203,0.82186174,0.82324696,0.0054117869585752,0.00754112,0.0030439496,0.0058823824
Classical QLSTM gates,7,3,0.82048154,0.8261843,0.8277441,0.8094152,0.0054117869585752,0.005702734,0.016769052,0.0072625875
Classical QLSTM gates,7,3,0.8091384,0.818853,0.82048154,0.8033943,0.0054117869585752,0.009714603,0.015458703,0.0113431215
Classical QLSTM gates,7,3,0.802242,0.8079878,0.8091384,0.804537,0.0054117869585752,0.005745828,0.003450811,0.006896436
Classical QLSTM gates,7,3,0.7957432,0.8009866,0.802242,0.79609007,0.0054117869585752,0.005243361,0.0048965216,0.006498754
Classical QLSTM gates,7,3,0.7925288,0.7946276,0.7957432,0.79367363,0.0054117869585752,0.0020987988,0.00095397234,0.003214419
Classical QLSTM gates,7,3,0.78882366,0.79077744,0.7925288,0.78867537,0.0054117869585752,0.0019537807,0.002102077,0.003705144
Classical QLSTM gates,7,15,0.8717196,0.8750615,0.88120705,0.8724049,0.0054117869585752,0.0033419132,0.0026566386,0.00948745
Classical QLSTM gates,7,15,0.8680467,0.8657829,0.8717196,0.87314415,0.0054117869585752,0.0022637844,0.0073612332,0.0036728978
Classical QLSTM gates,7,15,0.86082107,0.8621072,0.8680467,0.85962033,0.0054117869585752,0.001286149,0.0024868846,0.0072256327
Classical QLSTM gates,7,15,0.85357535,0.85588884,0.86082107,0.85267913,0.0054117869585752,0.0023134947,0.0032097101,0.0072457194
Classical QLSTM gates,7,15,0.84735775,0.8487054,0.85357535,0.84834564,0.0054117869585752,0.001347661,0.00035977364,0.006217599
Classical QLSTM gates,7,15,0.84049565,0.84410155,0.84735775,0.8407997,0.0054117869585752,0.0036059022,0.003301859,0.006862104
Classical QLSTM gates,7,15,0.8387064,0.8381931,0.84049565,0.84251374,0.0054117869585752,0.0005132556,0.0043206215,0.0017892718
Classical QLSTM gates,7,15,0.8392511,0.83661145,0.8387064,0.8422961,0.0054117869585752,0.0026396513,0.005684674,0.00054472685
Classical QLSTM gates,7,15,0.838258,0.83731246,0.8392511,0.8382839,0.0054117869585752,0.0009455681,0.0009714365,0.000993073
Classical QLSTM gates,7,15,0.83637214,0.83575577,0.838258,0.8357488,0.0054117869585752,0.00061637163,6.9737434e-06,0.001885891
Classical QLSTM gates,7,15,0.8346101,0.8338241,0.83637214,0.8347425,0.0054117869585752,0.00078600645,0.00091838837,0.0017620325
Classical QLSTM gates,7,15,0.83088505,0.8315988,0.8346101,0.8298506,0.0054117869585752,0.0007137656,0.0017482042,0.0037250519
Classical QLSTM gates,7,15,0.8209634,0.8270037,0.83088505,0.81573904,0.0054117869585752,0.0060403347,0.011264682,0.00992167
Classical QLSTM gates,7,15,0.8123464,0.8170344,0.8209634,0.8110497,0.0054117869585752,0.0046880245,0.0059847236,0.008616984
Classical QLSTM gates,7,15,0.8086857,0.80855834,0.8123464,0.8123055,0.0054117869585752,0.00012737513,0.0037471652,0.0036606789
Classical QLSTM gates,7,15,0.8055827,0.8064739,0.8086857,0.8074114,0.0054117869585752,0.00089120865,0.00093746185,0.0031030178
Classical QLSTM gates,7,15,0.8031753,0.80515337,0.8055827,0.80365896,0.0054117869585752,0.0019780993,0.0014944077,0.0024074316
Classical QLSTM gates,7,15,0.8008719,0.8028567,0.8031753,0.80093294,0.0054117869585752,0.001984775,0.0019237399,0.002303362
Classical QLSTM gates,7,15,0.79290617,0.8001612,0.8008719,0.7892152,0.0054117869585752,0.0072550178,0.010945976,0.007965744
Classical QLSTM gates,7,15,0.78966856,0.7915155,0.79290617,0.7919648,0.0054117869585752,0.0018469691,0.0004492998,0.003237605
Classical attention circuits,7,3,0.86380184,0.8702008,0.878641,0.86238754,0.0054117869585752,0.006398976,0.007813275,0.014839172
Classical attention circuits,7,3,0.85187876,0.85702926,0.86380184,0.8542888,0.0054117869585752,0.005150497,0.0027404428,0.011923075
Classical attention circuits,7,3,0.85352826,0.8452422,0.85187876,0.86380047,0.0054117869585752,0.008286059,0.018558264,0.0016494989
Classical attention circuits,7,3,0.85024816,0.84754455,0.85352826,0.85045785,0.0054117869585752,0.002703607,0.0029132962,0.0032801032
Classical attention circuits,7,3,0.84553885,0.84600574,0.85024816,0.844327,0.0054117869585752,0.00046688318,0.0016787648,0.0047093034
Classical attention circuits,7,3,0.8431012,0.841489,0.84553885,0.84462684,0.0054117869585752,0.0016121864,0.003137827,0.0024376512
Classical attention circuits,7,3,0.84268683,0.8383872,0.8431012,0.8458035,0.0054117869585752,0.0042996407,0.007416308,0.0004143715
Classical attention circuits,7,3,0.84226686,0.8373092,0.84268683,0.8436774,0.0054117869585752,0.004957676,0.00636822,0.00041997433
Classical attention circuits,7,3,0.8436565,0.8374655,0.84226686,0.8448119,0.0054117869585752,0.0061909556,0.0073463917,0.0013896227
Classical attention circuits,7,3,0.8436857,0.8382827,0.8436565,0.84333766,0.0054117869585752,0.0054029822,0.0050549507,2.9206276e-05
Classical attention circuits,7,3,0.83190763,0.8381617,0.8436857,0.823293,0.0054117869585752,0.006254077,0.014868736,0.011778057
Classical attention circuits,7,3,0.81595606,0.82706374,0.83190763,0.8092939,0.0054117869585752,0.011107683,0.017769814,0.015951574
Classical attention circuits,7,3,0.8011855,0.8106532,0.81595606,0.79986495,0.0054117869585752,0.009467721,0.010788262,0.014770567
Classical attention circuits,7,3,0.7942515,0.796108,0.8011855,0.7998536,0.0054117869585752,0.0018565059,0.0037456155,0.006933987
Classical attention circuits,7,3,0.80762786,0.7901493,0.7942515,0.8244732,0.0054117869585752,0.017478585,0.03432393,0.013376355
Classical attention circuits,7,3,0.82186174,0.80405813,0.80762786,0.82831514,0.0054117869585752,0.01780361,0.024257004,0.014233887
Classical attention circuits,7,3,0.8277441,0.8173772,0.82186174,0.82324696,0.0054117869585752,0.010366917,0.005869746,0.0058823824
Classical attention circuits,7,3,0.82048154,0.8232887,0.8277441,0.8094152,0.0054117869585752,0.0028071404,0.013873458,0.0072625875
Classical attention circuits,7,3,0.8091384,0.81635433,0.82048154,0.8033943,0.0054117869585752,0.007215917,0.012960017,0.0113431215
Classical attention circuits,7,3,0.802242,0.806088,0.8091384,0.804537,0.0054117869585752,0.0038459897,0.0015509725,0.006896436
Classical attention circuits,7,3,0.7957432,0.7994683,0.802242,0.79609007,0.0054117869585752,0.0037250519,0.0033782125,0.006498754
Classical attention circuits,7,3,0.7925288,0.7925569,0.7957432,0.79367363,0.0054117869585752,2.8073788e-05,0.0011167526,0.003214419
Classical attention circuits,7,3,0.78882366,0.78939503,0.7925288,0.78867537,0.0054117869585752,0.0005713701,0.0007196665,0.003705144
Classical attention circuits,7,15,0.8717196,0.873856,0.88120705,0.8724049,0.0054117869585752,0.0021364093,0.0014511347,0.00948745
Classical attention circuits,7,15,0.8680467,0.8652084,0.8717196,0.87314415,0.0054117869585752,0.0028383136,0.007935762,0.0036728978
Classical attention circuits,7,15,0.86082107,0.8618503,0.8680467,0.85962033,0.0054117869585752,0.001029253,0.0022299886,0.0072256327
Classical attention circuits,7,15,0.85357535,0.854984,0.86082107,0.85267913,0.0054117869585752,0.0014086366,0.002304852,0.0072457194
Classical attention circuits,7,15,0.84735775,0.8480859,0.85357535,0.84834564,0.0054117869585752,0.00072813034,0.00025975704,0.006217599
Classical attention circuits,7,15,0.84049565,0.84343785,0.84735775,0.8407997,0.0054117869585752,0.0029422045,0.0026381612,0.006862104
Classical attention circuits,7,15,0.8387064,0.8361149,0.84049565,0.84251374,0.0054117869585752,0.0025914907,0.0063988566,0.0017892718
Classical attention circuits,7,15,0.8392511,0.8341541,0.8387064,0.8422961,0.0054117869585752,0.005096972,0.0081419945,0.00054472685
Classical attention circuits,7,15,0.838258,0.8343429,0.8392511,0.8382839,0.0054117869585752,0.003915131,0.0039409995,0.000993073
Classical attention circuits,7,15,0.83637214,0.8335073,0.838258,0.8357488,0.0054117869585752,0.0028648376,0.0022414923,0.001885891
Classical attention circuits,7,15,0.8346101,0.83108366,0.83637214,0.8347425,0.0054117869585752,0.0035264492,0.0036588311,0.0017620325
Classical attention circuits,7,15,0.83088505,0.8298129,0.8346101,0.8298506,0.0054117869585752,0.0010721684,3.772974e-05,0.0037250519
Classical attention circuits,7,15,0.8209634,0.8261875,0.83088505,0.81573904,0.0054117869585752,0.0052241087,0.010448456,0.00992167
Classical attention circuits,7,15,0.8123464,0.8173232,0.8209634,0.8110497,0.0054117869585752,0.004976809,0.006273508,0.008616984
Classical attention circuits,7,15,0.8086857,0.8089266,0.8123464,0.8123055,0.0054117869585752,0.00024086237,0.0033789277,0.0036606789
Classical attention circuits,7,15,0.8055827,0.805048,0.8086857,0.8074114,0.0054117869585752,0.00053471327,0.0023633838,0.0031030178
Classical attention circuits,7,15,0.8031753,0.8032168,0.8055827,0.80365896,0.0054117869585752,4.1544437e-05,0.00044214725,0.0024074316
Classical attention circuits,7,15,0.8008719,0.80070394,0.8031753,0.80093294,0.0054117869585752,0.00016796589,0.00022900105,0.002303362
Classical attention circuits,7,15,0.79290617,0.7974726,0.8008719,0.7892152,0.0054117869585752,0.004566431,0.008257389,0.007965744
Classical attention circuits,7,15,0.78966856,0.78986317,0.79290617,0.7919648,0.0054117869585752,0.00019460917,0.0021016598,0.003237605
Classical VQR circuit,7,3,0.86380184,0.86970884,0.878641,0.86238754,0.0054117869585752,0.005906999,0.007321298,0.014839172
Classical VQR circuit,7,3,0.85187876,0.8568942,0.86380184,0.8542888,0.0054117869585752,0.005015433,0.0026053786,0.011923075
Classical VQR circuit,7,3,0.85352826,0.8463938,0.85187876,0.86380047,0.0054117869585752,0.0071344376,0.017406642,0.0016494989
Classical VQR circuit,7,3,0.85024816,0.8486658,0.85352826,0.85045785,0.0054117869585752,0.0015823841,0.0017920732,0.0032801032
Classical VQR circuit,7,3,0.84553885,0.8451023,0.85024816,0.844327,0.0054117869585752,0.00043654442,0.0007753372,0.0047093034
Classical VQR circuit,7,3,0.8431012,0.8420272,0.84553885,0.84462684,0.0054117869585752,0.0010740161,0.0025996566,0.0024376512
Classical VQR circuit,7,3,0.84268683,0.83872354,0.8431012,0.8458035,0.0054117869585752,0.0039632916,0.007079959,0.0004143715
Classical VQR circuit,7,3,0.84226686,0.83772135,0.84268683,0.8436774,0.0054117869585752,0.00454551,0.0059560537,0.00041997433
Classical VQR circuit,7,3,0.8436565,0.83722514,0.84226686,0.8448119,0.0054117869585752,0.006431341,0.007586777,0.0013896227
Classical VQR circuit,7,3,0.8436857,0.8383889,0.8436565,0.84333766,0.0054117869585752,0.0052967668,0.0049487352,2.9206276e-05
Classical VQR circuit,7,3,0.83190763,0.8383055,0.8436857,0.823293,0.0054117869585752,0.0063978434,0.015012503,0.011778057
Classical VQR circuit,7,3,0.81595606,0.8271755,0.83190763,0.8092939,0.0054117869585752,0.011219442,0.017881572,0.015951574
Classical VQR circuit,7,3,0.8011855,0.8115755,0.81595606,0.79986495,0.0054117869585752,0.010389984,0.011710525,0.014770567
Classical VQR circuit,7,3,0.7942515,0.7972232,0.8011855,0.7998536,0.0054117869585752,0.0029717088,0.0026304126,0.006933987
Classical VQR circuit,7,3,0.80762786,0.7907643,0.7942515,0.8244732,0.0054117869585752,0.016863585,0.03370893,0.013376355
Classical VQR circuit,7,3,0.82186174,0.8042393,0.80762786,0.82831514,0.0054117869585752,0.01762247,0.024075866,0.014233887
Classical VQR circuit,7,3,0.8277441,0.8178291,0.82186174,0.82324696,0.0054117869585752,0.009915054,0.0054178834,0.0058823824
Classical VQR circuit,7,3,0.82048154,0.82357615,0.8277441,0.8094152,0.0054117869585752,0.0030946136,0.014160931,0.0072625875
Classical VQR circuit,7,3,0.8091384,0.8164736,0.82048154,0.8033943,0.0054117869585752,0.007335186,0.013079286,0.0113431215
Classical VQR circuit,7,3,0.802242,0.8055513,0.8091384,0.804537,0.0054117869585752,0.0033093095,0.0010142922,0.006896436
Classical VQR circuit,7,3,0.7957432,0.79888576,0.802242,0.79609007,0.0054117869585752,0.0031425357,0.0027956963,0.006498754
Classical VQR circuit,7,3,0.7925288,0.79248214,0.7957432,0.79367363,0.0054117869585752,4.6670437e-05,0.0011914968,0.003214419
Classical VQR circuit,7,3,0.78882366,0.7895281,0.7925288,0.78867537,0.0054117869585752,0.0007044077,0.00085270405,0.003705144
Classical VQR circuit,7,15,0.8717196,0.87319934,0.88120705,0.8724049,0.0054117869585752,0.0014797449,0.0007944703,0.00948745
Classical VQR circuit,7,15,0.8680467,0.86517173,0.8717196,0.87314415,0.0054117869585752,0.0028749704,0.007972419,0.0036728978
Classical VQR circuit,7,15,0.86082107,0.86250204,0.8680467,0.85962033,0.0054117869585752,0.0016809702,0.0028817058,0.0072256327
Classical VQR circuit,7,15,0.85357535,0.8553343,0.86082107,0.85267913,0.0054117869585752,0.0017589331,0.0026551485,0.0072457194
Classical VQR circuit,7,15,0.84735775,0.8488575,0.85357535,0.84834564,0.0054117869585752,0.0014997721,0.0005118847,0.006217599
Classical VQR circuit,7,15,0.84049565,0.843617,0.84735775,0.8407997,0.0054117869585752,0.003121376,0.0028173327,0.006862104
Classical VQR circuit,7,15,0.8387064,0.8362227,0.84049565,0.84251374,0.0054117869585752,0.002483666,0.006291032,0.0017892718
Classical VQR circuit,7,15,0.8392511,0.834265,0.8387064,0.8422961,0.0054117869585752,0.0049861073,0.00803113,0.00054472685
Classical VQR circuit,7,15,0.838258,0.83447844,0.8392511,0.8382839,0.0054117869585752,0.0037795901,0.0038054585,0.000993073
Classical VQR circuit,7,15,0.83637214,0.8337356,0.838258,0.8357488,0.0054117869585752,0.0026365519,0.0020132065,0.001885891
Classical VQR circuit,7,15,0.8346101,0.83160895,0.83637214,0.8347425,0.0054117869585752,0.0030011535,0.0031335354,0.0017620325
Classical VQR circuit,7,15,0.83088505,0.8301972,0.8346101,0.8298506,0.0054117869585752,0.0006878376,0.000346601,0.0037250519
Classical VQR circuit,7,15,0.8209634,0.82679653,0.83088505,0.81573904,0.0054117869585752,0.005833149,0.011057496,0.00992167
Classical VQR circuit,7,15,0.8123464,0.8175892,0.8209634,0.8110497,0.0054117869585752,0.0052428246,0.0065395236,0.008616984
Classical VQR circuit,7,15,0.8086857,0.8093541,0.8123464,0.8123055,0.0054117869585752,0.0006684065,0.0029513836,0.0036606789
Classical VQR circuit,7,15,0.8055827,0.80525464,0.8086857,0.8074114,0.0054117869585752,0.00032806396,0.0021567345,0.0031030178
Classical VQR circuit,7,15,0.8031753,0.8026923,0.8055827,0.80365896,0.0054117869585752,0.00048297644,0.0009666681,0.0024074316
Classical VQR circuit,7,15,0.8008719,0.80063754,0.8031753,0.80093294,0.0054117869585752,0.00023436546,0.00029540062,0.002303362
Classical VQR circuit,7,15,0.79290617,0.79804295,0.8008719,0.7892152,0.0054117869585752,0.005136788,0.008827746,0.007965744
Classical VQR circuit,7,15,0.78966856,0.79019314,0.79290617,0.7919648,0.0054117869585752,0.0005245805,0.0017716885,0.003237605
All circuits classical,7,3,0.86380184,0.8710702,0.878641,0.86238754,0.0054117869585752,0.007268369,0.008682668,0.014839172
All circuits classical,7,3,0.85187876,0.85665065,0.86380184,0.8542888,0.0054117869585752,0.0047718883,0.002361834,0.011923075
All circuits classical,7,3,0.85352826,0.84391195,0.85187876,0.86380047,0.0054117869585752,0.009616315,0.01988852,0.0016494989
All circuits classical,7,3,0.85024816,0.8469077,0.85352826,0.85045785,0.0054117869585752,0.0033404827,0.0035501719,0.0032801032
All circuits classical,7,3,0.84553885,0.84686214,0.85024816,0.844327,0.0054117869585752,0.0013232827,0.0025351644,0.0047093034
All circuits classical,7,3,0.8431012,0.84425795,0.84553885,0.84462684,0.0054117869585752,0.0011567473,0.00036889315,0.0024376512
All circuits classical,7,3,0.84268683,0.84048045,0.8431012,0.8458035,0.0054117869585752,0.0022063851,0.0053230524,0.0004143715
All circuits classical,7,3,0.84226686,0.8388267,0.84268683,0.8436774,0.0054117869585752,0.0034401417,0.0048506856,0.00041997433
All circuits classical,7,3,0.8436565,0.83850855,0.84226686,0.8448119,0.0054117869585752,0.005147934,0.00630337,0.0013896227
All circuits classical,7,3,0.8436857,0.83911836,0.8436565,0.84333766,0.0054117869585752,0.004567325,0.0042192936,2.9206276e-05
All circuits classical,7,3,0.83190763,0.83823335,0.8436857,0.823293,0.0054117869585752,0.0063257217,0.014940381,0.011778057
All circuits classical,7,3,0.81595606,0.82691455,0.83190763,0.8092939,0.0054117869585752,0.010958493,0.017620623,0.015951574
All circuits classical,7,3,0.8011855,0.8102182,0.81595606,0.79986495,0.0054117869585752,0.009032726,0.010353267,0.014770567
All circuits classical,7,3,0.7942515,0.7972783,0.8011855,0.7998536,0.0054117869585752,0.0030267835,0.002575338,0.006933987
All circuits classical,7,3,0.80762786,0.7916008,0.7942515,0.8244732,0.0054117869585752,0.016027033,0.03287238,0.013376355
All circuits classical,7,3,0.82186174,0.80613995,0.80762786,0.82831514,0.0054117869585752,0.015721798,0.022175193,0.014233887
All circuits classical,7,3,0.8277441,0.8200924,0.82186174,0.82324696,0.0054117869585752,0.0076517463,0.0031545758,0.0058823824
All circuits classical,7,3,0.82048154,0.82597786,0.8277441,0.8094152,0.0054117869585752,0.005496323,0.01656264,0.0072625875
All circuits classical,7,3,0.8091384,0.8171092,0.82048154,0.8033943,0.0054117869585752,0.00797081,0.01371491,0.0113431215
All circuits classical,7,3,0.802242,0.8066602,0.8091384,0.804537,0.0054117869585752,0.0044181943,0.002123177,0.006896436
All circuits classical,7,3,0.7957432,0.79848003,0.802242,0.79609007,0.0054117869585752,0.0027368069,0.0023899674,0.006498754
All circuits classical,7,3,0.7925288,0.7928424,0.7957432,0.79367363,0.0054117869585752,0.00031358004,0.0008312464,0.003214419
All circuits classical,7,3,0.78882366,0.78828263,0.7925288,0.78867537,0.0054117869585752,0.00054103136,0.000392735,0.003705144
All circuits classical,7,15,0.8717196,0.87518483,0.88120705,0.8724049,0.0054117869585752,0.0034652352,0.0027799606,0.00948745
All circuits classical,7,15,0.8680467,0.8664145,0.8717196,0.87314415,0.0054117869585752,0.0016322136,0.0067296624,0.0036728978
All circuits classical,7,15,0.86082107,0.86145186,0.8680467,0.85962033,0.0054117869585752,0.00063079596,0.0018315315,0.0072256327
All circuits classical,7,15,0.85357535,0.8554693,0.86082107,0.85267913,0.0054117869585752,0.0018939376,0.002790153,0.0072457194
All circuits classical,7,15,0.84735775,0.84794486,0.85357535,0.84834564,0.0054117869585752,0.00058710575,0.00040078163,0.006217599
All circuits classical,7,15,0.84049565,0.8471178,0.84735775,0.8407997,0.0054117869585752,0.0066221356,0.0063180923,0.006862104
All circuits classical,7,15,0.8387064,0.8385161,0.84049565,0.84251374,0.0054117869585752,0.00019025803,0.003997624,0.0017892718
All circuits classical,7,15,0.8392511,0.8360434,0.8387064,0.8422961,0.0054117869585752,0.0032076836,0.006252706,0.00054472685
All circuits classical,7,15,0.838258,0.8348766,0.8392511,0.8382839,0.0054117869585752,0.003381431,0.0034072995,0.000993073
All circuits classical,7,15,0.83637214,0.8339559,0.838258,0.8357488,0.0054117869585752,0.002416253,0.0017929077,0.001885891
All circuits classical,7,15,0.8346101,0.8310606,0.83637214,0.8347425,0.0054117869585752,0.0035495162,0.0036818981,0.0017620325
All circuits classical,7,15,0.83088505,0.8294849,0.8346101,0.8298506,0.0054117869585752,0.0014001727,0.0003657341,0.0037250519
All circuits classical,7,15,0.8209634,0.8261826,0.83088505,0.81573904,0.0054117869585752,0.005219221,0.010443568,0.00992167
All circuits classical,7,15,0.8123464,0.8172261,0.8209634,0.8110497,0.0054117869585752,0.004879713,0.006176412,0.008616984
All circuits classical,7,15,0.8086857,0.8097121,0.8123464,0.8123055,0.0054117869585752,0.001026392,0.002593398,0.0036606789
All circuits classical,7,15,0.8055827,0.8078517,0.8086857,0.8074114,0.0054117869585752,0.00226897,0.0004402995,0.0031030178
All circuits classical,7,15,0.8031753,0.80369675,0.8055827,0.80365896,0.0054117869585752,0.00052148104,3.7789345e-05,0.0024074316
All circuits classical,7,15,0.8008719,0.8005439,0.8031753,0.80093294,0.0054117869585752,0.00032800436,0.00038903952,0.002303362
All circuits classical,7,15,0.79290617,0.79904,0.8008719,0.7892152,0.0054117869585752,0.0061338544,0.009824812,0.007965744
All circuits classical,7,15,0.78966856,0.78876776,0.79290617,0.7919648,0.0054117869585752,0.000900805,0.003197074,0.003237605
Persistence,8,7,0.8862907,0.8920714,0.8920714,0.8879777,0.0053538894280791,0.005780697,0.0040937066,0.005780697
Persistence,8,7,0.8822545,0.8862907,0.8862907,0.88437545,0.0053538894280791,0.0040362477,0.001915276,0.0040362477
Persistence,8,7,0.87504786,0.8822545,0.8822545,0.8731381,0.0053538894280791,0.007206619,0.009116352,0.007206619
Persistence,8,7,0.8599561,0.87504786,0.87504786,0.8532213,0.0053538894280791,0.015091777,0.021826565,0.015091777
Persistence,8,7,0.84888214,0.8599561,0.8599561,0.8495128,0.0053538894280791,0.011073947,0.01044327,0.011073947
Persistence,8,7,0.8466137,0.84888214,0.84888214,0.85412216,0.0053538894280791,0.0022684336,0.005240023,0.0022684336
Persistence,8,7,0.85430384,0.8466137,0.8466137,0.8645272,0.0053538894280791,0.0076901317,0.01791352,0.0076901317
Persistence,8,7,0.865242,0.85430384,0.85430384,0.8707553,0.0053538894280791,0.010938168,0.016451478,0.010938168
Persistence,8,7,0.86803764,0.865242,0.865242,0.8636861,0.0053538894280791,0.0027956367,0.0015559196,0.0027956367
Persistence,8,7,0.86120874,0.86803764,0.86803764,0.8530257,0.0053538894280791,0.006828904,0.015011966,0.006828904
Persistence,8,7,0.8446959,0.86120874,0.86120874,0.8353551,0.0053538894280791,0.016512811,0.025853634,0.016512811
Persistence,8,7,0.8313005,0.8446959,0.8446959,0.8304859,0.0053538894280791,0.013395429,0.014210045,0.013395429
Persistence,8,7,0.82330114,0.8313005,0.8313005,0.8268595,0.0053538894280791,0.007999361,0.004441023,0.007999361
Persistence,8,7,0.8115089,0.82330114,0.82330114,0.80900556,0.0053538894280791,0.0117922425,0.014295578,0.0117922425
Persistence,8,7,0.81132215,0.8115089,0.8115089,0.8181187,0.0053538894280791,0.00018674135,0.0066097975,0.00018674135
Persistence,8,7,0.81660736,0.81132215,0.81132215,0.82392466,0.0053538894280791,0.0052852035,0.012602508,0.0052852035
Persistence,8,7,0.81998485,0.81660736,0.81660736,0.82161254,0.0053538894280791,0.0033774972,0.005005181,0.0033774972
Persistence,8,7,0.81500256,0.81998485,0.81998485,0.80882174,0.0053538894280791,0.0049822927,0.0111631155,0.0049822927
Persistence,8,7,0.80781275,0.81500256,0.81500256,0.8039217,0.0053538894280791,0.0071898103,0.011080861,0.0071898103
Persistence,8,7,0.8003655,0.80781275,0.80781275,0.8000672,0.0053538894280791,0.0074472427,0.007745564,0.0074472427
Persistence,8,7,0.79685116,0.8003655,0.8003655,0.7997907,0.0053538894280791,0.0035143495,0.0005748272,0.0035143495
Persistence,8,7,0.7983708,0.79685116,0.79685116,0.80243707,0.0053538894280791,0.0015196204,0.005585909,0.0015196204
Persistence,8,7,0.80251235,0.7983708,0.7983708,0.8055832,0.0053538894280791,0.004141569,0.0072124004,0.004141569
Persistence,8,12,0.90002984,0.9059325,0.9059325,0.89965,0.0053538894280791,0.005902648,0.0062825084,0.005902648
Persistence,8,12,0.88923687,0.90002984,0.90002984,0.8855096,0.0053538894280791,0.010792971,0.014520228,0.010792971
Persistence,8,12,0.87767106,0.88923687,0.88923687,0.8753226,0.0053538894280791,0.0115658045,0.013914287,0.0115658045
Persistence,8,12,0.8739828,0.87767106,0.87767106,0.87928826,0.0053538894280791,0.0036882758,0.0016171932,0.0036882758
Persistence,8,12,0.87492675,0.8739828,0.8739828,0.8807088,0.0053538894280791,0.00094395876,0.0067260265,0.00094395876
Persistence,8,12,0.87504387,0.87492675,0.87492675,0.87602335,0.0053538894280791,0.00011712313,0.0010966063,0.00011712313
Persistence,8,12,0.87760997,0.87504387,0.87504387,0.8793386,0.0053538894280791,0.0025660992,0.004294753,0.0025660992
Persistence,8,12,0.8801019,0.87760997,0.87760997,0.88145787,0.0053538894280791,0.002491951,0.003847897,0.002491951
Persistence,8,12,0.8738701,0.8801019,0.8801019,0.86845046,0.0053538894280791,0.0062318444,0.011651456,0.0062318444
Persistence,8,12,0.865847,0.8738701,0.8738701,0.8620723,0.0053538894280791,0.008023083,0.011797786,0.008023083
Persistence,8,12,0.8544704,0.865847,0.865847,0.8507111,0.0053538894280791,0.011376619,0.015135884,0.011376619
Persistence,8,12,0.8372065,0.8544704,0.8544704,0.83155227,0.0053538894280791,0.01726389,0.022918105,0.01726389
Persistence,8,12,0.83504474,0.8372065,0.8372065,0.84379613,0.0053538894280791,0.0021617413,0.006589651,0.0021617413
Persistence,8,12,0.8285201,0.83504474,0.83504474,0.8285985,0.0053538894280791,0.0065246224,0.0064462423,0.0065246224
Persistence,8,12,0.82626516,0.8285201,0.8285201,0.8286263,0.0053538894280791,0.002254963,0.00010615587,0.002254963
Persistence,8,12,0.821249,0.82626516,0.82626516,0.8200065,0.0053538894280791,0.005016148,0.0062586665,0.005016148
Persistence,8,12,0.8166651,0.821249,0.821249,0.8169389,0.0053538894280791,0.004583895,0.004310131,0.004583895
Persistence,8,12,0.8135439,0.8166651,0.8166651,0.81543,0.0053538894280791,0.0031211972,0.0012351274,0.0031211972
Persistence,8,12,0.80594957,0.8135439,0.8135439,0.80296576,0.0053538894280791,0.007594347,0.0105781555,0.007594347
Persistence,8,12,0.8007102,0.80594957,0.80594957,0.8011042,0.0053538894280791,0.0052393675,0.004845381,0.0052393675
Persistence,8,12,0.79671764,0.8007102,0.8007102,0.7981325,0.0053538894280791,0.0039925575,0.002577722,0.0039925575
Persistence,8,12,0.78941154,0.79671764,0.79671764,0.7875563,0.0053538894280791,0.007306099,0.009161353,0.007306099
Persistence,8,12,0.7868462,0.78941154,0.78941154,0.78935623,0.0053538894280791,0.0025653243,5.531311e-05,0.0025653243
Full model,8,7,0.8862907,0.88241684,0.8920714,0.8879777,0.0053538894280791,0.0038738847,0.005560875,0.005780697
Full model,8,7,0.8822545,0.8769147,0.8862907,0.88437545,0.0053538894280791,0.0053398013,0.007460773,0.0040362477
Full model,8,7,0.87504786,0.8724199,0.8822545,0.8731381,0.0053538894280791,0.0026279688,0.00071823597,0.007206619
Full model,8,7,0.8599561,0.8657447,0.87504786,0.8532213,0.0053538894280791,0.0057886243,0.012523413,0.015091777
Full model,8,7,0.84888214,0.8522621,0.8599561,0.8495128,0.0053538894280791,0.003379941,0.0027492642,0.011073947
Full model,8,7,0.8466137,0.8427869,0.84888214,0.85412216,0.0053538894280791,0.003826797,0.011335254,0.0022684336
Full model,8,7,0.85430384,0.8402969,0.8466137,0.8645272,0.0053538894280791,0.014006913,0.024230301,0.0076901317
Full model,8,7,0.865242,0.848354,0.85430384,0.8707553,0.0053538894280791,0.016888022,0.022401333,0.010938168
Full model,8,7,0.86803764,0.85928136,0.865242,0.8636861,0.0053538894280791,0.00875628,0.0044047236,0.0027956367
Full model,8,7,0.86120874,0.86142635,0.86803764,0.8530257,0.0053538894280791,0.00021761656,0.008400679,0.006828904
Full model,8,7,0.8446959,0.85453933,0.86120874,0.8353551,0.0053538894280791,0.009843409,0.019184232,0.016512811
Full model,8,7,0.8313005,0.83845466,0.8446959,0.8304859,0.0053538894280791,0.0071541667,0.007968783,0.013395429
Full model,8,7,0.82330114,0.8247416,0.8313005,0.8268595,0.0053538894280791,0.0014404655,0.0021178722,0.007999361
Full model,8,7,0.8115089,0.8176084,0.82330114,0.80900556,0.0053538894280791,0.006099522,0.008602858,0.0117922425
Full model,8,7,0.81132215,0.8064295,0.8115089,0.8181187,0.0053538894280791,0.0048926473,0.011689186,0.00018674135
Full model,8,7,0.81660736,0.8066765,0.81132215,0.82392466,0.0053538894280791,0.009930849,0.017248154,0.0052852035
Full model,8,7,0.81998485,0.8113319,0.81660736,0.82161254,0.0053538894280791,0.0086529255,0.010280609,0.0033774972
Full model,8,7,0.81500256,0.8147936,0.81998485,0.80882174,0.0053538894280791,0.00020897388,0.005971849,0.0049822927
Full model,8,7,0.80781275,0.80950135,0.81500256,0.8039217,0.0053538894280791,0.0016885996,0.0055796504,0.0071898103
Full model,8,7,0.8003655,0.802147,0.80781275,0.8000672,0.0053538894280791,0.0017814636,0.0020797849,0.0074472427
Full model,8,7,0.79685116,0.7945191,0.8003655,0.7997907,0.0053538894280791,0.0023320317,0.005271554,0.0035143495
Full model,8,7,0.7983708,0.79110354,0.79685116,0.80243707,0.0053538894280791,0.0072672367,0.011333525,0.0015196204
Full model,8,7,0.80251235,0.7930065,0.7983708,0.8055832,0.0053538894280791,0.009505868,0.012576699,0.004141569
Full model,8,12,0.90002984,0.89510286,0.9059325,0.89965,0.0053538894280791,0.0049269795,0.004547119,0.005902648
Full model,8,12,0.88923687,0.8896798,0.90002984,0.8855096,0.0053538894280791,0.00044292212,0.0041701794,0.010792971
Full model,8,12,0.87767106,0.87960607,0.88923687,0.8753226,0.0053538894280791,0.0019350052,0.004283488,0.0115658045
Full model,8,12,0.8739828,0.86852866,0.87767106,0.87928826,0.0053538894280791,0.005454123,0.010759592,0.0036882758
Full model,8,12,0.87492675,0.8658306,0.8739828,0.8807088,0.0053538894280791,0.009096146,0.014878213,0.00094395876
Full model,8,12,0.87504387,0.8686414,0.87492675,0.87602335,0.0053538894280791,0.0064024925,0.0073819757,0.00011712313
Full model,8,12,0.87760997,0.868892,0.87504387,0.8793386,0.0053538894280791,0.008717954,0.010446608,0.0025660992
Full model,8,12,0.8801019,0.87150407,0.87760997,0.88145787,0.0053538894280791,0.008597851,0.009953797,0.002491951
Full model,8,12,0.8738701,0.8737955,0.8801019,0.86845046,0.0053538894280791,7.456541e-05,0.0053450465,0.0062318444
Full model,8,12,0.865847,0.8671392,0.8738701,0.8620723,0.0053538894280791,0.0012922287,0.0050669312,0.008023083
Full model,8,12,0.8544704,0.8597736,0.865847,0.8507111,0.0053538894280791,0.005303204,0.009062469,0.011376619
Full model,8,12,0.8372065,0.8482694,0.8544704,0.83155227,0.0053538894280791,0.01106292,0.016717136,0.01726389
Full model,8,12,0.83504474,0.8313772,0.8372065,0.84379613,0.0053538894280791,0.0036675334,0.012418926,0.0021617413
Full model,8,12,0.8285201,0.82952857,0.83504474,0.8285985,0.0053538894280791,0.001008451,0.0009300709,0.0065246224
Full model,8,12,0.82626516,0.82344455,0.8285201,0.8286263,0.0053538894280791,0.002820611,0.00518173,0.002254963
Full model,8,12,0.821249,0.82126063,0.82626516,0.8200065,0.0053538894280791,1.1622906e-05,0.0012541413,0.005016148
Full model,8,12,0.8166651,0.81627214,0.821249,0.8169389,0.0053538894280791,0.00039297342,0.00066673756,0.004583895
Full model,8,12,0.8135439,0.81125724,0.8166651,0.81543,0.0053538894280791,0.0022866726,0.0041727424,0.0031211972
Full model,8,12,0.80594957,0.8075309,0.8135439,0.80296576,0.0053538894280791,0.0015813112,0.0045651197,0.007594347
Full model,8,12,0.8007102,0.79986405,0.80594957,0.8011042,0.0053538894280791,0.00084614754,0.0012401342,0.0052393675
Full model,8,12,0.79671764,0.7947701,0.8007102,0.7981325,0.0053538894280791,0.0019475222,0.0033623576,0.0039925575
Full model,8,12,0.78941154,0.7910314,0.79671764,0.7875563,0.0053538894280791,0.0016198754,0.0034751296,0.007306099
Full model,8,12,0.7868462,0.78365,0.78941154,0.78935623,0.0053538894280791,0.0031962395,0.0057062507,0.0025653243
Without quantum attention,8,7,0.8862907,0.8830919,0.8920714,0.8879777,0.0053538894280791,0.0031988025,0.0048857927,0.005780697
Without quantum attention,8,7,0.8822545,0.8773478,0.8862907,0.88437545,0.0053538894280791,0.0049066544,0.007027626,0.0040362477
Without quantum attention,8,7,0.87504786,0.8754102,0.8822545,0.8731381,0.0053538894280791,0.00036233664,0.0022720695,0.007206619
Without quantum attention,8,7,0.8599561,0.8677277,0.87504786,0.8532213,0.0053538894280791,0.007771611,0.0145064,0.015091777
Without quantum attention,8,7,0.84888214,0.84942424,0.8599561,0.8495128,0.0053538894280791,0.00054210424,8.85725e-05,0.011073947
Without quantum attention,8,7,0.8466137,0.8423972,0.84888214,0.85412216,0.0053538894280791,0.004216492,0.011724949,0.0022684336
Without quantum attention,8,7,0.85430384,0.841227,0.8466137,0.8645272,0.0053538894280791,0.013076842,0.02330023,0.0076901317
Without quantum attention,8,7,0.865242,0.848268,0.85430384,0.8707553,0.0053538894280791,0.016974032,0.022487342,0.010938168
Without quantum attention,8,7,0.86803764,0.8585213,0.865242,0.8636861,0.0053538894280791,0.009516358,0.005164802,0.0027956367
Without quantum attention,8,7,0.86120874,0.8601421,0.86803764,0.8530257,0.0053538894280791,0.0010666251,0.007116437,0.006828904
Without quantum attention,8,7,0.8446959,0.8545067,0.86120874,0.8353551,0.0053538894280791,0.009810746,0.019151568,0.016512811
Without quantum attention,8,7,0.8313005,0.83788663,0.8446959,0.8304859,0.0053538894280791,0.0065861344,0.007400751,0.013395429
Without quantum attention,8,7,0.82330114,0.82482743,0.8313005,0.8268595,0.0053538894280791,0.0015262961,0.0020320415,0.007999361
Without quantum attention,8,7,0.8115089,0.8182059,0.82330114,0.80900556,0.0053538894280791,0.006696999,0.009200335,0.0117922425
Without quantum attention,8,7,0.81132215,0.8069915,0.8115089,0.8181187,0.0053538894280791,0.004330635,0.011127174,0.00018674135
Without quantum attention,8,7,0.81660736,0.8067279,0.81132215,0.82392466,0.0053538894280791,0.00987947,0.017196774,0.0052852035
Without quantum attention,8,7,0.81998485,0.8105992,0.81660736,0.82161254,0.0053538894280791,0.009385645,0.011013329,0.0033774972
Without quantum attention,8,7,0.81500256,0.8140087,0.81998485,0.80882174,0.0053538894280791,0.0009938478,0.005186975,0.0049822927
Without quantum attention,8,7,0.80781275,0.80871487,0.81500256,0.8039217,0.0053538894280791,0.0009021163,0.004793167,0.0071898103
Without quantum attention,8,7,0.8003655,0.8028924,0.80781275,0.8000672,0.0053538894280791,0.0025268793,0.0028252006,0.0074472427
Without quantum attention,8,7,0.79685116,0.7956756,0.8003655,0.7997907,0.0053538894280791,0.0011755824,0.0041151047,0.0035143495
Without quantum attention,8,7,0.7983708,0.79185724,0.79685116,0.80243707,0.0053538894280791,0.006513536,0.010579824,0.0015196204
Without quantum attention,8,7,0.80251235,0.7929015,0.7983708,0.8055832,0.0053538894280791,0.009610832,0.012681663,0.004141569
Without quantum attention,8,12,0.90002984,0.89650637,0.9059325,0.89965,0.0053538894280791,0.003523469,0.0031436086,0.005902648
Without quantum attention,8,12,0.88923687,0.89204144,0.90002984,0.8855096,0.0053538894280791,0.0028045774,0.0065318346,0.010792971
Without quantum attention,8,12,0.87767106,0.88330483,0.88923687,0.8753226,0.0053538894280791,0.0056337714,0.007982254,0.0115658045
Without quantum attention,8,12,0.8739828,0.8713105,0.87767106,0.87928826,0.0053538894280791,0.0026723146,0.007977784,0.0036882758
Without quantum attention,8,12,0.87492675,0.8656936,0.8739828,0.8807088,0.0053538894280791,0.009233117,0.015015185,0.00094395876
Without quantum attention,8,12,0.87504387,0.8689871,0.87492675,0.87602335,0.0053538894280791,0.0060567856,0.0070362687,0.00011712313
Without quantum attention,8,12,0.87760997,0.8686334,0.87504387,0.8793386,0.0053538894280791,0.008976579,0.010705233,0.0025660992
Without quantum attention,8,12,0.8801019,0.87144405,0.87760997,0.88145787,0.0053538894280791,0.008657873,0.010013819,0.002491951
Without quantum attention,8,12,0.8738701,0.87313855,0.8801019,0.86845046,0.0053538894280791,0.0007315278,0.004688084,0.0062318444
Without quantum attention,8,12,0.865847,0.868505,0.8738701,0.8620723,0.0053538894280791,0.0026580095,0.006432712,0.008023083
Without quantum attention,8,12,0.8544704,0.85885835,0.865847,0.8507111,0.0053538894280791,0.0043879747,0.00814724,0.011376619
Without quantum attention,8,12,0.8372065,0.84927374,0.8544704,0.83155227,0.0053538894280791,0.012067258,0.017721474,0.01726389
Without quantum attention,8,12,0.83504474,0.83343405,0.8372065,0.84379613,0.0053538894280791,0.0016106963,0.010362089,0.0021617413
Without quantum attention,8,12,0.8285201,0.8298318,0.83504474,0.8285985,0.0053538894280791,0.0013116598,0.0012332797,0.0065246224
Without quantum attention,8,12,0.82626516,0.82477343,0.8285201,0.8286263,0.0053538894280791,0.0014917254,0.0038528442,0.002254963
Without quantum attention,8,12,0.821249,0.82161653,0.82626516,0.8200065,0.0053538894280791,0.00036752224,0.0016100407,0.005016148
Without quantum attention,8,12,0.8166651,0.8153716,0.821249,0.8169389,0.0053538894280791,0.00129354,0.0015673041,0.004583895
Without quantum attention,8,12,0.8135439,0.81197023,0.8166651,0.81543,0.0053538894280791,0.0015736818,0.0034597516,0.0031211972
Without quantum attention,8,12,0.80594957,0.8088238,0.8135439,0.80296576,0.0053538894280791,0.0028742552,0.0058580637,0.007594347
Without quantum attention,8,12,0.8007102,0.8011094,0.80594957,0.8011042,0.0053538894280791,0.0003991723,5.185604e-06,0.0052393675
Without quantum attention,8,12,0.79671764,0.7952438,0.8007102,0.7981325,0.0053538894280791,0.001473844,0.0028886795,0.0039925575
Without quantum attention,8,12,0.78941154,0.791904,0.79671764,0.7875563,0.0053538894280791,0.0024924278,0.004347682,0.007306099
Without quantum attention,8,12,0.7868462,0.78418714,0.78941154,0.78935623,0.0053538894280791,0.0026590824,0.0051690936,0.0025653243
Without VQR,8,7,0.8862907,0.8864146,0.8920714,0.8879777,0.0053538894280791,0.00012385845,0.0015631318,0.005780697
Without VQR,8,7,0.8822545,0.8806317,0.8862907,0.88437545,0.0053538894280791,0.0016227961,0.0037437677,0.0040362477
Without VQR,8,7,0.87504786,0.87652946,0.8822545,0.8731381,0.0053538894280791,0.0014815927,0.0033913255,0.007206619
Without VQR,8,7,0.8599561,0.86930466,0.87504786,0.8532213,0.0053538894280791,0.009348571,0.01608336,0.015091777
Without VQR,8,7,0.84888214,0.85437906,0.8599561,0.8495128,0.0053538894280791,0.005496919,0.0048662424,0.011073947
Without VQR,8,7,0.8466137,0.84549946,0.84888214,0.85412216,0.0053538894280791,0.0011142492,0.008622706,0.0022684336
Without VQR,8,7,0.85430384,0.84360534,0.8466137,0.8645272,0.0053538894280791,0.010698497,0.020921886,0.0076901317
Without VQR,8,7,0.865242,0.8511617,0.85430384,0.8707553,0.0053538894280791,0.014080286,0.019593596,0.010938168
Without VQR,8,7,0.86803764,0.86157864,0.865242,0.8636861,0.0053538894280791,0.0064589977,0.0021074414,0.0027956367
Without VQR,8,7,0.86120874,0.8642102,0.86803764,0.8530257,0.0053538894280791,0.0030014515,0.011184514,0.006828904
Without VQR,8,7,0.8446959,0.8574283,0.86120874,0.8353551,0.0053538894280791,0.012732387,0.02207321,0.016512811
Without VQR,8,7,0.8313005,0.8412421,0.8446959,0.8304859,0.0053538894280791,0.009941578,0.010756195,0.013395429
Without VQR,8,7,0.82330114,0.82775646,0.8313005,0.8268595,0.0053538894280791,0.004455328,0.0008969903,0.007999361
Without VQR,8,7,0.8115089,0.8198265,0.82330114,0.80900556,0.0053538894280791,0.00831759,0.010820925,0.0117922425
Without VQR,8,7,0.81132215,0.8083837,0.8115089,0.8181187,0.0053538894280791,0.0029384494,0.009734988,0.00018674135
Without VQR,8,7,0.81660736,0.8081002,0.81132215,0.82392466,0.0053538894280791,0.0085071325,0.015824437,0.0052852035
Without VQR,8,7,0.81998485,0.8129556,0.81660736,0.82161254,0.0053538894280791,0.0070292354,0.008656919,0.0033774972
Without VQR,8,7,0.81500256,0.8162249,0.81998485,0.80882174,0.0053538894280791,0.0012223125,0.0074031353,0.0049822927
Without VQR,8,7,0.80781275,0.812054,0.81500256,0.8039217,0.0053538894280791,0.004241228,0.008132279,0.0071898103
Without VQR,8,7,0.8003655,0.8044374,0.80781275,0.8000672,0.0053538894280791,0.0040718913,0.0043702126,0.0074472427
Without VQR,8,7,0.79685116,0.7969128,0.8003655,0.7997907,0.0053538894280791,6.16312e-05,0.002877891,0.0035143495
Without VQR,8,7,0.7983708,0.79320455,0.79685116,0.80243707,0.0053538894280791,0.0051662326,0.009232521,0.0015196204
Without VQR,8,7,0.80251235,0.79441065,0.7983708,0.8055832,0.0053538894280791,0.008101702,0.011172533,0.004141569
Without VQR,8,12,0.90002984,0.90019983,0.9059325,0.89965,0.0053538894280791,0.00016999245,0.00054985285,0.005902648
Without VQR,8,12,0.88923687,0.8944276,0.90002984,0.8855096,0.0053538894280791,0.00519073,0.008917987,0.010792971
Without VQR,8,12,0.87767106,0.8836431,0.88923687,0.8753226,0.0053538894280791,0.005972028,0.00832051,0.0115658045
Without VQR,8,12,0.8739828,0.8718309,0.87767106,0.87928826,0.0053538894280791,0.0021519065,0.0074573755,0.0036882758
Without VQR,8,12,0.87492675,0.86801136,0.8739828,0.8807088,0.0053538894280791,0.0069153905,0.012697458,0.00094395876
Without VQR,8,12,0.87504387,0.8710393,0.87492675,0.87602335,0.0053538894280791,0.0040045977,0.004984081,0.00011712313
Without VQR,8,12,0.87760997,0.87121373,0.87504387,0.8793386,0.0053538894280791,0.006396234,0.008124888,0.0025660992
Without VQR,8,12,0.8801019,0.87402624,0.87760997,0.88145787,0.0053538894280791,0.0060756803,0.0074316263,0.002491951
Without VQR,8,12,0.8738701,0.87594855,0.8801019,0.86845046,0.0053538894280791,0.0020784736,0.0074980855,0.0062318444
Without VQR,8,12,0.865847,0.8695005,0.8738701,0.8620723,0.0053538894280791,0.0036535263,0.007428229,0.008023083
Without VQR,8,12,0.8544704,0.86125976,0.865847,0.8507111,0.0053538894280791,0.0067893863,0.010548651,0.011376619
Without VQR,8,12,0.8372065,0.85057396,0.8544704,0.83155227,0.0053538894280791,0.013367474,0.01902169,0.01726389
Without VQR,8,12,0.83504474,0.83363825,0.8372065,0.84379613,0.0053538894280791,0.0014064908,0.010157883,0.0021617413
Without VQR,8,12,0.8285201,0.8308858,0.83504474,0.8285985,0.0053538894280791,0.0023657084,0.0022873282,0.0065246224
Without VQR,8,12,0.82626516,0.8242837,0.8285201,0.8286263,0.0053538894280791,0.0019814372,0.004342556,0.002254963
Without VQR,8,12,0.821249,0.82283264,0.82626516,0.8200065,0.0053538894280791,0.0015836358,0.0028261542,0.005016148
Without VQR,8,12,0.8166651,0.8177113,0.821249,0.8169389,0.0053538894280791,0.0010461807,0.0007724166,0.004583895
Without VQR,8,12,0.8135439,0.8128182,0.8166651,0.81543,0.0053538894280791,0.00072568655,0.0026117563,0.0031211972
Without VQR,8,12,0.80594957,0.8104937,0.8135439,0.80296576,0.0053538894280791,0.004544139,0.0075279474,0.007594347
Without VQR,8,12,0.8007102,0.80165416,0.80594957,0.8011042,0.0053538894280791,0.00094395876,0.00054997206,0.0052393675
Without VQR,8,12,0.79671764,0.79605514,0.8007102,0.7981325,0.0053538894280791,0.0006625056,0.002077341,0.0039925575
Without VQR,8,12,0.78941154,0.7919892,0.79671764,0.7875563,0.0053538894280791,0.0025776625,0.0044329166,0.007306099
Without VQR,8,12,0.7868462,0.7852267,0.78941154,0.78935623,0.0053538894280791,0.0016195178,0.004129529,0.0025653243
Without quantum attention and VQR,8,7,0.8862907,0.8820037,0.8920714,0.8879777,0.0053538894280791,0.0042870045,0.0059739947,0.005780697
Without quantum attention and VQR,8,7,0.8822545,0.8772059,0.8862907,0.88437545,0.0053538894280791,0.005048573,0.0071695447,0.0040362477
Without quantum attention and VQR,8,7,0.87504786,0.8739935,0.8822545,0.8731381,0.0053538894280791,0.0010543466,0.00085538626,0.007206619
Without quantum attention and VQR,8,7,0.8599561,0.86729974,0.87504786,0.8532213,0.0053538894280791,0.00734365,0.014078438,0.015091777
Without quantum attention and VQR,8,7,0.84888214,0.85134244,0.8599561,0.8495128,0.0053538894280791,0.002460301,0.0018296242,0.011073947
Without quantum attention and VQR,8,7,0.8466137,0.8416808,0.84888214,0.85412216,0.0053538894280791,0.0049328804,0.012441337,0.0022684336
Without quantum attention and VQR,8,7,0.85430384,0.8402199,0.8466137,0.8645272,0.0053538894280791,0.014083922,0.02430731,0.0076901317
Without quantum attention and VQR,8,7,0.865242,0.84838563,0.85430384,0.8707553,0.0053538894280791,0.016856372,0.022369683,0.010938168
Without quantum attention and VQR,8,7,0.86803764,0.8588833,0.865242,0.8636861,0.0053538894280791,0.00915432,0.0048027635,0.0027956367
Without quantum attention and VQR,8,7,0.86120874,0.8611673,0.86803764,0.8530257,0.0053538894280791,4.1425228e-05,0.008141637,0.006828904
Without quantum attention and VQR,8,7,0.8446959,0.8539453,0.86120874,0.8353551,0.0053538894280791,0.009249389,0.018590212,0.016512811
Without quantum attention and VQR,8,7,0.8313005,0.8373752,0.8446959,0.8304859,0.0053538894280791,0.0060747266,0.0068893433,0.013395429
Without quantum attention and VQR,8,7,0.82330114,0.8247073,0.8313005,0.8268595,0.0053538894280791,0.0014061928,0.002152145,0.007999361
Without quantum attention and VQR,8,7,0.8115089,0.8182532,0.82330114,0.80900556,0.0053538894280791,0.006744325,0.009247661,0.0117922425
Without quantum attention and VQR,8,7,0.81132215,0.8072664,0.8115089,0.8181187,0.0053538894280791,0.0040557384,0.010852277,0.00018674135
Without quantum attention and VQR,8,7,0.81660736,0.8074504,0.81132215,0.82392466,0.0053538894280791,0.009156942,0.016474247,0.0052852035
Without quantum attention and VQR,8,7,0.81998485,0.8120121,0.81660736,0.82161254,0.0053538894280791,0.007972777,0.0096004605,0.0033774972
Without quantum attention and VQR,8,7,0.81500256,0.8149033,0.81998485,0.80882174,0.0053538894280791,9.924173e-05,0.006081581,0.0049822927
Without quantum attention and VQR,8,7,0.80781275,0.8093438,0.81500256,0.8039217,0.0053538894280791,0.0015310645,0.0054221153,0.0071898103
Without quantum attention and VQR,8,7,0.8003655,0.8024683,0.80781275,0.8000672,0.0053538894280791,0.0021027923,0.0024011135,0.0074472427
Without quantum attention and VQR,8,7,0.79685116,0.7950089,0.8003655,0.7997907,0.0053538894280791,0.0018422604,0.0047817826,0.0035143495
Without quantum attention and VQR,8,7,0.7983708,0.79190725,0.79685116,0.80243707,0.0053538894280791,0.0064635277,0.010529816,0.0015196204
Without quantum attention and VQR,8,7,0.80251235,0.7928126,0.7983708,0.8055832,0.0053538894280791,0.009699762,0.012770593,0.004141569
Without quantum attention and VQR,8,12,0.90002984,0.894983,0.9059325,0.89965,0.0053538894280791,0.0050468445,0.004666984,0.005902648
Without quantum attention and VQR,8,12,0.88923687,0.89102966,0.90002984,0.8855096,0.0053538894280791,0.0017927885,0.0055200458,0.010792971
Without quantum attention and VQR,8,12,0.87767106,0.8822111,0.88923687,0.8753226,0.0053538894280791,0.004540026,0.006888509,0.0115658045
Without quantum attention and VQR,8,12,0.8739828,0.8706152,0.87767106,0.87928826,0.0053538894280791,0.0033676028,0.008673072,0.0036882758
Without quantum attention and VQR,8,12,0.87492675,0.8664787,0.8739828,0.8807088,0.0053538894280791,0.008448064,0.014230132,0.00094395876
Without quantum attention and VQR,8,12,0.87504387,0.86806923,0.87492675,0.87602335,0.0053538894280791,0.0069746375,0.007954121,0.00011712313
Without quantum attention and VQR,8,12,0.87760997,0.867947,0.87504387,0.8793386,0.0053538894280791,0.009662986,0.01139164,0.0025660992
Without quantum attention and VQR,8,12,0.8801019,0.87079763,0.87760997,0.88145787,0.0053538894280791,0.009304285,0.010660231,0.002491951
Without quantum attention and VQR,8,12,0.8738701,0.8726368,0.8801019,0.86845046,0.0053538894280791,0.0012332797,0.004186332,0.0062318444
Without quantum attention and VQR,8,12,0.865847,0.86626303,0.8738701,0.8620723,0.0053538894280791,0.00041604042,0.004190743,0.008023083
Without quantum attention and VQR,8,12,0.8544704,0.8578038,0.865847,0.8507111,0.0053538894280791,0.0033334494,0.0070927143,0.011376619
Without quantum attention and VQR,8,12,0.8372065,0.8468852,0.8544704,0.83155227,0.0053538894280791,0.009678721,0.015332937,0.01726389
Without quantum attention and VQR,8,12,0.83504474,0.8309815,0.8372065,0.84379613,0.0053538894280791,0.0040632486,0.012814641,0.0021617413
Without quantum attention and VQR,8,12,0.8285201,0.83044356,0.83504474,0.8285985,0.0053538894280791,0.0019234419,0.0018450618,0.0065246224
Without quantum attention and VQR,8,12,0.82626516,0.8241214,0.8285201,0.8286263,0.0053538894280791,0.0021437407,0.0045048594,0.002254963
Without quantum attention and VQR,8,12,0.821249,0.8218197,0.82626516,0.8200065,0.0053538894280791,0.0005707145,0.0018132329,0.005016148
Without quantum attention and VQR,8,12,0.8166651,0.81673944,0.821249,0.8169389,0.0053538894280791,7.432699e-05,0.00019943714,0.004583895
Without quantum attention and VQR,8,12,0.8135439,0.81208575,0.8166651,0.81543,0.0053538894280791,0.001458168,0.0033442378,0.0031211972
Without quantum attention and VQR,8,12,0.80594957,0.8079268,0.8135439,0.80296576,0.0053538894280791,0.0019772053,0.004961014,0.007594347
Without quantum attention and VQR,8,12,0.8007102,0.80078846,0.80594957,0.8011042,0.0053538894280791,7.82609e-05,0.0003157258,0.0052393675
Without quantum attention and VQR,8,12,0.79671764,0.79534394,0.8007102,0.7981325,0.0053538894280791,0.0013737082,0.0027885437,0.0039925575
Without quantum attention and VQR,8,12,0.78941154,0.7915013,0.79671764,0.7875563,0.0053538894280791,0.0020897388,0.003944993,0.007306099
Without quantum attention and VQR,8,12,0.7868462,0.78354627,0.78941154,0.78935623,0.0053538894280791,0.0032999516,0.0058099627,0.0025653243
Classical QLSTM gates,8,7,0.8862907,0.88798875,0.8920714,0.8879777,0.0053538894280791,0.0016980171,1.1026859e-05,0.005780697
Classical QLSTM gates,8,7,0.8822545,0.882194,0.8862907,0.88437545,0.0053538894280791,6.0498714e-05,0.0021814704,0.0040362477
Classical QLSTM gates,8,7,0.87504786,0.8784758,0.8822545,0.8731381,0.0053538894280791,0.0034279227,0.0053376555,0.007206619
Classical QLSTM gates,8,7,0.8599561,0.8711255,0.87504786,0.8532213,0.0053538894280791,0.011169434,0.017904222,0.015091777
Classical QLSTM gates,8,7,0.84888214,0.85249174,0.8599561,0.8495128,0.0053538894280791,0.0036095977,0.002978921,0.011073947
Classical QLSTM gates,8,7,0.8466137,0.8428162,0.84888214,0.85412216,0.0053538894280791,0.0037975311,0.011305988,0.0022684336
Classical QLSTM gates,8,7,0.85430384,0.8407023,0.8466137,0.8645272,0.0053538894280791,0.0136015415,0.02382493,0.0076901317
Classical QLSTM gates,8,7,0.865242,0.8485986,0.85430384,0.8707553,0.0053538894280791,0.016643405,0.022156715,0.010938168
Classical QLSTM gates,8,7,0.86803764,0.8588491,0.865242,0.8636861,0.0053538894280791,0.009188533,0.0048369765,0.0027956367
Classical QLSTM gates,8,7,0.86120874,0.8611808,0.86803764,0.8530257,0.0053538894280791,2.7954578e-05,0.0081551075,0.006828904
Classical QLSTM gates,8,7,0.8446959,0.85404736,0.86120874,0.8353551,0.0053538894280791,0.009351432,0.018692255,0.016512811
Classical QLSTM gates,8,7,0.8313005,0.8375806,0.8446959,0.8304859,0.0053538894280791,0.006280124,0.007094741,0.013395429
Classical QLSTM gates,8,7,0.82330114,0.82372,0.8313005,0.8268595,0.0053538894280791,0.00041884184,0.0031394958,0.007999361
Classical QLSTM gates,8,7,0.8115089,0.8158089,0.82330114,0.80900556,0.0053538894280791,0.0042999983,0.0068033338,0.0117922425
Classical QLSTM gates,8,7,0.81132215,0.8049022,0.8115089,0.8181187,0.0053538894280791,0.0064199567,0.0132164955,0.00018674135
Classical QLSTM gates,8,7,0.81660736,0.8048491,0.81132215,0.82392466,0.0053538894280791,0.011758268,0.019075572,0.0052852035
Classical QLSTM gates,8,7,0.81998485,0.8103537,0.81660736,0.82161254,0.0053538894280791,0.009631157,0.011258841,0.0033774972
Classical QLSTM gates,8,7,0.81500256,0.8139463,0.81998485,0.80882174,0.0053538894280791,0.0010562539,0.005124569,0.0049822927
Classical QLSTM gates,8,7,0.80781275,0.8087912,0.81500256,0.8039217,0.0053538894280791,0.0009784698,0.0048695207,0.0071898103
Classical QLSTM gates,8,7,0.8003655,0.8007316,0.80781275,0.8000672,0.0053538894280791,0.00036609173,0.000664413,0.0074472427
Classical QLSTM gates,8,7,0.79685116,0.79285425,0.8003655,0.7997907,0.0053538894280791,0.0039969087,0.006936431,0.0035143495
Classical QLSTM gates,8,7,0.7983708,0.7893958,0.79685116,0.80243707,0.0053538894280791,0.008974969,0.013041258,0.0015196204
Classical QLSTM gates,8,7,0.80251235,0.7907722,0.7983708,0.8055832,0.0053538894280791,0.011740148,0.014810979,0.004141569
Classical QLSTM gates,8,12,0.90002984,0.90182716,0.9059325,0.89965,0.0053538894280791,0.0017973185,0.0021771789,0.005902648
Classical QLSTM gates,8,12,0.88923687,0.89689606,0.90002984,0.8855096,0.0053538894280791,0.007659197,0.011386454,0.010792971
Classical QLSTM gates,8,12,0.87767106,0.88630015,0.88923687,0.8753226,0.0053538894280791,0.008629084,0.010977566,0.0115658045
Classical QLSTM gates,8,12,0.8739828,0.8743643,0.87767106,0.87928826,0.0053538894280791,0.00038152933,0.0049239397,0.0036882758
Classical QLSTM gates,8,12,0.87492675,0.86966866,0.8739828,0.8807088,0.0053538894280791,0.0052580833,0.011040151,0.00094395876
Classical QLSTM gates,8,12,0.87504387,0.86855644,0.87492675,0.87602335,0.0053538894280791,0.006487429,0.0074669123,0.00011712313
Classical QLSTM gates,8,12,0.87760997,0.8693722,0.87504387,0.8793386,0.0053538894280791,0.008237779,0.009966433,0.0025660992
Classical QLSTM gates,8,12,0.8801019,0.87200433,0.87760997,0.88145787,0.0053538894280791,0.008097589,0.009453535,0.002491951
Classical QLSTM gates,8,12,0.8738701,0.8737188,0.8801019,0.86845046,0.0053538894280791,0.00015127659,0.0052683353,0.0062318444
Classical QLSTM gates,8,12,0.865847,0.8663345,0.8738701,0.8620723,0.0053538894280791,0.0004875064,0.004262209,0.008023083
Classical QLSTM gates,8,12,0.8544704,0.8581846,0.865847,0.8507111,0.0053538894280791,0.0037142038,0.007473469,0.011376619
Classical QLSTM gates,8,12,0.8372065,0.8471673,0.8544704,0.83155227,0.0053538894280791,0.00996083,0.015615046,0.01726389
Classical QLSTM gates,8,12,0.83504474,0.8296332,0.8372065,0.84379613,0.0053538894280791,0.0054115653,0.014162958,0.0021617413
Classical QLSTM gates,8,12,0.8285201,0.8272263,0.83504474,0.8285985,0.0053538894280791,0.001293838,0.0013722181,0.0065246224
Classical QLSTM gates,8,12,0.82626516,0.82098716,0.8285201,0.8286263,0.0053538894280791,0.0052779913,0.00763911,0.002254963
Classical QLSTM gates,8,12,0.821249,0.8199576,0.82626516,0.8200065,0.0053538894280791,0.0012913942,4.887581e-05,0.005016148
Classical QLSTM gates,8,12,0.8166651,0.8149683,0.821249,0.8169389,0.0053538894280791,0.001696825,0.0019705892,0.004583895
Classical QLSTM gates,8,12,0.8135439,0.8106393,0.8166651,0.81543,0.0053538894280791,0.002904594,0.0047906637,0.0031211972
Classical QLSTM gates,8,12,0.80594957,0.8069505,0.8135439,0.80296576,0.0053538894280791,0.0010009408,0.0039847493,0.007594347
Classical QLSTM gates,8,12,0.8007102,0.798991,0.80594957,0.8011042,0.0053538894280791,0.0017191768,0.0021131635,0.0052393675
Classical QLSTM gates,8,12,0.79671764,0.79342127,0.8007102,0.7981325,0.0053538894280791,0.0032963753,0.0047112107,0.0039925575
Classical QLSTM gates,8,12,0.78941154,0.7890156,0.79671764,0.7875563,0.0053538894280791,0.00039595366,0.0014593005,0.007306099
Classical QLSTM gates,8,12,0.7868462,0.7815853,0.78941154,0.78935623,0.0053538894280791,0.0052609444,0.0077709556,0.0025653243
Classical attention circuits,8,7,0.8862907,0.8828699,0.8920714,0.8879777,0.0053538894280791,0.0034208298,0.00510782,0.005780697
Classical attention circuits,8,7,0.8822545,0.87752146,0.8862907,0.88437545,0.0053538894280791,0.004733026,0.0068539977,0.0040362477
Classical attention circuits,8,7,0.87504786,0.87295616,0.8822545,0.8731381,0.0053538894280791,0.0020917058,0.00018197298,0.007206619
Classical attention circuits,8,7,0.8599561,0.86646914,0.87504786,0.8532213,0.0053538894280791,0.006513059,0.013247848,0.015091777
Classical attention circuits,8,7,0.84888214,0.85330915,0.8599561,0.8495128,0.0053538894280791,0.004427016,0.003796339,0.011073947
Classical attention circuits,8,7,0.8466137,0.84369326,0.84888214,0.85412216,0.0053538894280791,0.0029204488,0.0104289055,0.0022684336
Classical attention circuits,8,7,0.85430384,0.84058213,0.8466137,0.8645272,0.0053538894280791,0.0137217045,0.023945093,0.0076901317
Classical attention circuits,8,7,0.865242,0.84805137,0.85430384,0.8707553,0.0053538894280791,0.017190635,0.022703946,0.010938168
Classical attention circuits,8,7,0.86803764,0.8587738,0.865242,0.8636861,0.0053538894280791,0.0092638135,0.004912257,0.0027956367
Classical attention circuits,8,7,0.86120874,0.8609612,0.86803764,0.8530257,0.0053538894280791,0.0002475381,0.007935524,0.006828904
Classical attention circuits,8,7,0.8446959,0.854065,0.86120874,0.8353551,0.0053538894280791,0.009369075,0.018709898,0.016512811
Classical attention circuits,8,7,0.8313005,0.8382464,0.8446959,0.8304859,0.0053538894280791,0.006945908,0.0077605247,0.013395429
Classical attention circuits,8,7,0.82330114,0.8251099,0.8313005,0.8268595,0.0053538894280791,0.0018087626,0.0017495751,0.007999361
Classical attention circuits,8,7,0.8115089,0.81805384,0.82330114,0.80900556,0.0053538894280791,0.0065449476,0.009048283,0.0117922425
Classical attention circuits,8,7,0.81132215,0.8070481,0.8115089,0.8181187,0.0053538894280791,0.0042740703,0.011070609,0.00018674135
Classical attention circuits,8,7,0.81660736,0.80734146,0.81132215,0.82392466,0.0053538894280791,0.0092659,0.016583204,0.0052852035
Classical attention circuits,8,7,0.81998485,0.812165,0.81660736,0.82161254,0.0053538894280791,0.007819831,0.009447515,0.0033774972
Classical attention circuits,8,7,0.81500256,0.8155878,0.81998485,0.80882174,0.0053538894280791,0.000585258,0.006766081,0.0049822927
Classical attention circuits,8,7,0.80781275,0.81041366,0.81500256,0.8039217,0.0053538894280791,0.0026009083,0.006491959,0.0071898103
Classical attention circuits,8,7,0.8003655,0.8030639,0.80781275,0.8000672,0.0053538894280791,0.0026984215,0.0029967427,0.0074472427
Classical attention circuits,8,7,0.79685116,0.79551405,0.8003655,0.7997907,0.0053538894280791,0.001337111,0.0042766333,0.0035143495
Classical attention circuits,8,7,0.7983708,0.7920365,0.79685116,0.80243707,0.0053538894280791,0.006334305,0.010400593,0.0015196204
Classical attention circuits,8,7,0.80251235,0.79401994,0.7983708,0.8055832,0.0053538894280791,0.00849241,0.0115632415,0.004141569
Classical attention circuits,8,12,0.90002984,0.8951968,0.9059325,0.89965,0.0053538894280791,0.0048330426,0.004453182,0.005902648
Classical attention circuits,8,12,0.88923687,0.8901177,0.90002984,0.8855096,0.0053538894280791,0.00088083744,0.0046080947,0.010792971
Classical attention circuits,8,12,0.87767106,0.8804963,0.88923687,0.8753226,0.0053538894280791,0.0028252602,0.005173743,0.0115658045
Classical attention circuits,8,12,0.8739828,0.86939365,0.87767106,0.87928826,0.0053538894280791,0.0045891404,0.009894609,0.0036882758
Classical attention circuits,8,12,0.87492675,0.8666343,0.8739828,0.8807088,0.0053538894280791,0.008292437,0.014074504,0.00094395876
Classical attention circuits,8,12,0.87504387,0.8689805,0.87492675,0.87602335,0.0053538894280791,0.006063342,0.007042825,0.00011712313
Classical attention circuits,8,12,0.87760997,0.86875653,0.87504387,0.8793386,0.0053538894280791,0.0088534355,0.010582089,0.0025660992
Classical attention circuits,8,12,0.8801019,0.87099093,0.87760997,0.88145787,0.0053538894280791,0.009110987,0.010466933,0.002491951
Classical attention circuits,8,12,0.8738701,0.8732265,0.8801019,0.86845046,0.0053538894280791,0.00064355135,0.0047760606,0.0062318444
Classical attention circuits,8,12,0.865847,0.8666735,0.8738701,0.8620723,0.0053538894280791,0.0008265376,0.00460124,0.008023083
Classical attention circuits,8,12,0.8544704,0.8593471,0.865847,0.8507111,0.0053538894280791,0.004876733,0.008635998,0.011376619
Classical attention circuits,8,12,0.8372065,0.84816897,0.8544704,0.83155227,0.0053538894280791,0.010962486,0.016616702,0.01726389
Classical attention circuits,8,12,0.83504474,0.83147705,0.8372065,0.84379613,0.0053538894280791,0.0035676956,0.012319088,0.0021617413
Classical attention circuits,8,12,0.8285201,0.8296862,0.83504474,0.8285985,0.0053538894280791,0.0011661053,0.0010877252,0.0065246224
Classical attention circuits,8,12,0.82626516,0.823798,0.8285201,0.8286263,0.0053538894280791,0.0024671555,0.0048282743,0.002254963
Classical attention circuits,8,12,0.821249,0.8217932,0.82626516,0.8200065,0.0053538894280791,0.0005441904,0.0017867088,0.005016148
Classical attention circuits,8,12,0.8166651,0.8168189,0.821249,0.8169389,0.0053538894280791,0.00015377998,0.00011998415,0.004583895
Classical attention circuits,8,12,0.8135439,0.8120756,0.8166651,0.81543,0.0053538894280791,0.0014683008,0.0033543706,0.0031211972
Classical attention circuits,8,12,0.80594957,0.80837905,0.8135439,0.80296576,0.0053538894280791,0.0024294853,0.005413294,0.007594347
Classical attention circuits,8,12,0.8007102,0.80047375,0.80594957,0.8011042,0.0053538894280791,0.00023645163,0.0006304383,0.0052393675
Classical attention circuits,8,12,0.79671764,0.7955122,0.8007102,0.7981325,0.0053538894280791,0.0012054443,0.0026202798,0.0039925575
Classical attention circuits,8,12,0.78941154,0.7918967,0.79671764,0.7875563,0.0053538894280791,0.002485156,0.00434041,0.007306099
Classical attention circuits,8,12,0.7868462,0.78488564,0.78941154,0.78935623,0.0053538894280791,0.0019605756,0.004470587,0.0025653243
Classical VQR circuit,8,7,0.8862907,0.88191676,0.8920714,0.8879777,0.0053538894280791,0.0043739676,0.006060958,0.005780697
Classical VQR circuit,8,7,0.8822545,0.8769613,0.8862907,0.88437545,0.0053538894280791,0.0052931905,0.007414162,0.0040362477
Classical VQR circuit,8,7,0.87504786,0.872657,0.8822545,0.8731381,0.0053538894280791,0.0023908615,0.0004811287,0.007206619
Classical VQR circuit,8,7,0.8599561,0.8663637,0.87504786,0.8532213,0.0053538894280791,0.0064076185,0.013142407,0.015091777
Classical VQR circuit,8,7,0.84888214,0.85254365,0.8599561,0.8495128,0.0053538894280791,0.0036615133,0.0030308366,0.011073947
Classical VQR circuit,8,7,0.8466137,0.8429852,0.84888214,0.85412216,0.0053538894280791,0.0036284924,0.011136949,0.0022684336
Classical VQR circuit,8,7,0.85430384,0.84054863,0.8466137,0.8645272,0.0053538894280791,0.013755202,0.023978591,0.0076901317
Classical VQR circuit,8,7,0.865242,0.84774226,0.85430384,0.8707553,0.0053538894280791,0.017499745,0.023013055,0.010938168
Classical VQR circuit,8,7,0.86803764,0.85810846,0.865242,0.8636861,0.0053538894280791,0.00992918,0.005577624,0.0027956367
Classical VQR circuit,8,7,0.86120874,0.8605517,0.86803764,0.8530257,0.0053538894280791,0.000657022,0.00752604,0.006828904
Classical VQR circuit,8,7,0.8446959,0.8536012,0.86120874,0.8353551,0.0053538894280791,0.008905292,0.018246114,0.016512811
Classical VQR circuit,8,7,0.8313005,0.83770204,0.8446959,0.8304859,0.0053538894280791,0.006401539,0.0072161555,0.013395429
Classical VQR circuit,8,7,0.82330114,0.8247959,0.8313005,0.8268595,0.0053538894280791,0.0014947653,0.0020635724,0.007999361
Classical VQR circuit,8,7,0.8115089,0.81758916,0.82330114,0.80900556,0.0053538894280791,0.00608027,0.008583605,0.0117922425
Classical VQR circuit,8,7,0.81132215,0.806564,0.8115089,0.8181187,0.0053538894280791,0.004758179,0.011554718,0.00018674135
Classical VQR circuit,8,7,0.81660736,0.8066332,0.81132215,0.82392466,0.0053538894280791,0.009974182,0.017291486,0.0052852035
Classical VQR circuit,8,7,0.81998485,0.8114931,0.81660736,0.82161254,0.0053538894280791,0.0084917545,0.010119438,0.0033774972
Classical VQR circuit,8,7,0.81500256,0.8147958,0.81998485,0.80882174,0.0053538894280791,0.00020676851,0.0059740543,0.0049822927
Classical VQR circuit,8,7,0.80781275,0.8102202,0.81500256,0.8039217,0.0053538894280791,0.0024074316,0.0062984824,0.0071898103
Classical VQR circuit,8,7,0.8003655,0.8030711,0.80781275,0.8000672,0.0053538894280791,0.002705574,0.0030038953,0.0074472427
Classical VQR circuit,8,7,0.79685116,0.7957834,0.8003655,0.7997907,0.0053538894280791,0.0010677576,0.00400728,0.0035143495
Classical VQR circuit,8,7,0.7983708,0.7923387,0.79685116,0.80243707,0.0053538894280791,0.0060320497,0.010098338,0.0015196204
Classical VQR circuit,8,7,0.80251235,0.79377985,0.7983708,0.8055832,0.0053538894280791,0.008732498,0.011803329,0.004141569
Classical VQR circuit,8,12,0.90002984,0.8940163,0.9059325,0.89965,0.0053538894280791,0.0060135126,0.005633652,0.005902648
Classical VQR circuit,8,12,0.88923687,0.8893827,0.90002984,0.8855096,0.0053538894280791,0.00014585257,0.0038731098,0.010792971
Classical VQR circuit,8,12,0.87767106,0.880258,0.88923687,0.8753226,0.0053538894280791,0.0025869608,0.0049354434,0.0115658045
Classical VQR circuit,8,12,0.8739828,0.86928433,0.87767106,0.87928826,0.0053538894280791,0.0046984553,0.010003924,0.0036882758
Classical VQR circuit,8,12,0.87492675,0.8664762,0.8739828,0.8807088,0.0053538894280791,0.008450568,0.0142326355,0.00094395876
Classical VQR circuit,8,12,0.87504387,0.8683787,0.87492675,0.87602335,0.0053538894280791,0.00666517,0.0076446533,0.00011712313
Classical VQR circuit,8,12,0.87760997,0.8680975,0.87504387,0.8793386,0.0053538894280791,0.009512484,0.011241138,0.0025660992
Classical VQR circuit,8,12,0.8801019,0.87041837,0.87760997,0.88145787,0.0053538894280791,0.009683549,0.0110394955,0.002491951
Classical VQR circuit,8,12,0.8738701,0.87234056,0.8801019,0.86845046,0.0053538894280791,0.0015295148,0.0038900971,0.0062318444
Classical VQR circuit,8,12,0.865847,0.866012,0.8738701,0.8620723,0.0053538894280791,0.00016498566,0.003939688,0.008023083
Classical VQR circuit,8,12,0.8544704,0.8582037,0.865847,0.8507111,0.0053538894280791,0.003733337,0.007492602,0.011376619
Classical VQR circuit,8,12,0.8372065,0.8473992,0.8544704,0.83155227,0.0053538894280791,0.010192692,0.015846908,0.01726389
Classical VQR circuit,8,12,0.83504474,0.83090794,0.8372065,0.84379613,0.0053538894280791,0.0041368008,0.012888193,0.0021617413
Classical VQR circuit,8,12,0.8285201,0.8291098,0.83504474,0.8285985,0.0053538894280791,0.00058966875,0.00051128864,0.0065246224
Classical VQR circuit,8,12,0.82626516,0.82284594,0.8285201,0.8286263,0.0053538894280791,0.0034192204,0.0057803392,0.002254963
Classical VQR circuit,8,12,0.821249,0.82106256,0.82626516,0.8200065,0.0053538894280791,0.00018644333,0.0010560751,0.005016148
Classical VQR circuit,8,12,0.8166651,0.8160393,0.821249,0.8169389,0.0053538894280791,0.00062578917,0.0008995533,0.004583895
Classical VQR circuit,8,12,0.8135439,0.81132114,0.8166651,0.81543,0.0053538894280791,0.0022227764,0.004108846,0.0031211972
Classical VQR circuit,8,12,0.80594957,0.8084849,0.8135439,0.80296576,0.0053538894280791,0.0025353432,0.0055191517,0.007594347
Classical VQR circuit,8,12,0.8007102,0.8003343,0.80594957,0.8011042,0.0053538894280791,0.0003759265,0.0007699132,0.0052393675
Classical VQR circuit,8,12,0.79671764,0.7952433,0.8007102,0.7981325,0.0053538894280791,0.0014743209,0.0028891563,0.0039925575
Classical VQR circuit,8,12,0.78941154,0.7916636,0.79671764,0.7875563,0.0053538894280791,0.0022520423,0.0041072965,0.007306099
Classical VQR circuit,8,12,0.7868462,0.78479415,0.78941154,0.78935623,0.0053538894280791,0.0020520687,0.00456208,0.0025653243
All circuits classical,8,7,0.8862907,0.88194203,0.8920714,0.8879777,0.0053538894280791,0.0043486953,0.0060356855,0.005780697
All circuits classical,8,7,0.8822545,0.877077,0.8862907,0.88437545,0.0053538894280791,0.005177498,0.0072984695,0.0040362477
All circuits classical,8,7,0.87504786,0.87339807,0.8822545,0.8731381,0.0053538894280791,0.001649797,0.00025993586,0.007206619
All circuits classical,8,7,0.8599561,0.8668563,0.87504786,0.8532213,0.0053538894280791,0.0069001913,0.01363498,0.015091777
All circuits classical,8,7,0.84888214,0.85294145,0.8599561,0.8495128,0.0053538894280791,0.0040593147,0.003428638,0.011073947
All circuits classical,8,7,0.8466137,0.8441914,0.84888214,0.85412216,0.0053538894280791,0.0024223328,0.0099307895,0.0022684336
All circuits classical,8,7,0.85430384,0.8416337,0.8466137,0.8645272,0.0053538894280791,0.012670159,0.022893548,0.0076901317
All circuits classical,8,7,0.865242,0.8482351,0.85430384,0.8707553,0.0053538894280791,0.017006934,0.022520244,0.010938168
All circuits classical,8,7,0.86803764,0.8576398,0.865242,0.8636861,0.0053538894280791,0.0103978515,0.006046295,0.0027956367
All circuits classical,8,7,0.86120874,0.8592719,0.86803764,0.8530257,0.0053538894280791,0.0019368529,0.006246209,0.006828904
All circuits classical,8,7,0.8446959,0.85248077,0.86120874,0.8353551,0.0053538894280791,0.0077848434,0.017125666,0.016512811
All circuits classical,8,7,0.8313005,0.83685935,0.8446959,0.8304859,0.0053538894280791,0.0055588484,0.006373465,0.013395429
All circuits classical,8,7,0.82330114,0.82439065,0.8313005,0.8268595,0.0053538894280791,0.0010895133,0.0024688244,0.007999361
All circuits classical,8,7,0.8115089,0.8178456,0.82330114,0.80900556,0.0053538894280791,0.006336689,0.0088400245,0.0117922425
All circuits classical,8,7,0.81132215,0.8072207,0.8115089,0.8181187,0.0053538894280791,0.004101455,0.010897994,0.00018674135
All circuits classical,8,7,0.81660736,0.80749726,0.81132215,0.82392466,0.0053538894280791,0.009110093,0.016427398,0.0052852035
All circuits classical,8,7,0.81998485,0.8124592,0.81660736,0.82161254,0.0053538894280791,0.0075256824,0.009153366,0.0033774972
All circuits classical,8,7,0.81500256,0.8155834,0.81998485,0.80882174,0.0053538894280791,0.00058084726,0.00676167,0.0049822927
All circuits classical,8,7,0.80781275,0.8102618,0.81500256,0.8039217,0.0053538894280791,0.0024490356,0.0063400865,0.0071898103
All circuits classical,8,7,0.8003655,0.802858,0.80781275,0.8000672,0.0053538894280791,0.0024924874,0.0027908087,0.0074472427
All circuits classical,8,7,0.79685116,0.7953423,0.8003655,0.7997907,0.0053538894280791,0.001508832,0.0044483542,0.0035143495
All circuits classical,8,7,0.7983708,0.79165834,0.79685116,0.80243707,0.0053538894280791,0.0067124367,0.010778725,0.0015196204
All circuits classical,8,7,0.80251235,0.7931028,0.7983708,0.8055832,0.0053538894280791,0.009409547,0.012480378,0.004141569
All circuits classical,8,12,0.90002984,0.89464647,0.9059325,0.89965,0.0053538894280791,0.0053833723,0.005003512,0.005902648
All circuits classical,8,12,0.88923687,0.8908624,0.90002984,0.8855096,0.0053538894280791,0.0016255379,0.005352795,0.010792971
All circuits classical,8,12,0.87767106,0.8815434,0.88923687,0.8753226,0.0053538894280791,0.003872335,0.0062208176,0.0115658045
All circuits classical,8,12,0.8739828,0.87029827,0.87767106,0.87928826,0.0053538894280791,0.0036845207,0.00898999,0.0036882758
All circuits classical,8,12,0.87492675,0.86653787,0.8739828,0.8807088,0.0053538894280791,0.008388877,0.014170945,0.00094395876
All circuits classical,8,12,0.87504387,0.869089,0.87492675,0.87602335,0.0053538894280791,0.0059548616,0.006934345,0.00011712313
All circuits classical,8,12,0.87760997,0.8683471,0.87504387,0.8793386,0.0053538894280791,0.00926286,0.010991514,0.0025660992
All circuits classical,8,12,0.8801019,0.8702076,0.87760997,0.88145787,0.0053538894280791,0.009894311,0.0112502575,0.002491951
All circuits classical,8,12,0.8738701,0.8713503,0.8801019,0.86845046,0.0053538894280791,0.0025197864,0.0028998256,0.0062318444
All circuits classical,8,12,0.865847,0.864702,0.8738701,0.8620723,0.0053538894280791,0.0011450052,0.0026296973,0.008023083
All circuits classical,8,12,0.8544704,0.856837,0.865847,0.8507111,0.0053538894280791,0.0023666024,0.0061258674,0.011376619
All circuits classical,8,12,0.8372065,0.8465589,0.8544704,0.83155227,0.0053538894280791,0.009352446,0.015006661,0.01726389
All circuits classical,8,12,0.83504474,0.83063096,0.8372065,0.84379613,0.0053538894280791,0.0044137836,0.013165176,0.0021617413
All circuits classical,8,12,0.8285201,0.82946426,0.83504474,0.8285985,0.0053538894280791,0.0009441376,0.00086575747,0.0065246224
All circuits classical,8,12,0.82626516,0.8238589,0.8285201,0.8286263,0.0053538894280791,0.0024062395,0.0047673583,0.002254963
All circuits classical,8,12,0.821249,0.8220456,0.82626516,0.8200065,0.0053538894280791,0.0007966161,0.0020391345,0.005016148
All circuits classical,8,12,0.8166651,0.81716216,0.821249,0.8169389,0.0053538894280791,0.00049704313,0.000223279,0.004583895
All circuits classical,8,12,0.8135439,0.8126229,0.8166651,0.81543,0.0053538894280791,0.000921011,0.0028070807,0.0031211972
All circuits classical,8,12,0.80594957,0.80922675,0.8135439,0.80296576,0.0053538894280791,0.0032771826,0.006260991,0.007594347
All circuits classical,8,12,0.8007102,0.80105263,0.80594957,0.8011042,0.0053538894280791,0.00034242868,5.1558018e-05,0.0052393675
All circuits classical,8,12,0.79671764,0.7954592,0.8007102,0.7981325,0.0053538894280791,0.0012584329,0.0026732683,0.0039925575
All circuits classical,8,12,0.78941154,0.79148674,0.79671764,0.7875563,0.0053538894280791,0.0020751953,0.0039304495,0.007306099
All circuits classical,8,12,0.7868462,0.78441757,0.78941154,0.78935623,0.0053538894280791,0.0024286509,0.004938662,0.0025653243
Persistence,9,14,0.87774605,0.8921293,0.8921293,0.8733919,0.0055269384756684,0.014383256,0.018737376,0.014383256
Persistence,9,14,0.8687297,0.87774605,0.87774605,0.8714147,0.0055269384756684,0.009016335,0.0063313246,0.009016335
Persistence,9,14,0.8620496,0.8687297,0.8687297,0.86503065,0.0055269384756684,0.006680131,0.0036990643,0.006680131
Persistence,9,14,0.857985,0.8620496,0.8620496,0.8609,0.0055269384756684,0.00406456,0.0011495948,0.00406456
Persistence,9,14,0.84927285,0.857985,0.857985,0.8462889,0.0055269384756684,0.0087121725,0.0116961,0.0087121725
Persistence,9,14,0.8426481,0.84927285,0.84927285,0.84308445,0.0055269384756684,0.0066247582,0.0061883926,0.0066247582
Persistence,9,14,0.84238446,0.8426481,0.8426481,0.84825546,0.0055269384756684,0.00026363134,0.0056073666,0.00026363134
Persistence,9,14,0.8373402,0.84238446,0.84238446,0.83613986,0.0055269384756684,0.0050442815,0.0062446,0.0050442815
Persistence,9,14,0.83305967,0.8373402,0.8373402,0.8323826,0.0055269384756684,0.0042805076,0.0049575567,0.0042805076
Persistence,9,14,0.8295537,0.83305967,0.83305967,0.8300409,0.0055269384756684,0.0035059452,0.0030187964,0.0035059452
Persistence,9,14,0.8224115,0.8295537,0.8295537,0.8205812,0.0055269384756684,0.007142246,0.008972526,0.007142246
Persistence,9,14,0.8182114,0.8224115,0.8224115,0.81962717,0.0055269384756684,0.004200101,0.0027843118,0.004200101
Persistence,9,14,0.8232353,0.8182114,0.8182114,0.8304947,0.0055269384756684,0.0050238967,0.012283325,0.0050238967
Persistence,9,14,0.8268832,0.8232353,0.8232353,0.82889515,0.0055269384756684,0.0036479235,0.0056598783,0.0036479235
Persistence,9,14,0.8287115,0.8268832,0.8268832,0.82766837,0.0055269384756684,0.0018283129,0.000785172,0.0018283129
Persistence,9,14,0.81744623,0.8287115,0.8287115,0.80714804,0.0055269384756684,0.011265278,0.02156347,0.011265278
Persistence,9,14,0.8077257,0.81744623,0.81744623,0.80547124,0.0055269384756684,0.009720504,0.01197499,0.009720504
Persistence,9,14,0.8015311,0.8077257,0.8077257,0.804275,0.0055269384756684,0.006194651,0.0034507513,0.006194651
Persistence,9,14,0.80070364,0.8015311,0.8015311,0.8053121,0.0055269384756684,0.0008274317,0.0037810206,0.0008274317
Persistence,9,14,0.79915076,0.80070364,0.80070364,0.79936844,0.0055269384756684,0.0015528798,0.0013352036,0.0015528798
Persistence,9,14,0.79870003,0.79915076,0.79915076,0.7990799,0.0055269384756684,0.00045073032,7.086992e-05,0.00045073032
Persistence,9,14,0.79869634,0.79870003,0.79870003,0.79998136,0.0055269384756684,3.695488e-06,0.001281321,3.695488e-06
Persistence,9,20,0.8844247,0.9020582,0.9020582,0.8760531,0.0055269384756684,0.017633498,0.02600509,0.017633498
Persistence,9,20,0.866854,0.8844247,0.8844247,0.86363304,0.0055269384756684,0.017570674,0.02079165,0.017570674
Persistence,9,20,0.8592364,0.866854,0.866854,0.8655483,0.0055269384756684,0.007617593,0.0013056993,0.007617593
Persistence,9,20,0.8560055,0.8592364,0.8592364,0.8620463,0.0055269384756684,0.0032309294,0.0028098822,0.0032309294
Persistence,9,20,0.85722643,0.8560055,0.8560055,0.86201596,0.0055269384756684,0.0012209415,0.006010473,0.0012209415
Persistence,9,20,0.8595389,0.85722643,0.85722643,0.86153454,0.0055269384756684,0.0023124814,0.0043081045,0.0023124814
Persistence,9,20,0.8614338,0.8595389,0.8595389,0.8626524,0.0055269384756684,0.0018948913,0.0031135082,0.0018948913
Persistence,9,20,0.8597293,0.8614338,0.8614338,0.85832036,0.0055269384756684,0.001704514,0.0031134486,0.001704514
Persistence,9,20,0.85037804,0.8597293,0.8597293,0.84405684,0.0055269384756684,0.0093512535,0.015672445,0.0093512535
Persistence,9,20,0.84093106,0.85037804,0.85037804,0.83841956,0.0055269384756684,0.009446979,0.01195848,0.009446979
Persistence,9,20,0.83409166,0.84093106,0.84093106,0.83552337,0.0055269384756684,0.0068393946,0.005407691,0.0068393946
Persistence,9,20,0.829948,0.83409166,0.83409166,0.8324431,0.0055269384756684,0.0041436553,0.0016485453,0.0041436553
Persistence,9,20,0.8207698,0.829948,0.829948,0.8172143,0.0055269384756684,0.009178221,0.012733698,0.009178221
Persistence,9,20,0.8156705,0.8207698,0.8207698,0.8168435,0.0055269384756684,0.0050992966,0.003926277,0.0050992966
Persistence,9,20,0.81363016,0.8156705,0.8156705,0.8171462,0.0055269384756684,0.0020403266,0.0014756918,0.0020403266
Persistence,9,20,0.79363775,0.81363016,0.81363016,0.78161716,0.0055269384756684,0.019992411,0.032013,0.019992411
Persistence,9,20,0.7725771,0.79363775,0.79363775,0.76613045,0.0055269384756684,0.021060646,0.027507305,0.021060646
Persistence,9,20,0.7664513,0.7725771,0.7725771,0.77593726,0.0055269384756684,0.0061258078,0.0033601522,0.0061258078
Persistence,9,20,0.76507276,0.7664513,0.7664513,0.77329,0.0055269384756684,0.0013785362,0.0068386793,0.0013785362
Persistence,9,20,0.76878285,0.76507276,0.76507276,0.77418756,0.0055269384756684,0.003710091,0.009114802,0.003710091
Persistence,9,20,0.7649053,0.76878285,0.76878285,0.76000977,0.0055269384756684,0.0038775802,0.008773088,0.0038775802
Persistence,9,20,0.7589404,0.7649053,0.7649053,0.75651634,0.0055269384756684,0.005964875,0.0083889365,0.005964875
Full model,9,14,0.87774605,0.88453525,0.8921293,0.8733919,0.0055269384756684,0.0067892075,0.011143327,0.014383256
Full model,9,14,0.8687297,0.87231874,0.87774605,0.8714147,0.0055269384756684,0.003589034,0.00090402365,0.009016335
Full model,9,14,0.8620496,0.8635388,0.8687297,0.86503065,0.0055269384756684,0.001489222,0.0014918447,0.006680131
Full model,9,14,0.857985,0.8580547,0.8620496,0.8609,0.0055269384756684,6.967783e-05,0.0028452873,0.00406456
Full model,9,14,0.84927285,0.8541015,0.857985,0.8462889,0.0055269384756684,0.004828632,0.00781256,0.0087121725
Full model,9,14,0.8426481,0.84542394,0.84927285,0.84308445,0.0055269384756684,0.002775848,0.0023394823,0.0066247582
Full model,9,14,0.84238446,0.838971,0.8426481,0.84825546,0.0055269384756684,0.0034134388,0.009284437,0.00026363134
Full model,9,14,0.8373402,0.83867055,0.84238446,0.83613986,0.0055269384756684,0.0013303757,0.002530694,0.0050442815
Full model,9,14,0.83305967,0.8336202,0.8373402,0.8323826,0.0055269384756684,0.0005605221,0.0012375712,0.0042805076
Full model,9,14,0.8295537,0.82926524,0.83305967,0.8300409,0.0055269384756684,0.00028848648,0.00077563524,0.0035059452
Full model,9,14,0.8224115,0.8249747,0.8295537,0.8205812,0.0055269384756684,0.0025632381,0.004393518,0.007142246
Full model,9,14,0.8182114,0.8182164,0.8224115,0.81962717,0.0055269384756684,5.00679e-06,0.0014107823,0.004200101
Full model,9,14,0.8232353,0.81392366,0.8182114,0.8304947,0.0055269384756684,0.009311616,0.016571045,0.0050238967
Full model,9,14,0.8268832,0.81945276,0.8232353,0.82889515,0.0055269384756684,0.007430434,0.009442389,0.0036479235
Full model,9,14,0.8287115,0.823146,0.8268832,0.82766837,0.0055269384756684,0.005565524,0.004522383,0.0018283129
Full model,9,14,0.81744623,0.82505184,0.8287115,0.80714804,0.0055269384756684,0.0076056123,0.017903805,0.011265278
Full model,9,14,0.8077257,0.8134255,0.81744623,0.80547124,0.0055269384756684,0.0056997538,0.00795424,0.009720504
Full model,9,14,0.8015311,0.8039963,0.8077257,0.804275,0.0055269384756684,0.002465248,0.0002786517,0.006194651
Full model,9,14,0.80070364,0.79777026,0.8015311,0.8053121,0.0055269384756684,0.002933383,0.0075418353,0.0008274317
Full model,9,14,0.79915076,0.79701203,0.80070364,0.79936844,0.0055269384756684,0.0021387339,0.00235641,0.0015528798
Full model,9,14,0.79870003,0.7954887,0.79915076,0.7990799,0.0055269384756684,0.0032113194,0.0035911798,0.00045073032
Full model,9,14,0.79869634,0.7943115,0.79870003,0.79998136,0.0055269384756684,0.0043848157,0.005669832,3.695488e-06
Full model,9,20,0.8844247,0.8963429,0.9020582,0.8760531,0.0055269384756684,0.011918187,0.020289779,0.017633498
Full model,9,20,0.866854,0.8789504,0.8844247,0.86363304,0.0055269384756684,0.012096405,0.01531738,0.017570674
Full model,9,20,0.8592364,0.86160976,0.866854,0.8655483,0.0055269384756684,0.0023733377,0.0039385557,0.007617593
Full model,9,20,0.8560055,0.8546881,0.8592364,0.8620463,0.0055269384756684,0.0013173819,0.0073581934,0.0032309294
Full model,9,20,0.85722643,0.85143733,0.8560055,0.86201596,0.0055269384756684,0.005789101,0.010578632,0.0012209415
Full model,9,20,0.8595389,0.8533979,0.85722643,0.86153454,0.0055269384756684,0.006141007,0.00813663,0.0023124814
Full model,9,20,0.8614338,0.85578954,0.8595389,0.8626524,0.0055269384756684,0.005644262,0.006862879,0.0018948913
Full model,9,20,0.8597293,0.857302,0.8614338,0.85832036,0.0055269384756684,0.00242728,0.0010183454,0.001704514
Full model,9,20,0.85037804,0.85603964,0.8597293,0.84405684,0.0055269384756684,0.005661607,0.011982799,0.0093512535
Full model,9,20,0.84093106,0.8466728,0.85037804,0.83841956,0.0055269384756684,0.0057417154,0.008253217,0.009446979
Full model,9,20,0.83409166,0.8369867,0.84093106,0.83552337,0.0055269384756684,0.0028950572,0.0014633536,0.0068393946
Full model,9,20,0.829948,0.8303773,0.83409166,0.8324431,0.0055269384756684,0.00042927265,0.0020658374,0.0041436553
Full model,9,20,0.8207698,0.82604426,0.829948,0.8172143,0.0055269384756684,0.0052744746,0.008829951,0.009178221
Full model,9,20,0.8156705,0.81582695,0.8207698,0.8168435,0.0055269384756684,0.00015646219,0.0010165572,0.0050992966
Full model,9,20,0.81363016,0.81139946,0.8156705,0.8171462,0.0055269384756684,0.0022307038,0.005746722,0.0020403266
Full model,9,20,0.79363775,0.80992025,0.81363016,0.78161716,0.0055269384756684,0.016282499,0.028303087,0.019992411
Full model,9,20,0.7725771,0.78977054,0.79363775,0.76613045,0.0055269384756684,0.017193437,0.023640096,0.021060646
Full model,9,20,0.7664513,0.7685115,0.7725771,0.77593726,0.0055269384756684,0.002060175,0.007425785,0.0061258078
Full model,9,20,0.76507276,0.7627354,0.7664513,0.77329,0.0055269384756684,0.0023373365,0.010554552,0.0013785362
Full model,9,20,0.76878285,0.7611845,0.76507276,0.77418756,0.0055269384756684,0.0075983405,0.013003051,0.003710091
Full model,9,20,0.7649053,0.7647838,0.76878285,0.76000977,0.0055269384756684,0.000121474266,0.004774034,0.0038775802
Full model,9,20,0.7589404,0.76097435,0.7649053,0.75651634,0.0055269384756684,0.002033949,0.00445801,0.005964875
Without quantum attention,9,14,0.87774605,0.88329023,0.8921293,0.8733919,0.0055269384756684,0.0055441856,0.009898305,0.014383256
Without quantum attention,9,14,0.8687297,0.8710981,0.87774605,0.8714147,0.0055269384756684,0.0023683906,0.00031661987,0.009016335
Without quantum attention,9,14,0.8620496,0.8621024,0.8687297,0.86503065,0.0055269384756684,5.2809715e-05,0.002928257,0.006680131
Without quantum attention,9,14,0.857985,0.8565111,0.8620496,0.8609,0.0055269384756684,0.0014739037,0.004388869,0.00406456
Without quantum attention,9,14,0.84927285,0.8541776,0.857985,0.8462889,0.0055269384756684,0.004904747,0.007888675,0.0087121725
Without quantum attention,9,14,0.8426481,0.84442866,0.84927285,0.84308445,0.0055269384756684,0.0017805696,0.001344204,0.0066247582
Without quantum attention,9,14,0.84238446,0.83786935,0.8426481,0.84825546,0.0055269384756684,0.0045151114,0.010386109,0.00026363134
Without quantum attention,9,14,0.8373402,0.8375043,0.84238446,0.83613986,0.0055269384756684,0.00016415119,0.0013644695,0.0050442815
Without quantum attention,9,14,0.83305967,0.83272934,0.8373402,0.8323826,0.0055269384756684,0.00033032894,0.00034672022,0.0042805076
Without quantum attention,9,14,0.8295537,0.82849693,0.83305967,0.8300409,0.0055269384756684,0.0010567904,0.0015439391,0.0035059452
Without quantum attention,9,14,0.8224115,0.82441515,0.8295537,0.8205812,0.0055269384756684,0.0020036697,0.0038339496,0.007142246
Without quantum attention,9,14,0.8182114,0.8172621,0.8224115,0.81962717,0.0055269384756684,0.0009492636,0.0023650527,0.004200101
Without quantum attention,9,14,0.8232353,0.81414115,0.8182114,0.8304947,0.0055269384756684,0.009094119,0.016353548,0.0050238967
Without quantum attention,9,14,0.8268832,0.8183169,0.8232353,0.82889515,0.0055269384756684,0.00856632,0.010578275,0.0036479235
Without quantum attention,9,14,0.8287115,0.8242957,0.8268832,0.82766837,0.0055269384756684,0.00441581,0.0033726692,0.0018283129
Without quantum attention,9,14,0.81744623,0.8257483,0.8287115,0.80714804,0.0055269384756684,0.008302093,0.018600285,0.011265278
Without quantum attention,9,14,0.8077257,0.81453204,0.81744623,0.80547124,0.0055269384756684,0.006806314,0.0090608,0.009720504
Without quantum attention,9,14,0.8015311,0.8047093,0.8077257,0.804275,0.0055269384756684,0.0031782389,0.00043433905,0.006194651
Without quantum attention,9,14,0.80070364,0.7983682,0.8015311,0.8053121,0.0055269384756684,0.0023354292,0.0069438815,0.0008274317
Without quantum attention,9,14,0.79915076,0.79695994,0.80070364,0.79936844,0.0055269384756684,0.0021908283,0.0024085045,0.0015528798
Without quantum attention,9,14,0.79870003,0.7950989,0.79915076,0.7990799,0.0055269384756684,0.0036011338,0.003980994,0.00045073032
Without quantum attention,9,14,0.79869634,0.7956011,0.79870003,0.79998136,0.0055269384756684,0.0030952096,0.004380226,3.695488e-06
Without quantum attention,9,20,0.8844247,0.89370507,0.9020582,0.8760531,0.0055269384756684,0.009280384,0.017651975,0.017633498
Without quantum attention,9,20,0.866854,0.8772913,0.8844247,0.86363304,0.0055269384756684,0.01043731,0.013658285,0.017570674
Without quantum attention,9,20,0.8592364,0.8600969,0.866854,0.8655483,0.0055269384756684,0.00086045265,0.005451441,0.007617593
Without quantum attention,9,20,0.8560055,0.85276395,0.8592364,0.8620463,0.0055269384756684,0.003241539,0.009282351,0.0032309294
Without quantum attention,9,20,0.85722643,0.85117555,0.8560055,0.86201596,0.0055269384756684,0.0060508847,0.010840416,0.0012209415
Without quantum attention,9,20,0.8595389,0.8536767,0.85722643,0.86153454,0.0055269384756684,0.005862236,0.007857859,0.0023124814
Without quantum attention,9,20,0.8614338,0.85513324,0.8595389,0.8626524,0.0055269384756684,0.0063005686,0.0075191855,0.0018948913
Without quantum attention,9,20,0.8597293,0.856608,0.8614338,0.85832036,0.0055269384756684,0.0031213164,0.0017123818,0.001704514
Without quantum attention,9,20,0.85037804,0.85495687,0.8597293,0.84405684,0.0055269384756684,0.004578829,0.010900021,0.0093512535
Without quantum attention,9,20,0.84093106,0.84554297,0.85037804,0.83841956,0.0055269384756684,0.0046119094,0.0071234107,0.009446979
Without quantum attention,9,20,0.83409166,0.8361768,0.84093106,0.83552337,0.0055269384756684,0.0020851493,0.0006534457,0.0068393946
Without quantum attention,9,20,0.829948,0.8297027,0.83409166,0.8324431,0.0055269384756684,0.00024533272,0.0027404428,0.0041436553
Without quantum attention,9,20,0.8207698,0.82600224,0.829948,0.8172143,0.0055269384756684,0.0052324533,0.00878793,0.009178221
Without quantum attention,9,20,0.8156705,0.8166218,0.8207698,0.8168435,0.0055269384756684,0.00095129013,0.00022172928,0.0050992966
Without quantum attention,9,20,0.81363016,0.8132422,0.8156705,0.8171462,0.0055269384756684,0.00038796663,0.003903985,0.0020403266
Without quantum attention,9,20,0.79363775,0.81159997,0.81363016,0.78161716,0.0055269384756684,0.017962217,0.029982805,0.019992411
Without quantum attention,9,20,0.7725771,0.79071736,0.79363775,0.76613045,0.0055269384756684,0.018140256,0.024586916,0.021060646
Without quantum attention,9,20,0.7664513,0.7694258,0.7725771,0.77593726,0.0055269384756684,0.0029745102,0.00651145,0.0061258078
Without quantum attention,9,20,0.76507276,0.76220757,0.7664513,0.77329,0.0055269384756684,0.0028651953,0.011082411,0.0013785362
Without quantum attention,9,20,0.76878285,0.76011366,0.76507276,0.77418756,0.0055269384756684,0.008669198,0.014073908,0.003710091
Without quantum attention,9,20,0.7649053,0.7633017,0.76878285,0.76000977,0.0055269384756684,0.0016036034,0.003291905,0.0038775802
Without quantum attention,9,20,0.7589404,0.76114804,0.7649053,0.75651634,0.0055269384756684,0.0022076368,0.004631698,0.005964875
Without VQR,9,14,0.87774605,0.88778365,0.8921293,0.8733919,0.0055269384756684,0.010037601,0.01439172,0.014383256
Without VQR,9,14,0.8687297,0.8734004,0.87774605,0.8714147,0.0055269384756684,0.0046706796,0.0019856691,0.009016335
Without VQR,9,14,0.8620496,0.86438406,0.8687297,0.86503065,0.0055269384756684,0.0023344755,0.0006465912,0.006680131
Without VQR,9,14,0.857985,0.8577039,0.8620496,0.8609,0.0055269384756684,0.0002810955,0.0031960607,0.00406456
Without VQR,9,14,0.84927285,0.85363936,0.857985,0.8462889,0.0055269384756684,0.004366517,0.007350445,0.0087121725
Without VQR,9,14,0.8426481,0.8449272,0.84927285,0.84308445,0.0055269384756684,0.0022791028,0.0018427372,0.0066247582
Without VQR,9,14,0.84238446,0.83830243,0.8426481,0.84825546,0.0055269384756684,0.004082024,0.009953022,0.00026363134
Without VQR,9,14,0.8373402,0.8380388,0.84238446,0.83613986,0.0055269384756684,0.00069862604,0.0018989444,0.0050442815
Without VQR,9,14,0.83305967,0.8329945,0.8373402,0.8323826,0.0055269384756684,6.514788e-05,0.0006119013,0.0042805076
Without VQR,9,14,0.8295537,0.828714,0.83305967,0.8300409,0.0055269384756684,0.00083971024,0.001326859,0.0035059452
Without VQR,9,14,0.8224115,0.82520807,0.8295537,0.8205812,0.0055269384756684,0.0027965903,0.00462687,0.007142246
Without VQR,9,14,0.8182114,0.8180658,0.8224115,0.81962717,0.0055269384756684,0.00014555454,0.0015613437,0.004200101
Without VQR,9,14,0.8232353,0.8138657,0.8182114,0.8304947,0.0055269384756684,0.009369552,0.01662898,0.0050238967
Without VQR,9,14,0.8268832,0.8188896,0.8232353,0.82889515,0.0055269384756684,0.007993579,0.010005534,0.0036479235
Without VQR,9,14,0.8287115,0.82253754,0.8268832,0.82766837,0.0055269384756684,0.0061739683,0.0051308274,0.0018283129
Without VQR,9,14,0.81744623,0.82436585,0.8287115,0.80714804,0.0055269384756684,0.0069196224,0.017217815,0.011265278
Without VQR,9,14,0.8077257,0.8131006,0.81744623,0.80547124,0.0055269384756684,0.005374849,0.007629335,0.009720504
Without VQR,9,14,0.8015311,0.8033801,0.8077257,0.804275,0.0055269384756684,0.0018489957,0.00089490414,0.006194651
Without VQR,9,14,0.80070364,0.7971854,0.8015311,0.8053121,0.0055269384756684,0.0035182238,0.008126676,0.0008274317
Without VQR,9,14,0.79915076,0.796358,0.80070364,0.79936844,0.0055269384756684,0.0027927756,0.0030104518,0.0015528798
Without VQR,9,14,0.79870003,0.7948051,0.79915076,0.7990799,0.0055269384756684,0.0038949251,0.0042747855,0.00045073032
Without VQR,9,14,0.79869634,0.7943544,0.79870003,0.79998136,0.0055269384756684,0.00434196,0.0056269765,3.695488e-06
Without VQR,9,20,0.8844247,0.8977125,0.9020582,0.8760531,0.0055269384756684,0.013287842,0.021659434,0.017633498
Without VQR,9,20,0.866854,0.88007903,0.8844247,0.86363304,0.0055269384756684,0.013225019,0.016445994,0.017570674
Without VQR,9,20,0.8592364,0.86250836,0.866854,0.8655483,0.0055269384756684,0.0032719374,0.003039956,0.007617593
Without VQR,9,20,0.8560055,0.85489076,0.8592364,0.8620463,0.0055269384756684,0.0011147261,0.0071555376,0.0032309294
Without VQR,9,20,0.85722643,0.85165983,0.8560055,0.86201596,0.0055269384756684,0.005566597,0.010356128,0.0012209415
Without VQR,9,20,0.8595389,0.8528808,0.85722643,0.86153454,0.0055269384756684,0.006658137,0.00865376,0.0023124814
Without VQR,9,20,0.8614338,0.85519326,0.8595389,0.8626524,0.0055269384756684,0.0062405467,0.0074591637,0.0018948913
Without VQR,9,20,0.8597293,0.85708815,0.8614338,0.85832036,0.0055269384756684,0.0026411414,0.0012322068,0.001704514
Without VQR,9,20,0.85037804,0.85538363,0.8597293,0.84405684,0.0055269384756684,0.005005598,0.01132679,0.0093512535
Without VQR,9,20,0.84093106,0.8460324,0.85037804,0.83841956,0.0055269384756684,0.005101323,0.0076128244,0.009446979
Without VQR,9,20,0.83409166,0.8365854,0.84093106,0.83552337,0.0055269384756684,0.0024937391,0.0010620356,0.0068393946
Without VQR,9,20,0.829948,0.829746,0.83409166,0.8324431,0.0055269384756684,0.00020200014,0.0026971102,0.0041436553
Without VQR,9,20,0.8207698,0.82560235,0.829948,0.8172143,0.0055269384756684,0.004832566,0.008388042,0.009178221
Without VQR,9,20,0.8156705,0.81642413,0.8207698,0.8168435,0.0055269384756684,0.0007536411,0.00041937828,0.0050992966
Without VQR,9,20,0.81363016,0.81132483,0.8156705,0.8171462,0.0055269384756684,0.0023053288,0.0058213472,0.0020403266
Without VQR,9,20,0.79363775,0.8092845,0.81363016,0.78161716,0.0055269384756684,0.015646756,0.027667344,0.019992411
Without VQR,9,20,0.7725771,0.7892921,0.79363775,0.76613045,0.0055269384756684,0.01671499,0.02316165,0.021060646
Without VQR,9,20,0.7664513,0.76823145,0.7725771,0.77593726,0.0055269384756684,0.0017801523,0.0077058077,0.0061258078
Without VQR,9,20,0.76507276,0.76210564,0.7664513,0.77329,0.0055269384756684,0.0029671192,0.011184335,0.0013785362
Without VQR,9,20,0.76878285,0.7607271,0.76507276,0.77418756,0.0055269384756684,0.008055747,0.013460457,0.003710091
Without VQR,9,20,0.7649053,0.7644372,0.76878285,0.76000977,0.0055269384756684,0.00046807528,0.004427433,0.0038775802
Without VQR,9,20,0.7589404,0.7605596,0.7649053,0.75651634,0.0055269384756684,0.0016192198,0.004043281,0.005964875
Without quantum attention and VQR,9,14,0.87774605,0.8841279,0.8921293,0.8733919,0.0055269384756684,0.0063818693,0.010735989,0.014383256
Without quantum attention and VQR,9,14,0.8687297,0.8715049,0.87774605,0.8714147,0.0055269384756684,0.0027751923,9.018183e-05,0.009016335
Without quantum attention and VQR,9,14,0.8620496,0.8621337,0.8687297,0.86503065,0.0055269384756684,8.4102154e-05,0.0028969646,0.006680131
Without quantum attention and VQR,9,14,0.857985,0.8566089,0.8620496,0.8609,0.0055269384756684,0.0013760924,0.0042910576,0.00406456
Without quantum attention and VQR,9,14,0.84927285,0.8526846,0.857985,0.8462889,0.0055269384756684,0.0034117699,0.0063956976,0.0087121725
Without quantum attention and VQR,9,14,0.8426481,0.8438572,0.84927285,0.84308445,0.0055269384756684,0.0012091398,0.0007727742,0.0066247582
Without quantum attention and VQR,9,14,0.84238446,0.83772665,0.8426481,0.84825546,0.0055269384756684,0.004657805,0.010528803,0.00026363134
Without quantum attention and VQR,9,14,0.8373402,0.8376847,0.84238446,0.83613986,0.0055269384756684,0.00034451485,0.0015448332,0.0050442815
Without quantum attention and VQR,9,14,0.83305967,0.83273894,0.8373402,0.8323826,0.0055269384756684,0.0003207326,0.00035631657,0.0042805076
Without quantum attention and VQR,9,14,0.8295537,0.8282498,0.83305967,0.8300409,0.0055269384756684,0.0013039112,0.00179106,0.0035059452
Without quantum attention and VQR,9,14,0.8224115,0.8239303,0.8295537,0.8205812,0.0055269384756684,0.0015188456,0.0033491254,0.007142246
Without quantum attention and VQR,9,14,0.8182114,0.81615585,0.8224115,0.81962717,0.0055269384756684,0.0020555258,0.003471315,0.004200101
Without quantum attention and VQR,9,14,0.8232353,0.8122104,0.8182114,0.8304947,0.0055269384756684,0.011024892,0.01828432,0.0050238967
Without quantum attention and VQR,9,14,0.8268832,0.8173661,0.8232353,0.82889515,0.0055269384756684,0.009517074,0.011529028,0.0036479235
Without quantum attention and VQR,9,14,0.8287115,0.8220119,0.8268832,0.82766837,0.0055269384756684,0.0066996217,0.005656481,0.0018283129
Without quantum attention and VQR,9,14,0.81744623,0.8244907,0.8287115,0.80714804,0.0055269384756684,0.007044494,0.017342687,0.011265278
Without quantum attention and VQR,9,14,0.8077257,0.8136453,0.81744623,0.80547124,0.0055269384756684,0.0059195757,0.008174062,0.009720504
Without quantum attention and VQR,9,14,0.8015311,0.8040696,0.8077257,0.804275,0.0055269384756684,0.0025385022,0.0002053976,0.006194651
Without quantum attention and VQR,9,14,0.80070364,0.7979355,0.8015311,0.8053121,0.0055269384756684,0.002768159,0.007376611,0.0008274317
Without quantum attention and VQR,9,14,0.79915076,0.79627466,0.80070364,0.79936844,0.0055269384756684,0.002876103,0.003093779,0.0015528798
Without quantum attention and VQR,9,14,0.79870003,0.79427266,0.79915076,0.7990799,0.0055269384756684,0.0044273734,0.004807234,0.00045073032
Without quantum attention and VQR,9,14,0.79869634,0.7952073,0.79870003,0.79998136,0.0055269384756684,0.0034890175,0.004774034,3.695488e-06
Without quantum attention and VQR,9,20,0.8844247,0.8943168,0.9020582,0.8760531,0.0055269384756684,0.009892106,0.018263698,0.017633498
Without quantum attention and VQR,9,20,0.866854,0.87824404,0.8844247,0.86363304,0.0055269384756684,0.01139003,0.014611006,0.017570674
Without quantum attention and VQR,9,20,0.8592364,0.86105,0.866854,0.8655483,0.0055269384756684,0.0018135905,0.004498303,0.007617593
Without quantum attention and VQR,9,20,0.8560055,0.85356784,0.8592364,0.8620463,0.0055269384756684,0.0024376512,0.008478463,0.0032309294
Without quantum attention and VQR,9,20,0.85722643,0.8512061,0.8560055,0.86201596,0.0055269384756684,0.0060203075,0.010809839,0.0012209415
Without quantum attention and VQR,9,20,0.8595389,0.85218424,0.85722643,0.86153454,0.0055269384756684,0.0073546767,0.0093503,0.0023124814
Without quantum attention and VQR,9,20,0.8614338,0.85453534,0.8595389,0.8626524,0.0055269384756684,0.006898463,0.00811708,0.0018948913
Without quantum attention and VQR,9,20,0.8597293,0.8564728,0.8614338,0.85832036,0.0055269384756684,0.0032564998,0.0018475652,0.001704514
Without quantum attention and VQR,9,20,0.85037804,0.85515755,0.8597293,0.84405684,0.0055269384756684,0.0047795177,0.011100709,0.0093512535
Without quantum attention and VQR,9,20,0.84093106,0.8458957,0.85037804,0.83841956,0.0055269384756684,0.0049646497,0.007476151,0.009446979
Without quantum attention and VQR,9,20,0.83409166,0.8363655,0.84093106,0.83552337,0.0055269384756684,0.0022738576,0.000842154,0.0068393946
Without quantum attention and VQR,9,20,0.829948,0.8294912,0.83409166,0.8324431,0.0055269384756684,0.00045681,0.00295192,0.0041436553
Without quantum attention and VQR,9,20,0.8207698,0.8243969,0.829948,0.8172143,0.0055269384756684,0.0036271214,0.007182598,0.009178221
Without quantum attention and VQR,9,20,0.8156705,0.81572604,0.8207698,0.8168435,0.0055269384756684,5.555153e-05,0.0011174679,0.0050992966
Without quantum attention and VQR,9,20,0.81363016,0.8114485,0.8156705,0.8171462,0.0055269384756684,0.0021816492,0.0056976676,0.0020403266
Without quantum attention and VQR,9,20,0.79363775,0.81048447,0.81363016,0.78161716,0.0055269384756684,0.016846716,0.028867304,0.019992411
Without quantum attention and VQR,9,20,0.7725771,0.7901116,0.79363775,0.76613045,0.0055269384756684,0.017534494,0.023981154,0.021060646
Without quantum attention and VQR,9,20,0.7664513,0.76907444,0.7725771,0.77593726,0.0055269384756684,0.0026231408,0.006862819,0.0061258078
Without quantum attention and VQR,9,20,0.76507276,0.76148325,0.7664513,0.77329,0.0055269384756684,0.003589511,0.011806726,0.0013785362
Without quantum attention and VQR,9,20,0.76878285,0.75933933,0.76507276,0.77418756,0.0055269384756684,0.0094435215,0.014848232,0.003710091
Without quantum attention and VQR,9,20,0.7649053,0.76236206,0.76878285,0.76000977,0.0055269384756684,0.002543211,0.0023522973,0.0038775802
Without quantum attention and VQR,9,20,0.7589404,0.7607576,0.7649053,0.75651634,0.0055269384756684,0.0018172264,0.0042412877,0.005964875
Classical QLSTM gates,9,14,0.87774605,0.88654315,0.8921293,0.8733919,0.0055269384756684,0.008797109,0.013151228,0.014383256
Classical QLSTM gates,9,14,0.8687297,0.872282,0.87774605,0.8714147,0.0055269384756684,0.0035523176,0.0008673072,0.009016335
Classical QLSTM gates,9,14,0.8620496,0.862463,0.8687297,0.86503065,0.0055269384756684,0.00041341782,0.002567649,0.006680131
Classical QLSTM gates,9,14,0.857985,0.8569064,0.8620496,0.8609,0.0055269384756684,0.0010786057,0.003993571,0.00406456
Classical QLSTM gates,9,14,0.84927285,0.8540238,0.857985,0.8462889,0.0055269384756684,0.004750967,0.0077348948,0.0087121725
Classical QLSTM gates,9,14,0.8426481,0.8457288,0.84927285,0.84308445,0.0055269384756684,0.0030807257,0.00264436,0.0066247582
Classical QLSTM gates,9,14,0.84238446,0.839397,0.8426481,0.84825546,0.0055269384756684,0.0029874444,0.008858442,0.00026363134
Classical QLSTM gates,9,14,0.8373402,0.83917105,0.84238446,0.83613986,0.0055269384756684,0.0018308759,0.0030311942,0.0050442815
Classical QLSTM gates,9,14,0.83305967,0.8340624,0.8373402,0.8323826,0.0055269384756684,0.0010027289,0.0016797781,0.0042805076
Classical QLSTM gates,9,14,0.8295537,0.8299077,0.83305967,0.8300409,0.0055269384756684,0.00035399199,0.00013315678,0.0035059452
Classical QLSTM gates,9,14,0.8224115,0.8263426,0.8295537,0.8205812,0.0055269384756684,0.003931105,0.005761385,0.007142246
Classical QLSTM gates,9,14,0.8182114,0.81896275,0.8224115,0.81962717,0.0055269384756684,0.00075137615,0.000664413,0.004200101
Classical QLSTM gates,9,14,0.8232353,0.8145663,0.8182114,0.8304947,0.0055269384756684,0.008668959,0.015928388,0.0050238967
Classical QLSTM gates,9,14,0.8268832,0.81952125,0.8232353,0.82889515,0.0055269384756684,0.0073619485,0.009373903,0.0036479235
Classical QLSTM gates,9,14,0.8287115,0.8231304,0.8268832,0.82766837,0.0055269384756684,0.005581081,0.00453794,0.0018283129
Classical QLSTM gates,9,14,0.81744623,0.8251769,0.8287115,0.80714804,0.0055269384756684,0.007730663,0.018028855,0.011265278
Classical QLSTM gates,9,14,0.8077257,0.8143611,0.81744623,0.80547124,0.0055269384756684,0.006635368,0.008889854,0.009720504
Classical QLSTM gates,9,14,0.8015311,0.8047503,0.8077257,0.804275,0.0055269384756684,0.0032192469,0.00047534704,0.006194651
Classical QLSTM gates,9,14,0.80070364,0.7984933,0.8015311,0.8053121,0.0055269384756684,0.002210319,0.0068187714,0.0008274317
Classical QLSTM gates,9,14,0.79915076,0.7979882,0.80070364,0.79936844,0.0055269384756684,0.0011625886,0.0013802648,0.0015528798
Classical QLSTM gates,9,14,0.79870003,0.7964059,0.79915076,0.7990799,0.0055269384756684,0.0022941232,0.0026739836,0.00045073032
Classical QLSTM gates,9,14,0.79869634,0.79591244,0.79870003,0.79998136,0.0055269384756684,0.0027838945,0.004068911,3.695488e-06
Classical QLSTM gates,9,20,0.8844247,0.8967356,0.9020582,0.8760531,0.0055269384756684,0.012310922,0.020682514,0.017633498
Classical QLSTM gates,9,20,0.866854,0.8787257,0.8844247,0.86363304,0.0055269384756684,0.0118716955,0.015092671,0.017570674
Classical QLSTM gates,9,20,0.8592364,0.86060333,0.866854,0.8655483,0.0055269384756684,0.0013669133,0.00494498,0.007617593
Classical QLSTM gates,9,20,0.8560055,0.8528032,0.8592364,0.8620463,0.0055269384756684,0.0032023191,0.009243131,0.0032309294
Classical QLSTM gates,9,20,0.85722643,0.8500988,0.8560055,0.86201596,0.0055269384756684,0.0071276426,0.011917174,0.0012209415
Classical QLSTM gates,9,20,0.8595389,0.85325176,0.85722643,0.86153454,0.0055269384756684,0.0062871575,0.008282781,0.0023124814
Classical QLSTM gates,9,20,0.8614338,0.85612184,0.8595389,0.8626524,0.0055269384756684,0.005311966,0.006530583,0.0018948913
Classical QLSTM gates,9,20,0.8597293,0.8577635,0.8614338,0.85832036,0.0055269384756684,0.0019657612,0.0005568266,0.001704514
Classical QLSTM gates,9,20,0.85037804,0.8566657,0.8597293,0.84405684,0.0055269384756684,0.0062876344,0.012608826,0.0093512535
Classical QLSTM gates,9,20,0.84093106,0.84736216,0.85037804,0.83841956,0.0055269384756684,0.0064311028,0.008942604,0.009446979
Classical QLSTM gates,9,20,0.83409166,0.83804584,0.84093106,0.83552337,0.0055269384756684,0.003954172,0.0025224686,0.0068393946
Classical QLSTM gates,9,20,0.829948,0.8310001,0.83409166,0.8324431,0.0055269384756684,0.0010520816,0.0014430285,0.0041436553
Classical QLSTM gates,9,20,0.8207698,0.8262382,0.829948,0.8172143,0.0055269384756684,0.005468428,0.009023905,0.009178221
Classical QLSTM gates,9,20,0.8156705,0.8171478,0.8207698,0.8168435,0.0055269384756684,0.0014773011,0.0003042817,0.0050992966
Classical QLSTM gates,9,20,0.81363016,0.8117705,0.8156705,0.8171462,0.0055269384756684,0.0018596649,0.0053756833,0.0020403266
Classical QLSTM gates,9,20,0.79363775,0.810466,0.81363016,0.78161716,0.0055269384756684,0.016828239,0.028848827,0.019992411
Classical QLSTM gates,9,20,0.7725771,0.79077977,0.79363775,0.76613045,0.0055269384756684,0.018202662,0.024649322,0.021060646
Classical QLSTM gates,9,20,0.7664513,0.7698351,0.7725771,0.77593726,0.0055269384756684,0.0033838153,0.0061021447,0.0061258078
Classical QLSTM gates,9,20,0.76507276,0.7636967,0.7664513,0.77329,0.0055269384756684,0.0013760924,0.009593308,0.0013785362
Classical QLSTM gates,9,20,0.76878285,0.7626128,0.76507276,0.77418756,0.0055269384756684,0.0061700344,0.011574745,0.003710091
Classical QLSTM gates,9,20,0.7649053,0.7664067,0.76878285,0.76000977,0.0055269384756684,0.001501441,0.0063969493,0.0038775802
Classical QLSTM gates,9,20,0.7589404,0.7623334,0.7649053,0.75651634,0.0055269384756684,0.0033929944,0.0058170557,0.005964875
Classical attention circuits,9,14,0.87774605,0.8843489,0.8921293,0.8733919,0.0055269384756684,0.0066028833,0.010957003,0.014383256
Classical attention circuits,9,14,0.8687297,0.8721577,0.87774605,0.8714147,0.0055269384756684,0.0034279823,0.0007429719,0.009016335
Classical attention circuits,9,14,0.8620496,0.8633814,0.8687297,0.86503065,0.0055269384756684,0.0013318062,0.0016492605,0.006680131
Classical attention circuits,9,14,0.857985,0.8579939,0.8620496,0.8609,0.0055269384756684,8.881092e-06,0.002906084,0.00406456
Classical attention circuits,9,14,0.84927285,0.85389507,0.857985,0.8462889,0.0055269384756684,0.004622221,0.0076061487,0.0087121725
Classical attention circuits,9,14,0.8426481,0.8451964,0.84927285,0.84308445,0.0055269384756684,0.002548337,0.0021119714,0.0066247582
Classical attention circuits,9,14,0.84238446,0.8387372,0.8426481,0.84825546,0.0055269384756684,0.0036472678,0.009518266,0.00026363134
Classical attention circuits,9,14,0.8373402,0.83841693,0.84238446,0.83613986,0.0055269384756684,0.0010767579,0.0022770762,0.0050442815
Classical attention circuits,9,14,0.83305967,0.8333698,0.8373402,0.8323826,0.0055269384756684,0.00031012297,0.0009871721,0.0042805076
Classical attention circuits,9,14,0.8295537,0.8290288,0.83305967,0.8300409,0.0055269384756684,0.0005249381,0.0010120869,0.0035059452
Classical attention circuits,9,14,0.8224115,0.8247481,0.8295537,0.8205812,0.0055269384756684,0.0023366213,0.004166901,0.007142246
Classical attention circuits,9,14,0.8182114,0.8179941,0.8224115,0.81962717,0.0055269384756684,0.00021725893,0.001633048,0.004200101
Classical attention circuits,9,14,0.8232353,0.8136861,0.8182114,0.8304947,0.0055269384756684,0.009549201,0.016808629,0.0050238967
Classical attention circuits,9,14,0.8268832,0.81923306,0.8232353,0.82889515,0.0055269384756684,0.007650137,0.009662092,0.0036479235
Classical attention circuits,9,14,0.8287115,0.82289034,0.8268832,0.82766837,0.0055269384756684,0.0058211684,0.0047780275,0.0018283129
Classical attention circuits,9,14,0.81744623,0.82482475,0.8287115,0.80714804,0.0055269384756684,0.0073785186,0.017676711,0.011265278
Classical attention circuits,9,14,0.8077257,0.8132194,0.81744623,0.80547124,0.0055269384756684,0.0054937005,0.0077481866,0.009720504
Classical attention circuits,9,14,0.8015311,0.803777,0.8077257,0.804275,0.0055269384756684,0.002245903,0.0004979968,0.006194651
Classical attention circuits,9,14,0.80070364,0.7975568,0.8015311,0.8053121,0.0055269384756684,0.0031468272,0.0077552795,0.0008274317
Classical attention circuits,9,14,0.79915076,0.79680437,0.80070364,0.79936844,0.0055269384756684,0.0023463964,0.0025640726,0.0015528798
Classical attention circuits,9,14,0.79870003,0.7952729,0.79915076,0.7990799,0.0055269384756684,0.0034271479,0.0038070083,0.00045073032
Classical attention circuits,9,14,0.79869634,0.7941101,0.79870003,0.79998136,0.0055269384756684,0.00458622,0.0058712363,3.695488e-06
Classical attention circuits,9,20,0.8844247,0.89621145,0.9020582,0.8760531,0.0055269384756684,0.011786759,0.02015835,0.017633498
Classical attention circuits,9,20,0.866854,0.8788256,0.8844247,0.86363304,0.0055269384756684,0.011971593,0.015192568,0.017570674
Classical attention circuits,9,20,0.8592364,0.8614562,0.866854,0.8655483,0.0055269384756684,0.0022197962,0.0040920973,0.007617593
Classical attention circuits,9,20,0.8560055,0.8545791,0.8592364,0.8620463,0.0055269384756684,0.0014263988,0.0074672103,0.0032309294
Classical attention circuits,9,20,0.85722643,0.8512434,0.8560055,0.86201596,0.0055269384756684,0.0059830546,0.010772586,0.0012209415
Classical attention circuits,9,20,0.8595389,0.85315907,0.85722643,0.86153454,0.0055269384756684,0.0063798428,0.008375466,0.0023124814
Classical attention circuits,9,20,0.8614338,0.85556644,0.8595389,0.8626524,0.0055269384756684,0.005867362,0.007085979,0.0018948913
Classical attention circuits,9,20,0.8597293,0.857025,0.8614338,0.85832036,0.0055269384756684,0.0027042627,0.0012953281,0.001704514
Classical attention circuits,9,20,0.85037804,0.85580057,0.8597293,0.84405684,0.0055269384756684,0.0054225326,0.011743724,0.0093512535
Classical attention circuits,9,20,0.84093106,0.8464252,0.85037804,0.83841956,0.0055269384756684,0.0054941177,0.008005619,0.009446979
Classical attention circuits,9,20,0.83409166,0.83676666,0.84093106,0.83552337,0.0055269384756684,0.0026749969,0.0012432933,0.0068393946
Classical attention circuits,9,20,0.829948,0.8301289,0.83409166,0.8324431,0.0055269384756684,0.0001809001,0.00231421,0.0041436553
Classical attention circuits,9,20,0.8207698,0.82575405,0.829948,0.8172143,0.0055269384756684,0.0049842596,0.008539736,0.009178221
Classical attention circuits,9,20,0.8156705,0.81562585,0.8207698,0.8168435,0.0055269384756684,4.464388e-05,0.0012176633,0.0050992966
Classical attention circuits,9,20,0.81363016,0.811108,0.8156705,0.8171462,0.0055269384756684,0.0025221705,0.006038189,0.0020403266
Classical attention circuits,9,20,0.79363775,0.80969024,0.81363016,0.78161716,0.0055269384756684,0.016052485,0.028073072,0.019992411
Classical attention circuits,9,20,0.7725771,0.78954196,0.79363775,0.76613045,0.0055269384756684,0.016964853,0.023411512,0.021060646
Classical attention circuits,9,20,0.7664513,0.7683249,0.7725771,0.77593726,0.0055269384756684,0.0018736124,0.0076123476,0.0061258078
Classical attention circuits,9,20,0.76507276,0.7625205,0.7664513,0.77329,0.0055269384756684,0.002552271,0.010769486,0.0013785362
Classical attention circuits,9,20,0.76878285,0.76098686,0.76507276,0.77418756,0.0055269384756684,0.0077959895,0.0132007,0.003710091
Classical attention circuits,9,20,0.7649053,0.7645913,0.76878285,0.76000977,0.0055269384756684,0.00031399727,0.004581511,0.0038775802
Classical attention circuits,9,20,0.7589404,0.760782,0.7649053,0.75651634,0.0055269384756684,0.0018416047,0.004265666,0.005964875
Classical VQR circuit,9,14,0.87774605,0.8860218,0.8921293,0.8733919,0.0055269384756684,0.008275747,0.012629867,0.014383256
Classical VQR circuit,9,14,0.8687297,0.87198806,0.87774605,0.8714147,0.0055269384756684,0.0032583475,0.0005733371,0.009016335
Classical VQR circuit,9,14,0.8620496,0.8626036,0.8687297,0.86503065,0.0055269384756684,0.0005540252,0.0024270415,0.006680131
Classical VQR circuit,9,14,0.857985,0.85665536,0.8620496,0.8609,0.0055269384756684,0.0013296604,0.0042446256,0.00406456
Classical VQR circuit,9,14,0.84927285,0.85407466,0.857985,0.8462889,0.0055269384756684,0.00480181,0.0077857375,0.0087121725
Classical VQR circuit,9,14,0.8426481,0.84527254,0.84927285,0.84308445,0.0055269384756684,0.002624452,0.0021880865,0.0066247582
Classical VQR circuit,9,14,0.84238446,0.8385916,0.8426481,0.84825546,0.0055269384756684,0.003792882,0.00966388,0.00026363134
Classical VQR circuit,9,14,0.8373402,0.83823735,0.84238446,0.83613986,0.0055269384756684,0.0008971691,0.0020974874,0.0050442815
Classical VQR circuit,9,14,0.83305967,0.83326477,0.8373402,0.8323826,0.0055269384756684,0.00020509958,0.00088214874,0.0042805076
Classical VQR circuit,9,14,0.8295537,0.8289686,0.83305967,0.8300409,0.0055269384756684,0.0005851388,0.0010722876,0.0035059452
Classical VQR circuit,9,14,0.8224115,0.82525975,0.8295537,0.8205812,0.0055269384756684,0.0028482676,0.0046785474,0.007142246
Classical VQR circuit,9,14,0.8182114,0.8179425,0.8224115,0.81962717,0.0055269384756684,0.00026887655,0.0016846657,0.004200101
Classical VQR circuit,9,14,0.8232353,0.81386477,0.8182114,0.8304947,0.0055269384756684,0.009370506,0.016629934,0.0050238967
Classical VQR circuit,9,14,0.8268832,0.8185403,0.8232353,0.82889515,0.0055269384756684,0.008342922,0.0103548765,0.0036479235
Classical VQR circuit,9,14,0.8287115,0.82272685,0.8268832,0.82766837,0.0055269384756684,0.005984664,0.004941523,0.0018283129
Classical VQR circuit,9,14,0.81744623,0.8243818,0.8287115,0.80714804,0.0055269384756684,0.0069355965,0.017233789,0.011265278
Classical VQR circuit,9,14,0.8077257,0.8135003,0.81744623,0.80547124,0.0055269384756684,0.0057745576,0.008029044,0.009720504
Classical VQR circuit,9,14,0.8015311,0.8037518,0.8077257,0.804275,0.0055269384756684,0.0022207499,0.00052314997,0.006194651
Classical VQR circuit,9,14,0.80070364,0.79759043,0.8015311,0.8053121,0.0055269384756684,0.0031132102,0.0077216625,0.0008274317
Classical VQR circuit,9,14,0.79915076,0.79673314,0.80070364,0.79936844,0.0055269384756684,0.002417624,0.0026353002,0.0015528798
Classical VQR circuit,9,14,0.79870003,0.7951886,0.79915076,0.7990799,0.0055269384756684,0.0035114288,0.0038912892,0.00045073032
Classical VQR circuit,9,14,0.79869634,0.7946857,0.79870003,0.79998136,0.0055269384756684,0.0040106177,0.0052956343,3.695488e-06
Classical VQR circuit,9,20,0.8844247,0.89601016,0.9020582,0.8760531,0.0055269384756684,0.011585474,0.019957066,0.017633498
Classical VQR circuit,9,20,0.866854,0.8783935,0.8844247,0.86363304,0.0055269384756684,0.011539459,0.014760435,0.017570674
Classical VQR circuit,9,20,0.8592364,0.8607515,0.866854,0.8655483,0.0055269384756684,0.0015150905,0.004796803,0.007617593
Classical VQR circuit,9,20,0.8560055,0.8532506,0.8592364,0.8620463,0.0055269384756684,0.002754867,0.008795679,0.0032309294
Classical VQR circuit,9,20,0.85722643,0.8510183,0.8560055,0.86201596,0.0055269384756684,0.006208122,0.010997653,0.0012209415
Classical VQR circuit,9,20,0.8595389,0.85317105,0.85722643,0.86153454,0.0055269384756684,0.006367862,0.008363485,0.0023124814
Classical VQR circuit,9,20,0.8614338,0.85556644,0.8595389,0.8626524,0.0055269384756684,0.005867362,0.007085979,0.0018948913
Classical VQR circuit,9,20,0.8597293,0.85733914,0.8614338,0.85832036,0.0055269384756684,0.0023901463,0.0009812117,0.001704514
Classical VQR circuit,9,20,0.85037804,0.85568935,0.8597293,0.84405684,0.0055269384756684,0.0053113103,0.011632502,0.0093512535
Classical VQR circuit,9,20,0.84093106,0.84629434,0.85037804,0.83841956,0.0055269384756684,0.0053632855,0.007874787,0.009446979
Classical VQR circuit,9,20,0.83409166,0.83680815,0.84093106,0.83552337,0.0055269384756684,0.0027164817,0.0012847781,0.0068393946
Classical VQR circuit,9,20,0.829948,0.8299129,0.83409166,0.8324431,0.0055269384756684,3.5107136e-05,0.0025302172,0.0041436553
Classical VQR circuit,9,20,0.8207698,0.82574445,0.829948,0.8172143,0.0055269384756684,0.0049746633,0.00853014,0.009178221
Classical VQR circuit,9,20,0.8156705,0.81617475,0.8207698,0.8168435,0.0055269384756684,0.0005042553,0.0006687641,0.0050992966
Classical VQR circuit,9,20,0.81363016,0.8114617,0.8156705,0.8171462,0.0055269384756684,0.0021684766,0.005684495,0.0020403266
Classical VQR circuit,9,20,0.79363775,0.8095554,0.81363016,0.78161716,0.0055269384756684,0.015917659,0.027938247,0.019992411
Classical VQR circuit,9,20,0.7725771,0.78947014,0.79363775,0.76613045,0.0055269384756684,0.01689303,0.023339689,0.021060646
Classical VQR circuit,9,20,0.7664513,0.76872003,0.7725771,0.77593726,0.0055269384756684,0.0022687316,0.0072172284,0.0061258078
Classical VQR circuit,9,20,0.76507276,0.762508,0.7664513,0.77329,0.0055269384756684,0.0025647879,0.010782003,0.0013785362
Classical VQR circuit,9,20,0.76878285,0.7611796,0.76507276,0.77418756,0.0055269384756684,0.007603228,0.013007939,0.003710091
Classical VQR circuit,9,20,0.7649053,0.76488745,0.76878285,0.76000977,0.0055269384756684,1.7821789e-05,0.0048776865,0.0038775802
Classical VQR circuit,9,20,0.7589404,0.76103246,0.7649053,0.75651634,0.0055269384756684,0.0020920634,0.0045161247,0.005964875
All circuits classical,9,14,0.87774605,0.885212,0.8921293,0.8733919,0.0055269384756684,0.0074659586,0.011820078,0.014383256
All circuits classical,9,14,0.8687297,0.8710851,0.87774605,0.8714147,0.0055269384756684,0.0023553967,0.0003296137,0.009016335
All circuits classical,9,14,0.8620496,0.8625835,0.8687297,0.86503065,0.0055269384756684,0.0005339384,0.0024471283,0.006680131
All circuits classical,9,14,0.857985,0.8565136,0.8620496,0.8609,0.0055269384756684,0.0014714003,0.0043863654,0.00406456
All circuits classical,9,14,0.84927285,0.8530726,0.857985,0.8462889,0.0055269384756684,0.0037997365,0.006783664,0.0087121725
All circuits classical,9,14,0.8426481,0.8447948,0.84927285,0.84308445,0.0055269384756684,0.002146721,0.0017103553,0.0066247582
All circuits classical,9,14,0.84238446,0.8383504,0.8426481,0.84825546,0.0055269384756684,0.0040340424,0.00990504,0.00026363134
All circuits classical,9,14,0.8373402,0.8381903,0.84238446,0.83613986,0.0055269384756684,0.00085014105,0.0020504594,0.0050442815
All circuits classical,9,14,0.83305967,0.83315027,0.8373402,0.8323826,0.0055269384756684,9.059906e-05,0.0007676482,0.0042805076
All circuits classical,9,14,0.8295537,0.8288988,0.83305967,0.8300409,0.0055269384756684,0.00065493584,0.0011420846,0.0035059452
All circuits classical,9,14,0.8224115,0.82550997,0.8295537,0.8205812,0.0055269384756684,0.0030984879,0.0049287677,0.007142246
All circuits classical,9,14,0.8182114,0.81839085,0.8224115,0.81962717,0.0055269384756684,0.00017946959,0.0012363195,0.004200101
All circuits classical,9,14,0.8232353,0.81415385,0.8182114,0.8304947,0.0055269384756684,0.009081423,0.016340852,0.0050238967
All circuits classical,9,14,0.8268832,0.8194194,0.8232353,0.82889515,0.0055269384756684,0.007463813,0.009475768,0.0036479235
All circuits classical,9,14,0.8287115,0.82284546,0.8268832,0.82766837,0.0055269384756684,0.0058660507,0.00482291,0.0018283129
All circuits classical,9,14,0.81744623,0.8247563,0.8287115,0.80714804,0.0055269384756684,0.0073100924,0.017608285,0.011265278
All circuits classical,9,14,0.8077257,0.8135849,0.81744623,0.80547124,0.0055269384756684,0.005859196,0.008113682,0.009720504
All circuits classical,9,14,0.8015311,0.8037857,0.8077257,0.804275,0.0055269384756684,0.0022546053,0.0004892945,0.006194651
All circuits classical,9,14,0.80070364,0.79753196,0.8015311,0.8053121,0.0055269384756684,0.0031716824,0.0077801347,0.0008274317
All circuits classical,9,14,0.79915076,0.79647845,0.80070364,0.79936844,0.0055269384756684,0.0026723146,0.0028899908,0.0015528798
All circuits classical,9,14,0.79870003,0.7948727,0.79915076,0.7990799,0.0055269384756684,0.0038273335,0.004207194,0.00045073032
All circuits classical,9,14,0.79869634,0.7943989,0.79870003,0.79998136,0.0055269384756684,0.0042974353,0.005582452,3.695488e-06
All circuits classical,9,20,0.8844247,0.8949419,0.9020582,0.8760531,0.0055269384756684,0.01051724,0.018888831,0.017633498
All circuits classical,9,20,0.866854,0.87746704,0.8844247,0.86363304,0.0055269384756684,0.010613024,0.013834,0.017570674
All circuits classical,9,20,0.8592364,0.8601636,0.866854,0.8655483,0.0055269384756684,0.00092720985,0.0053846836,0.007617593
All circuits classical,9,20,0.8560055,0.85326666,0.8592364,0.8620463,0.0055269384756684,0.0027388334,0.008779645,0.0032309294
All circuits classical,9,20,0.85722643,0.8505021,0.8560055,0.86201596,0.0055269384756684,0.0067243576,0.011513889,0.0012209415
All circuits classical,9,20,0.8595389,0.85237396,0.85722643,0.86153454,0.0055269384756684,0.007164955,0.009160578,0.0023124814
All circuits classical,9,20,0.8614338,0.85493314,0.8595389,0.8626524,0.0055269384756684,0.0065006614,0.0077192783,0.0018948913
All circuits classical,9,20,0.8597293,0.85702586,0.8614338,0.85832036,0.0055269384756684,0.0027034283,0.0012944937,0.001704514
All circuits classical,9,20,0.85037804,0.8552541,0.8597293,0.84405684,0.0055269384756684,0.004876077,0.011197269,0.0093512535
All circuits classical,9,20,0.84093106,0.84604365,0.85037804,0.83841956,0.0055269384756684,0.0051125884,0.0076240897,0.009446979
All circuits classical,9,20,0.83409166,0.836686,0.84093106,0.83552337,0.0055269384756684,0.0025943518,0.0011626482,0.0068393946
All circuits classical,9,20,0.829948,0.82997614,0.83409166,0.8324431,0.0055269384756684,2.8133392e-05,0.0024669766,0.0041436553
All circuits classical,9,20,0.8207698,0.82589155,0.829948,0.8172143,0.0055269384756684,0.0051217675,0.008677244,0.009178221
All circuits classical,9,20,0.8156705,0.8168152,0.8207698,0.8168435,0.0055269384756684,0.0011447072,2.8312206e-05,0.0050992966
All circuits classical,9,20,0.81363016,0.8117572,0.8156705,0.8171462,0.0055269384756684,0.0018729568,0.005388975,0.0020403266
All circuits classical,9,20,0.79363775,0.8097313,0.81363016,0.78161716,0.0055269384756684,0.016093552,0.02811414,0.019992411
All circuits classical,9,20,0.7725771,0.7900192,0.79363775,0.76613045,0.0055269384756684,0.017442107,0.023888767,0.021060646
All circuits classical,9,20,0.7664513,0.76881796,0.7725771,0.77593726,0.0055269384756684,0.002366662,0.007119298,0.0061258078
All circuits classical,9,20,0.76507276,0.7626021,0.7664513,0.77329,0.0055269384756684,0.0024706721,0.010687888,0.0013785362
All circuits classical,9,20,0.76878285,0.7609242,0.76507276,0.77418756,0.0055269384756684,0.007858634,0.013263345,0.003710091
All circuits classical,9,20,0.7649053,0.7645729,0.76878285,0.76000977,0.0055269384756684,0.0003323555,0.004563153,0.0038775802
All circuits classical,9,20,0.7589404,0.7605846,0.7649053,0.75651634,0.0055269384756684,0.0016441941,0.0040682554,0.005964875
Persistence,10,9,0.8803733,0.8831095,0.8831095,0.8864931,0.0052133970893919,0.0027362108,0.0033835769,0.0027362108
Persistence,10,9,0.882756,0.8803733,0.8803733,0.8889019,0.0052133970893919,0.0023826957,0.00852859,0.0023826957
Persistence,10,9,0.886451,0.882756,0.882756,0.8892149,0.0052133970893919,0.0036950111,0.0064588785,0.0036950111
Persistence,10,9,0.88154984,0.886451,0.886451,0.8764013,0.0052133970893919,0.0049011707,0.010049701,0.0049011707
Persistence,10,9,0.8746258,0.88154984,0.88154984,0.8715485,0.0052133970893919,0.006924033,0.010001361,0.006924033
Persistence,10,9,0.8661246,0.8746258,0.8746258,0.8645739,0.0052133970893919,0.008501232,0.010051906,0.008501232
Persistence,10,9,0.85735464,0.8661246,0.8661246,0.8566824,0.0052133970893919,0.008769929,0.009442151,0.008769929
Persistence,10,9,0.854717,0.85735464,0.85735464,0.85852975,0.0052133970893919,0.0026376247,0.0011751056,0.0026376247
Persistence,10,9,0.84572226,0.854717,0.854717,0.8420812,0.0052133970893919,0.008994758,0.012635827,0.008994758
Persistence,10,9,0.83779526,0.84572226,0.84572226,0.83690023,0.0052133970893919,0.0079270005,0.008822024,0.0079270005
Persistence,10,9,0.82661873,0.83779526,0.83779526,0.8241729,0.0052133970893919,0.011176527,0.013622344,0.011176527
Persistence,10,9,0.8176615,0.82661873,0.82661873,0.8185275,0.0052133970893919,0.008957207,0.008091211,0.008957207
Persistence,10,9,0.7969155,0.8176615,0.8176615,0.7883405,0.0052133970893919,0.020746052,0.029321015,0.020746052
Persistence,10,9,0.7757072,0.7969155,0.7969155,0.7712677,0.0052133970893919,0.021208286,0.02564776,0.021208286
Persistence,10,9,0.768979,0.7757072,0.7757072,0.7787166,0.0052133970893919,0.0067281723,0.0030094385,0.0067281723
Persistence,10,9,0.76502067,0.768979,0.768979,0.77129984,0.0052133970893919,0.0039583445,0.002320826,0.0039583445
Persistence,10,9,0.76620495,0.76502067,0.76502067,0.7712239,0.0052133970893919,0.0011842847,0.006203234,0.0011842847
Persistence,10,9,0.7646782,0.76620495,0.76620495,0.76391375,0.0052133970893919,0.001526773,0.0022912025,0.001526773
Persistence,10,9,0.7673154,0.7646782,0.7646782,0.7711122,0.0052133970893919,0.0026372075,0.0064340234,0.0026372075
Persistence,10,9,0.7639789,0.7673154,0.7673154,0.76222354,0.0052133970893919,0.0033364892,0.005091846,0.0033364892
Persistence,10,9,0.75282097,0.7639789,0.7639789,0.745776,0.0052133970893919,0.01115793,0.0182029,0.01115793
Persistence,10,9,0.7481179,0.75282097,0.75282097,0.75015444,0.0052133970893919,0.004703045,0.002666533,0.004703045
Persistence,10,9,0.74132943,0.7481179,0.7481179,0.7413376,0.0052133970893919,0.006788492,0.0067803264,0.006788492
Persistence,10,16,0.883452,0.8934387,0.8934387,0.8818277,0.0052133970893919,0.009986699,0.011610985,0.009986699
Persistence,10,16,0.8628266,0.883452,0.883452,0.85351205,0.0052133970893919,0.020625412,0.02993995,0.020625412
Persistence,10,16,0.8497043,0.8628266,0.8628266,0.85120857,0.0052133970893919,0.013122261,0.011618018,0.013122261
Persistence,10,16,0.8441118,0.8497043,0.8497043,0.85171896,0.0052133970893919,0.005592525,0.002014637,0.005592525
Persistence,10,16,0.8407491,0.8441118,0.8441118,0.84525865,0.0052133970893919,0.0033627152,0.001146853,0.0033627152
Persistence,10,16,0.84131515,0.8407491,0.8407491,0.8445039,0.0052133970893919,0.0005660653,0.0037547946,0.0005660653
Persistence,10,16,0.84279734,0.84131515,0.84131515,0.8447513,0.0052133970893919,0.0014821887,0.0034361482,0.0014821887
Persistence,10,16,0.8445251,0.84279734,0.84279734,0.84667486,0.0052133970893919,0.0017277598,0.0038775206,0.0017277598
Persistence,10,16,0.84500784,0.8445251,0.8445251,0.8452644,0.0052133970893919,0.00048273802,0.0007392764,0.00048273802
Persistence,10,16,0.8450863,0.84500784,0.84500784,0.8446674,0.0052133970893919,7.843971e-05,0.00034046173,7.843971e-05
Persistence,10,16,0.8434499,0.8450863,0.8450863,0.8422364,0.0052133970893919,0.0016363859,0.0028498769,0.0016363859
Persistence,10,16,0.8245629,0.8434499,0.8434499,0.8112598,0.0052133970893919,0.018886983,0.032190084,0.018886983
Persistence,10,16,0.81000364,0.8245629,0.8245629,0.8077768,0.0052133970893919,0.014559269,0.016786098,0.014559269
Persistence,10,16,0.80970716,0.81000364,0.81000364,0.8203719,0.0052133970893919,0.0002964735,0.010368288,0.0002964735
Persistence,10,16,0.8199276,0.80970716,0.80970716,0.8319933,0.0052133970893919,0.010220408,0.022286117,0.010220408
Persistence,10,16,0.82799983,0.8199276,0.8199276,0.8294752,0.0052133970893919,0.008072257,0.009547651,0.008072257
Persistence,10,16,0.828294,0.82799983,0.82799983,0.8219822,0.0052133970893919,0.00029414892,0.0060176253,0.00029414892
Persistence,10,16,0.82578194,0.828294,0.828294,0.8228044,0.0052133970893919,0.0025120378,0.005489588,0.0025120378
Persistence,10,16,0.8233431,0.82578194,0.82578194,0.8239294,0.0052133970893919,0.0024388433,0.0018525124,0.0024388433
Persistence,10,16,0.8192738,0.8233431,0.8233431,0.8179935,0.0052133970893919,0.0040692687,0.0053495765,0.0040692687
Persistence,10,16,0.8171632,0.8192738,0.8192738,0.81704307,0.0052133970893919,0.0021106005,0.0022307634,0.0021106005
Persistence,10,16,0.8129161,0.8171632,0.8171632,0.8111669,0.0052133970893919,0.004247129,0.0059963465,0.004247129
Persistence,10,16,0.8064882,0.8129161,0.8129161,0.8044414,0.0052133970893919,0.006427884,0.008474708,0.006427884
Full model,10,9,0.8803733,0.875655,0.8831095,0.8864931,0.0052133970893919,0.0047183037,0.010838091,0.0027362108
Full model,10,9,0.882756,0.87326604,0.8803733,0.8889019,0.0052133970893919,0.0094899535,0.015635848,0.0023826957
Full model,10,9,0.886451,0.8755799,0.882756,0.8892149,0.0052133970893919,0.010871112,0.01363498,0.0036950111
Full model,10,9,0.88154984,0.8796614,0.886451,0.8764013,0.0052133970893919,0.001888454,0.003260076,0.0049011707
Full model,10,9,0.8746258,0.87602085,0.88154984,0.8715485,0.0052133970893919,0.0013950467,0.004472375,0.006924033
Full model,10,9,0.8661246,0.8690452,0.8746258,0.8645739,0.0052133970893919,0.0029206276,0.004471302,0.008501232
Full model,10,9,0.85735464,0.8601198,0.8661246,0.8566824,0.0052133970893919,0.0027651787,0.0034373999,0.008769929
Full model,10,9,0.854717,0.85163534,0.85735464,0.85852975,0.0052133970893919,0.0030816793,0.0068944097,0.0026376247
Full model,10,9,0.84572226,0.84934473,0.854717,0.8420812,0.0052133970893919,0.0036224723,0.007263541,0.008994758
Full model,10,9,0.83779526,0.840429,0.84572226,0.83690023,0.0052133970893919,0.0026337504,0.0035287738,0.0079270005
Full model,10,9,0.82661873,0.8318183,0.83779526,0.8241729,0.0052133970893919,0.0051995516,0.0076453686,0.011176527
Full model,10,9,0.8176615,0.82166463,0.82661873,0.8185275,0.0052133970893919,0.0040031075,0.0031371117,0.008957207
Full model,10,9,0.7969155,0.81217563,0.8176615,0.7883405,0.0052133970893919,0.01526016,0.023835123,0.020746052
Full model,10,9,0.7757072,0.79208547,0.7969155,0.7712677,0.0052133970893919,0.016378284,0.020817757,0.021208286
Full model,10,9,0.768979,0.7728979,0.7757072,0.7787166,0.0052133970893919,0.003918886,0.0058187246,0.0067281723
Full model,10,9,0.76502067,0.76617664,0.768979,0.77129984,0.0052133970893919,0.0011559725,0.005123198,0.0039583445
Full model,10,9,0.76620495,0.7625801,0.76502067,0.7712239,0.0052133970893919,0.0036248565,0.008643806,0.0011842847
Full model,10,9,0.7646782,0.7630714,0.76620495,0.76391375,0.0052133970893919,0.0016067624,0.00084233284,0.001526773
Full model,10,9,0.7673154,0.76065516,0.7646782,0.7711122,0.0052133970893919,0.006660223,0.010457039,0.0026372075
Full model,10,9,0.7639789,0.7629512,0.7673154,0.76222354,0.0052133970893919,0.0010277033,0.0007276535,0.0033364892
Full model,10,9,0.75282097,0.76007175,0.7639789,0.745776,0.0052133970893919,0.007250786,0.014295757,0.01115793
Full model,10,9,0.7481179,0.748554,0.75282097,0.75015444,0.0052133970893919,0.00043606758,0.0016004443,0.004703045
Full model,10,9,0.74132943,0.7445419,0.7481179,0.7413376,0.0052133970893919,0.003212452,0.003204286,0.006788492
Full model,10,16,0.883452,0.8851341,0.8934387,0.8818277,0.0052133970893919,0.0016821027,0.0033063889,0.009986699
Full model,10,16,0.8628266,0.8755226,0.883452,0.85351205,0.0052133970893919,0.012696028,0.022010565,0.020625412
Full model,10,16,0.8497043,0.85549384,0.8628266,0.85120857,0.0052133970893919,0.0057895184,0.004285276,0.013122261
Full model,10,16,0.8441118,0.84366316,0.8497043,0.85171896,0.0052133970893919,0.00044864416,0.008055806,0.005592525
Full model,10,16,0.8407491,0.83963406,0.8441118,0.84525865,0.0052133970893919,0.0011150241,0.0056245923,0.0033627152
Full model,10,16,0.84131515,0.83689713,0.8407491,0.8445039,0.0052133970893919,0.0044180155,0.0076067448,0.0005660653
Full model,10,16,0.84279734,0.83696854,0.84131515,0.8447513,0.0052133970893919,0.005828798,0.0077827573,0.0014821887
Full model,10,16,0.8445251,0.83779764,0.84279734,0.84667486,0.0052133970893919,0.006727457,0.008877218,0.0017277598
Full model,10,16,0.84500784,0.839357,0.8445251,0.8452644,0.0052133970893919,0.0056508183,0.0059073567,0.00048273802
Full model,10,16,0.8450863,0.83983827,0.84500784,0.8446674,0.0052133970893919,0.00524801,0.0048291087,7.843971e-05
Full model,10,16,0.8434499,0.83997136,0.8450863,0.8422364,0.0052133970893919,0.003478527,0.002265036,0.0016363859
Full model,10,16,0.8245629,0.8383999,0.8434499,0.8112598,0.0052133970893919,0.01383698,0.02714008,0.018886983
Full model,10,16,0.81000364,0.8187477,0.8245629,0.8077768,0.0052133970893919,0.008744061,0.0109708905,0.014559269
Full model,10,16,0.80970716,0.8055892,0.81000364,0.8203719,0.0052133970893919,0.0041179657,0.014782727,0.0002964735
Full model,10,16,0.8199276,0.806679,0.80970716,0.8319933,0.0052133970893919,0.013248563,0.025314271,0.010220408
Full model,10,16,0.82799983,0.8173121,0.8199276,0.8294752,0.0052133970893919,0.010687709,0.012163103,0.008072257
Full model,10,16,0.828294,0.824838,0.82799983,0.8219822,0.0052133970893919,0.0034559965,0.0028557777,0.00029414892
Full model,10,16,0.82578194,0.8245376,0.828294,0.8228044,0.0052133970893919,0.0012443662,0.0017331839,0.0025120378
Full model,10,16,0.8233431,0.8217298,0.82578194,0.8239294,0.0052133970893919,0.0016133189,0.0021996498,0.0024388433
Full model,10,16,0.8192738,0.8188515,0.8233431,0.8179935,0.0052133970893919,0.0004223585,0.00085794926,0.0040692687
Full model,10,16,0.8171632,0.8153136,0.8192738,0.81704307,0.0052133970893919,0.0018496513,0.0017294884,0.0021106005
Full model,10,16,0.8129161,0.8126444,0.8171632,0.8111669,0.0052133970893919,0.00027167797,0.0014775395,0.004247129
Full model,10,16,0.8064882,0.8086297,0.8129161,0.8044414,0.0052133970893919,0.0021414757,0.004188299,0.006427884
Without quantum attention,10,9,0.8803733,0.87700105,0.8831095,0.8864931,0.0052133970893919,0.003372252,0.00949204,0.0027362108
Without quantum attention,10,9,0.882756,0.87417144,0.8803733,0.8889019,0.0052133970893919,0.008584559,0.0147304535,0.0023826957
Without quantum attention,10,9,0.886451,0.8765954,0.882756,0.8892149,0.0052133970893919,0.009855628,0.012619495,0.0036950111
Without quantum attention,10,9,0.88154984,0.88027453,0.886451,0.8764013,0.0052133970893919,0.001275301,0.003873229,0.0049011707
Without quantum attention,10,9,0.8746258,0.8753885,0.88154984,0.8715485,0.0052133970893919,0.00076270103,0.0038400292,0.006924033
Without quantum attention,10,9,0.8661246,0.8701729,0.8746258,0.8645739,0.0052133970893919,0.0040483475,0.005599022,0.008501232
Without quantum attention,10,9,0.85735464,0.8616552,0.8661246,0.8566824,0.0052133970893919,0.0043005347,0.004972756,0.008769929
Without quantum attention,10,9,0.854717,0.85304135,0.85735464,0.85852975,0.0052133970893919,0.0016756654,0.0054883957,0.0026376247
Without quantum attention,10,9,0.84572226,0.8500834,0.854717,0.8420812,0.0052133970893919,0.0043611526,0.008002222,0.008994758
Without quantum attention,10,9,0.83779526,0.84134674,0.84572226,0.83690023,0.0052133970893919,0.0035514832,0.0044465065,0.0079270005
Without quantum attention,10,9,0.82661873,0.83238715,0.83779526,0.8241729,0.0052133970893919,0.0057684183,0.008214235,0.011176527
Without quantum attention,10,9,0.8176615,0.82153136,0.82661873,0.8185275,0.0052133970893919,0.0038698316,0.0030038357,0.008957207
Without quantum attention,10,9,0.7969155,0.8124115,0.8176615,0.7883405,0.0052133970893919,0.015496016,0.024070978,0.020746052
Without quantum attention,10,9,0.7757072,0.7913668,0.7969155,0.7712677,0.0052133970893919,0.01565963,0.020099103,0.021208286
Without quantum attention,10,9,0.768979,0.7711845,0.7757072,0.7787166,0.0052133970893919,0.002205491,0.0075321198,0.0067281723
Without quantum attention,10,9,0.76502067,0.7632598,0.768979,0.77129984,0.0052133970893919,0.0017608404,0.008040011,0.0039583445
Without quantum attention,10,9,0.76620495,0.7603074,0.76502067,0.7712239,0.0052133970893919,0.0058975816,0.010916531,0.0011842847
Without quantum attention,10,9,0.7646782,0.76158947,0.76620495,0.76391375,0.0052133970893919,0.0030887127,0.0023242831,0.001526773
Without quantum attention,10,9,0.7673154,0.76008755,0.7646782,0.7711122,0.0052133970893919,0.007227838,0.011024654,0.0026372075
Without quantum attention,10,9,0.7639789,0.7632124,0.7673154,0.76222354,0.0052133970893919,0.00076651573,0.000988841,0.0033364892
Without quantum attention,10,9,0.75282097,0.75996155,0.7639789,0.745776,0.0052133970893919,0.007140577,0.014185548,0.01115793
Without quantum attention,10,9,0.7481179,0.74913955,0.75282097,0.75015444,0.0052133970893919,0.0010216236,0.0010148883,0.004703045
Without quantum attention,10,9,0.74132943,0.7445635,0.7481179,0.7413376,0.0052133970893919,0.0032340884,0.0032259226,0.006788492
Without quantum attention,10,16,0.883452,0.8873026,0.8934387,0.8818277,0.0052133970893919,0.0038505793,0.0054748654,0.009986699
Without quantum attention,10,16,0.8628266,0.87735176,0.883452,0.85351205,0.0052133970893919,0.014525175,0.023839712,0.020625412
Without quantum attention,10,16,0.8497043,0.8566662,0.8628266,0.85120857,0.0052133970893919,0.006961882,0.0054576397,0.013122261
Without quantum attention,10,16,0.8441118,0.84358555,0.8497043,0.85171896,0.0052133970893919,0.0005262494,0.008133411,0.005592525
Without quantum attention,10,16,0.8407491,0.83823943,0.8441118,0.84525865,0.0052133970893919,0.0025096536,0.007019222,0.0033627152
Without quantum attention,10,16,0.84131515,0.83646244,0.8407491,0.8445039,0.0052133970893919,0.004852712,0.008041441,0.0005660653
Without quantum attention,10,16,0.84279734,0.8374093,0.84131515,0.8447513,0.0052133970893919,0.0053880215,0.007341981,0.0014821887
Without quantum attention,10,16,0.8445251,0.838167,0.84279734,0.84667486,0.0052133970893919,0.006358087,0.008507848,0.0017277598
Without quantum attention,10,16,0.84500784,0.83991736,0.8445251,0.8452644,0.0052133970893919,0.005090475,0.0053470135,0.00048273802
Without quantum attention,10,16,0.8450863,0.8402455,0.84500784,0.8446674,0.0052133970893919,0.004840791,0.00442189,7.843971e-05
Without quantum attention,10,16,0.8434499,0.8402003,0.8450863,0.8422364,0.0052133970893919,0.0032495856,0.0020360947,0.0016363859
Without quantum attention,10,16,0.8245629,0.83897537,0.8434499,0.8112598,0.0052133970893919,0.014412463,0.027715564,0.018886983
Without quantum attention,10,16,0.81000364,0.819168,0.8245629,0.8077768,0.0052133970893919,0.009164333,0.011391163,0.014559269
Without quantum attention,10,16,0.80970716,0.80401886,0.81000364,0.8203719,0.0052133970893919,0.0056883097,0.01635307,0.0002964735
Without quantum attention,10,16,0.8199276,0.80407083,0.80970716,0.8319933,0.0052133970893919,0.015856743,0.027922451,0.010220408
Without quantum attention,10,16,0.82799983,0.8151385,0.8199276,0.8294752,0.0052133970893919,0.012861311,0.014336705,0.008072257
Without quantum attention,10,16,0.828294,0.82363725,0.82799983,0.8219822,0.0052133970893919,0.004656732,0.0016550422,0.00029414892
Without quantum attention,10,16,0.82578194,0.8240296,0.828294,0.8228044,0.0052133970893919,0.001752317,0.0012252331,0.0025120378
Without quantum attention,10,16,0.8233431,0.8217216,0.82578194,0.8239294,0.0052133970893919,0.0016214848,0.0022078156,0.0024388433
Without quantum attention,10,16,0.8192738,0.8188471,0.8233431,0.8179935,0.0052133970893919,0.00042670965,0.0008535981,0.0040692687
Without quantum attention,10,16,0.8171632,0.8158019,0.8192738,0.81704307,0.0052133970893919,0.0013613105,0.0012411475,0.0021106005
Without quantum attention,10,16,0.8129161,0.8135398,0.8171632,0.8111669,0.0052133970893919,0.000623703,0.0023729205,0.004247129
Without quantum attention,10,16,0.8064882,0.8090248,0.8129161,0.8044414,0.0052133970893919,0.0025365949,0.0045834184,0.006427884
Without VQR,10,9,0.8803733,0.875475,0.8831095,0.8864931,0.0052133970893919,0.0048983097,0.011018097,0.0027362108
Without VQR,10,9,0.882756,0.87313044,0.8803733,0.8889019,0.0052133970893919,0.009625554,0.015771449,0.0023826957
Without VQR,10,9,0.886451,0.87580776,0.882756,0.8892149,0.0052133970893919,0.010643244,0.013407111,0.0036950111
Without VQR,10,9,0.88154984,0.8800998,0.886451,0.8764013,0.0052133970893919,0.0014500618,0.0036984682,0.0049011707
Without VQR,10,9,0.8746258,0.8759737,0.88154984,0.8715485,0.0052133970893919,0.0013478994,0.0044252276,0.006924033
Without VQR,10,9,0.8661246,0.86889505,0.8746258,0.8645739,0.0052133970893919,0.0027704835,0.004321158,0.008501232
Without VQR,10,9,0.85735464,0.86028403,0.8661246,0.8566824,0.0052133970893919,0.0029293895,0.0036016107,0.008769929
Without VQR,10,9,0.854717,0.8515968,0.85735464,0.85852975,0.0052133970893919,0.0031202435,0.006932974,0.0026376247
Without VQR,10,9,0.84572226,0.84892166,0.854717,0.8420812,0.0052133970893919,0.0031993985,0.0068404675,0.008994758
Without VQR,10,9,0.83779526,0.84022456,0.84572226,0.83690023,0.0052133970893919,0.0024293065,0.0033243299,0.0079270005
Without VQR,10,9,0.82661873,0.8319793,0.83779526,0.8241729,0.0052133970893919,0.0053605437,0.0078063607,0.011176527
Without VQR,10,9,0.8176615,0.82149714,0.82661873,0.8185275,0.0052133970893919,0.0038356185,0.0029696226,0.008957207
Without VQR,10,9,0.7969155,0.8121352,0.8176615,0.7883405,0.0052133970893919,0.015219748,0.02379471,0.020746052
Without VQR,10,9,0.7757072,0.79209226,0.7969155,0.7712677,0.0052133970893919,0.016385078,0.020824552,0.021208286
Without VQR,10,9,0.768979,0.7726165,0.7757072,0.7787166,0.0052133970893919,0.0036374927,0.006100118,0.0067281723
Without VQR,10,9,0.76502067,0.7660836,0.768979,0.77129984,0.0052133970893919,0.0010629296,0.005216241,0.0039583445
Without VQR,10,9,0.76620495,0.7624489,0.76502067,0.7712239,0.0052133970893919,0.0037560463,0.008774996,0.0011842847
Without VQR,10,9,0.7646782,0.7629462,0.76620495,0.76391375,0.0052133970893919,0.0017319918,0.0009675622,0.001526773
Without VQR,10,9,0.7673154,0.76085347,0.7646782,0.7711122,0.0052133970893919,0.0064619184,0.010258734,0.0026372075
Without VQR,10,9,0.7639789,0.76307064,0.7673154,0.76222354,0.0052133970893919,0.0009082556,0.0008471012,0.0033364892
Without VQR,10,9,0.75282097,0.7599255,0.7639789,0.745776,0.0052133970893919,0.007104516,0.014149487,0.01115793
Without VQR,10,9,0.7481179,0.74837863,0.75282097,0.75015444,0.0052133970893919,0.00026071072,0.0017758012,0.004703045
Without VQR,10,9,0.74132943,0.74460596,0.7481179,0.7413376,0.0052133970893919,0.003276527,0.003268361,0.006788492
Without VQR,10,16,0.883452,0.88512224,0.8934387,0.8818277,0.0052133970893919,0.0016702414,0.0032945275,0.009986699
Without VQR,10,16,0.8628266,0.8753976,0.883452,0.85351205,0.0052133970893919,0.012571037,0.021885574,0.020625412
Without VQR,10,16,0.8497043,0.855263,0.8628266,0.85120857,0.0052133970893919,0.0055586696,0.004054427,0.013122261
Without VQR,10,16,0.8441118,0.84333473,0.8497043,0.85171896,0.0052133970893919,0.00077706575,0.008384228,0.005592525
Without VQR,10,16,0.8407491,0.8393287,0.8441118,0.84525865,0.0052133970893919,0.0014203787,0.005929947,0.0033627152
Without VQR,10,16,0.84131515,0.8365129,0.8407491,0.8445039,0.0052133970893919,0.004802227,0.007990956,0.0005660653
Without VQR,10,16,0.84279734,0.8367898,0.84131515,0.8447513,0.0052133970893919,0.006007552,0.007961512,0.0014821887
Without VQR,10,16,0.8445251,0.8376845,0.84279734,0.84667486,0.0052133970893919,0.0068405867,0.008990347,0.0017277598
Without VQR,10,16,0.84500784,0.8390975,0.8445251,0.8452644,0.0052133970893919,0.005910337,0.0061668754,0.00048273802
Without VQR,10,16,0.8450863,0.8395596,0.84500784,0.8446674,0.0052133970893919,0.005526662,0.0051077604,7.843971e-05
Without VQR,10,16,0.8434499,0.83963203,0.8450863,0.8422364,0.0052133970893919,0.0038178563,0.0026043653,0.0016363859
Without VQR,10,16,0.8245629,0.838181,0.8434499,0.8112598,0.0052133970893919,0.013618112,0.026921213,0.018886983
Without VQR,10,16,0.81000364,0.818854,0.8245629,0.8077768,0.0052133970893919,0.008850336,0.011077166,0.014559269
Without VQR,10,16,0.80970716,0.8052252,0.81000364,0.8203719,0.0052133970893919,0.0044819713,0.015146732,0.0002964735
Without VQR,10,16,0.8199276,0.8061748,0.80970716,0.8319933,0.0052133970893919,0.0137527585,0.025818467,0.010220408
Without VQR,10,16,0.82799983,0.81663704,0.8199276,0.8294752,0.0052133970893919,0.011362791,0.012838185,0.008072257
Without VQR,10,16,0.828294,0.8245151,0.82799983,0.8219822,0.0052133970893919,0.0037788749,0.0025328994,0.00029414892
Without VQR,10,16,0.82578194,0.8242512,0.828294,0.8228044,0.0052133970893919,0.0015307665,0.0014467835,0.0025120378
Without VQR,10,16,0.8233431,0.8214924,0.82578194,0.8239294,0.0052133970893919,0.0018507242,0.002437055,0.0024388433
Without VQR,10,16,0.8192738,0.818676,0.8233431,0.8179935,0.0052133970893919,0.0005978346,0.0006824732,0.0040692687
Without VQR,10,16,0.8171632,0.81496346,0.8192738,0.81704307,0.0052133970893919,0.002199769,0.002079606,0.0021106005
Without VQR,10,16,0.8129161,0.8123213,0.8171632,0.8111669,0.0052133970893919,0.00059479475,0.0011544228,0.004247129
Without VQR,10,16,0.8064882,0.80847883,0.8129161,0.8044414,0.0052133970893919,0.0019906163,0.00403744,0.006427884
Without quantum attention and VQR,10,9,0.8803733,0.8783175,0.8831095,0.8864931,0.0052133970893919,0.0020558238,0.0081756115,0.0027362108
Without quantum attention and VQR,10,9,0.882756,0.87558126,0.8803733,0.8889019,0.0052133970893919,0.0071747303,0.013320625,0.0023826957
Without quantum attention and VQR,10,9,0.886451,0.87796396,0.882756,0.8892149,0.0052133970893919,0.008487046,0.011250913,0.0036950111
Without quantum attention and VQR,10,9,0.88154984,0.881659,0.886451,0.8764013,0.0052133970893919,0.000109136105,0.005257666,0.0049011707
Without quantum attention and VQR,10,9,0.8746258,0.8767578,0.88154984,0.8715485,0.0052133970893919,0.0021319985,0.0052093267,0.006924033
Without quantum attention and VQR,10,9,0.8661246,0.86983377,0.8746258,0.8645739,0.0052133970893919,0.003709197,0.0052598715,0.008501232
Without quantum attention and VQR,10,9,0.85735464,0.86133254,0.8661246,0.8566824,0.0052133970893919,0.003977895,0.004650116,0.008769929
Without quantum attention and VQR,10,9,0.854717,0.8525626,0.85735464,0.85852975,0.0052133970893919,0.00215441,0.00596714,0.0026376247
Without quantum attention and VQR,10,9,0.84572226,0.849925,0.854717,0.8420812,0.0052133970893919,0.0042027235,0.007843792,0.008994758
Without quantum attention and VQR,10,9,0.83779526,0.8409302,0.84572226,0.83690023,0.0052133970893919,0.003134966,0.0040299892,0.0079270005
Without quantum attention and VQR,10,9,0.82661873,0.8330032,0.83779526,0.8241729,0.0052133970893919,0.006384492,0.008830309,0.011176527
Without quantum attention and VQR,10,9,0.8176615,0.8218267,0.82661873,0.8185275,0.0052133970893919,0.0041651726,0.0032991767,0.008957207
Without quantum attention and VQR,10,9,0.7969155,0.8128695,0.8176615,0.7883405,0.0052133970893919,0.015954018,0.02452898,0.020746052
Without quantum attention and VQR,10,9,0.7757072,0.79212344,0.7969155,0.7712677,0.0052133970893919,0.016416252,0.020855725,0.021208286
Without quantum attention and VQR,10,9,0.768979,0.77091515,0.7757072,0.7787166,0.0052133970893919,0.0019361377,0.007801473,0.0067281723
Without quantum attention and VQR,10,9,0.76502067,0.764187,0.768979,0.77129984,0.0052133970893919,0.00083369017,0.0071128607,0.0039583445
Without quantum attention and VQR,10,9,0.76620495,0.76022863,0.76502067,0.7712239,0.0052133970893919,0.0059763193,0.010995269,0.0011842847
Without quantum attention and VQR,10,9,0.7646782,0.7614129,0.76620495,0.76391375,0.0052133970893919,0.0032652617,0.002500832,0.001526773
Without quantum attention and VQR,10,9,0.7673154,0.75988615,0.7646782,0.7711122,0.0052133970893919,0.007429242,0.011226058,0.0026372075
Without quantum attention and VQR,10,9,0.7639789,0.76252335,0.7673154,0.76222354,0.0052133970893919,0.0014555454,0.00029981136,0.0033364892
Without quantum attention and VQR,10,9,0.75282097,0.75918686,0.7639789,0.745776,0.0052133970893919,0.0063658953,0.013410866,0.01115793
Without quantum attention and VQR,10,9,0.7481179,0.74802893,0.75282097,0.75015444,0.0052133970893919,8.8989735e-05,0.0021255016,0.004703045
Without quantum attention and VQR,10,9,0.74132943,0.7433259,0.7481179,0.7413376,0.0052133970893919,0.0019964576,0.0019882917,0.006788492
Without quantum attention and VQR,10,16,0.883452,0.88864666,0.8934387,0.8818277,0.0052133970893919,0.005194664,0.00681895,0.009986699
Without quantum attention and VQR,10,16,0.8628266,0.87865996,0.883452,0.85351205,0.0052133970893919,0.015833378,0.025147915,0.020625412
Without quantum attention and VQR,10,16,0.8497043,0.85803455,0.8628266,0.85120857,0.0052133970893919,0.008330226,0.0068259835,0.013122261
Without quantum attention and VQR,10,16,0.8441118,0.8449123,0.8497043,0.85171896,0.0052133970893919,0.0008004904,0.0068066716,0.005592525
Without quantum attention and VQR,10,16,0.8407491,0.83931977,0.8441118,0.84525865,0.0052133970893919,0.0014293194,0.0059388876,0.0033627152
Without quantum attention and VQR,10,16,0.84131515,0.83595705,0.8407491,0.8445039,0.0052133970893919,0.0053581,0.008546829,0.0005660653
Without quantum attention and VQR,10,16,0.84279734,0.8365231,0.84131515,0.8447513,0.0052133970893919,0.0062742233,0.008228183,0.0014821887
Without quantum attention and VQR,10,16,0.8445251,0.8380053,0.84279734,0.84667486,0.0052133970893919,0.0065197945,0.008669555,0.0017277598
Without quantum attention and VQR,10,16,0.84500784,0.83973306,0.8445251,0.8452644,0.0052133970893919,0.0052747726,0.005531311,0.00048273802
Without quantum attention and VQR,10,16,0.8450863,0.8402158,0.84500784,0.8446674,0.0052133970893919,0.0048704743,0.004451573,7.843971e-05
Without quantum attention and VQR,10,16,0.8434499,0.84029424,0.8450863,0.8422364,0.0052133970893919,0.0031556487,0.0019421577,0.0016363859
Without quantum attention and VQR,10,16,0.8245629,0.83865786,0.8434499,0.8112598,0.0052133970893919,0.014094949,0.02739805,0.018886983
Without quantum attention and VQR,10,16,0.81000364,0.8197709,0.8245629,0.8077768,0.0052133970893919,0.009767234,0.011994064,0.014559269
Without quantum attention and VQR,10,16,0.80970716,0.8052116,0.81000364,0.8203719,0.0052133970893919,0.004495561,0.015160322,0.0002964735
Without quantum attention and VQR,10,16,0.8199276,0.80491513,0.80970716,0.8319933,0.0052133970893919,0.015012443,0.027078152,0.010220408
Without quantum attention and VQR,10,16,0.82799983,0.81513554,0.8199276,0.8294752,0.0052133970893919,0.012864292,0.014339685,0.008072257
Without quantum attention and VQR,10,16,0.828294,0.8232078,0.82799983,0.8219822,0.0052133970893919,0.0050861835,0.0012255907,0.00029414892
Without quantum attention and VQR,10,16,0.82578194,0.82350194,0.828294,0.8228044,0.0052133970893919,0.0022799969,0.00069755316,0.0025120378
Without quantum attention and VQR,10,16,0.8233431,0.8209899,0.82578194,0.8239294,0.0052133970893919,0.0023531914,0.0029395223,0.0024388433
Without quantum attention and VQR,10,16,0.8192738,0.81855106,0.8233431,0.8179935,0.0052133970893919,0.0007227659,0.00055754185,0.0040692687
Without quantum attention and VQR,10,16,0.8171632,0.8144818,0.8192738,0.81704307,0.0052133970893919,0.0026814342,0.0025612712,0.0021106005
Without quantum attention and VQR,10,16,0.8129161,0.8123712,0.8171632,0.8111669,0.0052133970893919,0.00054490566,0.0012043118,0.004247129
Without quantum attention and VQR,10,16,0.8064882,0.80812407,0.8129161,0.8044414,0.0052133970893919,0.0016358495,0.003682673,0.006427884
Classical QLSTM gates,10,9,0.8803733,0.87451,0.8831095,0.8864931,0.0052133970893919,0.005863309,0.011983097,0.0027362108
Classical QLSTM gates,10,9,0.882756,0.8731032,0.8803733,0.8889019,0.0052133970893919,0.009652793,0.015798688,0.0023826957
Classical QLSTM gates,10,9,0.886451,0.8766258,0.882756,0.8892149,0.0052133970893919,0.00982523,0.012589097,0.0036950111
Classical QLSTM gates,10,9,0.88154984,0.88074744,0.886451,0.8764013,0.0052133970893919,0.0008023977,0.0043461323,0.0049011707
Classical QLSTM gates,10,9,0.8746258,0.87638414,0.88154984,0.8715485,0.0052133970893919,0.001758337,0.004835665,0.006924033
Classical QLSTM gates,10,9,0.8661246,0.8699273,0.8746258,0.8645739,0.0052133970893919,0.0038027167,0.005353391,0.008501232
Classical QLSTM gates,10,9,0.85735464,0.861063,0.8661246,0.8566824,0.0052133970893919,0.0037083626,0.0043805838,0.008769929
Classical QLSTM gates,10,9,0.854717,0.85235727,0.85735464,0.85852975,0.0052133970893919,0.002359748,0.006172478,0.0026376247
Classical QLSTM gates,10,9,0.84572226,0.84876025,0.854717,0.8420812,0.0052133970893919,0.0030379891,0.006679058,0.008994758
Classical QLSTM gates,10,9,0.83779526,0.8392481,0.84572226,0.83690023,0.0052133970893919,0.0014528632,0.0023478866,0.0079270005
Classical QLSTM gates,10,9,0.82661873,0.8305462,0.83779526,0.8241729,0.0052133970893919,0.0039274693,0.0063732862,0.011176527
Classical QLSTM gates,10,9,0.8176615,0.81995785,0.82661873,0.8185275,0.0052133970893919,0.0022963285,0.0014303327,0.008957207
Classical QLSTM gates,10,9,0.7969155,0.81161827,0.8176615,0.7883405,0.0052133970893919,0.014702797,0.02327776,0.020746052
Classical QLSTM gates,10,9,0.7757072,0.79209286,0.7969155,0.7712677,0.0052133970893919,0.016385674,0.020825148,0.021208286
Classical QLSTM gates,10,9,0.768979,0.77209103,0.7757072,0.7787166,0.0052133970893919,0.003112018,0.0066255927,0.0067281723
Classical QLSTM gates,10,9,0.76502067,0.76590896,0.768979,0.77129984,0.0052133970893919,0.000888288,0.0053908825,0.0039583445
Classical QLSTM gates,10,9,0.76620495,0.7622607,0.76502067,0.7712239,0.0052133970893919,0.0039442778,0.008963227,0.0011842847
Classical QLSTM gates,10,9,0.7646782,0.7637436,0.76620495,0.76391375,0.0052133970893919,0.00093460083,0.00017017126,0.001526773
Classical QLSTM gates,10,9,0.7673154,0.7614313,0.7646782,0.7711122,0.0052133970893919,0.005884111,0.009680927,0.0026372075
Classical QLSTM gates,10,9,0.7639789,0.7642158,0.7673154,0.76222354,0.0052133970893919,0.00023692846,0.0019922853,0.0033364892
Classical QLSTM gates,10,9,0.75282097,0.7600683,0.7639789,0.745776,0.0052133970893919,0.0072473288,0.0142923,0.01115793
Classical QLSTM gates,10,9,0.7481179,0.74908257,0.75282097,0.75015444,0.0052133970893919,0.0009646416,0.0010718703,0.004703045
Classical QLSTM gates,10,9,0.74132943,0.74269843,0.7481179,0.7413376,0.0052133970893919,0.0013689995,0.0013608336,0.006788492
Classical QLSTM gates,10,16,0.883452,0.8847162,0.8934387,0.8818277,0.0052133970893919,0.0012642145,0.0028885007,0.009986699
Classical QLSTM gates,10,16,0.8628266,0.87618583,0.883452,0.85351205,0.0052133970893919,0.013359249,0.022673786,0.020625412
Classical QLSTM gates,10,16,0.8497043,0.8566382,0.8628266,0.85120857,0.0052133970893919,0.006933868,0.0054296255,0.013122261
Classical QLSTM gates,10,16,0.8441118,0.8444212,0.8497043,0.85171896,0.0052133970893919,0.0003094077,0.0072977543,0.005592525
Classical QLSTM gates,10,16,0.8407491,0.83923423,0.8441118,0.84525865,0.0052133970893919,0.001514852,0.0060244203,0.0033627152
Classical QLSTM gates,10,16,0.84131515,0.8366882,0.8407491,0.8445039,0.0052133970893919,0.0046269298,0.007815659,0.0005660653
Classical QLSTM gates,10,16,0.84279734,0.83720905,0.84131515,0.8447513,0.0052133970893919,0.005588293,0.0075422525,0.0014821887
Classical QLSTM gates,10,16,0.8445251,0.8386723,0.84279734,0.84667486,0.0052133970893919,0.0058528185,0.008002579,0.0017277598
Classical QLSTM gates,10,16,0.84500784,0.83932006,0.8445251,0.8452644,0.0052133970893919,0.005687773,0.0059443116,0.00048273802
Classical QLSTM gates,10,16,0.8450863,0.8390855,0.84500784,0.8446674,0.0052133970893919,0.006000757,0.005581856,7.843971e-05
Classical QLSTM gates,10,16,0.8434499,0.8383555,0.8450863,0.8422364,0.0052133970893919,0.005094409,0.003880918,0.0016363859
Classical QLSTM gates,10,16,0.8245629,0.83692193,0.8434499,0.8112598,0.0052133970893919,0.012359023,0.025662124,0.018886983
Classical QLSTM gates,10,16,0.81000364,0.8183032,0.8245629,0.8077768,0.0052133970893919,0.008299589,0.010526419,0.014559269
Classical QLSTM gates,10,16,0.80970716,0.80543154,0.81000364,0.8203719,0.0052133970893919,0.00427562,0.014940381,0.0002964735
Classical QLSTM gates,10,16,0.8199276,0.80611366,0.80970716,0.8319933,0.0052133970893919,0.013813913,0.025879622,0.010220408
Classical QLSTM gates,10,16,0.82799983,0.8169696,0.8199276,0.8294752,0.0052133970893919,0.011030257,0.0125056505,0.008072257
Classical QLSTM gates,10,16,0.828294,0.82481086,0.82799983,0.8219822,0.0052133970893919,0.0034831166,0.0028286576,0.00029414892
Classical QLSTM gates,10,16,0.82578194,0.8251093,0.828294,0.8228044,0.0052133970893919,0.0006726384,0.0023049116,0.0025120378
Classical QLSTM gates,10,16,0.8233431,0.82158685,0.82578194,0.8239294,0.0052133970893919,0.0017562509,0.0023425817,0.0024388433
Classical QLSTM gates,10,16,0.8192738,0.8191046,0.8233431,0.8179935,0.0052133970893919,0.00016921759,0.0011110902,0.0040692687
Classical QLSTM gates,10,16,0.8171632,0.8142107,0.8192738,0.81704307,0.0052133970893919,0.002952516,0.002832353,0.0021106005
Classical QLSTM gates,10,16,0.8129161,0.81265616,0.8171632,0.8111669,0.0052133970893919,0.00025993586,0.0014892817,0.004247129
Classical QLSTM gates,10,16,0.8064882,0.8067449,0.8129161,0.8044414,0.0052133970893919,0.0002566576,0.002303481,0.006427884
Classical attention circuits,10,9,0.8803733,0.87574834,0.8831095,0.8864931,0.0052133970893919,0.004624963,0.0107447505,0.0027362108
Classical attention circuits,10,9,0.882756,0.8734635,0.8803733,0.8889019,0.0052133970893919,0.009292483,0.015438378,0.0023826957
Classical attention circuits,10,9,0.886451,0.87609506,0.882756,0.8892149,0.0052133970893919,0.010355949,0.013119817,0.0036950111
Classical attention circuits,10,9,0.88154984,0.88029146,0.886451,0.8764013,0.0052133970893919,0.0012583733,0.0038901567,0.0049011707
Classical attention circuits,10,9,0.8746258,0.8762409,0.88154984,0.8715485,0.0052133970893919,0.0016151071,0.0046924353,0.006924033
Classical attention circuits,10,9,0.8661246,0.86932117,0.8746258,0.8645739,0.0052133970893919,0.003196597,0.0047472715,0.008501232
Classical attention circuits,10,9,0.85735464,0.86042887,0.8661246,0.8566824,0.0052133970893919,0.0030742288,0.00374645,0.008769929
Classical attention circuits,10,9,0.854717,0.85185355,0.85735464,0.85852975,0.0052133970893919,0.0028634667,0.006676197,0.0026376247
Classical attention circuits,10,9,0.84572226,0.84938574,0.854717,0.8420812,0.0052133970893919,0.0036634803,0.007304549,0.008994758
Classical attention circuits,10,9,0.83779526,0.84039193,0.84572226,0.83690023,0.0052133970893919,0.0025966763,0.0034916997,0.0079270005
Classical attention circuits,10,9,0.82661873,0.83185095,0.83779526,0.8241729,0.0052133970893919,0.005232215,0.007678032,0.011176527
Classical attention circuits,10,9,0.8176615,0.8215826,0.82661873,0.8185275,0.0052133970893919,0.0039210916,0.0030550957,0.008957207
Classical attention circuits,10,9,0.7969155,0.8122056,0.8176615,0.7883405,0.0052133970893919,0.015290141,0.023865104,0.020746052
Classical attention circuits,10,9,0.7757072,0.79223204,0.7969155,0.7712677,0.0052133970893919,0.016524851,0.020964324,0.021208286
Classical attention circuits,10,9,0.768979,0.7729918,0.7757072,0.7787166,0.0052133970893919,0.0040127635,0.0057248473,0.0067281723
Classical attention circuits,10,9,0.76502067,0.7663876,0.768979,0.77129984,0.0052133970893919,0.0013669133,0.004912257,0.0039583445
Classical attention circuits,10,9,0.76620495,0.7628031,0.76502067,0.7712239,0.0052133970893919,0.0034018755,0.008420825,0.0011842847
Classical attention circuits,10,9,0.7646782,0.7633728,0.76620495,0.76391375,0.0052133970893919,0.0013054013,0.00054097176,0.001526773
Classical attention circuits,10,9,0.7673154,0.76102483,0.7646782,0.7711122,0.0052133970893919,0.006290555,0.010087371,0.0026372075
Classical attention circuits,10,9,0.7639789,0.76333964,0.7673154,0.76222354,0.0052133970893919,0.0006392598,0.001116097,0.0033364892
Classical attention circuits,10,9,0.75282097,0.76028734,0.7639789,0.745776,0.0052133970893919,0.007466376,0.014511347,0.01115793
Classical attention circuits,10,9,0.7481179,0.74880195,0.75282097,0.75015444,0.0052133970893919,0.0006840229,0.001352489,0.004703045
Classical attention circuits,10,9,0.74132943,0.7448189,0.7481179,0.7413376,0.0052133970893919,0.0034894943,0.0034813285,0.006788492
Classical attention circuits,10,16,0.883452,0.8853108,0.8934387,0.8818277,0.0052133970893919,0.0018588305,0.0034831166,0.009986699
Classical attention circuits,10,16,0.8628266,0.87561744,0.883452,0.85351205,0.0052133970893919,0.012790859,0.022105396,0.020625412
Classical attention circuits,10,16,0.8497043,0.8556335,0.8628266,0.85120857,0.0052133970893919,0.005929172,0.0044249296,0.013122261
Classical attention circuits,10,16,0.8441118,0.84372944,0.8497043,0.85171896,0.0052133970893919,0.0003823638,0.007989526,0.005592525
Classical attention circuits,10,16,0.8407491,0.8395656,0.8441118,0.84525865,0.0052133970893919,0.0011835098,0.005693078,0.0033627152
Classical attention circuits,10,16,0.84131515,0.8369448,0.8407491,0.8445039,0.0052133970893919,0.0043703318,0.007559061,0.0005660653
Classical attention circuits,10,16,0.84279734,0.8370051,0.84131515,0.8447513,0.0052133970893919,0.00579226,0.0077462196,0.0014821887
Classical attention circuits,10,16,0.8445251,0.837981,0.84279734,0.84667486,0.0052133970893919,0.006544113,0.008693874,0.0017277598
Classical attention circuits,10,16,0.84500784,0.83939826,0.8445251,0.8452644,0.0052133970893919,0.005609572,0.0058661103,0.00048273802
Classical attention circuits,10,16,0.8450863,0.8398175,0.84500784,0.8446674,0.0052133970893919,0.0052687526,0.004849851,7.843971e-05
Classical attention circuits,10,16,0.8434499,0.83987206,0.8450863,0.8422364,0.0052133970893919,0.0035778284,0.0023643374,0.0016363859
Classical attention circuits,10,16,0.8245629,0.83831817,0.8434499,0.8112598,0.0052133970893919,0.013755262,0.027058363,0.018886983
Classical attention circuits,10,16,0.81000364,0.81879383,0.8245629,0.8077768,0.0052133970893919,0.008790195,0.0110170245,0.014559269
Classical attention circuits,10,16,0.80970716,0.8057109,0.81000364,0.8203719,0.0052133970893919,0.003996253,0.014661014,0.0002964735
Classical attention circuits,10,16,0.8199276,0.80680853,0.80970716,0.8319933,0.0052133970893919,0.013119042,0.02518475,0.010220408
Classical attention circuits,10,16,0.82799983,0.8174315,0.8199276,0.8294752,0.0052133970893919,0.010568321,0.0120437145,0.008072257
Classical attention circuits,10,16,0.828294,0.8250123,0.82799983,0.8219822,0.0052133970893919,0.003281653,0.0030301213,0.00029414892
Classical attention circuits,10,16,0.82578194,0.82476074,0.828294,0.8228044,0.0052133970893919,0.0010212064,0.0019563437,0.0025120378
Classical attention circuits,10,16,0.8233431,0.8217711,0.82578194,0.8239294,0.0052133970893919,0.0015720129,0.0021583438,0.0024388433
Classical attention circuits,10,16,0.8192738,0.8189932,0.8233431,0.8179935,0.0052133970893919,0.00028061867,0.0009996891,0.0040692687
Classical attention circuits,10,16,0.8171632,0.8152151,0.8192738,0.81704307,0.0052133970893919,0.0019481182,0.0018279552,0.0021106005
Classical attention circuits,10,16,0.8129161,0.812747,0.8171632,0.8111669,0.0052133970893919,0.00016909838,0.0015801191,0.004247129
Classical attention circuits,10,16,0.8064882,0.80859226,0.8129161,0.8044414,0.0052133970893919,0.002104044,0.0041508675,0.006427884
Classical VQR circuit,10,9,0.8803733,0.8749553,0.8831095,0.8864931,0.0052133970893919,0.0054180026,0.01153779,0.0027362108
Classical VQR circuit,10,9,0.882756,0.8733288,0.8803733,0.8889019,0.0052133970893919,0.00942719,0.015573084,0.0023826957
Classical VQR circuit,10,9,0.886451,0.87655896,0.882756,0.8892149,0.0052133970893919,0.009892046,0.012655914,0.0036950111
Classical VQR circuit,10,9,0.88154984,0.8804609,0.886451,0.8764013,0.0052133970893919,0.0010889173,0.0040596128,0.0049011707
Classical VQR circuit,10,9,0.8746258,0.8764777,0.88154984,0.8715485,0.0052133970893919,0.0018519163,0.0049292445,0.006924033
Classical VQR circuit,10,9,0.8661246,0.86975354,0.8746258,0.8645739,0.0052133970893919,0.0036289692,0.0051796436,0.008501232
Classical VQR circuit,10,9,0.85735464,0.8603526,0.8661246,0.8566824,0.0052133970893919,0.0029979348,0.003670156,0.008769929
Classical VQR circuit,10,9,0.854717,0.8517537,0.85735464,0.85852975,0.0052133970893919,0.0029633045,0.006776035,0.0026376247
Classical VQR circuit,10,9,0.84572226,0.8496816,0.854717,0.8420812,0.0052133970893919,0.0039593577,0.0076004267,0.008994758
Classical VQR circuit,10,9,0.83779526,0.8404225,0.84572226,0.83690023,0.0052133970893919,0.0026272535,0.0035222769,0.0079270005
Classical VQR circuit,10,9,0.82661873,0.8314836,0.83779526,0.8241729,0.0052133970893919,0.0048648715,0.0073106885,0.011176527
Classical VQR circuit,10,9,0.8176615,0.82170606,0.82661873,0.8185275,0.0052133970893919,0.004044533,0.003178537,0.008957207
Classical VQR circuit,10,9,0.7969155,0.8126637,0.8176615,0.7883405,0.0052133970893919,0.015748203,0.024323165,0.020746052
Classical VQR circuit,10,9,0.7757072,0.7923033,0.7969155,0.7712677,0.0052133970893919,0.016596138,0.021035612,0.021208286
Classical VQR circuit,10,9,0.768979,0.7730028,0.7757072,0.7787166,0.0052133970893919,0.0040237904,0.0057138205,0.0067281723
Classical VQR circuit,10,9,0.76502067,0.7657844,0.768979,0.77129984,0.0052133970893919,0.0007637143,0.005515456,0.0039583445
Classical VQR circuit,10,9,0.76620495,0.762453,0.76502067,0.7712239,0.0052133970893919,0.0037519336,0.008770883,0.0011842847
Classical VQR circuit,10,9,0.7646782,0.7634054,0.76620495,0.76391375,0.0052133970893919,0.0012727976,0.000508368,0.001526773
Classical VQR circuit,10,9,0.7673154,0.76024264,0.7646782,0.7711122,0.0052133970893919,0.0070727468,0.010869563,0.0026372075
Classical VQR circuit,10,9,0.7639789,0.76305187,0.7673154,0.76222354,0.0052133970893919,0.00092703104,0.00082832575,0.0033364892
Classical VQR circuit,10,9,0.75282097,0.7603974,0.7639789,0.745776,0.0052133970893919,0.007576406,0.014621377,0.01115793
Classical VQR circuit,10,9,0.7481179,0.749515,0.75282097,0.75015444,0.0052133970893919,0.0013970733,0.00063943863,0.004703045
Classical VQR circuit,10,9,0.74132943,0.74471635,0.7481179,0.7413376,0.0052133970893919,0.0033869147,0.003378749,0.006788492
Classical VQR circuit,10,16,0.883452,0.8852667,0.8934387,0.8818277,0.0052133970893919,0.001814723,0.0034390092,0.009986699
Classical VQR circuit,10,16,0.8628266,0.87563694,0.883452,0.85351205,0.0052133970893919,0.012810349,0.022124887,0.020625412
Classical VQR circuit,10,16,0.8497043,0.85497177,0.8628266,0.85120857,0.0052133970893919,0.0052674413,0.0037631989,0.013122261
Classical VQR circuit,10,16,0.8441118,0.8431542,0.8497043,0.85171896,0.0052133970893919,0.0009576082,0.00856477,0.005592525
Classical VQR circuit,10,16,0.8407491,0.8401843,0.8441118,0.84525865,0.0052133970893919,0.0005648136,0.005074382,0.0033627152
Classical VQR circuit,10,16,0.84131515,0.8372716,0.8407491,0.8445039,0.0052133970893919,0.004043579,0.0072323084,0.0005660653
Classical VQR circuit,10,16,0.84279734,0.8371573,0.84131515,0.8447513,0.0052133970893919,0.00564003,0.0075939894,0.0014821887
Classical VQR circuit,10,16,0.8445251,0.8376863,0.84279734,0.84667486,0.0052133970893919,0.0068387985,0.008988559,0.0017277598
Classical VQR circuit,10,16,0.84500784,0.83937997,0.8445251,0.8452644,0.0052133970893919,0.0056278706,0.005884409,0.00048273802
Classical VQR circuit,10,16,0.8450863,0.8398101,0.84500784,0.8446674,0.0052133970893919,0.005276203,0.0048573017,7.843971e-05
Classical VQR circuit,10,16,0.8434499,0.8401903,0.8450863,0.8422364,0.0052133970893919,0.0032595992,0.0020461082,0.0016363859
Classical VQR circuit,10,16,0.8245629,0.83874136,0.8434499,0.8112598,0.0052133970893919,0.014178455,0.027481556,0.018886983
Classical VQR circuit,10,16,0.81000364,0.81910586,0.8245629,0.8077768,0.0052133970893919,0.009102225,0.011329055,0.014559269
Classical VQR circuit,10,16,0.80970716,0.8062481,0.81000364,0.8203719,0.0052133970893919,0.0034590364,0.014123797,0.0002964735
Classical VQR circuit,10,16,0.8199276,0.80703235,0.80970716,0.8319933,0.0052133970893919,0.0128952265,0.024960935,0.010220408
Classical VQR circuit,10,16,0.82799983,0.81788826,0.8199276,0.8294752,0.0052133970893919,0.01011157,0.011586964,0.008072257
Classical VQR circuit,10,16,0.828294,0.82514924,0.82799983,0.8219822,0.0052133970893919,0.003144741,0.0031670332,0.00029414892
Classical VQR circuit,10,16,0.82578194,0.82487184,0.828294,0.8228044,0.0052133970893919,0.0009101033,0.0020674467,0.0025120378
Classical VQR circuit,10,16,0.8233431,0.82187617,0.82578194,0.8239294,0.0052133970893919,0.0014669299,0.0020532608,0.0024388433
Classical VQR circuit,10,16,0.8192738,0.8188878,0.8233431,0.8179935,0.0052133970893919,0.00038599968,0.0008943081,0.0040692687
Classical VQR circuit,10,16,0.8171632,0.8154997,0.8192738,0.81704307,0.0052133970893919,0.001663506,0.0015433431,0.0021106005
Classical VQR circuit,10,16,0.8129161,0.8127511,0.8171632,0.8111669,0.0052133970893919,0.00016498566,0.0015842319,0.004247129
Classical VQR circuit,10,16,0.8064882,0.8086719,0.8129161,0.8044414,0.0052133970893919,0.0021836758,0.0042304993,0.006427884
All circuits classical,10,9,0.8803733,0.87462693,0.8831095,0.8864931,0.0052133970893919,0.0057463646,0.011866152,0.0027362108
All circuits classical,10,9,0.882756,0.8731052,0.8803733,0.8889019,0.0052133970893919,0.009650767,0.015796661,0.0023826957
All circuits classical,10,9,0.886451,0.876982,0.882756,0.8892149,0.0052133970893919,0.009469032,0.0122329,0.0036950111
All circuits classical,10,9,0.88154984,0.88164407,0.886451,0.8764013,0.0052133970893919,9.423494e-05,0.005242765,0.0049011707
All circuits classical,10,9,0.8746258,0.8768613,0.88154984,0.8715485,0.0052133970893919,0.0022354722,0.0053128004,0.006924033
All circuits classical,10,9,0.8661246,0.8700485,0.8746258,0.8645739,0.0052133970893919,0.0039239526,0.005474627,0.008501232
All circuits classical,10,9,0.85735464,0.8615127,0.8661246,0.8566824,0.0052133970893919,0.0041580796,0.004830301,0.008769929
All circuits classical,10,9,0.854717,0.8529351,0.85735464,0.85852975,0.0052133970893919,0.0017819405,0.005594671,0.0026376247
All circuits classical,10,9,0.84572226,0.8492717,0.854717,0.8420812,0.0052133970893919,0.0035494566,0.0071905255,0.008994758
All circuits classical,10,9,0.83779526,0.8400019,0.84572226,0.83690023,0.0052133970893919,0.0022066236,0.003101647,0.0079270005
All circuits classical,10,9,0.82661873,0.8313602,0.83779526,0.8241729,0.0052133970893919,0.00474149,0.007187307,0.011176527
All circuits classical,10,9,0.8176615,0.8204073,0.82661873,0.8185275,0.0052133970893919,0.0027457476,0.0018797517,0.008957207
All circuits classical,10,9,0.7969155,0.8121372,0.8176615,0.7883405,0.0052133970893919,0.015221715,0.023796678,0.020746052
All circuits classical,10,9,0.7757072,0.79282343,0.7969155,0.7712677,0.0052133970893919,0.017116249,0.021555722,0.021208286
All circuits classical,10,9,0.768979,0.77278185,0.7757072,0.7787166,0.0052133970893919,0.003802836,0.005934775,0.0067281723
All circuits classical,10,9,0.76502067,0.7666706,0.768979,0.77129984,0.0052133970893919,0.0016499162,0.0046292543,0.0039583445
All circuits classical,10,9,0.76620495,0.76286536,0.76502067,0.7712239,0.0052133970893919,0.0033395886,0.008358538,0.0011842847
All circuits classical,10,9,0.7646782,0.76396114,0.76620495,0.76391375,0.0052133970893919,0.0007170439,4.7385693e-05,0.001526773
All circuits classical,10,9,0.7673154,0.76179546,0.7646782,0.7711122,0.0052133970893919,0.0055199265,0.009316742,0.0026372075
All circuits classical,10,9,0.7639789,0.764625,0.7673154,0.76222354,0.0052133970893919,0.00064611435,0.0024014711,0.0033364892
All circuits classical,10,9,0.75282097,0.7603879,0.7639789,0.745776,0.0052133970893919,0.007566929,0.0146119,0.01115793
All circuits classical,10,9,0.7481179,0.7493819,0.75282097,0.75015444,0.0052133970893919,0.0012639761,0.0007725358,0.004703045
All circuits classical,10,9,0.74132943,0.7431727,0.7481179,0.7413376,0.0052133970893919,0.0018432736,0.0018351078,0.006788492
All circuits classical,10,16,0.883452,0.8843742,0.8934387,0.8818277,0.0052133970893919,0.00092220306,0.0025464892,0.009986699
All circuits classical,10,16,0.8628266,0.8755892,0.883452,0.85351205,0.0052133970893919,0.012762606,0.022077143,0.020625412
All circuits classical,10,16,0.8497043,0.85619426,0.8628266,0.85120857,0.0052133970893919,0.0064899325,0.00498569,0.013122261
All circuits classical,10,16,0.8441118,0.8442693,0.8497043,0.85171896,0.0052133970893919,0.00015747547,0.0074496865,0.005592525
All circuits classical,10,16,0.8407491,0.8394659,0.8441118,0.84525865,0.0052133970893919,0.0012831688,0.005792737,0.0033627152
All circuits classical,10,16,0.84131515,0.83663875,0.8407491,0.8445039,0.0052133970893919,0.0046764016,0.007865131,0.0005660653
All circuits classical,10,16,0.84279734,0.8373807,0.84131515,0.8447513,0.0052133970893919,0.0054166317,0.007370591,0.0014821887
All circuits classical,10,16,0.8445251,0.83908695,0.84279734,0.84667486,0.0052133970893919,0.005438149,0.0075879097,0.0017277598
All circuits classical,10,16,0.84500784,0.8398629,0.8445251,0.8452644,0.0052133970893919,0.0051449537,0.005401492,0.00048273802
All circuits classical,10,16,0.8450863,0.83964956,0.84500784,0.8446674,0.0052133970893919,0.0054367185,0.005017817,7.843971e-05
All circuits classical,10,16,0.8434499,0.8387746,0.8450863,0.8422364,0.0052133970893919,0.004675269,0.0034617782,0.0016363859
All circuits classical,10,16,0.8245629,0.83735484,0.8434499,0.8112598,0.0052133970893919,0.012791932,0.026095033,0.018886983
All circuits classical,10,16,0.81000364,0.81886804,0.8245629,0.8077768,0.0052133970893919,0.008864403,0.011091232,0.014559269
All circuits classical,10,16,0.80970716,0.80567616,0.81000364,0.8203719,0.0052133970893919,0.0040310025,0.014695764,0.0002964735
All circuits classical,10,16,0.8199276,0.8064765,0.80970716,0.8319933,0.0052133970893919,0.013451099,0.025516808,0.010220408
All circuits classical,10,16,0.82799983,0.81718284,0.8199276,0.8294752,0.0052133970893919,0.010816991,0.012292385,0.008072257
All circuits classical,10,16,0.828294,0.82526356,0.82799983,0.8219822,0.0052133970893919,0.0030304193,0.003281355,0.00029414892
All circuits classical,10,16,0.82578194,0.82534117,0.828294,0.8228044,0.0052133970893919,0.00044077635,0.0025367737,0.0025120378
All circuits classical,10,16,0.8233431,0.8219666,0.82578194,0.8239294,0.0052133970893919,0.0013765097,0.0019628406,0.0024388433
All circuits classical,10,16,0.8192738,0.81953907,0.8233431,0.8179935,0.0052133970893919,0.00026524067,0.0015455484,0.0040692687
All circuits classical,10,16,0.8171632,0.8147555,0.8192738,0.81704307,0.0052133970893919,0.0024077296,0.0022875667,0.0021106005
All circuits classical,10,16,0.8129161,0.8131776,0.8171632,0.8111669,0.0052133970893919,0.00026148558,0.002010703,0.004247129
All circuits classical,10,16,0.8064882,0.8073259,0.8129161,0.8044414,0.0052133970893919,0.0008376837,0.0028845072,0.006427884
