model,fold,veh,y,pred,anchor,raw,naive_train,ae,ae_raw,ae_pers
Persistence,1,2,0.8833677,0.89124244,0.89124244,0.8752713,0.0048712557181715,0.007874727,0.015971124,0.007874727
Persistence,1,2,0.8754583,0.8833677,0.8833677,0.87212044,0.0048712557181715,0.007909417,0.011247277,0.007909417
Persistence,1,2,0.87165874,0.8754583,0.8754583,0.87182397,0.0048712557181715,0.0037995577,0.0036343336,0.0037995577
Persistence,1,2,0.86922306,0.87165874,0.87165874,0.8723264,0.0048712557181715,0.0024356842,0.0006676316,0.0024356842
Persistence,1,2,0.86606306,0.86922306,0.86922306,0.8657995,0.0048712557181715,0.0031599998,0.0034235716,0.0031599998
Persistence,1,2,0.86192995,0.86606306,0.86606306,0.86035806,0.0048712557181715,0.0041331053,0.005704999,0.0041331053
Persistence,1,2,0.856751,0.86192995,0.86192995,0.8612825,0.0048712557181715,0.0051789284,0.00064742565,0.0051789284
Persistence,1,2,0.8518171,0.856751,0.856751,0.85068226,0.0048712557181715,0.0049339533,0.006068766,0.0049339533
Persistence,1,2,0.8468905,0.8518171,0.8518171,0.84458315,0.0048712557181715,0.0049265623,0.0072339177,0.0049265623
Persistence,1,2,0.8415586,0.8468905,0.8468905,0.8434805,0.0048712557181715,0.0053319335,0.0034099817,0.0053319335
Persistence,1,2,0.8350144,0.8415586,0.8415586,0.8406782,0.0048712557181715,0.0065441728,0.0008803606,0.0065441728
Persistence,1,2,0.8279475,0.8350144,0.8350144,0.8257304,0.0048712557181715,0.0070669055,0.0092840195,0.0070669055
Persistence,1,2,0.82135403,0.8279475,0.8279475,0.81345356,0.0048712557181715,0.006593466,0.014493942,0.006593466
Persistence,1,2,0.816755,0.82135403,0.82135403,0.8163983,0.0048712557181715,0.004599035,0.004955709,0.004599035
Persistence,1,2,0.8146625,0.816755,0.816755,0.81351084,0.0048712557181715,0.0020924807,0.0032441616,0.0020924807
Persistence,1,2,0.81218386,0.8146625,0.8146625,0.8176731,0.0048712557181715,0.0024786592,0.003010571,0.0024786592
Persistence,1,2,0.8092233,0.81218386,0.81218386,0.8088941,0.0048712557181715,0.0029605627,0.0032897592,0.0029605627
Persistence,1,2,0.8058564,0.8092233,0.8092233,0.8036141,0.0048712557181715,0.0033668876,0.0056092143,0.0033668876
Persistence,1,2,0.8026828,0.8058564,0.8058564,0.8030973,0.0048712557181715,0.0031735897,0.002759099,0.0031735897
Persistence,1,2,0.79961276,0.8026828,0.8026828,0.80167353,0.0048712557181715,0.0030700564,0.0010092854,0.0030700564
Persistence,1,2,0.7961583,0.79961276,0.79961276,0.7954083,0.0048712557181715,0.0034544468,0.004204452,0.0034544468
Persistence,1,2,0.7926784,0.7961583,0.7961583,0.7916841,0.0048712557181715,0.003479898,0.0044742227,0.003479898
Persistence,1,2,0.7891308,0.7926784,0.7926784,0.7898369,0.0048712557181715,0.0035476089,0.0028415322,0.0035476089
Persistence,1,19,0.8758725,0.88539356,0.88539356,0.8735683,0.0048712557181715,0.009521067,0.0118252635,0.009521067
Persistence,1,19,0.8693897,0.8758725,0.8758725,0.8690182,0.0048712557181715,0.00648278,0.0068542957,0.00648278
Persistence,1,19,0.86273646,0.8693897,0.8693897,0.8727613,0.0048712557181715,0.0066532493,0.0033715963,0.0066532493
Persistence,1,19,0.85660404,0.86273646,0.86273646,0.8516162,0.0048712557181715,0.006132424,0.01112026,0.006132424
Persistence,1,19,0.8508632,0.85660404,0.85660404,0.8481611,0.0048712557181715,0.0057408214,0.008442938,0.0057408214
Persistence,1,19,0.84841233,0.8508632,0.8508632,0.84774715,0.0048712557181715,0.0024508834,0.0031160712,0.0024508834
Persistence,1,19,0.84796506,0.84841233,0.84841233,0.848996,0.0048712557181715,0.00044727325,0.0005836487,0.00044727325
Persistence,1,19,0.8478646,0.84796506,0.84796506,0.84651417,0.0048712557181715,0.00010043383,0.0014508963,0.00010043383
Persistence,1,19,0.8459999,0.8478646,0.8478646,0.8491494,0.0048712557181715,0.0018647313,0.0012847781,0.0018647313
Persistence,1,19,0.84105575,0.8459999,0.8459999,0.8456575,0.0048712557181715,0.0049441457,0.00034236908,0.0049441457
Persistence,1,19,0.8327085,0.84105575,0.84105575,0.8345627,0.0048712557181715,0.008347273,0.006493032,0.008347273
Persistence,1,19,0.82435083,0.8327085,0.8327085,0.8166507,0.0048712557181715,0.008357644,0.01605779,0.008357644
Persistence,1,19,0.8181323,0.82435083,0.82435083,0.8150793,0.0048712557181715,0.0062185526,0.009271562,0.0062185526
Persistence,1,19,0.81524485,0.8181323,0.8181323,0.8160987,0.0048712557181715,0.0028874278,0.0020335913,0.0028874278
Persistence,1,19,0.81297284,0.81524485,0.81524485,0.8152849,0.0048712557181715,0.0022720098,4.005432e-05,0.0022720098
Persistence,1,19,0.80787355,0.81297284,0.81297284,0.8114515,0.0048712557181715,0.0050992966,0.001521349,0.0050992966
Persistence,1,19,0.8005908,0.80787355,0.80787355,0.80045074,0.0048712557181715,0.007282734,0.007422805,0.007282734
Persistence,1,19,0.79390943,0.8005908,0.8005908,0.78979313,0.0048712557181715,0.0066813827,0.010797679,0.0066813827
Persistence,1,19,0.79001856,0.79390943,0.79390943,0.7861868,0.0048712557181715,0.003890872,0.007722616,0.003890872
Persistence,1,19,0.78828615,0.79001856,0.79001856,0.79020286,0.0048712557181715,0.001732409,0.00018429756,0.001732409
Persistence,1,19,0.78522164,0.78828615,0.78828615,0.78965634,0.0048712557181715,0.0030645132,0.0013701916,0.0030645132
Persistence,1,19,0.7817387,0.78522164,0.78522164,0.783259,0.0048712557181715,0.0034829378,0.0019626617,0.0034829378
Persistence,1,19,0.7778757,0.7817387,0.7817387,0.7744164,0.0048712557181715,0.003862977,0.0073223114,0.003862977
MQAttn-LSTM-VQR,1,2,0.8833677,0.8851569,0.89124244,0.8752713,0.0048712557181715,0.0017892122,0.009885609,0.007874727
MQAttn-LSTM-VQR,1,2,0.8754583,0.8778921,0.8833677,0.87212044,0.0048712557181715,0.0024337769,0.005771637,0.007909417
MQAttn-LSTM-VQR,1,2,0.87165874,0.8711076,0.8754583,0.87182397,0.0048712557181715,0.00055116415,0.0007163882,0.0037995577
MQAttn-LSTM-VQR,1,2,0.86922306,0.8655157,0.87165874,0.8723264,0.0048712557181715,0.0037073493,0.006810665,0.0024356842
MQAttn-LSTM-VQR,1,2,0.86606306,0.8633253,0.86922306,0.8657995,0.0048712557181715,0.0027377605,0.0024741888,0.0031599998
MQAttn-LSTM-VQR,1,2,0.86192995,0.86261094,0.86606306,0.86035806,0.0048712557181715,0.00068098307,0.0022528768,0.0041331053
MQAttn-LSTM-VQR,1,2,0.856751,0.8584046,0.86192995,0.8612825,0.0048712557181715,0.001653552,0.0028779507,0.0051789284
MQAttn-LSTM-VQR,1,2,0.8518171,0.85348064,0.856751,0.85068226,0.0048712557181715,0.0016635656,0.0027983785,0.0049339533
MQAttn-LSTM-VQR,1,2,0.8468905,0.84798306,0.8518171,0.84458315,0.0048712557181715,0.0010925531,0.0033999085,0.0049265623
MQAttn-LSTM-VQR,1,2,0.8415586,0.8428241,0.8468905,0.8434805,0.0048712557181715,0.0012655258,0.00065642595,0.0053319335
MQAttn-LSTM-VQR,1,2,0.8350144,0.8377515,0.8415586,0.8406782,0.0048712557181715,0.002737105,0.0029267073,0.0065441728
MQAttn-LSTM-VQR,1,2,0.8279475,0.83131754,0.8350144,0.8257304,0.0048712557181715,0.0033700466,0.0055871606,0.0070669055
MQAttn-LSTM-VQR,1,2,0.82135403,0.824074,0.8279475,0.81345356,0.0048712557181715,0.0027199388,0.010620415,0.006593466
MQAttn-LSTM-VQR,1,2,0.816755,0.8177784,0.82135403,0.8163983,0.0048712557181715,0.0010234118,0.001380086,0.004599035
MQAttn-LSTM-VQR,1,2,0.8146625,0.8132043,0.816755,0.81351084,0.0048712557181715,0.0014582276,0.0003065467,0.0020924807
MQAttn-LSTM-VQR,1,2,0.81218386,0.8109017,0.8146625,0.8176731,0.0048712557181715,0.0012821555,0.0067713857,0.0024786592
MQAttn-LSTM-VQR,1,2,0.8092233,0.80839187,0.81218386,0.8088941,0.0048712557181715,0.0008314252,0.00050222874,0.0029605627
MQAttn-LSTM-VQR,1,2,0.8058564,0.80518776,0.8092233,0.8036141,0.0048712557181715,0.0006686449,0.0015736818,0.0033668876
MQAttn-LSTM-VQR,1,2,0.8026828,0.8021912,0.8058564,0.8030973,0.0048712557181715,0.0004916191,0.0009061098,0.0031735897
MQAttn-LSTM-VQR,1,2,0.79961276,0.7986147,0.8026828,0.80167353,0.0048712557181715,0.0009980798,0.0030588508,0.0030700564
MQAttn-LSTM-VQR,1,2,0.7961583,0.79593027,0.79961276,0.7954083,0.0048712557181715,0.00022804737,0.0005219579,0.0034544468
MQAttn-LSTM-VQR,1,2,0.7926784,0.79222834,0.7961583,0.7916841,0.0048712557181715,0.00045007467,0.00054425,0.003479898
MQAttn-LSTM-VQR,1,2,0.7891308,0.78883916,0.7926784,0.7898369,0.0048712557181715,0.00029164553,0.0009977221,0.0035476089
MQAttn-LSTM-VQR,1,19,0.8758725,0.8793447,0.88539356,0.8735683,0.0048712557181715,0.003472209,0.0057764053,0.009521067
MQAttn-LSTM-VQR,1,19,0.8693897,0.86995333,0.8758725,0.8690182,0.0048712557181715,0.0005636215,0.0009351373,0.00648278
MQAttn-LSTM-VQR,1,19,0.86273646,0.86342704,0.8693897,0.8727613,0.0048712557181715,0.0006905794,0.009334266,0.0066532493
MQAttn-LSTM-VQR,1,19,0.85660404,0.85753614,0.86273646,0.8516162,0.0048712557181715,0.00093209743,0.0059199333,0.006132424
MQAttn-LSTM-VQR,1,19,0.8508632,0.8517029,0.85660404,0.8481611,0.0048712557181715,0.00083971024,0.0035418272,0.0057408214
MQAttn-LSTM-VQR,1,19,0.84841233,0.84746826,0.8508632,0.84774715,0.0048712557181715,0.00094407797,0.00027889013,0.0024508834
MQAttn-LSTM-VQR,1,19,0.84796506,0.8449448,0.84841233,0.848996,0.0048712557181715,0.0030202866,0.0040512085,0.00044727325
MQAttn-LSTM-VQR,1,19,0.8478646,0.8443253,0.84796506,0.84651417,0.0048712557181715,0.0035393238,0.0021888614,0.00010043383
MQAttn-LSTM-VQR,1,19,0.8459999,0.84408563,0.8478646,0.8491494,0.0048712557181715,0.0019142628,0.005063772,0.0018647313
MQAttn-LSTM-VQR,1,19,0.84105575,0.8424084,0.8459999,0.8456575,0.0048712557181715,0.0013526678,0.0032491088,0.0049441457
MQAttn-LSTM-VQR,1,19,0.8327085,0.8372285,0.84105575,0.8345627,0.0048712557181715,0.004519999,0.0026657581,0.008347273
MQAttn-LSTM-VQR,1,19,0.82435083,0.829016,0.8327085,0.8166507,0.0048712557181715,0.0046651363,0.012365282,0.008357644
MQAttn-LSTM-VQR,1,19,0.8181323,0.8203745,0.82435083,0.8150793,0.0048712557181715,0.0022422075,0.005295217,0.0062185526
MQAttn-LSTM-VQR,1,19,0.81524485,0.8143286,0.8181323,0.8160987,0.0048712557181715,0.0009162426,0.0017700791,0.0028874278
MQAttn-LSTM-VQR,1,19,0.81297284,0.8112931,0.81524485,0.8152849,0.0048712557181715,0.0016797185,0.0039917827,0.0022720098
MQAttn-LSTM-VQR,1,19,0.80787355,0.80889946,0.81297284,0.8114515,0.0048712557181715,0.0010259151,0.0025520325,0.0050992966
MQAttn-LSTM-VQR,1,19,0.8005908,0.80416304,0.80787355,0.80045074,0.0048712557181715,0.0035722256,0.0037122965,0.007282734
MQAttn-LSTM-VQR,1,19,0.79390943,0.7967623,0.8005908,0.78979313,0.0048712557181715,0.002852857,0.006969154,0.0066813827
MQAttn-LSTM-VQR,1,19,0.79001856,0.7899517,0.79390943,0.7861868,0.0048712557181715,6.687641e-05,0.0037648678,0.003890872
MQAttn-LSTM-VQR,1,19,0.78828615,0.7867039,0.79001856,0.79020286,0.0048712557181715,0.0015822649,0.0034989715,0.001732409
MQAttn-LSTM-VQR,1,19,0.78522164,0.78489906,0.78828615,0.78965634,0.0048712557181715,0.00032258034,0.004757285,0.0030645132
MQAttn-LSTM-VQR,1,19,0.7817387,0.7816971,0.78522164,0.783259,0.0048712557181715,4.1604042e-05,0.0015618801,0.0034829378
MQAttn-LSTM-VQR,1,19,0.7778757,0.7779338,0.7817387,0.7744164,0.0048712557181715,5.8054924e-05,0.0035173893,0.003862977
MQAttn-LSTM-VQR classical twin,1,2,0.8833677,0.8862378,0.89124244,0.8752713,0.0048712557181715,0.0028700829,0.01096648,0.007874727
MQAttn-LSTM-VQR classical twin,1,2,0.8754583,0.87814885,0.8833677,0.87212044,0.0048712557181715,0.0026905537,0.006028414,0.007909417
MQAttn-LSTM-VQR classical twin,1,2,0.87165874,0.8700537,0.8754583,0.87182397,0.0048712557181715,0.0016050339,0.001770258,0.0037995577
MQAttn-LSTM-VQR classical twin,1,2,0.86922306,0.8668313,0.87165874,0.8723264,0.0048712557181715,0.0023917556,0.0054950714,0.0024356842
MQAttn-LSTM-VQR classical twin,1,2,0.86606306,0.8649569,0.86922306,0.8657995,0.0048712557181715,0.001106143,0.00084257126,0.0031599998
MQAttn-LSTM-VQR classical twin,1,2,0.86192995,0.86136323,0.86606306,0.86035806,0.0048712557181715,0.00056672096,0.0010051727,0.0041331053
MQAttn-LSTM-VQR classical twin,1,2,0.856751,0.859076,0.86192995,0.8612825,0.0048712557181715,0.0023249984,0.0022065043,0.0051789284
MQAttn-LSTM-VQR classical twin,1,2,0.8518171,0.8534964,0.856751,0.85068226,0.0048712557181715,0.0016793013,0.002814114,0.0049339533
MQAttn-LSTM-VQR classical twin,1,2,0.8468905,0.8466164,0.8518171,0.84458315,0.0048712557181715,0.00027412176,0.0020332336,0.0049265623
MQAttn-LSTM-VQR classical twin,1,2,0.8415586,0.84166497,0.8468905,0.8434805,0.0048712557181715,0.00010639429,0.0018155575,0.0053319335
MQAttn-LSTM-VQR classical twin,1,2,0.8350144,0.8365491,0.8415586,0.8406782,0.0048712557181715,0.0015347004,0.0041291118,0.0065441728
MQAttn-LSTM-VQR classical twin,1,2,0.8279475,0.82948196,0.8350144,0.8257304,0.0048712557181715,0.001534462,0.003751576,0.0070669055
MQAttn-LSTM-VQR classical twin,1,2,0.82135403,0.8232488,0.8279475,0.81345356,0.0048712557181715,0.001894772,0.0097952485,0.006593466
MQAttn-LSTM-VQR classical twin,1,2,0.816755,0.818281,0.82135403,0.8163983,0.0048712557181715,0.0015259981,0.0018826723,0.004599035
MQAttn-LSTM-VQR classical twin,1,2,0.8146625,0.81406367,0.816755,0.81351084,0.0048712557181715,0.00059884787,0.0005528331,0.0020924807
MQAttn-LSTM-VQR classical twin,1,2,0.81218386,0.8111387,0.8146625,0.8176731,0.0048712557181715,0.0010451674,0.0065343976,0.0024786592
MQAttn-LSTM-VQR classical twin,1,2,0.8092233,0.80846626,0.81218386,0.8088941,0.0048712557181715,0.0007570386,0.00042784214,0.0029605627
MQAttn-LSTM-VQR classical twin,1,2,0.8058564,0.8057314,0.8092233,0.8036141,0.0048712557181715,0.00012499094,0.0021173358,0.0033668876
MQAttn-LSTM-VQR classical twin,1,2,0.8026828,0.8021333,0.8058564,0.8030973,0.0048712557181715,0.0005494952,0.0009639859,0.0031735897
MQAttn-LSTM-VQR classical twin,1,2,0.79961276,0.7989371,0.8026828,0.80167353,0.0048712557181715,0.00067567825,0.0027364492,0.0030700564
MQAttn-LSTM-VQR classical twin,1,2,0.7961583,0.7949561,0.79961276,0.7954083,0.0048712557181715,0.0012022257,0.00045222044,0.0034544468
MQAttn-LSTM-VQR classical twin,1,2,0.7926784,0.7918997,0.7961583,0.7916841,0.0048712557181715,0.0007787347,0.00021559,0.003479898
MQAttn-LSTM-VQR classical twin,1,2,0.7891308,0.7871429,0.7926784,0.7898369,0.0048712557181715,0.001987934,0.0026940107,0.0035476089
MQAttn-LSTM-VQR classical twin,1,19,0.8758725,0.8790954,0.88539356,0.8735683,0.0048712557181715,0.0032228827,0.005527079,0.009521067
MQAttn-LSTM-VQR classical twin,1,19,0.8693897,0.87026215,0.8758725,0.8690182,0.0048712557181715,0.0008724332,0.0012439489,0.00648278
MQAttn-LSTM-VQR classical twin,1,19,0.86273646,0.862871,0.8693897,0.8727613,0.0048712557181715,0.00013452768,0.009890318,0.0066532493
MQAttn-LSTM-VQR classical twin,1,19,0.85660404,0.8563463,0.86273646,0.8516162,0.0048712557181715,0.00025773048,0.0047301054,0.006132424
MQAttn-LSTM-VQR classical twin,1,19,0.8508632,0.8498935,0.85660404,0.8481611,0.0048712557181715,0.00096970797,0.001732409,0.0057408214
MQAttn-LSTM-VQR classical twin,1,19,0.84841233,0.8462279,0.8508632,0.84774715,0.0048712557181715,0.0021844506,0.0015192628,0.0024508834
MQAttn-LSTM-VQR classical twin,1,19,0.84796506,0.8446944,0.84841233,0.848996,0.0048712557181715,0.0032706857,0.0043016076,0.00044727325
MQAttn-LSTM-VQR classical twin,1,19,0.8478646,0.8452809,0.84796506,0.84651417,0.0048712557181715,0.0025837421,0.0012332797,0.00010043383
MQAttn-LSTM-VQR classical twin,1,19,0.8459999,0.8446706,0.8478646,0.8491494,0.0048712557181715,0.0013293028,0.004478812,0.0018647313
MQAttn-LSTM-VQR classical twin,1,19,0.84105575,0.8392212,0.8459999,0.8456575,0.0048712557181715,0.0018345714,0.006436348,0.0049441457
MQAttn-LSTM-VQR classical twin,1,19,0.8327085,0.83598524,0.84105575,0.8345627,0.0048712557181715,0.0032767653,0.0014225245,0.008347273
MQAttn-LSTM-VQR classical twin,1,19,0.82435083,0.82814264,0.8327085,0.8166507,0.0048712557181715,0.003791809,0.011491954,0.008357644
MQAttn-LSTM-VQR classical twin,1,19,0.8181323,0.81978285,0.82435083,0.8150793,0.0048712557181715,0.0016505718,0.0047035813,0.0062185526
MQAttn-LSTM-VQR classical twin,1,19,0.81524485,0.8141731,0.8181323,0.8160987,0.0048712557181715,0.0010717511,0.0019255877,0.0028874278
MQAttn-LSTM-VQR classical twin,1,19,0.81297284,0.81158215,0.81524485,0.8152849,0.0048712557181715,0.0013906956,0.0037027597,0.0022720098
MQAttn-LSTM-VQR classical twin,1,19,0.80787355,0.8091243,0.81297284,0.8114515,0.0048712557181715,0.0012507439,0.0023272038,0.0050992966
MQAttn-LSTM-VQR classical twin,1,19,0.8005908,0.8045369,0.80787355,0.80045074,0.0048712557181715,0.003946066,0.004086137,0.007282734
MQAttn-LSTM-VQR classical twin,1,19,0.79390943,0.79711264,0.8005908,0.78979313,0.0048712557181715,0.0032032132,0.00731951,0.0066813827
MQAttn-LSTM-VQR classical twin,1,19,0.79001856,0.78951395,0.79390943,0.7861868,0.0048712557181715,0.0005046129,0.0033271313,0.003890872
MQAttn-LSTM-VQR classical twin,1,19,0.78828615,0.7864489,0.79001856,0.79020286,0.0048712557181715,0.0018372536,0.0037539601,0.001732409
MQAttn-LSTM-VQR classical twin,1,19,0.78522164,0.783164,0.78828615,0.78965634,0.0048712557181715,0.002057612,0.0064923167,0.0030645132
MQAttn-LSTM-VQR classical twin,1,19,0.7817387,0.78094006,0.78522164,0.783259,0.0048712557181715,0.00079864264,0.0023189187,0.0034829378
MQAttn-LSTM-VQR classical twin,1,19,0.7778757,0.7761583,0.7817387,0.7744164,0.0048712557181715,0.0017174482,0.0017418861,0.003862977
MQAttn-QLSTM-VQR,1,2,0.8833677,0.88485503,0.89124244,0.8752713,0.0048712557181715,0.0014873147,0.009583712,0.007874727
MQAttn-QLSTM-VQR,1,2,0.8754583,0.87790316,0.8833677,0.87212044,0.0048712557181715,0.0024448633,0.0057827234,0.007909417
MQAttn-QLSTM-VQR,1,2,0.87165874,0.87114376,0.8754583,0.87182397,0.0048712557181715,0.00051498413,0.0006802082,0.0037995577
MQAttn-QLSTM-VQR,1,2,0.86922306,0.8658094,0.87165874,0.8723264,0.0048712557181715,0.0034136772,0.006516993,0.0024356842
MQAttn-QLSTM-VQR,1,2,0.86606306,0.8639502,0.86922306,0.8657995,0.0048712557181715,0.0021128654,0.0018492937,0.0031599998
MQAttn-QLSTM-VQR,1,2,0.86192995,0.86144954,0.86606306,0.86035806,0.0048712557181715,0.00048041344,0.0010914803,0.0041331053
MQAttn-QLSTM-VQR,1,2,0.856751,0.8580606,0.86192995,0.8612825,0.0048712557181715,0.0013095737,0.003221929,0.0051789284
MQAttn-QLSTM-VQR,1,2,0.8518171,0.853013,0.856751,0.85068226,0.0048712557181715,0.0011959076,0.0023307204,0.0049339533
MQAttn-QLSTM-VQR,1,2,0.8468905,0.84702784,0.8518171,0.84458315,0.0048712557181715,0.0001373291,0.0024446845,0.0049265623
MQAttn-QLSTM-VQR,1,2,0.8415586,0.8415302,0.8468905,0.8434805,0.0048712557181715,2.8371811e-05,0.0019503236,0.0053319335
MQAttn-QLSTM-VQR,1,2,0.8350144,0.83696145,0.8415586,0.8406782,0.0048712557181715,0.0019470453,0.0037167668,0.0065441728
MQAttn-QLSTM-VQR,1,2,0.8279475,0.8315891,0.8350144,0.8257304,0.0048712557181715,0.0036416054,0.0058587193,0.0070669055
MQAttn-QLSTM-VQR,1,2,0.82135403,0.82424724,0.8279475,0.81345356,0.0048712557181715,0.0028932095,0.010793686,0.006593466
MQAttn-QLSTM-VQR,1,2,0.816755,0.8169824,0.82135403,0.8163983,0.0048712557181715,0.00022739172,0.0005840659,0.004599035
MQAttn-QLSTM-VQR,1,2,0.8146625,0.8131968,0.816755,0.81351084,0.0048712557181715,0.0014657378,0.00031405687,0.0020924807
MQAttn-QLSTM-VQR,1,2,0.81218386,0.81090635,0.8146625,0.8176731,0.0048712557181715,0.0012775064,0.0067667365,0.0024786592
MQAttn-QLSTM-VQR,1,2,0.8092233,0.808258,0.81218386,0.8088941,0.0048712557181715,0.0009652972,0.00063610077,0.0029605627
MQAttn-QLSTM-VQR,1,2,0.8058564,0.8049547,0.8092233,0.8036141,0.0048712557181715,0.00090169907,0.0013406277,0.0033668876
MQAttn-QLSTM-VQR,1,2,0.8026828,0.80226123,0.8058564,0.8030973,0.0048712557181715,0.00042158365,0.00083607435,0.0031735897
MQAttn-QLSTM-VQR,1,2,0.79961276,0.798536,0.8026828,0.80167353,0.0048712557181715,0.0010767579,0.003137529,0.0030700564
MQAttn-QLSTM-VQR,1,2,0.7961583,0.796097,0.79961276,0.7954083,0.0048712557181715,6.133318e-05,0.00068867207,0.0034544468
MQAttn-QLSTM-VQR,1,2,0.7926784,0.79217124,0.7961583,0.7916841,0.0048712557181715,0.0005071759,0.00048714876,0.003479898
MQAttn-QLSTM-VQR,1,2,0.7891308,0.7890821,0.7926784,0.7898369,0.0048712557181715,4.8696995e-05,0.0007547736,0.0035476089
MQAttn-QLSTM-VQR,1,19,0.8758725,0.8789612,0.88539356,0.8735683,0.0048712557181715,0.0030887127,0.005392909,0.009521067
MQAttn-QLSTM-VQR,1,19,0.8693897,0.86974305,0.8758725,0.8690182,0.0048712557181715,0.00035333633,0.0007248521,0.00648278
MQAttn-QLSTM-VQR,1,19,0.86273646,0.8632178,0.8693897,0.8727613,0.0048712557181715,0.0004813075,0.009543538,0.0066532493
MQAttn-QLSTM-VQR,1,19,0.85660404,0.85862356,0.86273646,0.8516162,0.0048712557181715,0.0020195246,0.0070073605,0.006132424
MQAttn-QLSTM-VQR,1,19,0.8508632,0.85277545,0.85660404,0.8481611,0.0048712557181715,0.0019122362,0.004614353,0.0057408214
MQAttn-QLSTM-VQR,1,19,0.84841233,0.8466309,0.8508632,0.84774715,0.0048712557181715,0.0017814636,0.0011162758,0.0024508834
MQAttn-QLSTM-VQR,1,19,0.84796506,0.8446416,0.84841233,0.848996,0.0048712557181715,0.0033234358,0.0043543577,0.00044727325
MQAttn-QLSTM-VQR,1,19,0.8478646,0.8438273,0.84796506,0.84651417,0.0048712557181715,0.0040373206,0.0026868582,0.00010043383
MQAttn-QLSTM-VQR,1,19,0.8459999,0.843668,0.8478646,0.8491494,0.0048712557181715,0.0023319125,0.005481422,0.0018647313
MQAttn-QLSTM-VQR,1,19,0.84105575,0.84120834,0.8459999,0.8456575,0.0048712557181715,0.00015258789,0.0044491887,0.0049441457
MQAttn-QLSTM-VQR,1,19,0.8327085,0.83674765,0.84105575,0.8345627,0.0048712557181715,0.0040391684,0.0021849275,0.008347273
MQAttn-QLSTM-VQR,1,19,0.82435083,0.8289863,0.8327085,0.8166507,0.0048712557181715,0.004635453,0.0123355985,0.008357644
MQAttn-QLSTM-VQR,1,19,0.8181323,0.82031906,0.82435083,0.8150793,0.0048712557181715,0.0021867752,0.0052397847,0.0062185526
MQAttn-QLSTM-VQR,1,19,0.81524485,0.81487894,0.8181323,0.8160987,0.0048712557181715,0.0003659129,0.0012197495,0.0028874278
MQAttn-QLSTM-VQR,1,19,0.81297284,0.8117166,0.81524485,0.8152849,0.0048712557181715,0.0012562275,0.0035682917,0.0022720098
MQAttn-QLSTM-VQR,1,19,0.80787355,0.8095212,0.81297284,0.8114515,0.0048712557181715,0.0016476512,0.0019302964,0.0050992966
MQAttn-QLSTM-VQR,1,19,0.8005908,0.80406016,0.80787355,0.80045074,0.0048712557181715,0.003469348,0.0036094189,0.007282734
MQAttn-QLSTM-VQR,1,19,0.79390943,0.7966585,0.8005908,0.78979313,0.0048712557181715,0.0027490854,0.006865382,0.0066813827
MQAttn-QLSTM-VQR,1,19,0.79001856,0.7898194,0.79390943,0.7861868,0.0048712557181715,0.00019913912,0.003632605,0.003890872
MQAttn-QLSTM-VQR,1,19,0.78828615,0.7868523,0.79001856,0.79020286,0.0048712557181715,0.0014338493,0.003350556,0.001732409
MQAttn-QLSTM-VQR,1,19,0.78522164,0.7848787,0.78828615,0.78965634,0.0048712557181715,0.00034296513,0.00477767,0.0030645132
MQAttn-QLSTM-VQR,1,19,0.7817387,0.7811443,0.78522164,0.783259,0.0048712557181715,0.0005943775,0.0021146536,0.0034829378
MQAttn-QLSTM-VQR,1,19,0.7778757,0.77787334,0.7817387,0.7744164,0.0048712557181715,2.3841858e-06,0.0034569502,0.003862977
MQAttn-QLSTM-VQR classical twin,1,2,0.8833677,0.88428956,0.89124244,0.8752713,0.0048712557181715,0.00092184544,0.009018242,0.007874727
MQAttn-QLSTM-VQR classical twin,1,2,0.8754583,0.8772758,0.8833677,0.87212044,0.0048712557181715,0.0018175244,0.0051553845,0.007909417
MQAttn-QLSTM-VQR classical twin,1,2,0.87165874,0.87118524,0.8754583,0.87182397,0.0048712557181715,0.0004734993,0.0006387234,0.0037995577
MQAttn-QLSTM-VQR classical twin,1,2,0.86922306,0.86724323,0.87165874,0.8723264,0.0048712557181715,0.0019798279,0.0050831437,0.0024356842
MQAttn-QLSTM-VQR classical twin,1,2,0.86606306,0.865406,0.86922306,0.8657995,0.0048712557181715,0.0006570816,0.00039350986,0.0031599998
MQAttn-QLSTM-VQR classical twin,1,2,0.86192995,0.86240005,0.86606306,0.86035806,0.0048712557181715,0.00047010183,0.0020419955,0.0041331053
MQAttn-QLSTM-VQR classical twin,1,2,0.856751,0.8591715,0.86192995,0.8612825,0.0048712557181715,0.002420485,0.0021110177,0.0051789284
MQAttn-QLSTM-VQR classical twin,1,2,0.8518171,0.853835,0.856751,0.85068226,0.0048712557181715,0.0020179152,0.003152728,0.0049339533
MQAttn-QLSTM-VQR classical twin,1,2,0.8468905,0.8489605,0.8518171,0.84458315,0.0048712557181715,0.0020700097,0.004377365,0.0049265623
MQAttn-QLSTM-VQR classical twin,1,2,0.8415586,0.84420496,0.8468905,0.8434805,0.0048712557181715,0.0026463866,0.00072443485,0.0053319335
MQAttn-QLSTM-VQR classical twin,1,2,0.8350144,0.8367749,0.8415586,0.8406782,0.0048712557181715,0.0017604828,0.0039033294,0.0065441728
MQAttn-QLSTM-VQR classical twin,1,2,0.8279475,0.8297673,0.8350144,0.8257304,0.0048712557181715,0.0018197894,0.0040369034,0.0070669055
MQAttn-QLSTM-VQR classical twin,1,2,0.82135403,0.82321167,0.8279475,0.81345356,0.0048712557181715,0.0018576384,0.009758115,0.006593466
MQAttn-QLSTM-VQR classical twin,1,2,0.816755,0.81821436,0.82135403,0.8163983,0.0048712557181715,0.0014593601,0.0018160343,0.004599035
MQAttn-QLSTM-VQR classical twin,1,2,0.8146625,0.8142409,0.816755,0.81351084,0.0048712557181715,0.00042164326,0.0007300377,0.0020924807
MQAttn-QLSTM-VQR classical twin,1,2,0.81218386,0.81326836,0.8146625,0.8176731,0.0048712557181715,0.0010845065,0.0044047236,0.0024786592
MQAttn-QLSTM-VQR classical twin,1,2,0.8092233,0.81099427,0.81218386,0.8088941,0.0048712557181715,0.0017709732,0.0021001697,0.0029605627
MQAttn-QLSTM-VQR classical twin,1,2,0.8058564,0.80829245,0.8092233,0.8036141,0.0048712557181715,0.0024360418,0.0046783686,0.0033668876
MQAttn-QLSTM-VQR classical twin,1,2,0.8026828,0.8031364,0.8058564,0.8030973,0.0048712557181715,0.00045359135,3.9100647e-05,0.0031735897
MQAttn-QLSTM-VQR classical twin,1,2,0.79961276,0.7995617,0.8026828,0.80167353,0.0048712557181715,5.108118e-05,0.0021118522,0.0030700564
MQAttn-QLSTM-VQR classical twin,1,2,0.7961583,0.79517853,0.79961276,0.7954083,0.0048712557181715,0.0009797812,0.0002297759,0.0034544468
MQAttn-QLSTM-VQR classical twin,1,2,0.7926784,0.7918884,0.7961583,0.7916841,0.0048712557181715,0.00078999996,0.00020432472,0.003479898
MQAttn-QLSTM-VQR classical twin,1,2,0.7891308,0.78753686,0.7926784,0.7898369,0.0048712557181715,0.0015939474,0.002300024,0.0035476089
MQAttn-QLSTM-VQR classical twin,1,19,0.8758725,0.8787638,0.88539356,0.8735683,0.0048712557181715,0.002891302,0.0051954985,0.009521067
MQAttn-QLSTM-VQR classical twin,1,19,0.8693897,0.8695938,0.8758725,0.8690182,0.0048712557181715,0.0002040863,0.00057560205,0.00648278
MQAttn-QLSTM-VQR classical twin,1,19,0.86273646,0.86377853,0.8693897,0.8727613,0.0048712557181715,0.001042068,0.008982778,0.0066532493
MQAttn-QLSTM-VQR classical twin,1,19,0.85660404,0.8588599,0.86273646,0.8516162,0.0048712557181715,0.002255857,0.007243693,0.006132424
MQAttn-QLSTM-VQR classical twin,1,19,0.8508632,0.853759,0.85660404,0.8481611,0.0048712557181715,0.0028957725,0.0055978894,0.0057408214
MQAttn-QLSTM-VQR classical twin,1,19,0.84841233,0.848284,0.8508632,0.84774715,0.0048712557181715,0.0001283288,0.00053685904,0.0024508834
MQAttn-QLSTM-VQR classical twin,1,19,0.84796506,0.84636706,0.84841233,0.848996,0.0048712557181715,0.0015980005,0.0026289225,0.00044727325
MQAttn-QLSTM-VQR classical twin,1,19,0.8478646,0.84587985,0.84796506,0.84651417,0.0048712557181715,0.001984775,0.00063431263,0.00010043383
MQAttn-QLSTM-VQR classical twin,1,19,0.8459999,0.84453285,0.8478646,0.8491494,0.0048712557181715,0.0014670491,0.0046165586,0.0018647313
MQAttn-QLSTM-VQR classical twin,1,19,0.84105575,0.8421898,0.8459999,0.8456575,0.0048712557181715,0.001134038,0.0034677386,0.0049441457
MQAttn-QLSTM-VQR classical twin,1,19,0.8327085,0.83634186,0.84105575,0.8345627,0.0048712557181715,0.00363338,0.001779139,0.008347273
MQAttn-QLSTM-VQR classical twin,1,19,0.82435083,0.82775563,0.8327085,0.8166507,0.0048712557181715,0.0034047961,0.011104941,0.008357644
MQAttn-QLSTM-VQR classical twin,1,19,0.8181323,0.8199436,0.82435083,0.8150793,0.0048712557181715,0.0018113256,0.004864335,0.0062185526
MQAttn-QLSTM-VQR classical twin,1,19,0.81524485,0.8142107,0.8181323,0.8160987,0.0048712557181715,0.0010341406,0.0018879771,0.0028874278
MQAttn-QLSTM-VQR classical twin,1,19,0.81297284,0.8131307,0.81524485,0.8152849,0.0048712557181715,0.0001578331,0.002154231,0.0022720098
MQAttn-QLSTM-VQR classical twin,1,19,0.80787355,0.81167465,0.81297284,0.8114515,0.0048712557181715,0.0038011074,0.00022315979,0.0050992966
MQAttn-QLSTM-VQR classical twin,1,19,0.8005908,0.8060364,0.80787355,0.80045074,0.0048712557181715,0.0054455996,0.0055856705,0.007282734
MQAttn-QLSTM-VQR classical twin,1,19,0.79390943,0.79914254,0.8005908,0.78979313,0.0048712557181715,0.005233109,0.009349406,0.0066813827
MQAttn-QLSTM-VQR classical twin,1,19,0.79001856,0.79171705,0.79390943,0.7861868,0.0048712557181715,0.001698494,0.005530238,0.003890872
MQAttn-QLSTM-VQR classical twin,1,19,0.78828615,0.7858064,0.79001856,0.79020286,0.0048712557181715,0.002479732,0.0043964386,0.001732409
MQAttn-QLSTM-VQR classical twin,1,19,0.78522164,0.7838594,0.78828615,0.78965634,0.0048712557181715,0.0013622642,0.005796969,0.0030645132
MQAttn-QLSTM-VQR classical twin,1,19,0.7817387,0.7813488,0.78522164,0.783259,0.0048712557181715,0.00038987398,0.00191015,0.0034829378
MQAttn-QLSTM-VQR classical twin,1,19,0.7778757,0.7768185,0.7817387,0.7744164,0.0048712557181715,0.0010572076,0.0024021268,0.003862977
QLSTM,1,2,0.8833677,0.88648266,0.89124244,0.8752713,0.0048712557181715,0.0031149387,0.011211336,0.007874727
QLSTM,1,2,0.8754583,0.8771257,0.8833677,0.87212044,0.0048712557181715,0.0016673803,0.0050052404,0.007909417
QLSTM,1,2,0.87165874,0.868072,0.8754583,0.87182397,0.0048712557181715,0.003586769,0.0037519932,0.0037995577
QLSTM,1,2,0.86922306,0.86569905,0.87165874,0.8723264,0.0048712557181715,0.0035240054,0.0066273212,0.0024356842
QLSTM,1,2,0.86606306,0.8651971,0.86922306,0.8657995,0.0048712557181715,0.0008659363,0.00060236454,0.0031599998
QLSTM,1,2,0.86192995,0.8626128,0.86606306,0.86035806,0.0048712557181715,0.0006828308,0.0022547245,0.0041331053
QLSTM,1,2,0.856751,0.8562896,0.86192995,0.8612825,0.0048712557181715,0.00046139956,0.0049929023,0.0051789284
QLSTM,1,2,0.8518171,0.8509546,0.856751,0.85068226,0.0048712557181715,0.0008624792,0.00027233362,0.0049339533
QLSTM,1,2,0.8468905,0.84644246,0.8518171,0.84458315,0.0048712557181715,0.00044804811,0.0018593073,0.0049265623
QLSTM,1,2,0.8415586,0.841278,0.8468905,0.8434805,0.0048712557181715,0.00028055906,0.0022025108,0.0053319335
QLSTM,1,2,0.8350144,0.8364255,0.8415586,0.8406782,0.0048712557181715,0.0014110804,0.004252732,0.0065441728
QLSTM,1,2,0.8279475,0.82967305,0.8350144,0.8257304,0.0048712557181715,0.0017255545,0.0039426684,0.0070669055
QLSTM,1,2,0.82135403,0.82432365,0.8279475,0.81345356,0.0048712557181715,0.0029696226,0.010870099,0.006593466
QLSTM,1,2,0.816755,0.82081443,0.82135403,0.8163983,0.0048712557181715,0.004059434,0.004416108,0.004599035
QLSTM,1,2,0.8146625,0.8155576,0.816755,0.81351084,0.0048712557181715,0.00089508295,0.002046764,0.0020924807
QLSTM,1,2,0.81218386,0.81252223,0.8146625,0.8176731,0.0048712557181715,0.00033837557,0.0051508546,0.0024786592
QLSTM,1,2,0.8092233,0.80956876,0.81218386,0.8088941,0.0048712557181715,0.00034546852,0.000674665,0.0029605627
QLSTM,1,2,0.8058564,0.8065904,0.8092233,0.8036141,0.0048712557181715,0.0007339716,0.0029762983,0.0033668876
QLSTM,1,2,0.8026828,0.8016088,0.8058564,0.8030973,0.0048712557181715,0.0010740161,0.0014885068,0.0031735897
QLSTM,1,2,0.79961276,0.7981257,0.8026828,0.80167353,0.0048712557181715,0.0014870763,0.0035478473,0.0030700564
QLSTM,1,2,0.7961583,0.79394484,0.79961276,0.7954083,0.0048712557181715,0.002213478,0.0014634728,0.0034544468
QLSTM,1,2,0.7926784,0.7919686,0.7961583,0.7916841,0.0048712557181715,0.0007098317,0.00028449297,0.003479898
QLSTM,1,2,0.7891308,0.7863049,0.7926784,0.7898369,0.0048712557181715,0.0028259158,0.0035319924,0.0035476089
QLSTM,1,19,0.8758725,0.87785095,0.88539356,0.8735683,0.0048712557181715,0.001978457,0.0042826533,0.009521067
QLSTM,1,19,0.8693897,0.87049395,0.8758725,0.8690182,0.0048712557181715,0.0011042356,0.0014757514,0.00648278
QLSTM,1,19,0.86273646,0.8628313,0.8693897,0.8727613,0.0048712557181715,9.483099e-05,0.009930015,0.0066532493
QLSTM,1,19,0.85660404,0.8579491,0.86273646,0.8516162,0.0048712557181715,0.0013450384,0.0063328743,0.006132424
QLSTM,1,19,0.8508632,0.85259664,0.85660404,0.8481611,0.0048712557181715,0.0017334223,0.0044355392,0.0057408214
QLSTM,1,19,0.84841233,0.84738356,0.8508632,0.84774715,0.0048712557181715,0.0010287762,0.00036358833,0.0024508834
QLSTM,1,19,0.84796506,0.84342855,0.84841233,0.848996,0.0048712557181715,0.0045365095,0.0055674314,0.00044727325
QLSTM,1,19,0.8478646,0.8428819,0.84796506,0.84651417,0.0048712557181715,0.00498271,0.0036322474,0.00010043383
QLSTM,1,19,0.8459999,0.84256506,0.8478646,0.8491494,0.0048712557181715,0.0034348369,0.0065843463,0.0018647313
QLSTM,1,19,0.84105575,0.8405187,0.8459999,0.8456575,0.0048712557181715,0.00053703785,0.0051388144,0.0049441457
QLSTM,1,19,0.8327085,0.8354376,0.84105575,0.8345627,0.0048712557181715,0.0027291179,0.000874877,0.008347273
QLSTM,1,19,0.82435083,0.8274907,0.8327085,0.8166507,0.0048712557181715,0.0031398535,0.010839999,0.008357644
QLSTM,1,19,0.8181323,0.82065094,0.82435083,0.8150793,0.0048712557181715,0.0025186539,0.0055716634,0.0062185526
QLSTM,1,19,0.81524485,0.81465656,0.8181323,0.8160987,0.0048712557181715,0.00058829784,0.0014421344,0.0028874278
QLSTM,1,19,0.81297284,0.8124009,0.81524485,0.8152849,0.0048712557181715,0.0005719662,0.0028840303,0.0022720098
QLSTM,1,19,0.80787355,0.8100109,0.81297284,0.8114515,0.0048712557181715,0.002137363,0.0014405847,0.0050992966
QLSTM,1,19,0.8005908,0.8048778,0.80787355,0.80045074,0.0048712557181715,0.0042870045,0.0044270754,0.007282734
QLSTM,1,19,0.79390943,0.79808307,0.8005908,0.78979313,0.0048712557181715,0.0041736364,0.008289933,0.0066813827
QLSTM,1,19,0.79001856,0.78989017,0.79390943,0.7861868,0.0048712557181715,0.0001283884,0.0037033558,0.003890872
QLSTM,1,19,0.78828615,0.7855922,0.79001856,0.79020286,0.0048712557181715,0.0026939511,0.0046106577,0.001732409
QLSTM,1,19,0.78522164,0.78298885,0.78828615,0.78965634,0.0048712557181715,0.00223279,0.006667495,0.0030645132
QLSTM,1,19,0.7817387,0.78238124,0.78522164,0.783259,0.0048712557181715,0.00064253807,0.000877738,0.0034829378
QLSTM,1,19,0.7778757,0.77688366,0.7817387,0.7744164,0.0048712557181715,0.0009920597,0.0024672747,0.003862977
LSTM,1,2,0.8833677,0.8871767,0.89124244,0.8752713,0.0048712557181715,0.0038089752,0.011905372,0.007874727
LSTM,1,2,0.8754583,0.87930197,0.8833677,0.87212044,0.0048712557181715,0.0038436651,0.007181525,0.007909417
LSTM,1,2,0.87165874,0.87139255,0.8754583,0.87182397,0.0048712557181715,0.00026619434,0.00043141842,0.0037995577
LSTM,1,2,0.86922306,0.867593,0.87165874,0.8723264,0.0048712557181715,0.0016300678,0.0047333837,0.0024356842
LSTM,1,2,0.86606306,0.8651573,0.86922306,0.8657995,0.0048712557181715,0.0009057522,0.00064218044,0.0031599998
LSTM,1,2,0.86192995,0.8619973,0.86606306,0.86035806,0.0048712557181715,6.735325e-05,0.0016392469,0.0041331053
LSTM,1,2,0.856751,0.8578642,0.86192995,0.8612825,0.0048712557181715,0.0011131763,0.0034183264,0.0051789284
LSTM,1,2,0.8518171,0.8526853,0.856751,0.85068226,0.0048712557181715,0.00086820126,0.002003014,0.0049339533
LSTM,1,2,0.8468905,0.8477513,0.8518171,0.84458315,0.0048712557181715,0.0008608103,0.0031681657,0.0049265623
LSTM,1,2,0.8415586,0.84282476,0.8468905,0.8434805,0.0048712557181715,0.0012661815,0.0006557703,0.0053319335
LSTM,1,2,0.8350144,0.8374928,0.8415586,0.8406782,0.0048712557181715,0.0024784207,0.0031853914,0.0065441728
LSTM,1,2,0.8279475,0.83094865,0.8350144,0.8257304,0.0048712557181715,0.0030011535,0.0052182674,0.0070669055
LSTM,1,2,0.82135403,0.82388175,0.8279475,0.81345356,0.0048712557181715,0.0025277138,0.01042819,0.006593466
LSTM,1,2,0.816755,0.8172883,0.82135403,0.8163983,0.0048712557181715,0.00053328276,0.00088995695,0.004599035
LSTM,1,2,0.8146625,0.81268924,0.816755,0.81351084,0.0048712557181715,0.0019732714,0.0008215904,0.0020924807
LSTM,1,2,0.81218386,0.81059676,0.8146625,0.8176731,0.0048712557181715,0.0015870929,0.007076323,0.0024786592
LSTM,1,2,0.8092233,0.8081181,0.81218386,0.8088941,0.0048712557181715,0.0011051893,0.00077599287,0.0029605627
LSTM,1,2,0.8058564,0.80515754,0.8092233,0.8036141,0.0048712557181715,0.00069886446,0.0015434623,0.0033668876
LSTM,1,2,0.8026828,0.80179065,0.8058564,0.8030973,0.0048712557181715,0.0008921623,0.001306653,0.0031735897
LSTM,1,2,0.79961276,0.79861706,0.8026828,0.80167353,0.0048712557181715,0.0009956956,0.0030564666,0.0030700564
LSTM,1,2,0.7961583,0.795547,0.79961276,0.7954083,0.0048712557181715,0.00061130524,0.00013870001,0.0034544468
LSTM,1,2,0.7926784,0.79209256,0.7961583,0.7916841,0.0048712557181715,0.00058585405,0.00040847063,0.003479898
LSTM,1,2,0.7891308,0.78861266,0.7926784,0.7898369,0.0048712557181715,0.0005181432,0.0012242198,0.0035476089
LSTM,1,19,0.8758725,0.8813278,0.88539356,0.8735683,0.0048712557181715,0.005455315,0.0077595115,0.009521067
LSTM,1,19,0.8693897,0.87180674,0.8758725,0.8690182,0.0048712557181715,0.002417028,0.0027885437,0.00648278
LSTM,1,19,0.86273646,0.86532396,0.8693897,0.8727613,0.0048712557181715,0.0025874972,0.0074373484,0.0066532493
LSTM,1,19,0.85660404,0.8586707,0.86273646,0.8516162,0.0048712557181715,0.0020666718,0.0070545077,0.006132424
LSTM,1,19,0.8508632,0.8525383,0.85660404,0.8481611,0.0048712557181715,0.0016750693,0.0043771863,0.0057408214
LSTM,1,19,0.84841233,0.84679747,0.8508632,0.84774715,0.0048712557181715,0.0016148686,0.0009496808,0.0024508834
LSTM,1,19,0.84796506,0.8443466,0.84841233,0.848996,0.0048712557181715,0.0036184788,0.0046494007,0.00044727325
LSTM,1,19,0.8478646,0.8438993,0.84796506,0.84651417,0.0048712557181715,0.003965318,0.0026148558,0.00010043383
LSTM,1,19,0.8459999,0.8437989,0.8478646,0.8491494,0.0048712557181715,0.0022010207,0.00535053,0.0018647313
LSTM,1,19,0.84105575,0.84193414,0.8459999,0.8456575,0.0048712557181715,0.00087839365,0.003723383,0.0049441457
LSTM,1,19,0.8327085,0.83699,0.84105575,0.8345627,0.0048712557181715,0.004281521,0.00242728,0.008347273
LSTM,1,19,0.82435083,0.8286427,0.8327085,0.8166507,0.0048712557181715,0.004291892,0.011992037,0.008357644
LSTM,1,19,0.8181323,0.8202851,0.82435083,0.8150793,0.0048712557181715,0.0021528006,0.00520581,0.0062185526
LSTM,1,19,0.81524485,0.8140665,0.8181323,0.8160987,0.0048712557181715,0.0011783242,0.0020321608,0.0028874278
LSTM,1,19,0.81297284,0.8111791,0.81524485,0.8152849,0.0048712557181715,0.0017937422,0.0041058064,0.0022720098
LSTM,1,19,0.80787355,0.8089071,0.81297284,0.8114515,0.0048712557181715,0.0010335445,0.002544403,0.0050992966
LSTM,1,19,0.8005908,0.8038078,0.80787355,0.80045074,0.0048712557181715,0.003216982,0.0033570528,0.007282734
LSTM,1,19,0.79390943,0.79652506,0.8005908,0.78979313,0.0048712557181715,0.0026156306,0.0067319274,0.0066813827
LSTM,1,19,0.79001856,0.7898437,0.79390943,0.7861868,0.0048712557181715,0.00017488003,0.0036568642,0.003890872
LSTM,1,19,0.78828615,0.7859528,0.79001856,0.79020286,0.0048712557181715,0.002333343,0.0042500496,0.001732409
LSTM,1,19,0.78522164,0.7842204,0.78828615,0.78965634,0.0048712557181715,0.0010012388,0.0054359436,0.0030645132
LSTM,1,19,0.7817387,0.7811559,0.78522164,0.783259,0.0048712557181715,0.0005828142,0.0021030903,0.0034829378
LSTM,1,19,0.7778757,0.77767295,0.7817387,0.7744164,0.0048712557181715,0.000202775,0.0032565594,0.003862977
GRU,1,2,0.8833677,0.88495934,0.89124244,0.8752713,0.0048712557181715,0.0015916228,0.00968802,0.007874727
GRU,1,2,0.8754583,0.8802033,0.8833677,0.87212044,0.0048712557181715,0.0047450066,0.008082867,0.007909417
GRU,1,2,0.87165874,0.8707795,0.8754583,0.87182397,0.0048712557181715,0.0008792281,0.0010444522,0.0037995577
GRU,1,2,0.86922306,0.8711804,0.87165874,0.8723264,0.0048712557181715,0.001957357,0.0011459589,0.0024356842
GRU,1,2,0.86606306,0.8683227,0.86922306,0.8657995,0.0048712557181715,0.002259612,0.0025231838,0.0031599998
GRU,1,2,0.86192995,0.86607885,0.86606306,0.86035806,0.0048712557181715,0.0041489005,0.005720794,0.0041331053
GRU,1,2,0.856751,0.85918057,0.86192995,0.8612825,0.0048712557181715,0.002429545,0.0021019578,0.0051789284
GRU,1,2,0.8518171,0.8550143,0.856751,0.85068226,0.0048712557181715,0.0031972528,0.0043320656,0.0049339533
GRU,1,2,0.8468905,0.84753054,0.8518171,0.84458315,0.0048712557181715,0.0006400347,0.00294739,0.0049265623
GRU,1,2,0.8415586,0.8391334,0.8468905,0.8434805,0.0048712557181715,0.0024251938,0.0043471456,0.0053319335
GRU,1,2,0.8350144,0.8393561,0.8415586,0.8406782,0.0048712557181715,0.0043417215,0.0013220906,0.0065441728
GRU,1,2,0.8279475,0.83059996,0.8350144,0.8257304,0.0048712557181715,0.0026524663,0.0048695803,0.0070669055
GRU,1,2,0.82135403,0.8251018,0.8279475,0.81345356,0.0048712557181715,0.0037477612,0.011648238,0.006593466
GRU,1,2,0.816755,0.81869423,0.82135403,0.8163983,0.0048712557181715,0.0019392371,0.0022959113,0.004599035
GRU,1,2,0.8146625,0.8157583,0.816755,0.81351084,0.0048712557181715,0.0010957718,0.0022474527,0.0020924807
GRU,1,2,0.81218386,0.81436944,0.8146625,0.8176731,0.0048712557181715,0.002185583,0.003303647,0.0024786592
GRU,1,2,0.8092233,0.81024987,0.81218386,0.8088941,0.0048712557181715,0.0010265708,0.0013557673,0.0029605627
GRU,1,2,0.8058564,0.8055583,0.8092233,0.8036141,0.0048712557181715,0.00029808283,0.0019442439,0.0033668876
GRU,1,2,0.8026828,0.80286306,0.8058564,0.8030973,0.0048712557181715,0.00018024445,0.00023424625,0.0031735897
GRU,1,2,0.79961276,0.79911363,0.8026828,0.80167353,0.0048712557181715,0.0004991293,0.0025599003,0.0030700564
GRU,1,2,0.7961583,0.79669124,0.79961276,0.7954083,0.0048712557181715,0.0005329251,0.0012829304,0.0034544468
GRU,1,2,0.7926784,0.7931849,0.7961583,0.7916841,0.0048712557181715,0.00050646067,0.0015007854,0.003479898
GRU,1,2,0.7891308,0.79118747,0.7926784,0.7898369,0.0048712557181715,0.0020566583,0.0013505816,0.0035476089
GRU,1,19,0.8758725,0.8807456,0.88539356,0.8735683,0.0048712557181715,0.004873097,0.0071772933,0.009521067
GRU,1,19,0.8693897,0.87124145,0.8758725,0.8690182,0.0048712557181715,0.0018517375,0.0022232533,0.00648278
GRU,1,19,0.86273646,0.8650752,0.8693897,0.8727613,0.0048712557181715,0.0023387074,0.007686138,0.0066532493
GRU,1,19,0.85660404,0.8607091,0.86273646,0.8516162,0.0048712557181715,0.0041050315,0.009092867,0.006132424
GRU,1,19,0.8508632,0.8545887,0.85660404,0.8481611,0.0048712557181715,0.003725469,0.006427586,0.0057408214
GRU,1,19,0.84841233,0.84736586,0.8508632,0.84774715,0.0048712557181715,0.0010464787,0.0003812909,0.0024508834
GRU,1,19,0.84796506,0.84498554,0.84841233,0.848996,0.0048712557181715,0.002979517,0.004010439,0.00044727325
GRU,1,19,0.8478646,0.84441406,0.84796506,0.84651417,0.0048712557181715,0.0034505725,0.00210011,0.00010043383
GRU,1,19,0.8459999,0.8427191,0.8478646,0.8491494,0.0048712557181715,0.0032808185,0.006430328,0.0018647313
GRU,1,19,0.84105575,0.8419936,0.8459999,0.8456575,0.0048712557181715,0.0009378195,0.0036639571,0.0049441457
GRU,1,19,0.8327085,0.8376176,0.84105575,0.8345627,0.0048712557181715,0.004909098,0.0030548573,0.008347273
GRU,1,19,0.82435083,0.828225,0.8327085,0.8166507,0.0048712557181715,0.0038741827,0.011574328,0.008357644
GRU,1,19,0.8181323,0.8222042,0.82435083,0.8150793,0.0048712557181715,0.0040718913,0.007124901,0.0062185526
GRU,1,19,0.81524485,0.8174055,0.8181323,0.8160987,0.0048712557181715,0.0021606684,0.0013068318,0.0028874278
GRU,1,19,0.81297284,0.81457716,0.81524485,0.8152849,0.0048712557181715,0.0016043186,0.00070774555,0.0022720098
GRU,1,19,0.80787355,0.8114735,0.81297284,0.8114515,0.0048712557181715,0.0035999417,2.1994114e-05,0.0050992966
GRU,1,19,0.8005908,0.80656266,0.80787355,0.80045074,0.0048712557181715,0.005971849,0.00611192,0.007282734
GRU,1,19,0.79390943,0.796106,0.8005908,0.78979313,0.0048712557181715,0.0021965504,0.006312847,0.0066813827
GRU,1,19,0.79001856,0.7898025,0.79390943,0.7861868,0.0048712557181715,0.00021606684,0.0036156774,0.003890872
GRU,1,19,0.78828615,0.7873391,0.79001856,0.79020286,0.0048712557181715,0.0009470582,0.0028637648,0.001732409
GRU,1,19,0.78522164,0.78294426,0.78828615,0.78965634,0.0048712557181715,0.0022773743,0.006712079,0.0030645132
GRU,1,19,0.7817387,0.77825505,0.78522164,0.783259,0.0048712557181715,0.003483653,0.005003929,0.0034829378
GRU,1,19,0.7778757,0.7747163,0.7817387,0.7744164,0.0048712557181715,0.0031594038,0.00029993057,0.003862977
MLP,1,2,0.8833677,0.88822305,0.89124244,0.8752713,0.0048712557181715,0.0048553348,0.012951732,0.007874727
MLP,1,2,0.8754583,0.87681955,0.8833677,0.87212044,0.0048712557181715,0.0013612509,0.004699111,0.007909417
MLP,1,2,0.87165874,0.8658875,0.8754583,0.87182397,0.0048712557181715,0.0057712197,0.005936444,0.0037995577
MLP,1,2,0.86922306,0.862268,0.87165874,0.8723264,0.0048712557181715,0.006955087,0.010058403,0.0024356842
MLP,1,2,0.86606306,0.8619387,0.86922306,0.8657995,0.0048712557181715,0.0041243434,0.0038607717,0.0031599998
MLP,1,2,0.86192995,0.8576889,0.86606306,0.86035806,0.0048712557181715,0.0042410493,0.0026691556,0.0041331053
MLP,1,2,0.856751,0.8535683,0.86192995,0.8612825,0.0048712557181715,0.0031827092,0.007714212,0.0051789284
MLP,1,2,0.8518171,0.84656304,0.856751,0.85068226,0.0048712557181715,0.00525403,0.0041192174,0.0049339533
MLP,1,2,0.8468905,0.8572261,0.8518171,0.84458315,0.0048712557181715,0.010335565,0.01264292,0.0049265623
MLP,1,2,0.8415586,0.83187634,0.8468905,0.8434805,0.0048712557181715,0.009682238,0.01160419,0.0053319335
MLP,1,2,0.8350144,0.83052856,0.8415586,0.8406782,0.0048712557181715,0.0044858456,0.010149658,0.0065441728
MLP,1,2,0.8279475,0.8244468,0.8350144,0.8257304,0.0048712557181715,0.0035007,0.001283586,0.0070669055
MLP,1,2,0.82135403,0.81349176,0.8279475,0.81345356,0.0048712557181715,0.00786227,3.8206577e-05,0.006593466
MLP,1,2,0.816755,0.81069654,0.82135403,0.8163983,0.0048712557181715,0.0060584545,0.0057017803,0.004599035
MLP,1,2,0.8146625,0.8127588,0.816755,0.81351084,0.0048712557181715,0.0019037127,0.0007520318,0.0020924807
MLP,1,2,0.81218386,0.8170814,0.8146625,0.8176731,0.0048712557181715,0.004897535,0.0005916953,0.0024786592
MLP,1,2,0.8092233,0.81193554,0.81218386,0.8088941,0.0048712557181715,0.0027122498,0.0030414462,0.0029605627
MLP,1,2,0.8058564,0.81251824,0.8092233,0.8036141,0.0048712557181715,0.0066618323,0.008904159,0.0033668876
MLP,1,2,0.8026828,0.81083274,0.8058564,0.8030973,0.0048712557181715,0.008149922,0.007735431,0.0031735897
MLP,1,2,0.79961276,0.79902416,0.8026828,0.80167353,0.0048712557181715,0.00058859587,0.0026493669,0.0030700564
MLP,1,2,0.7961583,0.79961413,0.79961276,0.7954083,0.0048712557181715,0.0034558177,0.004205823,0.0034544468
MLP,1,2,0.7926784,0.7942022,0.7961583,0.7916841,0.0048712557181715,0.0015237927,0.0025181174,0.003479898
MLP,1,2,0.7891308,0.77899486,0.7926784,0.7898369,0.0048712557181715,0.010135949,0.010842025,0.0035476089
MLP,1,19,0.8758725,0.8946189,0.88539356,0.8735683,0.0048712557181715,0.018746436,0.021050632,0.009521067
MLP,1,19,0.8693897,0.8699295,0.8758725,0.8690182,0.0048712557181715,0.00053977966,0.0009112954,0.00648278
MLP,1,19,0.86273646,0.867566,0.8693897,0.8727613,0.0048712557181715,0.004829526,0.0051953197,0.0066532493
MLP,1,19,0.85660404,0.85803676,0.86273646,0.8516162,0.0048712557181715,0.0014327168,0.0064205527,0.006132424
MLP,1,19,0.8508632,0.8607511,0.85660404,0.8481611,0.0048712557181715,0.009887874,0.012589991,0.0057408214
MLP,1,19,0.84841233,0.84408647,0.8508632,0.84774715,0.0048712557181715,0.0043258667,0.0036606789,0.0024508834
MLP,1,19,0.84796506,0.830882,0.84841233,0.848996,0.0048712557181715,0.017083049,0.01811397,0.00044727325
MLP,1,19,0.8478646,0.8515245,0.84796506,0.84651417,0.0048712557181715,0.0036598444,0.005010307,0.00010043383
MLP,1,19,0.8459999,0.839388,0.8478646,0.8491494,0.0048712557181715,0.0066118836,0.009761393,0.0018647313
MLP,1,19,0.84105575,0.8497946,0.8459999,0.8456575,0.0048712557181715,0.008738875,0.004137099,0.0049441457
MLP,1,19,0.8327085,0.839549,0.84105575,0.8345627,0.0048712557181715,0.006840527,0.004986286,0.008347273
MLP,1,19,0.82435083,0.836285,0.8327085,0.8166507,0.0048712557181715,0.011934161,0.019634306,0.008357644
MLP,1,19,0.8181323,0.8227005,0.82435083,0.8150793,0.0048712557181715,0.004568219,0.0076212287,0.0062185526
MLP,1,19,0.81524485,0.81500095,0.8181323,0.8160987,0.0048712557181715,0.0002439022,0.0010977387,0.0028874278
MLP,1,19,0.81297284,0.80815476,0.81524485,0.8152849,0.0048712557181715,0.004818082,0.007130146,0.0022720098
MLP,1,19,0.80787355,0.8093983,0.81297284,0.8114515,0.0048712557181715,0.0015247464,0.0020532012,0.0050992966
MLP,1,19,0.8005908,0.7995395,0.80787355,0.80045074,0.0048712557181715,0.0010513067,0.0009112358,0.007282734
MLP,1,19,0.79390943,0.79747343,0.8005908,0.78979313,0.0048712557181715,0.0035640001,0.007680297,0.0066813827
MLP,1,19,0.79001856,0.79131955,0.79390943,0.7861868,0.0048712557181715,0.0013009906,0.005132735,0.003890872
MLP,1,19,0.78828615,0.7827776,0.79001856,0.79020286,0.0048712557181715,0.005508542,0.0074252486,0.001732409
MLP,1,19,0.78522164,0.7873695,0.78828615,0.78965634,0.0048712557181715,0.0021478534,0.0022868514,0.0030645132
MLP,1,19,0.7817387,0.79433346,0.78522164,0.783259,0.0048712557181715,0.012594759,0.011074483,0.0034829378
MLP,1,19,0.7778757,0.7837519,0.7817387,0.7744164,0.0048712557181715,0.0058761835,0.009335518,0.003862977
Seq2Seq,1,2,0.8833677,0.8839347,0.89124244,0.8752713,0.0048712557181715,0.0005669594,0.008663356,0.007874727
Seq2Seq,1,2,0.8754583,0.8762654,0.8833677,0.87212044,0.0048712557181715,0.0008071065,0.0041449666,0.007909417
Seq2Seq,1,2,0.87165874,0.8695859,0.8754583,0.87182397,0.0048712557181715,0.0020728707,0.0022380948,0.0037995577
Seq2Seq,1,2,0.86922306,0.8663503,0.87165874,0.8723264,0.0048712557181715,0.002872765,0.005976081,0.0024356842
Seq2Seq,1,2,0.86606306,0.86533016,0.86922306,0.8657995,0.0048712557181715,0.0007328987,0.00046932697,0.0031599998
Seq2Seq,1,2,0.86192995,0.86125576,0.86606306,0.86035806,0.0048712557181715,0.00067418814,0.00089770555,0.0041331053
Seq2Seq,1,2,0.856751,0.8588245,0.86192995,0.8612825,0.0048712557181715,0.0020734668,0.002458036,0.0051789284
Seq2Seq,1,2,0.8518171,0.8524358,0.856751,0.85068226,0.0048712557181715,0.0006187558,0.0017535686,0.0049339533
Seq2Seq,1,2,0.8468905,0.8471594,0.8518171,0.84458315,0.0048712557181715,0.00026887655,0.002576232,0.0049265623
Seq2Seq,1,2,0.8415586,0.8411225,0.8468905,0.8434805,0.0048712557181715,0.00043606758,0.0023580194,0.0053319335
Seq2Seq,1,2,0.8350144,0.8351185,0.8415586,0.8406782,0.0048712557181715,0.00010406971,0.0055597425,0.0065441728
Seq2Seq,1,2,0.8279475,0.8277313,0.8350144,0.8257304,0.0048712557181715,0.00021618605,0.002000928,0.0070669055
Seq2Seq,1,2,0.82135403,0.82287294,0.8279475,0.81345356,0.0048712557181715,0.0015189052,0.009419382,0.006593466
Seq2Seq,1,2,0.816755,0.8181632,0.82135403,0.8163983,0.0048712557181715,0.0014082193,0.0017648935,0.004599035
Seq2Seq,1,2,0.8146625,0.81402564,0.816755,0.81351084,0.0048712557181715,0.00063687563,0.0005148053,0.0020924807
Seq2Seq,1,2,0.81218386,0.811655,0.8146625,0.8176731,0.0048712557181715,0.000528872,0.006018102,0.0024786592
Seq2Seq,1,2,0.8092233,0.8096277,0.81218386,0.8088941,0.0048712557181715,0.00040441751,0.00073361397,0.0029605627
Seq2Seq,1,2,0.8058564,0.80675685,0.8092233,0.8036141,0.0048712557181715,0.00090044737,0.003142774,0.0033668876
Seq2Seq,1,2,0.8026828,0.803843,0.8058564,0.8030973,0.0048712557181715,0.0011602044,0.0007457137,0.0031735897
Seq2Seq,1,2,0.79961276,0.8008617,0.8026828,0.80167353,0.0048712557181715,0.0012489557,0.00081181526,0.0030700564
Seq2Seq,1,2,0.7961583,0.79796714,0.79961276,0.7954083,0.0048712557181715,0.0018088222,0.0025588274,0.0034544468
Seq2Seq,1,2,0.7926784,0.7938209,0.7961583,0.7916841,0.0048712557181715,0.0011425018,0.0021368265,0.003479898
Seq2Seq,1,2,0.7891308,0.78932124,0.7926784,0.7898369,0.0048712557181715,0.00019043684,0.0005156398,0.0035476089
Seq2Seq,1,19,0.8758725,0.8791469,0.88539356,0.8735683,0.0048712557181715,0.0032743812,0.0055785775,0.009521067
Seq2Seq,1,19,0.8693897,0.8682561,0.8758725,0.8690182,0.0048712557181715,0.0011336207,0.000762105,0.00648278
Seq2Seq,1,19,0.86273646,0.861367,0.8693897,0.8727613,0.0048712557181715,0.0013694763,0.011394322,0.0066532493
Seq2Seq,1,19,0.85660404,0.85703623,0.86273646,0.8516162,0.0048712557181715,0.00043219328,0.005420029,0.006132424
Seq2Seq,1,19,0.8508632,0.8509552,0.85660404,0.8481611,0.0048712557181715,9.196997e-05,0.002794087,0.0057408214
Seq2Seq,1,19,0.84841233,0.84737885,0.8508632,0.84774715,0.0048712557181715,0.0010334849,0.0003682971,0.0024508834
Seq2Seq,1,19,0.84796506,0.84584457,0.84841233,0.848996,0.0048712557181715,0.0021204948,0.0031514168,0.00044727325
Seq2Seq,1,19,0.8478646,0.8455421,0.84796506,0.84651417,0.0048712557181715,0.0023225546,0.00097209215,0.00010043383
Seq2Seq,1,19,0.8459999,0.84333736,0.8478646,0.8491494,0.0048712557181715,0.0026625395,0.005812049,0.0018647313
Seq2Seq,1,19,0.84105575,0.8394045,0.8459999,0.8456575,0.0048712557181715,0.0016512275,0.006253004,0.0049441457
Seq2Seq,1,19,0.8327085,0.83463115,0.84105575,0.8345627,0.0048712557181715,0.001922667,6.842613e-05,0.008347273
Seq2Seq,1,19,0.82435083,0.8270963,0.8327085,0.8166507,0.0048712557181715,0.0027454495,0.010445595,0.008357644
Seq2Seq,1,19,0.8181323,0.81953835,0.82435083,0.8150793,0.0048712557181715,0.0014060736,0.004459083,0.0062185526
Seq2Seq,1,19,0.81524485,0.81258863,0.8181323,0.8160987,0.0048712557181715,0.0026562214,0.003510058,0.0028874278
Seq2Seq,1,19,0.81297284,0.81010294,0.81524485,0.8152849,0.0048712557181715,0.002869904,0.005181968,0.0022720098
Seq2Seq,1,19,0.80787355,0.8079754,0.81297284,0.8114515,0.0048712557181715,0.00010186434,0.0034760833,0.0050992966
Seq2Seq,1,19,0.8005908,0.80457175,0.80787355,0.80045074,0.0048712557181715,0.0039809346,0.0041210055,0.007282734
Seq2Seq,1,19,0.79390943,0.79689324,0.8005908,0.78979313,0.0048712557181715,0.0029838085,0.0071001053,0.0066813827
Seq2Seq,1,19,0.79001856,0.79168034,0.79390943,0.7861868,0.0048712557181715,0.0016617775,0.0054935217,0.003890872
Seq2Seq,1,19,0.78828615,0.7850535,0.79001856,0.79020286,0.0048712557181715,0.003232658,0.0051493645,0.001732409
Seq2Seq,1,19,0.78522164,0.783903,0.78828615,0.78965634,0.0048712557181715,0.0013186336,0.0057533383,0.0030645132
Seq2Seq,1,19,0.7817387,0.7814175,0.78522164,0.783259,0.0048712557181715,0.00032120943,0.0018414855,0.0034829378
Seq2Seq,1,19,0.7778757,0.7773726,0.7817387,0.7744164,0.0048712557181715,0.0005031228,0.0029562116,0.003862977
Persistence,2,9,0.88765013,0.8893113,0.8893113,0.8864931,0.0046043861657381,0.0016611814,0.0028182268,0.0016611814
Persistence,2,9,0.88658863,0.88765013,0.88765013,0.8889019,0.0046043861657381,0.0010614991,0.0012517571,0.0010614991
Persistence,2,9,0.88344514,0.88658863,0.88658863,0.8892149,0.0046043861657381,0.0031434894,0.0026262403,0.0031434894
Persistence,2,9,0.8783084,0.88344514,0.88344514,0.8764013,0.0046043861657381,0.0051367283,0.0070438385,0.0051367283
Persistence,2,9,0.871215,0.8783084,0.8783084,0.8715485,0.0046043861657381,0.0070934296,0.0067599416,0.0070934296
Persistence,2,9,0.8647711,0.871215,0.871215,0.8645739,0.0046043861657381,0.006443858,0.00664109,0.006443858
Persistence,2,9,0.8587989,0.8647711,0.8647711,0.8566824,0.0046043861657381,0.0059722066,0.008088708,0.0059722066
Persistence,2,9,0.8517299,0.8587989,0.8587989,0.85852975,0.0046043861657381,0.0070689917,0.00026917458,0.0070689917
Persistence,2,9,0.8442521,0.8517299,0.8517299,0.8420812,0.0046043861657381,0.00747782,0.00964874,0.00747782
Persistence,2,9,0.83499825,0.8442521,0.8442521,0.83690023,0.0046043861657381,0.0092538595,0.0073518753,0.0092538595
Persistence,2,9,0.8233811,0.83499825,0.83499825,0.8241729,0.0046043861657381,0.011617124,0.010825336,0.011617124
Persistence,2,9,0.8081778,0.8233811,0.8233811,0.8185275,0.0046043861657381,0.015203297,0.004853606,0.015203297
Persistence,2,9,0.79589206,0.8081778,0.8081778,0.7883405,0.0046043861657381,0.012285769,0.01983732,0.012285769
Persistence,2,9,0.78457516,0.79589206,0.79589206,0.7712677,0.0046043861657381,0.0113168955,0.024624348,0.0113168955
Persistence,2,9,0.777118,0.78457516,0.78457516,0.7787166,0.0046043861657381,0.007457137,0.0058585405,0.007457137
Persistence,2,9,0.7732306,0.777118,0.777118,0.77129984,0.0046043861657381,0.003887415,0.005818188,0.003887415
Persistence,2,9,0.7699903,0.7732306,0.7732306,0.7712239,0.0046043861657381,0.0032402873,0.0020067096,0.0032402873
Persistence,2,9,0.7679742,0.7699903,0.7699903,0.76391375,0.0046043861657381,0.002016127,0.0060765743,0.002016127
Persistence,2,9,0.7644782,0.7679742,0.7679742,0.7711122,0.0046043861657381,0.0034959912,0.0031380057,0.0034959912
Persistence,2,9,0.759728,0.7644782,0.7644782,0.76222354,0.0046043861657381,0.004750192,0.002254665,0.004750192
Persistence,2,9,0.753935,0.759728,0.759728,0.745776,0.0046043861657381,0.005793035,0.013952017,0.005793035
Persistence,2,9,0.7476761,0.753935,0.753935,0.75015444,0.0046043861657381,0.006258905,0.0037805438,0.006258905
Persistence,2,9,0.7414813,0.7476761,0.7476761,0.7413376,0.0046043861657381,0.0061947703,0.006338477,0.0061947703
Persistence,2,20,0.8813878,0.8931836,0.8931836,0.8760531,0.0046043861657381,0.011795759,0.017130494,0.011795759
Persistence,2,20,0.8710189,0.8813878,0.8813878,0.86363304,0.0046043861657381,0.010368943,0.017754793,0.010368943
Persistence,2,20,0.86506,0.8710189,0.8710189,0.8655483,0.0046043861657381,0.0059589148,0.005470574,0.0059589148
Persistence,2,20,0.8630935,0.86506,0.86506,0.8620463,0.0046043861657381,0.0019664764,0.0030136704,0.0019664764
Persistence,2,20,0.8623091,0.8630935,0.8630935,0.86201596,0.0046043861657381,0.0007843971,0.0010775328,0.0007843971
Persistence,2,20,0.8616774,0.8623091,0.8623091,0.86153454,0.0046043861657381,0.00063169,0.00077456236,0.00063169
Persistence,2,20,0.85925335,0.8616774,0.8616774,0.8626524,0.0046043861657381,0.0024240613,0.0009750128,0.0024240613
Persistence,2,20,0.85399556,0.85925335,0.85925335,0.85832036,0.0046043861657381,0.0052577853,0.0009329915,0.0052577853
Persistence,2,20,0.8472519,0.85399556,0.85399556,0.84405684,0.0046043861657381,0.0067436695,0.009938717,0.0067436695
Persistence,2,20,0.8404606,0.8472519,0.8472519,0.83841956,0.0046043861657381,0.0067912936,0.0088323355,0.0067912936
Persistence,2,20,0.83453834,0.8404606,0.8404606,0.83552337,0.0046043861657381,0.005922258,0.0049372315,0.005922258
Persistence,2,20,0.8284113,0.83453834,0.83453834,0.8324431,0.0046043861657381,0.0061270595,0.0020952225,0.0061270595
Persistence,2,20,0.82193595,0.8284113,0.8284113,0.8172143,0.0046043861657381,0.0064753294,0.011196971,0.0064753294
Persistence,2,20,0.81089765,0.82193595,0.82193595,0.8168435,0.0046043861657381,0.011038303,0.005092442,0.011038303
Persistence,2,20,0.7975902,0.81089765,0.81089765,0.8171462,0.0046043861657381,0.013307452,0.0062485337,0.013307452
Persistence,2,20,0.7867049,0.7975902,0.7975902,0.78161716,0.0046043861657381,0.010885298,0.015973032,0.010885298
Persistence,2,20,0.77667516,0.7867049,0.7867049,0.76613045,0.0046043861657381,0.010029733,0.02057445,0.010029733
Persistence,2,20,0.774486,0.77667516,0.77667516,0.77593726,0.0046043861657381,0.0021891594,0.0007379055,0.0021891594
Persistence,2,20,0.772724,0.774486,0.774486,0.77329,0.0046043861657381,0.0017620325,0.0011960268,0.0017620325
Persistence,2,20,0.7677281,0.772724,0.772724,0.77418756,0.0046043861657381,0.0049958825,0.001463592,0.0049958825
Persistence,2,20,0.7625698,0.7677281,0.7677281,0.76000977,0.0046043861657381,0.005158305,0.0077183247,0.005158305
Persistence,2,20,0.75704193,0.7625698,0.7625698,0.75651634,0.0046043861657381,0.005527854,0.0060534477,0.005527854
MQAttn-LSTM-VQR,2,9,0.88765013,0.8832059,0.8893113,0.8864931,0.0046043861657381,0.0044442415,0.0032871962,0.0016611814
MQAttn-LSTM-VQR,2,9,0.88658863,0.8802996,0.88765013,0.8889019,0.0046043861657381,0.0062890053,0.008602262,0.0010614991
MQAttn-LSTM-VQR,2,9,0.88344514,0.8857977,0.88658863,0.8892149,0.0046043861657381,0.0023525357,0.003417194,0.0031434894
MQAttn-LSTM-VQR,2,9,0.8783084,0.88785964,0.88344514,0.8764013,0.0046043861657381,0.009551227,0.011458337,0.0051367283
MQAttn-LSTM-VQR,2,9,0.871215,0.87754005,0.8783084,0.8715485,0.0046043861657381,0.006325066,0.005991578,0.0070934296
MQAttn-LSTM-VQR,2,9,0.8647711,0.867703,0.871215,0.8645739,0.0046043861657381,0.0029318929,0.0031291246,0.006443858
MQAttn-LSTM-VQR,2,9,0.8587989,0.86352557,0.8647711,0.8566824,0.0046043861657381,0.0047266483,0.0068431497,0.0059722066
MQAttn-LSTM-VQR,2,9,0.8517299,0.8599767,0.8587989,0.85852975,0.0046043861657381,0.008246779,0.0014469624,0.0070689917
MQAttn-LSTM-VQR,2,9,0.8442521,0.8483472,0.8517299,0.8420812,0.0046043861657381,0.0040950775,0.006265998,0.00747782
MQAttn-LSTM-VQR,2,9,0.83499825,0.83975494,0.8442521,0.83690023,0.0046043861657381,0.004756689,0.0028547049,0.0092538595
MQAttn-LSTM-VQR,2,9,0.8233811,0.8291769,0.83499825,0.8241729,0.0046043861657381,0.005795777,0.0050039887,0.011617124
MQAttn-LSTM-VQR,2,9,0.8081778,0.8192333,0.8233811,0.8185275,0.0046043861657381,0.0110554695,0.0007057786,0.015203297
MQAttn-LSTM-VQR,2,9,0.79589206,0.80460614,0.8081778,0.7883405,0.0046043861657381,0.00871408,0.01626563,0.012285769
MQAttn-LSTM-VQR,2,9,0.78457516,0.79900336,0.79589206,0.7712677,0.0046043861657381,0.014428198,0.02773565,0.0113168955
MQAttn-LSTM-VQR,2,9,0.777118,0.78314793,0.78457516,0.7787166,0.0046043861657381,0.006029904,0.0044313073,0.007457137
MQAttn-LSTM-VQR,2,9,0.7732306,0.7742156,0.777118,0.77129984,0.0046043861657381,0.0009849668,0.00291574,0.003887415
MQAttn-LSTM-VQR,2,9,0.7699903,0.76963854,0.7732306,0.7712239,0.0046043861657381,0.0003517866,0.0015853643,0.0032402873
MQAttn-LSTM-VQR,2,9,0.7679742,0.76535815,0.7699903,0.76391375,0.0046043861657381,0.0026160479,0.0014443994,0.002016127
MQAttn-LSTM-VQR,2,9,0.7644782,0.76307464,0.7679742,0.7711122,0.0046043861657381,0.0014035702,0.008037567,0.0034959912
MQAttn-LSTM-VQR,2,9,0.759728,0.7628344,0.7644782,0.76222354,0.0046043861657381,0.0031064153,0.000610888,0.004750192
MQAttn-LSTM-VQR,2,9,0.753935,0.75591516,0.759728,0.745776,0.0046043861657381,0.0019801855,0.010139167,0.005793035
MQAttn-LSTM-VQR,2,9,0.7476761,0.7478088,0.753935,0.75015444,0.0046043861657381,0.00013273954,0.0023456216,0.006258905
MQAttn-LSTM-VQR,2,9,0.7414813,0.74010795,0.7476761,0.7413376,0.0046043861657381,0.0013733506,0.0012296438,0.0061947703
MQAttn-LSTM-VQR,2,20,0.8813878,0.88646895,0.8931836,0.8760531,0.0046043861657381,0.005081117,0.010415852,0.011795759
MQAttn-LSTM-VQR,2,20,0.8710189,0.87329274,0.8813878,0.86363304,0.0046043861657381,0.0022738576,0.009659708,0.010368943
MQAttn-LSTM-VQR,2,20,0.86506,0.86267227,0.8710189,0.8655483,0.0046043861657381,0.0023877025,0.0028760433,0.0059589148
MQAttn-LSTM-VQR,2,20,0.8630935,0.85644567,0.86506,0.8620463,0.0046043861657381,0.0066478252,0.0056006312,0.0019664764
MQAttn-LSTM-VQR,2,20,0.8623091,0.85615754,0.8630935,0.86201596,0.0046043861657381,0.006151557,0.0058584213,0.0007843971
MQAttn-LSTM-VQR,2,20,0.8616774,0.85647166,0.8623091,0.86153454,0.0046043861657381,0.0052057505,0.005062878,0.00063169
MQAttn-LSTM-VQR,2,20,0.85925335,0.8586958,0.8616774,0.8626524,0.0046043861657381,0.00055754185,0.003956616,0.0024240613
MQAttn-LSTM-VQR,2,20,0.85399556,0.85618275,0.85925335,0.85832036,0.0046043861657381,0.0021871924,0.0021376014,0.0052577853
MQAttn-LSTM-VQR,2,20,0.8472519,0.8502602,0.85399556,0.84405684,0.0046043861657381,0.003008306,0.0062033534,0.0067436695
MQAttn-LSTM-VQR,2,20,0.8404606,0.8433916,0.8472519,0.83841956,0.0046043861657381,0.0029309988,0.0049720407,0.0067912936
MQAttn-LSTM-VQR,2,20,0.83453834,0.83596104,0.8404606,0.83552337,0.0046043861657381,0.0014227033,0.0004376769,0.005922258
MQAttn-LSTM-VQR,2,20,0.8284113,0.8303179,0.83453834,0.8324431,0.0046043861657381,0.0019066334,0.0021252036,0.0061270595
MQAttn-LSTM-VQR,2,20,0.82193595,0.8227089,0.8284113,0.8172143,0.0046043861657381,0.00077295303,0.0054945946,0.0064753294
MQAttn-LSTM-VQR,2,20,0.81089765,0.8189276,0.82193595,0.8168435,0.0046043861657381,0.008029938,0.0020840764,0.011038303
MQAttn-LSTM-VQR,2,20,0.7975902,0.8085264,0.81089765,0.8171462,0.0046043861657381,0.010936201,0.008619785,0.013307452
MQAttn-LSTM-VQR,2,20,0.7867049,0.79456973,0.7975902,0.78161716,0.0046043861657381,0.007864833,0.012952566,0.010885298
MQAttn-LSTM-VQR,2,20,0.77667516,0.78348804,0.7867049,0.76613045,0.0046043861657381,0.0068128705,0.017357588,0.010029733
MQAttn-LSTM-VQR,2,20,0.774486,0.7752548,0.77667516,0.77593726,0.0046043861657381,0.0007687807,0.0006824732,0.0021891594
MQAttn-LSTM-VQR,2,20,0.772724,0.7730151,0.774486,0.77329,0.0046043861657381,0.00029110909,0.00027489662,0.0017620325
MQAttn-LSTM-VQR,2,20,0.7677281,0.77247053,0.772724,0.77418756,0.0046043861657381,0.0047424436,0.001717031,0.0049958825
MQAttn-LSTM-VQR,2,20,0.7625698,0.7687926,0.7677281,0.76000977,0.0046043861657381,0.006222844,0.008782864,0.005158305
MQAttn-LSTM-VQR,2,20,0.75704193,0.7643558,0.7625698,0.75651634,0.0046043861657381,0.0073138475,0.007839441,0.005527854
MQAttn-LSTM-VQR classical twin,2,9,0.88765013,0.88125557,0.8893113,0.8864931,0.0046043861657381,0.006394565,0.0052375197,0.0016611814
MQAttn-LSTM-VQR classical twin,2,9,0.88658863,0.88046235,0.88765013,0.8889019,0.0046043861657381,0.0061262846,0.008439541,0.0010614991
MQAttn-LSTM-VQR classical twin,2,9,0.88344514,0.87944466,0.88658863,0.8892149,0.0046043861657381,0.004000485,0.009770215,0.0031434894
MQAttn-LSTM-VQR classical twin,2,9,0.8783084,0.87682474,0.88344514,0.8764013,0.0046043861657381,0.0014836788,0.0004234314,0.0051367283
MQAttn-LSTM-VQR classical twin,2,9,0.871215,0.873348,0.8783084,0.8715485,0.0046043861657381,0.0021330118,0.0017995238,0.0070934296
MQAttn-LSTM-VQR classical twin,2,9,0.8647711,0.86798537,0.871215,0.8645739,0.0046043861657381,0.00321424,0.0034114718,0.006443858
MQAttn-LSTM-VQR classical twin,2,9,0.8587989,0.8599501,0.8647711,0.8566824,0.0046043861657381,0.0011512041,0.0032677054,0.0059722066
MQAttn-LSTM-VQR classical twin,2,9,0.8517299,0.85378,0.8587989,0.85852975,0.0046043861657381,0.0020500422,0.004749775,0.0070689917
MQAttn-LSTM-VQR classical twin,2,9,0.8442521,0.8469527,0.8517299,0.8420812,0.0046043861657381,0.0027005672,0.0048714876,0.00747782
MQAttn-LSTM-VQR classical twin,2,9,0.83499825,0.8394145,0.8442521,0.83690023,0.0046043861657381,0.0044162273,0.0025142431,0.0092538595
MQAttn-LSTM-VQR classical twin,2,9,0.8233811,0.83051187,0.83499825,0.8241729,0.0046043861657381,0.007130742,0.006338954,0.011617124
MQAttn-LSTM-VQR classical twin,2,9,0.8081778,0.81921744,0.8233811,0.8185275,0.0046043861657381,0.011039615,0.00068992376,0.015203297
MQAttn-LSTM-VQR classical twin,2,9,0.79589206,0.80469245,0.8081778,0.7883405,0.0046043861657381,0.008800387,0.016351938,0.012285769
MQAttn-LSTM-VQR classical twin,2,9,0.78457516,0.79325217,0.79589206,0.7712677,0.0046043861657381,0.008677006,0.021984458,0.0113168955
MQAttn-LSTM-VQR classical twin,2,9,0.777118,0.7817063,0.78457516,0.7787166,0.0046043861657381,0.0045882463,0.0029896498,0.007457137
MQAttn-LSTM-VQR classical twin,2,9,0.7732306,0.7744251,0.777118,0.77129984,0.0046043861657381,0.0011944771,0.0031252503,0.003887415
MQAttn-LSTM-VQR classical twin,2,9,0.7699903,0.77013505,0.7732306,0.7712239,0.0046043861657381,0.00014472008,0.0010888577,0.0032402873
MQAttn-LSTM-VQR classical twin,2,9,0.7679742,0.7665949,0.7699903,0.76391375,0.0046043861657381,0.0013793111,0.0026811361,0.002016127
MQAttn-LSTM-VQR classical twin,2,9,0.7644782,0.7643244,0.7679742,0.7711122,0.0046043861657381,0.00015377998,0.006787777,0.0034959912
MQAttn-LSTM-VQR classical twin,2,9,0.759728,0.7604242,0.7644782,0.76222354,0.0046043861657381,0.00069618225,0.001799345,0.004750192
MQAttn-LSTM-VQR classical twin,2,9,0.753935,0.7559288,0.759728,0.745776,0.0046043861657381,0.001993835,0.010152817,0.005793035
MQAttn-LSTM-VQR classical twin,2,9,0.7476761,0.7502792,0.753935,0.75015444,0.0046043861657381,0.0026031137,0.00012475252,0.006258905
MQAttn-LSTM-VQR classical twin,2,9,0.7414813,0.744644,0.7476761,0.7413376,0.0046043861657381,0.003162682,0.0033063889,0.0061947703
MQAttn-LSTM-VQR classical twin,2,20,0.8813878,0.8857236,0.8931836,0.8760531,0.0046043861657381,0.004335761,0.009670496,0.011795759
MQAttn-LSTM-VQR classical twin,2,20,0.8710189,0.87332696,0.8813878,0.86363304,0.0046043861657381,0.0023080707,0.009693921,0.010368943
MQAttn-LSTM-VQR classical twin,2,20,0.86506,0.8632134,0.8710189,0.8655483,0.0046043861657381,0.0018465519,0.0023348927,0.0059589148
MQAttn-LSTM-VQR classical twin,2,20,0.8630935,0.8575045,0.86506,0.8620463,0.0046043861657381,0.0055890083,0.0045418143,0.0019664764
MQAttn-LSTM-VQR classical twin,2,20,0.8623091,0.85683894,0.8630935,0.86201596,0.0046043861657381,0.0054701567,0.005177021,0.0007843971
MQAttn-LSTM-VQR classical twin,2,20,0.8616774,0.85830677,0.8623091,0.86153454,0.0046043861657381,0.0033706427,0.0032277703,0.00063169
MQAttn-LSTM-VQR classical twin,2,20,0.85925335,0.8577438,0.8616774,0.8626524,0.0046043861657381,0.0015095472,0.0049086213,0.0024240613
MQAttn-LSTM-VQR classical twin,2,20,0.85399556,0.8552964,0.85925335,0.85832036,0.0046043861657381,0.0013008118,0.003023982,0.0052577853
MQAttn-LSTM-VQR classical twin,2,20,0.8472519,0.8500249,0.85399556,0.84405684,0.0046043861657381,0.002772987,0.0059680343,0.0067436695
MQAttn-LSTM-VQR classical twin,2,20,0.8404606,0.8435268,0.8472519,0.83841956,0.0046043861657381,0.0030661821,0.005107224,0.0067912936
MQAttn-LSTM-VQR classical twin,2,20,0.83453834,0.836733,0.8404606,0.83552337,0.0046043861657381,0.002194643,0.0012096167,0.005922258
MQAttn-LSTM-VQR classical twin,2,20,0.8284113,0.8310319,0.83453834,0.8324431,0.0046043861657381,0.0026206374,0.0014111996,0.0061270595
MQAttn-LSTM-VQR classical twin,2,20,0.82193595,0.8251958,0.8284113,0.8172143,0.0046043861657381,0.0032598376,0.007981479,0.0064753294
MQAttn-LSTM-VQR classical twin,2,20,0.81089765,0.81960994,0.82193595,0.8168435,0.0046043861657381,0.008712292,0.0027664304,0.011038303
MQAttn-LSTM-VQR classical twin,2,20,0.7975902,0.8080458,0.81089765,0.8171462,0.0046043861657381,0.010455608,0.009100378,0.013307452
MQAttn-LSTM-VQR classical twin,2,20,0.7867049,0.794511,0.7975902,0.78161716,0.0046043861657381,0.0078061223,0.012893856,0.010885298
MQAttn-LSTM-VQR classical twin,2,20,0.77667516,0.78321487,0.7867049,0.76613045,0.0046043861657381,0.0065397024,0.01708442,0.010029733
MQAttn-LSTM-VQR classical twin,2,20,0.774486,0.7726466,0.77667516,0.77593726,0.0046043861657381,0.0018393993,0.0032906532,0.0021891594
MQAttn-LSTM-VQR classical twin,2,20,0.772724,0.77033395,0.774486,0.77329,0.0046043861657381,0.002390027,0.0029560328,0.0017620325
MQAttn-LSTM-VQR classical twin,2,20,0.7677281,0.76856357,0.772724,0.77418756,0.0046043861657381,0.0008354783,0.0056239963,0.0049958825
MQAttn-LSTM-VQR classical twin,2,20,0.7625698,0.7632445,0.7677281,0.76000977,0.0046043861657381,0.0006747246,0.003234744,0.005158305
MQAttn-LSTM-VQR classical twin,2,20,0.75704193,0.7583824,0.7625698,0.75651634,0.0046043861657381,0.0013404489,0.0018660426,0.005527854
MQAttn-QLSTM-VQR,2,9,0.88765013,0.88207984,0.8893113,0.8864931,0.0046043861657381,0.0055702925,0.004413247,0.0016611814
MQAttn-QLSTM-VQR,2,9,0.88658863,0.8805994,0.88765013,0.8889019,0.0046043861657381,0.0059892535,0.00830251,0.0010614991
MQAttn-QLSTM-VQR,2,9,0.88344514,0.8810386,0.88658863,0.8892149,0.0046043861657381,0.0024065375,0.008176267,0.0031434894
MQAttn-QLSTM-VQR,2,9,0.8783084,0.87833583,0.88344514,0.8764013,0.0046043861657381,2.7418137e-05,0.0019345284,0.0051367283
MQAttn-QLSTM-VQR,2,9,0.871215,0.8724731,0.8783084,0.8715485,0.0046043861657381,0.0012581348,0.00092464685,0.0070934296
MQAttn-QLSTM-VQR,2,9,0.8647711,0.86687297,0.871215,0.8645739,0.0046043861657381,0.0021018386,0.0022990704,0.006443858
MQAttn-QLSTM-VQR,2,9,0.8587989,0.86021084,0.8647711,0.8566824,0.0046043861657381,0.0014119148,0.0035284162,0.0059722066
MQAttn-QLSTM-VQR,2,9,0.8517299,0.8543344,0.8587989,0.85852975,0.0046043861657381,0.0026044846,0.0041953325,0.0070689917
MQAttn-QLSTM-VQR,2,9,0.8442521,0.8475296,0.8517299,0.8420812,0.0046043861657381,0.0032774806,0.005448401,0.00747782
MQAttn-QLSTM-VQR,2,9,0.83499825,0.83987033,0.8442521,0.83690023,0.0046043861657381,0.0048720837,0.0029700994,0.0092538595
MQAttn-QLSTM-VQR,2,9,0.8233811,0.8300149,0.83499825,0.8241729,0.0046043861657381,0.0066337585,0.0058419704,0.011617124
MQAttn-QLSTM-VQR,2,9,0.8081778,0.8188616,0.8233811,0.8185275,0.0046043861657381,0.010683775,0.00033408403,0.015203297
MQAttn-QLSTM-VQR,2,9,0.79589206,0.80350506,0.8081778,0.7883405,0.0046043861657381,0.0076130033,0.015164554,0.012285769
MQAttn-QLSTM-VQR,2,9,0.78457516,0.7906728,0.79589206,0.7712677,0.0046043861657381,0.0060976148,0.019405067,0.0113168955
MQAttn-QLSTM-VQR,2,9,0.777118,0.78022385,0.78457516,0.7787166,0.0046043861657381,0.0031058192,0.0015072227,0.007457137
MQAttn-QLSTM-VQR,2,9,0.7732306,0.772108,0.777118,0.77129984,0.0046043861657381,0.0011225939,0.0008081794,0.003887415
MQAttn-QLSTM-VQR,2,9,0.7699903,0.76870877,0.7732306,0.7712239,0.0046043861657381,0.0012815595,0.0025151372,0.0032402873
MQAttn-QLSTM-VQR,2,9,0.7679742,0.7654482,0.7699903,0.76391375,0.0046043861657381,0.0025259852,0.001534462,0.002016127
MQAttn-QLSTM-VQR,2,9,0.7644782,0.7631871,0.7679742,0.7711122,0.0046043861657381,0.0012910962,0.007925093,0.0034959912
MQAttn-QLSTM-VQR,2,9,0.759728,0.75993645,0.7644782,0.76222354,0.0046043861657381,0.00020843744,0.0022870898,0.004750192
MQAttn-QLSTM-VQR,2,9,0.753935,0.7554122,0.759728,0.745776,0.0046043861657381,0.0014772415,0.009636223,0.005793035
MQAttn-QLSTM-VQR,2,9,0.7476761,0.7497583,0.753935,0.75015444,0.0046043861657381,0.0020822287,0.00039613247,0.006258905
MQAttn-QLSTM-VQR,2,9,0.7414813,0.74339,0.7476761,0.7413376,0.0046043861657381,0.0019087195,0.0020524263,0.0061947703
MQAttn-QLSTM-VQR,2,20,0.8813878,0.8855094,0.8931836,0.8760531,0.0046043861657381,0.004121542,0.009456277,0.011795759
MQAttn-QLSTM-VQR,2,20,0.8710189,0.87370723,0.8813878,0.86363304,0.0046043861657381,0.0026883483,0.010074198,0.010368943
MQAttn-QLSTM-VQR,2,20,0.86506,0.8636412,0.8710189,0.8655483,0.0046043861657381,0.0014187694,0.0019071102,0.0059589148
MQAttn-QLSTM-VQR,2,20,0.8630935,0.85761005,0.86506,0.8620463,0.0046043861657381,0.0054834485,0.0044362545,0.0019664764
MQAttn-QLSTM-VQR,2,20,0.8623091,0.85769385,0.8630935,0.86201596,0.0046043861657381,0.0046152472,0.0043221116,0.0007843971
MQAttn-QLSTM-VQR,2,20,0.8616774,0.85798997,0.8623091,0.86153454,0.0046043861657381,0.0036874413,0.003544569,0.00063169
MQAttn-QLSTM-VQR,2,20,0.85925335,0.8573612,0.8616774,0.8626524,0.0046043861657381,0.0018921494,0.0052912235,0.0024240613
MQAttn-QLSTM-VQR,2,20,0.85399556,0.8551544,0.85925335,0.85832036,0.0046043861657381,0.0011588335,0.0031659603,0.0052577853
MQAttn-QLSTM-VQR,2,20,0.8472519,0.8496158,0.85399556,0.84405684,0.0046043861657381,0.0023639202,0.0055589676,0.0067436695
MQAttn-QLSTM-VQR,2,20,0.8404606,0.8428944,0.8472519,0.83841956,0.0046043861657381,0.0024337769,0.0044748187,0.0067912936
MQAttn-QLSTM-VQR,2,20,0.83453834,0.8358486,0.8404606,0.83552337,0.0046043861657381,0.0013102889,0.00032526255,0.005922258
MQAttn-QLSTM-VQR,2,20,0.8284113,0.8300642,0.83453834,0.8324431,0.0046043861657381,0.0016528964,0.0023789406,0.0061270595
MQAttn-QLSTM-VQR,2,20,0.82193595,0.824158,0.8284113,0.8172143,0.0046043861657381,0.0022220612,0.0069437027,0.0064753294
MQAttn-QLSTM-VQR,2,20,0.81089765,0.8169154,0.82193595,0.8168435,0.0046043861657381,0.0060177445,7.18832e-05,0.011038303
MQAttn-QLSTM-VQR,2,20,0.7975902,0.80657953,0.81089765,0.8171462,0.0046043861657381,0.008989334,0.010566652,0.013307452
MQAttn-QLSTM-VQR,2,20,0.7867049,0.793081,0.7975902,0.78161716,0.0046043861657381,0.0063760877,0.011463821,0.010885298
MQAttn-QLSTM-VQR,2,20,0.77667516,0.7821154,0.7867049,0.76613045,0.0046043861657381,0.005440235,0.015984952,0.010029733
MQAttn-QLSTM-VQR,2,20,0.774486,0.7723513,0.77667516,0.77593726,0.0046043861657381,0.0021346807,0.0035859346,0.0021891594
MQAttn-QLSTM-VQR,2,20,0.772724,0.7701541,0.774486,0.77329,0.0046043861657381,0.0025698543,0.00313586,0.0017620325
MQAttn-QLSTM-VQR,2,20,0.7677281,0.7682059,0.772724,0.77418756,0.0046043861657381,0.00047779083,0.0059816837,0.0049958825
MQAttn-QLSTM-VQR,2,20,0.7625698,0.76306766,0.7677281,0.76000977,0.0046043861657381,0.0004978776,0.003057897,0.005158305
MQAttn-QLSTM-VQR,2,20,0.75704193,0.758214,0.7625698,0.75651634,0.0046043861657381,0.0011720657,0.0016976595,0.005527854
MQAttn-QLSTM-VQR classical twin,2,9,0.88765013,0.8819306,0.8893113,0.8864931,0.0046043861657381,0.0057195425,0.004562497,0.0016611814
MQAttn-QLSTM-VQR classical twin,2,9,0.88658863,0.88098073,0.88765013,0.8889019,0.0046043861657381,0.005607903,0.007921159,0.0010614991
MQAttn-QLSTM-VQR classical twin,2,9,0.88344514,0.8807014,0.88658863,0.8892149,0.0046043861657381,0.002743721,0.008513451,0.0031434894
MQAttn-QLSTM-VQR classical twin,2,9,0.8783084,0.8780102,0.88344514,0.8764013,0.0046043861657381,0.00029820204,0.0016089082,0.0051367283
MQAttn-QLSTM-VQR classical twin,2,9,0.871215,0.87350595,0.8783084,0.8715485,0.0046043861657381,0.0022909641,0.0019574761,0.0070934296
MQAttn-QLSTM-VQR classical twin,2,9,0.8647711,0.86759996,0.871215,0.8645739,0.0046043861657381,0.0028288364,0.0030260682,0.006443858
MQAttn-QLSTM-VQR classical twin,2,9,0.8587989,0.8600478,0.8647711,0.8566824,0.0046043861657381,0.0012488961,0.0033653975,0.0059722066
MQAttn-QLSTM-VQR classical twin,2,9,0.8517299,0.85354483,0.8587989,0.85852975,0.0046043861657381,0.0018149018,0.0049849153,0.0070689917
MQAttn-QLSTM-VQR classical twin,2,9,0.8442521,0.8463106,0.8517299,0.8420812,0.0046043861657381,0.002058506,0.0042294264,0.00747782
MQAttn-QLSTM-VQR classical twin,2,9,0.83499825,0.8387968,0.8442521,0.83690023,0.0046043861657381,0.0037985444,0.0018965602,0.0092538595
MQAttn-QLSTM-VQR classical twin,2,9,0.8233811,0.82968366,0.83499825,0.8241729,0.0046043861657381,0.0063025355,0.0055107474,0.011617124
MQAttn-QLSTM-VQR classical twin,2,9,0.8081778,0.8190307,0.8233811,0.8185275,0.0046043861657381,0.010852873,0.0005031824,0.015203297
MQAttn-QLSTM-VQR classical twin,2,9,0.79589206,0.8044045,0.8081778,0.7883405,0.0046043861657381,0.008512437,0.016063988,0.012285769
MQAttn-QLSTM-VQR classical twin,2,9,0.78457516,0.7925429,0.79589206,0.7712677,0.0046043861657381,0.0079677105,0.021275163,0.0113168955
MQAttn-QLSTM-VQR classical twin,2,9,0.777118,0.7826044,0.78457516,0.7787166,0.0046043861657381,0.005486369,0.0038877726,0.007457137
MQAttn-QLSTM-VQR classical twin,2,9,0.7732306,0.77479357,0.777118,0.77129984,0.0046043861657381,0.001562953,0.0034937263,0.003887415
MQAttn-QLSTM-VQR classical twin,2,9,0.7699903,0.7714641,0.7732306,0.7712239,0.0046043861657381,0.0014737844,0.00024020672,0.0032402873
MQAttn-QLSTM-VQR classical twin,2,9,0.7679742,0.7680543,0.7699903,0.76391375,0.0046043861657381,8.010864e-05,0.004140556,0.002016127
MQAttn-QLSTM-VQR classical twin,2,9,0.7644782,0.7656114,0.7679742,0.7711122,0.0046043861657381,0.0011332035,0.0055007935,0.0034959912
MQAttn-QLSTM-VQR classical twin,2,9,0.759728,0.7622186,0.7644782,0.76222354,0.0046043861657381,0.00249058,4.9471855e-06,0.004750192
MQAttn-QLSTM-VQR classical twin,2,9,0.753935,0.75743973,0.759728,0.745776,0.0046043861657381,0.003504753,0.011663735,0.005793035
MQAttn-QLSTM-VQR classical twin,2,9,0.7476761,0.751654,0.753935,0.75015444,0.0046043861657381,0.0039779544,0.0014995933,0.006258905
MQAttn-QLSTM-VQR classical twin,2,9,0.7414813,0.7453852,0.7476761,0.7413376,0.0046043861657381,0.0039039254,0.004047632,0.0061947703
MQAttn-QLSTM-VQR classical twin,2,20,0.8813878,0.885366,0.8931836,0.8760531,0.0046043861657381,0.003978193,0.009312928,0.011795759
MQAttn-QLSTM-VQR classical twin,2,20,0.8710189,0.8740681,0.8813878,0.86363304,0.0046043861657381,0.0030491948,0.010435045,0.010368943
MQAttn-QLSTM-VQR classical twin,2,20,0.86506,0.86413103,0.8710189,0.8655483,0.0046043861657381,0.0009289384,0.0014172792,0.0059589148
MQAttn-QLSTM-VQR classical twin,2,20,0.8630935,0.85910165,0.86506,0.8620463,0.0046043861657381,0.0039918423,0.0029446483,0.0019664764
MQAttn-QLSTM-VQR classical twin,2,20,0.8623091,0.85844713,0.8630935,0.86201596,0.0046043861657381,0.0038619637,0.003568828,0.0007843971
MQAttn-QLSTM-VQR classical twin,2,20,0.8616774,0.8592467,0.8623091,0.86153454,0.0046043861657381,0.002430737,0.0022878647,0.00063169
MQAttn-QLSTM-VQR classical twin,2,20,0.85925335,0.8576432,0.8616774,0.8626524,0.0046043861657381,0.0016101599,0.005009234,0.0024240613
MQAttn-QLSTM-VQR classical twin,2,20,0.85399556,0.8546505,0.85925335,0.85832036,0.0046043861657381,0.00065493584,0.003669858,0.0052577853
MQAttn-QLSTM-VQR classical twin,2,20,0.8472519,0.8486606,0.85399556,0.84405684,0.0046043861657381,0.0014086962,0.0046037436,0.0067436695
MQAttn-QLSTM-VQR classical twin,2,20,0.8404606,0.84198534,0.8472519,0.83841956,0.0046043861657381,0.0015247464,0.0035657883,0.0067912936
MQAttn-QLSTM-VQR classical twin,2,20,0.83453834,0.83520764,0.8404606,0.83552337,0.0046043861657381,0.00066930056,0.0003157258,0.005922258
MQAttn-QLSTM-VQR classical twin,2,20,0.8284113,0.8298934,0.83453834,0.8324431,0.0046043861657381,0.0014821291,0.002549708,0.0061270595
MQAttn-QLSTM-VQR classical twin,2,20,0.82193595,0.8245253,0.8284113,0.8172143,0.0046043861657381,0.002589345,0.0073109865,0.0064753294
MQAttn-QLSTM-VQR classical twin,2,20,0.81089765,0.81824845,0.82193595,0.8168435,0.0046043861657381,0.0073508024,0.0014049411,0.011038303
MQAttn-QLSTM-VQR classical twin,2,20,0.7975902,0.80780166,0.81089765,0.8171462,0.0046043861657381,0.010211468,0.009344518,0.013307452
MQAttn-QLSTM-VQR classical twin,2,20,0.7867049,0.7947344,0.7975902,0.78161716,0.0046043861657381,0.0080295205,0.013117254,0.010885298
MQAttn-QLSTM-VQR classical twin,2,20,0.77667516,0.78393453,0.7867049,0.76613045,0.0046043861657381,0.007259369,0.017804086,0.010029733
MQAttn-QLSTM-VQR classical twin,2,20,0.774486,0.77412575,0.77667516,0.77593726,0.0046043861657381,0.00036025047,0.0018115044,0.0021891594
MQAttn-QLSTM-VQR classical twin,2,20,0.772724,0.77149767,0.774486,0.77329,0.0046043861657381,0.001226306,0.0017923117,0.0017620325
MQAttn-QLSTM-VQR classical twin,2,20,0.7677281,0.7693484,0.772724,0.77418756,0.0046043861657381,0.0016202927,0.004839182,0.0049958825
MQAttn-QLSTM-VQR classical twin,2,20,0.7625698,0.7643067,0.7677281,0.76000977,0.0046043861657381,0.001736939,0.0042969584,0.005158305
MQAttn-QLSTM-VQR classical twin,2,20,0.75704193,0.7596341,0.7625698,0.75651634,0.0046043861657381,0.0025921464,0.0031177402,0.005527854
QLSTM,2,9,0.88765013,0.88096297,0.8893113,0.8864931,0.0046043861657381,0.0066871643,0.005530119,0.0016611814
QLSTM,2,9,0.88658863,0.8811424,0.88765013,0.8889019,0.0046043861657381,0.005446255,0.0077595115,0.0010614991
QLSTM,2,9,0.88344514,0.8824922,0.88658863,0.8892149,0.0046043861657381,0.00095295906,0.0067226887,0.0031434894
QLSTM,2,9,0.8783084,0.88010186,0.88344514,0.8764013,0.0046043861657381,0.0017934442,0.0037005544,0.0051367283
QLSTM,2,9,0.871215,0.87435883,0.8783084,0.8715485,0.0046043861657381,0.003143847,0.002810359,0.0070934296
QLSTM,2,9,0.8647711,0.86733264,0.871215,0.8645739,0.0046043861657381,0.0025615096,0.0027587414,0.006443858
QLSTM,2,9,0.8587989,0.8602569,0.8647711,0.8566824,0.0046043861657381,0.0014579892,0.0035744905,0.0059722066
QLSTM,2,9,0.8517299,0.85369873,0.8587989,0.85852975,0.0046043861657381,0.001968801,0.004831016,0.0070689917
QLSTM,2,9,0.8442521,0.8468837,0.8517299,0.8420812,0.0046043861657381,0.0026316047,0.004802525,0.00747782
QLSTM,2,9,0.83499825,0.83910125,0.8442521,0.83690023,0.0046043861657381,0.004103005,0.0022010207,0.0092538595
QLSTM,2,9,0.8233811,0.8291274,0.83499825,0.8241729,0.0046043861657381,0.0057462454,0.0049544573,0.011617124
QLSTM,2,9,0.8081778,0.81899375,0.8233811,0.8185275,0.0046043861657381,0.010815918,0.00046622753,0.015203297
QLSTM,2,9,0.79589206,0.80299014,0.8081778,0.7883405,0.0046043861657381,0.0070980787,0.01464963,0.012285769
QLSTM,2,9,0.78457516,0.7907844,0.79589206,0.7712677,0.0046043861657381,0.0062092543,0.019516706,0.0113168955
QLSTM,2,9,0.777118,0.781427,0.78457516,0.7787166,0.0046043861657381,0.0043089986,0.002710402,0.007457137
QLSTM,2,9,0.7732306,0.77352506,0.777118,0.77129984,0.0046043861657381,0.00029444695,0.0022252202,0.003887415
QLSTM,2,9,0.7699903,0.7704528,0.7732306,0.7712239,0.0046043861657381,0.00046247244,0.0007711053,0.0032402873
QLSTM,2,9,0.7679742,0.76674783,0.7699903,0.76391375,0.0046043861657381,0.0012263656,0.0028340816,0.002016127
QLSTM,2,9,0.7644782,0.7627452,0.7679742,0.7711122,0.0046043861657381,0.001733005,0.008367002,0.0034959912
QLSTM,2,9,0.759728,0.7598917,0.7644782,0.76222354,0.0046043861657381,0.00016367435,0.002331853,0.004750192
QLSTM,2,9,0.753935,0.7553506,0.759728,0.745776,0.0046043861657381,0.0014156103,0.009574592,0.005793035
QLSTM,2,9,0.7476761,0.74891937,0.753935,0.75015444,0.0046043861657381,0.0012432933,0.0012350678,0.006258905
QLSTM,2,9,0.7414813,0.74156934,0.7476761,0.7413376,0.0046043861657381,8.803606e-05,0.00023174286,0.0061947703
QLSTM,2,20,0.8813878,0.88299894,0.8931836,0.8760531,0.0046043861657381,0.0016111135,0.0069458485,0.011795759
QLSTM,2,20,0.8710189,0.8726577,0.8813878,0.86363304,0.0046043861657381,0.0016388297,0.00902468,0.010368943
QLSTM,2,20,0.86506,0.86357176,0.8710189,0.8655483,0.0046043861657381,0.0014882088,0.0019765496,0.0059589148
QLSTM,2,20,0.8630935,0.8591475,0.86506,0.8620463,0.0046043861657381,0.0039460063,0.0028988123,0.0019664764
QLSTM,2,20,0.8623091,0.8589405,0.8630935,0.86201596,0.0046043861657381,0.003368616,0.0030754805,0.0007843971
QLSTM,2,20,0.8616774,0.85855055,0.8623091,0.86153454,0.0046043861657381,0.0031268597,0.0029839873,0.00063169
QLSTM,2,20,0.85925335,0.8577248,0.8616774,0.8626524,0.0046043861657381,0.0015285611,0.004927635,0.0024240613
QLSTM,2,20,0.85399556,0.854643,0.85925335,0.85832036,0.0046043861657381,0.00064742565,0.0036773682,0.0052577853
QLSTM,2,20,0.8472519,0.8487334,0.85399556,0.84405684,0.0046043861657381,0.001481533,0.0046765804,0.0067436695
QLSTM,2,20,0.8404606,0.8420177,0.8472519,0.83841956,0.0046043861657381,0.0015571117,0.0035981536,0.0067912936
QLSTM,2,20,0.83453834,0.8350123,0.8404606,0.83552337,0.0046043861657381,0.00047397614,0.0005110502,0.005922258
QLSTM,2,20,0.8284113,0.83000493,0.83453834,0.8324431,0.0046043861657381,0.0015936494,0.0024381876,0.0061270595
QLSTM,2,20,0.82193595,0.82413805,0.8284113,0.8172143,0.0046043861657381,0.0022020936,0.006923735,0.0064753294
QLSTM,2,20,0.81089765,0.8170611,0.82193595,0.8168435,0.0046043861657381,0.006163478,0.00021761656,0.011038303
QLSTM,2,20,0.7975902,0.8079737,0.81089765,0.8171462,0.0046043861657381,0.010383487,0.009172499,0.013307452
QLSTM,2,20,0.7867049,0.7942042,0.7975902,0.78161716,0.0046043861657381,0.0074992776,0.012587011,0.010885298
QLSTM,2,20,0.77667516,0.7828963,0.7867049,0.76613045,0.0046043861657381,0.0062211156,0.016765833,0.010029733
QLSTM,2,20,0.774486,0.77301997,0.77667516,0.77593726,0.0046043861657381,0.0014660358,0.0029172897,0.0021891594
QLSTM,2,20,0.772724,0.77013284,0.774486,0.77329,0.0046043861657381,0.0025911331,0.0031571388,0.0017620325
QLSTM,2,20,0.7677281,0.7668285,0.772724,0.77418756,0.0046043861657381,0.0008996129,0.0073590875,0.0049958825
QLSTM,2,20,0.7625698,0.76182157,0.7677281,0.76000977,0.0046043861657381,0.0007482171,0.0018118024,0.005158305
QLSTM,2,20,0.75704193,0.7569905,0.7625698,0.75651634,0.0046043861657381,5.143881e-05,0.00047415495,0.005527854
LSTM,2,9,0.88765013,0.884725,0.8893113,0.8864931,0.0046043861657381,0.0029251575,0.0017681122,0.0016611814
LSTM,2,9,0.88658863,0.8830638,0.88765013,0.8889019,0.0046043861657381,0.0035248399,0.005838096,0.0010614991
LSTM,2,9,0.88344514,0.8820023,0.88658863,0.8892149,0.0046043861657381,0.0014428496,0.0072125793,0.0031434894
LSTM,2,9,0.8783084,0.8788588,0.88344514,0.8764013,0.0046043861657381,0.0005503893,0.0024574995,0.0051367283
LSTM,2,9,0.871215,0.8737221,0.8783084,0.8715485,0.0046043861657381,0.0025070906,0.0021736026,0.0070934296
LSTM,2,9,0.8647711,0.86662865,0.871215,0.8645739,0.0046043861657381,0.0018575191,0.002054751,0.006443858
LSTM,2,9,0.8587989,0.8601848,0.8647711,0.8566824,0.0046043861657381,0.0013858676,0.003502369,0.0059722066
LSTM,2,9,0.8517299,0.8542126,0.8587989,0.85852975,0.0046043861657381,0.0024826527,0.0043171644,0.0070689917
LSTM,2,9,0.8442521,0.8471436,0.8517299,0.8420812,0.0046043861657381,0.002891481,0.0050624013,0.00747782
LSTM,2,9,0.83499825,0.8396658,0.8442521,0.83690023,0.0046043861657381,0.0046675205,0.0027655363,0.0092538595
LSTM,2,9,0.8233811,0.8304119,0.83499825,0.8241729,0.0046043861657381,0.007030785,0.006238997,0.011617124
LSTM,2,9,0.8081778,0.8187948,0.8233811,0.8185275,0.0046043861657381,0.010616958,0.00026726723,0.015203297
LSTM,2,9,0.79589206,0.8035915,0.8081778,0.7883405,0.0046043861657381,0.00769943,0.015250981,0.012285769
LSTM,2,9,0.78457516,0.7913057,0.79589206,0.7712677,0.0046043861657381,0.0067305565,0.020038009,0.0113168955
LSTM,2,9,0.777118,0.7799888,0.78457516,0.7787166,0.0046043861657381,0.002870798,0.0012722015,0.007457137
LSTM,2,9,0.7732306,0.7725317,0.777118,0.77129984,0.0046043861657381,0.00069892406,0.0012318492,0.003887415
LSTM,2,9,0.7699903,0.7686443,0.7732306,0.7712239,0.0046043861657381,0.0013460517,0.0025796294,0.0032402873
LSTM,2,9,0.7679742,0.765404,0.7699903,0.76391375,0.0046043861657381,0.002570212,0.0014902353,0.002016127
LSTM,2,9,0.7644782,0.76338786,0.7679742,0.7711122,0.0046043861657381,0.0010903478,0.0077243447,0.0034959912
LSTM,2,9,0.759728,0.75989187,0.7644782,0.76222354,0.0046043861657381,0.00016385317,0.002331674,0.004750192
LSTM,2,9,0.753935,0.7551417,0.759728,0.745776,0.0046043861657381,0.001206696,0.009365678,0.005793035
LSTM,2,9,0.7476761,0.74934864,0.753935,0.75015444,0.0046043861657381,0.0016725659,0.0008057952,0.006258905
LSTM,2,9,0.7414813,0.74308974,0.7476761,0.7413376,0.0046043861657381,0.0016084313,0.0017521381,0.0061947703
LSTM,2,20,0.8813878,0.88859725,0.8931836,0.8760531,0.0046043861657381,0.00720942,0.012544155,0.011795759
LSTM,2,20,0.8710189,0.8768015,0.8813878,0.86363304,0.0046043861657381,0.005782604,0.013168454,0.010368943
LSTM,2,20,0.86506,0.86643255,0.8710189,0.8655483,0.0046043861657381,0.0013725758,0.0008842349,0.0059589148
LSTM,2,20,0.8630935,0.86047363,0.86506,0.8620463,0.0046043861657381,0.0026198626,0.0015726686,0.0019664764
LSTM,2,20,0.8623091,0.85850716,0.8630935,0.86201596,0.0046043861657381,0.0038019419,0.0035088062,0.0007843971
LSTM,2,20,0.8616774,0.85772276,0.8623091,0.86153454,0.0046043861657381,0.003954649,0.0038117766,0.00063169
LSTM,2,20,0.85925335,0.85709107,0.8616774,0.8626524,0.0046043861657381,0.0021622777,0.005561352,0.0024240613
LSTM,2,20,0.85399556,0.854667,0.85925335,0.85832036,0.0046043861657381,0.0006714463,0.0036533475,0.0052577853
LSTM,2,20,0.8472519,0.8494092,0.85399556,0.84405684,0.0046043861657381,0.0021573305,0.005352378,0.0067436695
LSTM,2,20,0.8404606,0.84266555,0.8472519,0.83841956,0.0046043861657381,0.0022049546,0.0042459965,0.0067912936
LSTM,2,20,0.83453834,0.83587426,0.8404606,0.83552337,0.0046043861657381,0.0013359189,0.00035089254,0.005922258
LSTM,2,20,0.8284113,0.829952,0.83453834,0.8324431,0.0046043861657381,0.0015407205,0.0024911165,0.0061270595
LSTM,2,20,0.82193595,0.82382494,0.8284113,0.8172143,0.0046043861657381,0.0018889904,0.006610632,0.0064753294
LSTM,2,20,0.81089765,0.8173496,0.82193595,0.8168435,0.0046043861657381,0.0064519644,0.00050610304,0.011038303
LSTM,2,20,0.7975902,0.8063113,0.81089765,0.8171462,0.0046043861657381,0.008721113,0.010834873,0.013307452
LSTM,2,20,0.7867049,0.79300386,0.7975902,0.78161716,0.0046043861657381,0.0062989593,0.0113866925,0.010885298
LSTM,2,20,0.77667516,0.78211856,0.7867049,0.76613045,0.0046043861657381,0.005443394,0.015988111,0.010029733
LSTM,2,20,0.774486,0.7720888,0.77667516,0.77593726,0.0046043861657381,0.0023971796,0.0038484335,0.0021891594
LSTM,2,20,0.772724,0.76989967,0.774486,0.77329,0.0046043861657381,0.0028243065,0.0033903122,0.0017620325
LSTM,2,20,0.7677281,0.76813763,0.772724,0.77418756,0.0046043861657381,0.0004095435,0.006049931,0.0049958825
LSTM,2,20,0.7625698,0.76314175,0.7677281,0.76000977,0.0046043861657381,0.0005719662,0.0031319857,0.005158305
LSTM,2,20,0.75704193,0.75798345,0.7625698,0.75651634,0.0046043861657381,0.00094151497,0.0014671087,0.005527854
GRU,2,9,0.88765013,0.87942415,0.8893113,0.8864931,0.0046043861657381,0.008225977,0.007068932,0.0016611814
GRU,2,9,0.88658863,0.8780325,0.88765013,0.8889019,0.0046043861657381,0.008556128,0.010869384,0.0010614991
GRU,2,9,0.88344514,0.8819429,0.88658863,0.8892149,0.0046043861657381,0.0015022159,0.0072719455,0.0031434894
GRU,2,9,0.8783084,0.8827402,0.88344514,0.8764013,0.0046043861657381,0.004431784,0.0063388944,0.0051367283
GRU,2,9,0.871215,0.86800665,0.8783084,0.8715485,0.0046043861657381,0.0032083392,0.0035418272,0.0070934296
GRU,2,9,0.8647711,0.86087996,0.871215,0.8645739,0.0046043861657381,0.00389117,0.0036939383,0.006443858
GRU,2,9,0.8587989,0.86161584,0.8647711,0.8566824,0.0046043861657381,0.0028169155,0.004933417,0.0059722066
GRU,2,9,0.8517299,0.8520871,0.8587989,0.85852975,0.0046043861657381,0.00035715103,0.006442666,0.0070689917
GRU,2,9,0.8442521,0.84298706,0.8517299,0.8420812,0.0046043861657381,0.001265049,0.0009058714,0.00747782
GRU,2,9,0.83499825,0.8427056,0.8442521,0.83690023,0.0046043861657381,0.0077073574,0.005805373,0.0092538595
GRU,2,9,0.8233811,0.8333005,0.83499825,0.8241729,0.0046043861657381,0.009919345,0.009127557,0.011617124
GRU,2,9,0.8081778,0.82083434,0.8233811,0.8185275,0.0046043861657381,0.01265651,0.002306819,0.015203297
GRU,2,9,0.79589206,0.8102783,0.8081778,0.7883405,0.0046043861657381,0.014386237,0.021937788,0.012285769
GRU,2,9,0.78457516,0.8067223,0.79589206,0.7712677,0.0046043861657381,0.022147119,0.03545457,0.0113168955
GRU,2,9,0.777118,0.7959154,0.78457516,0.7787166,0.0046043861657381,0.018797398,0.017198801,0.007457137
GRU,2,9,0.7732306,0.78300524,0.777118,0.77129984,0.0046043861657381,0.009774625,0.011705399,0.003887415
GRU,2,9,0.7699903,0.7767033,0.7732306,0.7712239,0.0046043861657381,0.006712973,0.0054793954,0.0032402873
GRU,2,9,0.7679742,0.76958734,0.7699903,0.76391375,0.0046043861657381,0.0016131401,0.0056735873,0.002016127
GRU,2,9,0.7644782,0.7654651,0.7679742,0.7711122,0.0046043861657381,0.0009868741,0.005647123,0.0034959912
GRU,2,9,0.759728,0.7596853,0.7644782,0.76222354,0.0046043861657381,4.273653e-05,0.0025382638,0.004750192
GRU,2,9,0.753935,0.7515251,0.759728,0.745776,0.0046043861657381,0.0024098754,0.0057491064,0.005793035
GRU,2,9,0.7476761,0.74554557,0.753935,0.75015444,0.0046043861657381,0.0021305084,0.0046088696,0.006258905
GRU,2,9,0.7414813,0.7384925,0.7476761,0.7413376,0.0046043861657381,0.0029888153,0.0028451085,0.0061947703
GRU,2,20,0.8813878,0.88197803,0.8931836,0.8760531,0.0046043861657381,0.0005902052,0.00592494,0.011795759
GRU,2,20,0.8710189,0.87170285,0.8813878,0.86363304,0.0046043861657381,0.0006839633,0.008069813,0.010368943
GRU,2,20,0.86506,0.8632565,0.8710189,0.8655483,0.0046043861657381,0.0018034577,0.0022917986,0.0059589148
GRU,2,20,0.8630935,0.8597617,0.86506,0.8620463,0.0046043861657381,0.0033317804,0.0022845864,0.0019664764
GRU,2,20,0.8623091,0.8535919,0.8630935,0.86201596,0.0046043861657381,0.008717179,0.008424044,0.0007843971
GRU,2,20,0.8616774,0.85776836,0.8623091,0.86153454,0.0046043861657381,0.0039090514,0.003766179,0.00063169
GRU,2,20,0.85925335,0.8562506,0.8616774,0.8626524,0.0046043861657381,0.0030027628,0.006401837,0.0024240613
GRU,2,20,0.85399556,0.8496385,0.85925335,0.85832036,0.0046043861657381,0.00435704,0.008681834,0.0052577853
GRU,2,20,0.8472519,0.8499114,0.85399556,0.84405684,0.0046043861657381,0.0026594996,0.005854547,0.0067436695
GRU,2,20,0.8404606,0.8450501,0.8472519,0.83841956,0.0046043861657381,0.004589498,0.00663054,0.0067912936
GRU,2,20,0.83453834,0.8368204,0.8404606,0.83552337,0.0046043861657381,0.002282083,0.0012970567,0.005922258
GRU,2,20,0.8284113,0.8312314,0.83453834,0.8324431,0.0046043861657381,0.0028201342,0.0012117028,0.0061270595
GRU,2,20,0.82193595,0.8265626,0.8284113,0.8172143,0.0046043861657381,0.0046266317,0.009348273,0.0064753294
GRU,2,20,0.81089765,0.82514423,0.82193595,0.8168435,0.0046043861657381,0.014246583,0.008300722,0.011038303
GRU,2,20,0.7975902,0.81764406,0.81089765,0.8171462,0.0046043861657381,0.020053864,0.0004978776,0.013307452
GRU,2,20,0.7867049,0.80594283,0.7975902,0.78161716,0.0046043861657381,0.019237936,0.024325669,0.010885298
GRU,2,20,0.77667516,0.79441917,0.7867049,0.76613045,0.0046043861657381,0.017744005,0.028288722,0.010029733
GRU,2,20,0.774486,0.7802077,0.77667516,0.77593726,0.0046043861657381,0.0057216883,0.0042704344,0.0021891594
GRU,2,20,0.772724,0.77626115,0.774486,0.77329,0.0046043861657381,0.003537178,0.0029711723,0.0017620325
GRU,2,20,0.7677281,0.7705637,0.772724,0.77418756,0.0046043861657381,0.0028356314,0.0036238432,0.0049958825
GRU,2,20,0.7625698,0.76460296,0.7677281,0.76000977,0.0046043861657381,0.002033174,0.0045931935,0.005158305
GRU,2,20,0.75704193,0.7555879,0.7625698,0.75651634,0.0046043861657381,0.0014540553,0.00092846155,0.005527854
MLP,2,9,0.88765013,0.8777021,0.8893113,0.8864931,0.0046043861657381,0.009948015,0.00879097,0.0016611814
MLP,2,9,0.88658863,0.87918735,0.88765013,0.8889019,0.0046043861657381,0.0074012876,0.009714544,0.0010614991
MLP,2,9,0.88344514,0.87722796,0.88658863,0.8892149,0.0046043861657381,0.0062171817,0.011986911,0.0031434894
MLP,2,9,0.8783084,0.8907333,0.88344514,0.8764013,0.0046043861657381,0.012424886,0.014331996,0.0051367283
MLP,2,9,0.871215,0.87866014,0.8783084,0.8715485,0.0046043861657381,0.0074451566,0.0071116686,0.0070934296
MLP,2,9,0.8647711,0.8642331,0.871215,0.8645739,0.0046043861657381,0.0005380511,0.00034081936,0.006443858
MLP,2,9,0.8587989,0.8586412,0.8647711,0.8566824,0.0046043861657381,0.00015771389,0.0019587874,0.0059722066
MLP,2,9,0.8517299,0.8489462,0.8587989,0.85852975,0.0046043861657381,0.0027837157,0.009583533,0.0070689917
MLP,2,9,0.8442521,0.8384615,0.8517299,0.8420812,0.0046043861657381,0.0057905912,0.0036196709,0.00747782
MLP,2,9,0.83499825,0.83619314,0.8442521,0.83690023,0.0046043861657381,0.0011948943,0.0007070899,0.0092538595
MLP,2,9,0.8233811,0.8292408,0.83499825,0.8241729,0.0046043861657381,0.005859673,0.005067885,0.011617124
MLP,2,9,0.8081778,0.81625634,0.8233811,0.8185275,0.0046043861657381,0.0080785155,0.0022711754,0.015203297
MLP,2,9,0.79589206,0.80413735,0.8081778,0.7883405,0.0046043861657381,0.008245289,0.01579684,0.012285769
MLP,2,9,0.78457516,0.7938372,0.79589206,0.7712677,0.0046043861657381,0.009262025,0.022569478,0.0113168955
MLP,2,9,0.777118,0.787672,0.78457516,0.7787166,0.0046043861657381,0.010553956,0.008955359,0.007457137
MLP,2,9,0.7732306,0.7733006,0.777118,0.77129984,0.0046043861657381,6.997585e-05,0.002000749,0.003887415
MLP,2,9,0.7699903,0.77651334,0.7732306,0.7712239,0.0046043861657381,0.006523013,0.0052894354,0.0032402873
MLP,2,9,0.7679742,0.7749239,0.7699903,0.76391375,0.0046043861657381,0.0069497228,0.01101017,0.002016127
MLP,2,9,0.7644782,0.771371,0.7679742,0.7711122,0.0046043861657381,0.0068928003,0.00025880337,0.0034959912
MLP,2,9,0.759728,0.76403975,0.7644782,0.76222354,0.0046043861657381,0.0043117404,0.0018162131,0.004750192
MLP,2,9,0.753935,0.7615316,0.759728,0.745776,0.0046043861657381,0.007596612,0.015755594,0.005793035
MLP,2,9,0.7476761,0.7490205,0.753935,0.75015444,0.0046043861657381,0.0013444424,0.0011339188,0.006258905
MLP,2,9,0.7414813,0.7458716,0.7476761,0.7413376,0.0046043861657381,0.0043902993,0.004534006,0.0061947703
MLP,2,20,0.8813878,0.88510597,0.8931836,0.8760531,0.0046043861657381,0.0037181377,0.009052873,0.011795759
MLP,2,20,0.8710189,0.8687869,0.8813878,0.86363304,0.0046043861657381,0.0022320151,0.005153835,0.010368943
MLP,2,20,0.86506,0.8607057,0.8710189,0.8655483,0.0046043861657381,0.004354298,0.004842639,0.0059589148
MLP,2,20,0.8630935,0.8530615,0.86506,0.8620463,0.0046043861657381,0.010031998,0.008984804,0.0019664764
MLP,2,20,0.8623091,0.8591899,0.8630935,0.86201596,0.0046043861657381,0.0031191707,0.002826035,0.0007843971
MLP,2,20,0.8616774,0.85517144,0.8623091,0.86153454,0.0046043861657381,0.006505966,0.006363094,0.00063169
MLP,2,20,0.85925335,0.85913914,0.8616774,0.8626524,0.0046043861657381,0.0001142025,0.0035132766,0.0024240613
MLP,2,20,0.85399556,0.85719186,0.85925335,0.85832036,0.0046043861657381,0.003196299,0.0011284947,0.0052577853
MLP,2,20,0.8472519,0.8480972,0.85399556,0.84405684,0.0046043861657381,0.0008453131,0.0040403605,0.0067436695
MLP,2,20,0.8404606,0.8406414,0.8472519,0.83841956,0.0046043861657381,0.00018078089,0.0022218227,0.0067912936
MLP,2,20,0.83453834,0.83451396,0.8404606,0.83552337,0.0046043861657381,2.43783e-05,0.0010094047,0.005922258
MLP,2,20,0.8284113,0.82668716,0.83453834,0.8324431,0.0046043861657381,0.001724124,0.005755961,0.0061270595
MLP,2,20,0.82193595,0.8242501,0.8284113,0.8172143,0.0046043861657381,0.0023141503,0.007035792,0.0064753294
MLP,2,20,0.81089765,0.81774604,0.82193595,0.8168435,0.0046043861657381,0.006848395,0.00090253353,0.011038303
MLP,2,20,0.7975902,0.8125437,0.81089765,0.8171462,0.0046043861657381,0.014953494,0.004602492,0.013307452
MLP,2,20,0.7867049,0.7964759,0.7975902,0.78161716,0.0046043861657381,0.009770989,0.014858723,0.010885298
MLP,2,20,0.77667516,0.7787824,0.7867049,0.76613045,0.0046043861657381,0.0021072626,0.01265198,0.010029733
MLP,2,20,0.774486,0.7772585,0.77667516,0.77593726,0.0046043861657381,0.00277251,0.0013212562,0.0021891594
MLP,2,20,0.772724,0.7795485,0.774486,0.77329,0.0046043861657381,0.006824553,0.0062585473,0.0017620325
MLP,2,20,0.7677281,0.7778909,0.772724,0.77418756,0.0046043861657381,0.01016283,0.0037033558,0.0049958825
MLP,2,20,0.7625698,0.76514065,0.7677281,0.76000977,0.0046043861657381,0.0025708675,0.005130887,0.005158305
MLP,2,20,0.75704193,0.76201093,0.7625698,0.75651634,0.0046043861657381,0.004969001,0.0054945946,0.005527854
Seq2Seq,2,9,0.88765013,0.88095933,0.8893113,0.8864931,0.0046043861657381,0.0066908,0.005533755,0.0016611814
Seq2Seq,2,9,0.88658863,0.87985045,0.88765013,0.8889019,0.0046043861657381,0.006738186,0.009051442,0.0010614991
Seq2Seq,2,9,0.88344514,0.8797263,0.88658863,0.8892149,0.0046043861657381,0.003718853,0.009488583,0.0031434894
Seq2Seq,2,9,0.8783084,0.87727344,0.88344514,0.8764013,0.0046043861657381,0.001034975,0.00087213516,0.0051367283
Seq2Seq,2,9,0.871215,0.8727858,0.8783084,0.8715485,0.0046043861657381,0.0015708208,0.0012373328,0.0070934296
Seq2Seq,2,9,0.8647711,0.8671703,0.871215,0.8645739,0.0046043861657381,0.0023991466,0.0025963783,0.006443858
Seq2Seq,2,9,0.8587989,0.86108744,0.8647711,0.8566824,0.0046043861657381,0.0022885203,0.0044050217,0.0059722066
Seq2Seq,2,9,0.8517299,0.85394984,0.8587989,0.85852975,0.0046043861657381,0.0022199154,0.0045799017,0.0070689917
Seq2Seq,2,9,0.8442521,0.8472789,0.8517299,0.8420812,0.0046043861657381,0.0030267835,0.005197704,0.00747782
Seq2Seq,2,9,0.83499825,0.83937055,0.8442521,0.83690023,0.0046043861657381,0.0043722987,0.0024703145,0.0092538595
Seq2Seq,2,9,0.8233811,0.8288874,0.83499825,0.8241729,0.0046043861657381,0.005506277,0.004714489,0.011617124
Seq2Seq,2,9,0.8081778,0.8186277,0.8233811,0.8185275,0.0046043861657381,0.010449886,0.00010019541,0.015203297
Seq2Seq,2,9,0.79589206,0.8055301,0.8081778,0.7883405,0.0046043861657381,0.009638011,0.017189562,0.012285769
Seq2Seq,2,9,0.78457516,0.79533577,0.79589206,0.7712677,0.0046043861657381,0.010760605,0.024068058,0.0113168955
Seq2Seq,2,9,0.777118,0.7836319,0.78457516,0.7787166,0.0046043861657381,0.0065138936,0.004915297,0.007457137
Seq2Seq,2,9,0.7732306,0.77661085,0.777118,0.77129984,0.0046043861657381,0.003380239,0.0053110123,0.003887415
Seq2Seq,2,9,0.7699903,0.771632,0.7732306,0.7712239,0.0046043861657381,0.0016416907,0.000408113,0.0032402873
Seq2Seq,2,9,0.7679742,0.7679496,0.7699903,0.76391375,0.0046043861657381,2.4616718e-05,0.0040358305,0.002016127
Seq2Seq,2,9,0.7644782,0.76561534,0.7679742,0.7711122,0.0046043861657381,0.0011371374,0.0054968596,0.0034959912
Seq2Seq,2,9,0.759728,0.7620065,0.7644782,0.76222354,0.0046043861657381,0.0022785068,0.00021702051,0.004750192
Seq2Seq,2,9,0.753935,0.7578389,0.759728,0.745776,0.0046043861657381,0.0039039254,0.012062907,0.005793035
Seq2Seq,2,9,0.7476761,0.7519508,0.753935,0.75015444,0.0046043861657381,0.004274726,0.0017963648,0.006258905
Seq2Seq,2,9,0.7414813,0.74620235,0.7476761,0.7413376,0.0046043861657381,0.0047210455,0.0048647523,0.0061947703
Seq2Seq,2,20,0.8813878,0.88403624,0.8931836,0.8760531,0.0046043861657381,0.0026484132,0.007983148,0.011795759
Seq2Seq,2,20,0.8710189,0.8728202,0.8813878,0.86363304,0.0046043861657381,0.001801312,0.009187162,0.010368943
Seq2Seq,2,20,0.86506,0.86318016,0.8710189,0.8655483,0.0046043861657381,0.0018798113,0.0023681521,0.0059589148
Seq2Seq,2,20,0.8630935,0.8582469,0.86506,0.8620463,0.0046043861657381,0.004846573,0.0037993789,0.0019664764
Seq2Seq,2,20,0.8623091,0.8574029,0.8630935,0.86201596,0.0046043861657381,0.0049061775,0.004613042,0.0007843971
Seq2Seq,2,20,0.8616774,0.8574266,0.8623091,0.86153454,0.0046043861657381,0.0042508245,0.004107952,0.00063169
Seq2Seq,2,20,0.85925335,0.85802495,0.8616774,0.8626524,0.0046043861657381,0.0012283921,0.004627466,0.0024240613
Seq2Seq,2,20,0.85399556,0.8557796,0.85925335,0.85832036,0.0046043861657381,0.0017840266,0.0025407672,0.0052577853
Seq2Seq,2,20,0.8472519,0.84952664,0.85399556,0.84405684,0.0046043861657381,0.0022747517,0.005469799,0.0067436695
Seq2Seq,2,20,0.8404606,0.8416493,0.8472519,0.83841956,0.0046043861657381,0.0011886954,0.0032297373,0.0067912936
Seq2Seq,2,20,0.83453834,0.834331,0.8404606,0.83552337,0.0046043861657381,0.00020736456,0.0011923909,0.005922258
Seq2Seq,2,20,0.8284113,0.8290575,0.83453834,0.8324431,0.0046043861657381,0.00064623356,0.0033856034,0.0061270595
Seq2Seq,2,20,0.82193595,0.82443166,0.8284113,0.8172143,0.0046043861657381,0.002495706,0.0072173476,0.0064753294
Seq2Seq,2,20,0.81089765,0.8195304,0.82193595,0.8168435,0.0046043861657381,0.008632779,0.0026869178,0.011038303
Seq2Seq,2,20,0.7975902,0.8091593,0.81089765,0.8171462,0.0046043861657381,0.011569083,0.007986903,0.013307452
Seq2Seq,2,20,0.7867049,0.7951083,0.7975902,0.78161716,0.0046043861657381,0.00840342,0.013491154,0.010885298
Seq2Seq,2,20,0.77667516,0.78342277,0.7867049,0.76613045,0.0046043861657381,0.0067476034,0.01729232,0.010029733
Seq2Seq,2,20,0.774486,0.7728926,0.77667516,0.77593726,0.0046043861657381,0.001593411,0.0030446649,0.0021891594
Seq2Seq,2,20,0.772724,0.7712271,0.774486,0.77329,0.0046043861657381,0.0014968514,0.0020628572,0.0017620325
Seq2Seq,2,20,0.7677281,0.769481,0.772724,0.77418756,0.0046043861657381,0.001752913,0.0047065616,0.0049958825
Seq2Seq,2,20,0.7625698,0.7646935,0.7677281,0.76000977,0.0046043861657381,0.0021237135,0.004683733,0.005158305
Seq2Seq,2,20,0.75704193,0.76036835,0.7625698,0.75651634,0.0046043861657381,0.003326416,0.0038520098,0.005527854
Persistence,3,11,0.8925278,0.9011131,0.9011131,0.89828104,0.0047932029701769,0.008585274,0.002832055,0.008585274
Persistence,3,11,0.8848945,0.8925278,0.8925278,0.8748538,0.0047932029701769,0.0076333284,0.017674029,0.0076333284
Persistence,3,11,0.8768973,0.8848945,0.8848945,0.8735511,0.0047932029701769,0.007997215,0.01134342,0.007997215
Persistence,3,11,0.87119853,0.8768973,0.8768973,0.8741989,0.0047932029701769,0.0056987405,0.0026983619,0.0056987405
Persistence,3,11,0.8675442,0.87119853,0.87119853,0.86663264,0.0047932029701769,0.0036543608,0.0045658946,0.0036543608
Persistence,3,11,0.86363524,0.8675442,0.8675442,0.86207616,0.0047932029701769,0.003908932,0.005468011,0.003908932
Persistence,3,11,0.85859555,0.86363524,0.86363524,0.86188084,0.0047932029701769,0.005039692,0.0017544031,0.005039692
Persistence,3,11,0.852152,0.85859555,0.85859555,0.8551565,0.0047932029701769,0.00644356,0.0034390688,0.00644356
Persistence,3,11,0.8451777,0.852152,0.852152,0.84130627,0.0047932029701769,0.00697428,0.010845721,0.00697428
Persistence,3,11,0.8388048,0.8451777,0.8451777,0.8365026,0.0047932029701769,0.0063729286,0.008675098,0.0063729286
Persistence,3,11,0.83412397,0.8388048,0.8388048,0.8349689,0.0047932029701769,0.0046808124,0.003835857,0.0046808124
Persistence,3,11,0.830416,0.83412397,0.83412397,0.8318545,0.0047932029701769,0.0037079453,0.0022694468,0.0037079453
Persistence,3,11,0.8265644,0.830416,0.830416,0.8238845,0.0047932029701769,0.0038516521,0.0065315366,0.0038516521
Persistence,3,11,0.8216436,0.8265644,0.8265644,0.82502633,0.0047932029701769,0.0049207807,0.0015380383,0.0049207807
Persistence,3,11,0.81657845,0.8216436,0.8216436,0.816571,0.0047932029701769,0.005065143,0.0050725937,0.005065143
Persistence,3,11,0.8107389,0.81657845,0.81657845,0.809723,0.0047932029701769,0.0058395267,0.006855428,0.0058395267
Persistence,3,11,0.805129,0.8107389,0.8107389,0.80577993,0.0047932029701769,0.0056099296,0.0049589872,0.0056099296
Persistence,3,11,0.8011157,0.805129,0.805129,0.7971635,0.0047932029701769,0.0040133,0.007965505,0.0040133
Persistence,3,11,0.7971657,0.8011157,0.8011157,0.7992884,0.0047932029701769,0.00395,0.0018272996,0.00395
Persistence,3,11,0.79278433,0.7971657,0.7971657,0.7948005,0.0047932029701769,0.0043813586,0.002365172,0.0043813586
Persistence,3,11,0.78837067,0.79278433,0.79278433,0.7873646,0.0047932029701769,0.0044136643,0.005419731,0.0044136643
Persistence,3,11,0.7837538,0.78837067,0.78837067,0.78333336,0.0047932029701769,0.0046168566,0.0050373077,0.0046168566
Persistence,3,18,0.8640788,0.8723666,0.8723666,0.86617476,0.0047932029701769,0.008287787,0.0061918497,0.008287787
Persistence,3,18,0.8583448,0.8640788,0.8640788,0.8572052,0.0047932029701769,0.0057340264,0.0068736076,0.0057340264
Persistence,3,18,0.8529868,0.8583448,0.8583448,0.85067445,0.0047932029701769,0.0053579807,0.007670343,0.0053579807
Persistence,3,18,0.84912705,0.8529868,0.8529868,0.8502848,0.0047932029701769,0.0038597584,0.0027019978,0.0038597584
Persistence,3,18,0.8475556,0.84912705,0.84912705,0.8421969,0.0047932029701769,0.0015714765,0.0069301724,0.0015714765
Persistence,3,18,0.845765,0.8475556,0.8475556,0.8492865,0.0047932029701769,0.0017905831,0.0017309189,0.0017905831
Persistence,3,18,0.84329724,0.845765,0.845765,0.8452745,0.0047932029701769,0.0024677515,0.0004904866,0.0024677515
Persistence,3,18,0.83848864,0.84329724,0.84329724,0.8395689,0.0047932029701769,0.0048086047,0.0037283301,0.0048086047
Persistence,3,18,0.831725,0.83848864,0.83848864,0.8315261,0.0047932029701769,0.006763637,0.0069625378,0.006763637
Persistence,3,18,0.8244713,0.831725,0.831725,0.8248416,0.0047932029701769,0.0072537065,0.006883383,0.0072537065
Persistence,3,18,0.8175294,0.8244713,0.8244713,0.8162286,0.0047932029701769,0.0069419146,0.008242667,0.0069419146
Persistence,3,18,0.81025714,0.8175294,0.8175294,0.81128544,0.0047932029701769,0.0072722435,0.006243944,0.0072722435
Persistence,3,18,0.8025123,0.81025714,0.81025714,0.8165611,0.0047932029701769,0.0077448487,0.006303966,0.0077448487
Persistence,3,18,0.7968138,0.8025123,0.8025123,0.7939301,0.0047932029701769,0.005698502,0.008582175,0.005698502
Persistence,3,18,0.79266256,0.7968138,0.7968138,0.78623885,0.0047932029701769,0.004151225,0.010574937,0.004151225
Persistence,3,18,0.7918601,0.79266256,0.79266256,0.79670143,0.0047932029701769,0.00080245733,0.0040388703,0.00080245733
Persistence,3,18,0.7913686,0.7918601,0.7918601,0.78979886,0.0047932029701769,0.0004914999,0.0020612478,0.0004914999
Persistence,3,18,0.78780687,0.7913686,0.7913686,0.7913971,0.0047932029701769,0.0035617352,2.849102e-05,0.0035617352
Persistence,3,18,0.78172463,0.78780687,0.78780687,0.78523386,0.0047932029701769,0.0060822368,0.0025730133,0.0060822368
Persistence,3,18,0.7747814,0.78172463,0.78172463,0.7701117,0.0047932029701769,0.006943226,0.011612952,0.006943226
Persistence,3,18,0.7674187,0.7747814,0.7747814,0.7681226,0.0047932029701769,0.0073627234,0.0066587925,0.0073627234
Persistence,3,18,0.7603043,0.7674187,0.7674187,0.75985795,0.0047932029701769,0.0071144104,0.00756073,0.0071144104
Persistence,3,18,0.7533646,0.7603043,0.7603043,0.7539911,0.0047932029701769,0.0069396496,0.006313145,0.0069396496
MQAttn-LSTM-VQR,3,11,0.8925278,0.89242375,0.9011131,0.89828104,0.0047932029701769,0.00010406971,0.005857289,0.008585274
MQAttn-LSTM-VQR,3,11,0.8848945,0.8854741,0.8925278,0.8748538,0.0047932029701769,0.00057959557,0.010620296,0.0076333284
MQAttn-LSTM-VQR,3,11,0.8768973,0.8779859,0.8848945,0.8735511,0.0047932029701769,0.0010886192,0.004434824,0.007997215
MQAttn-LSTM-VQR,3,11,0.87119853,0.8693445,0.8768973,0.8741989,0.0047932029701769,0.0018540621,0.0048544407,0.0056987405
MQAttn-LSTM-VQR,3,11,0.8675442,0.86680406,0.87119853,0.86663264,0.0047932029701769,0.0007401109,0.00017142296,0.0036543608
MQAttn-LSTM-VQR,3,11,0.86363524,0.8651867,0.8675442,0.86207616,0.0047932029701769,0.0015514493,0.003110528,0.003908932
MQAttn-LSTM-VQR,3,11,0.85859555,0.86150277,0.86363524,0.86188084,0.0047932029701769,0.0029072165,0.00037807226,0.005039692
MQAttn-LSTM-VQR,3,11,0.852152,0.85281575,0.85859555,0.8551565,0.0047932029701769,0.0006637573,0.002340734,0.00644356
MQAttn-LSTM-VQR,3,11,0.8451777,0.846071,0.852152,0.84130627,0.0047932029701769,0.0008932948,0.0047647357,0.00697428
MQAttn-LSTM-VQR,3,11,0.8388048,0.8388033,0.8451777,0.8365026,0.0047932029701769,1.4901161e-06,0.0023006797,0.0063729286
MQAttn-LSTM-VQR,3,11,0.83412397,0.82922447,0.8388048,0.8349689,0.0047932029701769,0.004899502,0.0057444572,0.0046808124
MQAttn-LSTM-VQR,3,11,0.830416,0.8259566,0.83412397,0.8318545,0.0047932029701769,0.0044594407,0.005897939,0.0037079453
MQAttn-LSTM-VQR,3,11,0.8265644,0.8226802,0.830416,0.8238845,0.0047932029701769,0.0038841963,0.0012043118,0.0038516521
MQAttn-LSTM-VQR,3,11,0.8216436,0.8167964,0.8265644,0.82502633,0.0047932029701769,0.004847169,0.008229911,0.0049207807
MQAttn-LSTM-VQR,3,11,0.81657845,0.81165665,0.8216436,0.816571,0.0047932029701769,0.004921794,0.0049143434,0.005065143
MQAttn-LSTM-VQR,3,11,0.8107389,0.80768824,0.81657845,0.809723,0.0047932029701769,0.003050685,0.0020347834,0.0058395267
MQAttn-LSTM-VQR,3,11,0.805129,0.80469304,0.8107389,0.80577993,0.0047932029701769,0.00043594837,0.0010868907,0.0056099296
MQAttn-LSTM-VQR,3,11,0.8011157,0.79936075,0.805129,0.7971635,0.0047932029701769,0.0017549396,0.0021972656,0.0040133
MQAttn-LSTM-VQR,3,11,0.7971657,0.79561275,0.8011157,0.7992884,0.0047932029701769,0.0015529394,0.0036756396,0.00395
MQAttn-LSTM-VQR,3,11,0.79278433,0.79164386,0.7971657,0.7948005,0.0047932029701769,0.0011404753,0.003156662,0.0043813586
MQAttn-LSTM-VQR,3,11,0.78837067,0.7893888,0.79278433,0.7873646,0.0047932029701769,0.0010181069,0.0020241737,0.0044136643
MQAttn-LSTM-VQR,3,11,0.7837538,0.7818118,0.78837067,0.78333336,0.0047932029701769,0.0019420385,0.0015215874,0.0046168566
MQAttn-LSTM-VQR,3,18,0.8640788,0.8655373,0.8723666,0.86617476,0.0047932029701769,0.001458466,0.0006374717,0.008287787
MQAttn-LSTM-VQR,3,18,0.8583448,0.8585252,0.8640788,0.8572052,0.0047932029701769,0.00018042326,0.0013200045,0.0057340264
MQAttn-LSTM-VQR,3,18,0.8529868,0.85189325,0.8583448,0.85067445,0.0047932029701769,0.0010935664,0.0012187958,0.0053579807
MQAttn-LSTM-VQR,3,18,0.84912705,0.84934443,0.8529868,0.8502848,0.0047932029701769,0.00021737814,0.0009403825,0.0038597584
MQAttn-LSTM-VQR,3,18,0.8475556,0.8475678,0.84912705,0.8421969,0.0047932029701769,1.2218952e-05,0.005370915,0.0015714765
MQAttn-LSTM-VQR,3,18,0.845765,0.84318304,0.8475556,0.8492865,0.0047932029701769,0.002581954,0.006103456,0.0017905831
MQAttn-LSTM-VQR,3,18,0.84329724,0.8423962,0.845765,0.8452745,0.0047932029701769,0.0009010434,0.0028783083,0.0024677515
MQAttn-LSTM-VQR,3,18,0.83848864,0.8392739,0.84329724,0.8395689,0.0047932029701769,0.0007852912,0.0002949834,0.0048086047
MQAttn-LSTM-VQR,3,18,0.831725,0.83209926,0.83848864,0.8315261,0.0047932029701769,0.00037425756,0.00057315826,0.006763637
MQAttn-LSTM-VQR,3,18,0.8244713,0.8253274,0.831725,0.8248416,0.0047932029701769,0.0008561015,0.00048577785,0.0072537065
MQAttn-LSTM-VQR,3,18,0.8175294,0.8187562,0.8244713,0.8162286,0.0047932029701769,0.0012268424,0.0025275946,0.0069419146
MQAttn-LSTM-VQR,3,18,0.81025714,0.811798,0.8175294,0.81128544,0.0047932029701769,0.0015408397,0.00051254034,0.0072722435
MQAttn-LSTM-VQR,3,18,0.8025123,0.808506,0.81025714,0.8165611,0.0047932029701769,0.005993724,0.008055091,0.0077448487
MQAttn-LSTM-VQR,3,18,0.7968138,0.8004993,0.8025123,0.7939301,0.0047932029701769,0.003685534,0.0065692067,0.005698502
MQAttn-LSTM-VQR,3,18,0.79266256,0.7970072,0.7968138,0.78623885,0.0047932029701769,0.004344642,0.010768354,0.004151225
MQAttn-LSTM-VQR,3,18,0.7918601,0.7920771,0.79266256,0.79670143,0.0047932029701769,0.00021702051,0.004624307,0.00080245733
MQAttn-LSTM-VQR,3,18,0.7913686,0.7888148,0.7918601,0.78979886,0.0047932029701769,0.0025538206,0.0009840727,0.0004914999
MQAttn-LSTM-VQR,3,18,0.78780687,0.78745925,0.7913686,0.7913971,0.0047932029701769,0.0003476143,0.0039378405,0.0035617352
MQAttn-LSTM-VQR,3,18,0.78172463,0.78449255,0.78780687,0.78523386,0.0047932029701769,0.0027679205,0.00074130297,0.0060822368
MQAttn-LSTM-VQR,3,18,0.7747814,0.7793806,0.78172463,0.7701117,0.0047932029701769,0.0045992136,0.0092689395,0.006943226
MQAttn-LSTM-VQR,3,18,0.7674187,0.77102697,0.7747814,0.7681226,0.0047932029701769,0.0036082864,0.0029043555,0.0073627234
MQAttn-LSTM-VQR,3,18,0.7603043,0.76415026,0.7674187,0.75985795,0.0047932029701769,0.0038459897,0.0042923093,0.0071144104
MQAttn-LSTM-VQR,3,18,0.7533646,0.75611854,0.7603043,0.7539911,0.0047932029701769,0.0027539134,0.002127409,0.0069396496
MQAttn-LSTM-VQR classical twin,3,11,0.8925278,0.8936307,0.9011131,0.89828104,0.0047932029701769,0.0011028647,0.0046503544,0.008585274
MQAttn-LSTM-VQR classical twin,3,11,0.8848945,0.88341045,0.8925278,0.8748538,0.0047932029701769,0.0014840364,0.008556664,0.0076333284
MQAttn-LSTM-VQR classical twin,3,11,0.8768973,0.87929595,0.8848945,0.8735511,0.0047932029701769,0.0023986697,0.0057448745,0.007997215
MQAttn-LSTM-VQR classical twin,3,11,0.87119853,0.8754969,0.8768973,0.8741989,0.0047932029701769,0.004298389,0.0012980103,0.0056987405
MQAttn-LSTM-VQR classical twin,3,11,0.8675442,0.8706758,0.87119853,0.86663264,0.0047932029701769,0.003131628,0.004043162,0.0036543608
MQAttn-LSTM-VQR classical twin,3,11,0.86363524,0.8653398,0.8675442,0.86207616,0.0047932029701769,0.0017045736,0.0032636523,0.003908932
MQAttn-LSTM-VQR classical twin,3,11,0.85859555,0.86040384,0.86363524,0.86188084,0.0047932029701769,0.0018082857,0.0014770031,0.005039692
MQAttn-LSTM-VQR classical twin,3,11,0.852152,0.85474014,0.85859555,0.8551565,0.0047932029701769,0.002588153,0.00041633844,0.00644356
MQAttn-LSTM-VQR classical twin,3,11,0.8451777,0.84766734,0.852152,0.84130627,0.0047932029701769,0.0024896264,0.0063610673,0.00697428
MQAttn-LSTM-VQR classical twin,3,11,0.8388048,0.840613,0.8451777,0.8365026,0.0047932029701769,0.0018082261,0.004110396,0.0063729286
MQAttn-LSTM-VQR classical twin,3,11,0.83412397,0.835127,0.8388048,0.8349689,0.0047932029701769,0.001003027,0.00015807152,0.0046808124
MQAttn-LSTM-VQR classical twin,3,11,0.830416,0.830719,0.83412397,0.8318545,0.0047932029701769,0.0003029704,0.0011355281,0.0037079453
MQAttn-LSTM-VQR classical twin,3,11,0.8265644,0.8286556,0.830416,0.8238845,0.0047932029701769,0.002091229,0.0047711134,0.0038516521
MQAttn-LSTM-VQR classical twin,3,11,0.8216436,0.823423,0.8265644,0.82502633,0.0047932029701769,0.0017794371,0.0016033053,0.0049207807
MQAttn-LSTM-VQR classical twin,3,11,0.81657845,0.8193501,0.8216436,0.816571,0.0047932029701769,0.0027716756,0.0027791262,0.005065143
MQAttn-LSTM-VQR classical twin,3,11,0.8107389,0.81109303,0.81657845,0.809723,0.0047932029701769,0.0003541112,0.0013700128,0.0058395267
MQAttn-LSTM-VQR classical twin,3,11,0.805129,0.8048767,0.8107389,0.80577993,0.0047932029701769,0.00025230646,0.0009032488,0.0056099296
MQAttn-LSTM-VQR classical twin,3,11,0.8011157,0.79897636,0.805129,0.7971635,0.0047932029701769,0.00213933,0.0018128753,0.0040133
MQAttn-LSTM-VQR classical twin,3,11,0.7971657,0.7969577,0.8011157,0.7992884,0.0047932029701769,0.00020802021,0.0023307204,0.00395
MQAttn-LSTM-VQR classical twin,3,11,0.79278433,0.79208577,0.7971657,0.7948005,0.0047932029701769,0.00069856644,0.0027147532,0.0043813586
MQAttn-LSTM-VQR classical twin,3,11,0.78837067,0.78892267,0.79278433,0.7873646,0.0047932029701769,0.0005519986,0.0015580654,0.0044136643
MQAttn-LSTM-VQR classical twin,3,11,0.7837538,0.7844269,0.78837067,0.78333336,0.0047932029701769,0.00067311525,0.0010935664,0.0046168566
MQAttn-LSTM-VQR classical twin,3,18,0.8640788,0.8678288,0.8723666,0.86617476,0.0047932029701769,0.0037499666,0.0016540289,0.008287787
MQAttn-LSTM-VQR classical twin,3,18,0.8583448,0.8595671,0.8640788,0.8572052,0.0047932029701769,0.0012223125,0.0023618937,0.0057340264
MQAttn-LSTM-VQR classical twin,3,18,0.8529868,0.8542967,0.8583448,0.85067445,0.0047932029701769,0.0013098717,0.0036222339,0.0053579807
MQAttn-LSTM-VQR classical twin,3,18,0.84912705,0.8461255,0.8529868,0.8502848,0.0047932029701769,0.0030015707,0.0041593313,0.0038597584
MQAttn-LSTM-VQR classical twin,3,18,0.8475556,0.84397256,0.84912705,0.8421969,0.0047932029701769,0.003583014,0.001775682,0.0015714765
MQAttn-LSTM-VQR classical twin,3,18,0.845765,0.84402287,0.8475556,0.8492865,0.0047932029701769,0.0017421246,0.0052636266,0.0017905831
MQAttn-LSTM-VQR classical twin,3,18,0.84329724,0.8432032,0.845765,0.8452745,0.0047932029701769,9.405613e-05,0.002071321,0.0024677515
MQAttn-LSTM-VQR classical twin,3,18,0.83848864,0.8410858,0.84329724,0.8395689,0.0047932029701769,0.0025971532,0.0015168786,0.0048086047
MQAttn-LSTM-VQR classical twin,3,18,0.831725,0.83618426,0.83848864,0.8315261,0.0047932029701769,0.004459262,0.0046581626,0.006763637
MQAttn-LSTM-VQR classical twin,3,18,0.8244713,0.828446,0.831725,0.8248416,0.0047932029701769,0.003974676,0.0036043525,0.0072537065
MQAttn-LSTM-VQR classical twin,3,18,0.8175294,0.82050097,0.8244713,0.8162286,0.0047932029701769,0.0029715896,0.0042723417,0.0069419146
MQAttn-LSTM-VQR classical twin,3,18,0.81025714,0.8134568,0.8175294,0.81128544,0.0047932029701769,0.003199637,0.0021713376,0.0072722435
MQAttn-LSTM-VQR classical twin,3,18,0.8025123,0.8048044,0.81025714,0.8165611,0.0047932029701769,0.0022920966,0.011756718,0.0077448487
MQAttn-LSTM-VQR classical twin,3,18,0.7968138,0.7995944,0.8025123,0.7939301,0.0047932029701769,0.0027806163,0.005664289,0.005698502
MQAttn-LSTM-VQR classical twin,3,18,0.79266256,0.7967873,0.7968138,0.78623885,0.0047932029701769,0.0041247606,0.010548472,0.004151225
MQAttn-LSTM-VQR classical twin,3,18,0.7918601,0.79247713,0.79266256,0.79670143,0.0047932029701769,0.0006170273,0.0042243004,0.00080245733
MQAttn-LSTM-VQR classical twin,3,18,0.7913686,0.78859293,0.7918601,0.78979886,0.0047932029701769,0.002775669,0.0012059212,0.0004914999
MQAttn-LSTM-VQR classical twin,3,18,0.78780687,0.78902376,0.7913686,0.7913971,0.0047932029701769,0.0012168884,0.0023733377,0.0035617352
MQAttn-LSTM-VQR classical twin,3,18,0.78172463,0.7824545,0.78780687,0.78523386,0.0047932029701769,0.0007298589,0.0027793646,0.0060822368
MQAttn-LSTM-VQR classical twin,3,18,0.7747814,0.77850884,0.78172463,0.7701117,0.0047932029701769,0.003727436,0.008397162,0.006943226
MQAttn-LSTM-VQR classical twin,3,18,0.7674187,0.7718428,0.7747814,0.7681226,0.0047932029701769,0.004424095,0.0037201643,0.0073627234
MQAttn-LSTM-VQR classical twin,3,18,0.7603043,0.76448554,0.7674187,0.75985795,0.0047932029701769,0.004181266,0.0046275854,0.0071144104
MQAttn-LSTM-VQR classical twin,3,18,0.7533646,0.75714254,0.7603043,0.7539911,0.0047932029701769,0.0037779212,0.0031514168,0.0069396496
MQAttn-QLSTM-VQR,3,11,0.8925278,0.89566565,0.9011131,0.89828104,0.0047932029701769,0.003137827,0.0026153922,0.008585274
MQAttn-QLSTM-VQR,3,11,0.8848945,0.88756394,0.8925278,0.8748538,0.0047932029701769,0.0026694536,0.012710154,0.0076333284
MQAttn-QLSTM-VQR,3,11,0.8768973,0.880003,0.8848945,0.8735511,0.0047932029701769,0.0031057,0.006451905,0.007997215
MQAttn-QLSTM-VQR,3,11,0.87119853,0.8716093,0.8768973,0.8741989,0.0047932029701769,0.0004107356,0.002589643,0.0056987405
MQAttn-QLSTM-VQR,3,11,0.8675442,0.8684324,0.87119853,0.86663264,0.0047932029701769,0.0008882284,0.0017997622,0.0036543608
MQAttn-QLSTM-VQR,3,11,0.86363524,0.8647597,0.8675442,0.86207616,0.0047932029701769,0.0011244416,0.0026835203,0.003908932
MQAttn-QLSTM-VQR,3,11,0.85859555,0.8602451,0.86363524,0.86188084,0.0047932029701769,0.0016495585,0.0016357303,0.005039692
MQAttn-QLSTM-VQR,3,11,0.852152,0.8540216,0.85859555,0.8551565,0.0047932029701769,0.0018696189,0.0011348724,0.00644356
MQAttn-QLSTM-VQR,3,11,0.8451777,0.8473878,0.852152,0.84130627,0.0047932029701769,0.0022100806,0.0060815215,0.00697428
MQAttn-QLSTM-VQR,3,11,0.8388048,0.84090865,0.8451777,0.8365026,0.0047932029701769,0.0021038651,0.004406035,0.0063729286
MQAttn-QLSTM-VQR,3,11,0.83412397,0.8335763,0.8388048,0.8349689,0.0047932029701769,0.0005476475,0.0013926029,0.0046808124
MQAttn-QLSTM-VQR,3,11,0.830416,0.8295855,0.83412397,0.8318545,0.0047932029701769,0.0008305311,0.0022690296,0.0037079453
MQAttn-QLSTM-VQR,3,11,0.8265644,0.82628155,0.830416,0.8238845,0.0047932029701769,0.00028282404,0.0023970604,0.0038516521
MQAttn-QLSTM-VQR,3,11,0.8216436,0.8219041,0.8265644,0.82502633,0.0047932029701769,0.0002605319,0.0031222105,0.0049207807
MQAttn-QLSTM-VQR,3,11,0.81657845,0.8178117,0.8216436,0.816571,0.0047932029701769,0.0012332797,0.0012407303,0.005065143
MQAttn-QLSTM-VQR,3,11,0.8107389,0.81255394,0.81657845,0.809723,0.0047932029701769,0.001815021,0.0028309226,0.0058395267
MQAttn-QLSTM-VQR,3,11,0.805129,0.8077386,0.8107389,0.80577993,0.0047932029701769,0.0026096106,0.0019586682,0.0056099296
MQAttn-QLSTM-VQR,3,11,0.8011157,0.8018834,0.805129,0.7971635,0.0047932029701769,0.0007677078,0.004719913,0.0040133
MQAttn-QLSTM-VQR,3,11,0.7971657,0.797983,0.8011157,0.7992884,0.0047932029701769,0.0008172989,0.0013054013,0.00395
MQAttn-QLSTM-VQR,3,11,0.79278433,0.793891,0.7971657,0.7948005,0.0047932029701769,0.0011066794,0.0009095073,0.0043813586
MQAttn-QLSTM-VQR,3,11,0.78837067,0.7898707,0.79278433,0.7873646,0.0047932029701769,0.0015000105,0.0025060773,0.0044136643
MQAttn-QLSTM-VQR,3,11,0.7837538,0.7848773,0.78837067,0.78333336,0.0047932029701769,0.001123488,0.0015439391,0.0046168566
MQAttn-QLSTM-VQR,3,18,0.8640788,0.8664438,0.8723666,0.86617476,0.0047932029701769,0.002364993,0.00026905537,0.008287787
MQAttn-QLSTM-VQR,3,18,0.8583448,0.85812634,0.8640788,0.8572052,0.0047932029701769,0.00021845102,0.0009211302,0.0057340264
MQAttn-QLSTM-VQR,3,18,0.8529868,0.8524396,0.8583448,0.85067445,0.0047932029701769,0.00054723024,0.001765132,0.0053579807
MQAttn-QLSTM-VQR,3,18,0.84912705,0.8476435,0.8529868,0.8502848,0.0047932029701769,0.0014835596,0.0026413202,0.0038597584
MQAttn-QLSTM-VQR,3,18,0.8475556,0.8437173,0.84912705,0.8421969,0.0047932029701769,0.0038383007,0.0015203953,0.0015714765
MQAttn-QLSTM-VQR,3,18,0.845765,0.8457939,0.8475556,0.8492865,0.0047932029701769,2.8908253e-05,0.0034925938,0.0017905831
MQAttn-QLSTM-VQR,3,18,0.84329724,0.84412694,0.845765,0.8452745,0.0047932029701769,0.00082969666,0.0011475682,0.0024677515
MQAttn-QLSTM-VQR,3,18,0.83848864,0.8409505,0.84329724,0.8395689,0.0047932029701769,0.0024618506,0.0013815761,0.0048086047
MQAttn-QLSTM-VQR,3,18,0.831725,0.83554846,0.83848864,0.8315261,0.0047932029701769,0.0038234591,0.00402236,0.006763637
MQAttn-QLSTM-VQR,3,18,0.8244713,0.82871145,0.831725,0.8248416,0.0047932029701769,0.004240155,0.0038698316,0.0072537065
MQAttn-QLSTM-VQR,3,18,0.8175294,0.82167184,0.8244713,0.8162286,0.0047932029701769,0.004142463,0.0054432154,0.0069419146
MQAttn-QLSTM-VQR,3,18,0.81025714,0.814597,0.8175294,0.81128544,0.0047932029701769,0.004339874,0.0033115745,0.0072722435
MQAttn-QLSTM-VQR,3,18,0.8025123,0.8077044,0.81025714,0.8165611,0.0047932029701769,0.005192101,0.008856714,0.0077448487
MQAttn-QLSTM-VQR,3,18,0.7968138,0.8007863,0.8025123,0.7939301,0.0047932029701769,0.0039725304,0.006856203,0.005698502
MQAttn-QLSTM-VQR,3,18,0.79266256,0.79614854,0.7968138,0.78623885,0.0047932029701769,0.0034859776,0.009909689,0.004151225
MQAttn-QLSTM-VQR,3,18,0.7918601,0.7922058,0.79266256,0.79670143,0.0047932029701769,0.00034570694,0.0044956207,0.00080245733
MQAttn-QLSTM-VQR,3,18,0.7913686,0.7902057,0.7918601,0.78979886,0.0047932029701769,0.0011628866,0.0004068613,0.0004914999
MQAttn-QLSTM-VQR,3,18,0.78780687,0.78990597,0.7913686,0.7913971,0.0047932029701769,0.0020990968,0.0014911294,0.0035617352
MQAttn-QLSTM-VQR,3,18,0.78172463,0.7850767,0.78780687,0.78523386,0.0047932029701769,0.003352046,0.00015717745,0.0060822368
MQAttn-QLSTM-VQR,3,18,0.7747814,0.7798888,0.78172463,0.7701117,0.0047932029701769,0.005107403,0.009777129,0.006943226
MQAttn-QLSTM-VQR,3,18,0.7674187,0.7728574,0.7747814,0.7681226,0.0047932029701769,0.005438745,0.004734814,0.0073627234
MQAttn-QLSTM-VQR,3,18,0.7603043,0.7652031,0.7674187,0.75985795,0.0047932029701769,0.004898846,0.0053451657,0.0071144104
MQAttn-QLSTM-VQR,3,18,0.7533646,0.75871146,0.7603043,0.7539911,0.0047932029701769,0.0053468347,0.0047203302,0.0069396496
MQAttn-QLSTM-VQR classical twin,3,11,0.8925278,0.89496505,0.9011131,0.89828104,0.0047932029701769,0.002437234,0.0033159852,0.008585274
MQAttn-QLSTM-VQR classical twin,3,11,0.8848945,0.8868862,0.8925278,0.8748538,0.0047932029701769,0.0019916892,0.01203239,0.0076333284
MQAttn-QLSTM-VQR classical twin,3,11,0.8768973,0.8792608,0.8848945,0.8735511,0.0047932029701769,0.002363503,0.0057097077,0.007997215
MQAttn-QLSTM-VQR classical twin,3,11,0.87119853,0.871457,0.8768973,0.8741989,0.0047932029701769,0.00025844574,0.0027419329,0.0056987405
MQAttn-QLSTM-VQR classical twin,3,11,0.8675442,0.86708814,0.87119853,0.86663264,0.0047932029701769,0.00045603514,0.0004554987,0.0036543608
MQAttn-QLSTM-VQR classical twin,3,11,0.86363524,0.8644657,0.8675442,0.86207616,0.0047932029701769,0.0008304715,0.0023895502,0.003908932
MQAttn-QLSTM-VQR classical twin,3,11,0.85859555,0.85927844,0.86363524,0.86188084,0.0047932029701769,0.0006828904,0.0026023984,0.005039692
MQAttn-QLSTM-VQR classical twin,3,11,0.852152,0.85340106,0.85859555,0.8551565,0.0047932029701769,0.0012490749,0.0017554164,0.00644356
MQAttn-QLSTM-VQR classical twin,3,11,0.8451777,0.84664786,0.852152,0.84130627,0.0047932029701769,0.0014701486,0.0053415895,0.00697428
MQAttn-QLSTM-VQR classical twin,3,11,0.8388048,0.8398336,0.8451777,0.8365026,0.0047932029701769,0.0010288358,0.0033310056,0.0063729286
MQAttn-QLSTM-VQR classical twin,3,11,0.83412397,0.8339183,0.8388048,0.8349689,0.0047932029701769,0.00020569563,0.0010506511,0.0046808124
MQAttn-QLSTM-VQR classical twin,3,11,0.830416,0.829673,0.83412397,0.8318545,0.0047932029701769,0.0007430315,0.00218153,0.0037079453
MQAttn-QLSTM-VQR classical twin,3,11,0.8265644,0.8265622,0.830416,0.8238845,0.0047932029701769,2.1457672e-06,0.0026777387,0.0038516521
MQAttn-QLSTM-VQR classical twin,3,11,0.8216436,0.82294947,0.8265644,0.82502633,0.0047932029701769,0.0013058782,0.0020768642,0.0049207807
MQAttn-QLSTM-VQR classical twin,3,11,0.81657845,0.8179148,0.8216436,0.816571,0.0047932029701769,0.0013363361,0.0013437867,0.005065143
MQAttn-QLSTM-VQR classical twin,3,11,0.8107389,0.81358033,0.81657845,0.809723,0.0047932029701769,0.002841413,0.0038573146,0.0058395267
MQAttn-QLSTM-VQR classical twin,3,11,0.805129,0.80779827,0.8107389,0.80577993,0.0047932029701769,0.0026692748,0.0020183325,0.0056099296
MQAttn-QLSTM-VQR classical twin,3,11,0.8011157,0.80208546,0.805129,0.7971635,0.0047932029701769,0.00096976757,0.0049219728,0.0040133
MQAttn-QLSTM-VQR classical twin,3,11,0.7971657,0.7979789,0.8011157,0.7992884,0.0047932029701769,0.00081318617,0.001309514,0.00395
MQAttn-QLSTM-VQR classical twin,3,11,0.79278433,0.79358345,0.7971657,0.7948005,0.0047932029701769,0.0007991195,0.0012170672,0.0043813586
MQAttn-QLSTM-VQR classical twin,3,11,0.78837067,0.7892483,0.79278433,0.7873646,0.0047932029701769,0.0008776188,0.0018836856,0.0044136643
MQAttn-QLSTM-VQR classical twin,3,11,0.7837538,0.7844663,0.78837067,0.78333336,0.0047932029701769,0.0007125139,0.0011329651,0.0046168566
MQAttn-QLSTM-VQR classical twin,3,18,0.8640788,0.8692936,0.8723666,0.86617476,0.0047932029701769,0.0052147508,0.003118813,0.008287787
MQAttn-QLSTM-VQR classical twin,3,18,0.8583448,0.860615,0.8640788,0.8572052,0.0047932029701769,0.0022702217,0.003409803,0.0057340264
MQAttn-QLSTM-VQR classical twin,3,18,0.8529868,0.85436606,0.8583448,0.85067445,0.0047932029701769,0.0013792515,0.0036916137,0.0053579807
MQAttn-QLSTM-VQR classical twin,3,18,0.84912705,0.85036224,0.8529868,0.8502848,0.0047932029701769,0.001235187,7.742643e-05,0.0038597584
MQAttn-QLSTM-VQR classical twin,3,18,0.8475556,0.84577835,0.84912705,0.8421969,0.0047932029701769,0.0017772317,0.0035814643,0.0015714765
MQAttn-QLSTM-VQR classical twin,3,18,0.845765,0.84720284,0.8475556,0.8492865,0.0047932029701769,0.0014378428,0.0020836592,0.0017905831
MQAttn-QLSTM-VQR classical twin,3,18,0.84329724,0.8439281,0.845765,0.8452745,0.0047932029701769,0.00063085556,0.0013464093,0.0024677515
MQAttn-QLSTM-VQR classical twin,3,18,0.83848864,0.8404439,0.84329724,0.8395689,0.0047932029701769,0.0019552708,0.0008749962,0.0048086047
MQAttn-QLSTM-VQR classical twin,3,18,0.831725,0.8348575,0.83848864,0.8315261,0.0047932029701769,0.003132522,0.0033314228,0.006763637
MQAttn-QLSTM-VQR classical twin,3,18,0.8244713,0.82806253,0.831725,0.8248416,0.0047932029701769,0.0035912395,0.0032209158,0.0072537065
MQAttn-QLSTM-VQR classical twin,3,18,0.8175294,0.82084143,0.8244713,0.8162286,0.0047932029701769,0.0033120513,0.0046128035,0.0069419146
MQAttn-QLSTM-VQR classical twin,3,18,0.81025714,0.8142707,0.8175294,0.81128544,0.0047932029701769,0.0040135384,0.002985239,0.0072722435
MQAttn-QLSTM-VQR classical twin,3,18,0.8025123,0.8071126,0.81025714,0.8165611,0.0047932029701769,0.0046002865,0.009448528,0.0077448487
MQAttn-QLSTM-VQR classical twin,3,18,0.7968138,0.7997991,0.8025123,0.7939301,0.0047932029701769,0.0029852986,0.0058689713,0.005698502
MQAttn-QLSTM-VQR classical twin,3,18,0.79266256,0.7948515,0.7968138,0.78623885,0.0047932029701769,0.002188921,0.008612633,0.004151225
MQAttn-QLSTM-VQR classical twin,3,18,0.7918601,0.79105,0.79266256,0.79670143,0.0047932029701769,0.0008100867,0.0056514144,0.00080245733
MQAttn-QLSTM-VQR classical twin,3,18,0.7913686,0.79060465,0.7918601,0.78979886,0.0047932029701769,0.00076395273,0.0008057952,0.0004914999
MQAttn-QLSTM-VQR classical twin,3,18,0.78780687,0.7895533,0.7913686,0.7913971,0.0047932029701769,0.0017464161,0.0018438101,0.0035617352
MQAttn-QLSTM-VQR classical twin,3,18,0.78172463,0.78577024,0.78780687,0.78523386,0.0047932029701769,0.0040456057,0.0005363822,0.0060822368
MQAttn-QLSTM-VQR classical twin,3,18,0.7747814,0.7794672,0.78172463,0.7701117,0.0047932029701769,0.004685819,0.009355545,0.006943226
MQAttn-QLSTM-VQR classical twin,3,18,0.7674187,0.77235276,0.7747814,0.7681226,0.0047932029701769,0.0049340725,0.0042301416,0.0073627234
MQAttn-QLSTM-VQR classical twin,3,18,0.7603043,0.7653669,0.7674187,0.75985795,0.0047932029701769,0.0050626397,0.0055089593,0.0071144104
MQAttn-QLSTM-VQR classical twin,3,18,0.7533646,0.7580296,0.7603043,0.7539911,0.0047932029701769,0.0046649575,0.004038453,0.0069396496
QLSTM,3,11,0.8925278,0.89321536,0.9011131,0.89828104,0.0047932029701769,0.0006875396,0.0050656796,0.008585274
QLSTM,3,11,0.8848945,0.8845826,0.8925278,0.8748538,0.0047932029701769,0.0003119111,0.009728789,0.0076333284
QLSTM,3,11,0.8768973,0.8776968,0.8848945,0.8735511,0.0047932029701769,0.0007995367,0.0041457415,0.007997215
QLSTM,3,11,0.87119853,0.8714873,0.8768973,0.8741989,0.0047932029701769,0.0002887845,0.002711594,0.0056987405
QLSTM,3,11,0.8675442,0.8690564,0.87119853,0.86663264,0.0047932029701769,0.0015122294,0.0024237633,0.0036543608
QLSTM,3,11,0.86363524,0.8648982,0.8675442,0.86207616,0.0047932029701769,0.0012629628,0.0028220415,0.003908932
QLSTM,3,11,0.85859555,0.8604262,0.86363524,0.86188084,0.0047932029701769,0.0018306375,0.0014546514,0.005039692
QLSTM,3,11,0.852152,0.8545785,0.85859555,0.8551565,0.0047932029701769,0.002426505,0.00057798624,0.00644356
QLSTM,3,11,0.8451777,0.84791917,0.852152,0.84130627,0.0047932029701769,0.002741456,0.006612897,0.00697428
QLSTM,3,11,0.8388048,0.8408536,0.8451777,0.8365026,0.0047932029701769,0.0020487905,0.0043509603,0.0063729286
QLSTM,3,11,0.83412397,0.834422,0.8388048,0.8349689,0.0047932029701769,0.00029802322,0.0005469322,0.0046808124
QLSTM,3,11,0.830416,0.8310554,0.83412397,0.8318545,0.0047932029701769,0.000639379,0.0007991195,0.0037079453
QLSTM,3,11,0.8265644,0.8278573,0.830416,0.8238845,0.0047932029701769,0.001292944,0.0039728284,0.0038516521
QLSTM,3,11,0.8216436,0.8230694,0.8265644,0.82502633,0.0047932029701769,0.0014258027,0.0019569397,0.0049207807
QLSTM,3,11,0.81657845,0.8180297,0.8216436,0.816571,0.0047932029701769,0.0014512539,0.0014587045,0.005065143
QLSTM,3,11,0.8107389,0.81255305,0.81657845,0.809723,0.0047932029701769,0.001814127,0.0028300285,0.0058395267
QLSTM,3,11,0.805129,0.8067009,0.8107389,0.80577993,0.0047932029701769,0.0015718937,0.00092095137,0.0056099296
QLSTM,3,11,0.8011157,0.8008616,0.805129,0.7971635,0.0047932029701769,0.0002540946,0.0036981106,0.0040133
QLSTM,3,11,0.7971657,0.7966891,0.8011157,0.7992884,0.0047932029701769,0.00047659874,0.002599299,0.00395
QLSTM,3,11,0.79278433,0.7927379,0.7971657,0.7948005,0.0047932029701769,4.643202e-05,0.0020626187,0.0043813586
QLSTM,3,11,0.78837067,0.7886414,0.79278433,0.7873646,0.0047932029701769,0.0002707243,0.0012767911,0.0044136643
QLSTM,3,11,0.7837538,0.7844574,0.78837067,0.78333336,0.0047932029701769,0.0007035732,0.0011240244,0.0046168566
QLSTM,3,18,0.8640788,0.8681761,0.8723666,0.86617476,0.0047932029701769,0.004097283,0.0020013452,0.008287787
QLSTM,3,18,0.8583448,0.8593799,0.8640788,0.8572052,0.0047932029701769,0.0010350943,0.0021746755,0.0057340264
QLSTM,3,18,0.8529868,0.85341823,0.8583448,0.85067445,0.0047932029701769,0.00043141842,0.0027437806,0.0053579807
QLSTM,3,18,0.84912705,0.8487398,0.8529868,0.8502848,0.0047932029701769,0.00038725138,0.001545012,0.0038597584
QLSTM,3,18,0.8475556,0.8460009,0.84912705,0.8421969,0.0047932029701769,0.001554668,0.003804028,0.0015714765
QLSTM,3,18,0.845765,0.84570265,0.8475556,0.8492865,0.0047932029701769,6.234646e-05,0.0035838485,0.0017905831
QLSTM,3,18,0.84329724,0.8436121,0.845765,0.8452745,0.0047932029701769,0.00031483173,0.0016624331,0.0024677515
QLSTM,3,18,0.83848864,0.8412017,0.84329724,0.8395689,0.0047932029701769,0.0027130842,0.0016328096,0.0048086047
QLSTM,3,18,0.831725,0.83540154,0.83848864,0.8315261,0.0047932029701769,0.0036765337,0.0038754344,0.006763637
QLSTM,3,18,0.8244713,0.8283889,0.831725,0.8248416,0.0047932029701769,0.0039176345,0.0035473108,0.0072537065
QLSTM,3,18,0.8175294,0.8202716,0.8244713,0.8162286,0.0047932029701769,0.002742231,0.004042983,0.0069419146
QLSTM,3,18,0.81025714,0.8130856,0.8175294,0.81128544,0.0047932029701769,0.0028284788,0.0018001795,0.0072722435
QLSTM,3,18,0.8025123,0.80589265,0.81025714,0.8165611,0.0047932029701769,0.0033803582,0.010668457,0.0077448487
QLSTM,3,18,0.7968138,0.7985431,0.8025123,0.7939301,0.0047932029701769,0.0017293096,0.0046129823,0.005698502
QLSTM,3,18,0.79266256,0.7924322,0.7968138,0.78623885,0.0047932029701769,0.00023037195,0.00619334,0.004151225
QLSTM,3,18,0.7918601,0.78811437,0.79266256,0.79670143,0.0047932029701769,0.0037457347,0.008587062,0.00080245733
QLSTM,3,18,0.7913686,0.78721297,0.7918601,0.78979886,0.0047932029701769,0.004155636,0.002585888,0.0004914999
QLSTM,3,18,0.78780687,0.787188,0.7913686,0.7913971,0.0047932029701769,0.000618875,0.004209101,0.0035617352
QLSTM,3,18,0.78172463,0.78334874,0.78780687,0.78523386,0.0047932029701769,0.0016241074,0.0018851161,0.0060822368
QLSTM,3,18,0.7747814,0.7777996,0.78172463,0.7701117,0.0047932029701769,0.0030182004,0.0076879263,0.006943226
QLSTM,3,18,0.7674187,0.7709847,0.7747814,0.7681226,0.0047932029701769,0.0035660267,0.0028620958,0.0073627234
QLSTM,3,18,0.7603043,0.7635597,0.7674187,0.75985795,0.0047932029701769,0.003255427,0.0037017465,0.0071144104
QLSTM,3,18,0.7533646,0.75628245,0.7603043,0.7539911,0.0047932029701769,0.0029178262,0.0022913218,0.0069396496
LSTM,3,11,0.8925278,0.8947073,0.9011131,0.89828104,0.0047932029701769,0.0021795034,0.0035737157,0.008585274
LSTM,3,11,0.8848945,0.8868728,0.8925278,0.8748538,0.0047932029701769,0.0019783378,0.012019038,0.0076333284
LSTM,3,11,0.8768973,0.8794228,0.8848945,0.8735511,0.0047932029701769,0.0025255084,0.005871713,0.007997215
LSTM,3,11,0.87119853,0.87146175,0.8768973,0.8741989,0.0047932029701769,0.0002632141,0.0027371645,0.0056987405
LSTM,3,11,0.8675442,0.8677151,0.87119853,0.86663264,0.0047932029701769,0.00017094612,0.00108248,0.0036543608
LSTM,3,11,0.86363524,0.86323905,0.8675442,0.86207616,0.0047932029701769,0.00039619207,0.0011628866,0.003908932
LSTM,3,11,0.85859555,0.85887367,0.86363524,0.86188084,0.0047932029701769,0.00027811527,0.0030071735,0.005039692
LSTM,3,11,0.852152,0.8530016,0.85859555,0.8551565,0.0047932029701769,0.0008496046,0.0021548867,0.00644356
LSTM,3,11,0.8451777,0.84643877,0.852152,0.84130627,0.0047932029701769,0.0012610555,0.0051324964,0.00697428
LSTM,3,11,0.8388048,0.8398836,0.8451777,0.8365026,0.0047932029701769,0.0010788441,0.0033810139,0.0063729286
LSTM,3,11,0.83412397,0.8305584,0.8388048,0.8349689,0.0047932029701769,0.0035655499,0.0044105053,0.0046808124
LSTM,3,11,0.830416,0.8279938,0.83412397,0.8318545,0.0047932029701769,0.0024222136,0.003860712,0.0037079453
LSTM,3,11,0.8265644,0.8263121,0.830416,0.8238845,0.0047932029701769,0.00025224686,0.0024276376,0.0038516521
LSTM,3,11,0.8216436,0.8216764,0.8265644,0.82502633,0.0047932029701769,3.2782555e-05,0.0033499599,0.0049207807
LSTM,3,11,0.81657845,0.81659055,0.8216436,0.816571,0.0047932029701769,1.2099743e-05,1.9550323e-05,0.005065143
LSTM,3,11,0.8107389,0.811922,0.81657845,0.809723,0.0047932029701769,0.0011830926,0.0021989942,0.0058395267
LSTM,3,11,0.805129,0.8064397,0.8107389,0.80577993,0.0047932029701769,0.0013107061,0.0006597638,0.0056099296
LSTM,3,11,0.8011157,0.80035233,0.805129,0.7971635,0.0047932029701769,0.0007633567,0.0031888485,0.0040133
LSTM,3,11,0.7971657,0.79678345,0.8011157,0.7992884,0.0047932029701769,0.0003822446,0.0025049448,0.00395
LSTM,3,11,0.79278433,0.7929851,0.7971657,0.7948005,0.0047932029701769,0.00020074844,0.0018154383,0.0043813586
LSTM,3,11,0.78837067,0.7888894,0.79278433,0.7873646,0.0047932029701769,0.0005187392,0.001524806,0.0044136643
LSTM,3,11,0.7837538,0.7838396,0.78837067,0.78333336,0.0047932029701769,8.5771084e-05,0.00050622225,0.0046168566
LSTM,3,18,0.8640788,0.8668401,0.8723666,0.86617476,0.0047932029701769,0.0027613044,0.00066536665,0.008287787
LSTM,3,18,0.8583448,0.85964704,0.8640788,0.8572052,0.0047932029701769,0.0013022423,0.0024418235,0.0057340264
LSTM,3,18,0.8529868,0.85356724,0.8583448,0.85067445,0.0047932029701769,0.00058043003,0.0028927922,0.0053579807
LSTM,3,18,0.84912705,0.84845734,0.8529868,0.8502848,0.0047932029701769,0.0006697178,0.0018274784,0.0038597584
LSTM,3,18,0.8475556,0.8441251,0.84912705,0.8421969,0.0047932029701769,0.0034304857,0.0019282103,0.0015714765
LSTM,3,18,0.845765,0.84405017,0.8475556,0.8492865,0.0047932029701769,0.0017148256,0.0052363276,0.0017905831
LSTM,3,18,0.84329724,0.84168965,0.845765,0.8452745,0.0047932029701769,0.0016075969,0.0035848618,0.0024677515
LSTM,3,18,0.83848864,0.8394726,0.84329724,0.8395689,0.0047932029701769,0.0009839535,9.6321106e-05,0.0048086047
LSTM,3,18,0.831725,0.8340048,0.83848864,0.8315261,0.0047932029701769,0.002279818,0.0024787188,0.006763637
LSTM,3,18,0.8244713,0.827444,0.831725,0.8248416,0.0047932029701769,0.002972722,0.0026023984,0.0072537065
LSTM,3,18,0.8175294,0.81983936,0.8244713,0.8162286,0.0047932029701769,0.002309978,0.0036107302,0.0069419146
LSTM,3,18,0.81025714,0.8122804,0.8175294,0.81128544,0.0047932029701769,0.0020232797,0.0009949803,0.0072722435
LSTM,3,18,0.8025123,0.8058414,0.81025714,0.8165611,0.0047932029701769,0.0033290982,0.010719717,0.0077448487
LSTM,3,18,0.7968138,0.7987142,0.8025123,0.7939301,0.0047932029701769,0.0019004345,0.004784107,0.005698502
LSTM,3,18,0.79266256,0.7937008,0.7968138,0.78623885,0.0047932029701769,0.0010382533,0.007461965,0.004151225
LSTM,3,18,0.7918601,0.78907025,0.79266256,0.79670143,0.0047932029701769,0.002789855,0.0076311827,0.00080245733
LSTM,3,18,0.7913686,0.78761715,0.7918601,0.78979886,0.0047932029701769,0.0037514567,0.0021817088,0.0004914999
LSTM,3,18,0.78780687,0.787273,0.7913686,0.7913971,0.0047932029701769,0.0005338788,0.004124105,0.0035617352
LSTM,3,18,0.78172463,0.78278697,0.78780687,0.78523386,0.0047932029701769,0.0010623336,0.0024468899,0.0060822368
LSTM,3,18,0.7747814,0.7781768,0.78172463,0.7701117,0.0047932029701769,0.0033953786,0.0080651045,0.006943226
LSTM,3,18,0.7674187,0.7711953,0.7747814,0.7681226,0.0047932029701769,0.00377661,0.003072679,0.0073627234
LSTM,3,18,0.7603043,0.7637308,0.7674187,0.75985795,0.0047932029701769,0.0034265518,0.0038728714,0.0071144104
LSTM,3,18,0.7533646,0.75678104,0.7603043,0.7539911,0.0047932029701769,0.003416419,0.0027899146,0.0069396496
GRU,3,11,0.8925278,0.88838077,0.9011131,0.89828104,0.0047932029701769,0.0041470528,0.009900272,0.008585274
GRU,3,11,0.8848945,0.88493526,0.8925278,0.8748538,0.0047932029701769,4.0769577e-05,0.01008147,0.0076333284
GRU,3,11,0.8768973,0.87748957,0.8848945,0.8735511,0.0047932029701769,0.00059229136,0.003938496,0.007997215
GRU,3,11,0.87119853,0.86708796,0.8768973,0.8741989,0.0047932029701769,0.0041105747,0.0071109533,0.0056987405
GRU,3,11,0.8675442,0.86104286,0.87119853,0.86663264,0.0047932029701769,0.006501317,0.005589783,0.0036543608
GRU,3,11,0.86363524,0.8582324,0.8675442,0.86207616,0.0047932029701769,0.005402863,0.0038437843,0.003908932
GRU,3,11,0.85859555,0.8567027,0.86363524,0.86188084,0.0047932029701769,0.0018928647,0.0051781535,0.005039692
GRU,3,11,0.852152,0.85512745,0.85859555,0.8551565,0.0047932029701769,0.0029754639,2.9027462e-05,0.00644356
GRU,3,11,0.8451777,0.849549,0.852152,0.84130627,0.0047932029701769,0.0043712854,0.008242726,0.00697428
GRU,3,11,0.8388048,0.8407788,0.8451777,0.8365026,0.0047932029701769,0.0019740462,0.004276216,0.0063729286
GRU,3,11,0.83412397,0.8423407,0.8388048,0.8349689,0.0047932029701769,0.008216739,0.0073717833,0.0046808124
GRU,3,11,0.830416,0.8366438,0.83412397,0.8318545,0.0047932029701769,0.0062277913,0.004789293,0.0037079453
GRU,3,11,0.8265644,0.83196175,0.830416,0.8238845,0.0047932029701769,0.0053973794,0.008077264,0.0038516521
GRU,3,11,0.8216436,0.83577025,0.8265644,0.82502633,0.0047932029701769,0.014126658,0.010743916,0.0049207807
GRU,3,11,0.81657845,0.8285432,0.8216436,0.816571,0.0047932029701769,0.011964738,0.011972189,0.005065143
GRU,3,11,0.8107389,0.82309103,0.81657845,0.809723,0.0047932029701769,0.012352109,0.0133680105,0.0058395267
GRU,3,11,0.805129,0.80943775,0.8107389,0.80577993,0.0047932029701769,0.00430876,0.0036578178,0.0056099296
GRU,3,11,0.8011157,0.8016491,0.805129,0.7971635,0.0047932029701769,0.00053340197,0.004485607,0.0040133
GRU,3,11,0.7971657,0.7962352,0.8011157,0.7992884,0.0047932029701769,0.0009304881,0.0030531883,0.00395
GRU,3,11,0.79278433,0.7920246,0.7971657,0.7948005,0.0047932029701769,0.0007597208,0.0027759075,0.0043813586
GRU,3,11,0.78837067,0.78763,0.79278433,0.7873646,0.0047932029701769,0.0007406473,0.00026541948,0.0044136643
GRU,3,11,0.7837538,0.77941084,0.78837067,0.78333336,0.0047932029701769,0.004342973,0.003922522,0.0046168566
GRU,3,18,0.8640788,0.86726123,0.8723666,0.86617476,0.0047932029701769,0.0031824112,0.0010864735,0.008287787
GRU,3,18,0.8583448,0.86238694,0.8640788,0.8572052,0.0047932029701769,0.0040421486,0.00518173,0.0057340264
GRU,3,18,0.8529868,0.8567369,0.8583448,0.85067445,0.0047932029701769,0.0037500858,0.006062448,0.0053579807
GRU,3,18,0.84912705,0.85350513,0.8529868,0.8502848,0.0047932029701769,0.0043780804,0.0032203197,0.0038597584
GRU,3,18,0.8475556,0.8511834,0.84912705,0.8421969,0.0047932029701769,0.0036278367,0.008986533,0.0015714765
GRU,3,18,0.845765,0.85175705,0.8475556,0.8492865,0.0047932029701769,0.005992055,0.002470553,0.0017905831
GRU,3,18,0.84329724,0.84863275,0.845765,0.8452745,0.0047932029701769,0.00533551,0.003358245,0.0024677515
GRU,3,18,0.83848864,0.84330577,0.84329724,0.8395689,0.0047932029701769,0.004817128,0.0037368536,0.0048086047
GRU,3,18,0.831725,0.8384441,0.83848864,0.8315261,0.0047932029701769,0.0067191124,0.006918013,0.006763637
GRU,3,18,0.8244713,0.829131,0.831725,0.8248416,0.0047932029701769,0.0046597123,0.0042893887,0.0072537065
GRU,3,18,0.8175294,0.8195154,0.8244713,0.8162286,0.0047932029701769,0.0019860268,0.003286779,0.0069419146
GRU,3,18,0.81025714,0.8121985,0.8175294,0.81128544,0.0047932029701769,0.0019413829,0.00091308355,0.0072722435
GRU,3,18,0.8025123,0.8054118,0.81025714,0.8165611,0.0047932029701769,0.0028995275,0.011149287,0.0077448487
GRU,3,18,0.7968138,0.7969848,0.8025123,0.7939301,0.0047932029701769,0.00017100573,0.0030546784,0.005698502
GRU,3,18,0.79266256,0.7929471,0.7968138,0.78623885,0.0047932029701769,0.00028455257,0.0067082644,0.004151225
GRU,3,18,0.7918601,0.78917134,0.79266256,0.79670143,0.0047932029701769,0.0026887655,0.007530093,0.00080245733
GRU,3,18,0.7913686,0.78988874,0.7918601,0.78979886,0.0047932029701769,0.0014798641,8.9883804e-05,0.0004914999
GRU,3,18,0.78780687,0.7883268,0.7913686,0.7913971,0.0047932029701769,0.0005199313,0.0030702949,0.0035617352
GRU,3,18,0.78172463,0.78263724,0.78780687,0.78523386,0.0047932029701769,0.0009126067,0.0025966167,0.0060822368
GRU,3,18,0.7747814,0.77982605,0.78172463,0.7701117,0.0047932029701769,0.005044639,0.009714365,0.006943226
GRU,3,18,0.7674187,0.7748662,0.7747814,0.7681226,0.0047932029701769,0.0074475408,0.00674361,0.0073627234
GRU,3,18,0.7603043,0.76788783,0.7674187,0.75985795,0.0047932029701769,0.0075835586,0.008029878,0.0071144104
GRU,3,18,0.7533646,0.7610433,0.7603043,0.7539911,0.0047932029701769,0.0076786876,0.007052183,0.0069396496
MLP,3,11,0.8925278,0.8971319,0.9011131,0.89828104,0.0047932029701769,0.004604101,0.001149118,0.008585274
MLP,3,11,0.8848945,0.8912041,0.8925278,0.8748538,0.0047932029701769,0.0063096285,0.016350329,0.0076333284
MLP,3,11,0.8768973,0.8805114,0.8848945,0.8735511,0.0047932029701769,0.0036141276,0.0069603324,0.007997215
MLP,3,11,0.87119853,0.8688305,0.8768973,0.8741989,0.0047932029701769,0.002368033,0.0053684115,0.0056987405
MLP,3,11,0.8675442,0.86294377,0.87119853,0.86663264,0.0047932029701769,0.0046004057,0.0036888719,0.0036543608
MLP,3,11,0.86363524,0.8675176,0.8675442,0.86207616,0.0047932029701769,0.0038823485,0.005441427,0.003908932
MLP,3,11,0.85859555,0.8601139,0.86363524,0.86188084,0.0047932029701769,0.0015183687,0.0017669201,0.005039692
MLP,3,11,0.852152,0.85392934,0.85859555,0.8551565,0.0047932029701769,0.0017773509,0.0012271404,0.00644356
MLP,3,11,0.8451777,0.8446249,0.852152,0.84130627,0.0047932029701769,0.0005528331,0.0033186078,0.00697428
MLP,3,11,0.8388048,0.8437355,0.8451777,0.8365026,0.0047932029701769,0.0049307346,0.0072329044,0.0063729286
MLP,3,11,0.83412397,0.82899123,0.8388048,0.8349689,0.0047932029701769,0.005132735,0.00597769,0.0046808124
MLP,3,11,0.830416,0.83530587,0.83412397,0.8318545,0.0047932029701769,0.004889846,0.0034513474,0.0037079453
MLP,3,11,0.8265644,0.8313245,0.830416,0.8238845,0.0047932029701769,0.004760146,0.0074400306,0.0038516521
MLP,3,11,0.8216436,0.8126829,0.8265644,0.82502633,0.0047932029701769,0.008960664,0.012343407,0.0049207807
MLP,3,11,0.81657845,0.8128471,0.8216436,0.816571,0.0047932029701769,0.00373137,0.0037239194,0.005065143
MLP,3,11,0.8107389,0.81329656,0.81657845,0.809723,0.0047932029701769,0.0025576353,0.0035735369,0.0058395267
MLP,3,11,0.805129,0.7938766,0.8107389,0.80577993,0.0047932029701769,0.011252403,0.011903346,0.0056099296
MLP,3,11,0.8011157,0.7976131,0.805129,0.7971635,0.0047932029701769,0.0035026073,0.00044959784,0.0040133
MLP,3,11,0.7971657,0.79723233,0.8011157,0.7992884,0.0047932029701769,6.663799e-05,0.0020560622,0.00395
MLP,3,11,0.79278433,0.79449475,0.7971657,0.7948005,0.0047932029701769,0.0017104149,0.00030577183,0.0043813586
MLP,3,11,0.78837067,0.7901134,0.79278433,0.7873646,0.0047932029701769,0.0017427206,0.0027487874,0.0044136643
MLP,3,11,0.7837538,0.7895633,0.78837067,0.78333336,0.0047932029701769,0.005809486,0.006229937,0.0046168566
MLP,3,18,0.8640788,0.8719691,0.8723666,0.86617476,0.0047932029701769,0.007890284,0.0057943463,0.008287787
MLP,3,18,0.8583448,0.865446,0.8640788,0.8572052,0.0047932029701769,0.007101178,0.008240759,0.0057340264
MLP,3,18,0.8529868,0.85520047,0.8583448,0.85067445,0.0047932029701769,0.002213657,0.004526019,0.0053579807
MLP,3,18,0.84912705,0.85079676,0.8529868,0.8502848,0.0047932029701769,0.0016697049,0.0005119443,0.0038597584
MLP,3,18,0.8475556,0.8407462,0.84912705,0.8421969,0.0047932029701769,0.006809354,0.0014506578,0.0015714765
MLP,3,18,0.845765,0.84191054,0.8475556,0.8492865,0.0047932029701769,0.0038544536,0.0073759556,0.0017905831
MLP,3,18,0.84329724,0.8483567,0.845765,0.8452745,0.0047932029701769,0.0050594807,0.0030822158,0.0024677515
MLP,3,18,0.83848864,0.84027684,0.84329724,0.8395689,0.0047932029701769,0.001788199,0.00070792437,0.0048086047
MLP,3,18,0.831725,0.8335343,0.83848864,0.8315261,0.0047932029701769,0.001809299,0.0020081997,0.006763637
MLP,3,18,0.8244713,0.82637185,0.831725,0.8248416,0.0047932029701769,0.0019005537,0.00153023,0.0072537065
MLP,3,18,0.8175294,0.82213765,0.8244713,0.8162286,0.0047932029701769,0.0046082735,0.0059090257,0.0069419146
MLP,3,18,0.81025714,0.8152624,0.8175294,0.81128544,0.0047932029701769,0.0050052404,0.003976941,0.0072722435
MLP,3,18,0.8025123,0.8119587,0.81025714,0.8165611,0.0047932029701769,0.0094463825,0.0046024323,0.0077448487
MLP,3,18,0.7968138,0.8002424,0.8025123,0.7939301,0.0047932029701769,0.003428638,0.0063123107,0.005698502
MLP,3,18,0.79266256,0.7890713,0.7968138,0.78623885,0.0047932029701769,0.0035912395,0.0028324723,0.004151225
MLP,3,18,0.7918601,0.7922445,0.79266256,0.79670143,0.0047932029701769,0.00038439035,0.0044569373,0.00080245733
MLP,3,18,0.7913686,0.7917214,0.7918601,0.78979886,0.0047932029701769,0.0003527999,0.0019225478,0.0004914999
MLP,3,18,0.78780687,0.7887036,0.7913686,0.7913971,0.0047932029701769,0.0008967519,0.0026934743,0.0035617352
MLP,3,18,0.78172463,0.78874254,0.78780687,0.78523386,0.0047932029701769,0.0070179105,0.003508687,0.0060822368
MLP,3,18,0.7747814,0.77220494,0.78172463,0.7701117,0.0047932029701769,0.0025764704,0.0020932555,0.006943226
MLP,3,18,0.7674187,0.7654889,0.7747814,0.7681226,0.0047932029701769,0.00192976,0.0026336908,0.0073627234
MLP,3,18,0.7603043,0.76474774,0.7674187,0.75985795,0.0047932029701769,0.0044434667,0.0048897862,0.0071144104
MLP,3,18,0.7533646,0.74217325,0.7603043,0.7539911,0.0047932029701769,0.011191368,0.0118178725,0.0069396496
Seq2Seq,3,11,0.8925278,0.894458,0.9011131,0.89828104,0.0047932029701769,0.0019301772,0.003823042,0.008585274
Seq2Seq,3,11,0.8848945,0.88612366,0.8925278,0.8748538,0.0047932029701769,0.001229167,0.011269867,0.0076333284
Seq2Seq,3,11,0.8768973,0.87870616,0.8848945,0.8735511,0.0047932029701769,0.0018088818,0.0051550865,0.007997215
Seq2Seq,3,11,0.87119853,0.87277013,0.8768973,0.8741989,0.0047932029701769,0.0015715957,0.0014287829,0.0056987405
Seq2Seq,3,11,0.8675442,0.8717716,0.87119853,0.86663264,0.0047932029701769,0.0042274,0.0051389337,0.0036543608
Seq2Seq,3,11,0.86363524,0.86978555,0.8675442,0.86207616,0.0047932029701769,0.0061503053,0.007709384,0.003908932
Seq2Seq,3,11,0.85859555,0.86483824,0.86363524,0.86188084,0.0047932029701769,0.0062426925,0.0029574037,0.005039692
Seq2Seq,3,11,0.852152,0.8590442,0.85859555,0.8551565,0.0047932029701769,0.0068922043,0.003887713,0.00644356
Seq2Seq,3,11,0.8451777,0.85017675,0.852152,0.84130627,0.0047932029701769,0.0049990416,0.008870482,0.00697428
Seq2Seq,3,11,0.8388048,0.84008914,0.8451777,0.8365026,0.0047932029701769,0.0012843609,0.0035865307,0.0063729286
Seq2Seq,3,11,0.83412397,0.83250093,0.8388048,0.8349689,0.0047932029701769,0.0016230345,0.00246799,0.0046808124
Seq2Seq,3,11,0.830416,0.83094525,0.83412397,0.8318545,0.0047932029701769,0.00052922964,0.00090926886,0.0037079453
Seq2Seq,3,11,0.8265644,0.8291081,0.830416,0.8238845,0.0047932029701769,0.0025437474,0.005223632,0.0038516521
Seq2Seq,3,11,0.8216436,0.8240803,0.8265644,0.82502633,0.0047932029701769,0.0024366975,0.0009460449,0.0049207807
Seq2Seq,3,11,0.81657845,0.8198152,0.8216436,0.816571,0.0047932029701769,0.0032367706,0.0032442212,0.005065143
Seq2Seq,3,11,0.8107389,0.8148134,0.81657845,0.809723,0.0047932029701769,0.0040744543,0.005090356,0.0058395267
Seq2Seq,3,11,0.805129,0.8093953,0.8107389,0.80577993,0.0047932029701769,0.0042663217,0.0036153793,0.0056099296
Seq2Seq,3,11,0.8011157,0.8026813,0.805129,0.7971635,0.0047932029701769,0.0015656352,0.0055178404,0.0040133
Seq2Seq,3,11,0.7971657,0.79990506,0.8011157,0.7992884,0.0047932029701769,0.0027393699,0.00061666965,0.00395
Seq2Seq,3,11,0.79278433,0.794715,0.7971657,0.7948005,0.0047932029701769,0.001930654,8.5532665e-05,0.0043813586
Seq2Seq,3,11,0.78837067,0.7906693,0.79278433,0.7873646,0.0047932029701769,0.0022986531,0.00330472,0.0044136643
Seq2Seq,3,11,0.7837538,0.7827124,0.78837067,0.78333336,0.0047932029701769,0.0010414124,0.0006209612,0.0046168566
Seq2Seq,3,18,0.8640788,0.8672573,0.8723666,0.86617476,0.0047932029701769,0.0031784773,0.0010825396,0.008287787
Seq2Seq,3,18,0.8583448,0.8596955,0.8640788,0.8572052,0.0047932029701769,0.0013507009,0.002490282,0.0057340264
Seq2Seq,3,18,0.8529868,0.8542344,0.8583448,0.85067445,0.0047932029701769,0.0012475848,0.003559947,0.0053579807
Seq2Seq,3,18,0.84912705,0.8491302,0.8529868,0.8502848,0.0047932029701769,3.1590462e-06,0.0011546016,0.0038597584
Seq2Seq,3,18,0.8475556,0.84881395,0.84912705,0.8421969,0.0047932029701769,0.0012583733,0.0066170692,0.0015714765
Seq2Seq,3,18,0.845765,0.844559,0.8475556,0.8492865,0.0047932029701769,0.0012059808,0.004727483,0.0017905831
Seq2Seq,3,18,0.84329724,0.8423302,0.845765,0.8452745,0.0047932029701769,0.00096702576,0.0029442906,0.0024677515
Seq2Seq,3,18,0.83848864,0.8406792,0.84329724,0.8395689,0.0047932029701769,0.00219059,0.0011103153,0.0048086047
Seq2Seq,3,18,0.831725,0.83307093,0.83848864,0.8315261,0.0047932029701769,0.0013459325,0.0015448332,0.006763637
Seq2Seq,3,18,0.8244713,0.82680357,0.831725,0.8248416,0.0047932029701769,0.0023322701,0.0019619465,0.0072537065
Seq2Seq,3,18,0.8175294,0.8187887,0.8244713,0.8162286,0.0047932029701769,0.0012593269,0.002560079,0.0069419146
Seq2Seq,3,18,0.81025714,0.81108624,0.8175294,0.81128544,0.0047932029701769,0.0008291006,0.00019919872,0.0072722435
Seq2Seq,3,18,0.8025123,0.80742824,0.81025714,0.8165611,0.0047932029701769,0.0049159527,0.009132862,0.0077448487
Seq2Seq,3,18,0.7968138,0.80111,0.8025123,0.7939301,0.0047932029701769,0.004296243,0.007179916,0.005698502
Seq2Seq,3,18,0.79266256,0.79415125,0.7968138,0.78623885,0.0047932029701769,0.0014886856,0.007912397,0.004151225
Seq2Seq,3,18,0.7918601,0.78962624,0.79266256,0.79670143,0.0047932029701769,0.0022338629,0.0070751905,0.00080245733
Seq2Seq,3,18,0.7913686,0.78998756,0.7918601,0.78979886,0.0047932029701769,0.0013810396,0.0001887083,0.0004914999
Seq2Seq,3,18,0.78780687,0.7891774,0.7913686,0.7913971,0.0047932029701769,0.0013705492,0.002219677,0.0035617352
Seq2Seq,3,18,0.78172463,0.78644735,0.78780687,0.78523386,0.0047932029701769,0.0047227144,0.001213491,0.0060822368
Seq2Seq,3,18,0.7747814,0.7805144,0.78172463,0.7701117,0.0047932029701769,0.005733013,0.010402739,0.006943226
Seq2Seq,3,18,0.7674187,0.7723191,0.7747814,0.7681226,0.0047932029701769,0.004900396,0.004196465,0.0073627234
Seq2Seq,3,18,0.7603043,0.76374024,0.7674187,0.75985795,0.0047932029701769,0.0034359694,0.003882289,0.0071144104
Seq2Seq,3,18,0.7533646,0.7540941,0.7603043,0.7539911,0.0047932029701769,0.00072950125,0.000102996826,0.0069396496
Persistence,4,7,0.88781106,0.893678,0.893678,0.8879777,0.0048923245631158,0.005866945,0.00570029,0.005866945
Persistence,4,7,0.8805146,0.88781106,0.88781106,0.88437545,0.0048923245631158,0.007296443,0.0034356117,0.007296443
Persistence,4,7,0.8706213,0.8805146,0.8805146,0.8731381,0.0048923245631158,0.009893298,0.007376492,0.009893298
Persistence,4,7,0.86201626,0.8706213,0.8706213,0.8532213,0.0048923245631158,0.008605063,0.017400026,0.008605063
Persistence,4,7,0.85678667,0.86201626,0.86201626,0.8495128,0.0048923245631158,0.0052295923,0.012503445,0.0052295923
Persistence,4,7,0.85681796,0.85678667,0.85678667,0.85412216,0.0048923245631158,3.129244e-05,0.0026645064,3.129244e-05
Persistence,4,7,0.86157167,0.85681796,0.85681796,0.8645272,0.0048923245631158,0.004753709,0.0077092648,0.004753709
Persistence,4,7,0.86300427,0.86157167,0.86157167,0.8707553,0.0048923245631158,0.0014325976,0.009183645,0.0014325976
Persistence,4,7,0.8597822,0.86300427,0.86300427,0.8636861,0.0048923245631158,0.0032220483,0.00068181753,0.0032220483
Persistence,4,7,0.8511099,0.8597822,0.8597822,0.8530257,0.0048923245631158,0.008672297,0.006756544,0.008672297
Persistence,4,7,0.8409406,0.8511099,0.8511099,0.8353551,0.0048923245631158,0.010169327,0.015754819,0.010169327
Persistence,4,7,0.831855,0.8409406,0.8409406,0.8304859,0.0048923245631158,0.009085596,0.010454714,0.009085596
Persistence,4,7,0.826135,0.831855,0.831855,0.8268595,0.0048923245631158,0.0057200193,0.004995525,0.0057200193
Persistence,4,7,0.82320505,0.826135,0.826135,0.80900556,0.0048923245631158,0.002929926,0.017129421,0.002929926
Persistence,4,7,0.8213227,0.82320505,0.82320505,0.8181187,0.0048923245631158,0.0018823743,0.0050863624,0.0018823743
Persistence,4,7,0.8197506,0.8213227,0.8213227,0.82392466,0.0048923245631158,0.0015720725,0.0026019812,0.0015720725
Persistence,4,7,0.8164465,0.8197506,0.8197506,0.82161254,0.0048923245631158,0.0033041239,0.0018619299,0.0033041239
Persistence,4,7,0.8113606,0.8164465,0.8164465,0.80882174,0.0048923245631158,0.0050858855,0.0076247454,0.0050858855
Persistence,4,7,0.8054195,0.8113606,0.8113606,0.8039217,0.0048923245631158,0.005941093,0.007438898,0.005941093
Persistence,4,7,0.80210716,0.8054195,0.8054195,0.8000672,0.0048923245631158,0.0033123493,0.0053523183,0.0033123493
Persistence,4,7,0.8023321,0.80210716,0.80210716,0.7997907,0.0048923245631158,0.00022494793,0.002316475,0.00022494793
Persistence,4,7,0.80287135,0.8023321,0.8023321,0.80243707,0.0048923245631158,0.0005392432,0.00010496378,0.0005392432
Persistence,4,7,0.80371284,0.80287135,0.80287135,0.8055832,0.0048923245631158,0.0008414984,0.0027118325,0.0008414984
Persistence,4,14,0.8795644,0.88923603,0.88923603,0.8733919,0.0048923245631158,0.0096716285,0.015844107,0.0096716285
Persistence,4,14,0.87121564,0.8795644,0.8795644,0.8714147,0.0048923245631158,0.008348763,0.0081496835,0.008348763
Persistence,4,14,0.86467916,0.87121564,0.87121564,0.86503065,0.0048923245631158,0.0065364838,0.006184995,0.0065364838
Persistence,4,14,0.8575266,0.86467916,0.86467916,0.8609,0.0048923245631158,0.0071525574,0.003779173,0.0071525574
Persistence,4,14,0.85123503,0.8575266,0.8575266,0.8462889,0.0048923245631158,0.0062915683,0.011237681,0.0062915683
Persistence,4,14,0.84612465,0.85123503,0.85123503,0.84308445,0.0048923245631158,0.005110383,0.008150578,0.005110383
Persistence,4,14,0.8417126,0.84612465,0.84612465,0.84825546,0.0048923245631158,0.004412055,0.0021308064,0.004412055
Persistence,4,14,0.8381167,0.8417126,0.8417126,0.83613986,0.0048923245631158,0.0035958886,0.0055727363,0.0035958886
Persistence,4,14,0.8330718,0.8381167,0.8381167,0.8323826,0.0048923245631158,0.0050448775,0.005734086,0.0050448775
Persistence,4,14,0.8278152,0.8330718,0.8330718,0.8300409,0.0048923245631158,0.005256653,0.0030309558,0.005256653
Persistence,4,14,0.8250505,0.8278152,0.8278152,0.8205812,0.0048923245631158,0.0027647018,0.0072339773,0.0027647018
Persistence,4,14,0.82476074,0.8250505,0.8250505,0.81962717,0.0048923245631158,0.00028973818,0.0054233074,0.00028973818
Persistence,4,14,0.82612413,0.82476074,0.82476074,0.8304947,0.0048923245631158,0.0013633966,0.005733967,0.0013633966
Persistence,4,14,0.82602876,0.82612413,0.82612413,0.82889515,0.0048923245631158,9.536743e-05,0.00277102,9.536743e-05
Persistence,4,14,0.8206888,0.82602876,0.82602876,0.82766837,0.0048923245631158,0.00533998,0.0016396046,0.00533998
Persistence,4,14,0.81396234,0.8206888,0.8206888,0.80714804,0.0048923245631158,0.006726444,0.013540745,0.006726444
Persistence,4,14,0.80775845,0.81396234,0.81396234,0.80547124,0.0048923245631158,0.00620389,0.008491099,0.00620389
Persistence,4,14,0.804637,0.80775845,0.80775845,0.804275,0.0048923245631158,0.0031214356,0.0034834743,0.0031214356
Persistence,4,14,0.802907,0.804637,0.804637,0.8053121,0.0048923245631158,0.0017300248,0.0006750822,0.0017300248
Persistence,4,14,0.80147463,0.802907,0.802907,0.79936844,0.0048923245631158,0.0014323592,0.003538549,0.0014323592
Persistence,4,14,0.8000821,0.80147463,0.80147463,0.7990799,0.0048923245631158,0.0013925433,0.0023947358,0.0013925433
Persistence,4,14,0.798701,0.8000821,0.8000821,0.79998136,0.0048923245631158,0.0013810992,0.00010073185,0.0013810992
MQAttn-LSTM-VQR,4,7,0.88781106,0.88718814,0.893678,0.8879777,0.0048923245631158,0.00062292814,0.00078958273,0.005866945
MQAttn-LSTM-VQR,4,7,0.8805146,0.8820407,0.88781106,0.88437545,0.0048923245631158,0.0015260577,0.0023347735,0.007296443
MQAttn-LSTM-VQR,4,7,0.8706213,0.8770087,0.8805146,0.8731381,0.0048923245631158,0.006387353,0.0038705468,0.009893298
MQAttn-LSTM-VQR,4,7,0.86201626,0.86575085,0.8706213,0.8532213,0.0048923245631158,0.0037345886,0.012529552,0.008605063
MQAttn-LSTM-VQR,4,7,0.85678667,0.85478586,0.86201626,0.8495128,0.0048923245631158,0.0020008087,0.005273044,0.0052295923
MQAttn-LSTM-VQR,4,7,0.85681796,0.8589612,0.85678667,0.85412216,0.0048923245631158,0.0021432638,0.0048390627,3.129244e-05
MQAttn-LSTM-VQR,4,7,0.86157167,0.85527307,0.85681796,0.8645272,0.0048923245631158,0.0062986016,0.009254158,0.004753709
MQAttn-LSTM-VQR,4,7,0.86300427,0.85912985,0.86157167,0.8707553,0.0048923245631158,0.0038744211,0.011625469,0.0014325976
MQAttn-LSTM-VQR,4,7,0.8597822,0.8585254,0.86300427,0.8636861,0.0048923245631158,0.0012568235,0.0051606894,0.0032220483
MQAttn-LSTM-VQR,4,7,0.8511099,0.85322946,0.8597822,0.8530257,0.0048923245631158,0.0021195412,0.00020378828,0.008672297
MQAttn-LSTM-VQR,4,7,0.8409406,0.8457399,0.8511099,0.8353551,0.0048923245631158,0.0047993064,0.010384798,0.010169327
MQAttn-LSTM-VQR,4,7,0.831855,0.8377354,0.8409406,0.8304859,0.0048923245631158,0.0058804154,0.007249534,0.009085596
MQAttn-LSTM-VQR,4,7,0.826135,0.8278094,0.831855,0.8268595,0.0048923245631158,0.0016744137,0.0009499192,0.0057200193
MQAttn-LSTM-VQR,4,7,0.82320505,0.8238979,0.826135,0.80900556,0.0048923245631158,0.0006928444,0.01489234,0.002929926
MQAttn-LSTM-VQR,4,7,0.8213227,0.82074624,0.82320505,0.8181187,0.0048923245631158,0.0005764365,0.0026275516,0.0018823743
MQAttn-LSTM-VQR,4,7,0.8197506,0.8192796,0.8213227,0.82392466,0.0048923245631158,0.0004709959,0.0046450496,0.0015720725
MQAttn-LSTM-VQR,4,7,0.8164465,0.81445205,0.8197506,0.82161254,0.0048923245631158,0.001994431,0.007160485,0.0033041239
MQAttn-LSTM-VQR,4,7,0.8113606,0.81266856,0.8164465,0.80882174,0.0048923245631158,0.0013079643,0.0038468242,0.0050858855
MQAttn-LSTM-VQR,4,7,0.8054195,0.80711454,0.8113606,0.8039217,0.0048923245631158,0.0016950369,0.003192842,0.005941093
MQAttn-LSTM-VQR,4,7,0.80210716,0.8014327,0.8054195,0.8000672,0.0048923245631158,0.00067442656,0.0013655424,0.0033123493
MQAttn-LSTM-VQR,4,7,0.8023321,0.79944426,0.80210716,0.7997907,0.0048923245631158,0.002887845,0.0003464222,0.00022494793
MQAttn-LSTM-VQR,4,7,0.80287135,0.8008602,0.8023321,0.80243707,0.0048923245631158,0.0020111203,0.0015768409,0.0005392432
MQAttn-LSTM-VQR,4,7,0.80371284,0.7995058,0.80287135,0.8055832,0.0048923245631158,0.0042070746,0.006077409,0.0008414984
MQAttn-LSTM-VQR,4,14,0.8795644,0.88125676,0.88923603,0.8733919,0.0048923245631158,0.0016923547,0.007864833,0.0096716285
MQAttn-LSTM-VQR,4,14,0.87121564,0.8750201,0.8795644,0.8714147,0.0048923245631158,0.0038044453,0.0036053658,0.008348763
MQAttn-LSTM-VQR,4,14,0.86467916,0.86630493,0.87121564,0.86503065,0.0048923245631158,0.0016257763,0.0012742877,0.0065364838
MQAttn-LSTM-VQR,4,14,0.8575266,0.8594518,0.86467916,0.8609,0.0048923245631158,0.0019251704,0.001448214,0.0071525574
MQAttn-LSTM-VQR,4,14,0.85123503,0.8560458,0.8575266,0.8462889,0.0048923245631158,0.0048107505,0.009756863,0.0062915683
MQAttn-LSTM-VQR,4,14,0.84612465,0.84810007,0.85123503,0.84308445,0.0048923245631158,0.0019754171,0.0050156116,0.005110383
MQAttn-LSTM-VQR,4,14,0.8417126,0.8443663,0.84612465,0.84825546,0.0048923245631158,0.002653718,0.0038891435,0.004412055
MQAttn-LSTM-VQR,4,14,0.8381167,0.83904153,0.8417126,0.83613986,0.0048923245631158,0.00092482567,0.0029016733,0.0035958886
MQAttn-LSTM-VQR,4,14,0.8330718,0.8345961,0.8381167,0.8323826,0.0048923245631158,0.0015242696,0.002213478,0.0050448775
MQAttn-LSTM-VQR,4,14,0.8278152,0.82975745,0.8330718,0.8300409,0.0048923245631158,0.001942277,0.0002834201,0.005256653
MQAttn-LSTM-VQR,4,14,0.8250505,0.825203,0.8278152,0.8205812,0.0048923245631158,0.00015252829,0.0046218038,0.0027647018
MQAttn-LSTM-VQR,4,14,0.82476074,0.82185453,0.8250505,0.81962717,0.0048923245631158,0.0029062033,0.002227366,0.00028973818
MQAttn-LSTM-VQR,4,14,0.82612413,0.82002103,0.82476074,0.8304947,0.0048923245631158,0.0061030984,0.010473669,0.0013633966
MQAttn-LSTM-VQR,4,14,0.82602876,0.82238543,0.82612413,0.82889515,0.0048923245631158,0.003643334,0.0065097213,9.536743e-05
MQAttn-LSTM-VQR,4,14,0.8206888,0.8228419,0.82602876,0.82766837,0.0048923245631158,0.0021530986,0.004826486,0.00533998
MQAttn-LSTM-VQR,4,14,0.81396234,0.8179989,0.8206888,0.80714804,0.0048923245631158,0.0040365458,0.010850847,0.006726444
MQAttn-LSTM-VQR,4,14,0.80775845,0.8094349,0.81396234,0.80547124,0.0048923245631158,0.0016764402,0.0039636493,0.00620389
MQAttn-LSTM-VQR,4,14,0.804637,0.8043656,0.80775845,0.804275,0.0048923245631158,0.00027143955,9.059906e-05,0.0031214356
MQAttn-LSTM-VQR,4,14,0.802907,0.80140615,0.804637,0.8053121,0.0048923245631158,0.001500845,0.003905952,0.0017300248
MQAttn-LSTM-VQR,4,14,0.80147463,0.8021313,0.802907,0.79936844,0.0048923245631158,0.0006566644,0.002762854,0.0014323592
MQAttn-LSTM-VQR,4,14,0.8000821,0.80068594,0.80147463,0.7990799,0.0048923245631158,0.00060385466,0.0016060472,0.0013925433
MQAttn-LSTM-VQR,4,14,0.798701,0.79542375,0.8000821,0.79998136,0.0048923245631158,0.0032772422,0.0045576096,0.0013810992
MQAttn-LSTM-VQR classical twin,4,7,0.88781106,0.8861806,0.893678,0.8879777,0.0048923245631158,0.001630485,0.0017971396,0.005866945
MQAttn-LSTM-VQR classical twin,4,7,0.8805146,0.8826664,0.88781106,0.88437545,0.0048923245631158,0.0021517873,0.001709044,0.007296443
MQAttn-LSTM-VQR classical twin,4,7,0.8706213,0.8738013,0.8805146,0.8731381,0.0048923245631158,0.0031799674,0.0006631613,0.009893298
MQAttn-LSTM-VQR classical twin,4,7,0.86201626,0.8665497,0.8706213,0.8532213,0.0048923245631158,0.00453341,0.013328373,0.008605063
MQAttn-LSTM-VQR classical twin,4,7,0.85678667,0.85759234,0.86201626,0.8495128,0.0048923245631158,0.000805676,0.008079529,0.0052295923
MQAttn-LSTM-VQR classical twin,4,7,0.85681796,0.8556884,0.85678667,0.85412216,0.0048923245631158,0.0011295676,0.0015662313,3.129244e-05
MQAttn-LSTM-VQR classical twin,4,7,0.86157167,0.8536526,0.85681796,0.8645272,0.0048923245631158,0.007919073,0.010874629,0.004753709
MQAttn-LSTM-VQR classical twin,4,7,0.86300427,0.856821,0.86157167,0.8707553,0.0048923245631158,0.0061832666,0.013934314,0.0014325976
MQAttn-LSTM-VQR classical twin,4,7,0.8597822,0.85753727,0.86300427,0.8636861,0.0048923245631158,0.0022449493,0.006148815,0.0032220483
MQAttn-LSTM-VQR classical twin,4,7,0.8511099,0.8553826,0.8597822,0.8530257,0.0048923245631158,0.0042726994,0.0023569465,0.008672297
MQAttn-LSTM-VQR classical twin,4,7,0.8409406,0.84598464,0.8511099,0.8353551,0.0048923245631158,0.005044043,0.010629535,0.010169327
MQAttn-LSTM-VQR classical twin,4,7,0.831855,0.8356561,0.8409406,0.8304859,0.0048923245631158,0.0038011074,0.005170226,0.009085596
MQAttn-LSTM-VQR classical twin,4,7,0.826135,0.8276367,0.831855,0.8268595,0.0048923245631158,0.001501739,0.00077724457,0.0057200193
MQAttn-LSTM-VQR classical twin,4,7,0.82320505,0.8228741,0.826135,0.80900556,0.0048923245631158,0.000330925,0.01386857,0.002929926
MQAttn-LSTM-VQR classical twin,4,7,0.8213227,0.8209317,0.82320505,0.8181187,0.0048923245631158,0.00039100647,0.0028129816,0.0018823743
MQAttn-LSTM-VQR classical twin,4,7,0.8197506,0.82136244,0.8213227,0.82392466,0.0048923245631158,0.0016118288,0.0025622249,0.0015720725
MQAttn-LSTM-VQR classical twin,4,7,0.8164465,0.81863713,0.8197506,0.82161254,0.0048923245631158,0.0021906495,0.0029754043,0.0033041239
MQAttn-LSTM-VQR classical twin,4,7,0.8113606,0.81457335,0.8164465,0.80882174,0.0048923245631158,0.00321275,0.00575161,0.0050858855
MQAttn-LSTM-VQR classical twin,4,7,0.8054195,0.8101133,0.8113606,0.8039217,0.0048923245631158,0.004693806,0.0061916113,0.005941093
MQAttn-LSTM-VQR classical twin,4,7,0.80210716,0.8029482,0.8054195,0.8000672,0.0048923245631158,0.00084102154,0.0028809905,0.0033123493
MQAttn-LSTM-VQR classical twin,4,7,0.8023321,0.79979867,0.80210716,0.7997907,0.0048923245631158,0.0025334358,7.987022e-06,0.00022494793
MQAttn-LSTM-VQR classical twin,4,7,0.80287135,0.80094934,0.8023321,0.80243707,0.0048923245631158,0.0019220114,0.0014877319,0.0005392432
MQAttn-LSTM-VQR classical twin,4,7,0.80371284,0.8010193,0.80287135,0.8055832,0.0048923245631158,0.002693534,0.004563868,0.0008414984
MQAttn-LSTM-VQR classical twin,4,14,0.8795644,0.8802267,0.88923603,0.8733919,0.0048923245631158,0.0006622672,0.0068347454,0.0096716285
MQAttn-LSTM-VQR classical twin,4,14,0.87121564,0.87545073,0.8795644,0.8714147,0.0048923245631158,0.004235089,0.0040360093,0.008348763
MQAttn-LSTM-VQR classical twin,4,14,0.86467916,0.8658763,0.87121564,0.86503065,0.0048923245631158,0.0011971593,0.0008456707,0.0065364838
MQAttn-LSTM-VQR classical twin,4,14,0.8575266,0.86151344,0.86467916,0.8609,0.0048923245631158,0.0039868355,0.000613451,0.0071525574
MQAttn-LSTM-VQR classical twin,4,14,0.85123503,0.8566303,0.8575266,0.8462889,0.0048923245631158,0.0053952932,0.010341406,0.0062915683
MQAttn-LSTM-VQR classical twin,4,14,0.84612465,0.8492985,0.85123503,0.84308445,0.0048923245631158,0.0031738281,0.0062140226,0.005110383
MQAttn-LSTM-VQR classical twin,4,14,0.8417126,0.84093064,0.84612465,0.84825546,0.0048923245631158,0.00078195333,0.007324815,0.004412055
MQAttn-LSTM-VQR classical twin,4,14,0.8381167,0.8395122,0.8417126,0.83613986,0.0048923245631158,0.0013955235,0.0033723712,0.0035958886
MQAttn-LSTM-VQR classical twin,4,14,0.8330718,0.8370598,0.8381167,0.8323826,0.0048923245631158,0.003987968,0.0046771765,0.0050448775
MQAttn-LSTM-VQR classical twin,4,14,0.8278152,0.830681,0.8330718,0.8300409,0.0048923245631158,0.002865851,0.0006401539,0.005256653
MQAttn-LSTM-VQR classical twin,4,14,0.8250505,0.82430476,0.8278152,0.8205812,0.0048923245631158,0.0007457137,0.0037235618,0.0027647018
MQAttn-LSTM-VQR classical twin,4,14,0.82476074,0.82266057,0.8250505,0.81962717,0.0048923245631158,0.0021001697,0.0030333996,0.00028973818
MQAttn-LSTM-VQR classical twin,4,14,0.82612413,0.822992,0.82476074,0.8304947,0.0048923245631158,0.0031321049,0.007502675,0.0013633966
MQAttn-LSTM-VQR classical twin,4,14,0.82602876,0.82512397,0.82612413,0.82889515,0.0048923245631158,0.0009047985,0.0037711859,9.536743e-05
MQAttn-LSTM-VQR classical twin,4,14,0.8206888,0.82343554,0.82602876,0.82766837,0.0048923245631158,0.0027467608,0.004232824,0.00533998
MQAttn-LSTM-VQR classical twin,4,14,0.81396234,0.8185197,0.8206888,0.80714804,0.0048923245631158,0.004557371,0.011371672,0.006726444
MQAttn-LSTM-VQR classical twin,4,14,0.80775845,0.81137437,0.81396234,0.80547124,0.0048923245631158,0.0036159158,0.005903125,0.00620389
MQAttn-LSTM-VQR classical twin,4,14,0.804637,0.8033274,0.80775845,0.804275,0.0048923245631158,0.0013096333,0.00094759464,0.0031214356
MQAttn-LSTM-VQR classical twin,4,14,0.802907,0.8022403,0.804637,0.8053121,0.0048923245631158,0.00066667795,0.003071785,0.0017300248
MQAttn-LSTM-VQR classical twin,4,14,0.80147463,0.7982748,0.802907,0.79936844,0.0048923245631158,0.0031998158,0.001093626,0.0014323592
MQAttn-LSTM-VQR classical twin,4,14,0.8000821,0.7986114,0.80147463,0.7990799,0.0048923245631158,0.001470685,0.0004684925,0.0013925433
MQAttn-LSTM-VQR classical twin,4,14,0.798701,0.79753953,0.8000821,0.79998136,0.0048923245631158,0.0011614561,0.0024418235,0.0013810992
MQAttn-QLSTM-VQR,4,7,0.88781106,0.88852966,0.893678,0.8879777,0.0048923245631158,0.0007185936,0.000551939,0.005866945
MQAttn-QLSTM-VQR,4,7,0.8805146,0.8825916,0.88781106,0.88437545,0.0048923245631158,0.0020769835,0.0017838478,0.007296443
MQAttn-QLSTM-VQR,4,7,0.8706213,0.87551445,0.8805146,0.8731381,0.0048923245631158,0.004893124,0.002376318,0.009893298
MQAttn-QLSTM-VQR,4,7,0.86201626,0.8655519,0.8706213,0.8532213,0.0048923245631158,0.0035356283,0.012330592,0.008605063
MQAttn-QLSTM-VQR,4,7,0.85678667,0.8567883,0.86201626,0.8495128,0.0048923245631158,1.6093254e-06,0.007275462,0.0052295923
MQAttn-QLSTM-VQR,4,7,0.85681796,0.8530911,0.85678667,0.85412216,0.0048923245631158,0.00372684,0.0010310411,3.129244e-05
MQAttn-QLSTM-VQR,4,7,0.86157167,0.85321766,0.85681796,0.8645272,0.0048923245631158,0.008354008,0.011309564,0.004753709
MQAttn-QLSTM-VQR,4,7,0.86300427,0.8579309,0.86157167,0.8707553,0.0048923245631158,0.0050733685,0.012824416,0.0014325976
MQAttn-QLSTM-VQR,4,7,0.8597822,0.8591247,0.86300427,0.8636861,0.0048923245631158,0.00065749884,0.0045613647,0.0032220483
MQAttn-QLSTM-VQR,4,7,0.8511099,0.8555799,0.8597822,0.8530257,0.0048923245631158,0.0044699907,0.0025542378,0.008672297
MQAttn-QLSTM-VQR,4,7,0.8409406,0.8467074,0.8511099,0.8353551,0.0048923245631158,0.005766809,0.011352301,0.010169327
MQAttn-QLSTM-VQR,4,7,0.831855,0.8365361,0.8409406,0.8304859,0.0048923245631158,0.0046811104,0.006050229,0.009085596
MQAttn-QLSTM-VQR,4,7,0.826135,0.8281429,0.831855,0.8268595,0.0048923245631158,0.0020079017,0.0012834072,0.0057200193
MQAttn-QLSTM-VQR,4,7,0.82320505,0.8230942,0.826135,0.80900556,0.0048923245631158,0.00011086464,0.014088631,0.002929926
MQAttn-QLSTM-VQR,4,7,0.8213227,0.8204624,0.82320505,0.8181187,0.0048923245631158,0.00086027384,0.0023437142,0.0018823743
MQAttn-QLSTM-VQR,4,7,0.8197506,0.81851965,0.8213227,0.82392466,0.0048923245631158,0.0012309551,0.005405009,0.0015720725
MQAttn-QLSTM-VQR,4,7,0.8164465,0.8166605,0.8197506,0.82161254,0.0048923245631158,0.00021404028,0.0049520135,0.0033041239
MQAttn-QLSTM-VQR,4,7,0.8113606,0.813199,0.8164465,0.80882174,0.0048923245631158,0.0018383861,0.004377246,0.0050858855
MQAttn-QLSTM-VQR,4,7,0.8054195,0.8077827,0.8113606,0.8039217,0.0048923245631158,0.002363205,0.00386101,0.005941093
MQAttn-QLSTM-VQR,4,7,0.80210716,0.8016347,0.8054195,0.8000672,0.0048923245631158,0.0004724264,0.0015675426,0.0033123493
MQAttn-QLSTM-VQR,4,7,0.8023321,0.79805404,0.80210716,0.7997907,0.0048923245631158,0.004278064,0.0017366409,0.00022494793
MQAttn-QLSTM-VQR,4,7,0.80287135,0.79826623,0.8023321,0.80243707,0.0048923245631158,0.0046051145,0.004170835,0.0005392432
MQAttn-QLSTM-VQR,4,7,0.80371284,0.79857105,0.80287135,0.8055832,0.0048923245631158,0.0051417947,0.007012129,0.0008414984
MQAttn-QLSTM-VQR,4,14,0.8795644,0.88415307,0.88923603,0.8733919,0.0048923245631158,0.0045886636,0.010761142,0.0096716285
MQAttn-QLSTM-VQR,4,14,0.87121564,0.874222,0.8795644,0.8714147,0.0048923245631158,0.003006339,0.0028072596,0.008348763
MQAttn-QLSTM-VQR,4,14,0.86467916,0.8659134,0.87121564,0.86503065,0.0048923245631158,0.0012342334,0.0008827448,0.0065364838
MQAttn-QLSTM-VQR,4,14,0.8575266,0.85945165,0.86467916,0.8609,0.0048923245631158,0.0019250512,0.0014483333,0.0071525574
MQAttn-QLSTM-VQR,4,14,0.85123503,0.8539758,0.8575266,0.8462889,0.0048923245631158,0.0027407408,0.0076868534,0.0062915683
MQAttn-QLSTM-VQR,4,14,0.84612465,0.8476037,0.85123503,0.84308445,0.0048923245631158,0.0014790297,0.004519224,0.005110383
MQAttn-QLSTM-VQR,4,14,0.8417126,0.8423965,0.84612465,0.84825546,0.0048923245631158,0.0006839037,0.005858958,0.004412055
MQAttn-QLSTM-VQR,4,14,0.8381167,0.837759,0.8417126,0.83613986,0.0048923245631158,0.00035768747,0.0016191602,0.0035958886
MQAttn-QLSTM-VQR,4,14,0.8330718,0.8340471,0.8381167,0.8323826,0.0048923245631158,0.0009752512,0.0016644597,0.0050448775
MQAttn-QLSTM-VQR,4,14,0.8278152,0.8286856,0.8330718,0.8300409,0.0048923245631158,0.0008704066,0.0013552904,0.005256653
MQAttn-QLSTM-VQR,4,14,0.8250505,0.82339036,0.8278152,0.8205812,0.0048923245631158,0.0016601086,0.002809167,0.0027647018
MQAttn-QLSTM-VQR,4,14,0.82476074,0.8212409,0.8250505,0.81962717,0.0048923245631158,0.003519833,0.0016137362,0.00028973818
MQAttn-QLSTM-VQR,4,14,0.82612413,0.82195824,0.82476074,0.8304947,0.0048923245631158,0.004165888,0.008536458,0.0013633966
MQAttn-QLSTM-VQR,4,14,0.82602876,0.82319975,0.82612413,0.82889515,0.0048923245631158,0.0028290153,0.0056954026,9.536743e-05
MQAttn-QLSTM-VQR,4,14,0.8206888,0.82330525,0.82602876,0.82766837,0.0048923245631158,0.002616465,0.0043631196,0.00533998
MQAttn-QLSTM-VQR,4,14,0.81396234,0.8176936,0.8206888,0.80714804,0.0048923245631158,0.0037312508,0.010545552,0.006726444
MQAttn-QLSTM-VQR,4,14,0.80775845,0.8110089,0.81396234,0.80547124,0.0048923245631158,0.00325042,0.005537629,0.00620389
MQAttn-QLSTM-VQR,4,14,0.804637,0.8040958,0.80775845,0.804275,0.0048923245631158,0.0005412102,0.00017917156,0.0031214356
MQAttn-QLSTM-VQR,4,14,0.802907,0.8008439,0.804637,0.8053121,0.0048923245631158,0.0020630956,0.0044682026,0.0017300248
MQAttn-QLSTM-VQR,4,14,0.80147463,0.7985245,0.802907,0.79936844,0.0048923245631158,0.002950132,0.00084394217,0.0014323592
MQAttn-QLSTM-VQR,4,14,0.8000821,0.7972107,0.80147463,0.7990799,0.0048923245631158,0.0028713942,0.0018692017,0.0013925433
MQAttn-QLSTM-VQR,4,14,0.798701,0.79566467,0.8000821,0.79998136,0.0048923245631158,0.0030363202,0.0043166876,0.0013810992
MQAttn-QLSTM-VQR classical twin,4,7,0.88781106,0.88730097,0.893678,0.8879777,0.0048923245631158,0.00051009655,0.00067675114,0.005866945
MQAttn-QLSTM-VQR classical twin,4,7,0.8805146,0.88135624,0.88781106,0.88437545,0.0048923245631158,0.0008416176,0.0030192137,0.007296443
MQAttn-QLSTM-VQR classical twin,4,7,0.8706213,0.87276334,0.8805146,0.8731381,0.0048923245631158,0.0021420121,0.000374794,0.009893298
MQAttn-QLSTM-VQR classical twin,4,7,0.86201626,0.8631762,0.8706213,0.8532213,0.0048923245631158,0.001159966,0.009954929,0.008605063
MQAttn-QLSTM-VQR classical twin,4,7,0.85678667,0.8543762,0.86201626,0.8495128,0.0048923245631158,0.0024104714,0.0048633814,0.0052295923
MQAttn-QLSTM-VQR classical twin,4,7,0.85681796,0.8540315,0.85678667,0.85412216,0.0048923245631158,0.0027864575,9.0658665e-05,3.129244e-05
MQAttn-QLSTM-VQR classical twin,4,7,0.86157167,0.85293305,0.85681796,0.8645272,0.0048923245631158,0.00863862,0.011594176,0.004753709
MQAttn-QLSTM-VQR classical twin,4,7,0.86300427,0.85736996,0.86157167,0.8707553,0.0048923245631158,0.005634308,0.0133853555,0.0014325976
MQAttn-QLSTM-VQR classical twin,4,7,0.8597822,0.8588437,0.86300427,0.8636861,0.0048923245631158,0.00093853474,0.0048424006,0.0032220483
MQAttn-QLSTM-VQR classical twin,4,7,0.8511099,0.8542211,0.8597822,0.8530257,0.0048923245631158,0.0031111836,0.0011954308,0.008672297
MQAttn-QLSTM-VQR classical twin,4,7,0.8409406,0.8459063,0.8511099,0.8353551,0.0048923245631158,0.0049657226,0.010551214,0.010169327
MQAttn-QLSTM-VQR classical twin,4,7,0.831855,0.83594584,0.8409406,0.8304859,0.0048923245631158,0.0040908456,0.0054599643,0.009085596
MQAttn-QLSTM-VQR classical twin,4,7,0.826135,0.82640004,0.831855,0.8268595,0.0048923245631158,0.00026506186,0.0004594326,0.0057200193
MQAttn-QLSTM-VQR classical twin,4,7,0.82320505,0.82153267,0.826135,0.80900556,0.0048923245631158,0.0016723871,0.012527108,0.002929926
MQAttn-QLSTM-VQR classical twin,4,7,0.8213227,0.8187801,0.82320505,0.8181187,0.0048923245631158,0.0025425553,0.00066143274,0.0018823743
MQAttn-QLSTM-VQR classical twin,4,7,0.8197506,0.81737375,0.8213227,0.82392466,0.0048923245631158,0.0023768544,0.006550908,0.0015720725
MQAttn-QLSTM-VQR classical twin,4,7,0.8164465,0.81519973,0.8197506,0.82161254,0.0048923245631158,0.0012467504,0.006412804,0.0033041239
MQAttn-QLSTM-VQR classical twin,4,7,0.8113606,0.81215185,0.8164465,0.80882174,0.0048923245631158,0.00079125166,0.0033301115,0.0050858855
MQAttn-QLSTM-VQR classical twin,4,7,0.8054195,0.8059727,0.8113606,0.8039217,0.0048923245631158,0.0005531907,0.0020509958,0.005941093
MQAttn-QLSTM-VQR classical twin,4,7,0.80210716,0.8009339,0.8054195,0.8000672,0.0048923245631158,0.0011732578,0.00086671114,0.0033123493
MQAttn-QLSTM-VQR classical twin,4,7,0.8023321,0.79766375,0.80210716,0.7997907,0.0048923245631158,0.004668355,0.0021269321,0.00022494793
MQAttn-QLSTM-VQR classical twin,4,7,0.80287135,0.7977825,0.8023321,0.80243707,0.0048923245631158,0.0050888658,0.0046545863,0.0005392432
MQAttn-QLSTM-VQR classical twin,4,7,0.80371284,0.7985099,0.80287135,0.8055832,0.0048923245631158,0.005202949,0.007073283,0.0008414984
MQAttn-QLSTM-VQR classical twin,4,14,0.8795644,0.8828563,0.88923603,0.8733919,0.0048923245631158,0.003291905,0.009464383,0.0096716285
MQAttn-QLSTM-VQR classical twin,4,14,0.87121564,0.87437135,0.8795644,0.8714147,0.0048923245631158,0.0031557083,0.0029566288,0.008348763
MQAttn-QLSTM-VQR classical twin,4,14,0.86467916,0.8658558,0.87121564,0.86503065,0.0048923245631158,0.0011766553,0.0008251667,0.0065364838
MQAttn-QLSTM-VQR classical twin,4,14,0.8575266,0.8587745,0.86467916,0.8609,0.0048923245631158,0.0012478828,0.0021255016,0.0071525574
MQAttn-QLSTM-VQR classical twin,4,14,0.85123503,0.85439134,0.8575266,0.8462889,0.0048923245631158,0.0031563044,0.008102417,0.0062915683
MQAttn-QLSTM-VQR classical twin,4,14,0.84612465,0.8469232,0.85123503,0.84308445,0.0048923245631158,0.0007985234,0.003838718,0.005110383
MQAttn-QLSTM-VQR classical twin,4,14,0.8417126,0.84186107,0.84612465,0.84825546,0.0048923245631158,0.00014847517,0.0063943863,0.004412055
MQAttn-QLSTM-VQR classical twin,4,14,0.8381167,0.8368243,0.8417126,0.83613986,0.0048923245631158,0.0012924075,0.00068444014,0.0035958886
MQAttn-QLSTM-VQR classical twin,4,14,0.8330718,0.8331901,0.8381167,0.8323826,0.0048923245631158,0.000118255615,0.0008074641,0.0050448775
MQAttn-QLSTM-VQR classical twin,4,14,0.8278152,0.8278728,0.8330718,0.8300409,0.0048923245631158,5.763769e-05,0.0021680593,0.005256653
MQAttn-QLSTM-VQR classical twin,4,14,0.8250505,0.82215405,0.8278152,0.8205812,0.0048923245631158,0.002896428,0.0015728474,0.0027647018
MQAttn-QLSTM-VQR classical twin,4,14,0.82476074,0.8200883,0.8250505,0.81962717,0.0048923245631158,0.004672408,0.00046116114,0.00028973818
MQAttn-QLSTM-VQR classical twin,4,14,0.82612413,0.8195143,0.82476074,0.8304947,0.0048923245631158,0.006609857,0.010980427,0.0013633966
MQAttn-QLSTM-VQR classical twin,4,14,0.82602876,0.8222485,0.82612413,0.82889515,0.0048923245631158,0.0037802458,0.006646633,9.536743e-05
MQAttn-QLSTM-VQR classical twin,4,14,0.8206888,0.8220233,0.82602876,0.82766837,0.0048923245631158,0.0013344884,0.0056450963,0.00533998
MQAttn-QLSTM-VQR classical twin,4,14,0.81396234,0.8168791,0.8206888,0.80714804,0.0048923245631158,0.0029167533,0.009731054,0.006726444
MQAttn-QLSTM-VQR classical twin,4,14,0.80775845,0.80909365,0.81396234,0.80547124,0.0048923245631158,0.0013352036,0.0036224127,0.00620389
MQAttn-QLSTM-VQR classical twin,4,14,0.804637,0.80308664,0.80775845,0.804275,0.0048923245631158,0.0015503764,0.0011883378,0.0031214356
MQAttn-QLSTM-VQR classical twin,4,14,0.802907,0.7999288,0.804637,0.8053121,0.0048923245631158,0.0029782057,0.0053833127,0.0017300248
MQAttn-QLSTM-VQR classical twin,4,14,0.80147463,0.79848164,0.802907,0.79936844,0.0048923245631158,0.0029929876,0.0008867979,0.0014323592
MQAttn-QLSTM-VQR classical twin,4,14,0.8000821,0.7970398,0.80147463,0.7990799,0.0048923245631158,0.0030422807,0.0020400882,0.0013925433
MQAttn-QLSTM-VQR classical twin,4,14,0.798701,0.7948638,0.8000821,0.79998136,0.0048923245631158,0.0038371682,0.0051175356,0.0013810992
QLSTM,4,7,0.88781106,0.88623047,0.893678,0.8879777,0.0048923245631158,0.001580596,0.0017472506,0.005866945
QLSTM,4,7,0.8805146,0.8813883,0.88781106,0.88437545,0.0048923245631158,0.0008736849,0.0029871464,0.007296443
QLSTM,4,7,0.8706213,0.876359,0.8805146,0.8731381,0.0048923245631158,0.0057376623,0.0032208562,0.009893298
QLSTM,4,7,0.86201626,0.8669391,0.8706213,0.8532213,0.0048923245631158,0.004922867,0.01371783,0.008605063
QLSTM,4,7,0.85678667,0.85829175,0.86201626,0.8495128,0.0048923245631158,0.0015050769,0.00877893,0.0052295923
QLSTM,4,7,0.85681796,0.85421574,0.85678667,0.85412216,0.0048923245631158,0.0026022196,9.357929e-05,3.129244e-05
QLSTM,4,7,0.86157167,0.85251755,0.85681796,0.8645272,0.0048923245631158,0.009054124,0.01200968,0.004753709
QLSTM,4,7,0.86300427,0.85691464,0.86157167,0.8707553,0.0048923245631158,0.0060896277,0.013840675,0.0014325976
QLSTM,4,7,0.8597822,0.85819757,0.86300427,0.8636861,0.0048923245631158,0.0015846491,0.005488515,0.0032220483
QLSTM,4,7,0.8511099,0.8557662,0.8597822,0.8530257,0.0048923245631158,0.0046562552,0.0027405024,0.008672297
QLSTM,4,7,0.8409406,0.8467929,0.8511099,0.8353551,0.0048923245631158,0.005852282,0.011437774,0.010169327
QLSTM,4,7,0.831855,0.8366418,0.8409406,0.8304859,0.0048923245631158,0.0047867894,0.006155908,0.009085596
QLSTM,4,7,0.826135,0.8273979,0.831855,0.8268595,0.0048923245631158,0.0012629032,0.00053840876,0.0057200193
QLSTM,4,7,0.82320505,0.82245815,0.826135,0.80900556,0.0048923245631158,0.0007469058,0.0134525895,0.002929926
QLSTM,4,7,0.8213227,0.8200265,0.82320505,0.8181187,0.0048923245631158,0.0012961626,0.0019078255,0.0018823743
QLSTM,4,7,0.8197506,0.81802124,0.8213227,0.82392466,0.0048923245631158,0.0017293692,0.005903423,0.0015720725
QLSTM,4,7,0.8164465,0.81673896,0.8197506,0.82161254,0.0048923245631158,0.00029248,0.004873574,0.0033041239
QLSTM,4,7,0.8113606,0.81279665,0.8164465,0.80882174,0.0048923245631158,0.0014360547,0.0039749146,0.0050858855
QLSTM,4,7,0.8054195,0.80770695,0.8113606,0.8039217,0.0048923245631158,0.0022874475,0.0037852526,0.005941093
QLSTM,4,7,0.80210716,0.8009969,0.8054195,0.8000672,0.0048923245631158,0.0011102557,0.00092971325,0.0033123493
QLSTM,4,7,0.8023321,0.7976375,0.80210716,0.7997907,0.0048923245631158,0.004694581,0.0021531582,0.00022494793
QLSTM,4,7,0.80287135,0.7977634,0.8023321,0.80243707,0.0048923245631158,0.0051079392,0.00467366,0.0005392432
QLSTM,4,7,0.80371284,0.7986166,0.80287135,0.8055832,0.0048923245631158,0.0050962567,0.006966591,0.0008414984
QLSTM,4,14,0.8795644,0.8817624,0.88923603,0.8733919,0.0048923245631158,0.0021979809,0.008370459,0.0096716285
QLSTM,4,14,0.87121564,0.8744077,0.8795644,0.8714147,0.0048923245631158,0.0031920671,0.0029929876,0.008348763
QLSTM,4,14,0.86467916,0.8674177,0.87121564,0.86503065,0.0048923245631158,0.0027385354,0.0023870468,0.0065364838
QLSTM,4,14,0.8575266,0.8610096,0.86467916,0.8609,0.0048923245631158,0.0034829974,0.00010961294,0.0071525574
QLSTM,4,14,0.85123503,0.855348,0.8575266,0.8462889,0.0048923245631158,0.004112959,0.009059072,0.0062915683
QLSTM,4,14,0.84612465,0.84827524,0.85123503,0.84308445,0.0048923245631158,0.0021505952,0.0051907897,0.005110383
QLSTM,4,14,0.8417126,0.8423448,0.84612465,0.84825546,0.0048923245631158,0.00063222647,0.005910635,0.004412055
QLSTM,4,14,0.8381167,0.8379277,0.8417126,0.83613986,0.0048923245631158,0.00018900633,0.0017878413,0.0035958886
QLSTM,4,14,0.8330718,0.834187,0.8381167,0.8323826,0.0048923245631158,0.0011151433,0.0018043518,0.0050448775
QLSTM,4,14,0.8278152,0.8291777,0.8330718,0.8300409,0.0048923245631158,0.0013625026,0.00086319447,0.005256653
QLSTM,4,14,0.8250505,0.824097,0.8278152,0.8205812,0.0048923245631158,0.0009534955,0.00351578,0.0027647018
QLSTM,4,14,0.82476074,0.82182306,0.8250505,0.81962717,0.0048923245631158,0.0029376745,0.0021958947,0.00028973818
QLSTM,4,14,0.82612413,0.8216762,0.82476074,0.8304947,0.0048923245631158,0.004447937,0.008818507,0.0013633966
QLSTM,4,14,0.82602876,0.8233557,0.82612413,0.82889515,0.0048923245631158,0.0026730895,0.005539477,9.536743e-05
QLSTM,4,14,0.8206888,0.82290405,0.82602876,0.82766837,0.0048923245631158,0.0022152662,0.0047643185,0.00533998
QLSTM,4,14,0.81396234,0.8177315,0.8206888,0.80714804,0.0048923245631158,0.0037691593,0.01058346,0.006726444
QLSTM,4,14,0.80775845,0.8107927,0.81396234,0.80547124,0.0048923245631158,0.003034234,0.005321443,0.00620389
QLSTM,4,14,0.804637,0.8041271,0.80775845,0.804275,0.0048923245631158,0.00050991774,0.00014787912,0.0031214356
QLSTM,4,14,0.802907,0.8006224,0.804637,0.8053121,0.0048923245631158,0.0022845864,0.0046896935,0.0017300248
QLSTM,4,14,0.80147463,0.7990489,0.802907,0.79936844,0.0048923245631158,0.0024257302,0.0003195405,0.0014323592
QLSTM,4,14,0.8000821,0.7974238,0.80147463,0.7990799,0.0048923245631158,0.0026583076,0.001656115,0.0013925433
QLSTM,4,14,0.798701,0.796173,0.8000821,0.79998136,0.0048923245631158,0.0025280118,0.0038083792,0.0013810992
LSTM,4,7,0.88781106,0.885099,0.893678,0.8879777,0.0048923245631158,0.002712071,0.0028787255,0.005866945
LSTM,4,7,0.8805146,0.87980014,0.88781106,0.88437545,0.0048923245631158,0.0007144809,0.004575312,0.007296443
LSTM,4,7,0.8706213,0.8719395,0.8805146,0.8731381,0.0048923245631158,0.0013181567,0.0011986494,0.009893298
LSTM,4,7,0.86201626,0.86259466,0.8706213,0.8532213,0.0048923245631158,0.0005784035,0.009373367,0.008605063
LSTM,4,7,0.85678667,0.85701174,0.86201626,0.8495128,0.0048923245631158,0.00022506714,0.00749892,0.0052295923
LSTM,4,7,0.85681796,0.8483823,0.85678667,0.85412216,0.0048923245631158,0.008435667,0.0057398677,3.129244e-05
LSTM,4,7,0.86157167,0.8534463,0.85681796,0.8645272,0.0048923245631158,0.008125365,0.011080921,0.004753709
LSTM,4,7,0.86300427,0.85784334,0.86157167,0.8707553,0.0048923245631158,0.005160928,0.012911975,0.0014325976
LSTM,4,7,0.8597822,0.8588252,0.86300427,0.8636861,0.0048923245631158,0.0009570122,0.004860878,0.0032220483
LSTM,4,7,0.8511099,0.85101396,0.8597822,0.8530257,0.0048923245631158,9.596348e-05,0.0020117164,0.008672297
LSTM,4,7,0.8409406,0.84322023,0.8511099,0.8353551,0.0048923245631158,0.0022796392,0.007865131,0.010169327
LSTM,4,7,0.831855,0.83337265,0.8409406,0.8304859,0.0048923245631158,0.0015176535,0.0028867722,0.009085596
LSTM,4,7,0.826135,0.82358426,0.831855,0.8268595,0.0048923245631158,0.0025507212,0.0032752156,0.0057200193
LSTM,4,7,0.82320505,0.82224154,0.826135,0.80900556,0.0048923245631158,0.0009635091,0.013235986,0.002929926
LSTM,4,7,0.8213227,0.82012194,0.82320505,0.8181187,0.0048923245631158,0.0012007356,0.0020032525,0.0018823743
LSTM,4,7,0.8197506,0.81876415,0.8213227,0.82392466,0.0048923245631158,0.0009864569,0.0051605105,0.0015720725
LSTM,4,7,0.8164465,0.8152989,0.8197506,0.82161254,0.0048923245631158,0.0011475682,0.006313622,0.0033041239
LSTM,4,7,0.8113606,0.8119866,0.8164465,0.80882174,0.0048923245631158,0.0006260276,0.0031648874,0.0050858855
LSTM,4,7,0.8054195,0.8038612,0.8113606,0.8039217,0.0048923245631158,0.0015583038,6.0498714e-05,0.005941093
LSTM,4,7,0.80210716,0.7983896,0.8054195,0.8000672,0.0048923245631158,0.0037175417,0.0016775727,0.0033123493
LSTM,4,7,0.8023321,0.7947629,0.80210716,0.7997907,0.0048923245631158,0.007569194,0.005027771,0.00022494793
LSTM,4,7,0.80287135,0.7959128,0.8023321,0.80243707,0.0048923245631158,0.0069585443,0.006524265,0.0005392432
LSTM,4,7,0.80371284,0.7965794,0.80287135,0.8055832,0.0048923245631158,0.0071334243,0.009003758,0.0008414984
LSTM,4,14,0.8795644,0.88040775,0.88923603,0.8733919,0.0048923245631158,0.0008433461,0.0070158243,0.0096716285
LSTM,4,14,0.87121564,0.87120104,0.8795644,0.8714147,0.0048923245631158,1.4603138e-05,0.00021368265,0.008348763
LSTM,4,14,0.86467916,0.86236423,0.87121564,0.86503065,0.0048923245631158,0.0023149252,0.0026664138,0.0065364838
LSTM,4,14,0.8575266,0.85976267,0.86467916,0.8609,0.0048923245631158,0.0022360682,0.0011373162,0.0071525574
LSTM,4,14,0.85123503,0.85394293,0.8575266,0.8462889,0.0048923245631158,0.0027078986,0.0076540112,0.0062915683
LSTM,4,14,0.84612465,0.84844345,0.85123503,0.84308445,0.0048923245631158,0.0023187995,0.005358994,0.005110383
LSTM,4,14,0.8417126,0.8417429,0.84612465,0.84825546,0.0048923245631158,3.027916e-05,0.0065125823,0.004412055
LSTM,4,14,0.8381167,0.8361117,0.8417126,0.83613986,0.0048923245631158,0.002004981,2.8133392e-05,0.0035958886
LSTM,4,14,0.8330718,0.8315996,0.8381167,0.8323826,0.0048923245631158,0.0014722347,0.0007830262,0.0050448775
LSTM,4,14,0.8278152,0.8260254,0.8330718,0.8300409,0.0048923245631158,0.0017897487,0.0040154457,0.005256653
LSTM,4,14,0.8250505,0.82076937,0.8278152,0.8205812,0.0048923245631158,0.0042811036,0.00018817186,0.0027647018
LSTM,4,14,0.82476074,0.8195556,0.8250505,0.81962717,0.0048923245631158,0.0052051544,7.158518e-05,0.00028973818
LSTM,4,14,0.82612413,0.82064265,0.82476074,0.8304947,0.0048923245631158,0.0054814816,0.009852052,0.0013633966
LSTM,4,14,0.82602876,0.8231082,0.82612413,0.82889515,0.0048923245631158,0.002920568,0.0057869554,9.536743e-05
LSTM,4,14,0.8206888,0.82258725,0.82602876,0.82766837,0.0048923245631158,0.0018984675,0.005081117,0.00533998
LSTM,4,14,0.81396234,0.81791407,0.8206888,0.80714804,0.0048923245631158,0.0039517283,0.010766029,0.006726444
LSTM,4,14,0.80775845,0.8076598,0.81396234,0.80547124,0.0048923245631158,9.864569e-05,0.0021885633,0.00620389
LSTM,4,14,0.804637,0.8014042,0.80775845,0.804275,0.0048923245631158,0.0032328367,0.002870798,0.0031214356
LSTM,4,14,0.802907,0.7980064,0.804637,0.8053121,0.0048923245631158,0.0049005747,0.0073056817,0.0017300248
LSTM,4,14,0.80147463,0.79566205,0.802907,0.79936844,0.0048923245631158,0.0058125854,0.0037063956,0.0014323592
LSTM,4,14,0.8000821,0.79500014,0.80147463,0.7990799,0.0048923245631158,0.0050819516,0.004079759,0.0013925433
LSTM,4,14,0.798701,0.7935193,0.8000821,0.79998136,0.0048923245631158,0.00518167,0.0064620376,0.0013810992
GRU,4,7,0.88781106,0.883627,0.893678,0.8879777,0.0048923245631158,0.0041840672,0.004350722,0.005866945
GRU,4,7,0.8805146,0.87852246,0.88781106,0.88437545,0.0048923245631158,0.001992166,0.0058529973,0.007296443
GRU,4,7,0.8706213,0.8702337,0.8805146,0.8731381,0.0048923245631158,0.000387609,0.0029044151,0.009893298
GRU,4,7,0.86201626,0.86132246,0.8706213,0.8532213,0.0048923245631158,0.00069379807,0.008101165,0.008605063
GRU,4,7,0.85678667,0.8512811,0.86201626,0.8495128,0.0048923245631158,0.005505562,0.001768291,0.0052295923
GRU,4,7,0.85681796,0.85360867,0.85678667,0.85412216,0.0048923245631158,0.003209293,0.000513494,3.129244e-05
GRU,4,7,0.86157167,0.8562646,0.85681796,0.8645272,0.0048923245631158,0.0053070784,0.008262634,0.004753709
GRU,4,7,0.86300427,0.8586965,0.86157167,0.8707553,0.0048923245631158,0.004307747,0.0120587945,0.0014325976
GRU,4,7,0.8597822,0.8570861,0.86300427,0.8636861,0.0048923245631158,0.002696097,0.0065999627,0.0032220483
GRU,4,7,0.8511099,0.8525746,0.8597822,0.8530257,0.0048923245631158,0.0014646649,0.00045108795,0.008672297
GRU,4,7,0.8409406,0.8430199,0.8511099,0.8353551,0.0048923245631158,0.002079308,0.0076647997,0.010169327
GRU,4,7,0.831855,0.83273613,0.8409406,0.8304859,0.0048923245631158,0.00088113546,0.0022502542,0.009085596
GRU,4,7,0.826135,0.82776564,0.831855,0.8268595,0.0048923245631158,0.0016306639,0.0009061694,0.0057200193
GRU,4,7,0.82320505,0.82458013,0.826135,0.80900556,0.0048923245631158,0.0013750792,0.0155745745,0.002929926
GRU,4,7,0.8213227,0.8217928,0.82320505,0.8181187,0.0048923245631158,0.00047010183,0.00367409,0.0018823743
GRU,4,7,0.8197506,0.8196072,0.8213227,0.82392466,0.0048923245631158,0.00014340878,0.0043174624,0.0015720725
GRU,4,7,0.8164465,0.81811994,0.8197506,0.82161254,0.0048923245631158,0.00167346,0.0034925938,0.0033041239
GRU,4,7,0.8113606,0.81209946,0.8164465,0.80882174,0.0048923245631158,0.0007388592,0.003277719,0.0050858855
GRU,4,7,0.8054195,0.8052271,0.8113606,0.8039217,0.0048923245631158,0.0001924038,0.0013054013,0.005941093
GRU,4,7,0.80210716,0.8020565,0.8054195,0.8000672,0.0048923245631158,5.0663948e-05,0.001989305,0.0033123493
GRU,4,7,0.8023321,0.79875726,0.80210716,0.7997907,0.0048923245631158,0.0035748482,0.0010334253,0.00022494793
GRU,4,7,0.80287135,0.7983425,0.8023321,0.80243707,0.0048923245631158,0.0045288205,0.004094541,0.0005392432
GRU,4,7,0.80371284,0.79811686,0.80287135,0.8055832,0.0048923245631158,0.005595982,0.007466316,0.0008414984
GRU,4,14,0.8795644,0.8757125,0.88923603,0.8733919,0.0048923245631158,0.0038518906,0.0023205876,0.0096716285
GRU,4,14,0.87121564,0.8671277,0.8795644,0.8714147,0.0048923245631158,0.004087925,0.0042870045,0.008348763
GRU,4,14,0.86467916,0.86234385,0.87121564,0.86503065,0.0048923245631158,0.00233531,0.0026867986,0.0065364838
GRU,4,14,0.8575266,0.85630876,0.86467916,0.8609,0.0048923245631158,0.0012178421,0.0045912266,0.0071525574
GRU,4,14,0.85123503,0.85427195,0.8575266,0.8462889,0.0048923245631158,0.0030369163,0.007983029,0.0062915683
GRU,4,14,0.84612465,0.8472483,0.85123503,0.84308445,0.0048923245631158,0.0011236668,0.0041638613,0.005110383
GRU,4,14,0.8417126,0.8412654,0.84612465,0.84825546,0.0048923245631158,0.00044721365,0.006990075,0.004412055
GRU,4,14,0.8381167,0.8353079,0.8417126,0.83613986,0.0048923245631158,0.0028088093,0.00083196163,0.0035958886
GRU,4,14,0.8330718,0.83121747,0.8381167,0.8323826,0.0048923245631158,0.0018543601,0.0011651516,0.0050448775
GRU,4,14,0.8278152,0.8254809,0.8330718,0.8300409,0.0048923245631158,0.0023342967,0.0045599937,0.005256653
GRU,4,14,0.8250505,0.8192485,0.8278152,0.8205812,0.0048923245631158,0.0058019757,0.0013327003,0.0027647018
GRU,4,14,0.82476074,0.8216608,0.8250505,0.81962717,0.0048923245631158,0.0030999184,0.0020336509,0.00028973818
GRU,4,14,0.82612413,0.8228963,0.82476074,0.8304947,0.0048923245631158,0.00322783,0.0075984,0.0013633966
GRU,4,14,0.82602876,0.82203615,0.82612413,0.82889515,0.0048923245631158,0.003992617,0.0068590045,9.536743e-05
GRU,4,14,0.8206888,0.82566524,0.82602876,0.82766837,0.0048923245631158,0.0049764514,0.0020031333,0.00533998
GRU,4,14,0.81396234,0.81782025,0.8206888,0.80714804,0.0048923245631158,0.0038579106,0.010672212,0.006726444
GRU,4,14,0.80775845,0.80842906,0.81396234,0.80547124,0.0048923245631158,0.00067061186,0.002957821,0.00620389
GRU,4,14,0.804637,0.8021657,0.80775845,0.804275,0.0048923245631158,0.0024713278,0.0021092892,0.0031214356
GRU,4,14,0.802907,0.79919505,0.804637,0.8053121,0.0048923245631158,0.0037119389,0.006117046,0.0017300248
GRU,4,14,0.80147463,0.7973967,0.802907,0.79936844,0.0048923245631158,0.0040779114,0.0019717216,0.0014323592
GRU,4,14,0.8000821,0.7961504,0.80147463,0.7990799,0.0048923245631158,0.003931701,0.0029295087,0.0013925433
GRU,4,14,0.798701,0.7958683,0.8000821,0.79998136,0.0048923245631158,0.0028327107,0.004113078,0.0013810992
MLP,4,7,0.88781106,0.8998922,0.893678,0.8879777,0.0048923245631158,0.012081146,0.011914492,0.005866945
MLP,4,7,0.8805146,0.87481314,0.88781106,0.88437545,0.0048923245631158,0.0057014823,0.009562314,0.007296443
MLP,4,7,0.8706213,0.88306195,0.8805146,0.8731381,0.0048923245631158,0.012440622,0.009923816,0.009893298
MLP,4,7,0.86201626,0.85704136,0.8706213,0.8532213,0.0048923245631158,0.0049749017,0.0038200617,0.008605063
MLP,4,7,0.85678667,0.8644647,0.86201626,0.8495128,0.0048923245631158,0.007678032,0.014951885,0.0052295923
MLP,4,7,0.85681796,0.849526,0.85678667,0.85412216,0.0048923245631158,0.0072919726,0.0045961738,3.129244e-05
MLP,4,7,0.86157167,0.8571524,0.85681796,0.8645272,0.0048923245631158,0.004419267,0.007374823,0.004753709
MLP,4,7,0.86300427,0.8586729,0.86157167,0.8707553,0.0048923245631158,0.0043313503,0.012082398,0.0014325976
MLP,4,7,0.8597822,0.85640126,0.86300427,0.8636861,0.0048923245631158,0.0033809543,0.00728482,0.0032220483
MLP,4,7,0.8511099,0.84598213,0.8597822,0.8530257,0.0048923245631158,0.0051277876,0.0070435405,0.008672297
MLP,4,7,0.8409406,0.8328496,0.8511099,0.8353551,0.0048923245631158,0.008090973,0.0025054812,0.010169327
MLP,4,7,0.831855,0.8319537,0.8409406,0.8304859,0.0048923245631158,9.870529e-05,0.001467824,0.009085596
MLP,4,7,0.826135,0.8274136,0.831855,0.8268595,0.0048923245631158,0.0012786388,0.0005541444,0.0057200193
MLP,4,7,0.82320505,0.8203254,0.826135,0.80900556,0.0048923245631158,0.0028796792,0.011319816,0.002929926
MLP,4,7,0.8213227,0.8211444,0.82320505,0.8181187,0.0048923245631158,0.00017827749,0.0030257106,0.0018823743
MLP,4,7,0.8197506,0.82183546,0.8213227,0.82392466,0.0048923245631158,0.0020848513,0.0020892024,0.0015720725
MLP,4,7,0.8164465,0.822825,0.8197506,0.82161254,0.0048923245631158,0.0063785315,0.0012124777,0.0033041239
MLP,4,7,0.8113606,0.81478494,0.8164465,0.80882174,0.0048923245631158,0.0034243464,0.0059632063,0.0050858855
MLP,4,7,0.8054195,0.8048736,0.8113606,0.8039217,0.0048923245631158,0.00054591894,0.0009518862,0.005941093
MLP,4,7,0.80210716,0.8004212,0.8054195,0.8000672,0.0048923245631158,0.001685977,0.00035399199,0.0033123493
MLP,4,7,0.8023321,0.79656386,0.80210716,0.7997907,0.0048923245631158,0.0057682395,0.0032268167,0.00022494793
MLP,4,7,0.80287135,0.79993284,0.8023321,0.80243707,0.0048923245631158,0.002938509,0.0025042295,0.0005392432
MLP,4,7,0.80371284,0.7956957,0.80287135,0.8055832,0.0048923245631158,0.008017123,0.009887457,0.0008414984
MLP,4,14,0.8795644,0.88292056,0.88923603,0.8733919,0.0048923245631158,0.0033561587,0.009528637,0.0096716285
MLP,4,14,0.87121564,0.8566423,0.8795644,0.8714147,0.0048923245631158,0.014573336,0.014772415,0.008348763
MLP,4,14,0.86467916,0.8707777,0.87121564,0.86503065,0.0048923245631158,0.0060985684,0.00574708,0.0065364838
MLP,4,14,0.8575266,0.8608907,0.86467916,0.8609,0.0048923245631158,0.0033640862,9.298325e-06,0.0071525574
MLP,4,14,0.85123503,0.8522209,0.8575266,0.8462889,0.0048923245631158,0.0009858608,0.0059319735,0.0062915683
MLP,4,14,0.84612465,0.85404474,0.85123503,0.84308445,0.0048923245631158,0.007920086,0.010960281,0.005110383
MLP,4,14,0.8417126,0.84139556,0.84612465,0.84825546,0.0048923245631158,0.0003170371,0.0068598986,0.004412055
MLP,4,14,0.8381167,0.8359851,0.8417126,0.83613986,0.0048923245631158,0.0021315813,0.00015473366,0.0035958886
MLP,4,14,0.8330718,0.830105,0.8381167,0.8323826,0.0048923245631158,0.0029668212,0.0022776127,0.0050448775
MLP,4,14,0.8278152,0.8225593,0.8330718,0.8300409,0.0048923245631158,0.005255878,0.007481575,0.005256653
MLP,4,14,0.8250505,0.82109225,0.8278152,0.8205812,0.0048923245631158,0.0039582253,0.0005110502,0.0027647018
MLP,4,14,0.82476074,0.81620914,0.8250505,0.81962717,0.0048923245631158,0.008551598,0.0034180284,0.00028973818
MLP,4,14,0.82612413,0.8194563,0.82476074,0.8304947,0.0048923245631158,0.0066678524,0.011038423,0.0013633966
MLP,4,14,0.82602876,0.82092327,0.82612413,0.82889515,0.0048923245631158,0.0051054955,0.007971883,9.536743e-05
MLP,4,14,0.8206888,0.8275156,0.82602876,0.82766837,0.0048923245631158,0.006826818,0.0001527667,0.00533998
MLP,4,14,0.81396234,0.8217082,0.8206888,0.80714804,0.0048923245631158,0.007745862,0.014560163,0.006726444
MLP,4,14,0.80775845,0.80603147,0.81396234,0.80547124,0.0048923245631158,0.001726985,0.00056022406,0.00620389
MLP,4,14,0.804637,0.8022544,0.80775845,0.804275,0.0048923245631158,0.002382636,0.0020205975,0.0031214356
MLP,4,14,0.802907,0.80024624,0.804637,0.8053121,0.0048923245631158,0.0026607513,0.0050658584,0.0017300248
MLP,4,14,0.80147463,0.80083513,0.802907,0.79936844,0.0048923245631158,0.00063949823,0.0014666915,0.0014323592
MLP,4,14,0.8000821,0.7982662,0.80147463,0.7990799,0.0048923245631158,0.0018159151,0.0008137226,0.0013925433
MLP,4,14,0.798701,0.797894,0.8000821,0.79998136,0.0048923245631158,0.0008069873,0.0020873547,0.0013810992
Seq2Seq,4,7,0.88781106,0.88561267,0.893678,0.8879777,0.0048923245631158,0.002198398,0.0023650527,0.005866945
Seq2Seq,4,7,0.8805146,0.87996656,0.88781106,0.88437545,0.0048923245631158,0.0005480647,0.004408896,0.007296443
Seq2Seq,4,7,0.8706213,0.8712293,0.8805146,0.8731381,0.0048923245631158,0.0006079674,0.0019088387,0.009893298
Seq2Seq,4,7,0.86201626,0.8626001,0.8706213,0.8532213,0.0048923245631158,0.0005838275,0.009378791,0.008605063
Seq2Seq,4,7,0.85678667,0.85673594,0.86201626,0.8495128,0.0048923245631158,5.0723553e-05,0.0072231293,0.0052295923
Seq2Seq,4,7,0.85681796,0.8532757,0.85678667,0.85412216,0.0048923245631158,0.0035422444,0.00084644556,3.129244e-05
Seq2Seq,4,7,0.86157167,0.85482925,0.85681796,0.8645272,0.0048923245631158,0.006742418,0.009697974,0.004753709
Seq2Seq,4,7,0.86300427,0.86018634,0.86157167,0.8707553,0.0048923245631158,0.0028179288,0.010568976,0.0014325976
Seq2Seq,4,7,0.8597822,0.8591589,0.86300427,0.8636861,0.0048923245631158,0.0006233454,0.004527211,0.0032220483
Seq2Seq,4,7,0.8511099,0.85487366,0.8597822,0.8530257,0.0048923245631158,0.0037637353,0.0018479824,0.008672297
Seq2Seq,4,7,0.8409406,0.8440266,0.8511099,0.8353551,0.0048923245631158,0.0030860305,0.008671522,0.010169327
Seq2Seq,4,7,0.831855,0.8338387,0.8409406,0.8304859,0.0048923245631158,0.0019837022,0.0033528209,0.009085596
Seq2Seq,4,7,0.826135,0.829359,0.831855,0.8268595,0.0048923245631158,0.0032240152,0.0024995208,0.0057200193
Seq2Seq,4,7,0.82320505,0.8235481,0.826135,0.80900556,0.0048923245631158,0.00034302473,0.01454252,0.002929926
Seq2Seq,4,7,0.8213227,0.8230131,0.82320505,0.8181187,0.0048923245631158,0.0016904473,0.0048944354,0.0018823743
Seq2Seq,4,7,0.8197506,0.8198453,0.8213227,0.82392466,0.0048923245631158,9.471178e-05,0.004079342,0.0015720725
Seq2Seq,4,7,0.8164465,0.8180399,0.8197506,0.82161254,0.0048923245631158,0.001593411,0.0035726428,0.0033041239
Seq2Seq,4,7,0.8113606,0.81307846,0.8164465,0.80882174,0.0048923245631158,0.0017178655,0.0042567253,0.0050858855
Seq2Seq,4,7,0.8054195,0.8080257,0.8113606,0.8039217,0.0048923245631158,0.002606213,0.004104018,0.005941093
Seq2Seq,4,7,0.80210716,0.8026535,0.8054195,0.8000672,0.0048923245631158,0.0005463362,0.0025863051,0.0033123493
Seq2Seq,4,7,0.8023321,0.79923403,0.80210716,0.7997907,0.0048923245631158,0.0030980706,0.0005566478,0.00022494793
Seq2Seq,4,7,0.80287135,0.7993812,0.8023321,0.80243707,0.0048923245631158,0.00349015,0.0030558705,0.0005392432
Seq2Seq,4,7,0.80371284,0.8008339,0.80287135,0.8055832,0.0048923245631158,0.002878964,0.004749298,0.0008414984
Seq2Seq,4,14,0.8795644,0.8800916,0.88923603,0.8733919,0.0048923245631158,0.0005272031,0.0066996813,0.0096716285
Seq2Seq,4,14,0.87121564,0.8720313,0.8795644,0.8714147,0.0048923245631158,0.00081562996,0.00061655045,0.008348763
Seq2Seq,4,14,0.86467916,0.86513346,0.87121564,0.86503065,0.0048923245631158,0.0004543066,0.00010281801,0.0065364838
Seq2Seq,4,14,0.8575266,0.8597746,0.86467916,0.8609,0.0048923245631158,0.0022479892,0.0011253953,0.0071525574
Seq2Seq,4,14,0.85123503,0.85562634,0.8575266,0.8462889,0.0048923245631158,0.0043913126,0.009337425,0.0062915683
Seq2Seq,4,14,0.84612465,0.8505104,0.85123503,0.84308445,0.0048923245631158,0.0043857694,0.007425964,0.005110383
Seq2Seq,4,14,0.8417126,0.8433331,0.84612465,0.84825546,0.0048923245631158,0.0016205311,0.0049223304,0.004412055
Seq2Seq,4,14,0.8381167,0.8378727,0.8417126,0.83613986,0.0048923245631158,0.00024402142,0.0017328262,0.0035958886
Seq2Seq,4,14,0.8330718,0.8346012,0.8381167,0.8323826,0.0048923245631158,0.0015293956,0.002218604,0.0050448775
Seq2Seq,4,14,0.8278152,0.8291606,0.8330718,0.8300409,0.0048923245631158,0.001345396,0.000880301,0.005256653
Seq2Seq,4,14,0.8250505,0.8244057,0.8278152,0.8205812,0.0048923245631158,0.00064474344,0.003824532,0.0027647018
Seq2Seq,4,14,0.82476074,0.8225449,0.8250505,0.81962717,0.0048923245631158,0.0022158623,0.002917707,0.00028973818
Seq2Seq,4,14,0.82612413,0.8245487,0.82476074,0.8304947,0.0048923245631158,0.0015754104,0.0059459805,0.0013633966
Seq2Seq,4,14,0.82602876,0.82394373,0.82612413,0.82889515,0.0048923245631158,0.00208503,0.0049514174,9.536743e-05
Seq2Seq,4,14,0.8206888,0.8234096,0.82602876,0.82766837,0.0048923245631158,0.0027208328,0.004258752,0.00533998
Seq2Seq,4,14,0.81396234,0.8177874,0.8206888,0.80714804,0.0048923245631158,0.0038250685,0.0106393695,0.006726444
Seq2Seq,4,14,0.80775845,0.8112152,0.81396234,0.80547124,0.0048923245631158,0.0034567714,0.0057439804,0.00620389
Seq2Seq,4,14,0.804637,0.8047963,0.80775845,0.804275,0.0048923245631158,0.00015926361,0.0005213022,0.0031214356
Seq2Seq,4,14,0.802907,0.8017605,0.804637,0.8053121,0.0048923245631158,0.0011464953,0.0035516024,0.0017300248
Seq2Seq,4,14,0.80147463,0.79992825,0.802907,0.79936844,0.0048923245631158,0.0015463829,0.0005598068,0.0014323592
Seq2Seq,4,14,0.8000821,0.7978861,0.80147463,0.7990799,0.0048923245631158,0.002196014,0.0011938214,0.0013925433
Seq2Seq,4,14,0.798701,0.7979413,0.8000821,0.79998136,0.0048923245631158,0.0007596612,0.0020400286,0.0013810992
Persistence,5,3,0.86700976,0.87723166,0.87723166,0.86238754,0.0048169260844588,0.010221899,0.01484412,0.010221899
Persistence,5,3,0.8608358,0.86700976,0.86700976,0.8542888,0.0048169260844588,0.0061739683,0.0127209425,0.0061739683
Persistence,5,3,0.8553889,0.8608358,0.8608358,0.86380047,0.0048169260844588,0.005446911,0.0029646754,0.005446911
Persistence,5,3,0.8517531,0.8553889,0.8553889,0.85045785,0.0048169260844588,0.0036357641,0.0049310327,0.0036357641
Persistence,5,3,0.847858,0.8517531,0.8517531,0.844327,0.0048169260844588,0.003895104,0.0074261427,0.003895104
Persistence,5,3,0.8453639,0.847858,0.847858,0.84462684,0.0048169260844588,0.0024940968,0.0032311678,0.0024940968
Persistence,5,3,0.8447113,0.8453639,0.8453639,0.8458035,0.0048169260844588,0.00065261126,0.00043958426,0.00065261126
Persistence,5,3,0.8445845,0.8447113,0.8447113,0.8436774,0.0048169260844588,0.00012677908,0.0010339022,0.00012677908
Persistence,5,3,0.84156775,0.8445845,0.8445845,0.8448119,0.0048169260844588,0.00301677,0.00022739172,0.00301677
Persistence,5,3,0.8343575,0.84156775,0.84156775,0.84333766,0.0048169260844588,0.0072102547,0.0017699003,0.0072102547
Persistence,5,3,0.8241216,0.8343575,0.8343575,0.823293,0.0048169260844588,0.010235906,0.011064529,0.010235906
Persistence,5,3,0.81221163,0.8241216,0.8241216,0.8092939,0.0048169260844588,0.011909962,0.014827669,0.011909962
Persistence,5,3,0.8079697,0.81221163,0.81221163,0.79986495,0.0048169260844588,0.0042419434,0.012346685,0.0042419434
Persistence,5,3,0.81140435,0.8079697,0.8079697,0.7998536,0.0048169260844588,0.003434658,0.008116066,0.003434658
Persistence,5,3,0.817092,0.81140435,0.81140435,0.8244732,0.0048169260844588,0.005687654,0.013068855,0.005687654
Persistence,5,3,0.82192546,0.817092,0.817092,0.82831514,0.0048169260844588,0.00483346,0.011223137,0.00483346
Persistence,5,3,0.8192315,0.82192546,0.82192546,0.82324696,0.0048169260844588,0.0026939511,0.0013214946,0.0026939511
Persistence,5,3,0.81279457,0.8192315,0.8192315,0.8094152,0.0048169260844588,0.006436944,0.009816289,0.006436944
Persistence,5,3,0.80646867,0.81279457,0.81279457,0.8033943,0.0048169260844588,0.0063259006,0.0094002485,0.0063259006
Persistence,5,3,0.80146354,0.80646867,0.80646867,0.804537,0.0048169260844588,0.005005121,0.0019316673,0.005005121
Persistence,5,3,0.7974004,0.80146354,0.80146354,0.79609007,0.0048169260844588,0.0040631294,0.005373478,0.0040631294
Persistence,5,3,0.79319847,0.7974004,0.7974004,0.79367363,0.0048169260844588,0.0042019486,0.0037267804,0.0042019486
Persistence,5,3,0.7889255,0.79319847,0.79319847,0.78867537,0.0048169260844588,0.004272938,0.0045230985,0.004272938
Persistence,5,5,0.8782563,0.8835807,0.8835807,0.8740694,0.0048169260844588,0.0053243637,0.009511292,0.0053243637
Persistence,5,5,0.872727,0.8782563,0.8782563,0.87952185,0.0048169260844588,0.005529344,0.0012655258,0.005529344
Persistence,5,5,0.865695,0.872727,0.872727,0.8696272,0.0048169260844588,0.007031977,0.0030997992,0.007031977
Persistence,5,5,0.8568221,0.865695,0.865695,0.8527029,0.0048169260844588,0.008872926,0.012992084,0.008872926
Persistence,5,5,0.8498416,0.8568221,0.8568221,0.84489787,0.0048169260844588,0.0069804788,0.011924207,0.0069804788
Persistence,5,5,0.84802717,0.8498416,0.8498416,0.8437867,0.0048169260844588,0.001814425,0.0060548782,0.001814425
Persistence,5,5,0.8500156,0.84802717,0.84802717,0.85135525,0.0048169260844588,0.001988411,0.003328085,0.001988411
Persistence,5,5,0.85116696,0.8500156,0.8500156,0.85452765,0.0048169260844588,0.0011513829,0.0045120716,0.0011513829
Persistence,5,5,0.8484761,0.85116696,0.85116696,0.85522854,0.0048169260844588,0.0026908517,0.0040615797,0.0026908517
Persistence,5,5,0.844498,0.8484761,0.8484761,0.8355601,0.0048169260844588,0.003978133,0.0129160285,0.003978133
Persistence,5,5,0.83824056,0.844498,0.844498,0.8416284,0.0048169260844588,0.006257415,0.002869606,0.006257415
Persistence,5,5,0.8317948,0.83824056,0.83824056,0.8357602,0.0048169260844588,0.0064457655,0.0024803877,0.0064457655
Persistence,5,5,0.8260353,0.8317948,0.8317948,0.82023066,0.0048169260844588,0.0057594776,0.011564136,0.0057594776
Persistence,5,5,0.8226248,0.8260353,0.8260353,0.81794864,0.0048169260844588,0.0034105182,0.008086681,0.0034105182
Persistence,5,5,0.8238258,0.8226248,0.8226248,0.82139415,0.0048169260844588,0.001200974,0.0012306571,0.001200974
Persistence,5,5,0.8258206,0.8238258,0.8238258,0.8328286,0.0048169260844588,0.0019948483,0.009002805,0.0019948483
Persistence,5,5,0.82568413,0.8258206,0.8258206,0.82844985,0.0048169260844588,0.00013649464,0.0026292205,0.00013649464
Persistence,5,5,0.82247955,0.82568413,0.82568413,0.821103,0.0048169260844588,0.0032045841,0.0045811534,0.0032045841
Persistence,5,5,0.8176942,0.82247955,0.82247955,0.81731683,0.0048169260844588,0.004785359,0.005162716,0.004785359
Persistence,5,5,0.81326425,0.8176942,0.8176942,0.8141091,0.0048169260844588,0.0044299364,0.0035851002,0.0044299364
Persistence,5,5,0.80778986,0.81326425,0.81326425,0.8085135,0.0048169260844588,0.0054743886,0.0047507286,0.0054743886
Persistence,5,5,0.8019328,0.80778986,0.80778986,0.8047877,0.0048169260844588,0.0058570504,0.0030021667,0.0058570504
Persistence,5,5,0.7959442,0.8019328,0.8019328,0.7933096,0.0048169260844588,0.005988598,0.008623183,0.005988598
MQAttn-LSTM-VQR,5,3,0.86700976,0.8661627,0.87723166,0.86238754,0.0048169260844588,0.0008470416,0.0037751794,0.010221899
MQAttn-LSTM-VQR,5,3,0.8608358,0.85752136,0.86700976,0.8542888,0.0048169260844588,0.0033144355,0.0032325387,0.0061739683
MQAttn-LSTM-VQR,5,3,0.8553889,0.8481051,0.8608358,0.86380047,0.0048169260844588,0.007283807,0.015695393,0.005446911
MQAttn-LSTM-VQR,5,3,0.8517531,0.84667754,0.8553889,0.85045785,0.0048169260844588,0.005075574,0.0037803054,0.0036357641
MQAttn-LSTM-VQR,5,3,0.847858,0.84393245,0.8517531,0.844327,0.0048169260844588,0.003925562,0.00039452314,0.003895104
MQAttn-LSTM-VQR,5,3,0.8453639,0.8451236,0.847858,0.84462684,0.0048169260844588,0.00024032593,0.0004967451,0.0024940968
MQAttn-LSTM-VQR,5,3,0.8447113,0.8415982,0.8453639,0.8458035,0.0048169260844588,0.003113091,0.0042052865,0.00065261126
MQAttn-LSTM-VQR,5,3,0.8445845,0.84009236,0.8447113,0.8436774,0.0048169260844588,0.0044921637,0.0035850406,0.00012677908
MQAttn-LSTM-VQR,5,3,0.84156775,0.83915293,0.8445845,0.8448119,0.0048169260844588,0.0024148226,0.005658984,0.00301677
MQAttn-LSTM-VQR,5,3,0.8343575,0.83561575,0.84156775,0.84333766,0.0048169260844588,0.001258254,0.007721901,0.0072102547
MQAttn-LSTM-VQR,5,3,0.8241216,0.82839245,0.8343575,0.823293,0.0048169260844588,0.0042708516,0.0050994754,0.010235906
MQAttn-LSTM-VQR,5,3,0.81221163,0.8195849,0.8241216,0.8092939,0.0048169260844588,0.0073732734,0.01029098,0.011909962
MQAttn-LSTM-VQR,5,3,0.8079697,0.8067806,0.81221163,0.79986495,0.0048169260844588,0.0011891127,0.006915629,0.0042419434
MQAttn-LSTM-VQR,5,3,0.81140435,0.80233264,0.8079697,0.7998536,0.0048169260844588,0.009071708,0.0024790168,0.003434658
MQAttn-LSTM-VQR,5,3,0.817092,0.8074797,0.81140435,0.8244732,0.0048169260844588,0.009612322,0.016993523,0.005687654
MQAttn-LSTM-VQR,5,3,0.82192546,0.81376636,0.817092,0.82831514,0.0048169260844588,0.008159101,0.0145487785,0.00483346
MQAttn-LSTM-VQR,5,3,0.8192315,0.8181975,0.82192546,0.82324696,0.0048169260844588,0.0010340214,0.005049467,0.0026939511
MQAttn-LSTM-VQR,5,3,0.81279457,0.81610006,0.8192315,0.8094152,0.0048169260844588,0.0033054948,0.0066848397,0.006436944
MQAttn-LSTM-VQR,5,3,0.80646867,0.80972946,0.81279457,0.8033943,0.0048169260844588,0.0032607913,0.0063351393,0.0063259006
MQAttn-LSTM-VQR,5,3,0.80146354,0.8029351,0.80646867,0.804537,0.0048169260844588,0.0014715791,0.0016018748,0.005005121
MQAttn-LSTM-VQR,5,3,0.7974004,0.79832053,0.80146354,0.79609007,0.0048169260844588,0.0009201169,0.0022304654,0.0040631294
MQAttn-LSTM-VQR,5,3,0.79319847,0.7935893,0.7974004,0.79367363,0.0048169260844588,0.00039082766,8.434057e-05,0.0042019486
MQAttn-LSTM-VQR,5,3,0.7889255,0.7882054,0.79319847,0.78867537,0.0048169260844588,0.0007201433,0.00046998262,0.004272938
MQAttn-LSTM-VQR,5,5,0.8782563,0.87160254,0.8835807,0.8740694,0.0048169260844588,0.0066537857,0.0024668574,0.0053243637
MQAttn-LSTM-VQR,5,5,0.872727,0.8712328,0.8782563,0.87952185,0.0048169260844588,0.0014941692,0.008289039,0.005529344
MQAttn-LSTM-VQR,5,5,0.865695,0.8771456,0.872727,0.8696272,0.0048169260844588,0.011450589,0.0075184107,0.007031977
MQAttn-LSTM-VQR,5,5,0.8568221,0.86276585,0.865695,0.8527029,0.0048169260844588,0.005943775,0.010062933,0.008872926
MQAttn-LSTM-VQR,5,5,0.8498416,0.853099,0.8568221,0.84489787,0.0048169260844588,0.0032573938,0.008201122,0.0069804788
MQAttn-LSTM-VQR,5,5,0.84802717,0.85158235,0.8498416,0.8437867,0.0048169260844588,0.0035551786,0.007795632,0.001814425
MQAttn-LSTM-VQR,5,5,0.8500156,0.84589386,0.84802717,0.85135525,0.0048169260844588,0.004121721,0.005461395,0.001988411
MQAttn-LSTM-VQR,5,5,0.85116696,0.84751225,0.8500156,0.85452765,0.0048169260844588,0.0036547184,0.007015407,0.0011513829
MQAttn-LSTM-VQR,5,5,0.8484761,0.84493613,0.85116696,0.85522854,0.0048169260844588,0.0035399795,0.010292411,0.0026908517
MQAttn-LSTM-VQR,5,5,0.844498,0.843596,0.8484761,0.8355601,0.0048169260844588,0.0009019971,0.008035898,0.003978133
MQAttn-LSTM-VQR,5,5,0.83824056,0.8394478,0.844498,0.8416284,0.0048169260844588,0.0012072325,0.0021805763,0.006257415
MQAttn-LSTM-VQR,5,5,0.8317948,0.83276933,0.83824056,0.8357602,0.0048169260844588,0.00097453594,0.0029908419,0.0064457655
MQAttn-LSTM-VQR,5,5,0.8260353,0.827707,0.8317948,0.82023066,0.0048169260844588,0.0016716719,0.00747633,0.0057594776
MQAttn-LSTM-VQR,5,5,0.8226248,0.82326543,0.8260353,0.81794864,0.0048169260844588,0.0006406307,0.005316794,0.0034105182
MQAttn-LSTM-VQR,5,5,0.8238258,0.8195762,0.8226248,0.82139415,0.0048169260844588,0.0042495728,0.0018179417,0.001200974
MQAttn-LSTM-VQR,5,5,0.8258206,0.82079625,0.8238258,0.8328286,0.0048169260844588,0.0050243735,0.01203233,0.0019948483
MQAttn-LSTM-VQR,5,5,0.82568413,0.8218775,0.8258206,0.82844985,0.0048169260844588,0.0038066506,0.0065723658,0.00013649464
MQAttn-LSTM-VQR,5,5,0.82247955,0.8221553,0.82568413,0.821103,0.0048169260844588,0.00032424927,0.00105232,0.0032045841
MQAttn-LSTM-VQR,5,5,0.8176942,0.8189237,0.82247955,0.81731683,0.0048169260844588,0.0012295246,0.0016068816,0.004785359
MQAttn-LSTM-VQR,5,5,0.81326425,0.81421244,0.8176942,0.8141091,0.0048169260844588,0.0009481907,0.000103354454,0.0044299364
MQAttn-LSTM-VQR,5,5,0.80778986,0.80914634,0.81326425,0.8085135,0.0048169260844588,0.0013564825,0.0006328225,0.0054743886
MQAttn-LSTM-VQR,5,5,0.8019328,0.804149,0.80778986,0.8047877,0.0048169260844588,0.0022161603,0.0006387234,0.0058570504
MQAttn-LSTM-VQR,5,5,0.7959442,0.796572,0.8019328,0.7933096,0.0048169260844588,0.0006278157,0.0032624006,0.005988598
MQAttn-LSTM-VQR classical twin,5,3,0.86700976,0.8697758,0.87723166,0.86238754,0.0048169260844588,0.0027660131,0.007388234,0.010221899
MQAttn-LSTM-VQR classical twin,5,3,0.8608358,0.8603994,0.86700976,0.8542888,0.0048169260844588,0.0004363656,0.0061106086,0.0061739683
MQAttn-LSTM-VQR classical twin,5,3,0.8553889,0.85415167,0.8608358,0.86380047,0.0048169260844588,0.0012372136,0.0096488,0.005446911
MQAttn-LSTM-VQR classical twin,5,3,0.8517531,0.8475522,0.8553889,0.85045785,0.0048169260844588,0.0042009354,0.0029056668,0.0036357641
MQAttn-LSTM-VQR classical twin,5,3,0.847858,0.8448653,0.8517531,0.844327,0.0048169260844588,0.0029926896,0.00053834915,0.003895104
MQAttn-LSTM-VQR classical twin,5,3,0.8453639,0.84521925,0.847858,0.84462684,0.0048169260844588,0.00014466047,0.00059241056,0.0024940968
MQAttn-LSTM-VQR classical twin,5,3,0.8447113,0.8417759,0.8453639,0.8458035,0.0048169260844588,0.0029354095,0.004027605,0.00065261126
MQAttn-LSTM-VQR classical twin,5,3,0.8445845,0.8412016,0.8447113,0.8436774,0.0048169260844588,0.0033829212,0.0024757981,0.00012677908
MQAttn-LSTM-VQR classical twin,5,3,0.84156775,0.8388348,0.8445845,0.8448119,0.0048169260844588,0.0027329326,0.005977094,0.00301677
MQAttn-LSTM-VQR classical twin,5,3,0.8343575,0.8362105,0.84156775,0.84333766,0.0048169260844588,0.0018529892,0.007127166,0.0072102547
MQAttn-LSTM-VQR classical twin,5,3,0.8241216,0.828651,0.8343575,0.823293,0.0048169260844588,0.0045294166,0.0053580403,0.010235906
MQAttn-LSTM-VQR classical twin,5,3,0.81221163,0.81811947,0.8241216,0.8092939,0.0048169260844588,0.0059078336,0.008825541,0.011909962
MQAttn-LSTM-VQR classical twin,5,3,0.8079697,0.80809355,0.81221163,0.79986495,0.0048169260844588,0.00012385845,0.0082286,0.0042419434
MQAttn-LSTM-VQR classical twin,5,3,0.81140435,0.8037895,0.8079697,0.7998536,0.0048169260844588,0.007614851,0.0039358735,0.003434658
MQAttn-LSTM-VQR classical twin,5,3,0.817092,0.80527186,0.81140435,0.8244732,0.0048169260844588,0.0118201375,0.019201338,0.005687654
MQAttn-LSTM-VQR classical twin,5,3,0.82192546,0.8114244,0.817092,0.82831514,0.0048169260844588,0.010501087,0.016890764,0.00483346
MQAttn-LSTM-VQR classical twin,5,3,0.8192315,0.81744933,0.82192546,0.82324696,0.0048169260844588,0.0017821789,0.0057976246,0.0026939511
MQAttn-LSTM-VQR classical twin,5,3,0.81279457,0.814377,0.8192315,0.8094152,0.0048169260844588,0.0015824437,0.0049617887,0.006436944
MQAttn-LSTM-VQR classical twin,5,3,0.80646867,0.8073415,0.81279457,0.8033943,0.0048169260844588,0.0008728504,0.0039471984,0.0063259006
MQAttn-LSTM-VQR classical twin,5,3,0.80146354,0.8029346,0.80646867,0.804537,0.0048169260844588,0.0014710426,0.0016024113,0.005005121
MQAttn-LSTM-VQR classical twin,5,3,0.7974004,0.79754925,0.80146354,0.79609007,0.0048169260844588,0.0001488328,0.0014591813,0.0040631294
MQAttn-LSTM-VQR classical twin,5,3,0.79319847,0.7920702,0.7974004,0.79367363,0.0048169260844588,0.0011282563,0.0016034245,0.0042019486
MQAttn-LSTM-VQR classical twin,5,3,0.7889255,0.78760964,0.79319847,0.78867537,0.0048169260844588,0.0013158917,0.001065731,0.004272938
MQAttn-LSTM-VQR classical twin,5,5,0.8782563,0.87508035,0.8835807,0.8740694,0.0048169260844588,0.003175974,0.0010109544,0.0053243637
MQAttn-LSTM-VQR classical twin,5,5,0.872727,0.8706693,0.8782563,0.87952185,0.0048169260844588,0.0020576715,0.008852541,0.005529344
MQAttn-LSTM-VQR classical twin,5,5,0.865695,0.86419326,0.872727,0.8696272,0.0048169260844588,0.001501739,0.005433917,0.007031977
MQAttn-LSTM-VQR classical twin,5,5,0.8568221,0.85700625,0.865695,0.8527029,0.0048169260844588,0.00018417835,0.004303336,0.008872926
MQAttn-LSTM-VQR classical twin,5,5,0.8498416,0.8479706,0.8568221,0.84489787,0.0048169260844588,0.0018709898,0.0030727386,0.0069804788
MQAttn-LSTM-VQR classical twin,5,5,0.84802717,0.84772146,0.8498416,0.8437867,0.0048169260844588,0.00030571222,0.003934741,0.001814425
MQAttn-LSTM-VQR classical twin,5,5,0.8500156,0.8451587,0.84802717,0.85135525,0.0048169260844588,0.0048568845,0.0061965585,0.001988411
MQAttn-LSTM-VQR classical twin,5,5,0.85116696,0.84628314,0.8500156,0.85452765,0.0048169260844588,0.004883826,0.008244514,0.0011513829
MQAttn-LSTM-VQR classical twin,5,5,0.8484761,0.8455429,0.85116696,0.85522854,0.0048169260844588,0.0029332042,0.009685636,0.0026908517
MQAttn-LSTM-VQR classical twin,5,5,0.844498,0.8430414,0.8484761,0.8355601,0.0048169260844588,0.0014565587,0.0074813366,0.003978133
MQAttn-LSTM-VQR classical twin,5,5,0.83824056,0.8383738,0.844498,0.8416284,0.0048169260844588,0.00013321638,0.0032545924,0.006257415
MQAttn-LSTM-VQR classical twin,5,5,0.8317948,0.8335569,0.83824056,0.8357602,0.0048169260844588,0.0017620921,0.0022032857,0.0064457655
MQAttn-LSTM-VQR classical twin,5,5,0.8260353,0.8274118,0.8317948,0.82023066,0.0048169260844588,0.0013764501,0.007181108,0.0057594776
MQAttn-LSTM-VQR classical twin,5,5,0.8226248,0.8200907,0.8260353,0.81794864,0.0048169260844588,0.0025340915,0.0021420717,0.0034105182
MQAttn-LSTM-VQR classical twin,5,5,0.8238258,0.8180503,0.8226248,0.82139415,0.0048169260844588,0.0057754517,0.0033438206,0.001200974
MQAttn-LSTM-VQR classical twin,5,5,0.8258206,0.8185142,0.8238258,0.8328286,0.0048169260844588,0.007306397,0.0143143535,0.0019948483
MQAttn-LSTM-VQR classical twin,5,5,0.82568413,0.8208754,0.8258206,0.82844985,0.0048169260844588,0.004808724,0.007574439,0.00013649464
MQAttn-LSTM-VQR classical twin,5,5,0.82247955,0.8210286,0.82568413,0.821103,0.0048169260844588,0.0014509559,7.43866e-05,0.0032045841
MQAttn-LSTM-VQR classical twin,5,5,0.8176942,0.81693524,0.82247955,0.81731683,0.0048169260844588,0.00075894594,0.00038158894,0.004785359
MQAttn-LSTM-VQR classical twin,5,5,0.81326425,0.81358594,0.8176942,0.8141091,0.0048169260844588,0.00032168627,0.00052314997,0.0044299364
MQAttn-LSTM-VQR classical twin,5,5,0.80778986,0.8090999,0.81326425,0.8085135,0.0048169260844588,0.0013100505,0.0005863905,0.0054743886
MQAttn-LSTM-VQR classical twin,5,5,0.8019328,0.8048656,0.80778986,0.8047877,0.0048169260844588,0.002932787,7.790327e-05,0.0058570504
MQAttn-LSTM-VQR classical twin,5,5,0.7959442,0.79681844,0.8019328,0.7933096,0.0048169260844588,0.0008742213,0.0035088062,0.005988598
MQAttn-QLSTM-VQR,5,3,0.86700976,0.8687758,0.87723166,0.86238754,0.0048169260844588,0.001766026,0.006388247,0.010221899
MQAttn-QLSTM-VQR,5,3,0.8608358,0.85894316,0.86700976,0.8542888,0.0048169260844588,0.0018926263,0.004654348,0.0061739683
MQAttn-QLSTM-VQR,5,3,0.8553889,0.85421747,0.8608358,0.86380047,0.0048169260844588,0.0011714101,0.009582996,0.005446911
MQAttn-QLSTM-VQR,5,3,0.8517531,0.84763783,0.8553889,0.85045785,0.0048169260844588,0.0041152835,0.002820015,0.0036357641
MQAttn-QLSTM-VQR,5,3,0.847858,0.8428838,0.8517531,0.844327,0.0048169260844588,0.0049741864,0.0014431477,0.003895104
MQAttn-QLSTM-VQR,5,3,0.8453639,0.8434743,0.847858,0.84462684,0.0048169260844588,0.0018895864,0.0011525154,0.0024940968
MQAttn-QLSTM-VQR,5,3,0.8447113,0.8413531,0.8453639,0.8458035,0.0048169260844588,0.0033581853,0.004450381,0.00065261126
MQAttn-QLSTM-VQR,5,3,0.8445845,0.840219,0.8447113,0.8436774,0.0048169260844588,0.004365504,0.0034583807,0.00012677908
MQAttn-QLSTM-VQR,5,3,0.84156775,0.84074134,0.8445845,0.8448119,0.0048169260844588,0.0008264184,0.00407058,0.00301677
MQAttn-QLSTM-VQR,5,3,0.8343575,0.83726686,0.84156775,0.84333766,0.0048169260844588,0.0029093623,0.0060707927,0.0072102547
MQAttn-QLSTM-VQR,5,3,0.8241216,0.8294638,0.8343575,0.823293,0.0048169260844588,0.0053421855,0.0061708093,0.010235906
MQAttn-QLSTM-VQR,5,3,0.81221163,0.81989086,0.8241216,0.8092939,0.0048169260844588,0.007679224,0.010596931,0.011909962
MQAttn-QLSTM-VQR,5,3,0.8079697,0.8061962,0.81221163,0.79986495,0.0048169260844588,0.0017734766,0.006331265,0.0042419434
MQAttn-QLSTM-VQR,5,3,0.81140435,0.801872,0.8079697,0.7998536,0.0048169260844588,0.009532332,0.002018392,0.003434658
MQAttn-QLSTM-VQR,5,3,0.817092,0.8054104,0.81140435,0.8244732,0.0048169260844588,0.011681616,0.019062817,0.005687654
MQAttn-QLSTM-VQR,5,3,0.82192546,0.8126036,0.817092,0.82831514,0.0048169260844588,0.009321868,0.015711546,0.00483346
MQAttn-QLSTM-VQR,5,3,0.8192315,0.81661147,0.82192546,0.82324696,0.0048169260844588,0.0026200414,0.006635487,0.0026939511
MQAttn-QLSTM-VQR,5,3,0.81279457,0.81450737,0.8192315,0.8094152,0.0048169260844588,0.0017127991,0.005092144,0.006436944
MQAttn-QLSTM-VQR,5,3,0.80646867,0.807754,0.81279457,0.8033943,0.0048169260844588,0.0012853146,0.0043596625,0.0063259006
MQAttn-QLSTM-VQR,5,3,0.80146354,0.8032109,0.80646867,0.804537,0.0048169260844588,0.0017473698,0.0013260841,0.005005121
MQAttn-QLSTM-VQR,5,3,0.7974004,0.79762185,0.80146354,0.79609007,0.0048169260844588,0.00022143126,0.0015317798,0.0040631294
MQAttn-QLSTM-VQR,5,3,0.79319847,0.79381406,0.7974004,0.79367363,0.0048169260844588,0.0006155968,0.00014042854,0.0042019486
MQAttn-QLSTM-VQR,5,3,0.7889255,0.7892589,0.79319847,0.78867537,0.0048169260844588,0.00033336878,0.0005835295,0.004272938
MQAttn-QLSTM-VQR,5,5,0.8782563,0.877064,0.8835807,0.8740694,0.0048169260844588,0.0011923313,0.002994597,0.0053243637
MQAttn-QLSTM-VQR,5,5,0.872727,0.8720852,0.8782563,0.87952185,0.0048169260844588,0.0006417632,0.007436633,0.005529344
MQAttn-QLSTM-VQR,5,5,0.865695,0.870453,0.872727,0.8696272,0.0048169260844588,0.0047580004,0.00082582235,0.007031977
MQAttn-QLSTM-VQR,5,5,0.8568221,0.8594257,0.865695,0.8527029,0.0048169260844588,0.00260365,0.006722808,0.008872926
MQAttn-QLSTM-VQR,5,5,0.8498416,0.8484739,0.8568221,0.84489787,0.0048169260844588,0.0013676882,0.0035760403,0.0069804788
MQAttn-QLSTM-VQR,5,5,0.84802717,0.8447229,0.8498416,0.8437867,0.0048169260844588,0.003304243,0.00093621016,0.001814425
MQAttn-QLSTM-VQR,5,5,0.8500156,0.8434221,0.84802717,0.85135525,0.0048169260844588,0.006593466,0.00793314,0.001988411
MQAttn-QLSTM-VQR,5,5,0.85116696,0.84485924,0.8500156,0.85452765,0.0048169260844588,0.006307721,0.00966841,0.0011513829
MQAttn-QLSTM-VQR,5,5,0.8484761,0.84755474,0.85116696,0.85522854,0.0048169260844588,0.0009213686,0.0076738,0.0026908517
MQAttn-QLSTM-VQR,5,5,0.844498,0.84307176,0.8484761,0.8355601,0.0048169260844588,0.0014262199,0.0075116754,0.003978133
MQAttn-QLSTM-VQR,5,5,0.83824056,0.8402604,0.844498,0.8416284,0.0048169260844588,0.0020198226,0.0013679862,0.006257415
MQAttn-QLSTM-VQR,5,5,0.8317948,0.83364546,0.83824056,0.8357602,0.0048169260844588,0.0018506646,0.0021147132,0.0064457655
MQAttn-QLSTM-VQR,5,5,0.8260353,0.8270838,0.8317948,0.82023066,0.0048169260844588,0.0010485053,0.0068531632,0.0057594776
MQAttn-QLSTM-VQR,5,5,0.8226248,0.82241577,0.8260353,0.81794864,0.0048169260844588,0.00020903349,0.0044671297,0.0034105182
MQAttn-QLSTM-VQR,5,5,0.8238258,0.81888324,0.8226248,0.82139415,0.0048169260844588,0.0049425364,0.0025109053,0.001200974
MQAttn-QLSTM-VQR,5,5,0.8258206,0.81852317,0.8238258,0.8328286,0.0048169260844588,0.0072974563,0.014305413,0.0019948483
MQAttn-QLSTM-VQR,5,5,0.82568413,0.820468,0.8258206,0.82844985,0.0048169260844588,0.0052161217,0.007981837,0.00013649464
MQAttn-QLSTM-VQR,5,5,0.82247955,0.8215141,0.82568413,0.821103,0.0048169260844588,0.00096541643,0.00041115284,0.0032045841
MQAttn-QLSTM-VQR,5,5,0.8176942,0.817952,0.82247955,0.81731683,0.0048169260844588,0.0002577901,0.0006351471,0.004785359
MQAttn-QLSTM-VQR,5,5,0.81326425,0.81424105,0.8176942,0.8141091,0.0048169260844588,0.0009768009,0.00013196468,0.0044299364
MQAttn-QLSTM-VQR,5,5,0.80778986,0.80942696,0.81326425,0.8085135,0.0048169260844588,0.0016371012,0.0009134412,0.0054743886
MQAttn-QLSTM-VQR,5,5,0.8019328,0.80395454,0.80778986,0.8047877,0.0048169260844588,0.00202173,0.0008331537,0.0058570504
MQAttn-QLSTM-VQR,5,5,0.7959442,0.79771936,0.8019328,0.7933096,0.0048169260844588,0.0017751455,0.0044097304,0.005988598
MQAttn-QLSTM-VQR classical twin,5,3,0.86700976,0.8687158,0.87723166,0.86238754,0.0048169260844588,0.0017060637,0.0063282847,0.010221899
MQAttn-QLSTM-VQR classical twin,5,3,0.8608358,0.85940313,0.86700976,0.8542888,0.0048169260844588,0.0014326572,0.005114317,0.0061739683
MQAttn-QLSTM-VQR classical twin,5,3,0.8553889,0.8517046,0.8608358,0.86380047,0.0048169260844588,0.0036842823,0.012095869,0.005446911
MQAttn-QLSTM-VQR classical twin,5,3,0.8517531,0.8469903,0.8553889,0.85045785,0.0048169260844588,0.0047628284,0.0034675598,0.0036357641
MQAttn-QLSTM-VQR classical twin,5,3,0.847858,0.84472334,0.8517531,0.844327,0.0048169260844588,0.0031346679,0.0003963709,0.003895104
MQAttn-QLSTM-VQR classical twin,5,3,0.8453639,0.8427893,0.847858,0.84462684,0.0048169260844588,0.0025746226,0.0018375516,0.0024940968
MQAttn-QLSTM-VQR classical twin,5,3,0.8447113,0.8399784,0.8453639,0.8458035,0.0048169260844588,0.004732907,0.0058251023,0.00065261126
MQAttn-QLSTM-VQR classical twin,5,3,0.8445845,0.8393083,0.8447113,0.8436774,0.0048169260844588,0.005276203,0.00436908,0.00012677908
MQAttn-QLSTM-VQR classical twin,5,3,0.84156775,0.84004617,0.8445845,0.8448119,0.0048169260844588,0.0015215874,0.004765749,0.00301677
MQAttn-QLSTM-VQR classical twin,5,3,0.8343575,0.8366437,0.84156775,0.84333766,0.0048169260844588,0.0022861958,0.0066939592,0.0072102547
MQAttn-QLSTM-VQR classical twin,5,3,0.8241216,0.82901686,0.8343575,0.823293,0.0048169260844588,0.00489527,0.0057238936,0.010235906
MQAttn-QLSTM-VQR classical twin,5,3,0.81221163,0.8198708,0.8241216,0.8092939,0.0048169260844588,0.007659197,0.010576904,0.011909962
MQAttn-QLSTM-VQR classical twin,5,3,0.8079697,0.80569583,0.81221163,0.79986495,0.0048169260844588,0.0022738576,0.005830884,0.0042419434
MQAttn-QLSTM-VQR classical twin,5,3,0.81140435,0.80041045,0.8079697,0.7998536,0.0048169260844588,0.010993898,0.0005568266,0.003434658
MQAttn-QLSTM-VQR classical twin,5,3,0.817092,0.8045754,0.81140435,0.8244732,0.0048169260844588,0.012516618,0.019897819,0.005687654
MQAttn-QLSTM-VQR classical twin,5,3,0.82192546,0.81202984,0.817092,0.82831514,0.0048169260844588,0.009895623,0.0162853,0.00483346
MQAttn-QLSTM-VQR classical twin,5,3,0.8192315,0.81570125,0.82192546,0.82324696,0.0048169260844588,0.003530264,0.0075457096,0.0026939511
MQAttn-QLSTM-VQR classical twin,5,3,0.81279457,0.8142043,0.8192315,0.8094152,0.0048169260844588,0.0014097095,0.0047890544,0.006436944
MQAttn-QLSTM-VQR classical twin,5,3,0.80646867,0.80823445,0.81279457,0.8033943,0.0048169260844588,0.0017657876,0.0048401356,0.0063259006
MQAttn-QLSTM-VQR classical twin,5,3,0.80146354,0.8056117,0.80646867,0.804537,0.0048169260844588,0.0041481853,0.0010747313,0.005005121
MQAttn-QLSTM-VQR classical twin,5,3,0.7974004,0.8003432,0.80146354,0.79609007,0.0048169260844588,0.0029428005,0.004253149,0.0040631294
MQAttn-QLSTM-VQR classical twin,5,3,0.79319847,0.79534703,0.7974004,0.79367363,0.0048169260844588,0.0021485686,0.0016734004,0.0042019486
MQAttn-QLSTM-VQR classical twin,5,3,0.7889255,0.78978217,0.79319847,0.78867537,0.0048169260844588,0.00085663795,0.0011067986,0.004272938
MQAttn-QLSTM-VQR classical twin,5,5,0.8782563,0.87423944,0.8835807,0.8740694,0.0048169260844588,0.004016876,0.00017005205,0.0053243637
MQAttn-QLSTM-VQR classical twin,5,5,0.872727,0.8715284,0.8782563,0.87952185,0.0048169260844588,0.0011985898,0.00799346,0.005529344
MQAttn-QLSTM-VQR classical twin,5,5,0.865695,0.86413425,0.872727,0.8696272,0.0048169260844588,0.0015607476,0.0054929256,0.007031977
MQAttn-QLSTM-VQR classical twin,5,5,0.8568221,0.8576482,0.865695,0.8527029,0.0048169260844588,0.0008261204,0.004945278,0.008872926
MQAttn-QLSTM-VQR classical twin,5,5,0.8498416,0.848817,0.8568221,0.84489787,0.0048169260844588,0.0010246038,0.0039191246,0.0069804788
MQAttn-QLSTM-VQR classical twin,5,5,0.84802717,0.8437583,0.8498416,0.8437867,0.0048169260844588,0.0042688847,2.8431416e-05,0.001814425
MQAttn-QLSTM-VQR classical twin,5,5,0.8500156,0.84211844,0.84802717,0.85135525,0.0048169260844588,0.007897139,0.009236813,0.001988411
MQAttn-QLSTM-VQR classical twin,5,5,0.85116696,0.8443316,0.8500156,0.85452765,0.0048169260844588,0.0068353415,0.01019603,0.0011513829
MQAttn-QLSTM-VQR classical twin,5,5,0.8484761,0.847975,0.85116696,0.85522854,0.0048169260844588,0.00050109625,0.0072535276,0.0026908517
MQAttn-QLSTM-VQR classical twin,5,5,0.844498,0.84379774,0.8484761,0.8355601,0.0048169260844588,0.00070023537,0.00823766,0.003978133
MQAttn-QLSTM-VQR classical twin,5,5,0.83824056,0.841729,0.844498,0.8416284,0.0048169260844588,0.0034884214,0.00010061264,0.006257415
MQAttn-QLSTM-VQR classical twin,5,5,0.8317948,0.83327514,0.83824056,0.8357602,0.0048169260844588,0.001480341,0.0024850368,0.0064457655
MQAttn-QLSTM-VQR classical twin,5,5,0.8260353,0.82705015,0.8317948,0.82023066,0.0048169260844588,0.0010148287,0.0068194866,0.0057594776
MQAttn-QLSTM-VQR classical twin,5,5,0.8226248,0.822532,0.8260353,0.81794864,0.0048169260844588,9.280443e-05,0.0045833588,0.0034105182
MQAttn-QLSTM-VQR classical twin,5,5,0.8238258,0.81859344,0.8226248,0.82139415,0.0048169260844588,0.005232334,0.002800703,0.001200974
MQAttn-QLSTM-VQR classical twin,5,5,0.8258206,0.8185428,0.8238258,0.8328286,0.0048169260844588,0.0072778463,0.014285803,0.0019948483
MQAttn-QLSTM-VQR classical twin,5,5,0.82568413,0.8207339,0.8258206,0.82844985,0.0048169260844588,0.0049502254,0.0077159405,0.00013649464
MQAttn-QLSTM-VQR classical twin,5,5,0.82247955,0.82261235,0.82568413,0.821103,0.0048169260844588,0.00013279915,0.0015093684,0.0032045841
MQAttn-QLSTM-VQR classical twin,5,5,0.8176942,0.8192423,0.82247955,0.81731683,0.0048169260844588,0.0015481114,0.0019254684,0.004785359
MQAttn-QLSTM-VQR classical twin,5,5,0.81326425,0.8167669,0.8176942,0.8141091,0.0048169260844588,0.003502667,0.0026578307,0.0044299364
MQAttn-QLSTM-VQR classical twin,5,5,0.80778986,0.81126976,0.81326425,0.8085135,0.0048169260844588,0.003479898,0.002756238,0.0054743886
MQAttn-QLSTM-VQR classical twin,5,5,0.8019328,0.80606776,0.80778986,0.8047877,0.0048169260844588,0.004134953,0.0012800694,0.0058570504
MQAttn-QLSTM-VQR classical twin,5,5,0.7959442,0.797828,0.8019328,0.7933096,0.0048169260844588,0.0018838048,0.0045183897,0.005988598
QLSTM,5,3,0.86700976,0.8685821,0.87723166,0.86238754,0.0048169260844588,0.0015723705,0.0061945915,0.010221899
QLSTM,5,3,0.8608358,0.8579642,0.86700976,0.8542888,0.0048169260844588,0.002871573,0.0036754012,0.0061739683
QLSTM,5,3,0.8553889,0.8530856,0.8608358,0.86380047,0.0048169260844588,0.0023033023,0.010714889,0.005446911
QLSTM,5,3,0.8517531,0.8477149,0.8553889,0.85045785,0.0048169260844588,0.0040382147,0.0027429461,0.0036357641
QLSTM,5,3,0.847858,0.84354514,0.8517531,0.844327,0.0048169260844588,0.004312873,0.0007818341,0.003895104
QLSTM,5,3,0.8453639,0.8438774,0.847858,0.84462684,0.0048169260844588,0.0014865398,0.0007494688,0.0024940968
QLSTM,5,3,0.8447113,0.84130585,0.8453639,0.8458035,0.0048169260844588,0.0034054518,0.0044976473,0.00065261126
QLSTM,5,3,0.8445845,0.84047276,0.8447113,0.8436774,0.0048169260844588,0.004111767,0.0032046437,0.00012677908
QLSTM,5,3,0.84156775,0.8403193,0.8445845,0.8448119,0.0048169260844588,0.0012484789,0.0044926405,0.00301677
QLSTM,5,3,0.8343575,0.8372582,0.84156775,0.84333766,0.0048169260844588,0.0029007196,0.0060794353,0.0072102547
QLSTM,5,3,0.8241216,0.82997555,0.8343575,0.823293,0.0048169260844588,0.005853951,0.0066825747,0.010235906
QLSTM,5,3,0.81221163,0.8195779,0.8241216,0.8092939,0.0048169260844588,0.00736624,0.010283947,0.011909962
QLSTM,5,3,0.8079697,0.80740446,0.81221163,0.79986495,0.0048169260844588,0.00056523085,0.0075395107,0.0042419434
QLSTM,5,3,0.81140435,0.8036489,0.8079697,0.7998536,0.0048169260844588,0.0077554584,0.0037952662,0.003434658
QLSTM,5,3,0.817092,0.80687124,0.81140435,0.8244732,0.0048169260844588,0.010220766,0.017601967,0.005687654
QLSTM,5,3,0.82192546,0.8125525,0.817092,0.82831514,0.0048169260844588,0.00937295,0.015762627,0.00483346
QLSTM,5,3,0.8192315,0.81745434,0.82192546,0.82324696,0.0048169260844588,0.0017771721,0.005792618,0.0026939511
QLSTM,5,3,0.81279457,0.81449974,0.8192315,0.8094152,0.0048169260844588,0.0017051697,0.0050845146,0.006436944
QLSTM,5,3,0.80646867,0.8078825,0.81279457,0.8033943,0.0048169260844588,0.0014138222,0.00448817,0.0063259006
QLSTM,5,3,0.80146354,0.8013371,0.80646867,0.804537,0.0048169260844588,0.00012642145,0.0031998754,0.005005121
QLSTM,5,3,0.7974004,0.7960317,0.80146354,0.79609007,0.0048169260844588,0.0013687015,5.8352947e-05,0.0040631294
QLSTM,5,3,0.79319847,0.79229,0.7974004,0.79367363,0.0048169260844588,0.000908494,0.0013836622,0.0042019486
QLSTM,5,3,0.7889255,0.7884341,0.79319847,0.78867537,0.0048169260844588,0.0004914403,0.0002412796,0.004272938
QLSTM,5,5,0.8782563,0.87710094,0.8835807,0.8740694,0.0048169260844588,0.0011553764,0.0030315518,0.0053243637
QLSTM,5,5,0.872727,0.8716284,0.8782563,0.87952185,0.0048169260844588,0.0010985732,0.007893443,0.005529344
QLSTM,5,5,0.865695,0.86748046,0.872727,0.8696272,0.0048169260844588,0.0017854571,0.002146721,0.007031977
QLSTM,5,5,0.8568221,0.8605067,0.865695,0.8527029,0.0048169260844588,0.00368464,0.0078037977,0.008872926
QLSTM,5,5,0.8498416,0.851571,0.8568221,0.84489787,0.0048169260844588,0.0017294288,0.006673157,0.0069804788
QLSTM,5,5,0.84802717,0.84765416,0.8498416,0.8437867,0.0048169260844588,0.00037300587,0.0038674474,0.001814425
QLSTM,5,5,0.8500156,0.84466916,0.84802717,0.85135525,0.0048169260844588,0.0053464174,0.0066860914,0.001988411
QLSTM,5,5,0.85116696,0.84613866,0.8500156,0.85452765,0.0048169260844588,0.0050283074,0.008388996,0.0011513829
QLSTM,5,5,0.8484761,0.8467682,0.85116696,0.85522854,0.0048169260844588,0.0017079115,0.008460343,0.0026908517
QLSTM,5,5,0.844498,0.8442276,0.8484761,0.8355601,0.0048169260844588,0.00027036667,0.008667529,0.003978133
QLSTM,5,5,0.83824056,0.8399179,0.844498,0.8416284,0.0048169260844588,0.0016773343,0.0017104745,0.006257415
QLSTM,5,5,0.8317948,0.8340136,0.83824056,0.8357602,0.0048169260844588,0.002218783,0.0017465949,0.0064457655
QLSTM,5,5,0.8260353,0.82729334,0.8317948,0.82023066,0.0048169260844588,0.0012580156,0.0070626736,0.0057594776
QLSTM,5,5,0.8226248,0.82125956,0.8260353,0.81794864,0.0048169260844588,0.0013652444,0.0033109188,0.0034105182
QLSTM,5,5,0.8238258,0.81812924,0.8226248,0.82139415,0.0048169260844588,0.005696535,0.003264904,0.001200974
QLSTM,5,5,0.8258206,0.81900203,0.8238258,0.8328286,0.0048169260844588,0.0068185925,0.013826549,0.0019948483
QLSTM,5,5,0.82568413,0.8210828,0.8258206,0.82844985,0.0048169260844588,0.0046013594,0.0073670745,0.00013649464
QLSTM,5,5,0.82247955,0.8206962,0.82568413,0.821103,0.0048169260844588,0.001783371,0.0004068017,0.0032045841
QLSTM,5,5,0.8176942,0.81729454,0.82247955,0.81731683,0.0048169260844588,0.00039964914,2.2292137e-05,0.004785359
QLSTM,5,5,0.81326425,0.8124846,0.8176942,0.8141091,0.0048169260844588,0.00077962875,0.001624465,0.0044299364
QLSTM,5,5,0.80778986,0.80817753,0.81326425,0.8085135,0.0048169260844588,0.0003876686,0.00033599138,0.0054743886
QLSTM,5,5,0.8019328,0.80279624,0.80778986,0.8047877,0.0048169260844588,0.0008634329,0.0019914508,0.0058570504
QLSTM,5,5,0.7959442,0.7972571,0.8019328,0.7933096,0.0048169260844588,0.0013129115,0.0039474964,0.005988598
LSTM,5,3,0.86700976,0.86838776,0.87723166,0.86238754,0.0048169260844588,0.0013779998,0.006000221,0.010221899
LSTM,5,3,0.8608358,0.85780114,0.86700976,0.8542888,0.0048169260844588,0.0030346513,0.003512323,0.0061739683
LSTM,5,3,0.8553889,0.8504485,0.8608358,0.86380047,0.0048169260844588,0.0049403906,0.013351977,0.005446911
LSTM,5,3,0.8517531,0.84666705,0.8553889,0.85045785,0.0048169260844588,0.0050860643,0.0037907958,0.0036357641
LSTM,5,3,0.847858,0.84663767,0.8517531,0.844327,0.0048169260844588,0.0012203455,0.0023106933,0.003895104
LSTM,5,3,0.8453639,0.8439203,0.847858,0.84462684,0.0048169260844588,0.0014436245,0.00070655346,0.0024940968
LSTM,5,3,0.8447113,0.8415528,0.8453639,0.8458035,0.0048169260844588,0.0031585097,0.0042507052,0.00065261126
LSTM,5,3,0.8445845,0.8408445,0.8447113,0.8436774,0.0048169260844588,0.0037400126,0.0028328896,0.00012677908
LSTM,5,3,0.84156775,0.8390512,0.8445845,0.8448119,0.0048169260844588,0.0025165677,0.0057607293,0.00301677
LSTM,5,3,0.8343575,0.83523744,0.84156775,0.84333766,0.0048169260844588,0.00087994337,0.008100212,0.0072102547
LSTM,5,3,0.8241216,0.82784986,0.8343575,0.823293,0.0048169260844588,0.0037282705,0.0045568943,0.010235906
LSTM,5,3,0.81221163,0.8169575,0.8241216,0.8092939,0.0048169260844588,0.004745841,0.007663548,0.011909962
LSTM,5,3,0.8079697,0.8059125,0.81221163,0.79986495,0.0048169260844588,0.0020571947,0.006047547,0.0042419434
LSTM,5,3,0.81140435,0.8027001,0.8079697,0.7998536,0.0048169260844588,0.008704245,0.0028464794,0.003434658
LSTM,5,3,0.817092,0.806768,0.81140435,0.8244732,0.0048169260844588,0.010324001,0.017705202,0.005687654
LSTM,5,3,0.82192546,0.8120964,0.817092,0.82831514,0.0048169260844588,0.009829044,0.016218722,0.00483346
LSTM,5,3,0.8192315,0.8170798,0.82192546,0.82324696,0.0048169260844588,0.0021517277,0.0061671734,0.0026939511
LSTM,5,3,0.81279457,0.81412375,0.8192315,0.8094152,0.0048169260844588,0.0013291836,0.0047085285,0.006436944
LSTM,5,3,0.80646867,0.80788714,0.81279457,0.8033943,0.0048169260844588,0.0014184713,0.0044928193,0.0063259006
LSTM,5,3,0.80146354,0.80169195,0.80646867,0.804537,0.0048169260844588,0.000228405,0.002845049,0.005005121
LSTM,5,3,0.7974004,0.7975709,0.80146354,0.79609007,0.0048169260844588,0.00017046928,0.0014808178,0.0040631294
LSTM,5,3,0.79319847,0.7929209,0.7974004,0.79367363,0.0048169260844588,0.00027757883,0.00075274706,0.0042019486
LSTM,5,3,0.7889255,0.7872349,0.79319847,0.78867537,0.0048169260844588,0.0016906261,0.0014404655,0.004272938
LSTM,5,5,0.8782563,0.8743624,0.8835807,0.8740694,0.0048169260844588,0.0038939118,0.00029301643,0.0053243637
LSTM,5,5,0.872727,0.8694405,0.8782563,0.87952185,0.0048169260844588,0.003286481,0.010081351,0.005529344
LSTM,5,5,0.865695,0.8725429,0.872727,0.8696272,0.0048169260844588,0.006847918,0.00291574,0.007031977
LSTM,5,5,0.8568221,0.85734296,0.865695,0.8527029,0.0048169260844588,0.000520885,0.004640043,0.008872926
LSTM,5,5,0.8498416,0.8497854,0.8568221,0.84489787,0.0048169260844588,5.620718e-05,0.0048875213,0.0069804788
LSTM,5,5,0.84802717,0.8463179,0.8498416,0.8437867,0.0048169260844588,0.0017092824,0.0025311708,0.001814425
LSTM,5,5,0.8500156,0.8440785,0.84802717,0.85135525,0.0048169260844588,0.0059370995,0.0072767735,0.001988411
LSTM,5,5,0.85116696,0.84562695,0.8500156,0.85452765,0.0048169260844588,0.0055400133,0.008900702,0.0011513829
LSTM,5,5,0.8484761,0.8448435,0.85116696,0.85522854,0.0048169260844588,0.003632605,0.0103850365,0.0026908517
LSTM,5,5,0.844498,0.8429622,0.8484761,0.8355601,0.0048169260844588,0.0015357733,0.007402122,0.003978133
LSTM,5,5,0.83824056,0.8373865,0.844498,0.8416284,0.0048169260844588,0.00085407495,0.0042418838,0.006257415
LSTM,5,5,0.8317948,0.8309405,0.83824056,0.8357602,0.0048169260844588,0.0008543134,0.004819691,0.0064457655
LSTM,5,5,0.8260353,0.826803,0.8317948,0.82023066,0.0048169260844588,0.0007677078,0.0065723658,0.0057594776
LSTM,5,5,0.8226248,0.8212085,0.8260353,0.81794864,0.0048169260844588,0.0014163256,0.0032598376,0.0034105182
LSTM,5,5,0.8238258,0.81824017,0.8226248,0.82139415,0.0048169260844588,0.005585611,0.0031539798,0.001200974
LSTM,5,5,0.8258206,0.8197497,0.8238258,0.8328286,0.0048169260844588,0.006070912,0.013078868,0.0019948483
LSTM,5,5,0.82568413,0.8217729,0.8258206,0.82844985,0.0048169260844588,0.003911257,0.006676972,0.00013649464
LSTM,5,5,0.82247955,0.8212604,0.82568413,0.821103,0.0048169260844588,0.0012191534,0.00015741587,0.0032045841
LSTM,5,5,0.8176942,0.81774575,0.82247955,0.81731683,0.0048169260844588,5.1558018e-05,0.00042891502,0.004785359
LSTM,5,5,0.81326425,0.81312215,0.8176942,0.8141091,0.0048169260844588,0.00014209747,0.0009869337,0.0044299364
LSTM,5,5,0.80778986,0.80834913,0.81326425,0.8085135,0.0048169260844588,0.0005592704,0.00016438961,0.0054743886
LSTM,5,5,0.8019328,0.8035761,0.80778986,0.8047877,0.0048169260844588,0.0016433,0.0012115836,0.0058570504
LSTM,5,5,0.7959442,0.7957564,0.8019328,0.7933096,0.0048169260844588,0.00018781424,0.0024467707,0.005988598
GRU,5,3,0.86700976,0.86906797,0.87723166,0.86238754,0.0048169260844588,0.002058208,0.006680429,0.010221899
GRU,5,3,0.8608358,0.86065096,0.86700976,0.8542888,0.0048169260844588,0.000184834,0.00636214,0.0061739683
GRU,5,3,0.8553889,0.85105646,0.8608358,0.86380047,0.0048169260844588,0.004332423,0.0127440095,0.005446911
GRU,5,3,0.8517531,0.85205853,0.8553889,0.85045785,0.0048169260844588,0.0003054142,0.0016006827,0.0036357641
GRU,5,3,0.847858,0.84788305,0.8517531,0.844327,0.0048169260844588,2.503395e-05,0.0035560727,0.003895104
GRU,5,3,0.8453639,0.84709597,0.847858,0.84462684,0.0048169260844588,0.0017320514,0.0024691224,0.0024940968
GRU,5,3,0.8447113,0.8421476,0.8453639,0.8458035,0.0048169260844588,0.002563715,0.0036559105,0.00065261126
GRU,5,3,0.8445845,0.8405131,0.8447113,0.8436774,0.0048169260844588,0.0040714145,0.0031642914,0.00012677908
GRU,5,3,0.84156775,0.8373809,0.8445845,0.8448119,0.0048169260844588,0.0041868687,0.0074310303,0.00301677
GRU,5,3,0.8343575,0.83479685,0.84156775,0.84333766,0.0048169260844588,0.00043934584,0.008540809,0.0072102547
GRU,5,3,0.8241216,0.8264593,0.8343575,0.823293,0.0048169260844588,0.0023376942,0.003166318,0.010235906
GRU,5,3,0.81221163,0.8152051,0.8241216,0.8092939,0.0048169260844588,0.0029934645,0.0059111714,0.011909962
GRU,5,3,0.8079697,0.8047542,0.81221163,0.79986495,0.0048169260844588,0.0032154918,0.00488925,0.0042419434
GRU,5,3,0.81140435,0.80324787,0.8079697,0.7998536,0.0048169260844588,0.008156478,0.003394246,0.003434658
GRU,5,3,0.817092,0.80828065,0.81140435,0.8244732,0.0048169260844588,0.008811355,0.016192555,0.005687654
GRU,5,3,0.82192546,0.8145689,0.817092,0.82831514,0.0048169260844588,0.007356584,0.013746262,0.00483346
GRU,5,3,0.8192315,0.8204923,0.82192546,0.82324696,0.0048169260844588,0.001260817,0.0027546287,0.0026939511
GRU,5,3,0.81279457,0.81700486,0.8192315,0.8094152,0.0048169260844588,0.0042102933,0.0075896382,0.006436944
GRU,5,3,0.80646867,0.8103568,0.81279457,0.8033943,0.0048169260844588,0.0038881302,0.006962478,0.0063259006
GRU,5,3,0.80146354,0.8056776,0.80646867,0.804537,0.0048169260844588,0.0042140484,0.0011405945,0.005005121
GRU,5,3,0.7974004,0.8007129,0.80146354,0.79609007,0.0048169260844588,0.0033124685,0.004622817,0.0040631294
GRU,5,3,0.79319847,0.7956179,0.7974004,0.79367363,0.0048169260844588,0.0024194121,0.0019442439,0.0042019486
GRU,5,3,0.7889255,0.78781617,0.79319847,0.78867537,0.0048169260844588,0.0011093616,0.00085920095,0.004272938
GRU,5,5,0.8782563,0.8749967,0.8835807,0.8740694,0.0048169260844588,0.0032595992,0.00092732906,0.0053243637
GRU,5,5,0.872727,0.87273365,0.8782563,0.87952185,0.0048169260844588,6.67572e-06,0.006788194,0.005529344
GRU,5,5,0.865695,0.9159098,0.872727,0.8696272,0.0048169260844588,0.050214827,0.04628265,0.007031977
GRU,5,5,0.8568221,0.8739566,0.865695,0.8527029,0.0048169260844588,0.017134547,0.021253705,0.008872926
GRU,5,5,0.8498416,0.86077905,0.8568221,0.84489787,0.0048169260844588,0.010937452,0.01588118,0.0069804788
GRU,5,5,0.84802717,0.8554179,0.8498416,0.8437867,0.0048169260844588,0.0073907375,0.011631191,0.001814425
GRU,5,5,0.8500156,0.85130876,0.84802717,0.85135525,0.0048169260844588,0.0012931824,4.6491623e-05,0.001988411
GRU,5,5,0.85116696,0.85007703,0.8500156,0.85452765,0.0048169260844588,0.0010899305,0.004450619,0.0011513829
GRU,5,5,0.8484761,0.84755224,0.85116696,0.85522854,0.0048169260844588,0.000923872,0.0076763034,0.0026908517
GRU,5,5,0.844498,0.8436395,0.8484761,0.8355601,0.0048169260844588,0.0008584857,0.00807941,0.003978133
GRU,5,5,0.83824056,0.8386659,0.844498,0.8416284,0.0048169260844588,0.00042533875,0.00296247,0.006257415
GRU,5,5,0.8317948,0.83355397,0.83824056,0.8357602,0.0048169260844588,0.0017591715,0.0022062063,0.0064457655
GRU,5,5,0.8260353,0.82698375,0.8317948,0.82023066,0.0048169260844588,0.0009484291,0.006753087,0.0057594776
GRU,5,5,0.8226248,0.8222421,0.8260353,0.81794864,0.0048169260844588,0.00038272142,0.004293442,0.0034105182
GRU,5,5,0.8238258,0.8185158,0.8226248,0.82139415,0.0048169260844588,0.005309999,0.002878368,0.001200974
GRU,5,5,0.8258206,0.8222124,0.8238258,0.8328286,0.0048169260844588,0.0036082268,0.010616183,0.0019948483
GRU,5,5,0.82568413,0.82548404,0.8258206,0.82844985,0.0048169260844588,0.00020009279,0.002965808,0.00013649464
GRU,5,5,0.82247955,0.8243546,0.82568413,0.821103,0.0048169260844588,0.0018750429,0.0032516122,0.0032045841
GRU,5,5,0.8176942,0.8202381,0.82247955,0.81731683,0.0048169260844588,0.0025439262,0.0029212832,0.004785359
GRU,5,5,0.81326425,0.8160649,0.8176942,0.8141091,0.0048169260844588,0.0028006434,0.0019558072,0.0044299364
GRU,5,5,0.80778986,0.8105664,0.81326425,0.8085135,0.0048169260844588,0.0027765632,0.0020529032,0.0054743886
GRU,5,5,0.8019328,0.80350965,0.80778986,0.8047877,0.0048169260844588,0.0015768409,0.0012780428,0.0058570504
GRU,5,5,0.7959442,0.7948371,0.8019328,0.7933096,0.0048169260844588,0.0011070967,0.0015274882,0.005988598
MLP,5,3,0.86700976,0.8637801,0.87723166,0.86238754,0.0048169260844588,0.0032296777,0.0013925433,0.010221899
MLP,5,3,0.8608358,0.86102617,0.86700976,0.8542888,0.0048169260844588,0.00019037724,0.0067373514,0.0061739683
MLP,5,3,0.8553889,0.8579787,0.8608358,0.86380047,0.0048169260844588,0.0025898218,0.0058217645,0.005446911
MLP,5,3,0.8517531,0.8454916,0.8553889,0.85045785,0.0048169260844588,0.0062615275,0.004966259,0.0036357641
MLP,5,3,0.847858,0.8474698,0.8517531,0.844327,0.0048169260844588,0.00038820505,0.0031428337,0.003895104
MLP,5,3,0.8453639,0.8494287,0.847858,0.84462684,0.0048169260844588,0.0040647984,0.0048018694,0.0024940968
MLP,5,3,0.8447113,0.8432173,0.8453639,0.8458035,0.0048169260844588,0.0014939904,0.002586186,0.00065261126
MLP,5,3,0.8445845,0.8350293,0.8447113,0.8436774,0.0048169260844588,0.009555221,0.0086480975,0.00012677908
MLP,5,3,0.84156775,0.8359227,0.8445845,0.8448119,0.0048169260844588,0.0056450367,0.008889198,0.00301677
MLP,5,3,0.8343575,0.8362587,0.84156775,0.84333766,0.0048169260844588,0.0019012094,0.0070789456,0.0072102547
MLP,5,3,0.8241216,0.8290182,0.8343575,0.823293,0.0048169260844588,0.004896581,0.005725205,0.010235906
MLP,5,3,0.81221163,0.8178066,0.8241216,0.8092939,0.0048169260844588,0.005594969,0.008512676,0.011909962
MLP,5,3,0.8079697,0.8051108,0.81221163,0.79986495,0.0048169260844588,0.0028588772,0.0052458644,0.0042419434
MLP,5,3,0.81140435,0.80089,0.8079697,0.7998536,0.0048169260844588,0.010514319,0.0010364056,0.003434658
MLP,5,3,0.817092,0.8046728,0.81140435,0.8244732,0.0048169260844588,0.012419224,0.019800425,0.005687654
MLP,5,3,0.82192546,0.8115876,0.817092,0.82831514,0.0048169260844588,0.010337889,0.016727567,0.00483346
MLP,5,3,0.8192315,0.81841385,0.82192546,0.82324696,0.0048169260844588,0.0008176565,0.004833102,0.0026939511
MLP,5,3,0.81279457,0.81752014,0.8192315,0.8094152,0.0048169260844588,0.0047255754,0.00810492,0.006436944
MLP,5,3,0.80646867,0.8086622,0.81279457,0.8033943,0.0048169260844588,0.0021935105,0.0052678585,0.0063259006
MLP,5,3,0.80146354,0.80311644,0.80646867,0.804537,0.0048169260844588,0.0016528964,0.0014205575,0.005005121
MLP,5,3,0.7974004,0.79854155,0.80146354,0.79609007,0.0048169260844588,0.0011411309,0.0024514794,0.0040631294
MLP,5,3,0.79319847,0.7955928,0.7974004,0.79367363,0.0048169260844588,0.0023943186,0.0019191504,0.0042019486
MLP,5,3,0.7889255,0.7894823,0.79319847,0.78867537,0.0048169260844588,0.000556767,0.0008069277,0.004272938
MLP,5,5,0.8782563,0.87878764,0.8835807,0.8740694,0.0048169260844588,0.0005313158,0.004718244,0.0053243637
MLP,5,5,0.872727,0.86938596,0.8782563,0.87952185,0.0048169260844588,0.0033410192,0.010135889,0.005529344
MLP,5,5,0.865695,0.8221592,0.872727,0.8696272,0.0048169260844588,0.04353583,0.047468007,0.007031977
MLP,5,5,0.8568221,0.8816839,0.865695,0.8527029,0.0048169260844588,0.024861813,0.02898097,0.008872926
MLP,5,5,0.8498416,0.8160803,0.8568221,0.84489787,0.0048169260844588,0.033761322,0.028817594,0.0069804788
MLP,5,5,0.84802717,0.8130708,0.8498416,0.8437867,0.0048169260844588,0.034956396,0.030715942,0.001814425
MLP,5,5,0.8500156,0.8318577,0.84802717,0.85135525,0.0048169260844588,0.0181579,0.019497573,0.001988411
MLP,5,5,0.85116696,0.86462927,0.8500156,0.85452765,0.0048169260844588,0.013462305,0.010101616,0.0011513829
MLP,5,5,0.8484761,0.85553247,0.85116696,0.85522854,0.0048169260844588,0.0070563555,0.00030392408,0.0026908517
MLP,5,5,0.844498,0.8428321,0.8484761,0.8355601,0.0048169260844588,0.0016658902,0.007272005,0.003978133
MLP,5,5,0.83824056,0.8401453,0.844498,0.8416284,0.0048169260844588,0.001904726,0.0014830828,0.006257415
MLP,5,5,0.8317948,0.8329625,0.83824056,0.8357602,0.0048169260844588,0.0011677146,0.0027976632,0.0064457655
MLP,5,5,0.8260353,0.8263965,0.8317948,0.82023066,0.0048169260844588,0.00036120415,0.006165862,0.0057594776
MLP,5,5,0.8226248,0.8224621,0.8260353,0.81794864,0.0048169260844588,0.00016272068,0.0045134425,0.0034105182
MLP,5,5,0.8238258,0.8196491,0.8226248,0.82139415,0.0048169260844588,0.0041766763,0.0017450452,0.001200974
MLP,5,5,0.8258206,0.822604,0.8238258,0.8328286,0.0048169260844588,0.0032166243,0.010224581,0.0019948483
MLP,5,5,0.82568413,0.8200031,0.8258206,0.82844985,0.0048169260844588,0.005681038,0.008446753,0.00013649464
MLP,5,5,0.82247955,0.82315326,0.82568413,0.821103,0.0048169260844588,0.0006737113,0.0020502806,0.0032045841
MLP,5,5,0.8176942,0.8190424,0.82247955,0.81731683,0.0048169260844588,0.0013481975,0.0017255545,0.004785359
MLP,5,5,0.81326425,0.81351227,0.8176942,0.8141091,0.0048169260844588,0.00024801493,0.0005968213,0.0044299364
MLP,5,5,0.80778986,0.80813104,0.81326425,0.8085135,0.0048169260844588,0.000341177,0.000382483,0.0054743886
MLP,5,5,0.8019328,0.80411416,0.80778986,0.8047877,0.0048169260844588,0.0021813512,0.0006735325,0.0058570504
MLP,5,5,0.7959442,0.7967782,0.8019328,0.7933096,0.0048169260844588,0.0008339882,0.003468573,0.005988598
Seq2Seq,5,3,0.86700976,0.86952245,0.87723166,0.86238754,0.0048169260844588,0.0025126934,0.0071349144,0.010221899
Seq2Seq,5,3,0.8608358,0.8589527,0.86700976,0.8542888,0.0048169260844588,0.0018830895,0.0046638846,0.0061739683
Seq2Seq,5,3,0.8553889,0.8519776,0.8608358,0.86380047,0.0048169260844588,0.003411293,0.011822879,0.005446911
Seq2Seq,5,3,0.8517531,0.8479808,0.8553889,0.85045785,0.0048169260844588,0.0037723184,0.0024770498,0.0036357641
Seq2Seq,5,3,0.847858,0.84694463,0.8517531,0.844327,0.0048169260844588,0.0009133816,0.0026176572,0.003895104
Seq2Seq,5,3,0.8453639,0.8490974,0.847858,0.84462684,0.0048169260844588,0.0037334561,0.004470527,0.0024940968
Seq2Seq,5,3,0.8447113,0.8456588,0.8453639,0.8458035,0.0048169260844588,0.00094747543,0.00014472008,0.00065261126
Seq2Seq,5,3,0.8445845,0.843003,0.8447113,0.8436774,0.0048169260844588,0.0015815496,0.00067442656,0.00012677908
Seq2Seq,5,3,0.84156775,0.8417658,0.8445845,0.8448119,0.0048169260844588,0.00019806623,0.0030460954,0.00301677
Seq2Seq,5,3,0.8343575,0.83645236,0.84156775,0.84333766,0.0048169260844588,0.0020948648,0.00688529,0.0072102547
Seq2Seq,5,3,0.8241216,0.8289302,0.8343575,0.823293,0.0048169260844588,0.0048086047,0.0056372285,0.010235906
Seq2Seq,5,3,0.81221163,0.8199085,0.8241216,0.8092939,0.0048169260844588,0.007696867,0.010614574,0.011909962
Seq2Seq,5,3,0.8079697,0.80691826,0.81221163,0.79986495,0.0048169260844588,0.0010514259,0.0070533156,0.0042419434
Seq2Seq,5,3,0.81140435,0.802443,0.8079697,0.7998536,0.0048169260844588,0.00896132,0.0025894046,0.003434658
Seq2Seq,5,3,0.817092,0.805991,0.81140435,0.8244732,0.0048169260844588,0.011101007,0.018482208,0.005687654
Seq2Seq,5,3,0.82192546,0.8145794,0.817092,0.82831514,0.0048169260844588,0.007346034,0.013735712,0.00483346
Seq2Seq,5,3,0.8192315,0.8188037,0.82192546,0.82324696,0.0048169260844588,0.00042778254,0.0044432282,0.0026939511
Seq2Seq,5,3,0.81279457,0.8157405,0.8192315,0.8094152,0.0048169260844588,0.0029459596,0.0063253045,0.006436944
Seq2Seq,5,3,0.80646867,0.8095269,0.81279457,0.8033943,0.0048169260844588,0.0030582547,0.0061326027,0.0063259006
Seq2Seq,5,3,0.80146354,0.8028532,0.80646867,0.804537,0.0048169260844588,0.0013896823,0.0016837716,0.005005121
Seq2Seq,5,3,0.7974004,0.79610926,0.80146354,0.79609007,0.0048169260844588,0.0012911558,1.9192696e-05,0.0040631294
Seq2Seq,5,3,0.79319847,0.79395396,0.7974004,0.79367363,0.0048169260844588,0.0007554889,0.00028032064,0.0042019486
Seq2Seq,5,3,0.7889255,0.7890688,0.79319847,0.78867537,0.0048169260844588,0.00014328957,0.00039345026,0.004272938
Seq2Seq,5,5,0.8782563,0.87399536,0.8835807,0.8740694,0.0048169260844588,0.0042609572,7.402897e-05,0.0053243637
Seq2Seq,5,5,0.872727,0.87157303,0.8782563,0.87952185,0.0048169260844588,0.0011539459,0.007948816,0.005529344
Seq2Seq,5,5,0.865695,0.8644992,0.872727,0.8696272,0.0048169260844588,0.0011957884,0.0051279664,0.007031977
Seq2Seq,5,5,0.8568221,0.85936135,0.865695,0.8527029,0.0048169260844588,0.002539277,0.006658435,0.008872926
Seq2Seq,5,5,0.8498416,0.85203594,0.8568221,0.84489787,0.0048169260844588,0.002194345,0.0071380734,0.0069804788
Seq2Seq,5,5,0.84802717,0.84930146,0.8498416,0.8437867,0.0048169260844588,0.0012742877,0.005514741,0.001814425
Seq2Seq,5,5,0.8500156,0.84758925,0.84802717,0.85135525,0.0048169260844588,0.0024263263,0.0037660003,0.001988411
Seq2Seq,5,5,0.85116696,0.847193,0.8500156,0.85452765,0.0048169260844588,0.003973961,0.0073346496,0.0011513829
Seq2Seq,5,5,0.8484761,0.8477525,0.85116696,0.85522854,0.0048169260844588,0.0007236004,0.007476032,0.0026908517
Seq2Seq,5,5,0.844498,0.8430488,0.8484761,0.8355601,0.0048169260844588,0.0014491677,0.0074887276,0.003978133
Seq2Seq,5,5,0.83824056,0.83982354,0.844498,0.8416284,0.0048169260844588,0.0015829802,0.0018048286,0.006257415
Seq2Seq,5,5,0.8317948,0.83470255,0.83824056,0.8357602,0.0048169260844588,0.002907753,0.0010576248,0.0064457655
Seq2Seq,5,5,0.8260353,0.8265508,0.8317948,0.82023066,0.0048169260844588,0.00051546097,0.006320119,0.0057594776
Seq2Seq,5,5,0.8226248,0.82217526,0.8260353,0.81794864,0.0048169260844588,0.00044953823,0.004226625,0.0034105182
Seq2Seq,5,5,0.8238258,0.82017577,0.8226248,0.82139415,0.0048169260844588,0.0036500096,0.0012183785,0.001200974
Seq2Seq,5,5,0.8258206,0.81914395,0.8238258,0.8328286,0.0048169260844588,0.006676674,0.01368463,0.0019948483
Seq2Seq,5,5,0.82568413,0.8222842,0.8258206,0.82844985,0.0048169260844588,0.0033999085,0.0061656237,0.00013649464
Seq2Seq,5,5,0.82247955,0.82214004,0.82568413,0.821103,0.0048169260844588,0.00033950806,0.0010370612,0.0032045841
Seq2Seq,5,5,0.8176942,0.81831545,0.82247955,0.81731683,0.0048169260844588,0.0006212592,0.0009986162,0.004785359
Seq2Seq,5,5,0.81326425,0.8137313,0.8176942,0.8141091,0.0048169260844588,0.000467062,0.00037777424,0.0044299364
Seq2Seq,5,5,0.80778986,0.8099756,0.81326425,0.8085135,0.0048169260844588,0.002185762,0.0014621019,0.0054743886
Seq2Seq,5,5,0.8019328,0.8041552,0.80778986,0.8047877,0.0048169260844588,0.0022223592,0.0006325245,0.0058570504
Seq2Seq,5,5,0.7959442,0.79767865,0.8019328,0.7933096,0.0048169260844588,0.0017344356,0.0043690205,0.005988598
Persistence,6,6,0.89015913,0.89538854,0.89538854,0.8901097,0.0048259422183036,0.0052294135,0.0052788258,0.0052294135
Persistence,6,6,0.8835665,0.89015913,0.89015913,0.8845384,0.0048259422183036,0.0065926313,0.005620718,0.0065926313
Persistence,6,6,0.8747449,0.8835665,0.8835665,0.88003206,0.0048259422183036,0.008821607,0.0035344362,0.008821607
Persistence,6,6,0.86501,0.8747449,0.8747449,0.86393785,0.0048259422183036,0.009734869,0.010807037,0.009734869
Persistence,6,6,0.8552413,0.86501,0.86501,0.85191804,0.0048259422183036,0.009768724,0.013091981,0.009768724
Persistence,6,6,0.84678733,0.8552413,0.8552413,0.84655106,0.0048259422183036,0.008453965,0.008690238,0.008453965
Persistence,6,6,0.8396126,0.84678733,0.84678733,0.8410362,0.0048259422183036,0.0071747303,0.005751133,0.0071747303
Persistence,6,6,0.83290267,0.8396126,0.8396126,0.8311087,0.0048259422183036,0.0067099333,0.008503914,0.0067099333
Persistence,6,6,0.82645375,0.83290267,0.83290267,0.826916,0.0048259422183036,0.0064489245,0.0059866905,0.0064489245
Persistence,6,6,0.8220925,0.82645375,0.82645375,0.8187067,0.0048259422183036,0.004361272,0.007747054,0.004361272
Persistence,6,6,0.819617,0.8220925,0.8220925,0.8177571,0.0048259422183036,0.0024755,0.004335344,0.0024755
Persistence,6,6,0.8172774,0.819617,0.819617,0.82221174,0.0048259422183036,0.0023396015,0.002594769,0.0023396015
Persistence,6,6,0.8147132,0.8172774,0.8172774,0.8154538,0.0048259422183036,0.0025641918,0.0018235445,0.0025641918
Persistence,6,6,0.81172514,0.8147132,0.8147132,0.80811554,0.0048259422183036,0.0029880404,0.006597638,0.0029880404
Persistence,6,6,0.8098818,0.81172514,0.81172514,0.80867493,0.0048259422183036,0.0018433332,0.003050208,0.0018433332
Persistence,6,6,0.8076193,0.8098818,0.8098818,0.8150423,0.0048259422183036,0.0022625327,0.0051605105,0.0022625327
Persistence,6,6,0.8043393,0.8076193,0.8076193,0.8069653,0.0048259422183036,0.003279984,0.00065398216,0.003279984
Persistence,6,6,0.7991609,0.8043393,0.8043393,0.7971569,0.0048259422183036,0.005178392,0.0071824193,0.005178392
Persistence,6,6,0.7944531,0.7991609,0.7991609,0.7919337,0.0048259422183036,0.0047078133,0.0072271824,0.0047078133
Persistence,6,6,0.7928695,0.7944531,0.7944531,0.78955144,0.0048259422183036,0.0015835762,0.0049016476,0.0015835762
Persistence,6,6,0.79254544,0.7928695,0.7928695,0.7982195,0.0048259422183036,0.00032407045,0.0053499937,0.00032407045
Persistence,6,6,0.7925212,0.79254544,0.79254544,0.7910288,0.0048259422183036,2.425909e-05,0.0015166402,2.425909e-05
Persistence,6,6,0.79249614,0.7925212,0.7925212,0.79262084,0.0048259422183036,2.503395e-05,9.9658966e-05,2.503395e-05
Persistence,6,15,0.8750278,0.88224,0.88224,0.8724049,0.0048259422183036,0.0072122216,0.009835124,0.0072122216
Persistence,6,15,0.86794394,0.8750278,0.8750278,0.87314415,0.0048259422183036,0.007083833,0.001883626,0.007083833
Persistence,6,15,0.8611577,0.86794394,0.86794394,0.85962033,0.0048259422183036,0.006786227,0.00832361,0.006786227
Persistence,6,15,0.8540572,0.8611577,0.8611577,0.85267913,0.0048259422183036,0.0071005225,0.008478582,0.0071005225
Persistence,6,15,0.8481812,0.8540572,0.8540572,0.84834564,0.0048259422183036,0.0058760047,0.0057115555,0.0058760047
Persistence,6,15,0.8446966,0.8481812,0.8481812,0.8407997,0.0048259422183036,0.0034846067,0.007381499,0.0034846067
Persistence,6,15,0.84229803,0.8446966,0.8446966,0.84251374,0.0048259422183036,0.0023985505,0.0021828413,0.0023985505
Persistence,6,15,0.8405564,0.84229803,0.84229803,0.8422961,0.0048259422183036,0.0017416477,1.9073486e-06,0.0017416477
Persistence,6,15,0.83871335,0.8405564,0.8405564,0.8382839,0.0048259422183036,0.0018430352,0.0022724867,0.0018430352
Persistence,6,15,0.83619976,0.83871335,0.83871335,0.8357488,0.0048259422183036,0.0025135875,0.0029645562,0.0025135875
Persistence,6,15,0.8322059,0.83619976,0.83619976,0.8347425,0.0048259422183036,0.003993869,0.001457274,0.003993869
Persistence,6,15,0.8261588,0.8322059,0.8322059,0.8298506,0.0048259422183036,0.00604707,0.0023552775,0.00604707
Persistence,6,15,0.8198299,0.8261588,0.8261588,0.81573904,0.0048259422183036,0.0063289404,0.010419786,0.0063289404
Persistence,6,15,0.81416464,0.8198299,0.8198299,0.8110497,0.0048259422183036,0.0056652427,0.008780181,0.0056652427
Persistence,6,15,0.81022066,0.81416464,0.81416464,0.8123055,0.0048259422183036,0.0039439797,0.0018591285,0.0039439797
Persistence,6,15,0.8074318,0.81022066,0.81022066,0.8074114,0.0048259422183036,0.0027888417,0.0028092861,0.0027888417
Persistence,6,15,0.8034636,0.8074318,0.8074318,0.80365896,0.0048259422183036,0.003968239,0.0037728548,0.003968239
Persistence,6,15,0.7986715,0.8034636,0.8034636,0.80093294,0.0048259422183036,0.004792094,0.0025306344,0.004792094
Persistence,6,15,0.79445267,0.7986715,0.7986715,0.7892152,0.0048259422183036,0.0042188168,0.009456277,0.0042188168
Persistence,6,15,0.790031,0.79445267,0.79445267,0.7919648,0.0048259422183036,0.0044216514,0.0024878383,0.0044216514
MQAttn-LSTM-VQR,6,6,0.89015913,0.88538605,0.89538854,0.8901097,0.0048259422183036,0.0047730803,0.004723668,0.0052294135
MQAttn-LSTM-VQR,6,6,0.8835665,0.8862884,0.89015913,0.8845384,0.0048259422183036,0.0027219057,0.0017499924,0.0065926313
MQAttn-LSTM-VQR,6,6,0.8747449,0.8820824,0.8835665,0.88003206,0.0048259422183036,0.0073375106,0.0020503402,0.008821607
MQAttn-LSTM-VQR,6,6,0.86501,0.868116,0.8747449,0.86393785,0.0048259422183036,0.003105998,0.0041781664,0.009734869
MQAttn-LSTM-VQR,6,6,0.8552413,0.8587476,0.86501,0.85191804,0.0048259422183036,0.0035063028,0.00682956,0.009768724
MQAttn-LSTM-VQR,6,6,0.84678733,0.8520712,0.8552413,0.84655106,0.0048259422183036,0.005283892,0.005520165,0.008453965
MQAttn-LSTM-VQR,6,6,0.8396126,0.84138846,0.84678733,0.8410362,0.0048259422183036,0.0017758608,0.00035226345,0.0071747303
MQAttn-LSTM-VQR,6,6,0.83290267,0.8330051,0.8396126,0.8311087,0.0048259422183036,0.00010240078,0.0018963814,0.0067099333
MQAttn-LSTM-VQR,6,6,0.82645375,0.82773465,0.83290267,0.826916,0.0048259422183036,0.0012809038,0.0008186698,0.0064489245
MQAttn-LSTM-VQR,6,6,0.8220925,0.8201104,0.82645375,0.8187067,0.0048259422183036,0.0019820929,0.0014036894,0.004361272
MQAttn-LSTM-VQR,6,6,0.819617,0.8150754,0.8220925,0.8177571,0.0048259422183036,0.004541576,0.0026817322,0.0024755
MQAttn-LSTM-VQR,6,6,0.8172774,0.81087136,0.819617,0.82221174,0.0048259422183036,0.006406009,0.01134038,0.0023396015
MQAttn-LSTM-VQR,6,6,0.8147132,0.8097841,0.8172774,0.8154538,0.0048259422183036,0.0049290657,0.005669713,0.0025641918
MQAttn-LSTM-VQR,6,6,0.81172514,0.81040347,0.8147132,0.80811554,0.0048259422183036,0.0013216734,0.0022879243,0.0029880404
MQAttn-LSTM-VQR,6,6,0.8098818,0.810135,0.81172514,0.80867493,0.0048259422183036,0.00025320053,0.0014600754,0.0018433332
MQAttn-LSTM-VQR,6,6,0.8076193,0.8086234,0.8098818,0.8150423,0.0048259422183036,0.0010040998,0.0064189434,0.0022625327
MQAttn-LSTM-VQR,6,6,0.8043393,0.80574,0.8076193,0.8069653,0.0048259422183036,0.0014007092,0.0012252927,0.003279984
MQAttn-LSTM-VQR,6,6,0.7991609,0.8019107,0.8043393,0.7971569,0.0048259422183036,0.0027498007,0.004753828,0.005178392
MQAttn-LSTM-VQR,6,6,0.7944531,0.7933556,0.7991609,0.7919337,0.0048259422183036,0.0010975003,0.0014218688,0.0047078133
MQAttn-LSTM-VQR,6,6,0.7928695,0.7896112,0.7944531,0.78955144,0.0048259422183036,0.003258288,5.978346e-05,0.0015835762
MQAttn-LSTM-VQR,6,6,0.79254544,0.78693086,0.7928695,0.7982195,0.0048259422183036,0.0056145787,0.011288643,0.00032407045
MQAttn-LSTM-VQR,6,6,0.7925212,0.7853096,0.79254544,0.7910288,0.0048259422183036,0.007211566,0.005719185,2.425909e-05
MQAttn-LSTM-VQR,6,6,0.79249614,0.7868489,0.7925212,0.79262084,0.0048259422183036,0.005647242,0.005771935,2.503395e-05
MQAttn-LSTM-VQR,6,15,0.8750278,0.87371594,0.88224,0.8724049,0.0048259422183036,0.0013118386,0.0013110638,0.0072122216
MQAttn-LSTM-VQR,6,15,0.86794394,0.8690575,0.8750278,0.87314415,0.0048259422183036,0.001113534,0.0040866733,0.007083833
MQAttn-LSTM-VQR,6,15,0.8611577,0.8593931,0.86794394,0.85962033,0.0048259422183036,0.0017645955,0.0002272129,0.006786227
MQAttn-LSTM-VQR,6,15,0.8540572,0.8531534,0.8611577,0.85267913,0.0048259422183036,0.0009037852,0.00047427416,0.0071005225
MQAttn-LSTM-VQR,6,15,0.8481812,0.8471376,0.8540572,0.84834564,0.0048259422183036,0.0010436177,0.0012080669,0.0058760047
MQAttn-LSTM-VQR,6,15,0.8446966,0.8459341,0.8481812,0.8407997,0.0048259422183036,0.0012375116,0.0051344037,0.0034846067
MQAttn-LSTM-VQR,6,15,0.84229803,0.84101397,0.8446966,0.84251374,0.0048259422183036,0.0012840629,0.0014997721,0.0023985505
MQAttn-LSTM-VQR,6,15,0.8405564,0.8363766,0.84229803,0.8422961,0.0048259422183036,0.0041797757,0.005919516,0.0017416477
MQAttn-LSTM-VQR,6,15,0.83871335,0.8348063,0.8405564,0.8382839,0.0048259422183036,0.003907025,0.0034775734,0.0018430352
MQAttn-LSTM-VQR,6,15,0.83619976,0.83211106,0.83871335,0.8357488,0.0048259422183036,0.0040887,0.003637731,0.0025135875
MQAttn-LSTM-VQR,6,15,0.8322059,0.82841766,0.83619976,0.8347425,0.0048259422183036,0.0037882328,0.0063248277,0.003993869
MQAttn-LSTM-VQR,6,15,0.8261588,0.82637215,0.8322059,0.8298506,0.0048259422183036,0.00021332502,0.0034784675,0.00604707
MQAttn-LSTM-VQR,6,15,0.8198299,0.8208948,0.8261588,0.81573904,0.0048259422183036,0.0010648966,0.005155742,0.0063289404
MQAttn-LSTM-VQR,6,15,0.81416464,0.81623197,0.8198299,0.8110497,0.0048259422183036,0.0020673275,0.0051822662,0.0056652427
MQAttn-LSTM-VQR,6,15,0.81022066,0.81197554,0.81416464,0.8123055,0.0048259422183036,0.00175488,0.0003299713,0.0039439797
MQAttn-LSTM-VQR,6,15,0.8074318,0.80768687,0.81022066,0.8074114,0.0048259422183036,0.00025504827,0.00027549267,0.0027888417
MQAttn-LSTM-VQR,6,15,0.8034636,0.7968473,0.8074318,0.80365896,0.0048259422183036,0.0066162944,0.0068116784,0.003968239
MQAttn-LSTM-VQR,6,15,0.7986715,0.7997044,0.8034636,0.80093294,0.0048259422183036,0.0010328889,0.0012285709,0.004792094
MQAttn-LSTM-VQR,6,15,0.79445267,0.79416496,0.7986715,0.7892152,0.0048259422183036,0.00028771162,0.0049497485,0.0042188168
MQAttn-LSTM-VQR,6,15,0.790031,0.78855973,0.79445267,0.7919648,0.0048259422183036,0.001471281,0.0034050941,0.0044216514
MQAttn-LSTM-VQR classical twin,6,6,0.89015913,0.8855264,0.89538854,0.8901097,0.0048259422183036,0.0046327114,0.004583299,0.0052294135
MQAttn-LSTM-VQR classical twin,6,6,0.8835665,0.88370955,0.89015913,0.8845384,0.0048259422183036,0.00014305115,0.0008288622,0.0065926313
MQAttn-LSTM-VQR classical twin,6,6,0.8747449,0.88010263,0.8835665,0.88003206,0.0048259422183036,0.0053577423,7.05719e-05,0.008821607
MQAttn-LSTM-VQR classical twin,6,6,0.86501,0.8728482,0.8747449,0.86393785,0.0048259422183036,0.00783819,0.008910358,0.009734869
MQAttn-LSTM-VQR classical twin,6,6,0.8552413,0.8619399,0.86501,0.85191804,0.0048259422183036,0.0066986084,0.010021865,0.009768724
MQAttn-LSTM-VQR classical twin,6,6,0.84678733,0.8536759,0.8552413,0.84655106,0.0048259422183036,0.0068885684,0.007124841,0.008453965
MQAttn-LSTM-VQR classical twin,6,6,0.8396126,0.8440469,0.84678733,0.8410362,0.0048259422183036,0.0044342875,0.0030106902,0.0071747303
MQAttn-LSTM-VQR classical twin,6,6,0.83290267,0.8354948,0.8396126,0.8311087,0.0048259422183036,0.0025921464,0.004386127,0.0067099333
MQAttn-LSTM-VQR classical twin,6,6,0.82645375,0.8272918,0.83290267,0.826916,0.0048259422183036,0.0008380413,0.00037580729,0.0064489245
MQAttn-LSTM-VQR classical twin,6,6,0.8220925,0.81747204,0.82645375,0.8187067,0.0048259422183036,0.004620433,0.0012346506,0.004361272
MQAttn-LSTM-VQR classical twin,6,6,0.819617,0.81480193,0.8220925,0.8177571,0.0048259422183036,0.004815042,0.0029551983,0.0024755
MQAttn-LSTM-VQR classical twin,6,6,0.8172774,0.8128357,0.819617,0.82221174,0.0048259422183036,0.0044416785,0.009376049,0.0023396015
MQAttn-LSTM-VQR classical twin,6,6,0.8147132,0.81143427,0.8172774,0.8154538,0.0048259422183036,0.003278911,0.0040195584,0.0025641918
MQAttn-LSTM-VQR classical twin,6,6,0.81172514,0.81200325,0.8147132,0.80811554,0.0048259422183036,0.00027811527,0.003887713,0.0029880404
MQAttn-LSTM-VQR classical twin,6,6,0.8098818,0.80974346,0.81172514,0.80867493,0.0048259422183036,0.00013834238,0.0010685325,0.0018433332
MQAttn-LSTM-VQR classical twin,6,6,0.8076193,0.8067129,0.8098818,0.8150423,0.0048259422183036,0.0009063482,0.0083293915,0.0022625327
MQAttn-LSTM-VQR classical twin,6,6,0.8043393,0.8032152,0.8076193,0.8069653,0.0048259422183036,0.001124084,0.0037500858,0.003279984
MQAttn-LSTM-VQR classical twin,6,6,0.7991609,0.7992489,0.8043393,0.7971569,0.0048259422183036,8.7976456e-05,0.0020920038,0.005178392
MQAttn-LSTM-VQR classical twin,6,6,0.7944531,0.7929708,0.7991609,0.7919337,0.0048259422183036,0.0014823079,0.0010370612,0.0047078133
MQAttn-LSTM-VQR classical twin,6,6,0.7928695,0.7895179,0.7944531,0.78955144,0.0048259422183036,0.0033516288,3.3557415e-05,0.0015835762
MQAttn-LSTM-VQR classical twin,6,6,0.79254544,0.7890427,0.7928695,0.7982195,0.0048259422183036,0.0035027266,0.009176791,0.00032407045
MQAttn-LSTM-VQR classical twin,6,6,0.7925212,0.7883353,0.79254544,0.7910288,0.0048259422183036,0.0041858554,0.0026934743,2.425909e-05
MQAttn-LSTM-VQR classical twin,6,6,0.79249614,0.7873425,0.7925212,0.79262084,0.0048259422183036,0.005153656,0.005278349,2.503395e-05
MQAttn-LSTM-VQR classical twin,6,15,0.8750278,0.8749555,0.88224,0.8724049,0.0048259422183036,7.2300434e-05,0.002550602,0.0072122216
MQAttn-LSTM-VQR classical twin,6,15,0.86794394,0.8676471,0.8750278,0.87314415,0.0048259422183036,0.00029683113,0.0054970384,0.007083833
MQAttn-LSTM-VQR classical twin,6,15,0.8611577,0.8608149,0.86794394,0.85962033,0.0048259422183036,0.0003427863,0.0011945963,0.006786227
MQAttn-LSTM-VQR classical twin,6,15,0.8540572,0.8541305,0.8611577,0.85267913,0.0048259422183036,7.331371e-05,0.0014513731,0.0071005225
MQAttn-LSTM-VQR classical twin,6,15,0.8481812,0.84725636,0.8540572,0.84834564,0.0048259422183036,0.00092482567,0.0010892749,0.0058760047
MQAttn-LSTM-VQR classical twin,6,15,0.8446966,0.84523845,0.8481812,0.8407997,0.0048259422183036,0.0005418658,0.004438758,0.0034846067
MQAttn-LSTM-VQR classical twin,6,15,0.84229803,0.8406828,0.8446966,0.84251374,0.0048259422183036,0.0016152263,0.0018309355,0.0023985505
MQAttn-LSTM-VQR classical twin,6,15,0.8405564,0.8366744,0.84229803,0.8422961,0.0048259422183036,0.003881991,0.0056217313,0.0017416477
MQAttn-LSTM-VQR classical twin,6,15,0.83871335,0.83413607,0.8405564,0.8382839,0.0048259422183036,0.004577279,0.0041478276,0.0018430352
MQAttn-LSTM-VQR classical twin,6,15,0.83619976,0.8307933,0.83871335,0.8357488,0.0048259422183036,0.0054064393,0.0049554706,0.0025135875
MQAttn-LSTM-VQR classical twin,6,15,0.8322059,0.8302832,0.83619976,0.8347425,0.0048259422183036,0.001922667,0.004459262,0.003993869
MQAttn-LSTM-VQR classical twin,6,15,0.8261588,0.8253129,0.8322059,0.8298506,0.0048259422183036,0.0008459091,0.0045377016,0.00604707
MQAttn-LSTM-VQR classical twin,6,15,0.8198299,0.8189702,0.8261588,0.81573904,0.0048259422183036,0.0008596778,0.0032311678,0.0063289404
MQAttn-LSTM-VQR classical twin,6,15,0.81416464,0.81610006,0.8198299,0.8110497,0.0048259422183036,0.0019354224,0.005050361,0.0056652427
MQAttn-LSTM-VQR classical twin,6,15,0.81022066,0.8106916,0.81416464,0.8123055,0.0048259422183036,0.0004709363,0.001613915,0.0039439797
MQAttn-LSTM-VQR classical twin,6,15,0.8074318,0.8031076,0.81022066,0.8074114,0.0048259422183036,0.004324198,0.0043037534,0.0027888417
MQAttn-LSTM-VQR classical twin,6,15,0.8034636,0.8016467,0.8074318,0.80365896,0.0048259422183036,0.0018168688,0.0020122528,0.003968239
MQAttn-LSTM-VQR classical twin,6,15,0.7986715,0.79747355,0.8034636,0.80093294,0.0048259422183036,0.0011979342,0.003459394,0.004792094
MQAttn-LSTM-VQR classical twin,6,15,0.79445267,0.7935966,0.7986715,0.7892152,0.0048259422183036,0.0008560419,0.004381418,0.0042188168
MQAttn-LSTM-VQR classical twin,6,15,0.790031,0.7889193,0.79445267,0.7919648,0.0048259422183036,0.0011116862,0.0030454993,0.0044216514
MQAttn-QLSTM-VQR,6,6,0.89015913,0.8894981,0.89538854,0.8901097,0.0048259422183036,0.0006610155,0.00061160326,0.0052294135
MQAttn-QLSTM-VQR,6,6,0.8835665,0.8839896,0.89015913,0.8845384,0.0048259422183036,0.00042307377,0.00054883957,0.0065926313
MQAttn-QLSTM-VQR,6,6,0.8747449,0.8772663,0.8835665,0.88003206,0.0048259422183036,0.0025213957,0.0027657747,0.008821607
MQAttn-QLSTM-VQR,6,6,0.86501,0.869262,0.8747449,0.86393785,0.0048259422183036,0.004251957,0.0053241253,0.009734869
MQAttn-QLSTM-VQR,6,6,0.8552413,0.8611909,0.86501,0.85191804,0.0048259422183036,0.0059496164,0.009272873,0.009768724
MQAttn-QLSTM-VQR,6,6,0.84678733,0.85149777,0.8552413,0.84655106,0.0048259422183036,0.004710436,0.0049467087,0.008453965
MQAttn-QLSTM-VQR,6,6,0.8396126,0.84228915,0.84678733,0.8410362,0.0048259422183036,0.0026765466,0.0012529492,0.0071747303
MQAttn-QLSTM-VQR,6,6,0.83290267,0.8349007,0.8396126,0.8311087,0.0048259422183036,0.0019980073,0.003791988,0.0067099333
MQAttn-QLSTM-VQR,6,6,0.82645375,0.828124,0.83290267,0.826916,0.0048259422183036,0.0016702414,0.0012080073,0.0064489245
MQAttn-QLSTM-VQR,6,6,0.8220925,0.8219355,0.82645375,0.8187067,0.0048259422183036,0.00015699863,0.0032287836,0.004361272
MQAttn-QLSTM-VQR,6,6,0.819617,0.8176278,0.8220925,0.8177571,0.0048259422183036,0.0019891858,0.00012934208,0.0024755
MQAttn-QLSTM-VQR,6,6,0.8172774,0.8154841,0.819617,0.82221174,0.0048259422183036,0.0017932653,0.006727636,0.0023396015
MQAttn-QLSTM-VQR,6,6,0.8147132,0.8133208,0.8172774,0.8154538,0.0048259422183036,0.0013923645,0.0021330118,0.0025641918
MQAttn-QLSTM-VQR,6,6,0.81172514,0.8110757,0.8147132,0.80811554,0.0048259422183036,0.0006494522,0.0029601455,0.0029880404
MQAttn-QLSTM-VQR,6,6,0.8098818,0.80799454,0.81172514,0.80867493,0.0048259422183036,0.0018872619,0.000680387,0.0018433332
MQAttn-QLSTM-VQR,6,6,0.8076193,0.8057268,0.8098818,0.8150423,0.0048259422183036,0.0018924475,0.009315491,0.0022625327
MQAttn-QLSTM-VQR,6,6,0.8043393,0.8028908,0.8076193,0.8069653,0.0048259422183036,0.0014485121,0.004074514,0.003279984
MQAttn-QLSTM-VQR,6,6,0.7991609,0.7999282,0.8043393,0.7971569,0.0048259422183036,0.0007672906,0.002771318,0.005178392
MQAttn-QLSTM-VQR,6,6,0.7944531,0.7946596,0.7991609,0.7919337,0.0048259422183036,0.0002065301,0.0027258992,0.0047078133
MQAttn-QLSTM-VQR,6,6,0.7928695,0.78992724,0.7944531,0.78955144,0.0048259422183036,0.002942264,0.00037580729,0.0015835762
MQAttn-QLSTM-VQR,6,6,0.79254544,0.78838176,0.7928695,0.7982195,0.0048259422183036,0.0041636825,0.009837747,0.00032407045
MQAttn-QLSTM-VQR,6,6,0.7925212,0.78774935,0.79254544,0.7910288,0.0048259422183036,0.0047718287,0.0032794476,2.425909e-05
MQAttn-QLSTM-VQR,6,6,0.79249614,0.7878851,0.7925212,0.79262084,0.0048259422183036,0.0046110153,0.0047357082,2.503395e-05
MQAttn-QLSTM-VQR,6,15,0.8750278,0.8771557,0.88224,0.8724049,0.0048259422183036,0.0021279454,0.004750848,0.0072122216
MQAttn-QLSTM-VQR,6,15,0.86794394,0.8696563,0.8750278,0.87314415,0.0048259422183036,0.0017123818,0.0034878254,0.007083833
MQAttn-QLSTM-VQR,6,15,0.8611577,0.861772,0.86794394,0.85962033,0.0048259422183036,0.00061428547,0.002151668,0.006786227
MQAttn-QLSTM-VQR,6,15,0.8540572,0.85465807,0.8611577,0.85267913,0.0048259422183036,0.0006008744,0.0019789338,0.0071005225
MQAttn-QLSTM-VQR,6,15,0.8481812,0.84776634,0.8540572,0.84834564,0.0048259422183036,0.00041484833,0.00057929754,0.0058760047
MQAttn-QLSTM-VQR,6,15,0.8446966,0.8432796,0.8481812,0.8407997,0.0048259422183036,0.0014169812,0.0024799109,0.0034846067
MQAttn-QLSTM-VQR,6,15,0.84229803,0.84005815,0.8446966,0.84251374,0.0048259422183036,0.002239883,0.0024555922,0.0023985505
MQAttn-QLSTM-VQR,6,15,0.8405564,0.8377914,0.84229803,0.8422961,0.0048259422183036,0.0027649999,0.0045047402,0.0017416477
MQAttn-QLSTM-VQR,6,15,0.83871335,0.8359216,0.8405564,0.8382839,0.0048259422183036,0.0027917624,0.002362311,0.0018430352
MQAttn-QLSTM-VQR,6,15,0.83619976,0.83430904,0.83871335,0.8357488,0.0048259422183036,0.0018907189,0.0014397502,0.0025135875
MQAttn-QLSTM-VQR,6,15,0.8322059,0.8316139,0.83619976,0.8347425,0.0048259422183036,0.00059199333,0.0031285882,0.003993869
MQAttn-QLSTM-VQR,6,15,0.8261588,0.827805,0.8322059,0.8298506,0.0048259422183036,0.0016461611,0.0020456314,0.00604707
MQAttn-QLSTM-VQR,6,15,0.8198299,0.82206684,0.8261588,0.81573904,0.0048259422183036,0.0022369623,0.006327808,0.0063289404
MQAttn-QLSTM-VQR,6,15,0.81416464,0.8161728,0.8198299,0.8110497,0.0048259422183036,0.00200814,0.005123079,0.0056652427
MQAttn-QLSTM-VQR,6,15,0.81022066,0.8106274,0.81416464,0.8123055,0.0048259422183036,0.0004067421,0.0016781092,0.0039439797
MQAttn-QLSTM-VQR,6,15,0.8074318,0.8066542,0.81022066,0.8074114,0.0048259422183036,0.0007776022,0.0007571578,0.0027888417
MQAttn-QLSTM-VQR,6,15,0.8034636,0.8039496,0.8074318,0.80365896,0.0048259422183036,0.00048601627,0.00029063225,0.003968239
MQAttn-QLSTM-VQR,6,15,0.7986715,0.7991499,0.8034636,0.80093294,0.0048259422183036,0.00047838688,0.001783073,0.004792094
MQAttn-QLSTM-VQR,6,15,0.79445267,0.79422235,0.7986715,0.7892152,0.0048259422183036,0.00023031235,0.005007148,0.0042188168
MQAttn-QLSTM-VQR,6,15,0.790031,0.7898528,0.79445267,0.7919648,0.0048259422183036,0.00017821789,0.002112031,0.0044216514
MQAttn-QLSTM-VQR classical twin,6,6,0.89015913,0.88762116,0.89538854,0.8901097,0.0048259422183036,0.0025379658,0.0024885535,0.0052294135
MQAttn-QLSTM-VQR classical twin,6,6,0.8835665,0.8825805,0.89015913,0.8845384,0.0048259422183036,0.00098598,0.0019578934,0.0065926313
MQAttn-QLSTM-VQR classical twin,6,6,0.8747449,0.8777278,0.8835665,0.88003206,0.0048259422183036,0.0029829144,0.002304256,0.008821607
MQAttn-QLSTM-VQR classical twin,6,6,0.86501,0.86995715,0.8747449,0.86393785,0.0048259422183036,0.004947126,0.0060192943,0.009734869
MQAttn-QLSTM-VQR classical twin,6,6,0.8552413,0.86126524,0.86501,0.85191804,0.0048259422183036,0.0060239434,0.0093472,0.009768724
MQAttn-QLSTM-VQR classical twin,6,6,0.84678733,0.8531675,0.8552413,0.84655106,0.0048259422183036,0.006380141,0.0066164136,0.008453965
MQAttn-QLSTM-VQR classical twin,6,6,0.8396126,0.8429532,0.84678733,0.8410362,0.0048259422183036,0.003340602,0.0019170046,0.0071747303
MQAttn-QLSTM-VQR classical twin,6,6,0.83290267,0.8352347,0.8396126,0.8311087,0.0048259422183036,0.0023320317,0.0041260123,0.0067099333
MQAttn-QLSTM-VQR classical twin,6,6,0.82645375,0.8280558,0.83290267,0.826916,0.0048259422183036,0.0016020536,0.0011398196,0.0064489245
MQAttn-QLSTM-VQR classical twin,6,6,0.8220925,0.82162535,0.82645375,0.8187067,0.0048259422183036,0.0004671216,0.0029186606,0.004361272
MQAttn-QLSTM-VQR classical twin,6,6,0.819617,0.8169889,0.8220925,0.8177571,0.0048259422183036,0.002628088,0.00076824427,0.0024755
MQAttn-QLSTM-VQR classical twin,6,6,0.8172774,0.81664836,0.819617,0.82221174,0.0048259422183036,0.0006290078,0.0055633783,0.0023396015
MQAttn-QLSTM-VQR classical twin,6,6,0.8147132,0.8124428,0.8172774,0.8154538,0.0048259422183036,0.0022704005,0.0030110478,0.0025641918
MQAttn-QLSTM-VQR classical twin,6,6,0.81172514,0.8103904,0.8147132,0.80811554,0.0048259422183036,0.0013347268,0.0022748709,0.0029880404
MQAttn-QLSTM-VQR classical twin,6,6,0.8098818,0.8082742,0.81172514,0.80867493,0.0048259422183036,0.0016075969,0.00040072203,0.0018433332
MQAttn-QLSTM-VQR classical twin,6,6,0.8076193,0.8060129,0.8098818,0.8150423,0.0048259422183036,0.0016063452,0.009029388,0.0022625327
MQAttn-QLSTM-VQR classical twin,6,6,0.8043393,0.8037477,0.8076193,0.8069653,0.0048259422183036,0.0005915761,0.003217578,0.003279984
MQAttn-QLSTM-VQR classical twin,6,6,0.7991609,0.8007282,0.8043393,0.7971569,0.0048259422183036,0.0015673041,0.0035713315,0.005178392
MQAttn-QLSTM-VQR classical twin,6,6,0.7944531,0.79510146,0.7991609,0.7919337,0.0048259422183036,0.0006483793,0.0031677485,0.0047078133
MQAttn-QLSTM-VQR classical twin,6,6,0.7928695,0.7902003,0.7944531,0.78955144,0.0048259422183036,0.0026692152,0.00064885616,0.0015835762
MQAttn-QLSTM-VQR classical twin,6,6,0.79254544,0.7887278,0.7928695,0.7982195,0.0048259422183036,0.003817618,0.009491682,0.00032407045
MQAttn-QLSTM-VQR classical twin,6,6,0.7925212,0.78748655,0.79254544,0.7910288,0.0048259422183036,0.0050346255,0.0035422444,2.425909e-05
MQAttn-QLSTM-VQR classical twin,6,6,0.79249614,0.78761405,0.7925212,0.79262084,0.0048259422183036,0.0048820972,0.00500679,2.503395e-05
MQAttn-QLSTM-VQR classical twin,6,15,0.8750278,0.8757855,0.88224,0.8724049,0.0048259422183036,0.00075775385,0.0033806562,0.0072122216
MQAttn-QLSTM-VQR classical twin,6,15,0.86794394,0.86862767,0.8750278,0.87314415,0.0048259422183036,0.0006837249,0.0045164824,0.007083833
MQAttn-QLSTM-VQR classical twin,6,15,0.8611577,0.8606404,0.86794394,0.85962033,0.0048259422183036,0.0005173087,0.0010200739,0.006786227
MQAttn-QLSTM-VQR classical twin,6,15,0.8540572,0.85548115,0.8611577,0.85267913,0.0048259422183036,0.001423955,0.0028020144,0.0071005225
MQAttn-QLSTM-VQR classical twin,6,15,0.8481812,0.84819704,0.8540572,0.84834564,0.0048259422183036,1.5854836e-05,0.00014859438,0.0058760047
MQAttn-QLSTM-VQR classical twin,6,15,0.8446966,0.8455448,0.8481812,0.8407997,0.0048259422183036,0.0008482337,0.004745126,0.0034846067
MQAttn-QLSTM-VQR classical twin,6,15,0.84229803,0.84102076,0.8446966,0.84251374,0.0048259422183036,0.0012772679,0.0014929771,0.0023985505
MQAttn-QLSTM-VQR classical twin,6,15,0.8405564,0.83820844,0.84229803,0.8422961,0.0048259422183036,0.0023479462,0.0040876865,0.0017416477
MQAttn-QLSTM-VQR classical twin,6,15,0.83871335,0.83553004,0.8405564,0.8382839,0.0048259422183036,0.0031833053,0.0027538538,0.0018430352
MQAttn-QLSTM-VQR classical twin,6,15,0.83619976,0.8340382,0.83871335,0.8357488,0.0048259422183036,0.0021615624,0.0017105937,0.0025135875
MQAttn-QLSTM-VQR classical twin,6,15,0.8322059,0.8306651,0.83619976,0.8347425,0.0048259422183036,0.0015407801,0.004077375,0.003993869
MQAttn-QLSTM-VQR classical twin,6,15,0.8261588,0.82740915,0.8322059,0.8298506,0.0048259422183036,0.0012503266,0.0024414659,0.00604707
MQAttn-QLSTM-VQR classical twin,6,15,0.8198299,0.8211345,0.8261588,0.81573904,0.0048259422183036,0.0013046265,0.005395472,0.0063289404
MQAttn-QLSTM-VQR classical twin,6,15,0.81416464,0.81560445,0.8198299,0.8110497,0.0048259422183036,0.0014398098,0.0045547485,0.0056652427
MQAttn-QLSTM-VQR classical twin,6,15,0.81022066,0.8108387,0.81416464,0.8123055,0.0048259422183036,0.00061804056,0.0014668107,0.0039439797
MQAttn-QLSTM-VQR classical twin,6,15,0.8074318,0.8064715,0.81022066,0.8074114,0.0048259422183036,0.00096029043,0.00093984604,0.0027888417
MQAttn-QLSTM-VQR classical twin,6,15,0.8034636,0.8044321,0.8074318,0.80365896,0.0048259422183036,0.0009685159,0.00077313185,0.003968239
MQAttn-QLSTM-VQR classical twin,6,15,0.7986715,0.8000754,0.8034636,0.80093294,0.0048259422183036,0.0014039278,0.000857532,0.004792094
MQAttn-QLSTM-VQR classical twin,6,15,0.79445267,0.79496515,0.7986715,0.7892152,0.0048259422183036,0.00051248074,0.005749941,0.0042188168
MQAttn-QLSTM-VQR classical twin,6,15,0.790031,0.7904268,0.79445267,0.7919648,0.0048259422183036,0.00039577484,0.0015380383,0.0044216514
QLSTM,6,6,0.89015913,0.8875091,0.89538854,0.8901097,0.0048259422183036,0.0026500225,0.0026006103,0.0052294135
QLSTM,6,6,0.8835665,0.88308686,0.89015913,0.8845384,0.0048259422183036,0.00047963858,0.0014515519,0.0065926313
QLSTM,6,6,0.8747449,0.87739056,0.8835665,0.88003206,0.0048259422183036,0.0026456714,0.002641499,0.008821607
QLSTM,6,6,0.86501,0.8696198,0.8747449,0.86393785,0.0048259422183036,0.0046097636,0.005681932,0.009734869
QLSTM,6,6,0.8552413,0.8615353,0.86501,0.85191804,0.0048259422183036,0.006294012,0.009617269,0.009768724
QLSTM,6,6,0.84678733,0.85303265,0.8552413,0.84655106,0.0048259422183036,0.006245315,0.006481588,0.008453965
QLSTM,6,6,0.8396126,0.8423733,0.84678733,0.8410362,0.0048259422183036,0.0027607083,0.001337111,0.0071747303
QLSTM,6,6,0.83290267,0.8352067,0.8396126,0.8311087,0.0048259422183036,0.0023040175,0.004097998,0.0067099333
QLSTM,6,6,0.82645375,0.82832235,0.83290267,0.826916,0.0048259422183036,0.0018686056,0.0014063716,0.0064489245
QLSTM,6,6,0.8220925,0.8216478,0.82645375,0.8187067,0.0048259422183036,0.00044465065,0.0029411316,0.004361272
QLSTM,6,6,0.819617,0.81751484,0.8220925,0.8177571,0.0048259422183036,0.0021021366,0.00024229288,0.0024755
QLSTM,6,6,0.8172774,0.8163838,0.819617,0.82221174,0.0048259422183036,0.00089359283,0.0058279634,0.0023396015
QLSTM,6,6,0.8147132,0.8126676,0.8172774,0.8154538,0.0048259422183036,0.0020455718,0.0027862191,0.0025641918
QLSTM,6,6,0.81172514,0.81039524,0.8147132,0.80811554,0.0048259422183036,0.0013298988,0.0022796988,0.0029880404
QLSTM,6,6,0.8098818,0.8080018,0.81172514,0.80867493,0.0048259422183036,0.0018799901,0.00067311525,0.0018433332
QLSTM,6,6,0.8076193,0.8051532,0.8098818,0.8150423,0.0048259422183036,0.0024660826,0.009889126,0.0022625327
QLSTM,6,6,0.8043393,0.80261946,0.8076193,0.8069653,0.0048259422183036,0.0017198324,0.0043458343,0.003279984
QLSTM,6,6,0.7991609,0.79991335,0.8043393,0.7971569,0.0048259422183036,0.00075244904,0.0027564764,0.005178392
QLSTM,6,6,0.7944531,0.7946766,0.7991609,0.7919337,0.0048259422183036,0.00022351742,0.0027428865,0.0047078133
QLSTM,6,6,0.7928695,0.7901347,0.7944531,0.78955144,0.0048259422183036,0.0027347803,0.00058329105,0.0015835762
QLSTM,6,6,0.79254544,0.7888117,0.7928695,0.7982195,0.0048259422183036,0.0037337542,0.009407818,0.00032407045
QLSTM,6,6,0.7925212,0.78796,0.79254544,0.7910288,0.0048259422183036,0.004561186,0.0030688047,2.425909e-05
QLSTM,6,6,0.79249614,0.78789705,0.7925212,0.79262084,0.0048259422183036,0.0045990944,0.0047237873,2.503395e-05
QLSTM,6,15,0.8750278,0.8754864,0.88224,0.8724049,0.0048259422183036,0.00045859814,0.0030815005,0.0072122216
QLSTM,6,15,0.86794394,0.8685341,0.8750278,0.87314415,0.0048259422183036,0.0005901456,0.0046100616,0.007083833
QLSTM,6,15,0.8611577,0.86071765,0.86794394,0.85962033,0.0048259422183036,0.0004400611,0.0010973215,0.006786227
QLSTM,6,15,0.8540572,0.85544425,0.8611577,0.85267913,0.0048259422183036,0.0013870597,0.002765119,0.0071005225
QLSTM,6,15,0.8481812,0.8481967,0.8540572,0.84834564,0.0048259422183036,1.5497208e-05,0.00014895201,0.0058760047
QLSTM,6,15,0.8446966,0.84541905,0.8481812,0.8407997,0.0048259422183036,0.0007224679,0.00461936,0.0034846067
QLSTM,6,15,0.84229803,0.84033716,0.8446966,0.84251374,0.0048259422183036,0.0019608736,0.0021765828,0.0023985505
QLSTM,6,15,0.8405564,0.83808523,0.84229803,0.8422961,0.0048259422183036,0.002471149,0.0042108893,0.0017416477
QLSTM,6,15,0.83871335,0.83579236,0.8405564,0.8382839,0.0048259422183036,0.0029209852,0.0024915338,0.0018430352
QLSTM,6,15,0.83619976,0.83433014,0.83871335,0.8357488,0.0048259422183036,0.0018696189,0.0014186502,0.0025135875
QLSTM,6,15,0.8322059,0.8316199,0.83619976,0.8347425,0.0048259422183036,0.00058597326,0.0031225681,0.003993869
QLSTM,6,15,0.8261588,0.82744855,0.8322059,0.8298506,0.0048259422183036,0.0012897253,0.0024020672,0.00604707
QLSTM,6,15,0.8198299,0.82097447,0.8261588,0.81573904,0.0048259422183036,0.001144588,0.0052354336,0.0063289404
QLSTM,6,15,0.81416464,0.8153758,0.8198299,0.8110497,0.0048259422183036,0.0012111664,0.004326105,0.0056652427
QLSTM,6,15,0.81022066,0.8102347,0.81416464,0.8123055,0.0048259422183036,1.4066696e-05,0.0020707846,0.0039439797
QLSTM,6,15,0.8074318,0.8049461,0.81022066,0.8074114,0.0048259422183036,0.0024856925,0.002465248,0.0027888417
QLSTM,6,15,0.8034636,0.8053878,0.8074318,0.80365896,0.0048259422183036,0.0019242167,0.0017288327,0.003968239
QLSTM,6,15,0.7986715,0.79898834,0.8034636,0.80093294,0.0048259422183036,0.0003168583,0.0019446015,0.004792094
QLSTM,6,15,0.79445267,0.7943094,0.7986715,0.7892152,0.0048259422183036,0.00014328957,0.0050941706,0.0042188168
QLSTM,6,15,0.790031,0.7895469,0.79445267,0.7919648,0.0048259422183036,0.00048410892,0.002417922,0.0044216514
LSTM,6,6,0.89015913,0.88922995,0.89538854,0.8901097,0.0048259422183036,0.0009291768,0.00087976456,0.0052294135
LSTM,6,6,0.8835665,0.88547236,0.89015913,0.8845384,0.0048259422183036,0.0019058585,0.0009339452,0.0065926313
LSTM,6,6,0.8747449,0.88098526,0.8835665,0.88003206,0.0048259422183036,0.006240368,0.0009531975,0.008821607
LSTM,6,6,0.86501,0.8708722,0.8747449,0.86393785,0.0048259422183036,0.0058621764,0.006934345,0.009734869
LSTM,6,6,0.8552413,0.85782635,0.86501,0.85191804,0.0048259422183036,0.0025850534,0.0059083104,0.009768724
LSTM,6,6,0.84678733,0.8509109,0.8552413,0.84655106,0.0048259422183036,0.0041235685,0.0043598413,0.008453965
LSTM,6,6,0.8396126,0.84245694,0.84678733,0.8410362,0.0048259422183036,0.0028443336,0.0014207363,0.0071747303
LSTM,6,6,0.83290267,0.8352822,0.8396126,0.8311087,0.0048259422183036,0.0023795366,0.004173517,0.0067099333
LSTM,6,6,0.82645375,0.8285723,0.83290267,0.826916,0.0048259422183036,0.002118528,0.0016562939,0.0064489245
LSTM,6,6,0.8220925,0.82212335,0.82645375,0.8187067,0.0048259422183036,3.0875206e-05,0.0034166574,0.004361272
LSTM,6,6,0.819617,0.8177621,0.8220925,0.8177571,0.0048259422183036,0.0018548965,4.9471855e-06,0.0024755
LSTM,6,6,0.8172774,0.8152866,0.819617,0.82221174,0.0048259422183036,0.0019907951,0.0069251657,0.0023396015
LSTM,6,6,0.8147132,0.812947,0.8172774,0.8154538,0.0048259422183036,0.0017662048,0.0025068521,0.0025641918
LSTM,6,6,0.81172514,0.8103828,0.8147132,0.80811554,0.0048259422183036,0.0013423562,0.0022672415,0.0029880404
LSTM,6,6,0.8098818,0.80739474,0.81172514,0.80867493,0.0048259422183036,0.0024870634,0.0012801886,0.0018433332
LSTM,6,6,0.8076193,0.8055514,0.8098818,0.8150423,0.0048259422183036,0.002067864,0.009490907,0.0022625327
LSTM,6,6,0.8043393,0.8032889,0.8076193,0.8069653,0.0048259422183036,0.0010504127,0.0036764145,0.003279984
LSTM,6,6,0.7991609,0.8000089,0.8043393,0.7971569,0.0048259422183036,0.0008479953,0.0028520226,0.005178392
LSTM,6,6,0.7944531,0.7948305,0.7991609,0.7919337,0.0048259422183036,0.0003774166,0.0028967857,0.0047078133
LSTM,6,6,0.7928695,0.7901227,0.7944531,0.78955144,0.0048259422183036,0.0027468204,0.0005712509,0.0015835762
LSTM,6,6,0.79254544,0.7885391,0.7928695,0.7982195,0.0048259422183036,0.004006326,0.00968039,0.00032407045
LSTM,6,6,0.7925212,0.78821504,0.79254544,0.7910288,0.0048259422183036,0.0043061376,0.0028137565,2.425909e-05
LSTM,6,6,0.79249614,0.7881908,0.7925212,0.79262084,0.0048259422183036,0.0043053627,0.0044300556,2.503395e-05
LSTM,6,15,0.8750278,0.8767961,0.88224,0.8724049,0.0048259422183036,0.0017683506,0.004391253,0.0072122216
LSTM,6,15,0.86794394,0.86968386,0.8750278,0.87314415,0.0048259422183036,0.0017399192,0.003460288,0.007083833
LSTM,6,15,0.8611577,0.86257964,0.86794394,0.85962033,0.0048259422183036,0.0014219284,0.002959311,0.006786227
LSTM,6,15,0.8540572,0.855537,0.8611577,0.85267913,0.0048259422183036,0.0014798045,0.002857864,0.0071005225
LSTM,6,15,0.8481812,0.8487604,0.8540572,0.84834564,0.0048259422183036,0.00057923794,0.00041478872,0.0058760047
LSTM,6,15,0.8446966,0.8480902,0.8481812,0.8407997,0.0048259422183036,0.0033935905,0.0072904825,0.0034846067
LSTM,6,15,0.84229803,0.8403662,0.8446966,0.84251374,0.0048259422183036,0.0019318461,0.0021475554,0.0023985505
LSTM,6,15,0.8405564,0.83796763,0.84229803,0.8422961,0.0048259422183036,0.002588749,0.0043284893,0.0017416477
LSTM,6,15,0.83871335,0.836226,0.8405564,0.8382839,0.0048259422183036,0.0024873614,0.00205791,0.0018430352
LSTM,6,15,0.83619976,0.83438295,0.83871335,0.8357488,0.0048259422183036,0.0018168092,0.0013658404,0.0025135875
LSTM,6,15,0.8322059,0.83186936,0.83619976,0.8347425,0.0048259422183036,0.00033652782,0.0028731227,0.003993869
LSTM,6,15,0.8261588,0.8278755,0.8322059,0.8298506,0.0048259422183036,0.0017166734,0.001975119,0.00604707
LSTM,6,15,0.8198299,0.8218284,0.8261588,0.81573904,0.0048259422183036,0.0019985437,0.0060893893,0.0063289404
LSTM,6,15,0.81416464,0.8154995,0.8198299,0.8110497,0.0048259422183036,0.001334846,0.0044497848,0.0056652427
LSTM,6,15,0.81022066,0.80983424,0.81416464,0.8123055,0.0048259422183036,0.0003864169,0.0024712682,0.0039439797
LSTM,6,15,0.8074318,0.80589026,0.81022066,0.8074114,0.0048259422183036,0.0015415549,0.0015211105,0.0027888417
LSTM,6,15,0.8034636,0.8031014,0.8074318,0.80365896,0.0048259422183036,0.00036215782,0.00055754185,0.003968239
LSTM,6,15,0.7986715,0.7991332,0.8034636,0.80093294,0.0048259422183036,0.00046169758,0.0017997622,0.004792094
LSTM,6,15,0.79445267,0.7943411,0.7986715,0.7892152,0.0048259422183036,0.000111579895,0.0051258802,0.0042188168
LSTM,6,15,0.790031,0.7901223,0.79445267,0.7919648,0.0048259422183036,9.125471e-05,0.0018425584,0.0044216514
GRU,6,6,0.89015913,0.88411206,0.89538854,0.8901097,0.0048259422183036,0.00604707,0.005997658,0.0052294135
GRU,6,6,0.8835665,0.8790727,0.89015913,0.8845384,0.0048259422183036,0.004493773,0.0054656863,0.0065926313
GRU,6,6,0.8747449,0.8749148,0.8835665,0.88003206,0.0048259422183036,0.00016993284,0.0051172376,0.008821607
GRU,6,6,0.86501,0.8693329,0.8747449,0.86393785,0.0048259422183036,0.0043228865,0.005395055,0.009734869
GRU,6,6,0.8552413,0.86209714,0.86501,0.85191804,0.0048259422183036,0.0068558455,0.010179102,0.009768724
GRU,6,6,0.84678733,0.85229975,0.8552413,0.84655106,0.0048259422183036,0.0055124164,0.005748689,0.008453965
GRU,6,6,0.8396126,0.8425661,0.84678733,0.8410362,0.0048259422183036,0.0029534698,0.0015298724,0.0071747303
GRU,6,6,0.83290267,0.83494514,0.8396126,0.8311087,0.0048259422183036,0.0020424724,0.003836453,0.0067099333
GRU,6,6,0.82645375,0.8288242,0.83290267,0.826916,0.0048259422183036,0.0023704767,0.0019082427,0.0064489245
GRU,6,6,0.8220925,0.821171,0.82645375,0.8187067,0.0048259422183036,0.0009214878,0.0024642944,0.004361272
GRU,6,6,0.819617,0.8156504,0.8220925,0.8177571,0.0048259422183036,0.00396657,0.0021067262,0.0024755
GRU,6,6,0.8172774,0.8154394,0.819617,0.82221174,0.0048259422183036,0.0018379688,0.0067723393,0.0023396015
GRU,6,6,0.8147132,0.8170199,0.8172774,0.8154538,0.0048259422183036,0.0023066998,0.0015660524,0.0025641918
GRU,6,6,0.81172514,0.8137133,0.8147132,0.80811554,0.0048259422183036,0.0019881725,0.00559777,0.0029880404
GRU,6,6,0.8098818,0.8099033,0.81172514,0.80867493,0.0048259422183036,2.1517277e-05,0.0012283921,0.0018433332
GRU,6,6,0.8076193,0.8081934,0.8098818,0.8150423,0.0048259422183036,0.00057411194,0.0068489313,0.0022625327
GRU,6,6,0.8043393,0.8046429,0.8076193,0.8069653,0.0048259422183036,0.00030362606,0.0023223758,0.003279984
GRU,6,6,0.7991609,0.7984123,0.8043393,0.7971569,0.0048259422183036,0.00074857473,0.0012554526,0.005178392
GRU,6,6,0.7944531,0.79376405,0.7991609,0.7919337,0.0048259422183036,0.0006890297,0.0018303394,0.0047078133
GRU,6,6,0.7928695,0.78890824,0.7944531,0.78955144,0.0048259422183036,0.003961265,0.0006431937,0.0015835762
GRU,6,6,0.79254544,0.78694856,0.7928695,0.7982195,0.0048259422183036,0.005596876,0.01127094,0.00032407045
GRU,6,6,0.7925212,0.7863765,0.79254544,0.7910288,0.0048259422183036,0.0061447024,0.0046523213,2.425909e-05
GRU,6,6,0.79249614,0.78690374,0.7925212,0.79262084,0.0048259422183036,0.005592406,0.0057170987,2.503395e-05
GRU,6,15,0.8750278,0.8779098,0.88224,0.8724049,0.0048259422183036,0.0028820038,0.005504906,0.0072122216
GRU,6,15,0.86794394,0.8735428,0.8750278,0.87314415,0.0048259422183036,0.005598843,0.00039863586,0.007083833
GRU,6,15,0.8611577,0.86032754,0.86794394,0.85962033,0.0048259422183036,0.0008301735,0.0007072091,0.006786227
GRU,6,15,0.8540572,0.8584796,0.8611577,0.85267913,0.0048259422183036,0.004422426,0.0058004856,0.0071005225
GRU,6,15,0.8481812,0.8477916,0.8540572,0.84834564,0.0048259422183036,0.00038957596,0.0005540252,0.0058760047
GRU,6,15,0.8446966,0.85221654,0.8481812,0.8407997,0.0048259422183036,0.0075199604,0.0114168525,0.0034846067
GRU,6,15,0.84229803,0.84564656,0.8446966,0.84251374,0.0048259422183036,0.0033485293,0.0031328201,0.0023985505
GRU,6,15,0.8405564,0.84075946,0.84229803,0.8422961,0.0048259422183036,0.00020307302,0.0015366673,0.0017416477
GRU,6,15,0.83871335,0.8395804,0.8405564,0.8382839,0.0048259422183036,0.00086706877,0.0012965202,0.0018430352
GRU,6,15,0.83619976,0.8369373,0.83871335,0.8357488,0.0048259422183036,0.0007375479,0.0011885166,0.0025135875
GRU,6,15,0.8322059,0.8296551,0.83619976,0.8347425,0.0048259422183036,0.0025507808,0.0050873756,0.003993869
GRU,6,15,0.8261588,0.82566416,0.8322059,0.8298506,0.0048259422183036,0.00049465895,0.0041864514,0.00604707
GRU,6,15,0.8198299,0.82191837,0.8261588,0.81573904,0.0048259422183036,0.0020884871,0.0061793327,0.0063289404
GRU,6,15,0.81416464,0.8162295,0.8198299,0.8110497,0.0048259422183036,0.0020648837,0.0051798224,0.0056652427
GRU,6,15,0.81022066,0.8116949,0.81416464,0.8123055,0.0048259422183036,0.0014742613,0.00061059,0.0039439797
GRU,6,15,0.8074318,0.810785,0.81022066,0.8074114,0.0048259422183036,0.0033531785,0.003373623,0.0027888417
GRU,6,15,0.8034636,0.80194557,0.8074318,0.80365896,0.0048259422183036,0.0015180111,0.0017133951,0.003968239
GRU,6,15,0.7986715,0.79925376,0.8034636,0.80093294,0.0048259422183036,0.0005822778,0.001679182,0.004792094
GRU,6,15,0.79445267,0.79288197,0.7986715,0.7892152,0.0048259422183036,0.0015707016,0.0036667585,0.0042188168
GRU,6,15,0.790031,0.78885764,0.79445267,0.7919648,0.0048259422183036,0.001173377,0.0031071901,0.0044216514
MLP,6,6,0.89015913,0.8906927,0.89538854,0.8901097,0.0048259422183036,0.0005335808,0.00058299303,0.0052294135
MLP,6,6,0.8835665,0.8910833,0.89015913,0.8845384,0.0048259422183036,0.0075168014,0.006544888,0.0065926313
MLP,6,6,0.8747449,0.88424563,0.8835665,0.88003206,0.0048259422183036,0.009500742,0.0042135715,0.008821607
MLP,6,6,0.86501,0.88045204,0.8747449,0.86393785,0.0048259422183036,0.015442014,0.016514182,0.009734869
MLP,6,6,0.8552413,0.85893357,0.86501,0.85191804,0.0048259422183036,0.0036922693,0.0070155263,0.009768724
MLP,6,6,0.84678733,0.8578435,0.8552413,0.84655106,0.0048259422183036,0.011056185,0.011292458,0.008453965
MLP,6,6,0.8396126,0.84650767,0.84678733,0.8410362,0.0048259422183036,0.0068950653,0.005471468,0.0071747303
MLP,6,6,0.83290267,0.83655614,0.8396126,0.8311087,0.0048259422183036,0.0036534667,0.0054474473,0.0067099333
MLP,6,6,0.82645375,0.82865584,0.83290267,0.826916,0.0048259422183036,0.0022020936,0.0017398596,0.0064489245
MLP,6,6,0.8220925,0.8242802,0.82645375,0.8187067,0.0048259422183036,0.0021877289,0.005573511,0.004361272
MLP,6,6,0.819617,0.8187721,0.8220925,0.8177571,0.0048259422183036,0.00084489584,0.0010149479,0.0024755
MLP,6,6,0.8172774,0.81788915,0.819617,0.82221174,0.0048259422183036,0.0006117821,0.0043225884,0.0023396015
MLP,6,6,0.8147132,0.81547,0.8172774,0.8154538,0.0048259422183036,0.0007568002,1.6152859e-05,0.0025641918
MLP,6,6,0.81172514,0.8142271,0.8147132,0.80811554,0.0048259422183036,0.0025019646,0.0061115623,0.0029880404
MLP,6,6,0.8098818,0.8103017,0.81172514,0.80867493,0.0048259422183036,0.00041991472,0.0016267896,0.0018433332
MLP,6,6,0.8076193,0.8107863,0.8098818,0.8150423,0.0048259422183036,0.0031670332,0.00425601,0.0022625327
MLP,6,6,0.8043393,0.80384105,0.8076193,0.8069653,0.0048259422183036,0.0004982352,0.003124237,0.003279984
MLP,6,6,0.7991609,0.8013964,0.8043393,0.7971569,0.0048259422183036,0.0022355318,0.004239559,0.005178392
MLP,6,6,0.7944531,0.7985746,0.7991609,0.7919337,0.0048259422183036,0.004121542,0.006640911,0.0047078133
MLP,6,6,0.7928695,0.78976274,0.7944531,0.78955144,0.0048259422183036,0.003106773,0.00021129847,0.0015835762
MLP,6,6,0.79254544,0.7864258,0.7928695,0.7982195,0.0048259422183036,0.006119609,0.011793673,0.00032407045
MLP,6,6,0.7925212,0.7858858,0.79254544,0.7910288,0.0048259422183036,0.006635368,0.005142987,2.425909e-05
MLP,6,6,0.79249614,0.78753984,0.7925212,0.79262084,0.0048259422183036,0.004956305,0.005080998,2.503395e-05
MLP,6,15,0.8750278,0.8872444,0.88224,0.8724049,0.0048259422183036,0.012216628,0.01483953,0.0072122216
MLP,6,15,0.86794394,0.86971825,0.8750278,0.87314415,0.0048259422183036,0.0017743111,0.0034258962,0.007083833
MLP,6,15,0.8611577,0.8549786,0.86794394,0.85962033,0.0048259422183036,0.0061790943,0.0046417117,0.006786227
MLP,6,15,0.8540572,0.849559,0.8611577,0.85267913,0.0048259422183036,0.0044981837,0.0031201243,0.0071005225
MLP,6,15,0.8481812,0.82585996,0.8540572,0.84834564,0.0048259422183036,0.022321224,0.022485673,0.0058760047
MLP,6,15,0.8446966,0.8425374,0.8481812,0.8407997,0.0048259422183036,0.0021591783,0.0017377138,0.0034846067
MLP,6,15,0.84229803,0.84778917,0.8446966,0.84251374,0.0048259422183036,0.0054911375,0.0052754283,0.0023985505
MLP,6,15,0.8405564,0.84272236,0.84229803,0.8422961,0.0048259422183036,0.0021659732,0.00042623281,0.0017416477
MLP,6,15,0.83871335,0.8340379,0.8405564,0.8382839,0.0048259422183036,0.004675448,0.0042459965,0.0018430352
MLP,6,15,0.83619976,0.83341783,0.83871335,0.8357488,0.0048259422183036,0.0027819276,0.0023309588,0.0025135875
MLP,6,15,0.8322059,0.83091503,0.83619976,0.8347425,0.0048259422183036,0.0012908578,0.0038274527,0.003993869
MLP,6,15,0.8261588,0.8267826,0.8322059,0.8298506,0.0048259422183036,0.0006237626,0.0030680299,0.00604707
MLP,6,15,0.8198299,0.82148147,0.8261588,0.81573904,0.0048259422183036,0.0016515851,0.0057424307,0.0063289404
MLP,6,15,0.81416464,0.81628084,0.8198299,0.8110497,0.0048259422183036,0.0021162033,0.005231142,0.0056652427
MLP,6,15,0.81022066,0.8107203,0.81416464,0.8123055,0.0048259422183036,0.00049966574,0.0015851855,0.0039439797
MLP,6,15,0.8074318,0.80772793,0.81022066,0.8074114,0.0048259422183036,0.00029611588,0.00031656027,0.0027888417
MLP,6,15,0.8034636,0.80596405,0.8074318,0.80365896,0.0048259422183036,0.0025004745,0.0023050904,0.003968239
MLP,6,15,0.7986715,0.80239075,0.8034636,0.80093294,0.0048259422183036,0.0037192702,0.0014578104,0.004792094
MLP,6,15,0.79445267,0.79475504,0.7986715,0.7892152,0.0048259422183036,0.00030237436,0.0055398345,0.0042188168
MLP,6,15,0.790031,0.78627837,0.79445267,0.7919648,0.0048259422183036,0.0037526488,0.005686462,0.0044216514
Seq2Seq,6,6,0.89015913,0.8871839,0.89538854,0.8901097,0.0048259422183036,0.0029752254,0.0029258132,0.0052294135
Seq2Seq,6,6,0.8835665,0.8843568,0.89015913,0.8845384,0.0048259422183036,0.000790298,0.00018161535,0.0065926313
Seq2Seq,6,6,0.8747449,0.8806429,0.8835665,0.88003206,0.0048259422183036,0.005897999,0.0006108284,0.008821607
Seq2Seq,6,6,0.86501,0.87052315,0.8747449,0.86393785,0.0048259422183036,0.0055131316,0.0065853,0.009734869
Seq2Seq,6,6,0.8552413,0.86054385,0.86501,0.85191804,0.0048259422183036,0.0053025484,0.008625805,0.009768724
Seq2Seq,6,6,0.84678733,0.8513467,0.8552413,0.84655106,0.0048259422183036,0.004559338,0.004795611,0.008453965
Seq2Seq,6,6,0.8396126,0.8430985,0.84678733,0.8410362,0.0048259422183036,0.003485918,0.0020623207,0.0071747303
Seq2Seq,6,6,0.83290267,0.8351433,0.8396126,0.8311087,0.0048259422183036,0.0022406578,0.0040346384,0.0067099333
Seq2Seq,6,6,0.82645375,0.8276636,0.83290267,0.826916,0.0048259422183036,0.0012098551,0.00074762106,0.0064489245
Seq2Seq,6,6,0.8220925,0.8212276,0.82645375,0.8187067,0.0048259422183036,0.0008648634,0.0025209188,0.004361272
Seq2Seq,6,6,0.819617,0.8167369,0.8220925,0.8177571,0.0048259422183036,0.0028800964,0.0010202527,0.0024755
Seq2Seq,6,6,0.8172774,0.81454086,0.819617,0.82221174,0.0048259422183036,0.0027365088,0.0076708794,0.0023396015
Seq2Seq,6,6,0.8147132,0.8144384,0.8172774,0.8154538,0.0048259422183036,0.0002747774,0.0010154247,0.0025641918
Seq2Seq,6,6,0.81172514,0.81488746,0.8147132,0.80811554,0.0048259422183036,0.0031623244,0.006771922,0.0029880404
Seq2Seq,6,6,0.8098818,0.8133577,0.81172514,0.80867493,0.0048259422183036,0.0034759045,0.0046827793,0.0018433332
Seq2Seq,6,6,0.8076193,0.8096921,0.8098818,0.8150423,0.0048259422183036,0.0020728111,0.005350232,0.0022625327
Seq2Seq,6,6,0.8043393,0.805178,0.8076193,0.8069653,0.0048259422183036,0.00083869696,0.0017873049,0.003279984
Seq2Seq,6,6,0.7991609,0.8012372,0.8043393,0.7971569,0.0048259422183036,0.0020763278,0.004080355,0.005178392
Seq2Seq,6,6,0.7944531,0.7960533,0.7991609,0.7919337,0.0048259422183036,0.0016002059,0.004119575,0.0047078133
Seq2Seq,6,6,0.7928695,0.78983986,0.7944531,0.78955144,0.0048259422183036,0.0030296445,0.00028842688,0.0015835762
Seq2Seq,6,6,0.79254544,0.79009736,0.7928695,0.7982195,0.0048259422183036,0.002448082,0.008122146,0.00032407045
Seq2Seq,6,6,0.7925212,0.7883178,0.79254544,0.7910288,0.0048259422183036,0.004203379,0.002710998,2.425909e-05
Seq2Seq,6,6,0.79249614,0.79029316,0.7925212,0.79262084,0.0048259422183036,0.0022029877,0.0023276806,2.503395e-05
Seq2Seq,6,15,0.8750278,0.8760546,0.88224,0.8724049,0.0048259422183036,0.0010268092,0.0036497116,0.0072122216
Seq2Seq,6,15,0.86794394,0.8692117,0.8750278,0.87314415,0.0048259422183036,0.0012677312,0.003932476,0.007083833
Seq2Seq,6,15,0.8611577,0.862873,0.86794394,0.85962033,0.0048259422183036,0.0017153025,0.003252685,0.006786227
Seq2Seq,6,15,0.8540572,0.8547468,0.8611577,0.85267913,0.0048259422183036,0.00068962574,0.0020676851,0.0071005225
Seq2Seq,6,15,0.8481812,0.84912956,0.8540572,0.84834564,0.0048259422183036,0.0009483695,0.0007839203,0.0058760047
Seq2Seq,6,15,0.8446966,0.84473157,0.8481812,0.8407997,0.0048259422183036,3.4987926e-05,0.00393188,0.0034846067
Seq2Seq,6,15,0.84229803,0.8423897,0.8446966,0.84251374,0.0048259422183036,9.1671944e-05,0.00012403727,0.0023985505
Seq2Seq,6,15,0.8405564,0.83852834,0.84229803,0.8422961,0.0048259422183036,0.002028048,0.0037677884,0.0017416477
Seq2Seq,6,15,0.83871335,0.8368847,0.8405564,0.8382839,0.0048259422183036,0.0018286705,0.001399219,0.0018430352
Seq2Seq,6,15,0.83619976,0.8353515,0.83871335,0.8357488,0.0048259422183036,0.0008482337,0.00039726496,0.0025135875
Seq2Seq,6,15,0.8322059,0.83181924,0.83619976,0.8347425,0.0048259422183036,0.00038665533,0.0029232502,0.003993869
Seq2Seq,6,15,0.8261588,0.828693,0.8322059,0.8298506,0.0048259422183036,0.002534151,0.0011576414,0.00604707
Seq2Seq,6,15,0.8198299,0.8234772,0.8261588,0.81573904,0.0048259422183036,0.0036473274,0.007738173,0.0063289404
Seq2Seq,6,15,0.81416464,0.81948274,0.8198299,0.8110497,0.0048259422183036,0.005318105,0.008433044,0.0056652427
Seq2Seq,6,15,0.81022066,0.81505495,0.81416464,0.8123055,0.0048259422183036,0.0048342943,0.002749443,0.0039439797
Seq2Seq,6,15,0.8074318,0.80964905,0.81022066,0.8074114,0.0048259422183036,0.0022172332,0.0022376776,0.0027888417
Seq2Seq,6,15,0.8034636,0.8055479,0.8074318,0.80365896,0.0048259422183036,0.0020843148,0.0018889308,0.003968239
Seq2Seq,6,15,0.7986715,0.7998747,0.8034636,0.80093294,0.0048259422183036,0.001203239,0.0010582209,0.004792094
Seq2Seq,6,15,0.79445267,0.79445964,0.7986715,0.7892152,0.0048259422183036,6.9737434e-06,0.005244434,0.0042188168
Seq2Seq,6,15,0.790031,0.7926311,0.79445267,0.7919648,0.0048259422183036,0.0026000738,0.0006662607,0.0044216514
Persistence,7,8,0.89259446,0.9005038,0.9005038,0.90064675,0.0046868687495589,0.007909358,0.00014293194,0.007909358
Persistence,7,8,0.88487613,0.89259446,0.89259446,0.88429236,0.0046868687495589,0.0077183247,0.008302093,0.0077183247
Persistence,7,8,0.8776235,0.88487613,0.88487613,0.87401485,0.0046868687495589,0.0072526336,0.010861278,0.0072526336
Persistence,7,8,0.87120974,0.8776235,0.8776235,0.87282014,0.0046868687495589,0.006413758,0.0048033595,0.006413758
Persistence,7,8,0.8644435,0.87120974,0.87120974,0.8729449,0.0046868687495589,0.0067662597,0.0017351508,0.0067662597
Persistence,7,8,0.85697824,0.8644435,0.8644435,0.8575645,0.0046868687495589,0.0074652433,0.006878972,0.0074652433
Persistence,7,8,0.8483071,0.85697824,0.85697824,0.84833086,0.0046868687495589,0.0086711645,0.008647382,0.0086711645
Persistence,7,8,0.84068316,0.8483071,0.8483071,0.82999146,0.0046868687495589,0.007623911,0.018315613,0.007623911
Persistence,7,8,0.8340667,0.84068316,0.84068316,0.82971585,0.0046868687495589,0.006616473,0.010967314,0.006616473
Persistence,7,8,0.828361,0.8340667,0.8340667,0.8287887,0.0046868687495589,0.005705714,0.0052779913,0.005705714
Persistence,7,8,0.8252737,0.828361,0.828361,0.82702684,0.0046868687495589,0.0030872822,0.0013341308,0.0030872822
Persistence,7,8,0.8213349,0.8252737,0.8252737,0.8211693,0.0046868687495589,0.003938794,0.004104376,0.003938794
Persistence,7,8,0.81664103,0.8213349,0.8213349,0.81672496,0.0046868687495589,0.004693866,0.0046099424,0.004693866
Persistence,7,8,0.8120114,0.81664103,0.81664103,0.8119489,0.0046868687495589,0.004629612,0.0046921372,0.004629612
Persistence,7,8,0.8092599,0.8120114,0.8120114,0.80631554,0.0046868687495589,0.0027515292,0.0056958795,0.0027515292
Persistence,7,8,0.80626184,0.8092599,0.8092599,0.8121565,0.0046868687495589,0.002998054,0.002896607,0.002998054
Persistence,7,8,0.8033534,0.80626184,0.80626184,0.8049148,0.0046868687495589,0.0029084086,0.001347065,0.0029084086
Persistence,7,8,0.80025595,0.8033534,0.8033534,0.7960426,0.0046868687495589,0.0030974746,0.0073108077,0.0030974746
Persistence,7,8,0.7969671,0.80025595,0.80025595,0.7964955,0.0046868687495589,0.003288865,0.003760457,0.003288865
Persistence,7,8,0.7943678,0.7969671,0.7969671,0.79534715,0.0046868687495589,0.002599299,0.001619935,0.002599299
Persistence,7,8,0.79135853,0.7943678,0.7943678,0.79208946,0.0046868687495589,0.0030092597,0.002278328,0.0030092597
Persistence,7,8,0.78809476,0.79135853,0.79135853,0.78874314,0.0046868687495589,0.0032637715,0.0026153922,0.0032637715
Persistence,7,8,0.78471136,0.78809476,0.78809476,0.78373265,0.0046868687495589,0.003383398,0.0043621063,0.003383398
Persistence,7,10,0.8834483,0.88941133,0.88941133,0.8826901,0.0046868687495589,0.0059630275,0.006721258,0.0059630275
Persistence,7,10,0.879672,0.8834483,0.8834483,0.87818635,0.0046868687495589,0.0037763119,0.0052619576,0.0037763119
Persistence,7,10,0.8756397,0.879672,0.879672,0.88232356,0.0046868687495589,0.004032314,0.0026515722,0.004032314
Persistence,7,10,0.87222886,0.8756397,0.8756397,0.86945295,0.0046868687495589,0.0034108162,0.0061867237,0.0034108162
Persistence,7,10,0.87009853,0.87222886,0.87222886,0.86518914,0.0046868687495589,0.0021303296,0.007039726,0.0021303296
Persistence,7,10,0.870902,0.87009853,0.87009853,0.8699678,0.0046868687495589,0.0008034706,0.00013071299,0.0008034706
Persistence,7,10,0.8722054,0.870902,0.870902,0.8755109,0.0046868687495589,0.0013033748,0.0046088696,0.0013033748
Persistence,7,10,0.8704955,0.8722054,0.8722054,0.8770293,0.0046868687495589,0.0017098784,0.004823923,0.0017098784
Persistence,7,10,0.86565596,0.8704955,0.8704955,0.8664172,0.0046868687495589,0.0048395395,0.004078269,0.0048395395
Persistence,7,10,0.85750455,0.86565596,0.86565596,0.8571021,0.0046868687495589,0.008151412,0.008553863,0.008151412
Persistence,7,10,0.84924203,0.85750455,0.85750455,0.84933686,0.0046868687495589,0.008262515,0.008167684,0.008262515
Persistence,7,10,0.8444807,0.84924203,0.84924203,0.83461636,0.0046868687495589,0.0047613382,0.0146256685,0.0047613382
Persistence,7,10,0.84215677,0.8444807,0.8444807,0.8379713,0.0046868687495589,0.0023239255,0.0065093637,0.0023239255
Persistence,7,10,0.8422294,0.84215677,0.84215677,0.8445855,0.0046868687495589,7.265806e-05,0.0024287105,7.265806e-05
Persistence,7,10,0.84170055,0.8422294,0.8422294,0.8484766,0.0046868687495589,0.000528872,0.006247163,0.000528872
Persistence,7,10,0.8386134,0.84170055,0.84170055,0.8394557,0.0046868687495589,0.003087163,0.0022448301,0.003087163
Persistence,7,10,0.83429617,0.8386134,0.8386134,0.82897156,0.0046868687495589,0.004317224,0.009641826,0.004317224
Persistence,7,10,0.8303072,0.83429617,0.83429617,0.8312218,0.0046868687495589,0.0039889812,0.003074348,0.0039889812
Persistence,7,10,0.8261167,0.8303072,0.8303072,0.82842606,0.0046868687495589,0.0041905046,0.0018811226,0.0041905046
Persistence,7,10,0.81833637,0.8261167,0.8261167,0.82392335,0.0046868687495589,0.0077803135,0.0021933317,0.0077803135
Persistence,7,10,0.8103395,0.81833637,0.81833637,0.8096079,0.0046868687495589,0.007996857,0.008728445,0.007996857
Persistence,7,10,0.80190974,0.8103395,0.8103395,0.8001174,0.0046868687495589,0.008429766,0.010222137,0.008429766
MQAttn-LSTM-VQR,7,8,0.89259446,0.89074326,0.9005038,0.90064675,0.0046868687495589,0.001851201,0.009903491,0.007909358
MQAttn-LSTM-VQR,7,8,0.88487613,0.8841425,0.89259446,0.88429236,0.0046868687495589,0.00073361397,0.00014984608,0.0077183247
MQAttn-LSTM-VQR,7,8,0.8776235,0.8736358,0.88487613,0.87401485,0.0046868687495589,0.00398767,0.00037902594,0.0072526336
MQAttn-LSTM-VQR,7,8,0.87120974,0.8685335,0.8776235,0.87282014,0.0046868687495589,0.0026762486,0.004286647,0.006413758
MQAttn-LSTM-VQR,7,8,0.8644435,0.8595707,0.87120974,0.8729449,0.0046868687495589,0.004872799,0.013374209,0.0067662597
MQAttn-LSTM-VQR,7,8,0.85697824,0.8661361,0.8644435,0.8575645,0.0046868687495589,0.009157836,0.008571565,0.0074652433
MQAttn-LSTM-VQR,7,8,0.8483071,0.8561008,0.85697824,0.84833086,0.0046868687495589,0.0077937245,0.0077699423,0.0086711645
MQAttn-LSTM-VQR,7,8,0.84068316,0.8433555,0.8483071,0.82999146,0.0046868687495589,0.0026723146,0.013364017,0.007623911
MQAttn-LSTM-VQR,7,8,0.8340667,0.8326262,0.84068316,0.82971585,0.0046868687495589,0.0014404655,0.0029103756,0.006616473
MQAttn-LSTM-VQR,7,8,0.828361,0.8256564,0.8340667,0.8287887,0.0046868687495589,0.0027045608,0.0031322837,0.005705714
MQAttn-LSTM-VQR,7,8,0.8252737,0.8212404,0.828361,0.82702684,0.0046868687495589,0.0040332675,0.005786419,0.0030872822
MQAttn-LSTM-VQR,7,8,0.8213349,0.8180433,0.8252737,0.8211693,0.0046868687495589,0.003291607,0.0031260252,0.003938794
MQAttn-LSTM-VQR,7,8,0.81664103,0.81649566,0.8213349,0.81672496,0.0046868687495589,0.00014537573,0.00022929907,0.004693866
MQAttn-LSTM-VQR,7,8,0.8120114,0.81233233,0.81664103,0.8119489,0.0046868687495589,0.0003209114,0.00038343668,0.004629612
MQAttn-LSTM-VQR,7,8,0.8092599,0.80864143,0.8120114,0.80631554,0.0046868687495589,0.0006184578,0.0023258924,0.0027515292
MQAttn-LSTM-VQR,7,8,0.80626184,0.80654913,0.8092599,0.8121565,0.0046868687495589,0.0002872944,0.0056073666,0.002998054
MQAttn-LSTM-VQR,7,8,0.8033534,0.8035308,0.80626184,0.8049148,0.0046868687495589,0.00017738342,0.0013839602,0.0029084086
MQAttn-LSTM-VQR,7,8,0.80025595,0.7992611,0.8033534,0.7960426,0.0046868687495589,0.0009948611,0.003218472,0.0030974746
MQAttn-LSTM-VQR,7,8,0.7969671,0.7934371,0.80025595,0.7964955,0.0046868687495589,0.0035299659,0.003058374,0.003288865
MQAttn-LSTM-VQR,7,8,0.7943678,0.78920496,0.7969671,0.79534715,0.0046868687495589,0.005162835,0.006142199,0.002599299
MQAttn-LSTM-VQR,7,8,0.79135853,0.783983,0.7943678,0.79208946,0.0046868687495589,0.0073755383,0.00810647,0.0030092597
MQAttn-LSTM-VQR,7,8,0.78809476,0.77976733,0.79135853,0.78874314,0.0046868687495589,0.0083274245,0.008975804,0.0032637715
MQAttn-LSTM-VQR,7,8,0.78471136,0.7793168,0.78809476,0.78373265,0.0046868687495589,0.005394578,0.0044158697,0.003383398
MQAttn-LSTM-VQR,7,10,0.8834483,0.88332355,0.88941133,0.8826901,0.0046868687495589,0.00012475252,0.00063347816,0.0059630275
MQAttn-LSTM-VQR,7,10,0.879672,0.8781351,0.8834483,0.87818635,0.0046868687495589,0.0015369058,5.1259995e-05,0.0037763119
MQAttn-LSTM-VQR,7,10,0.8756397,0.8729814,0.879672,0.88232356,0.0046868687495589,0.002658248,0.009342134,0.004032314
MQAttn-LSTM-VQR,7,10,0.87222886,0.8693314,0.8756397,0.86945295,0.0046868687495589,0.0028974414,0.00012153387,0.0034108162
MQAttn-LSTM-VQR,7,10,0.87009853,0.8628906,0.87222886,0.86518914,0.0046868687495589,0.00720793,0.002298534,0.0021303296
MQAttn-LSTM-VQR,7,10,0.870902,0.86798245,0.87009853,0.8699678,0.0046868687495589,0.0029195547,0.001985371,0.0008034706
MQAttn-LSTM-VQR,7,10,0.8722054,0.85796446,0.870902,0.8755109,0.0046868687495589,0.014240921,0.017546415,0.0013033748
MQAttn-LSTM-VQR,7,10,0.8704955,0.8655998,0.8722054,0.8770293,0.0046868687495589,0.004895687,0.011429489,0.0017098784
MQAttn-LSTM-VQR,7,10,0.86565596,0.8633123,0.8704955,0.8664172,0.0046868687495589,0.0023436546,0.0031049252,0.0048395395
MQAttn-LSTM-VQR,7,10,0.85750455,0.85913676,0.86565596,0.8571021,0.0046868687495589,0.0016322136,0.0020346642,0.008151412
MQAttn-LSTM-VQR,7,10,0.84924203,0.8513246,0.85750455,0.84933686,0.0046868687495589,0.0020825863,0.0019877553,0.008262515
MQAttn-LSTM-VQR,7,10,0.8444807,0.8441719,0.84924203,0.83461636,0.0046868687495589,0.00030881166,0.009555519,0.0047613382
MQAttn-LSTM-VQR,7,10,0.84215677,0.84007573,0.8444807,0.8379713,0.0046868687495589,0.0020810366,0.0021044016,0.0023239255
MQAttn-LSTM-VQR,7,10,0.8422294,0.8353625,0.84215677,0.8445855,0.0046868687495589,0.006866932,0.009222984,7.265806e-05
MQAttn-LSTM-VQR,7,10,0.84170055,0.8359917,0.8422294,0.8484766,0.0046868687495589,0.0057088733,0.012484908,0.000528872
MQAttn-LSTM-VQR,7,10,0.8386134,0.83521336,0.84170055,0.8394557,0.0046868687495589,0.0034000278,0.0042423606,0.003087163
MQAttn-LSTM-VQR,7,10,0.83429617,0.83226883,0.8386134,0.82897156,0.0046868687495589,0.0020273328,0.0032972693,0.004317224
MQAttn-LSTM-VQR,7,10,0.8303072,0.8281469,0.83429617,0.8312218,0.0046868687495589,0.0021603107,0.003074944,0.0039889812
MQAttn-LSTM-VQR,7,10,0.8261167,0.82487094,0.8303072,0.82842606,0.0046868687495589,0.0012457371,0.003555119,0.0041905046
MQAttn-LSTM-VQR,7,10,0.81833637,0.8205516,0.8261167,0.82392335,0.0046868687495589,0.0022152066,0.0033717752,0.0077803135
MQAttn-LSTM-VQR,7,10,0.8103395,0.8115193,0.81833637,0.8096079,0.0046868687495589,0.0011798143,0.0019114017,0.007996857
MQAttn-LSTM-VQR,7,10,0.80190974,0.8034689,0.8103395,0.8001174,0.0046868687495589,0.0015591383,0.0033515096,0.008429766
MQAttn-LSTM-VQR classical twin,7,8,0.89259446,0.8934846,0.9005038,0.90064675,0.0046868687495589,0.00089013577,0.0071621537,0.007909358
MQAttn-LSTM-VQR classical twin,7,8,0.88487613,0.88842744,0.89259446,0.88429236,0.0046868687495589,0.0035513043,0.004135072,0.0077183247
MQAttn-LSTM-VQR classical twin,7,8,0.8776235,0.8746045,0.88487613,0.87401485,0.0046868687495589,0.0030189753,0.00058966875,0.0072526336
MQAttn-LSTM-VQR classical twin,7,8,0.87120974,0.8735011,0.8776235,0.87282014,0.0046868687495589,0.0022913814,0.00068098307,0.006413758
MQAttn-LSTM-VQR classical twin,7,8,0.8644435,0.86937565,0.87120974,0.8729449,0.0046868687495589,0.004932165,0.0035692453,0.0067662597
MQAttn-LSTM-VQR classical twin,7,8,0.85697824,0.8622487,0.8644435,0.8575645,0.0046868687495589,0.005270481,0.00468421,0.0074652433
MQAttn-LSTM-VQR classical twin,7,8,0.8483071,0.85161644,0.85697824,0.84833086,0.0046868687495589,0.003309369,0.0032855868,0.0086711645
MQAttn-LSTM-VQR classical twin,7,8,0.84068316,0.8446227,0.8483071,0.82999146,0.0046868687495589,0.0039395094,0.014631212,0.007623911
MQAttn-LSTM-VQR classical twin,7,8,0.8340667,0.8363508,0.84068316,0.82971585,0.0046868687495589,0.0022841096,0.0066349506,0.006616473
MQAttn-LSTM-VQR classical twin,7,8,0.828361,0.8270104,0.8340667,0.8287887,0.0046868687495589,0.0013505816,0.0017783046,0.005705714
MQAttn-LSTM-VQR classical twin,7,8,0.8252737,0.8201502,0.828361,0.82702684,0.0046868687495589,0.005123496,0.0068766475,0.0030872822
MQAttn-LSTM-VQR classical twin,7,8,0.8213349,0.81913936,0.8252737,0.8211693,0.0046868687495589,0.002195537,0.0020299554,0.003938794
MQAttn-LSTM-VQR classical twin,7,8,0.81664103,0.81332815,0.8213349,0.81672496,0.0046868687495589,0.0033128858,0.003396809,0.004693866
MQAttn-LSTM-VQR classical twin,7,8,0.8120114,0.80998284,0.81664103,0.8119489,0.0046868687495589,0.0020285845,0.0019660592,0.004629612
MQAttn-LSTM-VQR classical twin,7,8,0.8092599,0.8046229,0.8120114,0.80631554,0.0046868687495589,0.004637003,0.0016926527,0.0027515292
MQAttn-LSTM-VQR classical twin,7,8,0.80626184,0.80100596,0.8092599,0.8121565,0.0046868687495589,0.005255878,0.011150539,0.002998054
MQAttn-LSTM-VQR classical twin,7,8,0.8033534,0.79397815,0.80626184,0.8049148,0.0046868687495589,0.009375274,0.010936618,0.0029084086
MQAttn-LSTM-VQR classical twin,7,8,0.80025595,0.79525274,0.8033534,0.7960426,0.0046868687495589,0.005003214,0.00078988075,0.0030974746
MQAttn-LSTM-VQR classical twin,7,8,0.7969671,0.7934999,0.80025595,0.7964955,0.0046868687495589,0.0034672022,0.0029956102,0.003288865
MQAttn-LSTM-VQR classical twin,7,8,0.7943678,0.79065853,0.7969671,0.79534715,0.0046868687495589,0.0037092566,0.0046886206,0.002599299
MQAttn-LSTM-VQR classical twin,7,8,0.79135853,0.7866041,0.7943678,0.79208946,0.0046868687495589,0.004754424,0.005485356,0.0030092597
MQAttn-LSTM-VQR classical twin,7,8,0.78809476,0.7868828,0.79135853,0.78874314,0.0046868687495589,0.0012119412,0.0018603206,0.0032637715
MQAttn-LSTM-VQR classical twin,7,8,0.78471136,0.77915597,0.78809476,0.78373265,0.0046868687495589,0.0055553913,0.004576683,0.003383398
MQAttn-LSTM-VQR classical twin,7,10,0.8834483,0.8858591,0.88941133,0.8826901,0.0046868687495589,0.0024107695,0.0031690001,0.0059630275
MQAttn-LSTM-VQR classical twin,7,10,0.879672,0.8790922,0.8834483,0.87818635,0.0046868687495589,0.0005797744,0.0009058714,0.0037763119
MQAttn-LSTM-VQR classical twin,7,10,0.8756397,0.8744585,0.879672,0.88232356,0.0046868687495589,0.0011811852,0.007865071,0.004032314
MQAttn-LSTM-VQR classical twin,7,10,0.87222886,0.8722929,0.8756397,0.86945295,0.0046868687495589,6.401539e-05,0.002839923,0.0034108162
MQAttn-LSTM-VQR classical twin,7,10,0.87009853,0.87104326,0.87222886,0.86518914,0.0046868687495589,0.0009447336,0.00585413,0.0021303296
MQAttn-LSTM-VQR classical twin,7,10,0.870902,0.87119186,0.87009853,0.8699678,0.0046868687495589,0.0002898574,0.001224041,0.0008034706
MQAttn-LSTM-VQR classical twin,7,10,0.8722054,0.8554279,0.870902,0.8755109,0.0046868687495589,0.016777456,0.02008295,0.0013033748
MQAttn-LSTM-VQR classical twin,7,10,0.8704955,0.8629911,0.8722054,0.8770293,0.0046868687495589,0.0075044036,0.014038205,0.0017098784
MQAttn-LSTM-VQR classical twin,7,10,0.86565596,0.8610026,0.8704955,0.8664172,0.0046868687495589,0.0046533346,0.005414605,0.0048395395
MQAttn-LSTM-VQR classical twin,7,10,0.85750455,0.85765517,0.86565596,0.8571021,0.0046868687495589,0.00015062094,0.0005530715,0.008151412
MQAttn-LSTM-VQR classical twin,7,10,0.84924203,0.8528182,0.85750455,0.84933686,0.0046868687495589,0.0035761595,0.0034813285,0.008262515
MQAttn-LSTM-VQR classical twin,7,10,0.8444807,0.8448528,0.84924203,0.83461636,0.0046868687495589,0.0003721118,0.010236442,0.0047613382
MQAttn-LSTM-VQR classical twin,7,10,0.84215677,0.84248567,0.8444807,0.8379713,0.0046868687495589,0.00032889843,0.0045143366,0.0023239255
MQAttn-LSTM-VQR classical twin,7,10,0.8422294,0.8398111,0.84215677,0.8445855,0.0046868687495589,0.0024183393,0.0047743917,7.265806e-05
MQAttn-LSTM-VQR classical twin,7,10,0.84170055,0.83937544,0.8422294,0.8484766,0.0046868687495589,0.0023251176,0.009101152,0.000528872
MQAttn-LSTM-VQR classical twin,7,10,0.8386134,0.83951396,0.84170055,0.8394557,0.0046868687495589,0.0009005666,5.8233738e-05,0.003087163
MQAttn-LSTM-VQR classical twin,7,10,0.83429617,0.83474725,0.8386134,0.82897156,0.0046868687495589,0.00045108795,0.00577569,0.004317224
MQAttn-LSTM-VQR classical twin,7,10,0.8303072,0.83023834,0.83429617,0.8312218,0.0046868687495589,6.8843365e-05,0.0009834766,0.0039889812
MQAttn-LSTM-VQR classical twin,7,10,0.8261167,0.82643354,0.8303072,0.82842606,0.0046868687495589,0.0003168583,0.0019925237,0.0041905046
MQAttn-LSTM-VQR classical twin,7,10,0.81833637,0.8210574,0.8261167,0.82392335,0.0046868687495589,0.0027210116,0.0028659701,0.0077803135
MQAttn-LSTM-VQR classical twin,7,10,0.8103395,0.8150388,0.81833637,0.8096079,0.0046868687495589,0.00469929,0.005430877,0.007996857
MQAttn-LSTM-VQR classical twin,7,10,0.80190974,0.8057404,0.8103395,0.8001174,0.0046868687495589,0.0038306713,0.0056230426,0.008429766
MQAttn-QLSTM-VQR,7,8,0.89259446,0.89292717,0.9005038,0.90064675,0.0046868687495589,0.00033271313,0.0077195764,0.007909358
MQAttn-QLSTM-VQR,7,8,0.88487613,0.88556623,0.89259446,0.88429236,0.0046868687495589,0.0006901026,0.0012738705,0.0077183247
MQAttn-QLSTM-VQR,7,8,0.8776235,0.8790274,0.88487613,0.87401485,0.0046868687495589,0.0014039278,0.005012572,0.0072526336
MQAttn-QLSTM-VQR,7,8,0.87120974,0.8723274,0.8776235,0.87282014,0.0046868687495589,0.0011176467,0.0004927516,0.006413758
MQAttn-QLSTM-VQR,7,8,0.8644435,0.8663685,0.87120974,0.8729449,0.0046868687495589,0.0019249916,0.006576419,0.0067662597
MQAttn-QLSTM-VQR,7,8,0.85697824,0.8599465,0.8644435,0.8575645,0.0046868687495589,0.0029682517,0.0023819804,0.0074652433
MQAttn-QLSTM-VQR,7,8,0.8483071,0.85192543,0.85697824,0.84833086,0.0046868687495589,0.0036183596,0.0035945773,0.0086711645
MQAttn-QLSTM-VQR,7,8,0.84068316,0.84274215,0.8483071,0.82999146,0.0046868687495589,0.0020589828,0.012750685,0.007623911
MQAttn-QLSTM-VQR,7,8,0.8340667,0.8349629,0.84068316,0.82971585,0.0046868687495589,0.00089621544,0.0052470565,0.006616473
MQAttn-QLSTM-VQR,7,8,0.828361,0.82836574,0.8340667,0.8287887,0.0046868687495589,4.7683716e-06,0.00042295456,0.005705714
MQAttn-QLSTM-VQR,7,8,0.8252737,0.82273334,0.828361,0.82702684,0.0046868687495589,0.00254035,0.0042935014,0.0030872822
MQAttn-QLSTM-VQR,7,8,0.8213349,0.8197795,0.8252737,0.8211693,0.0046868687495589,0.0015553832,0.0013898015,0.003938794
MQAttn-QLSTM-VQR,7,8,0.81664103,0.81582785,0.8213349,0.81672496,0.0046868687495589,0.00081318617,0.0008971095,0.004693866
MQAttn-QLSTM-VQR,7,8,0.8120114,0.811222,0.81664103,0.8119489,0.0046868687495589,0.0007894039,0.00072687864,0.004629612
MQAttn-QLSTM-VQR,7,8,0.8092599,0.80642337,0.8120114,0.80631554,0.0046868687495589,0.0028365254,0.0001078248,0.0027515292
MQAttn-QLSTM-VQR,7,8,0.80626184,0.8036989,0.8092599,0.8121565,0.0046868687495589,0.0025629401,0.008457601,0.002998054
MQAttn-QLSTM-VQR,7,8,0.8033534,0.8010827,0.80626184,0.8049148,0.0046868687495589,0.0022707582,0.0038321018,0.0029084086
MQAttn-QLSTM-VQR,7,8,0.80025595,0.7980534,0.8033534,0.7960426,0.0046868687495589,0.0022025704,0.0020107627,0.0030974746
MQAttn-QLSTM-VQR,7,8,0.7969671,0.7950581,0.80025595,0.7964955,0.0046868687495589,0.0019090176,0.0014374256,0.003288865
MQAttn-QLSTM-VQR,7,8,0.7943678,0.79182434,0.7969671,0.79534715,0.0046868687495589,0.0025434494,0.0035228133,0.002599299
MQAttn-QLSTM-VQR,7,8,0.79135853,0.7896417,0.7943678,0.79208946,0.0046868687495589,0.0017168522,0.002447784,0.0030092597
MQAttn-QLSTM-VQR,7,8,0.78809476,0.786664,0.79135853,0.78874314,0.0046868687495589,0.0014307499,0.0020791292,0.0032637715
MQAttn-QLSTM-VQR,7,8,0.78471136,0.783051,0.78809476,0.78373265,0.0046868687495589,0.001660347,0.0006816387,0.003383398
MQAttn-QLSTM-VQR,7,10,0.8834483,0.8838836,0.88941133,0.8826901,0.0046868687495589,0.00043529272,0.0011935234,0.0059630275
MQAttn-QLSTM-VQR,7,10,0.879672,0.87814593,0.8834483,0.87818635,0.0046868687495589,0.0015260577,4.041195e-05,0.0037763119
MQAttn-QLSTM-VQR,7,10,0.8756397,0.8746898,0.879672,0.88232356,0.0046868687495589,0.0009498596,0.0076337457,0.004032314
MQAttn-QLSTM-VQR,7,10,0.87222886,0.87056017,0.8756397,0.86945295,0.0046868687495589,0.0016686916,0.0011072159,0.0034108162
MQAttn-QLSTM-VQR,7,10,0.87009853,0.8679673,0.87222886,0.86518914,0.0046868687495589,0.0021312237,0.0027781725,0.0021303296
MQAttn-QLSTM-VQR,7,10,0.870902,0.8647426,0.87009853,0.8699678,0.0046868687495589,0.006159425,0.005225241,0.0008034706
MQAttn-QLSTM-VQR,7,10,0.8722054,0.8664269,0.870902,0.8755109,0.0046868687495589,0.0057784915,0.009083986,0.0013033748
MQAttn-QLSTM-VQR,7,10,0.8704955,0.86676395,0.8722054,0.8770293,0.0046868687495589,0.0037315488,0.01026535,0.0017098784
MQAttn-QLSTM-VQR,7,10,0.86565596,0.86502755,0.8704955,0.8664172,0.0046868687495589,0.00062841177,0.0013896823,0.0048395395
MQAttn-QLSTM-VQR,7,10,0.85750455,0.86010116,0.86565596,0.8571021,0.0046868687495589,0.0025966167,0.0029990673,0.008151412
MQAttn-QLSTM-VQR,7,10,0.84924203,0.85208875,0.85750455,0.84933686,0.0046868687495589,0.0028467178,0.0027518868,0.008262515
MQAttn-QLSTM-VQR,7,10,0.8444807,0.8438064,0.84924203,0.83461636,0.0046868687495589,0.00067430735,0.009190023,0.0047613382
MQAttn-QLSTM-VQR,7,10,0.84215677,0.8394496,0.8444807,0.8379713,0.0046868687495589,0.0027071834,0.0014782548,0.0023239255
MQAttn-QLSTM-VQR,7,10,0.8422294,0.83695793,0.84215677,0.8445855,0.0046868687495589,0.0052714944,0.007627547,7.265806e-05
MQAttn-QLSTM-VQR,7,10,0.84170055,0.83687997,0.8422294,0.8484766,0.0046868687495589,0.0048205853,0.01159662,0.000528872
MQAttn-QLSTM-VQR,7,10,0.8386134,0.8363938,0.84170055,0.8394557,0.0046868687495589,0.0022196174,0.0030619502,0.003087163
MQAttn-QLSTM-VQR,7,10,0.83429617,0.8334685,0.8386134,0.82897156,0.0046868687495589,0.0008276701,0.004496932,0.004317224
MQAttn-QLSTM-VQR,7,10,0.8303072,0.8292027,0.83429617,0.8312218,0.0046868687495589,0.0011044741,0.0020191073,0.0039889812
MQAttn-QLSTM-VQR,7,10,0.8261167,0.8256047,0.8303072,0.82842606,0.0046868687495589,0.0005120039,0.0028213859,0.0041905046
MQAttn-QLSTM-VQR,7,10,0.81833637,0.8213773,0.8261167,0.82392335,0.0046868687495589,0.0030409098,0.002546072,0.0077803135
MQAttn-QLSTM-VQR,7,10,0.8103395,0.8133634,0.81833637,0.8096079,0.0046868687495589,0.0030238628,0.0037554502,0.007996857
MQAttn-QLSTM-VQR,7,10,0.80190974,0.80546343,0.8103395,0.8001174,0.0046868687495589,0.0035536885,0.00534606,0.008429766
MQAttn-QLSTM-VQR classical twin,7,8,0.89259446,0.8924819,0.9005038,0.90064675,0.0046868687495589,0.00011253357,0.008164823,0.007909358
MQAttn-QLSTM-VQR classical twin,7,8,0.88487613,0.88463485,0.89259446,0.88429236,0.0046868687495589,0.0002412796,0.0003424883,0.0077183247
MQAttn-QLSTM-VQR classical twin,7,8,0.8776235,0.87746245,0.88487613,0.87401485,0.0046868687495589,0.00016105175,0.0034475923,0.0072526336
MQAttn-QLSTM-VQR classical twin,7,8,0.87120974,0.8706605,0.8776235,0.87282014,0.0046868687495589,0.0005492568,0.002159655,0.006413758
MQAttn-QLSTM-VQR classical twin,7,8,0.8644435,0.8647907,0.87120974,0.8729449,0.0046868687495589,0.00034719706,0.008154213,0.0067662597
MQAttn-QLSTM-VQR classical twin,7,8,0.85697824,0.8586036,0.8644435,0.8575645,0.0046868687495589,0.0016253591,0.0010390878,0.0074652433
MQAttn-QLSTM-VQR classical twin,7,8,0.8483071,0.851682,0.85697824,0.84833086,0.0046868687495589,0.0033749342,0.003351152,0.0086711645
MQAttn-QLSTM-VQR classical twin,7,8,0.84068316,0.84307677,0.8483071,0.82999146,0.0046868687495589,0.0023936033,0.013085306,0.007623911
MQAttn-QLSTM-VQR classical twin,7,8,0.8340667,0.8355997,0.84068316,0.82971585,0.0046868687495589,0.0015330315,0.0058838725,0.006616473
MQAttn-QLSTM-VQR classical twin,7,8,0.828361,0.8289912,0.8340667,0.8287887,0.0046868687495589,0.0006301999,0.00020247698,0.005705714
MQAttn-QLSTM-VQR classical twin,7,8,0.8252737,0.8234742,0.828361,0.82702684,0.0046868687495589,0.0017994642,0.0035526156,0.0030872822
MQAttn-QLSTM-VQR classical twin,7,8,0.8213349,0.8204712,0.8252737,0.8211693,0.0046868687495589,0.0008636713,0.0006980896,0.003938794
MQAttn-QLSTM-VQR classical twin,7,8,0.81664103,0.81663996,0.8213349,0.81672496,0.0046868687495589,1.0728836e-06,8.499622e-05,0.004693866
MQAttn-QLSTM-VQR classical twin,7,8,0.8120114,0.8120871,0.81664103,0.8119489,0.0046868687495589,7.56979e-05,0.00013822317,0.004629612
MQAttn-QLSTM-VQR classical twin,7,8,0.8092599,0.8071769,0.8120114,0.80631554,0.0046868687495589,0.0020830035,0.0008613467,0.0027515292
MQAttn-QLSTM-VQR classical twin,7,8,0.80626184,0.80444825,0.8092599,0.8121565,0.0046868687495589,0.0018135905,0.0077082515,0.002998054
MQAttn-QLSTM-VQR classical twin,7,8,0.8033534,0.80160093,0.80626184,0.8049148,0.0046868687495589,0.0017524958,0.0033138394,0.0029084086
MQAttn-QLSTM-VQR classical twin,7,8,0.80025595,0.7984135,0.8033534,0.7960426,0.0046868687495589,0.0018424392,0.002370894,0.0030974746
MQAttn-QLSTM-VQR classical twin,7,8,0.7969671,0.79541683,0.80025595,0.7964955,0.0046868687495589,0.0015502572,0.0010786653,0.003288865
MQAttn-QLSTM-VQR classical twin,7,8,0.7943678,0.79192656,0.7969671,0.79534715,0.0046868687495589,0.0024412274,0.0034205914,0.002599299
MQAttn-QLSTM-VQR classical twin,7,8,0.79135853,0.7893803,0.7943678,0.79208946,0.0046868687495589,0.0019782186,0.0027091503,0.0030092597
MQAttn-QLSTM-VQR classical twin,7,8,0.78809476,0.7864406,0.79135853,0.78874314,0.0046868687495589,0.0016541481,0.0023025274,0.0032637715
MQAttn-QLSTM-VQR classical twin,7,8,0.78471136,0.7830233,0.78809476,0.78373265,0.0046868687495589,0.0016880631,0.0007093549,0.003383398
MQAttn-QLSTM-VQR classical twin,7,10,0.8834483,0.88240385,0.88941133,0.8826901,0.0046868687495589,0.0010444522,0.0002862215,0.0059630275
MQAttn-QLSTM-VQR classical twin,7,10,0.879672,0.87635154,0.8834483,0.87818635,0.0046868687495589,0.0033204556,0.0018348098,0.0037763119
MQAttn-QLSTM-VQR classical twin,7,10,0.8756397,0.8727286,0.879672,0.88232356,0.0046868687495589,0.0029110909,0.009594977,0.004032314
MQAttn-QLSTM-VQR classical twin,7,10,0.87222886,0.8688555,0.8756397,0.86945295,0.0046868687495589,0.0033733845,0.00059747696,0.0034108162
MQAttn-QLSTM-VQR classical twin,7,10,0.87009853,0.86618793,0.87222886,0.86518914,0.0046868687495589,0.003910601,0.000998795,0.0021303296
MQAttn-QLSTM-VQR classical twin,7,10,0.870902,0.8643876,0.87009853,0.8699678,0.0046868687495589,0.00651443,0.0055802464,0.0008034706
MQAttn-QLSTM-VQR classical twin,7,10,0.8722054,0.8660545,0.870902,0.8755109,0.0046868687495589,0.0061509013,0.009456396,0.0013033748
MQAttn-QLSTM-VQR classical twin,7,10,0.8704955,0.867218,0.8722054,0.8770293,0.0046868687495589,0.0032774806,0.009811282,0.0017098784
MQAttn-QLSTM-VQR classical twin,7,10,0.86565596,0.8656879,0.8704955,0.8664172,0.0046868687495589,3.194809e-05,0.00072932243,0.0048395395
MQAttn-QLSTM-VQR classical twin,7,10,0.85750455,0.8609369,0.86565596,0.8571021,0.0046868687495589,0.0034323335,0.003834784,0.008151412
MQAttn-QLSTM-VQR classical twin,7,10,0.84924203,0.8528386,0.85750455,0.84933686,0.0046868687495589,0.0035965443,0.0035017133,0.008262515
MQAttn-QLSTM-VQR classical twin,7,10,0.8444807,0.8448665,0.84924203,0.83461636,0.0046868687495589,0.00038582087,0.010250151,0.0047613382
MQAttn-QLSTM-VQR classical twin,7,10,0.84215677,0.8402558,0.8444807,0.8379713,0.0046868687495589,0.0019009709,0.0022844672,0.0023239255
MQAttn-QLSTM-VQR classical twin,7,10,0.8422294,0.8377076,0.84215677,0.8445855,0.0046868687495589,0.004521847,0.006877899,7.265806e-05
MQAttn-QLSTM-VQR classical twin,7,10,0.84170055,0.8377065,0.8422294,0.8484766,0.0046868687495589,0.0039940476,0.0107700825,0.000528872
MQAttn-QLSTM-VQR classical twin,7,10,0.8386134,0.8371046,0.84170055,0.8394557,0.0046868687495589,0.0015087724,0.0023511052,0.003087163
MQAttn-QLSTM-VQR classical twin,7,10,0.83429617,0.83400345,0.8386134,0.82897156,0.0046868687495589,0.0002927184,0.0050318837,0.004317224
MQAttn-QLSTM-VQR classical twin,7,10,0.8303072,0.8296315,0.83429617,0.8312218,0.0046868687495589,0.00067567825,0.0015903115,0.0039889812
MQAttn-QLSTM-VQR classical twin,7,10,0.8261167,0.8255662,0.8303072,0.82842606,0.0046868687495589,0.0005505085,0.0028598905,0.0041905046
MQAttn-QLSTM-VQR classical twin,7,10,0.81833637,0.8213927,0.8261167,0.82392335,0.0046868687495589,0.0030563474,0.0025306344,0.0077803135
MQAttn-QLSTM-VQR classical twin,7,10,0.8103395,0.81346554,0.81833637,0.8096079,0.0046868687495589,0.0031260252,0.0038576126,0.007996857
MQAttn-QLSTM-VQR classical twin,7,10,0.80190974,0.80561393,0.8103395,0.8001174,0.0046868687495589,0.0037041903,0.0054965615,0.008429766
QLSTM,7,8,0.89259446,0.891854,0.9005038,0.90064675,0.0046868687495589,0.0007404685,0.008792758,0.007909358
QLSTM,7,8,0.88487613,0.88351977,0.89259446,0.88429236,0.0046868687495589,0.0013563633,0.0007725954,0.0077183247
QLSTM,7,8,0.8776235,0.87685513,0.88487613,0.87401485,0.0046868687495589,0.0007683635,0.0028402805,0.0072526336
QLSTM,7,8,0.87120974,0.8693254,0.8776235,0.87282014,0.0046868687495589,0.0018843412,0.0034947395,0.006413758
QLSTM,7,8,0.8644435,0.863489,0.87120974,0.8729449,0.0046868687495589,0.0009545088,0.009455919,0.0067662597
QLSTM,7,8,0.85697824,0.8604885,0.8644435,0.8575645,0.0046868687495589,0.0035102367,0.0029239655,0.0074652433
QLSTM,7,8,0.8483071,0.8522814,0.85697824,0.84833086,0.0046868687495589,0.0039743185,0.0039505363,0.0086711645
QLSTM,7,8,0.84068316,0.843968,0.8483071,0.82999146,0.0046868687495589,0.003284812,0.013976514,0.007623911
QLSTM,7,8,0.8340667,0.83555645,0.84068316,0.82971585,0.0046868687495589,0.0014897585,0.0058405995,0.006616473
QLSTM,7,8,0.828361,0.82858086,0.8340667,0.8287887,0.0046868687495589,0.00021988153,0.0002078414,0.005705714
QLSTM,7,8,0.8252737,0.8219317,0.828361,0.82702684,0.0046868687495589,0.0033419728,0.0050951242,0.0030872822
QLSTM,7,8,0.8213349,0.81876034,0.8252737,0.8211693,0.0046868687495589,0.002574563,0.0024089813,0.003938794
QLSTM,7,8,0.81664103,0.81479746,0.8213349,0.81672496,0.0046868687495589,0.0018435717,0.001927495,0.004693866
QLSTM,7,8,0.8120114,0.8110453,0.81664103,0.8119489,0.0046868687495589,0.0009661317,0.0009036064,0.004629612
QLSTM,7,8,0.8092599,0.8070593,0.8120114,0.80631554,0.0046868687495589,0.0022006035,0.00074374676,0.0027515292
QLSTM,7,8,0.80626184,0.8045184,0.8092599,0.8121565,0.0046868687495589,0.0017434359,0.007638097,0.002998054
QLSTM,7,8,0.8033534,0.8009639,0.80626184,0.8049148,0.0046868687495589,0.0023895502,0.003950894,0.0029084086
QLSTM,7,8,0.80025595,0.7988222,0.8033534,0.7960426,0.0046868687495589,0.0014337301,0.002779603,0.0030974746
QLSTM,7,8,0.7969671,0.7941759,0.80025595,0.7964955,0.0046868687495589,0.0027911663,0.0023195744,0.003288865
QLSTM,7,8,0.7943678,0.7914775,0.7969671,0.79534715,0.0046868687495589,0.0028902888,0.0038696527,0.002599299
QLSTM,7,8,0.79135853,0.7883,0.7943678,0.79208946,0.0046868687495589,0.0030585527,0.0037894845,0.0030092597
QLSTM,7,8,0.78809476,0.7843917,0.79135853,0.78874314,0.0046868687495589,0.0037030578,0.004351437,0.0032637715
QLSTM,7,8,0.78471136,0.7808743,0.78809476,0.78373265,0.0046868687495589,0.003837049,0.0028583407,0.003383398
QLSTM,7,10,0.8834483,0.8824221,0.88941133,0.8826901,0.0046868687495589,0.0010262132,0.00026798248,0.0059630275
QLSTM,7,10,0.879672,0.8765353,0.8834483,0.87818635,0.0046868687495589,0.0031366944,0.0016510487,0.0037763119
QLSTM,7,10,0.8756397,0.87357306,0.879672,0.88232356,0.0046868687495589,0.0020666122,0.008750498,0.004032314
QLSTM,7,10,0.87222886,0.8696833,0.8756397,0.86945295,0.0046868687495589,0.0025455356,0.00023037195,0.0034108162
QLSTM,7,10,0.87009853,0.86844814,0.87222886,0.86518914,0.0046868687495589,0.001650393,0.0032590032,0.0021303296
QLSTM,7,10,0.870902,0.866885,0.87009853,0.8699678,0.0046868687495589,0.0040169954,0.0030828118,0.0008034706
QLSTM,7,10,0.8722054,0.8657182,0.870902,0.8755109,0.0046868687495589,0.0064871907,0.0097926855,0.0013033748
QLSTM,7,10,0.8704955,0.866436,0.8722054,0.8770293,0.0046868687495589,0.0040594935,0.010593295,0.0017098784
QLSTM,7,10,0.86565596,0.8643766,0.8704955,0.8664172,0.0046868687495589,0.0012793541,0.0020406246,0.0048395395
QLSTM,7,10,0.85750455,0.8590186,0.86565596,0.8571021,0.0046868687495589,0.0015140772,0.0019165277,0.008151412
QLSTM,7,10,0.84924203,0.85097337,0.85750455,0.84933686,0.0046868687495589,0.0017313361,0.0016365051,0.008262515
QLSTM,7,10,0.8444807,0.84338003,0.84924203,0.83461636,0.0046868687495589,0.0011006594,0.008763671,0.0047613382
QLSTM,7,10,0.84215677,0.8400064,0.8444807,0.8379713,0.0046868687495589,0.0021503568,0.0020350814,0.0023239255
QLSTM,7,10,0.8422294,0.8379543,0.84215677,0.8445855,0.0046868687495589,0.004275143,0.0066311955,7.265806e-05
QLSTM,7,10,0.84170055,0.83793837,0.8422294,0.8484766,0.0046868687495589,0.0037621856,0.01053822,0.000528872
QLSTM,7,10,0.8386134,0.8370592,0.84170055,0.8394557,0.0046868687495589,0.0015541911,0.002396524,0.003087163
QLSTM,7,10,0.83429617,0.83350706,0.8386134,0.82897156,0.0046868687495589,0.0007891059,0.0045354962,0.004317224
QLSTM,7,10,0.8303072,0.8286396,0.83429617,0.8312218,0.0046868687495589,0.0016675591,0.0025821924,0.0039889812
QLSTM,7,10,0.8261167,0.82479763,0.8303072,0.82842606,0.0046868687495589,0.0013190508,0.0036284328,0.0041905046
QLSTM,7,10,0.81833637,0.8201009,0.8261167,0.82392335,0.0046868687495589,0.0017645359,0.0038224459,0.0077803135
QLSTM,7,10,0.8103395,0.812622,0.81833637,0.8096079,0.0046868687495589,0.0022825003,0.0030140877,0.007996857
QLSTM,7,10,0.80190974,0.80405134,0.8103395,0.8001174,0.0046868687495589,0.002141595,0.003933966,0.008429766
LSTM,7,8,0.89259446,0.8918226,0.9005038,0.90064675,0.0046868687495589,0.00077188015,0.00882417,0.007909358
LSTM,7,8,0.88487613,0.8864701,0.89259446,0.88429236,0.0046868687495589,0.0015939474,0.0021777153,0.0077183247
LSTM,7,8,0.8776235,0.8816171,0.88487613,0.87401485,0.0046868687495589,0.0039936304,0.0076022744,0.0072526336
LSTM,7,8,0.87120974,0.8756794,0.8776235,0.87282014,0.0046868687495589,0.004469633,0.0028592348,0.006413758
LSTM,7,8,0.8644435,0.8692927,0.87120974,0.8729449,0.0046868687495589,0.0048491955,0.003652215,0.0067662597
LSTM,7,8,0.85697824,0.86550534,0.8644435,0.8575645,0.0046868687495589,0.0085271,0.007940829,0.0074652433
LSTM,7,8,0.8483071,0.8589164,0.85697824,0.84833086,0.0046868687495589,0.010609329,0.0105855465,0.0086711645
LSTM,7,8,0.84068316,0.8470473,0.8483071,0.82999146,0.0046868687495589,0.0063641667,0.01705587,0.007623911
LSTM,7,8,0.8340667,0.8373105,0.84068316,0.82971585,0.0046868687495589,0.003243804,0.007594645,0.006616473
LSTM,7,8,0.828361,0.82913524,0.8340667,0.8287887,0.0046868687495589,0.00077426434,0.0003465414,0.005705714
LSTM,7,8,0.8252737,0.82395196,0.828361,0.82702684,0.0046868687495589,0.001321733,0.0030748844,0.0030872822
LSTM,7,8,0.8213349,0.8223293,0.8252737,0.8211693,0.0046868687495589,0.0009943843,0.001159966,0.003938794
LSTM,7,8,0.81664103,0.8177333,0.8213349,0.81672496,0.0046868687495589,0.0010922551,0.0010083318,0.004693866
LSTM,7,8,0.8120114,0.81392276,0.81664103,0.8119489,0.0046868687495589,0.0019113421,0.0019738674,0.004629612
LSTM,7,8,0.8092599,0.8080662,0.8120114,0.80631554,0.0046868687495589,0.0011937022,0.001750648,0.0027515292
LSTM,7,8,0.80626184,0.805679,0.8092599,0.8121565,0.0046868687495589,0.0005828142,0.006477475,0.002998054
LSTM,7,8,0.8033534,0.80558795,0.80626184,0.8049148,0.0046868687495589,0.0022345185,0.00067317486,0.0029084086
LSTM,7,8,0.80025595,0.8020236,0.8033534,0.7960426,0.0046868687495589,0.0017676353,0.0059809685,0.0030974746
LSTM,7,8,0.7969671,0.8004641,0.80025595,0.7964955,0.0046868687495589,0.0034970045,0.0039685965,0.003288865
LSTM,7,8,0.7943678,0.7957637,0.7969671,0.79534715,0.0046868687495589,0.0013958812,0.00041651726,0.002599299
LSTM,7,8,0.79135853,0.7934731,0.7943678,0.79208946,0.0046868687495589,0.002114594,0.0013836622,0.0030092597
LSTM,7,8,0.78809476,0.793877,0.79135853,0.78874314,0.0046868687495589,0.0057822466,0.0051338673,0.0032637715
LSTM,7,8,0.78471136,0.78459203,0.78809476,0.78373265,0.0046868687495589,0.0001193285,0.00085937977,0.003383398
LSTM,7,10,0.8834483,0.8858632,0.88941133,0.8826901,0.0046868687495589,0.0024148822,0.0031731129,0.0059630275
LSTM,7,10,0.879672,0.88076633,0.8834483,0.87818635,0.0046868687495589,0.0010943413,0.002579987,0.0037763119
LSTM,7,10,0.8756397,0.87898654,0.879672,0.88232356,0.0046868687495589,0.0033468604,0.0033370256,0.004032314
LSTM,7,10,0.87222886,0.8726542,0.8756397,0.86945295,0.0046868687495589,0.00042533875,0.0032012463,0.0034108162
LSTM,7,10,0.87009853,0.8682592,0.87222886,0.86518914,0.0046868687495589,0.0018393397,0.0030700564,0.0021303296
LSTM,7,10,0.870902,0.86553943,0.87009853,0.8699678,0.0046868687495589,0.0053625703,0.0044283867,0.0008034706
LSTM,7,10,0.8722054,0.8646655,0.870902,0.8755109,0.0046868687495589,0.0075398684,0.010845363,0.0013033748
LSTM,7,10,0.8704955,0.86851364,0.8722054,0.8770293,0.0046868687495589,0.0019818544,0.008515656,0.0017098784
LSTM,7,10,0.86565596,0.86650723,0.8704955,0.8664172,0.0046868687495589,0.00085127354,9.000301e-05,0.0048395395
LSTM,7,10,0.85750455,0.8615333,0.86565596,0.8571021,0.0046868687495589,0.0040287375,0.004431188,0.008151412
LSTM,7,10,0.84924203,0.8536672,0.85750455,0.84933686,0.0046868687495589,0.004425168,0.004330337,0.008262515
LSTM,7,10,0.8444807,0.8458574,0.84924203,0.83461636,0.0046868687495589,0.0013766885,0.011241019,0.0047613382
LSTM,7,10,0.84215677,0.8417568,0.8444807,0.8379713,0.0046868687495589,0.00039994717,0.003785491,0.0023239255
LSTM,7,10,0.8422294,0.8392772,0.84215677,0.8445855,0.0046868687495589,0.002952218,0.0053082705,7.265806e-05
LSTM,7,10,0.84170055,0.83906955,0.8422294,0.8484766,0.0046868687495589,0.0026310086,0.009407043,0.000528872
LSTM,7,10,0.8386134,0.8384239,0.84170055,0.8394557,0.0046868687495589,0.00018948317,0.001031816,0.003087163
LSTM,7,10,0.83429617,0.8349822,0.8386134,0.82897156,0.0046868687495589,0.00068604946,0.0060106516,0.004317224
LSTM,7,10,0.8303072,0.83032805,0.83429617,0.8312218,0.0046868687495589,2.0861626e-05,0.00089377165,0.0039889812
LSTM,7,10,0.8261167,0.82713526,0.8303072,0.82842606,0.0046868687495589,0.0010185838,0.0012907982,0.0041905046
LSTM,7,10,0.81833637,0.82306284,0.8261167,0.82392335,0.0046868687495589,0.0047264695,0.00086051226,0.0077803135
LSTM,7,10,0.8103395,0.8151619,0.81833637,0.8096079,0.0046868687495589,0.0048223734,0.005553961,0.007996857
LSTM,7,10,0.80190974,0.8069908,0.8103395,0.8001174,0.0046868687495589,0.0050810575,0.006873429,0.008429766
GRU,7,8,0.89259446,0.8909848,0.9005038,0.90064675,0.0046868687495589,0.001609683,0.0096619725,0.007909358
GRU,7,8,0.88487613,0.88301736,0.89259446,0.88429236,0.0046868687495589,0.0018587708,0.001275003,0.0077183247
GRU,7,8,0.8776235,0.8741137,0.88487613,0.87401485,0.0046868687495589,0.0035098195,9.88245e-05,0.0072526336
GRU,7,8,0.87120974,0.86905676,0.8776235,0.87282014,0.0046868687495589,0.0021529794,0.0037633777,0.006413758
GRU,7,8,0.8644435,0.86499375,0.87120974,0.8729449,0.0046868687495589,0.0005502701,0.00795114,0.0067662597
GRU,7,8,0.85697824,0.8657403,0.8644435,0.8575645,0.0046868687495589,0.008762062,0.00817579,0.0074652433
GRU,7,8,0.8483071,0.8556248,0.85697824,0.84833086,0.0046868687495589,0.007317722,0.0072939396,0.0086711645
GRU,7,8,0.84068316,0.84240943,0.8483071,0.82999146,0.0046868687495589,0.0017262697,0.012417972,0.007623911
GRU,7,8,0.8340667,0.8351881,0.84068316,0.82971585,0.0046868687495589,0.0011214018,0.005472243,0.006616473
GRU,7,8,0.828361,0.8252927,0.8340667,0.8287887,0.0046868687495589,0.0030682683,0.0034959912,0.005705714
GRU,7,8,0.8252737,0.8205449,0.828361,0.82702684,0.0046868687495589,0.004728794,0.0064819455,0.0030872822
GRU,7,8,0.8213349,0.8199416,0.8252737,0.8211693,0.0046868687495589,0.0013933182,0.0012277365,0.003938794
GRU,7,8,0.81664103,0.8163309,0.8213349,0.81672496,0.0046868687495589,0.00031012297,0.0003940463,0.004693866
GRU,7,8,0.8120114,0.8133424,0.81664103,0.8119489,0.0046868687495589,0.0013309717,0.001393497,0.004629612
GRU,7,8,0.8092599,0.80743617,0.8120114,0.80631554,0.0046868687495589,0.0018237233,0.0011206269,0.0027515292
GRU,7,8,0.80626184,0.8044874,0.8092599,0.8121565,0.0046868687495589,0.0017744303,0.007669091,0.002998054
GRU,7,8,0.8033534,0.8052322,0.80626184,0.8049148,0.0046868687495589,0.001878798,0.00031745434,0.0029084086
GRU,7,8,0.80025595,0.80109596,0.8033534,0.7960426,0.0046868687495589,0.00084000826,0.0050533414,0.0030974746
GRU,7,8,0.7969671,0.79925966,0.80025595,0.7964955,0.0046868687495589,0.0022925735,0.0027641654,0.003288865
GRU,7,8,0.7943678,0.79501456,0.7969671,0.79534715,0.0046868687495589,0.00064677,0.00033259392,0.002599299
GRU,7,8,0.79135853,0.7914208,0.7943678,0.79208946,0.0046868687495589,6.2286854e-05,0.0006686449,0.0030092597
GRU,7,8,0.78809476,0.79156667,0.79135853,0.78874314,0.0046868687495589,0.003471911,0.0028235316,0.0032637715
GRU,7,8,0.78471136,0.78575295,0.78809476,0.78373265,0.0046868687495589,0.0010415912,0.0020202994,0.003383398
GRU,7,10,0.8834483,0.882132,0.88941133,0.8826901,0.0046868687495589,0.001316309,0.0005580783,0.0059630275
GRU,7,10,0.879672,0.87797743,0.8834483,0.87818635,0.0046868687495589,0.00169456,0.00020891428,0.0037763119
GRU,7,10,0.8756397,0.8741224,0.879672,0.88232356,0.0046868687495589,0.0015172958,0.008201182,0.004032314
GRU,7,10,0.87222886,0.8712728,0.8756397,0.86945295,0.0046868687495589,0.0009560585,0.001819849,0.0034108162
GRU,7,10,0.87009853,0.86889786,0.87222886,0.86518914,0.0046868687495589,0.001200676,0.0037087202,0.0021303296
GRU,7,10,0.870902,0.8590447,0.87009853,0.8699678,0.0046868687495589,0.011857331,0.010923147,0.0008034706
GRU,7,10,0.8722054,0.87648773,0.870902,0.8755109,0.0046868687495589,0.0042823553,0.0009768605,0.0013033748
GRU,7,10,0.8704955,0.87079424,0.8722054,0.8770293,0.0046868687495589,0.00029873848,0.006235063,0.0017098784
GRU,7,10,0.86565596,0.86858803,0.8704955,0.8664172,0.0046868687495589,0.0029320717,0.0021708012,0.0048395395
GRU,7,10,0.85750455,0.86131066,0.86565596,0.8571021,0.0046868687495589,0.0038061142,0.0042085648,0.008151412
GRU,7,10,0.84924203,0.8508176,0.85750455,0.84933686,0.0046868687495589,0.0015755892,0.0014807582,0.008262515
GRU,7,10,0.8444807,0.8438211,0.84924203,0.83461636,0.0046868687495589,0.000659585,0.009204745,0.0047613382
GRU,7,10,0.84215677,0.8403925,0.8444807,0.8379713,0.0046868687495589,0.0017642975,0.0024211407,0.0023239255
GRU,7,10,0.8422294,0.8377337,0.84215677,0.8445855,0.0046868687495589,0.00449574,0.0068517923,7.265806e-05
GRU,7,10,0.84170055,0.83557457,0.8422294,0.8484766,0.0046868687495589,0.0061259866,0.012902021,0.000528872
GRU,7,10,0.8386134,0.83392125,0.84170055,0.8394557,0.0046868687495589,0.0046921372,0.00553447,0.003087163
GRU,7,10,0.83429617,0.83409506,0.8386134,0.82897156,0.0046868687495589,0.00020110607,0.005123496,0.004317224
GRU,7,10,0.8303072,0.8303571,0.83429617,0.8312218,0.0046868687495589,4.9889088e-05,0.0008647442,0.0039889812
GRU,7,10,0.8261167,0.8265102,0.8303072,0.82842606,0.0046868687495589,0.00039350986,0.0019158721,0.0041905046
GRU,7,10,0.81833637,0.8221418,0.8261167,0.82392335,0.0046868687495589,0.0038054585,0.0017815232,0.0077803135
GRU,7,10,0.8103395,0.8135336,0.81833637,0.8096079,0.0046868687495589,0.0031940937,0.003925681,0.007996857
GRU,7,10,0.80190974,0.8059866,0.8103395,0.8001174,0.0046868687495589,0.0040768385,0.0058692098,0.008429766
MLP,7,8,0.89259446,0.8929989,0.9005038,0.90064675,0.0046868687495589,0.00040441751,0.007647872,0.007909358
MLP,7,8,0.88487613,0.8847842,0.89259446,0.88429236,0.0046868687495589,9.191036e-05,0.0004918575,0.0077183247
MLP,7,8,0.8776235,0.8764768,0.88487613,0.87401485,0.0046868687495589,0.0011466742,0.0024619699,0.0072526336
MLP,7,8,0.87120974,0.8705151,0.8776235,0.87282014,0.0046868687495589,0.00069463253,0.0023050308,0.006413758
MLP,7,8,0.8644435,0.8706505,0.87120974,0.8729449,0.0046868687495589,0.0062069893,0.0022944212,0.0067662597
MLP,7,8,0.85697824,0.8608911,0.8644435,0.8575645,0.0046868687495589,0.003912866,0.0033265948,0.0074652433
MLP,7,8,0.8483071,0.8456735,0.85697824,0.84833086,0.0046868687495589,0.0026335716,0.0026573539,0.0086711645
MLP,7,8,0.84068316,0.84069276,0.8483071,0.82999146,0.0046868687495589,9.596348e-06,0.010701299,0.007623911
MLP,7,8,0.8340667,0.83751553,0.84068316,0.82971585,0.0046868687495589,0.003448844,0.007799685,0.006616473
MLP,7,8,0.828361,0.8333916,0.8340667,0.8287887,0.0046868687495589,0.005030632,0.004602909,0.005705714
MLP,7,8,0.8252737,0.8217363,0.828361,0.82702684,0.0046868687495589,0.0035374165,0.005290568,0.0030872822
MLP,7,8,0.8213349,0.81716746,0.8252737,0.8211693,0.0046868687495589,0.0041674376,0.004001856,0.003938794
MLP,7,8,0.81664103,0.8137177,0.8213349,0.81672496,0.0046868687495589,0.0029233098,0.0030072331,0.004693866
MLP,7,8,0.8120114,0.8105886,0.81664103,0.8119489,0.0046868687495589,0.0014228225,0.0013602972,0.004629612
MLP,7,8,0.8092599,0.8009488,0.8120114,0.80631554,0.0046868687495589,0.008311093,0.0053667426,0.0027515292
MLP,7,8,0.80626184,0.8036646,0.8092599,0.8121565,0.0046868687495589,0.0025972128,0.008491874,0.002998054
MLP,7,8,0.8033534,0.7974483,0.80626184,0.8049148,0.0046868687495589,0.0059051514,0.007466495,0.0029084086
MLP,7,8,0.80025595,0.7950215,0.8033534,0.7960426,0.0046868687495589,0.00523448,0.0010211468,0.0030974746
MLP,7,8,0.7969671,0.7924331,0.80025595,0.7964955,0.0046868687495589,0.004534006,0.004062414,0.003288865
MLP,7,8,0.7943678,0.79070914,0.7969671,0.79534715,0.0046868687495589,0.0036586523,0.004638016,0.002599299
MLP,7,8,0.79135853,0.7984139,0.7943678,0.79208946,0.0046868687495589,0.007055342,0.0063244104,0.0030092597
MLP,7,8,0.78809476,0.79002136,0.79135853,0.78874314,0.0046868687495589,0.0019266009,0.0012782216,0.0032637715
MLP,7,8,0.78471136,0.78389686,0.78809476,0.78373265,0.0046868687495589,0.00081449747,0.0001642108,0.003383398
MLP,7,10,0.8834483,0.88612676,0.88941133,0.8826901,0.0046868687495589,0.002678454,0.0034366846,0.0059630275
MLP,7,10,0.879672,0.8789207,0.8834483,0.87818635,0.0046868687495589,0.00075131655,0.0007343292,0.0037763119
MLP,7,10,0.8756397,0.87656933,0.879672,0.88232356,0.0046868687495589,0.00092965364,0.0057542324,0.004032314
MLP,7,10,0.87222886,0.8679246,0.8756397,0.86945295,0.0046868687495589,0.00430429,0.0015283823,0.0034108162
MLP,7,10,0.87009853,0.8790952,0.87222886,0.86518914,0.0046868687495589,0.0089966655,0.013906062,0.0021303296
MLP,7,10,0.870902,0.8637928,0.87009853,0.8699678,0.0046868687495589,0.007109225,0.006175041,0.0008034706
MLP,7,10,0.8722054,0.86390674,0.870902,0.8755109,0.0046868687495589,0.0082986355,0.01160413,0.0013033748
MLP,7,10,0.8704955,0.8753105,0.8722054,0.8770293,0.0046868687495589,0.0048149824,0.0017188191,0.0017098784
MLP,7,10,0.86565596,0.85865694,0.8704955,0.8664172,0.0046868687495589,0.006999016,0.0077602863,0.0048395395
MLP,7,10,0.85750455,0.86590767,0.86565596,0.8571021,0.0046868687495589,0.008403122,0.008805573,0.008151412
MLP,7,10,0.84924203,0.8602542,0.85750455,0.84933686,0.0046868687495589,0.011012197,0.010917366,0.008262515
MLP,7,10,0.8444807,0.844095,0.84924203,0.83461636,0.0046868687495589,0.00038570166,0.009478629,0.0047613382
MLP,7,10,0.84215677,0.84359586,0.8444807,0.8379713,0.0046868687495589,0.0014390945,0.0056245327,0.0023239255
MLP,7,10,0.8422294,0.8331793,0.84215677,0.8445855,0.0046868687495589,0.009050131,0.011406183,7.265806e-05
MLP,7,10,0.84170055,0.83871466,0.8422294,0.8484766,0.0046868687495589,0.0029858947,0.0097619295,0.000528872
MLP,7,10,0.8386134,0.8375466,0.84170055,0.8394557,0.0046868687495589,0.0010668039,0.0019091368,0.003087163
MLP,7,10,0.83429617,0.8322942,0.8386134,0.82897156,0.0046868687495589,0.0020019412,0.003322661,0.004317224
MLP,7,10,0.8303072,0.8312514,0.83429617,0.8312218,0.0046868687495589,0.0009441972,2.9563904e-05,0.0039889812
MLP,7,10,0.8261167,0.8273763,0.8303072,0.82842606,0.0046868687495589,0.001259625,0.001049757,0.0041905046
MLP,7,10,0.81833637,0.820245,0.8261167,0.82392335,0.0046868687495589,0.0019086599,0.0036783218,0.0077803135
MLP,7,10,0.8103395,0.81850874,0.81833637,0.8096079,0.0046868687495589,0.008169234,0.008900821,0.007996857
MLP,7,10,0.80190974,0.8114699,0.8103395,0.8001174,0.0046868687495589,0.009560168,0.011352539,0.008429766
Seq2Seq,7,8,0.89259446,0.89369494,0.9005038,0.90064675,0.0046868687495589,0.0011004806,0.006951809,0.007909358
Seq2Seq,7,8,0.88487613,0.8854035,0.89259446,0.88429236,0.0046868687495589,0.0005273819,0.0011111498,0.0077183247
Seq2Seq,7,8,0.8776235,0.8779374,0.88487613,0.87401485,0.0046868687495589,0.00031387806,0.003922522,0.0072526336
Seq2Seq,7,8,0.87120974,0.8717907,0.8776235,0.87282014,0.0046868687495589,0.0005809665,0.0010294318,0.006413758
Seq2Seq,7,8,0.8644435,0.86471343,0.87120974,0.8729449,0.0046868687495589,0.00026994944,0.008231461,0.0067662597
Seq2Seq,7,8,0.85697824,0.85951924,0.8644435,0.8575645,0.0046868687495589,0.0025410056,0.0019547343,0.0074652433
Seq2Seq,7,8,0.8483071,0.8516354,0.85697824,0.84833086,0.0046868687495589,0.0033283234,0.003304541,0.0086711645
Seq2Seq,7,8,0.84068316,0.8432187,0.8483071,0.82999146,0.0046868687495589,0.002535522,0.013227224,0.007623911
Seq2Seq,7,8,0.8340667,0.833229,0.84068316,0.82971585,0.0046868687495589,0.0008376837,0.0035131574,0.006616473
Seq2Seq,7,8,0.828361,0.82619363,0.8340667,0.8287887,0.0046868687495589,0.002167344,0.002595067,0.005705714
Seq2Seq,7,8,0.8252737,0.81852186,0.828361,0.82702684,0.0046868687495589,0.0067518353,0.008504987,0.0030872822
Seq2Seq,7,8,0.8213349,0.81626904,0.8252737,0.8211693,0.0046868687495589,0.0050658584,0.0049002767,0.003938794
Seq2Seq,7,8,0.81664103,0.8138975,0.8213349,0.81672496,0.0046868687495589,0.0027435422,0.0028274655,0.004693866
Seq2Seq,7,8,0.8120114,0.81020963,0.81664103,0.8119489,0.0046868687495589,0.0018017888,0.0017392635,0.004629612
Seq2Seq,7,8,0.8092599,0.80639195,0.8120114,0.80631554,0.0046868687495589,0.002867937,7.6413155e-05,0.0027515292
Seq2Seq,7,8,0.80626184,0.8034571,0.8092599,0.8121565,0.0046868687495589,0.0028047562,0.008699417,0.002998054
Seq2Seq,7,8,0.8033534,0.79840297,0.80626184,0.8049148,0.0046868687495589,0.004950464,0.0065118074,0.0029084086
Seq2Seq,7,8,0.80025595,0.7948404,0.8033534,0.7960426,0.0046868687495589,0.005415559,0.0012022257,0.0030974746
Seq2Seq,7,8,0.7969671,0.7917967,0.80025595,0.7964955,0.0046868687495589,0.005170405,0.004698813,0.003288865
Seq2Seq,7,8,0.7943678,0.78814775,0.7969671,0.79534715,0.0046868687495589,0.0062200427,0.0071994066,0.002599299
Seq2Seq,7,8,0.79135853,0.78649837,0.7943678,0.79208946,0.0046868687495589,0.0048601627,0.0055910945,0.0030092597
Seq2Seq,7,8,0.78809476,0.78286284,0.79135853,0.78874314,0.0046868687495589,0.005231917,0.005880296,0.0032637715
Seq2Seq,7,8,0.78471136,0.78170544,0.78809476,0.78373265,0.0046868687495589,0.0030059218,0.0020272136,0.003383398
Seq2Seq,7,10,0.8834483,0.8826594,0.88941133,0.8826901,0.0046868687495589,0.0007889271,3.0696392e-05,0.0059630275
Seq2Seq,7,10,0.879672,0.8757137,0.8834483,0.87818635,0.0046868687495589,0.003958285,0.002472639,0.0037763119
Seq2Seq,7,10,0.8756397,0.87111956,0.879672,0.88232356,0.0046868687495589,0.0045201182,0.011204004,0.004032314
Seq2Seq,7,10,0.87222886,0.870017,0.8756397,0.86945295,0.0046868687495589,0.0022118688,0.00056403875,0.0034108162
Seq2Seq,7,10,0.87009853,0.86761004,0.87222886,0.86518914,0.0046868687495589,0.002488494,0.0024209023,0.0021303296
Seq2Seq,7,10,0.870902,0.865379,0.87009853,0.8699678,0.0046868687495589,0.005523026,0.0045888424,0.0008034706
Seq2Seq,7,10,0.8722054,0.8640001,0.870902,0.8755109,0.0046868687495589,0.008205295,0.011510789,0.0013033748
Seq2Seq,7,10,0.8704955,0.8653148,0.8722054,0.8770293,0.0046868687495589,0.0051807165,0.011714518,0.0017098784
Seq2Seq,7,10,0.86565596,0.8632138,0.8704955,0.8664172,0.0046868687495589,0.002442181,0.0032034516,0.0048395395
Seq2Seq,7,10,0.85750455,0.85773593,0.86565596,0.8571021,0.0046868687495589,0.00023138523,0.0006338358,0.008151412
Seq2Seq,7,10,0.84924203,0.84911907,0.85750455,0.84933686,0.0046868687495589,0.00012296438,0.00021779537,0.008262515
Seq2Seq,7,10,0.8444807,0.84341484,0.84924203,0.83461636,0.0046868687495589,0.0010658503,0.00879848,0.0047613382
Seq2Seq,7,10,0.84215677,0.83871883,0.8444807,0.8379713,0.0046868687495589,0.0034379363,0.00074750185,0.0023239255
Seq2Seq,7,10,0.8422294,0.83684057,0.84215677,0.8445855,0.0046868687495589,0.005388856,0.0077449083,7.265806e-05
Seq2Seq,7,10,0.84170055,0.8363096,0.8422294,0.8484766,0.0046868687495589,0.005390942,0.012166977,0.000528872
Seq2Seq,7,10,0.8386134,0.83556753,0.84170055,0.8394557,0.0046868687495589,0.003045857,0.0038881898,0.003087163
Seq2Seq,7,10,0.83429617,0.8306936,0.8386134,0.82897156,0.0046868687495589,0.0036025643,0.0017220378,0.004317224
Seq2Seq,7,10,0.8303072,0.82640785,0.83429617,0.8312218,0.0046868687495589,0.0038993359,0.004813969,0.0039889812
Seq2Seq,7,10,0.8261167,0.82162744,0.8303072,0.82842606,0.0046868687495589,0.004489243,0.006798625,0.0041905046
Seq2Seq,7,10,0.81833637,0.8178608,0.8261167,0.82392335,0.0046868687495589,0.00047558546,0.0060625672,0.0077803135
Seq2Seq,7,10,0.8103395,0.81048006,0.81833637,0.8096079,0.0046868687495589,0.00014054775,0.00087213516,0.007996857
Seq2Seq,7,10,0.80190974,0.80365247,0.8103395,0.8001174,0.0046868687495589,0.0017427206,0.0035350919,0.008429766
Persistence,8,12,0.8964291,0.90455073,0.90455073,0.89965,0.0047839418984949,0.00812161,0.0049007535,0.00812161
Persistence,8,12,0.8887475,0.8964291,0.8964291,0.8855096,0.0047839418984949,0.007681608,0.010919511,0.007681608
Persistence,8,12,0.8831397,0.8887475,0.8887475,0.8753226,0.0047839418984949,0.005607784,0.013424933,0.005607784
Persistence,8,12,0.8796727,0.8831397,0.8831397,0.87928826,0.0047839418984949,0.0034670234,0.0038514733,0.0034670234
Persistence,8,12,0.8787363,0.8796727,0.8796727,0.8807088,0.0047839418984949,0.00093638897,0.0010361075,0.00093638897
Persistence,8,12,0.878836,0.8787363,0.8787363,0.87602335,0.0047839418984949,9.9658966e-05,0.002712965,9.9658966e-05
Persistence,8,12,0.8773491,0.878836,0.878836,0.8793386,0.0047839418984949,0.0014868975,0.00050264597,0.0014868975
Persistence,8,12,0.8739911,0.8773491,0.8773491,0.88145787,0.0047839418984949,0.0033580065,0.0041087866,0.0033580065
Persistence,8,12,0.86876774,0.8739911,0.8739911,0.86845046,0.0047839418984949,0.005223334,0.0055406094,0.005223334
Persistence,8,12,0.86059284,0.86876774,0.86876774,0.8620723,0.0047839418984949,0.008174896,0.0066954494,0.008174896
Persistence,8,12,0.8533579,0.86059284,0.86059284,0.8507111,0.0047839418984949,0.007234931,0.009881735,0.007234931
Persistence,8,12,0.8461665,0.8533579,0.8533579,0.83155227,0.0047839418984949,0.0071914196,0.021805644,0.0071914196
Persistence,8,12,0.8392012,0.8461665,0.8461665,0.84379613,0.0047839418984949,0.0069652796,0.0023703575,0.0069652796
Persistence,8,12,0.83323747,0.8392012,0.8392012,0.8285985,0.0047839418984949,0.0059637427,0.010602713,0.0059637427
Persistence,8,12,0.8266252,0.83323747,0.83323747,0.8286263,0.0047839418984949,0.0066122413,0.004611194,0.0066122413
Persistence,8,12,0.8218047,0.8266252,0.8266252,0.8200065,0.0047839418984949,0.0048205256,0.006618738,0.0048205256
Persistence,8,12,0.81704247,0.8218047,0.8218047,0.8169389,0.0047839418984949,0.0047622323,0.004865825,0.0047622323
Persistence,8,12,0.81158686,0.81704247,0.81704247,0.81543,0.0047839418984949,0.005455613,0.0016124845,0.005455613
Persistence,8,12,0.80660635,0.81158686,0.81158686,0.80296576,0.0047839418984949,0.0049805045,0.008621097,0.0049805045
Persistence,8,12,0.80099744,0.80660635,0.80660635,0.8011042,0.0047839418984949,0.0056089163,0.0055021644,0.0056089163
Persistence,8,12,0.7962321,0.80099744,0.80099744,0.7981325,0.0047839418984949,0.0047653317,0.0028649569,0.0047653317
Persistence,8,12,0.7918979,0.7962321,0.7962321,0.7875563,0.0047839418984949,0.0043342113,0.008675814,0.0043342113
Persistence,8,12,0.78752655,0.7918979,0.7918979,0.78935623,0.0047839418984949,0.004371345,0.0025416613,0.004371345
Persistence,8,17,0.8869458,0.89313513,0.89313513,0.88460386,0.0047839418984949,0.0061893463,0.008531272,0.0061893463
Persistence,8,17,0.8818502,0.8869458,0.8869458,0.8785371,0.0047839418984949,0.005095601,0.008408666,0.005095601
Persistence,8,17,0.8778864,0.8818502,0.8818502,0.87928426,0.0047839418984949,0.0039637685,0.0025659204,0.0039637685
Persistence,8,17,0.87482476,0.8778864,0.8778864,0.87586355,0.0047839418984949,0.0030616522,0.0020228624,0.0030616522
Persistence,8,17,0.87001467,0.87482476,0.87482476,0.8702913,0.0047839418984949,0.004810095,0.0045334697,0.004810095
Persistence,8,17,0.8625663,0.87001467,0.87001467,0.86810833,0.0047839418984949,0.007448375,0.0019063354,0.007448375
Persistence,8,17,0.8557274,0.8625663,0.8625663,0.8488397,0.0047839418984949,0.0068389177,0.013726592,0.0068389177
Persistence,8,17,0.8486907,0.8557274,0.8557274,0.84749323,0.0047839418984949,0.007036686,0.008234143,0.007036686
Persistence,8,17,0.8433627,0.8486907,0.8486907,0.84671694,0.0047839418984949,0.0053279996,0.0019737482,0.0053279996
Persistence,8,17,0.83954364,0.8433627,0.8433627,0.8345817,0.0047839418984949,0.0038190484,0.008781016,0.0038190484
Persistence,8,17,0.8350827,0.83954364,0.83954364,0.83772355,0.0047839418984949,0.004460931,0.0018200874,0.004460931
Persistence,8,17,0.8322689,0.8350827,0.8350827,0.8302204,0.0047839418984949,0.002813816,0.0048623085,0.002813816
Persistence,8,17,0.8306141,0.8322689,0.8322689,0.8281061,0.0047839418984949,0.0016548038,0.0041627884,0.0016548038
Persistence,8,17,0.82870185,0.8306141,0.8306141,0.83286464,0.0047839418984949,0.0019122362,0.0022505522,0.0019122362
Persistence,8,17,0.82681656,0.82870185,0.82870185,0.82703626,0.0047839418984949,0.0018852949,0.0016655922,0.0018852949
Persistence,8,17,0.8212752,0.82681656,0.82681656,0.82250845,0.0047839418984949,0.005541384,0.0043081045,0.005541384
Persistence,8,17,0.81242156,0.8212752,0.8212752,0.82237285,0.0047839418984949,0.008853614,0.0010976791,0.008853614
Persistence,8,17,0.8041787,0.81242156,0.81242156,0.79946065,0.0047839418984949,0.008242846,0.012960911,0.008242846
Persistence,8,17,0.79617745,0.8041787,0.8041787,0.79318243,0.0047839418984949,0.008001268,0.010996282,0.008001268
Persistence,8,17,0.79174817,0.79617745,0.79617745,0.7925143,0.0047839418984949,0.0044292808,0.0036631227,0.0044292808
Persistence,8,17,0.78771245,0.79174817,0.79174817,0.7881266,0.0047839418984949,0.0040357113,0.0036215782,0.0040357113
Persistence,8,17,0.78384066,0.78771245,0.78771245,0.78366435,0.0047839418984949,0.0038717985,0.004048109,0.0038717985
MQAttn-LSTM-VQR,8,12,0.8964291,0.8984532,0.90455073,0.89965,0.0047839418984949,0.0020240545,0.0011968017,0.00812161
MQAttn-LSTM-VQR,8,12,0.8887475,0.8892547,0.8964291,0.8855096,0.0047839418984949,0.0005071759,0.003745079,0.007681608
MQAttn-LSTM-VQR,8,12,0.8831397,0.88150865,0.8887475,0.8753226,0.0047839418984949,0.0016310811,0.006186068,0.005607784
MQAttn-LSTM-VQR,8,12,0.8796727,0.87707984,0.8831397,0.87928826,0.0047839418984949,0.0025928617,0.0022084117,0.0034670234
MQAttn-LSTM-VQR,8,12,0.8787363,0.87440866,0.8796727,0.8807088,0.0047839418984949,0.004327655,0.0063001513,0.00093638897
MQAttn-LSTM-VQR,8,12,0.878836,0.87579685,0.8787363,0.87602335,0.0047839418984949,0.0030391216,0.00022649765,9.9658966e-05
MQAttn-LSTM-VQR,8,12,0.8773491,0.8757281,0.878836,0.8793386,0.0047839418984949,0.0016210079,0.0036105514,0.0014868975
MQAttn-LSTM-VQR,8,12,0.8739911,0.87311417,0.8773491,0.88145787,0.0047839418984949,0.00087690353,0.008343697,0.0033580065
MQAttn-LSTM-VQR,8,12,0.86876774,0.8695906,0.8739911,0.86845046,0.0047839418984949,0.0008228421,0.0011401176,0.005223334
MQAttn-LSTM-VQR,8,12,0.86059284,0.86478674,0.86876774,0.8620723,0.0047839418984949,0.004193902,0.0027144551,0.008174896
MQAttn-LSTM-VQR,8,12,0.8533579,0.855469,0.86059284,0.8507111,0.0047839418984949,0.0021110773,0.004757881,0.007234931
MQAttn-LSTM-VQR,8,12,0.8461665,0.8486747,0.8533579,0.83155227,0.0047839418984949,0.002508223,0.017122447,0.0071914196
MQAttn-LSTM-VQR,8,12,0.8392012,0.84170663,0.8461665,0.84379613,0.0047839418984949,0.0025054216,0.0020895004,0.0069652796
MQAttn-LSTM-VQR,8,12,0.83323747,0.8353683,0.8392012,0.8285985,0.0047839418984949,0.0021308064,0.0067697763,0.0059637427
MQAttn-LSTM-VQR,8,12,0.8266252,0.83007354,0.83323747,0.8286263,0.0047839418984949,0.0034483075,0.0014472604,0.0066122413
MQAttn-LSTM-VQR,8,12,0.8218047,0.82274026,0.8266252,0.8200065,0.0047839418984949,0.0009355545,0.002733767,0.0048205256
MQAttn-LSTM-VQR,8,12,0.81704247,0.8177471,0.8218047,0.8169389,0.0047839418984949,0.0007046461,0.000808239,0.0047622323
MQAttn-LSTM-VQR,8,12,0.81158686,0.81348825,0.81704247,0.81543,0.0047839418984949,0.0019013882,0.0019417405,0.005455613
MQAttn-LSTM-VQR,8,12,0.80660635,0.8070555,0.81158686,0.80296576,0.0047839418984949,0.000449121,0.004089713,0.0049805045
MQAttn-LSTM-VQR,8,12,0.80099744,0.80349416,0.80660635,0.8011042,0.0047839418984949,0.0024967194,0.0023899674,0.0056089163
MQAttn-LSTM-VQR,8,12,0.7962321,0.7973988,0.80099744,0.7981325,0.0047839418984949,0.0011667013,0.0007336736,0.0047653317
MQAttn-LSTM-VQR,8,12,0.7918979,0.79285365,0.7962321,0.7875563,0.0047839418984949,0.0009557605,0.005297363,0.0043342113
MQAttn-LSTM-VQR,8,12,0.78752655,0.78742546,0.7918979,0.78935623,0.0047839418984949,0.00010108948,0.0019307733,0.004371345
MQAttn-LSTM-VQR,8,17,0.8869458,0.8873362,0.89313513,0.88460386,0.0047839418984949,0.00039041042,0.0027323365,0.0061893463
MQAttn-LSTM-VQR,8,17,0.8818502,0.8814582,0.8869458,0.8785371,0.0047839418984949,0.00039196014,0.0029211044,0.005095601
MQAttn-LSTM-VQR,8,17,0.8778864,0.8757877,0.8818502,0.87928426,0.0047839418984949,0.0020987391,0.0034965873,0.0039637685
MQAttn-LSTM-VQR,8,17,0.87482476,0.8712341,0.8778864,0.87586355,0.0047839418984949,0.0035906434,0.004629433,0.0030616522
MQAttn-LSTM-VQR,8,17,0.87001467,0.8708954,0.87482476,0.8702913,0.0047839418984949,0.00088071823,0.0006040931,0.004810095
MQAttn-LSTM-VQR,8,17,0.8625663,0.86839825,0.87001467,0.86810833,0.0047839418984949,0.005831957,0.000289917,0.007448375
MQAttn-LSTM-VQR,8,17,0.8557274,0.8585626,0.8625663,0.8488397,0.0047839418984949,0.0028352141,0.0097228885,0.0068389177
MQAttn-LSTM-VQR,8,17,0.8486907,0.85177624,0.8557274,0.84749323,0.0047839418984949,0.0030855536,0.004283011,0.007036686
MQAttn-LSTM-VQR,8,17,0.8433627,0.8444988,0.8486907,0.84671694,0.0047839418984949,0.0011361241,0.0022181273,0.0053279996
MQAttn-LSTM-VQR,8,17,0.83954364,0.83844537,0.8433627,0.8345817,0.0047839418984949,0.0010982752,0.0038636923,0.0038190484
MQAttn-LSTM-VQR,8,17,0.8350827,0.8348892,0.83954364,0.83772355,0.0047839418984949,0.00019353628,0.0028343797,0.004460931
MQAttn-LSTM-VQR,8,17,0.8322689,0.8316719,0.8350827,0.8302204,0.0047839418984949,0.0005970001,0.0014514923,0.002813816
MQAttn-LSTM-VQR,8,17,0.8306141,0.8289161,0.8322689,0.8281061,0.0047839418984949,0.0016980171,0.0008099675,0.0016548038
MQAttn-LSTM-VQR,8,17,0.82870185,0.8264959,0.8306141,0.83286464,0.0047839418984949,0.002205968,0.0063687563,0.0019122362
MQAttn-LSTM-VQR,8,17,0.82681656,0.82479835,0.82870185,0.82703626,0.0047839418984949,0.0020182133,0.002237916,0.0018852949
MQAttn-LSTM-VQR,8,17,0.8212752,0.82272124,0.82681656,0.82250845,0.0047839418984949,0.0014460683,0.00021278858,0.005541384
MQAttn-LSTM-VQR,8,17,0.81242156,0.8170212,0.8212752,0.82237285,0.0047839418984949,0.004599631,0.0053516626,0.008853614
MQAttn-LSTM-VQR,8,17,0.8041787,0.8084118,0.81242156,0.79946065,0.0047839418984949,0.0042330623,0.0089511275,0.008242846
MQAttn-LSTM-VQR,8,17,0.79617745,0.80131406,0.8041787,0.79318243,0.0047839418984949,0.005136609,0.008131623,0.008001268
MQAttn-LSTM-VQR,8,17,0.79174817,0.7918856,0.79617745,0.7925143,0.0047839418984949,0.00013744831,0.0006287098,0.0044292808
MQAttn-LSTM-VQR,8,17,0.78771245,0.78844696,0.79174817,0.7881266,0.0047839418984949,0.00073450804,0.00032037497,0.0040357113
MQAttn-LSTM-VQR,8,17,0.78384066,0.7842902,0.78771245,0.78366435,0.0047839418984949,0.00044953823,0.00062584877,0.0038717985
MQAttn-LSTM-VQR classical twin,8,12,0.8964291,0.8973753,0.90455073,0.89965,0.0047839418984949,0.00094616413,0.002274692,0.00812161
MQAttn-LSTM-VQR classical twin,8,12,0.8887475,0.8914274,0.8964291,0.8855096,0.0047839418984949,0.0026798844,0.0059177876,0.007681608
MQAttn-LSTM-VQR classical twin,8,12,0.8831397,0.8831809,0.8887475,0.8753226,0.0047839418984949,4.118681e-05,0.007858336,0.005607784
MQAttn-LSTM-VQR classical twin,8,12,0.8796727,0.8764358,0.8831397,0.87928826,0.0047839418984949,0.0032368898,0.0028524399,0.0034670234
MQAttn-LSTM-VQR classical twin,8,12,0.8787363,0.8718266,0.8796727,0.8807088,0.0047839418984949,0.006909728,0.008882225,0.00093638897
MQAttn-LSTM-VQR classical twin,8,12,0.878836,0.8735178,0.8787363,0.87602335,0.0047839418984949,0.005318165,0.0025055408,9.9658966e-05
MQAttn-LSTM-VQR classical twin,8,12,0.8773491,0.87228477,0.878836,0.8793386,0.0047839418984949,0.0050643086,0.007053852,0.0014868975
MQAttn-LSTM-VQR classical twin,8,12,0.8739911,0.86923116,0.8773491,0.88145787,0.0047839418984949,0.0047599077,0.012226701,0.0033580065
MQAttn-LSTM-VQR classical twin,8,12,0.86876774,0.86542666,0.8739911,0.86845046,0.0047839418984949,0.0033410788,0.0030238032,0.005223334
MQAttn-LSTM-VQR classical twin,8,12,0.86059284,0.8630491,0.86876774,0.8620723,0.0047839418984949,0.0024562478,0.0009768009,0.008174896
MQAttn-LSTM-VQR classical twin,8,12,0.8533579,0.8523941,0.86059284,0.8507111,0.0047839418984949,0.0009638071,0.0016829967,0.007234931
MQAttn-LSTM-VQR classical twin,8,12,0.8461665,0.8456638,0.8533579,0.83155227,0.0047839418984949,0.0005027056,0.014111519,0.0071914196
MQAttn-LSTM-VQR classical twin,8,12,0.8392012,0.8417561,0.8461665,0.84379613,0.0047839418984949,0.0025548935,0.0020400286,0.0069652796
MQAttn-LSTM-VQR classical twin,8,12,0.83323747,0.8363756,0.8392012,0.8285985,0.0047839418984949,0.003138125,0.007777095,0.0059637427
MQAttn-LSTM-VQR classical twin,8,12,0.8266252,0.8305113,0.83323747,0.8286263,0.0047839418984949,0.003886044,0.0018849969,0.0066122413
MQAttn-LSTM-VQR classical twin,8,12,0.8218047,0.8232454,0.8266252,0.8200065,0.0047839418984949,0.0014407039,0.0032389164,0.0048205256
MQAttn-LSTM-VQR classical twin,8,12,0.81704247,0.8177385,0.8218047,0.8169389,0.0047839418984949,0.00069600344,0.0007995963,0.0047622323
MQAttn-LSTM-VQR classical twin,8,12,0.81158686,0.81371135,0.81704247,0.81543,0.0047839418984949,0.0021244884,0.0017186403,0.005455613
MQAttn-LSTM-VQR classical twin,8,12,0.80660635,0.80718154,0.81158686,0.80296576,0.0047839418984949,0.0005751848,0.004215777,0.0049805045
MQAttn-LSTM-VQR classical twin,8,12,0.80099744,0.80434734,0.80660635,0.8011042,0.0047839418984949,0.0033499002,0.0032431483,0.0056089163
MQAttn-LSTM-VQR classical twin,8,12,0.7962321,0.79766864,0.80099744,0.7981325,0.0047839418984949,0.0014365315,0.00046384335,0.0047653317
MQAttn-LSTM-VQR classical twin,8,12,0.7918979,0.79283476,0.7962321,0.7875563,0.0047839418984949,0.0009368658,0.005278468,0.0043342113
MQAttn-LSTM-VQR classical twin,8,12,0.78752655,0.7872381,0.7918979,0.78935623,0.0047839418984949,0.00028842688,0.0021181107,0.004371345
MQAttn-LSTM-VQR classical twin,8,17,0.8869458,0.88606614,0.89313513,0.88460386,0.0047839418984949,0.00087964535,0.0014622808,0.0061893463
MQAttn-LSTM-VQR classical twin,8,17,0.8818502,0.88163483,0.8869458,0.8785371,0.0047839418984949,0.00021535158,0.003097713,0.005095601
MQAttn-LSTM-VQR classical twin,8,17,0.8778864,0.87801903,0.8818502,0.87928426,0.0047839418984949,0.00013262033,0.0012652278,0.0039637685
MQAttn-LSTM-VQR classical twin,8,17,0.87482476,0.87157196,0.8778864,0.87586355,0.0047839418984949,0.0032528043,0.004291594,0.0030616522
MQAttn-LSTM-VQR classical twin,8,17,0.87001467,0.86949354,0.87482476,0.8702913,0.0047839418984949,0.0005211234,0.00079774857,0.004810095
MQAttn-LSTM-VQR classical twin,8,17,0.8625663,0.87012106,0.87001467,0.86810833,0.0047839418984949,0.0075547695,0.0020127296,0.007448375
MQAttn-LSTM-VQR classical twin,8,17,0.8557274,0.8573311,0.8625663,0.8488397,0.0047839418984949,0.0016037226,0.008491397,0.0068389177
MQAttn-LSTM-VQR classical twin,8,17,0.8486907,0.851077,0.8557274,0.84749323,0.0047839418984949,0.0023863316,0.0035837889,0.007036686
MQAttn-LSTM-VQR classical twin,8,17,0.8433627,0.8441329,0.8486907,0.84671694,0.0047839418984949,0.0007702112,0.0025840402,0.0053279996
MQAttn-LSTM-VQR classical twin,8,17,0.83954364,0.83780104,0.8433627,0.8345817,0.0047839418984949,0.0017426014,0.003219366,0.0038190484
MQAttn-LSTM-VQR classical twin,8,17,0.8350827,0.833734,0.83954364,0.83772355,0.0047839418984949,0.0013487339,0.0039895773,0.004460931
MQAttn-LSTM-VQR classical twin,8,17,0.8322689,0.8308139,0.8350827,0.8302204,0.0047839418984949,0.001455009,0.00059348345,0.002813816
MQAttn-LSTM-VQR classical twin,8,17,0.8306141,0.8302502,0.8322689,0.8281061,0.0047839418984949,0.00036388636,0.0021440983,0.0016548038
MQAttn-LSTM-VQR classical twin,8,17,0.82870185,0.8288708,0.8306141,0.83286464,0.0047839418984949,0.00016891956,0.003993869,0.0019122362
MQAttn-LSTM-VQR classical twin,8,17,0.82681656,0.8261716,0.82870185,0.82703626,0.0047839418984949,0.00064498186,0.0008646846,0.0018852949
MQAttn-LSTM-VQR classical twin,8,17,0.8212752,0.82411784,0.82681656,0.82250845,0.0047839418984949,0.0028426647,0.001609385,0.005541384
MQAttn-LSTM-VQR classical twin,8,17,0.81242156,0.8189772,0.8212752,0.82237285,0.0047839418984949,0.006555617,0.0033956766,0.008853614
MQAttn-LSTM-VQR classical twin,8,17,0.8041787,0.809223,0.81242156,0.79946065,0.0047839418984949,0.0050442815,0.009762347,0.008242846
MQAttn-LSTM-VQR classical twin,8,17,0.79617745,0.80069524,0.8041787,0.79318243,0.0047839418984949,0.0045177937,0.007512808,0.008001268
MQAttn-LSTM-VQR classical twin,8,17,0.79174817,0.79115236,0.79617745,0.7925143,0.0047839418984949,0.00059580803,0.0013619661,0.0044292808
MQAttn-LSTM-VQR classical twin,8,17,0.78771245,0.7893258,0.79174817,0.7881266,0.0047839418984949,0.0016133189,0.0011991858,0.0040357113
MQAttn-LSTM-VQR classical twin,8,17,0.78384066,0.7819638,0.78771245,0.78366435,0.0047839418984949,0.001876831,0.0017005205,0.0038717985
MQAttn-QLSTM-VQR,8,12,0.8964291,0.896364,0.90455073,0.89965,0.0047839418984949,6.514788e-05,0.003286004,0.00812161
MQAttn-QLSTM-VQR,8,12,0.8887475,0.8887375,0.8964291,0.8855096,0.0047839418984949,1.001358e-05,0.0032278895,0.007681608
MQAttn-QLSTM-VQR,8,12,0.8831397,0.8825365,0.8887475,0.8753226,0.0047839418984949,0.0006032586,0.0072138906,0.005607784
MQAttn-QLSTM-VQR,8,12,0.8796727,0.878083,0.8831397,0.87928826,0.0047839418984949,0.0015897155,0.0012052655,0.0034670234
MQAttn-QLSTM-VQR,8,12,0.8787363,0.87350446,0.8796727,0.8807088,0.0047839418984949,0.0052318573,0.007204354,0.00093638897
MQAttn-QLSTM-VQR,8,12,0.878836,0.87210536,0.8787363,0.87602335,0.0047839418984949,0.006730616,0.003917992,9.9658966e-05
MQAttn-QLSTM-VQR,8,12,0.8773491,0.8723482,0.878836,0.8793386,0.0047839418984949,0.0050008893,0.0069904327,0.0014868975
MQAttn-QLSTM-VQR,8,12,0.8739911,0.87034696,0.8773491,0.88145787,0.0047839418984949,0.0036441088,0.011110902,0.0033580065
MQAttn-QLSTM-VQR,8,12,0.86876774,0.86671805,0.8739911,0.86845046,0.0047839418984949,0.0020496845,0.001732409,0.005223334
MQAttn-QLSTM-VQR,8,12,0.86059284,0.8630778,0.86876774,0.8620723,0.0047839418984949,0.0024849772,0.0010055304,0.008174896
MQAttn-QLSTM-VQR,8,12,0.8533579,0.85346764,0.86059284,0.8507111,0.0047839418984949,0.00010973215,0.002756536,0.007234931
MQAttn-QLSTM-VQR,8,12,0.8461665,0.84710556,0.8533579,0.83155227,0.0047839418984949,0.0009390712,0.015553296,0.0071914196
MQAttn-QLSTM-VQR,8,12,0.8392012,0.8408276,0.8461665,0.84379613,0.0047839418984949,0.0016263723,0.0029685497,0.0069652796
MQAttn-QLSTM-VQR,8,12,0.83323747,0.83339816,0.8392012,0.8285985,0.0047839418984949,0.00016069412,0.004799664,0.0059637427
MQAttn-QLSTM-VQR,8,12,0.8266252,0.829301,0.83323747,0.8286263,0.0047839418984949,0.0026757717,0.0006747246,0.0066122413
MQAttn-QLSTM-VQR,8,12,0.8218047,0.8213488,0.8266252,0.8200065,0.0047839418984949,0.00045591593,0.0013422966,0.0048205256
MQAttn-QLSTM-VQR,8,12,0.81704247,0.81639856,0.8218047,0.8169389,0.0047839418984949,0.000643909,0.0005403161,0.0047622323
MQAttn-QLSTM-VQR,8,12,0.81158686,0.8129691,0.81704247,0.81543,0.0047839418984949,0.0013822317,0.002460897,0.005455613
MQAttn-QLSTM-VQR,8,12,0.80660635,0.80746347,0.81158686,0.80296576,0.0047839418984949,0.0008571148,0.004497707,0.0049805045
MQAttn-QLSTM-VQR,8,12,0.80099744,0.80336934,0.80660635,0.8011042,0.0047839418984949,0.0023719072,0.0022651553,0.0056089163
MQAttn-QLSTM-VQR,8,12,0.7962321,0.7972687,0.80099744,0.7981325,0.0047839418984949,0.0010365844,0.0008637905,0.0047653317
MQAttn-QLSTM-VQR,8,12,0.7918979,0.79267263,0.7962321,0.7875563,0.0047839418984949,0.0007747412,0.0051163435,0.0043342113
MQAttn-QLSTM-VQR,8,12,0.78752655,0.7882921,0.7918979,0.78935623,0.0047839418984949,0.00076556206,0.0010641217,0.004371345
MQAttn-QLSTM-VQR,8,17,0.8869458,0.8859115,0.89313513,0.88460386,0.0047839418984949,0.0010342598,0.0013076663,0.0061893463
MQAttn-QLSTM-VQR,8,17,0.8818502,0.88004005,0.8869458,0.8785371,0.0047839418984949,0.0018101335,0.0015029311,0.005095601
MQAttn-QLSTM-VQR,8,17,0.8778864,0.8761061,0.8818502,0.87928426,0.0047839418984949,0.0017803311,0.0031781793,0.0039637685
MQAttn-QLSTM-VQR,8,17,0.87482476,0.8726106,0.8778864,0.87586355,0.0047839418984949,0.0022141337,0.0032529235,0.0030616522
MQAttn-QLSTM-VQR,8,17,0.87001467,0.86968094,0.87482476,0.8702913,0.0047839418984949,0.0003337264,0.00061035156,0.004810095
MQAttn-QLSTM-VQR,8,17,0.8625663,0.8636326,0.87001467,0.86810833,0.0047839418984949,0.0010663271,0.004475713,0.007448375
MQAttn-QLSTM-VQR,8,17,0.8557274,0.85706854,0.8625663,0.8488397,0.0047839418984949,0.0013411641,0.008228838,0.0068389177
MQAttn-QLSTM-VQR,8,17,0.8486907,0.84976095,0.8557274,0.84749323,0.0047839418984949,0.001070261,0.0022677183,0.007036686
MQAttn-QLSTM-VQR,8,17,0.8433627,0.8428474,0.8486907,0.84671694,0.0047839418984949,0.00051528215,0.0038695335,0.0053279996
MQAttn-QLSTM-VQR,8,17,0.83954364,0.8371442,0.8433627,0.8345817,0.0047839418984949,0.0023994446,0.002562523,0.0038190484
MQAttn-QLSTM-VQR,8,17,0.8350827,0.8331056,0.83954364,0.83772355,0.0047839418984949,0.001977086,0.0046179295,0.004460931
MQAttn-QLSTM-VQR,8,17,0.8322689,0.8296893,0.8350827,0.8302204,0.0047839418984949,0.0025795698,0.0005310774,0.002813816
MQAttn-QLSTM-VQR,8,17,0.8306141,0.82674253,0.8322689,0.8281061,0.0047839418984949,0.00387156,0.0013635755,0.0016548038
MQAttn-QLSTM-VQR,8,17,0.82870185,0.82652855,0.8306141,0.83286464,0.0047839418984949,0.0021733046,0.006336093,0.0019122362
MQAttn-QLSTM-VQR,8,17,0.82681656,0.82395375,0.82870185,0.82703626,0.0047839418984949,0.002862811,0.0030825138,0.0018852949
MQAttn-QLSTM-VQR,8,17,0.8212752,0.821876,0.82681656,0.82250845,0.0047839418984949,0.0006008148,0.0006324649,0.005541384
MQAttn-QLSTM-VQR,8,17,0.81242156,0.81685627,0.8212752,0.82237285,0.0047839418984949,0.004434705,0.0055165887,0.008853614
MQAttn-QLSTM-VQR,8,17,0.8041787,0.808407,0.81242156,0.79946065,0.0047839418984949,0.004228294,0.008946359,0.008242846
MQAttn-QLSTM-VQR,8,17,0.79617745,0.8013804,0.8041787,0.79318243,0.0047839418984949,0.005202949,0.008197963,0.008001268
MQAttn-QLSTM-VQR,8,17,0.79174817,0.7924884,0.79617745,0.7925143,0.0047839418984949,0.0007402301,2.592802e-05,0.0044292808
MQAttn-QLSTM-VQR,8,17,0.78771245,0.78853494,0.79174817,0.7881266,0.0047839418984949,0.0008224845,0.00040835142,0.0040357113
MQAttn-QLSTM-VQR,8,17,0.78384066,0.7852173,0.78771245,0.78366435,0.0047839418984949,0.0013766289,0.0015529394,0.0038717985
MQAttn-QLSTM-VQR classical twin,8,12,0.8964291,0.89733446,0.90455073,0.89965,0.0047839418984949,0.00090533495,0.0023155212,0.00812161
MQAttn-QLSTM-VQR classical twin,8,12,0.8887475,0.889415,0.8964291,0.8855096,0.0047839418984949,0.0006675124,0.0039054155,0.007681608
MQAttn-QLSTM-VQR classical twin,8,12,0.8831397,0.88170296,0.8887475,0.8753226,0.0047839418984949,0.00143677,0.006380379,0.005607784
MQAttn-QLSTM-VQR classical twin,8,12,0.8796727,0.87625957,0.8831397,0.87928826,0.0047839418984949,0.0034131408,0.0030286908,0.0034670234
MQAttn-QLSTM-VQR classical twin,8,12,0.8787363,0.8731749,0.8796727,0.8807088,0.0047839418984949,0.0055614114,0.007533908,0.00093638897
MQAttn-QLSTM-VQR classical twin,8,12,0.878836,0.87555766,0.8787363,0.87602335,0.0047839418984949,0.003278315,0.0004656911,9.9658966e-05
MQAttn-QLSTM-VQR classical twin,8,12,0.8773491,0.87561476,0.878836,0.8793386,0.0047839418984949,0.0017343163,0.0037238598,0.0014868975
MQAttn-QLSTM-VQR classical twin,8,12,0.8739911,0.8730487,0.8773491,0.88145787,0.0047839418984949,0.00094234943,0.0084091425,0.0033580065
MQAttn-QLSTM-VQR classical twin,8,12,0.86876774,0.86868596,0.8739911,0.86845046,0.0047839418984949,8.177757e-05,0.00023549795,0.005223334
MQAttn-QLSTM-VQR classical twin,8,12,0.86059284,0.8628259,0.86876774,0.8620723,0.0047839418984949,0.0022330284,0.0007535815,0.008174896
MQAttn-QLSTM-VQR classical twin,8,12,0.8533579,0.8544643,0.86059284,0.8507111,0.0047839418984949,0.0011063814,0.0037531853,0.007234931
MQAttn-QLSTM-VQR classical twin,8,12,0.8461665,0.84776694,0.8533579,0.83155227,0.0047839418984949,0.0016004443,0.016214669,0.0071914196
MQAttn-QLSTM-VQR classical twin,8,12,0.8392012,0.84164816,0.8461665,0.84379613,0.0047839418984949,0.0024469495,0.0021479726,0.0069652796
MQAttn-QLSTM-VQR classical twin,8,12,0.83323747,0.8353105,0.8392012,0.8285985,0.0047839418984949,0.0020730495,0.0067120194,0.0059637427
MQAttn-QLSTM-VQR classical twin,8,12,0.8266252,0.8298508,0.83323747,0.8286263,0.0047839418984949,0.003225565,0.0012245178,0.0066122413
MQAttn-QLSTM-VQR classical twin,8,12,0.8218047,0.82364684,0.8266252,0.8200065,0.0047839418984949,0.0018421412,0.0036403537,0.0048205256
MQAttn-QLSTM-VQR classical twin,8,12,0.81704247,0.8187561,0.8218047,0.8169389,0.0047839418984949,0.0017136335,0.0018172264,0.0047622323
MQAttn-QLSTM-VQR classical twin,8,12,0.81158686,0.8136815,0.81704247,0.81543,0.0047839418984949,0.0020946264,0.0017485023,0.005455613
MQAttn-QLSTM-VQR classical twin,8,12,0.80660635,0.8078006,0.81158686,0.80296576,0.0047839418984949,0.0011942387,0.0048348308,0.0049805045
MQAttn-QLSTM-VQR classical twin,8,12,0.80099744,0.8022982,0.80660635,0.8011042,0.0047839418984949,0.0013007522,0.0011940002,0.0056089163
MQAttn-QLSTM-VQR classical twin,8,12,0.7962321,0.79644144,0.80099744,0.7981325,0.0047839418984949,0.00020933151,0.0016910434,0.0047653317
MQAttn-QLSTM-VQR classical twin,8,12,0.7918979,0.79182816,0.7962321,0.7875563,0.0047839418984949,6.9737434e-05,0.004271865,0.0043342113
MQAttn-QLSTM-VQR classical twin,8,12,0.78752655,0.7877974,0.7918979,0.78935623,0.0047839418984949,0.0002708435,0.0015588403,0.004371345
MQAttn-QLSTM-VQR classical twin,8,17,0.8869458,0.8867959,0.89313513,0.88460386,0.0047839418984949,0.00014990568,0.0021920204,0.0061893463
MQAttn-QLSTM-VQR classical twin,8,17,0.8818502,0.8807677,0.8869458,0.8785371,0.0047839418984949,0.00108248,0.0022305846,0.005095601
MQAttn-QLSTM-VQR classical twin,8,17,0.8778864,0.87586915,0.8818502,0.87928426,0.0047839418984949,0.0020172596,0.0034151077,0.0039637685
MQAttn-QLSTM-VQR classical twin,8,17,0.87482476,0.8719652,0.8778864,0.87586355,0.0047839418984949,0.0028595328,0.0038983226,0.0030616522
MQAttn-QLSTM-VQR classical twin,8,17,0.87001467,0.8691626,0.87482476,0.8702913,0.0047839418984949,0.0008520484,0.0011286736,0.004810095
MQAttn-QLSTM-VQR classical twin,8,17,0.8625663,0.8668792,0.87001467,0.86810833,0.0047839418984949,0.0043129325,0.0012291074,0.007448375
MQAttn-QLSTM-VQR classical twin,8,17,0.8557274,0.8596444,0.8625663,0.8488397,0.0047839418984949,0.0039170384,0.010804713,0.0068389177
MQAttn-QLSTM-VQR classical twin,8,17,0.8486907,0.85171205,0.8557274,0.84749323,0.0047839418984949,0.0030213594,0.0042188168,0.007036686
MQAttn-QLSTM-VQR classical twin,8,17,0.8433627,0.84366333,0.8486907,0.84671694,0.0047839418984949,0.00030064583,0.0030536056,0.0053279996
MQAttn-QLSTM-VQR classical twin,8,17,0.83954364,0.83761823,0.8433627,0.8345817,0.0047839418984949,0.0019254088,0.0030365586,0.0038190484
MQAttn-QLSTM-VQR classical twin,8,17,0.8350827,0.8335258,0.83954364,0.83772355,0.0047839418984949,0.0015569329,0.0041977763,0.004460931
MQAttn-QLSTM-VQR classical twin,8,17,0.8322689,0.82956386,0.8350827,0.8302204,0.0047839418984949,0.0027050376,0.00065654516,0.002813816
MQAttn-QLSTM-VQR classical twin,8,17,0.8306141,0.82757604,0.8322689,0.8281061,0.0047839418984949,0.0030380487,0.0005300641,0.0016548038
MQAttn-QLSTM-VQR classical twin,8,17,0.82870185,0.82713544,0.8306141,0.83286464,0.0047839418984949,0.0015664101,0.0057291985,0.0019122362
MQAttn-QLSTM-VQR classical twin,8,17,0.82681656,0.82573676,0.82870185,0.82703626,0.0047839418984949,0.0010797977,0.0012995005,0.0018852949
MQAttn-QLSTM-VQR classical twin,8,17,0.8212752,0.8237541,0.82681656,0.82250845,0.0047839418984949,0.0024788976,0.0012456179,0.005541384
MQAttn-QLSTM-VQR classical twin,8,17,0.81242156,0.81771135,0.8212752,0.82237285,0.0047839418984949,0.005289793,0.0046615005,0.008853614
MQAttn-QLSTM-VQR classical twin,8,17,0.8041787,0.8082466,0.81242156,0.79946065,0.0047839418984949,0.004067898,0.008785963,0.008242846
MQAttn-QLSTM-VQR classical twin,8,17,0.79617745,0.7998084,0.8041787,0.79318243,0.0047839418984949,0.0036309361,0.0066259503,0.008001268
MQAttn-QLSTM-VQR classical twin,8,17,0.79174817,0.79190385,0.79617745,0.7925143,0.0047839418984949,0.00015568733,0.0006104708,0.0044292808
MQAttn-QLSTM-VQR classical twin,8,17,0.78771245,0.7874583,0.79174817,0.7881266,0.0047839418984949,0.0002541542,0.0006682873,0.0040357113
MQAttn-QLSTM-VQR classical twin,8,17,0.78384066,0.7837145,0.78771245,0.78366435,0.0047839418984949,0.00012618303,5.0127506e-05,0.0038717985
QLSTM,8,12,0.8964291,0.89580435,0.90455073,0.89965,0.0047839418984949,0.0006247759,0.003845632,0.00812161
QLSTM,8,12,0.8887475,0.8888685,0.8964291,0.8855096,0.0047839418984949,0.00012099743,0.0033589005,0.007681608
QLSTM,8,12,0.8831397,0.88168705,0.8887475,0.8753226,0.0047839418984949,0.0014526844,0.0063644648,0.005607784
QLSTM,8,12,0.8796727,0.87589926,0.8831397,0.87928826,0.0047839418984949,0.0037734509,0.003389001,0.0034670234
QLSTM,8,12,0.8787363,0.8732131,0.8796727,0.8807088,0.0047839418984949,0.005523205,0.0074957013,0.00093638897
QLSTM,8,12,0.878836,0.8749045,0.8787363,0.87602335,0.0047839418984949,0.0039314628,0.0011188388,9.9658966e-05
QLSTM,8,12,0.8773491,0.87461233,0.878836,0.8793386,0.0047839418984949,0.0027367473,0.0047262907,0.0014868975
QLSTM,8,12,0.8739911,0.8728861,0.8773491,0.88145787,0.0047839418984949,0.0011049509,0.008571744,0.0033580065
QLSTM,8,12,0.86876774,0.8684396,0.8739911,0.86845046,0.0047839418984949,0.00032812357,1.0848045e-05,0.005223334
QLSTM,8,12,0.86059284,0.862887,0.86876774,0.8620723,0.0047839418984949,0.0022941828,0.0008147359,0.008174896
QLSTM,8,12,0.8533579,0.85438627,0.86059284,0.8507111,0.0047839418984949,0.0010283589,0.0036751628,0.007234931
QLSTM,8,12,0.8461665,0.8478307,0.8533579,0.83155227,0.0047839418984949,0.0016642213,0.016278446,0.0071914196
QLSTM,8,12,0.8392012,0.84135765,0.8461665,0.84379613,0.0047839418984949,0.0021564364,0.0024384856,0.0069652796
QLSTM,8,12,0.83323747,0.83521014,0.8392012,0.8285985,0.0047839418984949,0.0019726753,0.006611645,0.0059637427
QLSTM,8,12,0.8266252,0.82983,0.83323747,0.8286263,0.0047839418984949,0.003204763,0.0012037158,0.0066122413
QLSTM,8,12,0.8218047,0.82383746,0.8266252,0.8200065,0.0047839418984949,0.0020327568,0.0038309693,0.0048205256
QLSTM,8,12,0.81704247,0.8186967,0.8218047,0.8169389,0.0047839418984949,0.0016542077,0.0017578006,0.0047622323
QLSTM,8,12,0.81158686,0.81368744,0.81704247,0.81543,0.0047839418984949,0.002100587,0.0017425418,0.005455613
QLSTM,8,12,0.80660635,0.807669,0.81158686,0.80296576,0.0047839418984949,0.0010626316,0.0047032237,0.0049805045
QLSTM,8,12,0.80099744,0.8022204,0.80660635,0.8011042,0.0047839418984949,0.0012229681,0.0011162162,0.0056089163
QLSTM,8,12,0.7962321,0.79635507,0.80099744,0.7981325,0.0047839418984949,0.00012296438,0.0017774105,0.0047653317
QLSTM,8,12,0.7918979,0.79170364,0.7962321,0.7875563,0.0047839418984949,0.00019425154,0.004147351,0.0043342113
QLSTM,8,12,0.78752655,0.78724927,0.7918979,0.78935623,0.0047839418984949,0.0002772808,0.0021069646,0.004371345
QLSTM,8,17,0.8869458,0.8848528,0.89313513,0.88460386,0.0047839418984949,0.0020929575,0.0002489686,0.0061893463
QLSTM,8,17,0.8818502,0.8797983,0.8869458,0.8785371,0.0047839418984949,0.00205189,0.0012611747,0.005095601
QLSTM,8,17,0.8778864,0.8756083,0.8818502,0.87928426,0.0047839418984949,0.0022780895,0.0036759377,0.0039637685
QLSTM,8,17,0.87482476,0.87232596,0.8778864,0.87586355,0.0047839418984949,0.0024988055,0.0035375953,0.0030616522
QLSTM,8,17,0.87001467,0.86999744,0.87482476,0.8702913,0.0047839418984949,1.7225742e-05,0.0002938509,0.004810095
QLSTM,8,17,0.8625663,0.86653614,0.87001467,0.86810833,0.0047839418984949,0.003969848,0.0015721917,0.007448375
QLSTM,8,17,0.8557274,0.8589049,0.8625663,0.8488397,0.0047839418984949,0.0031775236,0.010065198,0.0068389177
QLSTM,8,17,0.8486907,0.85133916,0.8557274,0.84749323,0.0047839418984949,0.0026484728,0.00384593,0.007036686
QLSTM,8,17,0.8433627,0.8433428,0.8486907,0.84671694,0.0047839418984949,1.9907951e-05,0.0033741593,0.0053279996
QLSTM,8,17,0.83954364,0.83779573,0.8433627,0.8345817,0.0047839418984949,0.0017479062,0.0032140613,0.0038190484
QLSTM,8,17,0.8350827,0.8336144,0.83954364,0.83772355,0.0047839418984949,0.0014683008,0.004109144,0.004460931
QLSTM,8,17,0.8322689,0.82912284,0.8350827,0.8302204,0.0047839418984949,0.0031460524,0.0010975599,0.002813816
QLSTM,8,17,0.8306141,0.82713896,0.8322689,0.8281061,0.0047839418984949,0.0034751296,0.00096714497,0.0016548038
QLSTM,8,17,0.82870185,0.8266451,0.8306141,0.83286464,0.0047839418984949,0.0020567775,0.006219566,0.0019122362
QLSTM,8,17,0.82681656,0.82597417,0.82870185,0.82703626,0.0047839418984949,0.00084239244,0.0010620952,0.0018852949
QLSTM,8,17,0.8212752,0.824126,0.82681656,0.82250845,0.0047839418984949,0.0028508306,0.0016175508,0.005541384
QLSTM,8,17,0.81242156,0.81832165,0.8212752,0.82237285,0.0047839418984949,0.005900085,0.0040512085,0.008853614
QLSTM,8,17,0.8041787,0.8087882,0.81242156,0.79946065,0.0047839418984949,0.0046094656,0.009327531,0.008242846
QLSTM,8,17,0.79617745,0.7997437,0.8041787,0.79318243,0.0047839418984949,0.003566265,0.0065612793,0.008001268
QLSTM,8,17,0.79174817,0.791463,0.79617745,0.7925143,0.0047839418984949,0.00028514862,0.0010513067,0.0044292808
QLSTM,8,17,0.78771245,0.78745204,0.79174817,0.7881266,0.0047839418984949,0.0002604127,0.00067454576,0.0040357113
QLSTM,8,17,0.78384066,0.78299063,0.78771245,0.78366435,0.0047839418984949,0.00085002184,0.0006737113,0.0038717985
LSTM,8,12,0.8964291,0.8955014,0.90455073,0.89965,0.0047839418984949,0.0009277463,0.0041486025,0.00812161
LSTM,8,12,0.8887475,0.88843536,0.8964291,0.8855096,0.0047839418984949,0.00031214952,0.0029257536,0.007681608
LSTM,8,12,0.8831397,0.88372153,0.8887475,0.8753226,0.0047839418984949,0.00058180094,0.00839895,0.005607784
LSTM,8,12,0.8796727,0.87975216,0.8831397,0.87928826,0.0047839418984949,7.945299e-05,0.00046390295,0.0034670234
LSTM,8,12,0.8787363,0.876549,0.8796727,0.8807088,0.0047839418984949,0.0021873116,0.004159808,0.00093638897
LSTM,8,12,0.878836,0.8756126,0.8787363,0.87602335,0.0047839418984949,0.0032233596,0.0004107356,9.9658966e-05
LSTM,8,12,0.8773491,0.8728328,0.878836,0.8793386,0.0047839418984949,0.0045163035,0.006505847,0.0014868975
LSTM,8,12,0.8739911,0.8717333,0.8773491,0.88145787,0.0047839418984949,0.0022577643,0.009724557,0.0033580065
LSTM,8,12,0.86876774,0.8660362,0.8739911,0.86845046,0.0047839418984949,0.0027315617,0.0024142861,0.005223334
LSTM,8,12,0.86059284,0.8612635,0.86876774,0.8620723,0.0047839418984949,0.00067067146,0.0008087754,0.008174896
LSTM,8,12,0.8533579,0.85066634,0.86059284,0.8507111,0.0047839418984949,0.002691567,4.476309e-05,0.007234931
LSTM,8,12,0.8461665,0.8476844,0.8533579,0.83155227,0.0047839418984949,0.0015178919,0.016132116,0.0071914196
LSTM,8,12,0.8392012,0.84250957,0.8461665,0.84379613,0.0047839418984949,0.0033083558,0.0012865663,0.0069652796
LSTM,8,12,0.83323747,0.8355015,0.8392012,0.8285985,0.0047839418984949,0.0022640228,0.0069029927,0.0059637427
LSTM,8,12,0.8266252,0.83011377,0.83323747,0.8286263,0.0047839418984949,0.0034885406,0.0014874935,0.0066122413
LSTM,8,12,0.8218047,0.8235015,0.8266252,0.8200065,0.0047839418984949,0.001696825,0.0034950376,0.0048205256
LSTM,8,12,0.81704247,0.8175593,0.8218047,0.8169389,0.0047839418984949,0.0005168319,0.00062042475,0.0047622323
LSTM,8,12,0.81158686,0.81391877,0.81704247,0.81543,0.0047839418984949,0.0023319125,0.0015112162,0.005455613
LSTM,8,12,0.80660635,0.80846316,0.81158686,0.80296576,0.0047839418984949,0.0018568039,0.005497396,0.0049805045
LSTM,8,12,0.80099744,0.80348265,0.80660635,0.8011042,0.0047839418984949,0.0024852157,0.0023784637,0.0056089163
LSTM,8,12,0.7962321,0.79787374,0.80099744,0.7981325,0.0047839418984949,0.0016416311,0.00025874376,0.0047653317
LSTM,8,12,0.7918979,0.7931084,0.7962321,0.7875563,0.0047839418984949,0.0012105107,0.005552113,0.0043342113
LSTM,8,12,0.78752655,0.78570753,0.7918979,0.78935623,0.0047839418984949,0.0018190145,0.0036486983,0.004371345
LSTM,8,17,0.8869458,0.8859011,0.89313513,0.88460386,0.0047839418984949,0.0010446906,0.0012972355,0.0061893463
LSTM,8,17,0.8818502,0.8818158,0.8869458,0.8785371,0.0047839418984949,3.439188e-05,0.0032786727,0.005095601
LSTM,8,17,0.8778864,0.8783488,0.8818502,0.87928426,0.0047839418984949,0.00046241283,0.0009354353,0.0039637685
LSTM,8,17,0.87482476,0.8747627,0.8778864,0.87586355,0.0047839418984949,6.2048435e-05,0.0011008382,0.0030616522
LSTM,8,17,0.87001467,0.87170106,0.87482476,0.8702913,0.0047839418984949,0.0016863942,0.0014097691,0.004810095
LSTM,8,17,0.8625663,0.86689097,0.87001467,0.86810833,0.0047839418984949,0.0043246746,0.0012173653,0.007448375
LSTM,8,17,0.8557274,0.85913265,0.8625663,0.8488397,0.0047839418984949,0.003405273,0.010292947,0.0068389177
LSTM,8,17,0.8486907,0.85222715,0.8557274,0.84749323,0.0047839418984949,0.0035364628,0.00473392,0.007036686
LSTM,8,17,0.8433627,0.84324676,0.8486907,0.84671694,0.0047839418984949,0.000115931034,0.0034701824,0.0053279996
LSTM,8,17,0.83954364,0.83852446,0.8433627,0.8345817,0.0047839418984949,0.0010191798,0.0039427876,0.0038190484
LSTM,8,17,0.8350827,0.83336747,0.83954364,0.83772355,0.0047839418984949,0.0017152429,0.0043560863,0.004460931
LSTM,8,17,0.8322689,0.82757723,0.8350827,0.8302204,0.0047839418984949,0.0046916604,0.002643168,0.002813816
LSTM,8,17,0.8306141,0.8276514,0.8322689,0.8281061,0.0047839418984949,0.0029627085,0.00045472383,0.0016548038
LSTM,8,17,0.82870185,0.8274904,0.8306141,0.83286464,0.0047839418984949,0.0012114644,0.005374253,0.0019122362
LSTM,8,17,0.82681656,0.82557815,0.82870185,0.82703626,0.0047839418984949,0.0012384057,0.0014581084,0.0018852949
LSTM,8,17,0.8212752,0.82369286,0.82681656,0.82250845,0.0047839418984949,0.0024176836,0.0011844039,0.005541384
LSTM,8,17,0.81242156,0.8181515,0.8212752,0.82237285,0.0047839418984949,0.0057299137,0.0042213798,0.008853614
LSTM,8,17,0.8041787,0.80929786,0.81242156,0.79946065,0.0047839418984949,0.005119145,0.00983721,0.008242846
LSTM,8,17,0.79617745,0.79966664,0.8041787,0.79318243,0.0047839418984949,0.0034891963,0.0064842105,0.008001268
LSTM,8,17,0.79174817,0.7917826,0.79617745,0.7925143,0.0047839418984949,3.4451485e-05,0.0007317066,0.0044292808
LSTM,8,17,0.78771245,0.78862447,0.79174817,0.7881266,0.0047839418984949,0.00091201067,0.0004978776,0.0040357113
LSTM,8,17,0.78384066,0.7827062,0.78771245,0.78366435,0.0047839418984949,0.0011344552,0.00095814466,0.0038717985
GRU,8,12,0.8964291,0.89999276,0.90455073,0.89965,0.0047839418984949,0.0035636425,0.0003427863,0.00812161
GRU,8,12,0.8887475,0.8966293,0.8964291,0.8855096,0.0047839418984949,0.007881761,0.011119664,0.007681608
GRU,8,12,0.8831397,0.8916039,0.8887475,0.8753226,0.0047839418984949,0.008464158,0.016281307,0.005607784
GRU,8,12,0.8796727,0.8827982,0.8831397,0.87928826,0.0047839418984949,0.0031254888,0.0035099387,0.0034670234
GRU,8,12,0.8787363,0.87236136,0.8796727,0.8807088,0.0047839418984949,0.006374955,0.008347452,0.00093638897
GRU,8,12,0.878836,0.87877554,0.8787363,0.87602335,0.0047839418984949,6.043911e-05,0.0027521849,9.9658966e-05
GRU,8,12,0.8773491,0.8751428,0.878836,0.8793386,0.0047839418984949,0.002206266,0.0041958094,0.0014868975
GRU,8,12,0.8739911,0.87564117,0.8773491,0.88145787,0.0047839418984949,0.001650095,0.005816698,0.0033580065
GRU,8,12,0.86876774,0.86331064,0.8739911,0.86845046,0.0047839418984949,0.0054571033,0.0051398277,0.005223334
GRU,8,12,0.86059284,0.85251254,0.86876774,0.8620723,0.0047839418984949,0.008080304,0.009559751,0.008174896
GRU,8,12,0.8533579,0.84378636,0.86059284,0.8507111,0.0047839418984949,0.009571552,0.0069247484,0.007234931
GRU,8,12,0.8461665,0.8399759,0.8533579,0.83155227,0.0047839418984949,0.006190598,0.008423626,0.0071914196
GRU,8,12,0.8392012,0.8366499,0.8461665,0.84379613,0.0047839418984949,0.0025513172,0.0071462393,0.0069652796
GRU,8,12,0.83323747,0.83353347,0.8392012,0.8285985,0.0047839418984949,0.00029599667,0.0049349666,0.0059637427
GRU,8,12,0.8266252,0.8270218,0.83323747,0.8286263,0.0047839418984949,0.0003965497,0.0016044974,0.0066122413
GRU,8,12,0.8218047,0.81967664,0.8266252,0.8200065,0.0047839418984949,0.0021280646,0.0003298521,0.0048205256
GRU,8,12,0.81704247,0.81345034,0.8218047,0.8169389,0.0047839418984949,0.0035921335,0.0034885406,0.0047622323
GRU,8,12,0.81158686,0.80913323,0.81704247,0.81543,0.0047839418984949,0.0024536252,0.006296754,0.005455613
GRU,8,12,0.80660635,0.80223817,0.81158686,0.80296576,0.0047839418984949,0.004368186,0.0007275939,0.0049805045
GRU,8,12,0.80099744,0.800764,0.80660635,0.8011042,0.0047839418984949,0.00023341179,0.0003401637,0.0056089163
GRU,8,12,0.7962321,0.7974568,0.80099744,0.7981325,0.0047839418984949,0.0012246966,0.00067567825,0.0047653317
GRU,8,12,0.7918979,0.79194957,0.7962321,0.7875563,0.0047839418984949,5.1677227e-05,0.0043932796,0.0043342113
GRU,8,12,0.78752655,0.7842962,0.7918979,0.78935623,0.0047839418984949,0.0032303333,0.005060017,0.004371345
GRU,8,17,0.8869458,0.8842556,0.89313513,0.88460386,0.0047839418984949,0.002690196,0.00034826994,0.0061893463
GRU,8,17,0.8818502,0.88368016,0.8869458,0.8785371,0.0047839418984949,0.0018299818,0.0051430464,0.005095601
GRU,8,17,0.8778864,0.87267977,0.8818502,0.87928426,0.0047839418984949,0.0052066445,0.0066044927,0.0039637685
GRU,8,17,0.87482476,0.8690329,0.8778864,0.87586355,0.0047839418984949,0.005791843,0.0068306327,0.0030616522
GRU,8,17,0.87001467,0.8770824,0.87482476,0.8702913,0.0047839418984949,0.00706774,0.006791115,0.004810095
GRU,8,17,0.8625663,0.8621097,0.87001467,0.86810833,0.0047839418984949,0.00045657158,0.0059986115,0.007448375
GRU,8,17,0.8557274,0.8612046,0.8625663,0.8488397,0.0047839418984949,0.0054772496,0.012364924,0.0068389177
GRU,8,17,0.8486907,0.85121626,0.8557274,0.84749323,0.0047839418984949,0.002525568,0.0037230253,0.007036686
GRU,8,17,0.8433627,0.8388574,0.8486907,0.84671694,0.0047839418984949,0.0045052767,0.007859528,0.0053279996
GRU,8,17,0.83954364,0.8352555,0.8433627,0.8345817,0.0047839418984949,0.004288137,0.0006738305,0.0038190484
GRU,8,17,0.8350827,0.83217347,0.83954364,0.83772355,0.0047839418984949,0.002909243,0.0055500865,0.004460931
GRU,8,17,0.8322689,0.8239649,0.8350827,0.8302204,0.0047839418984949,0.008304,0.0062555075,0.002813816
GRU,8,17,0.8306141,0.8203463,0.8322689,0.8281061,0.0047839418984949,0.010267794,0.0077598095,0.0016548038
GRU,8,17,0.82870185,0.8229397,0.8306141,0.83286464,0.0047839418984949,0.00576216,0.009924948,0.0019122362
GRU,8,17,0.82681656,0.82655,0.82870185,0.82703626,0.0047839418984949,0.00026655197,0.0004862547,0.0018852949
GRU,8,17,0.8212752,0.8226432,0.82681656,0.82250845,0.0047839418984949,0.0013680458,0.0001347661,0.005541384
GRU,8,17,0.81242156,0.8188662,0.8212752,0.82237285,0.0047839418984949,0.006444633,0.0035066605,0.008853614
GRU,8,17,0.8041787,0.8088087,0.81242156,0.79946065,0.0047839418984949,0.0046299696,0.009348035,0.008242846
GRU,8,17,0.79617745,0.8035731,0.8041787,0.79318243,0.0047839418984949,0.007395625,0.010390639,0.008001268
GRU,8,17,0.79174817,0.79325354,0.79617745,0.7925143,0.0047839418984949,0.0015053749,0.0007392168,0.0044292808
GRU,8,17,0.78771245,0.7883247,0.79174817,0.7881266,0.0047839418984949,0.0006122589,0.00019812584,0.0040357113
GRU,8,17,0.78384066,0.781483,0.78771245,0.78366435,0.0047839418984949,0.0023576617,0.0021813512,0.0038717985
MLP,8,12,0.8964291,0.9048988,0.90455073,0.89965,0.0047839418984949,0.008469701,0.0052488446,0.00812161
MLP,8,12,0.8887475,0.8783937,0.8964291,0.8855096,0.0047839418984949,0.010353804,0.0071159005,0.007681608
MLP,8,12,0.8831397,0.88224596,0.8887475,0.8753226,0.0047839418984949,0.00089377165,0.0069233775,0.005607784
MLP,8,12,0.8796727,0.86229455,0.8831397,0.87928826,0.0047839418984949,0.017378151,0.016993701,0.0034670234
MLP,8,12,0.8787363,0.85453504,0.8796727,0.8807088,0.0047839418984949,0.024201274,0.02617377,0.00093638897
MLP,8,12,0.878836,0.8624162,0.8787363,0.87602335,0.0047839418984949,0.016419768,0.013607144,9.9658966e-05
MLP,8,12,0.8773491,0.86064446,0.878836,0.8793386,0.0047839418984949,0.016704619,0.018694162,0.0014868975
MLP,8,12,0.8739911,0.8979922,0.8773491,0.88145787,0.0047839418984949,0.024001122,0.016534328,0.0033580065
MLP,8,12,0.86876774,0.87815344,0.8739911,0.86845046,0.0047839418984949,0.009385705,0.0097029805,0.005223334
MLP,8,12,0.86059284,0.8567038,0.86876774,0.8620723,0.0047839418984949,0.0038890243,0.005368471,0.008174896
MLP,8,12,0.8533579,0.8618523,0.86059284,0.8507111,0.0047839418984949,0.008494377,0.011141181,0.007234931
MLP,8,12,0.8461665,0.8575643,0.8533579,0.83155227,0.0047839418984949,0.011397779,0.026012003,0.0071914196
MLP,8,12,0.8392012,0.84117824,0.8461665,0.84379613,0.0047839418984949,0.0019770265,0.0026178956,0.0069652796
MLP,8,12,0.83323747,0.8396687,0.8392012,0.8285985,0.0047839418984949,0.006431222,0.011070192,0.0059637427
MLP,8,12,0.8266252,0.83555,0.83323747,0.8286263,0.0047839418984949,0.008924782,0.006923735,0.0066122413
MLP,8,12,0.8218047,0.8279449,0.8266252,0.8200065,0.0047839418984949,0.0061401725,0.007938385,0.0048205256
MLP,8,12,0.81704247,0.8254935,0.8218047,0.8169389,0.0047839418984949,0.008451045,0.008554637,0.0047622323
MLP,8,12,0.81158686,0.8210067,0.81704247,0.81543,0.0047839418984949,0.009419858,0.00557673,0.005455613
MLP,8,12,0.80660635,0.8090293,0.81158686,0.80296576,0.0047839418984949,0.0024229288,0.006063521,0.0049805045
MLP,8,12,0.80099744,0.81054884,0.80660635,0.8011042,0.0047839418984949,0.009551406,0.009444654,0.0056089163
MLP,8,12,0.7962321,0.8004471,0.80099744,0.7981325,0.0047839418984949,0.004215002,0.0023146272,0.0047653317
MLP,8,12,0.7918979,0.7943264,0.7962321,0.7875563,0.0047839418984949,0.0024285316,0.006770134,0.0043342113
MLP,8,12,0.78752655,0.7927392,0.7918979,0.78935623,0.0047839418984949,0.0052126646,0.0033829808,0.004371345
MLP,8,17,0.8869458,0.90365374,0.89313513,0.88460386,0.0047839418984949,0.016707957,0.019049883,0.0061893463
MLP,8,17,0.8818502,0.8831566,0.8869458,0.8785371,0.0047839418984949,0.0013064146,0.004619479,0.005095601
MLP,8,17,0.8778864,0.8578426,0.8818502,0.87928426,0.0047839418984949,0.02004379,0.021441638,0.0039637685
MLP,8,17,0.87482476,0.88890195,0.8778864,0.87586355,0.0047839418984949,0.014077187,0.013038397,0.0030616522
MLP,8,17,0.87001467,0.87794894,0.87482476,0.8702913,0.0047839418984949,0.007934272,0.007657647,0.004810095
MLP,8,17,0.8625663,0.8471889,0.87001467,0.86810833,0.0047839418984949,0.015377402,0.020919442,0.007448375
MLP,8,17,0.8557274,0.86221844,0.8625663,0.8488397,0.0047839418984949,0.006491065,0.013378739,0.0068389177
MLP,8,17,0.8486907,0.8593846,0.8557274,0.84749323,0.0047839418984949,0.010693908,0.011891365,0.007036686
MLP,8,17,0.8433627,0.8399952,0.8486907,0.84671694,0.0047839418984949,0.0033674836,0.006721735,0.0053279996
MLP,8,17,0.83954364,0.84157467,0.8433627,0.8345817,0.0047839418984949,0.0020310283,0.0069929957,0.0038190484
MLP,8,17,0.8350827,0.82931525,0.83954364,0.83772355,0.0047839418984949,0.0057674646,0.008408308,0.004460931
MLP,8,17,0.8322689,0.83726925,0.8350827,0.8302204,0.0047839418984949,0.005000353,0.0070488453,0.002813816
MLP,8,17,0.8306141,0.83014417,0.8322689,0.8281061,0.0047839418984949,0.00046992302,0.0020380616,0.0016548038
MLP,8,17,0.82870185,0.837254,0.8306141,0.83286464,0.0047839418984949,0.008552134,0.0043893456,0.0019122362
MLP,8,17,0.82681656,0.8402162,0.82870185,0.82703626,0.0047839418984949,0.013399661,0.013179958,0.0018852949
MLP,8,17,0.8212752,0.82781273,0.82681656,0.82250845,0.0047839418984949,0.0065375566,0.005304277,0.005541384
MLP,8,17,0.81242156,0.8207334,0.8212752,0.82237285,0.0047839418984949,0.008311868,0.0016394258,0.008853614
MLP,8,17,0.8041787,0.78734773,0.81242156,0.79946065,0.0047839418984949,0.01683098,0.0121129155,0.008242846
MLP,8,17,0.79617745,0.7995697,0.8041787,0.79318243,0.0047839418984949,0.0033922791,0.0063872933,0.008001268
MLP,8,17,0.79174817,0.79614687,0.79617745,0.7925143,0.0047839418984949,0.0043987036,0.0036325455,0.0044292808
MLP,8,17,0.78771245,0.7818591,0.79174817,0.7881266,0.0047839418984949,0.005853355,0.006267488,0.0040357113
MLP,8,17,0.78384066,0.78083646,0.78771245,0.78366435,0.0047839418984949,0.0030041933,0.0028278828,0.0038717985
Seq2Seq,8,12,0.8964291,0.8957436,0.90455073,0.89965,0.0047839418984949,0.000685513,0.003906369,0.00812161
Seq2Seq,8,12,0.8887475,0.88794136,0.8964291,0.8855096,0.0047839418984949,0.0008061528,0.0024317503,0.007681608
Seq2Seq,8,12,0.8831397,0.88255304,0.8887475,0.8753226,0.0047839418984949,0.0005866885,0.0072304606,0.005607784
Seq2Seq,8,12,0.8796727,0.87584716,0.8831397,0.87928826,0.0047839418984949,0.0038255453,0.0034410954,0.0034670234
Seq2Seq,8,12,0.8787363,0.87325007,0.8796727,0.8807088,0.0047839418984949,0.00548625,0.0074587464,0.00093638897
Seq2Seq,8,12,0.878836,0.873658,0.8787363,0.87602335,0.0047839418984949,0.0051779747,0.0023653507,9.9658966e-05
Seq2Seq,8,12,0.8773491,0.87430876,0.878836,0.8793386,0.0047839418984949,0.0030403137,0.005029857,0.0014868975
Seq2Seq,8,12,0.8739911,0.8731799,0.8773491,0.88145787,0.0047839418984949,0.0008111596,0.008277953,0.0033580065
Seq2Seq,8,12,0.86876774,0.8692402,0.8739911,0.86845046,0.0047839418984949,0.00047248602,0.00078976154,0.005223334
Seq2Seq,8,12,0.86059284,0.86257076,0.86876774,0.8620723,0.0047839418984949,0.0019779205,0.00049847364,0.008174896
Seq2Seq,8,12,0.8533579,0.85167915,0.86059284,0.8507111,0.0047839418984949,0.0016787648,0.00096803904,0.007234931
Seq2Seq,8,12,0.8461665,0.8445419,0.8533579,0.83155227,0.0047839418984949,0.0016245842,0.01298964,0.0071914196
Seq2Seq,8,12,0.8392012,0.8399185,0.8461665,0.84379613,0.0047839418984949,0.0007172823,0.0038776398,0.0069652796
Seq2Seq,8,12,0.83323747,0.83533156,0.8392012,0.8285985,0.0047839418984949,0.00209409,0.00673306,0.0059637427
Seq2Seq,8,12,0.8266252,0.82914186,0.83323747,0.8286263,0.0047839418984949,0.0025166273,0.0005155802,0.0066122413
Seq2Seq,8,12,0.8218047,0.8231383,0.8266252,0.8200065,0.0047839418984949,0.0013335943,0.0031318069,0.0048205256
Seq2Seq,8,12,0.81704247,0.81843054,0.8218047,0.8169389,0.0047839418984949,0.001388073,0.0014916658,0.0047622323
Seq2Seq,8,12,0.81158686,0.81241024,0.81704247,0.81543,0.0047839418984949,0.00082337856,0.0030197501,0.005455613
Seq2Seq,8,12,0.80660635,0.8059322,0.81158686,0.80296576,0.0047839418984949,0.00067412853,0.0029664636,0.0049805045
Seq2Seq,8,12,0.80099744,0.80367345,0.80660635,0.8011042,0.0047839418984949,0.0026760101,0.0025692582,0.0056089163
Seq2Seq,8,12,0.7962321,0.79726005,0.80099744,0.7981325,0.0047839418984949,0.0010279417,0.0008724332,0.0047653317
Seq2Seq,8,12,0.7918979,0.7922552,0.7962321,0.7875563,0.0047839418984949,0.00035732985,0.004698932,0.0043342113
Seq2Seq,8,12,0.78752655,0.7871642,0.7918979,0.78935623,0.0047839418984949,0.00036233664,0.0021920204,0.004371345
Seq2Seq,8,17,0.8869458,0.885638,0.89313513,0.88460386,0.0047839418984949,0.0013077855,0.0010341406,0.0061893463
Seq2Seq,8,17,0.8818502,0.8800253,0.8869458,0.8785371,0.0047839418984949,0.0018248558,0.0014882088,0.005095601
Seq2Seq,8,17,0.8778864,0.87560254,0.8818502,0.87928426,0.0047839418984949,0.0022838712,0.0036817193,0.0039637685
Seq2Seq,8,17,0.87482476,0.87195414,0.8778864,0.87586355,0.0047839418984949,0.0028706193,0.003909409,0.0030616522
Seq2Seq,8,17,0.87001467,0.869834,0.87482476,0.8702913,0.0047839418984949,0.00018066168,0.00045728683,0.004810095
Seq2Seq,8,17,0.8625663,0.86564434,0.87001467,0.86810833,0.0047839418984949,0.0030780435,0.0024639964,0.007448375
Seq2Seq,8,17,0.8557274,0.8572633,0.8625663,0.8488397,0.0047839418984949,0.0015359521,0.008423626,0.0068389177
Seq2Seq,8,17,0.8486907,0.85035473,0.8557274,0.84749323,0.0047839418984949,0.0016640425,0.0028614998,0.007036686
Seq2Seq,8,17,0.8433627,0.8428659,0.8486907,0.84671694,0.0047839418984949,0.0004968047,0.003851056,0.0053279996
Seq2Seq,8,17,0.83954364,0.8368612,0.8433627,0.8345817,0.0047839418984949,0.0026824474,0.00227952,0.0038190484
Seq2Seq,8,17,0.8350827,0.83253103,0.83954364,0.83772355,0.0047839418984949,0.0025516748,0.0051925182,0.004460931
Seq2Seq,8,17,0.8322689,0.8282991,0.8350827,0.8302204,0.0047839418984949,0.0039697886,0.0019212961,0.002813816
Seq2Seq,8,17,0.8306141,0.8276024,0.8322689,0.8281061,0.0047839418984949,0.0030117035,0.00050371885,0.0016548038
Seq2Seq,8,17,0.82870185,0.8288792,0.8306141,0.83286464,0.0047839418984949,0.00017732382,0.0039854646,0.0019122362
Seq2Seq,8,17,0.82681656,0.82448155,0.82870185,0.82703626,0.0047839418984949,0.002335012,0.0025547147,0.0018852949
Seq2Seq,8,17,0.8212752,0.8232203,0.82681656,0.82250845,0.0047839418984949,0.001945138,0.0007118583,0.005541384
Seq2Seq,8,17,0.81242156,0.81771463,0.8212752,0.82237285,0.0047839418984949,0.0052930713,0.004658222,0.008853614
Seq2Seq,8,17,0.8041787,0.8090183,0.81242156,0.79946065,0.0047839418984949,0.004839599,0.009557664,0.008242846
Seq2Seq,8,17,0.79617745,0.8018281,0.8041787,0.79318243,0.0047839418984949,0.0056506395,0.008645654,0.008001268
Seq2Seq,8,17,0.79174817,0.79186565,0.79617745,0.7925143,0.0047839418984949,0.000117480755,0.00064867735,0.0044292808
Seq2Seq,8,17,0.78771245,0.78749186,0.79174817,0.7881266,0.0047839418984949,0.00022059679,0.00063472986,0.0040357113
Seq2Seq,8,17,0.78384066,0.7835069,0.78771245,0.78366435,0.0047839418984949,0.000333786,0.00015747547,0.0038717985
Persistence,9,1,0.8946318,0.9022491,0.9022491,0.90152186,0.0048710778355598,0.007617295,0.0007272363,0.007617295
Persistence,9,1,0.88623,0.8946318,0.8946318,0.8875078,0.0048710778355598,0.008401811,0.0071240067,0.008401811
Persistence,9,1,0.8763994,0.88623,0.88623,0.87623525,0.0048710778355598,0.009830594,0.009994745,0.009830594
Persistence,9,1,0.8665276,0.8763994,0.8763994,0.8647164,0.0048710778355598,0.009871781,0.011682987,0.009871781
Persistence,9,1,0.8593335,0.8665276,0.8665276,0.8563263,0.0048710778355598,0.007194102,0.010201335,0.007194102
Persistence,9,1,0.85472035,0.8593335,0.8593335,0.851942,0.0048710778355598,0.004613161,0.0073915124,0.004613161
Persistence,9,1,0.8519773,0.85472035,0.85472035,0.85325265,0.0048710778355598,0.0027430654,0.0014677048,0.0027430654
Persistence,9,1,0.8497642,0.8519773,0.8519773,0.85035527,0.0048710778355598,0.0022130609,0.0016220212,0.0022130609
Persistence,9,1,0.84648204,0.8497642,0.8497642,0.8476322,0.0048710778355598,0.0032821894,0.0021319985,0.0032821894
Persistence,9,1,0.8428964,0.84648204,0.84648204,0.84171885,0.0048710778355598,0.0035856366,0.004763186,0.0035856366
Persistence,9,1,0.8397796,0.8428964,0.8428964,0.8386773,0.0048710778355598,0.0031167865,0.004219115,0.0031167865
Persistence,9,1,0.8368893,0.8397796,0.8397796,0.837412,0.0048710778355598,0.0028902888,0.0023676157,0.0028902888
Persistence,9,1,0.8333598,0.8368893,0.8368893,0.8369826,0.0048710778355598,0.0035295486,9.328127e-05,0.0035295486
Persistence,9,1,0.82954144,0.8333598,0.8333598,0.8270432,0.0048710778355598,0.0038183331,0.006316602,0.0038183331
Persistence,9,1,0.82449615,0.82954144,0.82954144,0.82566714,0.0048710778355598,0.0050452948,0.003874302,0.0050452948
Persistence,9,1,0.8194581,0.82449615,0.82449615,0.82726884,0.0048710778355598,0.005038023,0.0027726889,0.005038023
Persistence,9,1,0.8147905,0.8194581,0.8194581,0.8133968,0.0048710778355598,0.0046676397,0.0060613155,0.0046676397
Persistence,9,1,0.8103008,0.8147905,0.8147905,0.8097343,0.0048710778355598,0.0044896603,0.0050562024,0.0044896603
Persistence,9,1,0.8076176,0.8103008,0.8103008,0.8073882,0.0048710778355598,0.0026832223,0.0029126406,0.0026832223
Persistence,9,1,0.8042417,0.8076176,0.8076176,0.8055926,0.0048710778355598,0.0033758879,0.0020250082,0.0033758879
Persistence,9,1,0.7991763,0.8042417,0.8042417,0.80232096,0.0048710778355598,0.005065441,0.0019207597,0.005065441
Persistence,9,1,0.7941523,0.7991763,0.7991763,0.79296273,0.0048710778355598,0.0050239563,0.006213546,0.0050239563
Persistence,9,1,0.7889101,0.7941523,0.7941523,0.78846586,0.0048710778355598,0.0052422285,0.005686462,0.0052422285
Persistence,9,4,0.8801983,0.8857362,0.8857362,0.88166666,0.0048710778355598,0.005537927,0.0040695667,0.005537927
Persistence,9,4,0.87600344,0.8801983,0.8801983,0.87332374,0.0048710778355598,0.0041948557,0.0068745613,0.0041948557
Persistence,9,4,0.87070644,0.87600344,0.87600344,0.87643296,0.0048710778355598,0.005297005,0.00042951107,0.005297005
Persistence,9,4,0.8656583,0.87070644,0.87070644,0.8645134,0.0048710778355598,0.005048156,0.006193042,0.005048156
Persistence,9,4,0.8606751,0.8656583,0.8656583,0.85882026,0.0048710778355598,0.0049831867,0.0068380237,0.0049831867
Persistence,9,4,0.85663897,0.8606751,0.8606751,0.85634005,0.0048710778355598,0.0040361285,0.004335046,0.0040361285
Persistence,9,4,0.852874,0.85663897,0.85663897,0.85419565,0.0048710778355598,0.003764987,0.0024433136,0.003764987
Persistence,9,4,0.8484202,0.852874,0.852874,0.8502348,0.0048710778355598,0.0044537783,0.0026391745,0.0044537783
Persistence,9,4,0.84379214,0.8484202,0.8484202,0.84026927,0.0048710778355598,0.0046280622,0.008150935,0.0046280622
Persistence,9,4,0.8390866,0.84379214,0.84379214,0.8402345,0.0048710778355598,0.0047055483,0.0035576224,0.0047055483
Persistence,9,4,0.8359679,0.8390866,0.8390866,0.834485,0.0048710778355598,0.0031186938,0.004601598,0.0031186938
Persistence,9,4,0.8341274,0.8359679,0.8359679,0.8322948,0.0048710778355598,0.0018404722,0.0036730766,0.0018404722
Persistence,9,4,0.83205616,0.8341274,0.8341274,0.83432955,0.0048710778355598,0.0020712614,0.00020211935,0.0020712614
Persistence,9,4,0.82886237,0.83205616,0.83205616,0.8319402,0.0048710778355598,0.0031937957,0.00011599064,0.0031937957
Persistence,9,4,0.8244955,0.82886237,0.82886237,0.82366824,0.0048710778355598,0.0043668747,0.0051941276,0.0043668747
Persistence,9,4,0.8203075,0.8244955,0.8244955,0.81606257,0.0048710778355598,0.004188001,0.008432925,0.004188001
Persistence,9,4,0.81791663,0.8203075,0.8203075,0.8181406,0.0048710778355598,0.0023908615,0.0021668673,0.0023908615
Persistence,9,4,0.8179451,0.81791663,0.81791663,0.81540626,0.0048710778355598,2.849102e-05,0.0025103688,2.849102e-05
Persistence,9,4,0.81777155,0.8179451,0.8179451,0.8217398,0.0048710778355598,0.00017356873,0.00379467,0.00017356873
Persistence,9,4,0.8169127,0.81777155,0.81777155,0.8178603,0.0048710778355598,0.0008588433,8.8751316e-05,0.0008588433
Persistence,9,4,0.81486833,0.8169127,0.8169127,0.81382936,0.0048710778355598,0.0020443797,0.0030833483,0.0020443797
Persistence,9,4,0.812696,0.81486833,0.81486833,0.8124174,0.0048710778355598,0.0021723509,0.002450943,0.0021723509
Persistence,9,4,0.8104845,0.812696,0.812696,0.81091505,0.0048710778355598,0.0022114515,0.0017809272,0.0022114515
MQAttn-LSTM-VQR,9,1,0.8946318,0.89449483,0.9022491,0.90152186,0.0048710778355598,0.00013697147,0.00702703,0.007617295
MQAttn-LSTM-VQR,9,1,0.88623,0.8875742,0.8946318,0.8875078,0.0048710778355598,0.001344204,6.6399574e-05,0.008401811
MQAttn-LSTM-VQR,9,1,0.8763994,0.87809366,0.88623,0.87623525,0.0048710778355598,0.001694262,0.0018584132,0.009830594
MQAttn-LSTM-VQR,9,1,0.8665276,0.8705075,0.8763994,0.8647164,0.0048710778355598,0.0039798617,0.005791068,0.009871781
MQAttn-LSTM-VQR,9,1,0.8593335,0.86141336,0.8665276,0.8563263,0.0048710778355598,0.0020798445,0.0050870776,0.007194102
MQAttn-LSTM-VQR,9,1,0.85472035,0.8560735,0.8593335,0.851942,0.0048710778355598,0.0013531446,0.004131496,0.004613161
MQAttn-LSTM-VQR,9,1,0.8519773,0.85124457,0.85472035,0.85325265,0.0048710778355598,0.0007327199,0.0020080805,0.0027430654
MQAttn-LSTM-VQR,9,1,0.8497642,0.8477914,0.8519773,0.85035527,0.0048710778355598,0.0019728541,0.0025638938,0.0022130609
MQAttn-LSTM-VQR,9,1,0.84648204,0.84492373,0.8497642,0.8476322,0.0048710778355598,0.0015583038,0.0027084947,0.0032821894
MQAttn-LSTM-VQR,9,1,0.8428964,0.84221536,0.84648204,0.84171885,0.0048710778355598,0.0006810427,0.0004965067,0.0035856366
MQAttn-LSTM-VQR,9,1,0.8397796,0.83648396,0.8428964,0.8386773,0.0048710778355598,0.00329566,0.0021933317,0.0031167865
MQAttn-LSTM-VQR,9,1,0.8368893,0.83254355,0.8397796,0.837412,0.0048710778355598,0.0043457747,0.004868448,0.0028902888
MQAttn-LSTM-VQR,9,1,0.8333598,0.8319225,0.8368893,0.8369826,0.0048710778355598,0.0014373064,0.0050601363,0.0035295486
MQAttn-LSTM-VQR,9,1,0.82954144,0.8294841,0.8333598,0.8270432,0.0048710778355598,5.733967e-05,0.0024409294,0.0038183331
MQAttn-LSTM-VQR,9,1,0.82449615,0.8282312,0.82954144,0.82566714,0.0048710778355598,0.0037350655,0.0025640726,0.0050452948
MQAttn-LSTM-VQR,9,1,0.8194581,0.82150096,0.82449615,0.82726884,0.0048710778355598,0.00204283,0.005767882,0.005038023
MQAttn-LSTM-VQR,9,1,0.8147905,0.8167831,0.8194581,0.8133968,0.0048710778355598,0.0019925833,0.003386259,0.0046676397
MQAttn-LSTM-VQR,9,1,0.8103008,0.8094972,0.8147905,0.8097343,0.0048710778355598,0.0008036494,0.00023710728,0.0044896603
MQAttn-LSTM-VQR,9,1,0.8076176,0.8039979,0.8103008,0.8073882,0.0048710778355598,0.0036197305,0.0033903122,0.0026832223
MQAttn-LSTM-VQR,9,1,0.8042417,0.80407304,0.8076176,0.8055926,0.0048710778355598,0.00016868114,0.0015195608,0.0033758879
MQAttn-LSTM-VQR,9,1,0.7991763,0.79846984,0.8042417,0.80232096,0.0048710778355598,0.00070643425,0.0038511157,0.005065441
MQAttn-LSTM-VQR,9,1,0.7941523,0.79465604,0.7991763,0.79296273,0.0048710778355598,0.00050371885,0.0016933084,0.0050239563
MQAttn-LSTM-VQR,9,1,0.7889101,0.78925765,0.7941523,0.78846586,0.0048710778355598,0.00034755468,0.0007917881,0.0052422285
MQAttn-LSTM-VQR,9,4,0.8801983,0.8787541,0.8857362,0.88166666,0.0048710778355598,0.0014442205,0.002912581,0.005537927
MQAttn-LSTM-VQR,9,4,0.87600344,0.87390524,0.8801983,0.87332374,0.0048710778355598,0.0020982027,0.0005815029,0.0041948557
MQAttn-LSTM-VQR,9,4,0.87070644,0.8722016,0.87600344,0.87643296,0.0048710778355598,0.0014951825,0.0042313337,0.005297005
MQAttn-LSTM-VQR,9,4,0.8656583,0.8646755,0.87070644,0.8645134,0.0048710778355598,0.0009827614,0.00016212463,0.005048156
MQAttn-LSTM-VQR,9,4,0.8606751,0.86099595,0.8656583,0.85882026,0.0048710778355598,0.0003208518,0.0021756887,0.0049831867
MQAttn-LSTM-VQR,9,4,0.85663897,0.85812986,0.8606751,0.85634005,0.0048710778355598,0.001490891,0.0017898083,0.0040361285
MQAttn-LSTM-VQR,9,4,0.852874,0.8538599,0.85663897,0.85419565,0.0048710778355598,0.0009859204,0.00033575296,0.003764987
MQAttn-LSTM-VQR,9,4,0.8484202,0.8483016,0.852874,0.8502348,0.0048710778355598,0.00011861324,0.001933217,0.0044537783
MQAttn-LSTM-VQR,9,4,0.84379214,0.8431492,0.8484202,0.84026927,0.0048710778355598,0.0006429553,0.0028799176,0.0046280622
MQAttn-LSTM-VQR,9,4,0.8390866,0.83978844,0.84379214,0.8402345,0.0048710778355598,0.0007018447,0.00044608116,0.0047055483
MQAttn-LSTM-VQR,9,4,0.8359679,0.8321874,0.8390866,0.834485,0.0048710778355598,0.0037804842,0.0022975802,0.0031186938
MQAttn-LSTM-VQR,9,4,0.8341274,0.82927865,0.8359679,0.8322948,0.0048710778355598,0.0048487782,0.0030161738,0.0018404722
MQAttn-LSTM-VQR,9,4,0.83205616,0.8288278,0.8341274,0.83432955,0.0048710778355598,0.0032283664,0.005501747,0.0020712614
MQAttn-LSTM-VQR,9,4,0.82886237,0.82831365,0.83205616,0.8319402,0.0048710778355598,0.00054872036,0.0036265254,0.0031937957
MQAttn-LSTM-VQR,9,4,0.8244955,0.826989,0.82886237,0.82366824,0.0048710778355598,0.0024935007,0.0033207536,0.0043668747
MQAttn-LSTM-VQR,9,4,0.8203075,0.8223197,0.8244955,0.81606257,0.0048710778355598,0.0020121932,0.006257117,0.004188001
MQAttn-LSTM-VQR,9,4,0.81791663,0.8168394,0.8203075,0.8181406,0.0048710778355598,0.0010772347,0.001301229,0.0023908615
MQAttn-LSTM-VQR,9,4,0.8179451,0.8120069,0.81791663,0.81540626,0.0048710778355598,0.005938232,0.003399372,2.849102e-05
MQAttn-LSTM-VQR,9,4,0.81777155,0.81246257,0.8179451,0.8217398,0.0048710778355598,0.0053089857,0.009277225,0.00017356873
MQAttn-LSTM-VQR,9,4,0.8169127,0.81381786,0.81777155,0.8178603,0.0048710778355598,0.003094852,0.0040424466,0.0008588433
MQAttn-LSTM-VQR,9,4,0.81486833,0.8106855,0.8169127,0.81382936,0.0048710778355598,0.0041828156,0.003143847,0.0020443797
MQAttn-LSTM-VQR,9,4,0.812696,0.8067019,0.81486833,0.8124174,0.0048710778355598,0.0059940815,0.0057154894,0.0021723509
MQAttn-LSTM-VQR,9,4,0.8104845,0.8062444,0.812696,0.81091505,0.0048710778355598,0.004240155,0.0046706796,0.0022114515
MQAttn-LSTM-VQR classical twin,9,1,0.8946318,0.8905791,0.9022491,0.90152186,0.0048710778355598,0.0040526986,0.010942757,0.007617295
MQAttn-LSTM-VQR classical twin,9,1,0.88623,0.88436,0.8946318,0.8875078,0.0048710778355598,0.0018699765,0.003147781,0.008401811
MQAttn-LSTM-VQR classical twin,9,1,0.8763994,0.875809,0.88623,0.87623525,0.0048710778355598,0.000590384,0.00042623281,0.009830594
MQAttn-LSTM-VQR classical twin,9,1,0.8665276,0.86943036,0.8763994,0.8647164,0.0048710778355598,0.0029027462,0.0047139525,0.009871781
MQAttn-LSTM-VQR classical twin,9,1,0.8593335,0.8627424,0.8665276,0.8563263,0.0048710778355598,0.0034089088,0.006416142,0.007194102
MQAttn-LSTM-VQR classical twin,9,1,0.85472035,0.8574023,0.8593335,0.851942,0.0048710778355598,0.0026819706,0.005460322,0.004613161
MQAttn-LSTM-VQR classical twin,9,1,0.8519773,0.8521263,0.85472035,0.85325265,0.0048710778355598,0.00014901161,0.001126349,0.0027430654
MQAttn-LSTM-VQR classical twin,9,1,0.8497642,0.8486586,0.8519773,0.85035527,0.0048710778355598,0.0011056066,0.0016966462,0.0022130609
MQAttn-LSTM-VQR classical twin,9,1,0.84648204,0.8448378,0.8497642,0.8476322,0.0048710778355598,0.0016442537,0.0027944446,0.0032821894
MQAttn-LSTM-VQR classical twin,9,1,0.8428964,0.8408599,0.84648204,0.84171885,0.0048710778355598,0.002036512,0.00085896254,0.0035856366
MQAttn-LSTM-VQR classical twin,9,1,0.8397796,0.837019,0.8428964,0.8386773,0.0048710778355598,0.0027605891,0.0016582608,0.0031167865
MQAttn-LSTM-VQR classical twin,9,1,0.8368893,0.8333503,0.8397796,0.837412,0.0048710778355598,0.0035390258,0.004061699,0.0028902888
MQAttn-LSTM-VQR classical twin,9,1,0.8333598,0.8293055,0.8368893,0.8369826,0.0048710778355598,0.0040542483,0.0076770782,0.0035295486
MQAttn-LSTM-VQR classical twin,9,1,0.82954144,0.8301685,0.8333598,0.8270432,0.0048710778355598,0.00062704086,0.00312531,0.0038183331
MQAttn-LSTM-VQR classical twin,9,1,0.82449615,0.8279064,0.82954144,0.82566714,0.0048710778355598,0.0034102798,0.002239287,0.0050452948
MQAttn-LSTM-VQR classical twin,9,1,0.8194581,0.8217137,0.82449615,0.82726884,0.0048710778355598,0.002255559,0.005555153,0.005038023
MQAttn-LSTM-VQR classical twin,9,1,0.8147905,0.8166826,0.8194581,0.8133968,0.0048710778355598,0.0018920898,0.0032857656,0.0046676397
MQAttn-LSTM-VQR classical twin,9,1,0.8103008,0.81037146,0.8147905,0.8097343,0.0048710778355598,7.0631504e-05,0.00063717365,0.0044896603
MQAttn-LSTM-VQR classical twin,9,1,0.8076176,0.80522376,0.8103008,0.8073882,0.0048710778355598,0.0023938417,0.0021644235,0.0026832223
MQAttn-LSTM-VQR classical twin,9,1,0.8042417,0.8043851,0.8076176,0.8055926,0.0048710778355598,0.00014340878,0.0012074709,0.0033758879
MQAttn-LSTM-VQR classical twin,9,1,0.7991763,0.8010458,0.8042417,0.80232096,0.0048710778355598,0.0018694997,0.0012751818,0.005065441
MQAttn-LSTM-VQR classical twin,9,1,0.7941523,0.7937731,0.7991763,0.79296273,0.0048710778355598,0.00037920475,0.00081038475,0.0050239563
MQAttn-LSTM-VQR classical twin,9,1,0.7889101,0.7883702,0.7941523,0.78846586,0.0048710778355598,0.0005398989,9.5665455e-05,0.0052422285
MQAttn-LSTM-VQR classical twin,9,4,0.8801983,0.881117,0.8857362,0.88166666,0.0048710778355598,0.0009186864,0.00054967403,0.005537927
MQAttn-LSTM-VQR classical twin,9,4,0.87600344,0.8770243,0.8801983,0.87332374,0.0048710778355598,0.0010208488,0.0037005544,0.0041948557
MQAttn-LSTM-VQR classical twin,9,4,0.87070644,0.87352055,0.87600344,0.87643296,0.0048710778355598,0.002814114,0.0029124022,0.005297005
MQAttn-LSTM-VQR classical twin,9,4,0.8656583,0.863973,0.87070644,0.8645134,0.0048710778355598,0.0016852617,0.0005403757,0.005048156
MQAttn-LSTM-VQR classical twin,9,4,0.8606751,0.8637264,0.8656583,0.85882026,0.0048710778355598,0.003051281,0.004906118,0.0049831867
MQAttn-LSTM-VQR classical twin,9,4,0.85663897,0.858766,0.8606751,0.85634005,0.0048710778355598,0.0021270514,0.0024259686,0.0040361285
MQAttn-LSTM-VQR classical twin,9,4,0.852874,0.8529822,0.85663897,0.85419565,0.0048710778355598,0.000108242035,0.0012134314,0.003764987
MQAttn-LSTM-VQR classical twin,9,4,0.8484202,0.84947306,0.852874,0.8502348,0.0048710778355598,0.0010528564,0.00076174736,0.0044537783
MQAttn-LSTM-VQR classical twin,9,4,0.84379214,0.842897,0.8484202,0.84026927,0.0048710778355598,0.00089514256,0.0026277304,0.0046280622
MQAttn-LSTM-VQR classical twin,9,4,0.8390866,0.83814925,0.84379214,0.8402345,0.0048710778355598,0.00093734264,0.0020852685,0.0047055483
MQAttn-LSTM-VQR classical twin,9,4,0.8359679,0.83246493,0.8390866,0.834485,0.0048710778355598,0.003502965,0.002020061,0.0031186938
MQAttn-LSTM-VQR classical twin,9,4,0.8341274,0.830352,0.8359679,0.8322948,0.0048710778355598,0.0037754178,0.0019428134,0.0018404722
MQAttn-LSTM-VQR classical twin,9,4,0.83205616,0.8272419,0.8341274,0.83432955,0.0048710778355598,0.004814267,0.007087648,0.0020712614
MQAttn-LSTM-VQR classical twin,9,4,0.82886237,0.8280199,0.83205616,0.8319402,0.0048710778355598,0.00084245205,0.003920257,0.0031937957
MQAttn-LSTM-VQR classical twin,9,4,0.8244955,0.8281482,0.82886237,0.82366824,0.0048710778355598,0.0036526918,0.0044799447,0.0043668747
MQAttn-LSTM-VQR classical twin,9,4,0.8203075,0.82297,0.8244955,0.81606257,0.0048710778355598,0.0026624799,0.0069074035,0.004188001
MQAttn-LSTM-VQR classical twin,9,4,0.81791663,0.8167686,0.8203075,0.8181406,0.0048710778355598,0.0011480451,0.0013720393,0.0023908615
MQAttn-LSTM-VQR classical twin,9,4,0.8179451,0.81589276,0.81791663,0.81540626,0.0048710778355598,0.0020523667,0.0004864931,2.849102e-05
MQAttn-LSTM-VQR classical twin,9,4,0.81777155,0.81333697,0.8179451,0.8217398,0.0048710778355598,0.0044345856,0.008402824,0.00017356873
MQAttn-LSTM-VQR classical twin,9,4,0.8169127,0.81655055,0.81777155,0.8178603,0.0048710778355598,0.00036215782,0.0013097525,0.0008588433
MQAttn-LSTM-VQR classical twin,9,4,0.81486833,0.81251246,0.8169127,0.81382936,0.0048710778355598,0.0023558736,0.001316905,0.0020443797
MQAttn-LSTM-VQR classical twin,9,4,0.812696,0.8108952,0.81486833,0.8124174,0.0048710778355598,0.0018007755,0.0015221834,0.0021723509
MQAttn-LSTM-VQR classical twin,9,4,0.8104845,0.8072742,0.812696,0.81091505,0.0048710778355598,0.0032103062,0.0036408305,0.0022114515
MQAttn-QLSTM-VQR,9,1,0.8946318,0.8929392,0.9022491,0.90152186,0.0048710778355598,0.0016925931,0.008582652,0.007617295
MQAttn-QLSTM-VQR,9,1,0.88623,0.88654584,0.8946318,0.8875078,0.0048710778355598,0.000315845,0.00096195936,0.008401811
MQAttn-QLSTM-VQR,9,1,0.8763994,0.8803299,0.88623,0.87623525,0.0048710778355598,0.003930509,0.0040946603,0.009830594
MQAttn-QLSTM-VQR,9,1,0.8665276,0.8706168,0.8763994,0.8647164,0.0048710778355598,0.0040891767,0.005900383,0.009871781
MQAttn-QLSTM-VQR,9,1,0.8593335,0.8612488,0.8665276,0.8563263,0.0048710778355598,0.001915276,0.004922509,0.007194102
MQAttn-QLSTM-VQR,9,1,0.85472035,0.8560251,0.8593335,0.851942,0.0048710778355598,0.0013047457,0.004083097,0.004613161
MQAttn-QLSTM-VQR,9,1,0.8519773,0.85028076,0.85472035,0.85325265,0.0048710778355598,0.001696527,0.0029718876,0.0027430654
MQAttn-QLSTM-VQR,9,1,0.8497642,0.84744364,0.8519773,0.85035527,0.0048710778355598,0.0023205876,0.0029116273,0.0022130609
MQAttn-QLSTM-VQR,9,1,0.84648204,0.84462047,0.8497642,0.8476322,0.0048710778355598,0.0018615723,0.003011763,0.0032821894
MQAttn-QLSTM-VQR,9,1,0.8428964,0.84132916,0.84648204,0.84171885,0.0048710778355598,0.0015672445,0.00038969517,0.0035856366
MQAttn-QLSTM-VQR,9,1,0.8397796,0.837555,0.8428964,0.8386773,0.0048710778355598,0.0022246242,0.0011222959,0.0031167865
MQAttn-QLSTM-VQR,9,1,0.8368893,0.83520323,0.8397796,0.837412,0.0048710778355598,0.0016860962,0.0022087693,0.0028902888
MQAttn-QLSTM-VQR,9,1,0.8333598,0.8328418,0.8368893,0.8369826,0.0048710778355598,0.00051796436,0.0041407943,0.0035295486
MQAttn-QLSTM-VQR,9,1,0.82954144,0.83006823,0.8333598,0.8270432,0.0048710778355598,0.00052678585,0.003025055,0.0038183331
MQAttn-QLSTM-VQR,9,1,0.82449615,0.82633406,0.82954144,0.82566714,0.0048710778355598,0.0018379092,0.00066691637,0.0050452948
MQAttn-QLSTM-VQR,9,1,0.8194581,0.821164,0.82449615,0.82726884,0.0048710778355598,0.0017058849,0.006104827,0.005038023
MQAttn-QLSTM-VQR,9,1,0.8147905,0.8164995,0.8194581,0.8133968,0.0048710778355598,0.0017089844,0.0031026602,0.0046676397
MQAttn-QLSTM-VQR,9,1,0.8103008,0.81112474,0.8147905,0.8097343,0.0048710778355598,0.000823915,0.0013904572,0.0044896603
MQAttn-QLSTM-VQR,9,1,0.8076176,0.8061155,0.8103008,0.8073882,0.0048710778355598,0.0015020967,0.0012726784,0.0026832223
MQAttn-QLSTM-VQR,9,1,0.8042417,0.8033621,0.8076176,0.8055926,0.0048710778355598,0.00087964535,0.002230525,0.0033758879
MQAttn-QLSTM-VQR,9,1,0.7991763,0.7997784,0.8042417,0.80232096,0.0048710778355598,0.0006021261,0.0025425553,0.005065441
MQAttn-QLSTM-VQR,9,1,0.7941523,0.794612,0.7991763,0.79296273,0.0048710778355598,0.00045967102,0.0016492605,0.0050239563
MQAttn-QLSTM-VQR,9,1,0.7889101,0.7902456,0.7941523,0.78846586,0.0048710778355598,0.0013355017,0.0017797351,0.0052422285
MQAttn-QLSTM-VQR,9,4,0.8801983,0.8782443,0.8857362,0.88166666,0.0048710778355598,0.001954019,0.0034223795,0.005537927
MQAttn-QLSTM-VQR,9,4,0.87600344,0.8739321,0.8801983,0.87332374,0.0048710778355598,0.002071321,0.0006083846,0.0041948557
MQAttn-QLSTM-VQR,9,4,0.87070644,0.871454,0.87600344,0.87643296,0.0048710778355598,0.00074756145,0.004978955,0.005297005
MQAttn-QLSTM-VQR,9,4,0.8656583,0.86512434,0.87070644,0.8645134,0.0048710778355598,0.0005339384,0.0006109476,0.005048156
MQAttn-QLSTM-VQR,9,4,0.8606751,0.86006343,0.8656583,0.85882026,0.0048710778355598,0.00061166286,0.0012431741,0.0049831867
MQAttn-QLSTM-VQR,9,4,0.85663897,0.85716367,0.8606751,0.85634005,0.0048710778355598,0.0005246997,0.000823617,0.0040361285
MQAttn-QLSTM-VQR,9,4,0.852874,0.8525524,0.85663897,0.85419565,0.0048710778355598,0.00032156706,0.0016432405,0.003764987
MQAttn-QLSTM-VQR,9,4,0.8484202,0.8482919,0.852874,0.8502348,0.0048710778355598,0.0001283288,0.0019429326,0.0044537783
MQAttn-QLSTM-VQR,9,4,0.84379214,0.84313285,0.8484202,0.84026927,0.0048710778355598,0.000659287,0.002863586,0.0046280622
MQAttn-QLSTM-VQR,9,4,0.8390866,0.83878875,0.84379214,0.8402345,0.0048710778355598,0.0002978444,0.0014457703,0.0047055483
MQAttn-QLSTM-VQR,9,4,0.8359679,0.8337298,0.8390866,0.834485,0.0048710778355598,0.0022380948,0.00075519085,0.0031186938
MQAttn-QLSTM-VQR,9,4,0.8341274,0.83115345,0.8359679,0.8322948,0.0048710778355598,0.0029739738,0.0011413693,0.0018404722
MQAttn-QLSTM-VQR,9,4,0.83205616,0.8298444,0.8341274,0.83432955,0.0048710778355598,0.0022117496,0.0044851303,0.0020712614
MQAttn-QLSTM-VQR,9,4,0.82886237,0.8281514,0.83205616,0.8319402,0.0048710778355598,0.0007109642,0.0037887692,0.0031937957
MQAttn-QLSTM-VQR,9,4,0.8244955,0.82518077,0.82886237,0.82366824,0.0048710778355598,0.0006852746,0.0015125275,0.0043668747
MQAttn-QLSTM-VQR,9,4,0.8203075,0.8211315,0.8244955,0.81606257,0.0048710778355598,0.0008240342,0.005068958,0.004188001
MQAttn-QLSTM-VQR,9,4,0.81791663,0.8169975,0.8203075,0.8181406,0.0048710778355598,0.0009191036,0.0011430979,0.0023908615
MQAttn-QLSTM-VQR,9,4,0.8179451,0.81418014,0.81791663,0.81540626,0.0048710778355598,0.003764987,0.0012261271,2.849102e-05
MQAttn-QLSTM-VQR,9,4,0.81777155,0.8134603,0.8179451,0.8217398,0.0048710778355598,0.0043112636,0.008279502,0.00017356873
MQAttn-QLSTM-VQR,9,4,0.8169127,0.8131278,0.81777155,0.8178603,0.0048710778355598,0.003784895,0.0047324896,0.0008588433
MQAttn-QLSTM-VQR,9,4,0.81486833,0.8125708,0.8169127,0.81382936,0.0048710778355598,0.0022975206,0.0012585521,0.0020443797
MQAttn-QLSTM-VQR,9,4,0.812696,0.8105189,0.81486833,0.8124174,0.0048710778355598,0.0021770597,0.0018984675,0.0021723509
MQAttn-QLSTM-VQR,9,4,0.8104845,0.80823356,0.812696,0.81091505,0.0048710778355598,0.0022509694,0.0026814938,0.0022114515
MQAttn-QLSTM-VQR classical twin,9,1,0.8946318,0.89428073,0.9022491,0.90152186,0.0048710778355598,0.00035107136,0.00724113,0.007617295
MQAttn-QLSTM-VQR classical twin,9,1,0.88623,0.886184,0.8946318,0.8875078,0.0048710778355598,4.6014786e-05,0.0013238192,0.008401811
MQAttn-QLSTM-VQR classical twin,9,1,0.8763994,0.8786448,0.88623,0.87623525,0.0048710778355598,0.0022454262,0.0024095774,0.009830594
MQAttn-QLSTM-VQR classical twin,9,1,0.8665276,0.87064505,0.8763994,0.8647164,0.0048710778355598,0.0041174293,0.0059286356,0.009871781
MQAttn-QLSTM-VQR classical twin,9,1,0.8593335,0.86257017,0.8665276,0.8563263,0.0048710778355598,0.0032366514,0.0062438846,0.007194102
MQAttn-QLSTM-VQR classical twin,9,1,0.85472035,0.85556316,0.8593335,0.851942,0.0048710778355598,0.0008428097,0.003621161,0.004613161
MQAttn-QLSTM-VQR classical twin,9,1,0.8519773,0.850285,0.85472035,0.85325265,0.0048710778355598,0.0016922951,0.0029676557,0.0027430654
MQAttn-QLSTM-VQR classical twin,9,1,0.8497642,0.8467305,0.8519773,0.85035527,0.0048710778355598,0.0030337572,0.0036247969,0.0022130609
MQAttn-QLSTM-VQR classical twin,9,1,0.84648204,0.8443473,0.8497642,0.8476322,0.0048710778355598,0.0021347404,0.0032849312,0.0032821894
MQAttn-QLSTM-VQR classical twin,9,1,0.8428964,0.84098756,0.84648204,0.84171885,0.0048710778355598,0.0019088387,0.0007312894,0.0035856366
MQAttn-QLSTM-VQR classical twin,9,1,0.8397796,0.83746225,0.8428964,0.8386773,0.0048710778355598,0.002317369,0.0012150407,0.0031167865
MQAttn-QLSTM-VQR classical twin,9,1,0.8368893,0.83480155,0.8397796,0.837412,0.0048710778355598,0.002087772,0.002610445,0.0028902888
MQAttn-QLSTM-VQR classical twin,9,1,0.8333598,0.83217025,0.8368893,0.8369826,0.0048710778355598,0.0011895299,0.00481236,0.0035295486
MQAttn-QLSTM-VQR classical twin,9,1,0.82954144,0.8295382,0.8333598,0.8270432,0.0048710778355598,3.2186508e-06,0.0024950504,0.0038183331
MQAttn-QLSTM-VQR classical twin,9,1,0.82449615,0.8257534,0.82954144,0.82566714,0.0048710778355598,0.0012572408,8.624792e-05,0.0050452948
MQAttn-QLSTM-VQR classical twin,9,1,0.8194581,0.82096213,0.82449615,0.82726884,0.0048710778355598,0.001504004,0.006306708,0.005038023
MQAttn-QLSTM-VQR classical twin,9,1,0.8147905,0.8155329,0.8194581,0.8133968,0.0048710778355598,0.00074243546,0.0021361113,0.0046676397
MQAttn-QLSTM-VQR classical twin,9,1,0.8103008,0.81096864,0.8147905,0.8097343,0.0048710778355598,0.00066781044,0.0012343526,0.0044896603
MQAttn-QLSTM-VQR classical twin,9,1,0.8076176,0.8060872,0.8103008,0.8073882,0.0048710778355598,0.0015304089,0.0013009906,0.0026832223
MQAttn-QLSTM-VQR classical twin,9,1,0.8042417,0.8033656,0.8076176,0.8055926,0.0048710778355598,0.0008761287,0.0022270083,0.0033758879
MQAttn-QLSTM-VQR classical twin,9,1,0.7991763,0.80010855,0.8042417,0.80232096,0.0048710778355598,0.00093227625,0.0022124052,0.005065441
MQAttn-QLSTM-VQR classical twin,9,1,0.7941523,0.7949299,0.7991763,0.79296273,0.0048710778355598,0.0007776022,0.0019671917,0.0050239563
MQAttn-QLSTM-VQR classical twin,9,1,0.7889101,0.7897356,0.7941523,0.78846586,0.0048710778355598,0.00082552433,0.0012697577,0.0052422285
MQAttn-QLSTM-VQR classical twin,9,4,0.8801983,0.8788085,0.8857362,0.88166666,0.0048710778355598,0.0013898015,0.002858162,0.005537927
MQAttn-QLSTM-VQR classical twin,9,4,0.87600344,0.8731451,0.8801983,0.87332374,0.0048710778355598,0.0028583407,0.00017863512,0.0041948557
MQAttn-QLSTM-VQR classical twin,9,4,0.87070644,0.8691599,0.87600344,0.87643296,0.0048710778355598,0.0015465617,0.007273078,0.005297005
MQAttn-QLSTM-VQR classical twin,9,4,0.8656583,0.8644224,0.87070644,0.8645134,0.0048710778355598,0.0012359023,9.101629e-05,0.005048156
MQAttn-QLSTM-VQR classical twin,9,4,0.8606751,0.86108387,0.8656583,0.85882026,0.0048710778355598,0.00040876865,0.0022636056,0.0049831867
MQAttn-QLSTM-VQR classical twin,9,4,0.85663897,0.8570409,0.8606751,0.85634005,0.0048710778355598,0.00040191412,0.0007008314,0.0040361285
MQAttn-QLSTM-VQR classical twin,9,4,0.852874,0.8519714,0.85663897,0.85419565,0.0048710778355598,0.00090259314,0.0022242665,0.003764987
MQAttn-QLSTM-VQR classical twin,9,4,0.8484202,0.8475742,0.852874,0.8502348,0.0048710778355598,0.0008460283,0.0026606321,0.0044537783
MQAttn-QLSTM-VQR classical twin,9,4,0.84379214,0.84295774,0.8484202,0.84026927,0.0048710778355598,0.0008344054,0.0026884675,0.0046280622
MQAttn-QLSTM-VQR classical twin,9,4,0.8390866,0.8383211,0.84379214,0.8402345,0.0048710778355598,0.00076550245,0.0019134283,0.0047055483
MQAttn-QLSTM-VQR classical twin,9,4,0.8359679,0.8337884,0.8390866,0.834485,0.0048710778355598,0.0021795034,0.0006965995,0.0031186938
MQAttn-QLSTM-VQR classical twin,9,4,0.8341274,0.83115697,0.8359679,0.8322948,0.0048710778355598,0.002970457,0.0011378527,0.0018404722
MQAttn-QLSTM-VQR classical twin,9,4,0.83205616,0.8296486,0.8341274,0.83432955,0.0048710778355598,0.0024075508,0.0046809316,0.0020712614
MQAttn-QLSTM-VQR classical twin,9,4,0.82886237,0.8281719,0.83205616,0.8319402,0.0048710778355598,0.0006904602,0.0037682652,0.0031937957
MQAttn-QLSTM-VQR classical twin,9,4,0.8244955,0.82506806,0.82886237,0.82366824,0.0048710778355598,0.0005725622,0.0013998151,0.0043668747
MQAttn-QLSTM-VQR classical twin,9,4,0.8203075,0.82075167,0.8244955,0.81606257,0.0048710778355598,0.0004441738,0.0046890974,0.004188001
MQAttn-QLSTM-VQR classical twin,9,4,0.81791663,0.81653905,0.8203075,0.8181406,0.0048710778355598,0.0013775826,0.0016015768,0.0023908615
MQAttn-QLSTM-VQR classical twin,9,4,0.8179451,0.813816,0.81791663,0.81540626,0.0048710778355598,0.0041291118,0.0015902519,2.849102e-05
MQAttn-QLSTM-VQR classical twin,9,4,0.81777155,0.81336266,0.8179451,0.8217398,0.0048710778355598,0.004408896,0.008377135,0.00017356873
MQAttn-QLSTM-VQR classical twin,9,4,0.8169127,0.81329167,0.81777155,0.8178603,0.0048710778355598,0.0036210418,0.0045686364,0.0008588433
MQAttn-QLSTM-VQR classical twin,9,4,0.81486833,0.81267077,0.8169127,0.81382936,0.0048710778355598,0.0021975636,0.0011585951,0.0020443797
MQAttn-QLSTM-VQR classical twin,9,4,0.812696,0.81072724,0.81486833,0.8124174,0.0048710778355598,0.0019687414,0.0016901493,0.0021723509
MQAttn-QLSTM-VQR classical twin,9,4,0.8104845,0.8084096,0.812696,0.81091505,0.0048710778355598,0.002074957,0.0025054812,0.0022114515
QLSTM,9,1,0.8946318,0.89493144,0.9022491,0.90152186,0.0048710778355598,0.00029963255,0.006590426,0.007617295
QLSTM,9,1,0.88623,0.8879698,0.8946318,0.8875078,0.0048710778355598,0.0017398,0.0004619956,0.008401811
QLSTM,9,1,0.8763994,0.8802865,0.88623,0.87623525,0.0048710778355598,0.003887117,0.004051268,0.009830594
QLSTM,9,1,0.8665276,0.87030387,0.8763994,0.8647164,0.0048710778355598,0.0037762523,0.0055874586,0.009871781
QLSTM,9,1,0.8593335,0.85996634,0.8665276,0.8563263,0.0048710778355598,0.0006328225,0.0036400557,0.007194102
QLSTM,9,1,0.85472035,0.8530018,0.8593335,0.851942,0.0048710778355598,0.0017185807,0.0010597706,0.004613161
QLSTM,9,1,0.8519773,0.84878904,0.85472035,0.85325265,0.0048710778355598,0.0031882524,0.004463613,0.0027430654
QLSTM,9,1,0.8497642,0.8475578,0.8519773,0.85035527,0.0048710778355598,0.0022064447,0.0027974844,0.0022130609
QLSTM,9,1,0.84648204,0.84428096,0.8497642,0.8476322,0.0048710778355598,0.0022010803,0.0033512712,0.0032821894
QLSTM,9,1,0.8428964,0.8410531,0.84648204,0.84171885,0.0048710778355598,0.0018432736,0.0006657243,0.0035856366
QLSTM,9,1,0.8397796,0.8378732,0.8428964,0.8386773,0.0048710778355598,0.001906395,0.00080406666,0.0031167865
QLSTM,9,1,0.8368893,0.83513397,0.8397796,0.837412,0.0048710778355598,0.0017553568,0.00227803,0.0028902888
QLSTM,9,1,0.8333598,0.83288115,0.8368893,0.8369826,0.0048710778355598,0.0004786253,0.004101455,0.0035295486
QLSTM,9,1,0.82954144,0.8301009,0.8333598,0.8270432,0.0048710778355598,0.0005594492,0.0030577183,0.0038183331
QLSTM,9,1,0.82449615,0.8274764,0.82954144,0.82566714,0.0048710778355598,0.0029802322,0.0018092394,0.0050452948
QLSTM,9,1,0.8194581,0.82192695,0.82449615,0.82726884,0.0048710778355598,0.0024688244,0.0053418875,0.005038023
QLSTM,9,1,0.8147905,0.81840837,0.8194581,0.8133968,0.0048710778355598,0.0036178827,0.0050115585,0.0046676397
QLSTM,9,1,0.8103008,0.81224245,0.8147905,0.8097343,0.0048710778355598,0.0019416213,0.0025081635,0.0044896603
QLSTM,9,1,0.8076176,0.8062096,0.8103008,0.8073882,0.0048710778355598,0.0014079809,0.0011785626,0.0026832223
QLSTM,9,1,0.8042417,0.80311745,0.8076176,0.8055926,0.0048710778355598,0.0011242628,0.0024751425,0.0033758879
QLSTM,9,1,0.7991763,0.80016375,0.8042417,0.80232096,0.0048710778355598,0.0009874701,0.0021572113,0.005065441
QLSTM,9,1,0.7941523,0.7933376,0.7991763,0.79296273,0.0048710778355598,0.0008147359,0.0003748536,0.0050239563
QLSTM,9,1,0.7889101,0.78882265,0.7941523,0.78846586,0.0048710778355598,8.7440014e-05,0.0003567934,0.0052422285
QLSTM,9,4,0.8801983,0.8791746,0.8857362,0.88166666,0.0048710778355598,0.0010237098,0.0024920702,0.005537927
QLSTM,9,4,0.87600344,0.87394875,0.8801983,0.87332374,0.0048710778355598,0.0020546913,0.0006250143,0.0041948557
QLSTM,9,4,0.87070644,0.86989504,0.87600344,0.87643296,0.0048710778355598,0.00081139803,0.0065379143,0.005297005
QLSTM,9,4,0.8656583,0.8652013,0.87070644,0.8645134,0.0048710778355598,0.0004569888,0.0006878972,0.005048156
QLSTM,9,4,0.8606751,0.86012876,0.8656583,0.85882026,0.0048710778355598,0.0005463362,0.0013085008,0.0049831867
QLSTM,9,4,0.85663897,0.8560601,0.8606751,0.85634005,0.0048710778355598,0.0005788803,0.00027996302,0.0040361285
QLSTM,9,4,0.852874,0.85187286,0.85663897,0.85419565,0.0048710778355598,0.0010011196,0.002322793,0.003764987
QLSTM,9,4,0.8484202,0.8488008,0.852874,0.8502348,0.0048710778355598,0.00038057566,0.0014340281,0.0044537783
QLSTM,9,4,0.84379214,0.84326196,0.8484202,0.84026927,0.0048710778355598,0.0005301833,0.0029926896,0.0046280622
QLSTM,9,4,0.8390866,0.83855695,0.84379214,0.8402345,0.0048710778355598,0.0005296469,0.0016775727,0.0047055483
QLSTM,9,4,0.8359679,0.8332379,0.8390866,0.834485,0.0048710778355598,0.002730012,0.001247108,0.0031186938
QLSTM,9,4,0.8341274,0.8308806,0.8359679,0.8322948,0.0048710778355598,0.0032468438,0.0014142394,0.0018404722
QLSTM,9,4,0.83205616,0.8283502,0.8341274,0.83432955,0.0048710778355598,0.0037059784,0.005979359,0.0020712614
QLSTM,9,4,0.82886237,0.82669413,0.83205616,0.8319402,0.0048710778355598,0.0021682382,0.005246043,0.0031937957
QLSTM,9,4,0.8244955,0.82430696,0.82886237,0.82366824,0.0048710778355598,0.00018852949,0.0006387234,0.0043668747
QLSTM,9,4,0.8203075,0.8228814,0.8244955,0.81606257,0.0048710778355598,0.0025739074,0.006818831,0.004188001
QLSTM,9,4,0.81791663,0.81826794,0.8203075,0.8181406,0.0048710778355598,0.00035130978,0.00012731552,0.0023908615
QLSTM,9,4,0.8179451,0.8150506,0.81791663,0.81540626,0.0048710778355598,0.0028945208,0.00035566092,2.849102e-05
QLSTM,9,4,0.81777155,0.8139746,0.8179451,0.8217398,0.0048710778355598,0.003796935,0.007765174,0.00017356873
QLSTM,9,4,0.8169127,0.8155359,0.81777155,0.8178603,0.0048710778355598,0.0013768077,0.0023244023,0.0008588433
QLSTM,9,4,0.81486833,0.8120775,0.8169127,0.81382936,0.0048710778355598,0.0027908087,0.0017518401,0.0020443797
QLSTM,9,4,0.812696,0.8095605,0.81486833,0.8124174,0.0048710778355598,0.0031355023,0.0028569102,0.0021723509
QLSTM,9,4,0.8104845,0.806191,0.812696,0.81091505,0.0048710778355598,0.0042935014,0.0047240257,0.0022114515
LSTM,9,1,0.8946318,0.8954075,0.9022491,0.90152186,0.0048710778355598,0.00077569485,0.0061143637,0.007617295
LSTM,9,1,0.88623,0.8877822,0.8946318,0.8875078,0.0048710778355598,0.0015522242,0.00027441978,0.008401811
LSTM,9,1,0.8763994,0.87922007,0.88623,0.87623525,0.0048710778355598,0.0028206706,0.0029848218,0.009830594
LSTM,9,1,0.8665276,0.8695665,0.8763994,0.8647164,0.0048710778355598,0.0030388832,0.0048500896,0.009871781
LSTM,9,1,0.8593335,0.86119604,0.8665276,0.8563263,0.0048710778355598,0.0018625259,0.004869759,0.007194102
LSTM,9,1,0.85472035,0.8549039,0.8593335,0.851942,0.0048710778355598,0.0001835227,0.002961874,0.004613161
LSTM,9,1,0.8519773,0.85244775,0.85472035,0.85325265,0.0048710778355598,0.00047045946,0.0008049011,0.0027430654
LSTM,9,1,0.8497642,0.84674716,0.8519773,0.85035527,0.0048710778355598,0.003017068,0.0036081076,0.0022130609
LSTM,9,1,0.84648204,0.84462523,0.8497642,0.8476322,0.0048710778355598,0.0018568039,0.0030069947,0.0032821894
LSTM,9,1,0.8428964,0.8412914,0.84648204,0.84171885,0.0048710778355598,0.0016049743,0.0004274249,0.0035856366
LSTM,9,1,0.8397796,0.83769417,0.8428964,0.8386773,0.0048710778355598,0.0020854473,0.000983119,0.0031167865
LSTM,9,1,0.8368893,0.8344599,0.8397796,0.837412,0.0048710778355598,0.0024294257,0.0029520988,0.0028902888
LSTM,9,1,0.8333598,0.83210266,0.8368893,0.8369826,0.0048710778355598,0.0012571216,0.0048799515,0.0035295486
LSTM,9,1,0.82954144,0.83089703,0.8333598,0.8270432,0.0048710778355598,0.0013555884,0.0038538575,0.0038183331
LSTM,9,1,0.82449615,0.8271954,0.82954144,0.82566714,0.0048710778355598,0.002699256,0.0015282631,0.0050452948
LSTM,9,1,0.8194581,0.8216401,0.82449615,0.82726884,0.0048710778355598,0.0021819472,0.0056287646,0.005038023
LSTM,9,1,0.8147905,0.81799084,0.8194581,0.8133968,0.0048710778355598,0.0032003522,0.004594028,0.0046676397
LSTM,9,1,0.8103008,0.81164086,0.8147905,0.8097343,0.0048710778355598,0.0013400316,0.0019065738,0.0044896603
LSTM,9,1,0.8076176,0.80570406,0.8103008,0.8073882,0.0048710778355598,0.0019135475,0.0016841292,0.0026832223
LSTM,9,1,0.8042417,0.80259836,0.8076176,0.8055926,0.0048710778355598,0.0016433597,0.0029942393,0.0033758879
LSTM,9,1,0.7991763,0.7995663,0.8042417,0.80232096,0.0048710778355598,0.0003900528,0.0027546287,0.005065441
LSTM,9,1,0.7941523,0.7943329,0.7991763,0.79296273,0.0048710778355598,0.00018060207,0.0013701916,0.0050239563
LSTM,9,1,0.7889101,0.7894337,0.7941523,0.78846586,0.0048710778355598,0.0005236268,0.0009678602,0.0052422285
LSTM,9,4,0.8801983,0.87996864,0.8857362,0.88166666,0.0048710778355598,0.0002296567,0.0016980171,0.005537927
LSTM,9,4,0.87600344,0.87460065,0.8801983,0.87332374,0.0048710778355598,0.0014027953,0.0012769103,0.0041948557
LSTM,9,4,0.87070644,0.8707199,0.87600344,0.87643296,0.0048710778355598,1.347065e-05,0.0057130456,0.005297005
LSTM,9,4,0.8656583,0.8652055,0.87070644,0.8645134,0.0048710778355598,0.00045275688,0.00069212914,0.005048156
LSTM,9,4,0.8606751,0.86073303,0.8656583,0.85882026,0.0048710778355598,5.7935715e-05,0.0019127727,0.0049831867
LSTM,9,4,0.85663897,0.85628843,0.8606751,0.85634005,0.0048710778355598,0.00035053492,5.1617622e-05,0.0040361285
LSTM,9,4,0.852874,0.85396105,0.85663897,0.85419565,0.0048710778355598,0.0010870695,0.00023460388,0.003764987
LSTM,9,4,0.8484202,0.8478193,0.852874,0.8502348,0.0048710778355598,0.0006008744,0.0024154782,0.0044537783
LSTM,9,4,0.84379214,0.8431896,0.8484202,0.84026927,0.0048710778355598,0.00060254335,0.0029203296,0.0046280622
LSTM,9,4,0.8390866,0.8386359,0.84379214,0.8402345,0.0048710778355598,0.00045067072,0.0015985966,0.0047055483
LSTM,9,4,0.8359679,0.83382076,0.8390866,0.834485,0.0048710778355598,0.0021471381,0.00066423416,0.0031186938
LSTM,9,4,0.8341274,0.8307954,0.8359679,0.8322948,0.0048710778355598,0.0033320189,0.0014994144,0.0018404722
LSTM,9,4,0.83205616,0.8289812,0.8341274,0.83432955,0.0048710778355598,0.003074944,0.005348325,0.0020712614
LSTM,9,4,0.82886237,0.82774514,0.83205616,0.8319402,0.0048710778355598,0.0011172295,0.0041950345,0.0031937957
LSTM,9,4,0.8244955,0.8255412,0.82886237,0.82366824,0.0048710778355598,0.0010457039,0.0018729568,0.0043668747
LSTM,9,4,0.8203075,0.8232995,0.8244955,0.81606257,0.0048710778355598,0.002992034,0.0072369576,0.004188001
LSTM,9,4,0.81791663,0.8178156,0.8203075,0.8181406,0.0048710778355598,0.00010102987,0.00032502413,0.0023908615
LSTM,9,4,0.8179451,0.81611854,0.81791663,0.81540626,0.0048710778355598,0.0018265843,0.0007122755,2.849102e-05
LSTM,9,4,0.81777155,0.8127281,0.8179451,0.8217398,0.0048710778355598,0.005043447,0.009011686,0.00017356873
LSTM,9,4,0.8169127,0.8159769,0.81777155,0.8178603,0.0048710778355598,0.0009357929,0.0018833876,0.0008588433
LSTM,9,4,0.81486833,0.81227535,0.8169127,0.81382936,0.0048710778355598,0.0025929809,0.0015540123,0.0020443797
LSTM,9,4,0.812696,0.8103226,0.81486833,0.8124174,0.0048710778355598,0.0023733974,0.0020948052,0.0021723509
LSTM,9,4,0.8104845,0.80794483,0.812696,0.81091505,0.0048710778355598,0.0025396943,0.0029702187,0.0022114515
GRU,9,1,0.8946318,0.8941006,0.9022491,0.90152186,0.0048710778355598,0.0005311966,0.007421255,0.007617295
GRU,9,1,0.88623,0.8864352,0.8946318,0.8875078,0.0048710778355598,0.00020521879,0.0010725856,0.008401811
GRU,9,1,0.8763994,0.88070345,0.88623,0.87623525,0.0048710778355598,0.0043040514,0.0044682026,0.009830594
GRU,9,1,0.8665276,0.8710421,0.8763994,0.8647164,0.0048710778355598,0.004514456,0.006325662,0.009871781
GRU,9,1,0.8593335,0.8610908,0.8665276,0.8563263,0.0048710778355598,0.0017572641,0.0047644973,0.007194102
GRU,9,1,0.85472035,0.8546772,0.8593335,0.851942,0.0048710778355598,4.3153763e-05,0.0027351975,0.004613161
GRU,9,1,0.8519773,0.8502809,0.85472035,0.85325265,0.0048710778355598,0.0016964078,0.0029717684,0.0027430654
GRU,9,1,0.8497642,0.8475378,0.8519773,0.85035527,0.0048710778355598,0.0022264123,0.002817452,0.0022130609
GRU,9,1,0.84648204,0.84532475,0.8497642,0.8476322,0.0048710778355598,0.0011572838,0.0023074746,0.0032821894
GRU,9,1,0.8428964,0.84204257,0.84648204,0.84171885,0.0048710778355598,0.00085383654,0.00032371283,0.0035856366
GRU,9,1,0.8397796,0.8384569,0.8428964,0.8386773,0.0048710778355598,0.0013226867,0.00022035837,0.0031167865
GRU,9,1,0.8368893,0.83534014,0.8397796,0.837412,0.0048710778355598,0.0015491843,0.0020718575,0.0028902888
GRU,9,1,0.8333598,0.83244985,0.8368893,0.8369826,0.0048710778355598,0.0009099245,0.0045327544,0.0035295486
GRU,9,1,0.82954144,0.8289203,0.8333598,0.8270432,0.0048710778355598,0.00062114,0.0018771291,0.0038183331
GRU,9,1,0.82449615,0.825102,0.82954144,0.82566714,0.0048710778355598,0.0006058216,0.00056517124,0.0050452948
GRU,9,1,0.8194581,0.8200567,0.82449615,0.82726884,0.0048710778355598,0.00059854984,0.007212162,0.005038023
GRU,9,1,0.8147905,0.81501865,0.8194581,0.8133968,0.0048710778355598,0.00022816658,0.0016218424,0.0046676397
GRU,9,1,0.8103008,0.810351,0.8147905,0.8097343,0.0048710778355598,5.018711e-05,0.00061672926,0.0044896603
GRU,9,1,0.8076176,0.80586135,0.8103008,0.8073882,0.0048710778355598,0.0017562509,0.0015268326,0.0026832223
GRU,9,1,0.8042417,0.80317813,0.8076176,0.8055926,0.0048710778355598,0.0010635853,0.002414465,0.0033758879
GRU,9,1,0.7991763,0.79980224,0.8042417,0.80232096,0.0048710778355598,0.000625968,0.0025187135,0.005065441
GRU,9,1,0.7941523,0.7947368,0.7991763,0.79296273,0.0048710778355598,0.00058448315,0.0017740726,0.0050239563
GRU,9,1,0.7889101,0.78971285,0.7941523,0.78846586,0.0048710778355598,0.00080275536,0.0012469888,0.0052422285
GRU,9,4,0.8801983,0.87826765,0.8857362,0.88166666,0.0048710778355598,0.001930654,0.0033990145,0.005537927
GRU,9,4,0.87600344,0.8738609,0.8801983,0.87332374,0.0048710778355598,0.0021425486,0.00053715706,0.0041948557
GRU,9,4,0.87070644,0.871564,0.87600344,0.87643296,0.0048710778355598,0.000857532,0.004868984,0.005297005
GRU,9,4,0.8656583,0.86626697,0.87070644,0.8645134,0.0048710778355598,0.00060868263,0.0017535686,0.005048156
GRU,9,4,0.8606751,0.8612188,0.8656583,0.85882026,0.0048710778355598,0.00054371357,0.0023985505,0.0049831867
GRU,9,4,0.85663897,0.8562356,0.8606751,0.85634005,0.0048710778355598,0.00040334463,0.00010442734,0.0040361285
GRU,9,4,0.852874,0.8521995,0.85663897,0.85419565,0.0048710778355598,0.00067448616,0.0019961596,0.003764987
GRU,9,4,0.8484202,0.8484345,0.852874,0.8502348,0.0048710778355598,1.4305115e-05,0.0018002987,0.0044537783
GRU,9,4,0.84379214,0.8439807,0.8484202,0.84026927,0.0048710778355598,0.0001885891,0.003711462,0.0046280622
GRU,9,4,0.8390866,0.83935267,0.84379214,0.8402345,0.0048710778355598,0.00026607513,0.0008818507,0.0047055483
GRU,9,4,0.8359679,0.8346471,0.8390866,0.834485,0.0048710778355598,0.0013207793,0.00016212463,0.0031186938
GRU,9,4,0.8341274,0.8315284,0.8359679,0.8322948,0.0048710778355598,0.002599001,0.0007663965,0.0018404722
GRU,9,4,0.83205616,0.82968795,0.8341274,0.83432955,0.0048710778355598,0.0023682117,0.0046415925,0.0020712614
GRU,9,4,0.82886237,0.8276167,0.83205616,0.8319402,0.0048710778355598,0.0012456775,0.0043234825,0.0031937957
GRU,9,4,0.8244955,0.8244229,0.82886237,0.82366824,0.0048710778355598,7.259846e-05,0.0007546544,0.0043668747
GRU,9,4,0.8203075,0.820056,0.8244955,0.81606257,0.0048710778355598,0.000251472,0.0039934516,0.004188001
GRU,9,4,0.81791663,0.815868,0.8203075,0.8181406,0.0048710778355598,0.0020486116,0.002272606,0.0023908615
GRU,9,4,0.8179451,0.81347716,0.81791663,0.81540626,0.0048710778355598,0.004467964,0.0019291043,2.849102e-05
GRU,9,4,0.81777155,0.81350565,0.8179451,0.8217398,0.0048710778355598,0.0042659044,0.008234143,0.00017356873
GRU,9,4,0.8169127,0.81325316,0.81777155,0.8178603,0.0048710778355598,0.0036595464,0.004607141,0.0008588433
GRU,9,4,0.81486833,0.81207454,0.8169127,0.81382936,0.0048710778355598,0.002793789,0.0017548203,0.0020443797
GRU,9,4,0.812696,0.8093768,0.81486833,0.8124174,0.0048710778355598,0.0033192039,0.0030406117,0.0021723509
GRU,9,4,0.8104845,0.8082565,0.812696,0.81091505,0.0048710778355598,0.0022280216,0.002658546,0.0022114515
MLP,9,1,0.8946318,0.8974601,0.9022491,0.90152186,0.0048710778355598,0.0028283,0.0040617585,0.007617295
MLP,9,1,0.88623,0.8919897,0.8946318,0.8875078,0.0048710778355598,0.005759716,0.0044819117,0.008401811
MLP,9,1,0.8763994,0.8776547,0.88623,0.87623525,0.0048710778355598,0.0012552738,0.001419425,0.009830594
MLP,9,1,0.8665276,0.86816645,0.8763994,0.8647164,0.0048710778355598,0.0016388297,0.003450036,0.009871781
MLP,9,1,0.8593335,0.8604117,0.8665276,0.8563263,0.0048710778355598,0.0010781884,0.0040854216,0.007194102
MLP,9,1,0.85472035,0.8534764,0.8593335,0.851942,0.0048710778355598,0.0012439489,0.0015344024,0.004613161
MLP,9,1,0.8519773,0.8522188,0.85472035,0.85325265,0.0048710778355598,0.00024151802,0.0010338426,0.0027430654
MLP,9,1,0.8497642,0.8496976,0.8519773,0.85035527,0.0048710778355598,6.663799e-05,0.00065767765,0.0022130609
MLP,9,1,0.84648204,0.85180104,0.8497642,0.8476322,0.0048710778355598,0.0053189993,0.0041688085,0.0032821894
MLP,9,1,0.8428964,0.8353641,0.84648204,0.84171885,0.0048710778355598,0.0075322986,0.006354749,0.0035856366
MLP,9,1,0.8397796,0.8418667,0.8428964,0.8386773,0.0048710778355598,0.0020870566,0.003189385,0.0031167865
MLP,9,1,0.8368893,0.83877265,0.8397796,0.837412,0.0048710778355598,0.001883328,0.0013606548,0.0028902888
MLP,9,1,0.8333598,0.83135533,0.8368893,0.8369826,0.0048710778355598,0.0020044446,0.0056272745,0.0035295486
MLP,9,1,0.82954144,0.8289722,0.8333598,0.8270432,0.0048710778355598,0.00056922436,0.0019290447,0.0038183331
MLP,9,1,0.82449615,0.83328843,0.82954144,0.82566714,0.0048710778355598,0.008792281,0.0076212883,0.0050452948
MLP,9,1,0.8194581,0.8310221,0.82449615,0.82726884,0.0048710778355598,0.011563957,0.0037532449,0.005038023
MLP,9,1,0.8147905,0.8231624,0.8194581,0.8133968,0.0048710778355598,0.00837189,0.009765565,0.0046676397
MLP,9,1,0.8103008,0.8167753,0.8147905,0.8097343,0.0048710778355598,0.006474495,0.007041037,0.0044896603
MLP,9,1,0.8076176,0.8133306,0.8103008,0.8073882,0.0048710778355598,0.005712986,0.0059424043,0.0026832223
MLP,9,1,0.8042417,0.8084435,0.8076176,0.8055926,0.0048710778355598,0.00420177,0.0028508902,0.0033758879
MLP,9,1,0.7991763,0.79354596,0.8042417,0.80232096,0.0048710778355598,0.0056303144,0.008774996,0.005065441
MLP,9,1,0.7941523,0.7999695,0.7991763,0.79296273,0.0048710778355598,0.005817175,0.0070067644,0.0050239563
MLP,9,1,0.7889101,0.7893875,0.7941523,0.78846586,0.0048710778355598,0.0004774332,0.0009216666,0.0052422285
MLP,9,4,0.8801983,0.87875557,0.8857362,0.88166666,0.0048710778355598,0.0014427304,0.0029110909,0.005537927
MLP,9,4,0.87600344,0.8723619,0.8801983,0.87332374,0.0048710778355598,0.0036415458,0.00096184015,0.0041948557
MLP,9,4,0.87070644,0.86532825,0.87600344,0.87643296,0.0048710778355598,0.0053781867,0.011104703,0.005297005
MLP,9,4,0.8656583,0.8689098,0.87070644,0.8645134,0.0048710778355598,0.003251493,0.004396379,0.005048156
MLP,9,4,0.8606751,0.8637548,0.8656583,0.85882026,0.0048710778355598,0.0030797124,0.0049345493,0.0049831867
MLP,9,4,0.85663897,0.858227,0.8606751,0.85634005,0.0048710778355598,0.0015880466,0.0018869638,0.0040361285
MLP,9,4,0.852874,0.8547087,0.85663897,0.85419565,0.0048710778355598,0.0018346906,0.0005130172,0.003764987
MLP,9,4,0.8484202,0.8464066,0.852874,0.8502348,0.0048710778355598,0.0020136237,0.0038282275,0.0044537783
MLP,9,4,0.84379214,0.8469086,0.8484202,0.84026927,0.0048710778355598,0.0031164885,0.0066393614,0.0046280622
MLP,9,4,0.8390866,0.840412,0.84379214,0.8402345,0.0048710778355598,0.0013254285,0.00017750263,0.0047055483
MLP,9,4,0.8359679,0.83230317,0.8390866,0.834485,0.0048710778355598,0.003664732,0.002181828,0.0031186938
MLP,9,4,0.8341274,0.83227396,0.8359679,0.8322948,0.0048710778355598,0.001853466,2.0861626e-05,0.0018404722
MLP,9,4,0.83205616,0.8336552,0.8341274,0.83432955,0.0048710778355598,0.0015990138,0.00067436695,0.0020712614
MLP,9,4,0.82886237,0.8330521,0.83205616,0.8319402,0.0048710778355598,0.0041897297,0.0011119246,0.0031937957
MLP,9,4,0.8244955,0.8323641,0.82886237,0.82366824,0.0048710778355598,0.007868588,0.008695841,0.0043668747
MLP,9,4,0.8203075,0.82535857,0.8244955,0.81606257,0.0048710778355598,0.0050510764,0.009296,0.004188001
MLP,9,4,0.81791663,0.8167996,0.8203075,0.8181406,0.0048710778355598,0.0011170506,0.0013410449,0.0023908615
MLP,9,4,0.8179451,0.81222945,0.81791663,0.81540626,0.0048710778355598,0.005715668,0.0031768084,2.849102e-05
MLP,9,4,0.81777155,0.8136858,0.8179451,0.8217398,0.0048710778355598,0.004085779,0.008054018,0.00017356873
MLP,9,4,0.8169127,0.8145501,0.81777155,0.8178603,0.0048710778355598,0.002362609,0.0033102036,0.0008588433
MLP,9,4,0.81486833,0.8145311,0.8169127,0.81382936,0.0048710778355598,0.00033724308,0.0007017255,0.0020443797
MLP,9,4,0.812696,0.81374604,0.81486833,0.8124174,0.0048710778355598,0.001050055,0.0013286471,0.0021723509
MLP,9,4,0.8104845,0.81539816,0.812696,0.81091505,0.0048710778355598,0.004913628,0.0044831038,0.0022114515
Seq2Seq,9,1,0.8946318,0.89462596,0.9022491,0.90152186,0.0048710778355598,5.841255e-06,0.0068959,0.007617295
Seq2Seq,9,1,0.88623,0.88694495,0.8946318,0.8875078,0.0048710778355598,0.0007149577,0.00056284666,0.008401811
Seq2Seq,9,1,0.8763994,0.8784474,0.88623,0.87623525,0.0048710778355598,0.0020480156,0.0022121668,0.009830594
Seq2Seq,9,1,0.8665276,0.8689477,0.8763994,0.8647164,0.0048710778355598,0.0024200678,0.004231274,0.009871781
Seq2Seq,9,1,0.8593335,0.8607685,0.8665276,0.8563263,0.0048710778355598,0.0014349818,0.004442215,0.007194102
Seq2Seq,9,1,0.85472035,0.85636055,0.8593335,0.851942,0.0048710778355598,0.0016402006,0.004418552,0.004613161
Seq2Seq,9,1,0.8519773,0.85119367,0.85472035,0.85325265,0.0048710778355598,0.00078362226,0.0020589828,0.0027430654
Seq2Seq,9,1,0.8497642,0.8480629,0.8519773,0.85035527,0.0048710778355598,0.001701355,0.0022923946,0.0022130609
Seq2Seq,9,1,0.84648204,0.8441562,0.8497642,0.8476322,0.0048710778355598,0.0023258328,0.0034760237,0.0032821894
Seq2Seq,9,1,0.8428964,0.8400486,0.84648204,0.84171885,0.0048710778355598,0.0028477907,0.0016702414,0.0035856366
Seq2Seq,9,1,0.8397796,0.8366316,0.8428964,0.8386773,0.0048710778355598,0.0031480193,0.002045691,0.0031167865
Seq2Seq,9,1,0.8368893,0.8335914,0.8397796,0.837412,0.0048710778355598,0.003297925,0.0038205981,0.0028902888
Seq2Seq,9,1,0.8333598,0.8320391,0.8368893,0.8369826,0.0048710778355598,0.0013206601,0.00494349,0.0035295486
Seq2Seq,9,1,0.82954144,0.8292976,0.8333598,0.8270432,0.0048710778355598,0.0002438426,0.0022544265,0.0038183331
Seq2Seq,9,1,0.82449615,0.82573986,0.82954144,0.82566714,0.0048710778355598,0.0012437105,7.271767e-05,0.0050452948
Seq2Seq,9,1,0.8194581,0.8202518,0.82449615,0.82726884,0.0048710778355598,0.00079369545,0.0070170164,0.005038023
Seq2Seq,9,1,0.8147905,0.8160269,0.8194581,0.8133968,0.0048710778355598,0.0012364388,0.0026301146,0.0046676397
Seq2Seq,9,1,0.8103008,0.81051546,0.8147905,0.8097343,0.0048710778355598,0.00021463633,0.0007811785,0.0044896603
Seq2Seq,9,1,0.8076176,0.805648,0.8103008,0.8073882,0.0048710778355598,0.0019695759,0.0017401576,0.0026832223
Seq2Seq,9,1,0.8042417,0.8035724,0.8076176,0.8055926,0.0048710778355598,0.00066930056,0.0020201802,0.0033758879
Seq2Seq,9,1,0.7991763,0.8010126,0.8042417,0.80232096,0.0048710778355598,0.0018362999,0.0013083816,0.005065441
Seq2Seq,9,1,0.7941523,0.79454356,0.7991763,0.79296273,0.0048710778355598,0.0003912449,0.0015808344,0.0050239563
Seq2Seq,9,1,0.7889101,0.78966033,0.7941523,0.78846586,0.0048710778355598,0.00075024366,0.0011944771,0.0052422285
Seq2Seq,9,4,0.8801983,0.8787955,0.8857362,0.88166666,0.0048710778355598,0.0014027953,0.0028711557,0.005537927
Seq2Seq,9,4,0.87600344,0.87309104,0.8801983,0.87332374,0.0048710778355598,0.0029124022,0.00023269653,0.0041948557
Seq2Seq,9,4,0.87070644,0.8697815,0.87600344,0.87643296,0.0048710778355598,0.0009249449,0.006651461,0.005297005
Seq2Seq,9,4,0.8656583,0.86394316,0.87070644,0.8645134,0.0048710778355598,0.0017151237,0.00057023764,0.005048156
Seq2Seq,9,4,0.8606751,0.86045337,0.8656583,0.85882026,0.0048710778355598,0.00022172928,0.0016331077,0.0049831867
Seq2Seq,9,4,0.85663897,0.8571338,0.8606751,0.85634005,0.0048710778355598,0.00049483776,0.00079375505,0.0040361285
Seq2Seq,9,4,0.852874,0.8521157,0.85663897,0.85419565,0.0048710778355598,0.0007582903,0.0020799637,0.003764987
Seq2Seq,9,4,0.8484202,0.84803814,0.852874,0.8502348,0.0048710778355598,0.00038206577,0.0021966696,0.0044537783
Seq2Seq,9,4,0.84379214,0.84292936,0.8484202,0.84026927,0.0048710778355598,0.00086277723,0.0026600957,0.0046280622
Seq2Seq,9,4,0.8390866,0.8376102,0.84379214,0.8402345,0.0048710778355598,0.001476407,0.002624333,0.0047055483
Seq2Seq,9,4,0.8359679,0.8326473,0.8390866,0.834485,0.0048710778355598,0.0033205748,0.0018376708,0.0031186938
Seq2Seq,9,4,0.8341274,0.8297435,0.8359679,0.8322948,0.0048710778355598,0.0043839216,0.0025513172,0.0018404722
Seq2Seq,9,4,0.83205616,0.828934,0.8341274,0.83432955,0.0048710778355598,0.003122151,0.0053955317,0.0020712614
Seq2Seq,9,4,0.82886237,0.8276072,0.83205616,0.8319402,0.0048710778355598,0.0012551546,0.0043329597,0.0031937957
Seq2Seq,9,4,0.8244955,0.82446575,0.82886237,0.82366824,0.0048710778355598,2.9742718e-05,0.00079751015,0.0043668747
Seq2Seq,9,4,0.8203075,0.82098234,0.8244955,0.81606257,0.0048710778355598,0.0006748438,0.0049197674,0.004188001
Seq2Seq,9,4,0.81791663,0.81635445,0.8203075,0.8181406,0.0048710778355598,0.0015621781,0.0017861724,0.0023908615
Seq2Seq,9,4,0.8179451,0.81368464,0.81791663,0.81540626,0.0048710778355598,0.0042604804,0.0017216206,2.849102e-05
Seq2Seq,9,4,0.81777155,0.81278676,0.8179451,0.8217398,0.0048710778355598,0.004984796,0.008953035,0.00017356873
Seq2Seq,9,4,0.8169127,0.8144434,0.81777155,0.8178603,0.0048710778355598,0.0024693012,0.0034168959,0.0008588433
Seq2Seq,9,4,0.81486833,0.81279445,0.8169127,0.81382936,0.0048710778355598,0.002073884,0.0010349154,0.0020443797
Seq2Seq,9,4,0.812696,0.8110733,0.81486833,0.8124174,0.0048710778355598,0.0016226768,0.0013440847,0.0021723509
Seq2Seq,9,4,0.8104845,0.80705655,0.812696,0.81091505,0.0048710778355598,0.0034279823,0.0038585067,0.0022114515
Persistence,10,13,0.8930472,0.8964759,0.8964759,0.89387727,0.0048013529740273,0.0034286976,0.0025986433,0.0034286976
Persistence,10,13,0.8907072,0.8930472,0.8930472,0.8872821,0.0048013529740273,0.0023400187,0.00576514,0.0023400187
Persistence,10,13,0.8883932,0.8907072,0.8907072,0.8906314,0.0048013529740273,0.0023139715,7.581711e-05,0.0023139715
Persistence,10,13,0.8863955,0.8883932,0.8883932,0.8858322,0.0048013529740273,0.0019977093,0.0025610328,0.0019977093
Persistence,10,13,0.88359916,0.8863955,0.8863955,0.8848437,0.0048013529740273,0.002796352,0.0015518069,0.002796352
Persistence,10,13,0.8774282,0.88359916,0.88359916,0.8797299,0.0048013529740273,0.006170988,0.0038692355,0.006170988
Persistence,10,13,0.8695672,0.8774282,0.8774282,0.87848204,0.0048013529740273,0.007860959,0.0010538697,0.007860959
Persistence,10,13,0.8588963,0.8695672,0.8695672,0.8601056,0.0048013529740273,0.0106709,0.009461641,0.0106709
Persistence,10,13,0.8479537,0.8588963,0.8588963,0.8327076,0.0048013529740273,0.010942638,0.026188731,0.010942638
Persistence,10,13,0.8373971,0.8479537,0.8479537,0.83351034,0.0048013529740273,0.010556579,0.014443338,0.010556579
Persistence,10,13,0.8283904,0.8373971,0.8373971,0.8292711,0.0048013529740273,0.009006679,0.00812602,0.009006679
Persistence,10,13,0.8245567,0.8283904,0.8283904,0.82093954,0.0048013529740273,0.0038337111,0.0074508786,0.0038337111
Persistence,10,13,0.8225701,0.8245567,0.8245567,0.82007676,0.0048013529740273,0.0019866228,0.0044799447,0.0019866228
Persistence,10,13,0.8222444,0.8225701,0.8225701,0.82287234,0.0048013529740273,0.00032567978,0.00030225515,0.00032567978
Persistence,10,13,0.8219162,0.8222444,0.8222444,0.82472265,0.0048013529740273,0.00032818317,0.002478242,0.00032818317
Persistence,10,13,0.82016605,0.8219162,0.8219162,0.82127243,0.0048013529740273,0.0017501712,0.00064378977,0.0017501712
Persistence,10,13,0.81786996,0.82016605,0.82016605,0.8146525,0.0048013529740273,0.0022960901,0.005513549,0.0022960901
Persistence,10,13,0.8151715,0.81786996,0.81786996,0.81610477,0.0048013529740273,0.002698481,0.0017651916,0.002698481
Persistence,10,13,0.81209,0.8151715,0.8151715,0.814834,0.0048013529740273,0.0030815005,0.0003374815,0.0030815005
Persistence,10,13,0.8074511,0.81209,0.81209,0.8079595,0.0048013529740273,0.0046388507,0.0041304827,0.0046388507
Persistence,10,13,0.8025934,0.8074511,0.8074511,0.8021756,0.0048013529740273,0.004857719,0.0052755475,0.004857719
Persistence,10,13,0.7975353,0.8025934,0.8025934,0.79717004,0.0048013529740273,0.0050581098,0.005423367,0.0050581098
Persistence,10,16,0.8795345,0.89103895,0.89103895,0.8818277,0.0048013529740273,0.011504471,0.009211242,0.011504471
Persistence,10,16,0.8679668,0.8795345,0.8795345,0.85351205,0.0048013529740273,0.011567712,0.026022434,0.011567712
Persistence,10,16,0.8570545,0.8679668,0.8679668,0.85120857,0.0048013529740273,0.010912299,0.016758204,0.010912299
Persistence,10,16,0.8495594,0.8570545,0.8570545,0.85171896,0.0048013529740273,0.0074950457,0.00533551,0.0074950457
Persistence,10,16,0.8472776,0.8495594,0.8495594,0.84525865,0.0048013529740273,0.0022818446,0.004300773,0.0022818446
Persistence,10,16,0.8456941,0.8472776,0.8472776,0.8445039,0.0048013529740273,0.001583457,0.0027737021,0.001583457
Persistence,10,16,0.84527886,0.8456941,0.8456941,0.8447513,0.0048013529740273,0.00041526556,0.0009428263,0.00041526556
Persistence,10,16,0.845405,0.84527886,0.84527886,0.84667486,0.0048013529740273,0.00012612343,0.0013960004,0.00012612343
Persistence,10,16,0.8452354,0.845405,0.845405,0.8452644,0.0048013529740273,0.00016957521,0.00014060736,0.00016957521
Persistence,10,16,0.843519,0.8452354,0.8452354,0.8446674,0.0048013529740273,0.001716435,0.00056803226,0.001716435
Persistence,10,16,0.83449423,0.843519,0.843519,0.8422364,0.0048013529740273,0.009024739,0.0012825727,0.009024739
Persistence,10,16,0.82848555,0.83449423,0.83449423,0.8112598,0.0048013529740273,0.0060086846,0.023234427,0.0060086846
Persistence,10,16,0.82094085,0.82848555,0.82848555,0.8077768,0.0048013529740273,0.0075446963,0.02070874,0.0075446963
Persistence,10,16,0.8200482,0.82094085,0.82094085,0.8203719,0.0048013529740273,0.00089263916,0.00056892633,0.00089263916
Persistence,10,16,0.82514846,0.8200482,0.8200482,0.8319933,0.0048013529740273,0.0051002502,0.011945069,0.0051002502
Persistence,10,16,0.82622135,0.82514846,0.82514846,0.8294752,0.0048013529740273,0.0010728836,0.004326761,0.0010728836
Persistence,10,16,0.825271,0.82622135,0.82622135,0.8219822,0.0048013529740273,0.00095033646,0.004239142,0.00095033646
Persistence,10,16,0.8230619,0.825271,0.825271,0.8228044,0.0048013529740273,0.002209127,0.002466619,0.002209127
Persistence,10,16,0.82122034,0.8230619,0.8230619,0.8239294,0.0048013529740273,0.0018415451,0.0008675456,0.0018415451
Persistence,10,16,0.8190377,0.82122034,0.82122034,0.8179935,0.0048013529740273,0.0021826625,0.0032268167,0.0021826625
Persistence,10,16,0.8148156,0.8190377,0.8190377,0.81704307,0.0048013529740273,0.004222095,0.0019946098,0.004222095
Persistence,10,16,0.810412,0.8148156,0.8148156,0.8111669,0.0048013529740273,0.004403591,0.0036486983,0.004403591
Persistence,10,16,0.8058801,0.810412,0.810412,0.8044414,0.0048013529740273,0.0045318604,0.0059705973,0.0045318604
MQAttn-LSTM-VQR,10,13,0.8930472,0.89142895,0.8964759,0.89387727,0.0048013529740273,0.0016182661,0.0024483204,0.0034286976
MQAttn-LSTM-VQR,10,13,0.8907072,0.88988584,0.8930472,0.8872821,0.0048013529740273,0.000821352,0.0026037693,0.0023400187
MQAttn-LSTM-VQR,10,13,0.8883932,0.88613164,0.8907072,0.8906314,0.0048013529740273,0.002261579,0.0044997334,0.0023139715
MQAttn-LSTM-VQR,10,13,0.8863955,0.8843382,0.8883932,0.8858322,0.0048013529740273,0.002057314,0.0014939904,0.0019977093
MQAttn-LSTM-VQR,10,13,0.88359916,0.87634116,0.8863955,0.8848437,0.0048013529740273,0.007257998,0.008502543,0.002796352
MQAttn-LSTM-VQR,10,13,0.8774282,0.87661654,0.88359916,0.8797299,0.0048013529740273,0.00081163645,0.003113389,0.006170988
MQAttn-LSTM-VQR,10,13,0.8695672,0.8725973,0.8774282,0.87848204,0.0048013529740273,0.0030300617,0.0058847666,0.007860959
MQAttn-LSTM-VQR,10,13,0.8588963,0.8636139,0.8695672,0.8601056,0.0048013529740273,0.0047175884,0.0035083294,0.0106709
MQAttn-LSTM-VQR,10,13,0.8479537,0.85241807,0.8588963,0.8327076,0.0048013529740273,0.004464388,0.019710481,0.010942638
MQAttn-LSTM-VQR,10,13,0.8373971,0.84200037,0.8479537,0.83351034,0.0048013529740273,0.0046032667,0.008490026,0.010556579
MQAttn-LSTM-VQR,10,13,0.8283904,0.8296396,0.8373971,0.8292711,0.0048013529740273,0.0012491941,0.00036853552,0.009006679
MQAttn-LSTM-VQR,10,13,0.8245567,0.8224291,0.8283904,0.82093954,0.0048013529740273,0.0021275878,0.0014895797,0.0038337111
MQAttn-LSTM-VQR,10,13,0.8225701,0.82005256,0.8245567,0.82007676,0.0048013529740273,0.0025175214,2.4199486e-05,0.0019866228
MQAttn-LSTM-VQR,10,13,0.8222444,0.8210763,0.8225701,0.82287234,0.0048013529740273,0.0011681318,0.0017960668,0.00032567978
MQAttn-LSTM-VQR,10,13,0.8219162,0.82112926,0.8222444,0.82472265,0.0048013529740273,0.0007869601,0.0035933852,0.00032818317
MQAttn-LSTM-VQR,10,13,0.82016605,0.82133126,0.8219162,0.82127243,0.0048013529740273,0.0011652112,5.8829784e-05,0.0017501712
MQAttn-LSTM-VQR,10,13,0.81786996,0.81738454,0.82016605,0.8146525,0.0048013529740273,0.00048542023,0.0027320385,0.0022960901
MQAttn-LSTM-VQR,10,13,0.8151715,0.8148185,0.81786996,0.81610477,0.0048013529740273,0.0003529787,0.0012862682,0.002698481
MQAttn-LSTM-VQR,10,13,0.81209,0.8130505,0.8151715,0.814834,0.0048013529740273,0.00096052885,0.0017834902,0.0030815005
MQAttn-LSTM-VQR,10,13,0.8074511,0.8083174,0.81209,0.8079595,0.0048013529740273,0.0008662939,0.0003579259,0.0046388507
MQAttn-LSTM-VQR,10,13,0.8025934,0.8048469,0.8074511,0.8021756,0.0048013529740273,0.0022534728,0.0026713014,0.004857719
MQAttn-LSTM-VQR,10,13,0.7975353,0.7975379,0.8025934,0.79717004,0.0048013529740273,2.6226044e-06,0.00036787987,0.0050581098
MQAttn-LSTM-VQR,10,16,0.8795345,0.88332516,0.89103895,0.8818277,0.0048013529740273,0.0037906766,0.0014974475,0.011504471
MQAttn-LSTM-VQR,10,16,0.8679668,0.8737466,0.8795345,0.85351205,0.0048013529740273,0.005779803,0.020234525,0.011567712
MQAttn-LSTM-VQR,10,16,0.8570545,0.8591141,0.8679668,0.85120857,0.0048013529740273,0.0020596385,0.007905543,0.010912299
MQAttn-LSTM-VQR,10,16,0.8495594,0.85017645,0.8570545,0.85171896,0.0048013529740273,0.0006170273,0.0015425086,0.0074950457
MQAttn-LSTM-VQR,10,16,0.8472776,0.8418321,0.8495594,0.84525865,0.0048013529740273,0.0054454803,0.0034265518,0.0022818446
MQAttn-LSTM-VQR,10,16,0.8456941,0.844236,0.8472776,0.8445039,0.0048013529740273,0.0014581084,0.00026786327,0.001583457
MQAttn-LSTM-VQR,10,16,0.84527886,0.8428206,0.8456941,0.8447513,0.0048013529740273,0.0024582744,0.0019307137,0.00041526556
MQAttn-LSTM-VQR,10,16,0.845405,0.8412858,0.84527886,0.84667486,0.0048013529740273,0.004119158,0.0053890347,0.00012612343
MQAttn-LSTM-VQR,10,16,0.8452354,0.84099007,0.845405,0.8452644,0.0048013529740273,0.004245341,0.0042743087,0.00016957521
MQAttn-LSTM-VQR,10,16,0.843519,0.8395358,0.8452354,0.8446674,0.0048013529740273,0.0039831996,0.0051316023,0.001716435
MQAttn-LSTM-VQR,10,16,0.83449423,0.83689255,0.843519,0.8422364,0.0048013529740273,0.002398312,0.0053438544,0.009024739
MQAttn-LSTM-VQR,10,16,0.82848555,0.82853097,0.83449423,0.8112598,0.0048013529740273,4.541874e-05,0.017271161,0.0060086846
MQAttn-LSTM-VQR,10,16,0.82094085,0.8226303,0.82848555,0.8077768,0.0048013529740273,0.001689434,0.0148534775,0.0075446963
MQAttn-LSTM-VQR,10,16,0.8200482,0.81539816,0.82094085,0.8203719,0.0048013529740273,0.0046500564,0.004973769,0.00089263916
MQAttn-LSTM-VQR,10,16,0.82514846,0.8152712,0.8200482,0.8319933,0.0048013529740273,0.0098772645,0.016722083,0.0051002502
MQAttn-LSTM-VQR,10,16,0.82622135,0.82285404,0.82514846,0.8294752,0.0048013529740273,0.0033673048,0.006621182,0.0010728836
MQAttn-LSTM-VQR,10,16,0.825271,0.8230323,0.82622135,0.8219822,0.0048013529740273,0.0022386909,0.0010501146,0.00095033646
MQAttn-LSTM-VQR,10,16,0.8230619,0.82129514,0.825271,0.8228044,0.0048013529740273,0.0017667413,0.0015092492,0.002209127
MQAttn-LSTM-VQR,10,16,0.82122034,0.8196721,0.8230619,0.8239294,0.0048013529740273,0.0015482306,0.0042573214,0.0018415451
MQAttn-LSTM-VQR,10,16,0.8190377,0.8181144,0.82122034,0.8179935,0.0048013529740273,0.00092327595,0.00012087822,0.0021826625
MQAttn-LSTM-VQR,10,16,0.8148156,0.81597203,0.8190377,0.81704307,0.0048013529740273,0.0011564493,0.0010710359,0.004222095
MQAttn-LSTM-VQR,10,16,0.810412,0.8116344,0.8148156,0.8111669,0.0048013529740273,0.0012224317,0.00046753883,0.004403591
MQAttn-LSTM-VQR,10,16,0.8058801,0.8058498,0.810412,0.8044414,0.0048013529740273,3.0338764e-05,0.0014083982,0.0045318604
MQAttn-LSTM-VQR classical twin,10,13,0.8930472,0.8888958,0.8964759,0.89387727,0.0048013529740273,0.004151404,0.004981458,0.0034286976
MQAttn-LSTM-VQR classical twin,10,13,0.8907072,0.88684684,0.8930472,0.8872821,0.0048013529740273,0.0038603544,0.00043523312,0.0023400187
MQAttn-LSTM-VQR classical twin,10,13,0.8883932,0.8833618,0.8907072,0.8906314,0.0048013529740273,0.005031407,0.0072695613,0.0023139715
MQAttn-LSTM-VQR classical twin,10,13,0.8863955,0.8819991,0.8883932,0.8858322,0.0048013529740273,0.0043964386,0.003833115,0.0019977093
MQAttn-LSTM-VQR classical twin,10,13,0.88359916,0.8816393,0.8863955,0.8848437,0.0048013529740273,0.0019598603,0.0032044053,0.002796352
MQAttn-LSTM-VQR classical twin,10,13,0.8774282,0.87875897,0.88359916,0.8797299,0.0048013529740273,0.0013307929,0.00097095966,0.006170988
MQAttn-LSTM-VQR classical twin,10,13,0.8695672,0.8723936,0.8774282,0.87848204,0.0048013529740273,0.0028263927,0.0060884356,0.007860959
MQAttn-LSTM-VQR classical twin,10,13,0.8588963,0.86449736,0.8695672,0.8601056,0.0048013529740273,0.0056010485,0.0043917894,0.0106709
MQAttn-LSTM-VQR classical twin,10,13,0.8479537,0.85399616,0.8588963,0.8327076,0.0048013529740273,0.0060424805,0.021288574,0.010942638
MQAttn-LSTM-VQR classical twin,10,13,0.8373971,0.8431379,0.8479537,0.83351034,0.0048013529740273,0.0057408214,0.009627581,0.010556579
MQAttn-LSTM-VQR classical twin,10,13,0.8283904,0.83282685,0.8373971,0.8292711,0.0048013529740273,0.0044364333,0.0035557747,0.009006679
MQAttn-LSTM-VQR classical twin,10,13,0.8245567,0.82371,0.8283904,0.82093954,0.0048013529740273,0.000846684,0.0027704835,0.0038337111
MQAttn-LSTM-VQR classical twin,10,13,0.8225701,0.81991524,0.8245567,0.82007676,0.0048013529740273,0.0026548505,0.00016152859,0.0019866228
MQAttn-LSTM-VQR classical twin,10,13,0.8222444,0.8176668,0.8225701,0.82287234,0.0048013529740273,0.004577577,0.005205512,0.00032567978
MQAttn-LSTM-VQR classical twin,10,13,0.8219162,0.81705326,0.8222444,0.82472265,0.0048013529740273,0.004862964,0.0076693892,0.00032818317
MQAttn-LSTM-VQR classical twin,10,13,0.82016605,0.8169406,0.8219162,0.82127243,0.0048013529740273,0.0032254457,0.004331827,0.0017501712
MQAttn-LSTM-VQR classical twin,10,13,0.81786996,0.81538105,0.82016605,0.8146525,0.0048013529740273,0.0024889112,0.0007285476,0.0022960901
MQAttn-LSTM-VQR classical twin,10,13,0.8151715,0.8129059,0.81786996,0.81610477,0.0048013529740273,0.0022655725,0.003198862,0.002698481
MQAttn-LSTM-VQR classical twin,10,13,0.81209,0.81020707,0.8151715,0.814834,0.0048013529740273,0.0018829107,0.0046269298,0.0030815005
MQAttn-LSTM-VQR classical twin,10,13,0.8074511,0.80740416,0.81209,0.8079595,0.0048013529740273,4.696846e-05,0.0005553365,0.0046388507
MQAttn-LSTM-VQR classical twin,10,13,0.8025934,0.8026079,0.8074511,0.8021756,0.0048013529740273,1.4483929e-05,0.0004323125,0.004857719
MQAttn-LSTM-VQR classical twin,10,13,0.7975353,0.7976164,0.8025934,0.79717004,0.0048013529740273,8.112192e-05,0.00044637918,0.0050581098
MQAttn-LSTM-VQR classical twin,10,16,0.8795345,0.88489836,0.89103895,0.8818277,0.0048013529740273,0.0053638816,0.0030706525,0.011504471
MQAttn-LSTM-VQR classical twin,10,16,0.8679668,0.8733233,0.8795345,0.85351205,0.0048013529740273,0.00535655,0.019811273,0.011567712
MQAttn-LSTM-VQR classical twin,10,16,0.8570545,0.86120766,0.8679668,0.85120857,0.0048013529740273,0.004153192,0.009999096,0.010912299
MQAttn-LSTM-VQR classical twin,10,16,0.8495594,0.8508053,0.8570545,0.85171896,0.0048013529740273,0.0012458563,0.0009136796,0.0074950457
MQAttn-LSTM-VQR classical twin,10,16,0.8472776,0.8422993,0.8495594,0.84525865,0.0048013529740273,0.004978299,0.0029593706,0.0022818446
MQAttn-LSTM-VQR classical twin,10,16,0.8456941,0.8425805,0.8472776,0.8445039,0.0048013529740273,0.0031136274,0.0019233823,0.001583457
MQAttn-LSTM-VQR classical twin,10,16,0.84527886,0.8409887,0.8456941,0.8447513,0.0048013529740273,0.0042901635,0.0037626028,0.00041526556
MQAttn-LSTM-VQR classical twin,10,16,0.845405,0.8406476,0.84527886,0.84667486,0.0048013529740273,0.0047574043,0.0060272813,0.00012612343
MQAttn-LSTM-VQR classical twin,10,16,0.8452354,0.8406577,0.845405,0.8452644,0.0048013529740273,0.0045776963,0.004606664,0.00016957521
MQAttn-LSTM-VQR classical twin,10,16,0.843519,0.84042627,0.8452354,0.8446674,0.0048013529740273,0.0030927062,0.004241109,0.001716435
MQAttn-LSTM-VQR classical twin,10,16,0.83449423,0.83868057,0.843519,0.8422364,0.0048013529740273,0.004186332,0.0035558343,0.009024739
MQAttn-LSTM-VQR classical twin,10,16,0.82848555,0.8297271,0.83449423,0.8112598,0.0048013529740273,0.0012415648,0.018467307,0.0060086846
MQAttn-LSTM-VQR classical twin,10,16,0.82094085,0.82392144,0.82848555,0.8077768,0.0048013529740273,0.0029805899,0.016144633,0.0075446963
MQAttn-LSTM-VQR classical twin,10,16,0.8200482,0.81599826,0.82094085,0.8203719,0.0048013529740273,0.004049957,0.0043736696,0.00089263916
MQAttn-LSTM-VQR classical twin,10,16,0.82514846,0.81492454,0.8200482,0.8319933,0.0048013529740273,0.010223925,0.017068744,0.0051002502
MQAttn-LSTM-VQR classical twin,10,16,0.82622135,0.8200258,0.82514846,0.8294752,0.0048013529740273,0.006195545,0.009449422,0.0010728836
MQAttn-LSTM-VQR classical twin,10,16,0.825271,0.8213206,0.82622135,0.8219822,0.0048013529740273,0.003950417,0.00066161156,0.00095033646
MQAttn-LSTM-VQR classical twin,10,16,0.8230619,0.8205473,0.825271,0.8228044,0.0048013529740273,0.0025146008,0.0022571087,0.002209127
MQAttn-LSTM-VQR classical twin,10,16,0.82122034,0.8182408,0.8230619,0.8239294,0.0048013529740273,0.002979517,0.0056886077,0.0018415451
MQAttn-LSTM-VQR classical twin,10,16,0.8190377,0.8164829,0.82122034,0.8179935,0.0048013529740273,0.0025547743,0.0015106201,0.0021826625
MQAttn-LSTM-VQR classical twin,10,16,0.8148156,0.8140299,0.8190377,0.81704307,0.0048013529740273,0.0007857084,0.0030131936,0.004222095
MQAttn-LSTM-VQR classical twin,10,16,0.810412,0.80963737,0.8148156,0.8111669,0.0048013529740273,0.00077462196,0.0015295148,0.004403591
MQAttn-LSTM-VQR classical twin,10,16,0.8058801,0.80570483,0.810412,0.8044414,0.0048013529740273,0.00017529726,0.0012634397,0.0045318604
MQAttn-QLSTM-VQR,10,13,0.8930472,0.8903418,0.8964759,0.89387727,0.0048013529740273,0.0027053952,0.0035354495,0.0034286976
MQAttn-QLSTM-VQR,10,13,0.8907072,0.886769,0.8930472,0.8872821,0.0048013529740273,0.003938198,0.0005130768,0.0023400187
MQAttn-QLSTM-VQR,10,13,0.8883932,0.8843166,0.8907072,0.8906314,0.0048013529740273,0.0040766,0.0063147545,0.0023139715
MQAttn-QLSTM-VQR,10,13,0.8863955,0.88215166,0.8883932,0.8858322,0.0048013529740273,0.0042438507,0.0036805272,0.0019977093
MQAttn-QLSTM-VQR,10,13,0.88359916,0.88212967,0.8863955,0.8848437,0.0048013529740273,0.0014694929,0.002714038,0.002796352
MQAttn-QLSTM-VQR,10,13,0.8774282,0.8791531,0.88359916,0.8797299,0.0048013529740273,0.0017248988,0.00057685375,0.006170988
MQAttn-QLSTM-VQR,10,13,0.8695672,0.87275016,0.8774282,0.87848204,0.0048013529740273,0.0031829476,0.0057318807,0.007860959
MQAttn-QLSTM-VQR,10,13,0.8588963,0.8647804,0.8695672,0.8601056,0.0048013529740273,0.005884111,0.004674852,0.0106709
MQAttn-QLSTM-VQR,10,13,0.8479537,0.854026,0.8588963,0.8327076,0.0048013529740273,0.0060723424,0.021318436,0.010942638
MQAttn-QLSTM-VQR,10,13,0.8373971,0.84312844,0.8479537,0.83351034,0.0048013529740273,0.005731344,0.0096181035,0.010556579
MQAttn-QLSTM-VQR,10,13,0.8283904,0.8326387,0.8373971,0.8292711,0.0048013529740273,0.0042482615,0.0033676028,0.009006679
MQAttn-QLSTM-VQR,10,13,0.8245567,0.8237152,0.8283904,0.82093954,0.0048013529740273,0.0008414984,0.002775669,0.0038337111
MQAttn-QLSTM-VQR,10,13,0.8225701,0.81976783,0.8245567,0.82007676,0.0048013529740273,0.0028022528,0.00030893087,0.0019866228
MQAttn-QLSTM-VQR,10,13,0.8222444,0.8178173,0.8225701,0.82287234,0.0048013529740273,0.004427135,0.00505507,0.00032567978
MQAttn-QLSTM-VQR,10,13,0.8219162,0.81752884,0.8222444,0.82472265,0.0048013529740273,0.0043873787,0.007193804,0.00032818317
MQAttn-QLSTM-VQR,10,13,0.82016605,0.8173142,0.8219162,0.82127243,0.0048013529740273,0.0028518438,0.0039582253,0.0017501712
MQAttn-QLSTM-VQR,10,13,0.81786996,0.8154758,0.82016605,0.8146525,0.0048013529740273,0.0023941398,0.00082331896,0.0022960901
MQAttn-QLSTM-VQR,10,13,0.8151715,0.81307304,0.81786996,0.81610477,0.0048013529740273,0.0020984411,0.0030317307,0.002698481
MQAttn-QLSTM-VQR,10,13,0.81209,0.81060904,0.8151715,0.814834,0.0048013529740273,0.001480937,0.004224956,0.0030815005
MQAttn-QLSTM-VQR,10,13,0.8074511,0.8079368,0.81209,0.8079595,0.0048013529740273,0.00048565865,2.270937e-05,0.0046388507
MQAttn-QLSTM-VQR,10,13,0.8025934,0.8031134,0.8074511,0.8021756,0.0048013529740273,0.0005199909,0.0009378195,0.004857719
MQAttn-QLSTM-VQR,10,13,0.7975353,0.7981938,0.8025934,0.79717004,0.0048013529740273,0.0006585121,0.0010237694,0.0050581098
MQAttn-QLSTM-VQR,10,16,0.8795345,0.8841793,0.89103895,0.8818277,0.0048013529740273,0.004644811,0.002351582,0.011504471
MQAttn-QLSTM-VQR,10,16,0.8679668,0.8725806,0.8795345,0.85351205,0.0048013529740273,0.0046138167,0.01906854,0.011567712
MQAttn-QLSTM-VQR,10,16,0.8570545,0.8611525,0.8679668,0.85120857,0.0048013529740273,0.0040980577,0.009943962,0.010912299
MQAttn-QLSTM-VQR,10,16,0.8495594,0.850779,0.8570545,0.85171896,0.0048013529740273,0.0012195706,0.00093996525,0.0074950457
MQAttn-QLSTM-VQR,10,16,0.8472776,0.84508646,0.8495594,0.84525865,0.0048013529740273,0.0021911263,0.00017219782,0.0022818446
MQAttn-QLSTM-VQR,10,16,0.8456941,0.8436301,0.8472776,0.8445039,0.0048013529740273,0.0020640492,0.0008738041,0.001583457
MQAttn-QLSTM-VQR,10,16,0.84527886,0.8416621,0.8456941,0.8447513,0.0048013529740273,0.0036167502,0.0030891895,0.00041526556
MQAttn-QLSTM-VQR,10,16,0.845405,0.8410396,0.84527886,0.84667486,0.0048013529740273,0.0043653846,0.0056352615,0.00012612343
MQAttn-QLSTM-VQR,10,16,0.8452354,0.84095407,0.845405,0.8452644,0.0048013529740273,0.004281342,0.00431031,0.00016957521
MQAttn-QLSTM-VQR,10,16,0.843519,0.84066087,0.8452354,0.8446674,0.0048013529740273,0.0028581023,0.004006505,0.001716435
MQAttn-QLSTM-VQR,10,16,0.83449423,0.83897895,0.843519,0.8422364,0.0048013529740273,0.004484713,0.0032574534,0.009024739
MQAttn-QLSTM-VQR,10,16,0.82848555,0.8299813,0.83449423,0.8112598,0.0048013529740273,0.0014957786,0.01872152,0.0060086846
MQAttn-QLSTM-VQR,10,16,0.82094085,0.8238378,0.82848555,0.8077768,0.0048013529740273,0.0028969646,0.016061008,0.0075446963
MQAttn-QLSTM-VQR,10,16,0.8200482,0.8161061,0.82094085,0.8203719,0.0048013529740273,0.003942132,0.004265845,0.00089263916
MQAttn-QLSTM-VQR,10,16,0.82514846,0.8154204,0.8200482,0.8319933,0.0048013529740273,0.009728074,0.016572893,0.0051002502
MQAttn-QLSTM-VQR,10,16,0.82622135,0.82081294,0.82514846,0.8294752,0.0048013529740273,0.0054084063,0.008662283,0.0010728836
MQAttn-QLSTM-VQR,10,16,0.825271,0.82171464,0.82622135,0.8219822,0.0048013529740273,0.0035563707,0.00026756525,0.00095033646
MQAttn-QLSTM-VQR,10,16,0.8230619,0.8206911,0.825271,0.8228044,0.0048013529740273,0.0023707747,0.0021132827,0.002209127
MQAttn-QLSTM-VQR,10,16,0.82122034,0.8183843,0.8230619,0.8239294,0.0048013529740273,0.0028360486,0.0055451393,0.0018415451
MQAttn-QLSTM-VQR,10,16,0.8190377,0.81651855,0.82122034,0.8179935,0.0048013529740273,0.0025191307,0.0014749765,0.0021826625
MQAttn-QLSTM-VQR,10,16,0.8148156,0.8143851,0.8190377,0.81704307,0.0048013529740273,0.00043046474,0.00265795,0.004222095
MQAttn-QLSTM-VQR,10,16,0.810412,0.80990833,0.8148156,0.8111669,0.0048013529740273,0.00050365925,0.0012585521,0.004403591
MQAttn-QLSTM-VQR,10,16,0.8058801,0.8057382,0.810412,0.8044414,0.0048013529740273,0.00014191866,0.0012968183,0.0045318604
MQAttn-QLSTM-VQR classical twin,10,13,0.8930472,0.889895,0.8964759,0.89387727,0.0048013529740273,0.0031521916,0.003982246,0.0034286976
MQAttn-QLSTM-VQR classical twin,10,13,0.8907072,0.8860434,0.8930472,0.8872821,0.0048013529740273,0.0046637654,0.0012386441,0.0023400187
MQAttn-QLSTM-VQR classical twin,10,13,0.8883932,0.88487595,0.8907072,0.8906314,0.0048013529740273,0.00351727,0.0057554245,0.0023139715
MQAttn-QLSTM-VQR classical twin,10,13,0.8863955,0.88245904,0.8883932,0.8858322,0.0048013529740273,0.0039364696,0.003373146,0.0019977093
MQAttn-QLSTM-VQR classical twin,10,13,0.88359916,0.880717,0.8863955,0.8848437,0.0048013529740273,0.0028821826,0.0041267276,0.002796352
MQAttn-QLSTM-VQR classical twin,10,13,0.8774282,0.87816465,0.88359916,0.8797299,0.0048013529740273,0.000736475,0.0015652776,0.006170988
MQAttn-QLSTM-VQR classical twin,10,13,0.8695672,0.8721019,0.8774282,0.87848204,0.0048013529740273,0.0025346875,0.006380141,0.007860959
MQAttn-QLSTM-VQR classical twin,10,13,0.8588963,0.8644516,0.8695672,0.8601056,0.0048013529740273,0.005555272,0.004346013,0.0106709
MQAttn-QLSTM-VQR classical twin,10,13,0.8479537,0.85390806,0.8588963,0.8327076,0.0048013529740273,0.005954385,0.021200478,0.010942638
MQAttn-QLSTM-VQR classical twin,10,13,0.8373971,0.8432257,0.8479537,0.83351034,0.0048013529740273,0.005828619,0.009715378,0.010556579
MQAttn-QLSTM-VQR classical twin,10,13,0.8283904,0.8324619,0.8373971,0.8292711,0.0048013529740273,0.004071474,0.0031908154,0.009006679
MQAttn-QLSTM-VQR classical twin,10,13,0.8245567,0.823993,0.8283904,0.82093954,0.0048013529740273,0.0005636811,0.0030534863,0.0038337111
MQAttn-QLSTM-VQR classical twin,10,13,0.8225701,0.8200543,0.8245567,0.82007676,0.0048013529740273,0.0025157928,2.2470951e-05,0.0019866228
MQAttn-QLSTM-VQR classical twin,10,13,0.8222444,0.8181637,0.8225701,0.82287234,0.0048013529740273,0.004080713,0.0047086477,0.00032567978
MQAttn-QLSTM-VQR classical twin,10,13,0.8219162,0.817636,0.8222444,0.82472265,0.0048013529740273,0.0042802095,0.0070866346,0.00032818317
MQAttn-QLSTM-VQR classical twin,10,13,0.82016605,0.81727606,0.8219162,0.82127243,0.0048013529740273,0.0028899908,0.003996372,0.0017501712
MQAttn-QLSTM-VQR classical twin,10,13,0.81786996,0.815187,0.82016605,0.8146525,0.0048013529740273,0.0026829839,0.00053447485,0.0022960901
MQAttn-QLSTM-VQR classical twin,10,13,0.8151715,0.8126757,0.81786996,0.81610477,0.0048013529740273,0.0024957657,0.0034290552,0.002698481
MQAttn-QLSTM-VQR classical twin,10,13,0.81209,0.8098778,0.8151715,0.814834,0.0048013529740273,0.0022121668,0.004956186,0.0030815005
MQAttn-QLSTM-VQR classical twin,10,13,0.8074511,0.80720043,0.81209,0.8079595,0.0048013529740273,0.00025069714,0.00075906515,0.0046388507
MQAttn-QLSTM-VQR classical twin,10,13,0.8025934,0.8023314,0.8074511,0.8021756,0.0048013529740273,0.00026202202,0.00015580654,0.004857719
MQAttn-QLSTM-VQR classical twin,10,13,0.7975353,0.797455,0.8025934,0.79717004,0.0048013529740273,8.028746e-05,0.0002849698,0.0050581098
MQAttn-QLSTM-VQR classical twin,10,16,0.8795345,0.88392895,0.89103895,0.8818277,0.0048013529740273,0.0043944716,0.0021012425,0.011504471
MQAttn-QLSTM-VQR classical twin,10,16,0.8679668,0.8722567,0.8795345,0.85351205,0.0048013529740273,0.004289925,0.018744648,0.011567712
MQAttn-QLSTM-VQR classical twin,10,16,0.8570545,0.8608288,0.8679668,0.85120857,0.0048013529740273,0.003774345,0.009620249,0.010912299
MQAttn-QLSTM-VQR classical twin,10,16,0.8495594,0.850198,0.8570545,0.85171896,0.0048013529740273,0.00063854456,0.0015209913,0.0074950457
MQAttn-QLSTM-VQR classical twin,10,16,0.8472776,0.843332,0.8495594,0.84525865,0.0048013529740273,0.003945589,0.0019266605,0.0022818446
MQAttn-QLSTM-VQR classical twin,10,16,0.8456941,0.8415437,0.8472776,0.8445039,0.0048013529740273,0.00415045,0.002960205,0.001583457
MQAttn-QLSTM-VQR classical twin,10,16,0.84527886,0.8401123,0.8456941,0.8447513,0.0048013529740273,0.0051665306,0.00463897,0.00041526556
MQAttn-QLSTM-VQR classical twin,10,16,0.845405,0.8397815,0.84527886,0.84667486,0.0048013529740273,0.00562346,0.006893337,0.00012612343
MQAttn-QLSTM-VQR classical twin,10,16,0.8452354,0.8400561,0.845405,0.8452644,0.0048013529740273,0.005179286,0.005208254,0.00016957521
MQAttn-QLSTM-VQR classical twin,10,16,0.843519,0.83992064,0.8452354,0.8446674,0.0048013529740273,0.0035983324,0.004746735,0.001716435
MQAttn-QLSTM-VQR classical twin,10,16,0.83449423,0.83841753,0.843519,0.8422364,0.0048013529740273,0.003923297,0.0038188696,0.009024739
MQAttn-QLSTM-VQR classical twin,10,16,0.82848555,0.82939607,0.83449423,0.8112598,0.0048013529740273,0.00091052055,0.018136263,0.0060086846
MQAttn-QLSTM-VQR classical twin,10,16,0.82094085,0.8235829,0.82848555,0.8077768,0.0048013529740273,0.0026420355,0.015806079,0.0075446963
MQAttn-QLSTM-VQR classical twin,10,16,0.8200482,0.8163368,0.82094085,0.8203719,0.0048013529740273,0.0037114024,0.0040351152,0.00089263916
MQAttn-QLSTM-VQR classical twin,10,16,0.82514846,0.8151967,0.8200482,0.8319933,0.0048013529740273,0.00995177,0.016796589,0.0051002502
MQAttn-QLSTM-VQR classical twin,10,16,0.82622135,0.82034093,0.82514846,0.8294752,0.0048013529740273,0.0058804154,0.009134293,0.0010728836
MQAttn-QLSTM-VQR classical twin,10,16,0.825271,0.8210548,0.82622135,0.8219822,0.0048013529740273,0.004216194,0.00092738867,0.00095033646
MQAttn-QLSTM-VQR classical twin,10,16,0.8230619,0.81996226,0.825271,0.8228044,0.0048013529740273,0.0030996203,0.0028421283,0.002209127
MQAttn-QLSTM-VQR classical twin,10,16,0.82122034,0.8176843,0.8230619,0.8239294,0.0048013529740273,0.0035360456,0.0062451363,0.0018415451
MQAttn-QLSTM-VQR classical twin,10,16,0.8190377,0.8157914,0.82122034,0.8179935,0.0048013529740273,0.0032462478,0.0022020936,0.0021826625
MQAttn-QLSTM-VQR classical twin,10,16,0.8148156,0.81395924,0.8190377,0.81704307,0.0048013529740273,0.00085633993,0.003083825,0.004222095
MQAttn-QLSTM-VQR classical twin,10,16,0.810412,0.8093476,0.8148156,0.8111669,0.0048013529740273,0.0010643601,0.001819253,0.004403591
MQAttn-QLSTM-VQR classical twin,10,16,0.8058801,0.80539435,0.810412,0.8044414,0.0048013529740273,0.00048577785,0.00095295906,0.0045318604
QLSTM,10,13,0.8930472,0.88880897,0.8964759,0.89387727,0.0048013529740273,0.004238248,0.005068302,0.0034286976
QLSTM,10,13,0.8907072,0.88519627,0.8930472,0.8872821,0.0048013529740273,0.0055109262,0.002085805,0.0023400187
QLSTM,10,13,0.8883932,0.884729,0.8907072,0.8906314,0.0048013529740273,0.0036641955,0.00590235,0.0023139715
QLSTM,10,13,0.8863955,0.88298494,0.8883932,0.8858322,0.0048013529740273,0.0034105778,0.0028472543,0.0019977093
QLSTM,10,13,0.88359916,0.8813703,0.8863955,0.8848437,0.0048013529740273,0.002228856,0.003473401,0.002796352
QLSTM,10,13,0.8774282,0.8787456,0.88359916,0.8797299,0.0048013529740273,0.0013174415,0.0009843111,0.006170988
QLSTM,10,13,0.8695672,0.87243354,0.8774282,0.87848204,0.0048013529740273,0.0028663278,0.0060485005,0.007860959
QLSTM,10,13,0.8588963,0.86415154,0.8695672,0.8601056,0.0048013529740273,0.0052552223,0.0040459633,0.0106709
QLSTM,10,13,0.8479537,0.85341513,0.8588963,0.8327076,0.0048013529740273,0.0054614544,0.020707548,0.010942638
QLSTM,10,13,0.8373971,0.8423721,0.8479537,0.83351034,0.0048013529740273,0.004975021,0.00886178,0.010556579
QLSTM,10,13,0.8283904,0.8316694,0.8373971,0.8292711,0.0048013529740273,0.0032789707,0.002398312,0.009006679
QLSTM,10,13,0.8245567,0.82346,0.8283904,0.82093954,0.0048013529740273,0.0010967255,0.002520442,0.0038337111
QLSTM,10,13,0.8225701,0.82003784,0.8245567,0.82007676,0.0048013529740273,0.0025322437,3.8921833e-05,0.0019866228
QLSTM,10,13,0.8222444,0.81835955,0.8225701,0.82287234,0.0048013529740273,0.003884852,0.004512787,0.00032567978
QLSTM,10,13,0.8219162,0.81751704,0.8222444,0.82472265,0.0048013529740273,0.0043991804,0.0072056055,0.00032818317
QLSTM,10,13,0.82016605,0.8174431,0.8219162,0.82127243,0.0048013529740273,0.0027229786,0.00382936,0.0017501712
QLSTM,10,13,0.81786996,0.8153894,0.82016605,0.8146525,0.0048013529740273,0.0024805665,0.0007368922,0.0022960901
QLSTM,10,13,0.8151715,0.81298214,0.81786996,0.81610477,0.0048013529740273,0.0021893382,0.0031226277,0.002698481
QLSTM,10,13,0.81209,0.8104403,0.8151715,0.814834,0.0048013529740273,0.0016496778,0.004393697,0.0030815005
QLSTM,10,13,0.8074511,0.8074765,0.81209,0.8079595,0.0048013529740273,2.5391579e-05,0.00048297644,0.0046388507
QLSTM,10,13,0.8025934,0.8027247,0.8074511,0.8021756,0.0048013529740273,0.00013130903,0.0005491376,0.004857719
QLSTM,10,13,0.7975353,0.79740727,0.8025934,0.79717004,0.0048013529740273,0.00012803078,0.00023722649,0.0050581098
QLSTM,10,16,0.8795345,0.8838436,0.89103895,0.8818277,0.0048013529740273,0.004309118,0.0020158887,0.011504471
QLSTM,10,16,0.8679668,0.87188977,0.8795345,0.85351205,0.0048013529740273,0.003922999,0.018377721,0.011567712
QLSTM,10,16,0.8570545,0.86051995,0.8679668,0.85120857,0.0048013529740273,0.0034654737,0.009311378,0.010912299
QLSTM,10,16,0.8495594,0.8500118,0.8570545,0.85171896,0.0048013529740273,0.00045239925,0.0017071366,0.0074950457
QLSTM,10,16,0.8472776,0.8429603,0.8495594,0.84525865,0.0048013529740273,0.0043172836,0.002298355,0.0022818446
QLSTM,10,16,0.8456941,0.843123,0.8472776,0.8445039,0.0048013529740273,0.002571106,0.0013808608,0.001583457
QLSTM,10,16,0.84527886,0.8415543,0.8456941,0.8447513,0.0048013529740273,0.003724575,0.0031970143,0.00041526556
QLSTM,10,16,0.845405,0.840797,0.84527886,0.84667486,0.0048013529740273,0.0046079755,0.0058778524,0.00012612343
QLSTM,10,16,0.8452354,0.8403383,0.845405,0.8452644,0.0048013529740273,0.0048971176,0.0049260855,0.00016957521
QLSTM,10,16,0.843519,0.83959067,0.8452354,0.8446674,0.0048013529740273,0.0039283037,0.0050767064,0.001716435
QLSTM,10,16,0.83449423,0.83758676,0.843519,0.8422364,0.0048013529740273,0.0030925274,0.004649639,0.009024739
QLSTM,10,16,0.82848555,0.82875705,0.83449423,0.8112598,0.0048013529740273,0.00027149916,0.017497241,0.0060086846
QLSTM,10,16,0.82094085,0.82311624,0.82848555,0.8077768,0.0048013529740273,0.0021753907,0.015339434,0.0075446963
QLSTM,10,16,0.8200482,0.8170317,0.82094085,0.8203719,0.0048013529740273,0.0030165315,0.0033402443,0.00089263916
QLSTM,10,16,0.82514846,0.8158741,0.8200482,0.8319933,0.0048013529740273,0.0092743635,0.016119182,0.0051002502
QLSTM,10,16,0.82622135,0.821221,0.82514846,0.8294752,0.0048013529740273,0.005000353,0.00825423,0.0010728836
QLSTM,10,16,0.825271,0.8216488,0.82622135,0.8219822,0.0048013529740273,0.0036222339,0.00033342838,0.00095033646
QLSTM,10,16,0.8230619,0.82093483,0.825271,0.8228044,0.0048013529740273,0.0021270514,0.0018695593,0.002209127
QLSTM,10,16,0.82122034,0.8179905,0.8230619,0.8239294,0.0048013529740273,0.0032298565,0.005938947,0.0018415451
QLSTM,10,16,0.8190377,0.81603694,0.82122034,0.8179935,0.0048013529740273,0.0030007362,0.001956582,0.0021826625
QLSTM,10,16,0.8148156,0.8139326,0.8190377,0.81704307,0.0048013529740273,0.0008829832,0.0031104684,0.004222095
QLSTM,10,16,0.810412,0.80921185,0.8148156,0.8111669,0.0048013529740273,0.0012001395,0.0019550323,0.004403591
QLSTM,10,16,0.8058801,0.805054,0.810412,0.8044414,0.0048013529740273,0.0008261204,0.00061261654,0.0045318604
LSTM,10,13,0.8930472,0.8904805,0.8964759,0.89387727,0.0048013529740273,0.0025666952,0.0033967495,0.0034286976
LSTM,10,13,0.8907072,0.88697344,0.8930472,0.8872821,0.0048013529740273,0.0037337542,0.00030863285,0.0023400187
LSTM,10,13,0.8883932,0.8855074,0.8907072,0.8906314,0.0048013529740273,0.0028858185,0.005123973,0.0023139715
LSTM,10,13,0.8863955,0.8825286,0.8883932,0.8858322,0.0048013529740273,0.003866911,0.0033035874,0.0019977093
LSTM,10,13,0.88359916,0.8824307,0.8863955,0.8848437,0.0048013529740273,0.0011684895,0.0024130344,0.002796352
LSTM,10,13,0.8774282,0.879127,0.88359916,0.8797299,0.0048013529740273,0.0016988516,0.000602901,0.006170988
LSTM,10,13,0.8695672,0.87278855,0.8774282,0.87848204,0.0048013529740273,0.003221333,0.0056934953,0.007860959
LSTM,10,13,0.8588963,0.86483073,0.8695672,0.8601056,0.0048013529740273,0.0059344172,0.004725158,0.0106709
LSTM,10,13,0.8479537,0.85435265,0.8588963,0.8327076,0.0048013529740273,0.006398976,0.02164507,0.010942638
LSTM,10,13,0.8373971,0.84353757,0.8479537,0.83351034,0.0048013529740273,0.0061404705,0.01002723,0.010556579
LSTM,10,13,0.8283904,0.8327305,0.8373971,0.8292711,0.0048013529740273,0.0043400526,0.003459394,0.009006679
LSTM,10,13,0.8245567,0.8235067,0.8283904,0.82093954,0.0048013529740273,0.0010499954,0.002567172,0.0038337111
LSTM,10,13,0.8225701,0.81983465,0.8245567,0.82007676,0.0048013529740273,0.002735436,0.00024211407,0.0019866228
LSTM,10,13,0.8222444,0.8180671,0.8225701,0.82287234,0.0048013529740273,0.004177332,0.004805267,0.00032567978
LSTM,10,13,0.8219162,0.81737816,0.8222444,0.82472265,0.0048013529740273,0.0045380592,0.0073444843,0.00032818317
LSTM,10,13,0.82016605,0.8173855,0.8219162,0.82127243,0.0048013529740273,0.0027805567,0.003886938,0.0017501712
LSTM,10,13,0.81786996,0.81529236,0.82016605,0.8146525,0.0048013529740273,0.0025776029,0.00063985586,0.0022960901
LSTM,10,13,0.8151715,0.8138254,0.81786996,0.81610477,0.0048013529740273,0.0013460517,0.0022793412,0.002698481
LSTM,10,13,0.81209,0.81084716,0.8151715,0.814834,0.0048013529740273,0.0012428164,0.0039868355,0.0030815005
LSTM,10,13,0.8074511,0.8075614,0.81209,0.8079595,0.0048013529740273,0.00011026859,0.00039809942,0.0046388507
LSTM,10,13,0.8025934,0.80315286,0.8074511,0.8021756,0.0048013529740273,0.0005594492,0.0009772778,0.004857719
LSTM,10,13,0.7975353,0.7984794,0.8025934,0.79717004,0.0048013529740273,0.00094407797,0.0013093352,0.0050581098
LSTM,10,16,0.8795345,0.8841554,0.89103895,0.8818277,0.0048013529740273,0.0046209097,0.0023276806,0.011504471
LSTM,10,16,0.8679668,0.87286973,0.8795345,0.85351205,0.0048013529740273,0.004902959,0.019357681,0.011567712
LSTM,10,16,0.8570545,0.8621664,0.8679668,0.85120857,0.0048013529740273,0.0051119328,0.010957837,0.010912299
LSTM,10,16,0.8495594,0.85094285,0.8570545,0.85171896,0.0048013529740273,0.0013834238,0.0007761121,0.0074950457
LSTM,10,16,0.8472776,0.8447678,0.8495594,0.84525865,0.0048013529740273,0.0025097728,0.00049084425,0.0022818446
LSTM,10,16,0.8456941,0.8432041,0.8472776,0.8445039,0.0048013529740273,0.0024900436,0.0012997985,0.001583457
LSTM,10,16,0.84527886,0.8410337,0.8456941,0.8447513,0.0048013529740273,0.004245162,0.0037176013,0.00041526556
LSTM,10,16,0.845405,0.8402819,0.84527886,0.84667486,0.0048013529740273,0.005123079,0.006392956,0.00012612343
LSTM,10,16,0.8452354,0.8402333,0.845405,0.8452644,0.0048013529740273,0.0050020814,0.0050310493,0.00016957521
LSTM,10,16,0.843519,0.8399832,0.8452354,0.8446674,0.0048013529740273,0.0035357475,0.00468415,0.001716435
LSTM,10,16,0.83449423,0.8383404,0.843519,0.8422364,0.0048013529740273,0.0038461685,0.003895998,0.009024739
LSTM,10,16,0.82848555,0.82963216,0.83449423,0.8112598,0.0048013529740273,0.0011466146,0.018372357,0.0060086846
LSTM,10,16,0.82094085,0.82373613,0.82848555,0.8077768,0.0048013529740273,0.002795279,0.015959322,0.0075446963
LSTM,10,16,0.8200482,0.8161882,0.82094085,0.8203719,0.0048013529740273,0.0038599968,0.0041837096,0.00089263916
LSTM,10,16,0.82514846,0.8154178,0.8200482,0.8319933,0.0048013529740273,0.009730637,0.016575456,0.0051002502
LSTM,10,16,0.82622135,0.820234,0.82514846,0.8294752,0.0048013529740273,0.005987346,0.009241223,0.0010728836
LSTM,10,16,0.825271,0.8216244,0.82622135,0.8219822,0.0048013529740273,0.0036466122,0.00035780668,0.00095033646
LSTM,10,16,0.8230619,0.82050806,0.825271,0.8228044,0.0048013529740273,0.0025538206,0.0022963285,0.002209127
LSTM,10,16,0.82122034,0.8179746,0.8230619,0.8239294,0.0048013529740273,0.0032457113,0.005954802,0.0018415451
LSTM,10,16,0.8190377,0.8162951,0.82122034,0.8179935,0.0048013529740273,0.0027425885,0.0016984344,0.0021826625
LSTM,10,16,0.8148156,0.8143174,0.8190377,0.81704307,0.0048013529740273,0.0004981756,0.0027256608,0.004222095
LSTM,10,16,0.810412,0.80990183,0.8148156,0.8111669,0.0048013529740273,0.00051015615,0.001265049,0.004403591
LSTM,10,16,0.8058801,0.80575055,0.810412,0.8044414,0.0048013529740273,0.0001295805,0.0013091564,0.0045318604
GRU,10,13,0.8930472,0.8909138,0.8964759,0.89387727,0.0048013529740273,0.002133429,0.0029634833,0.0034286976
GRU,10,13,0.8907072,0.88731617,0.8930472,0.8872821,0.0048013529740273,0.0033910275,3.4093857e-05,0.0023400187
GRU,10,13,0.8883932,0.8854724,0.8907072,0.8906314,0.0048013529740273,0.0029208064,0.005158961,0.0023139715
GRU,10,13,0.8863955,0.88303864,0.8883932,0.8858322,0.0048013529740273,0.003356874,0.0027935505,0.0019977093
GRU,10,13,0.88359916,0.88103795,0.8863955,0.8848437,0.0048013529740273,0.0025612116,0.0038057566,0.002796352
GRU,10,13,0.8774282,0.8789895,0.88359916,0.8797299,0.0048013529740273,0.0015613437,0.0007404089,0.006170988
GRU,10,13,0.8695672,0.87005025,0.8774282,0.87848204,0.0048013529740273,0.00048303604,0.008431792,0.007860959
GRU,10,13,0.8588963,0.86169934,0.8695672,0.8601056,0.0048013529740273,0.0028030276,0.0015937686,0.0106709
GRU,10,13,0.8479537,0.85075426,0.8588963,0.8327076,0.0048013529740273,0.0028005838,0.018046677,0.010942638
GRU,10,13,0.8373971,0.8401626,0.8479537,0.83351034,0.0048013529740273,0.0027654767,0.006652236,0.010556579
GRU,10,13,0.8283904,0.83094335,0.8373971,0.8292711,0.0048013529740273,0.0025529265,0.0016722679,0.009006679
GRU,10,13,0.8245567,0.82402366,0.8283904,0.82093954,0.0048013529740273,0.00053304434,0.0030841231,0.0038337111
GRU,10,13,0.8225701,0.82025486,0.8245567,0.82007676,0.0048013529740273,0.0023152232,0.00017809868,0.0019866228
GRU,10,13,0.8222444,0.81866443,0.8225701,0.82287234,0.0048013529740273,0.0035799742,0.004207909,0.00032567978
GRU,10,13,0.8219162,0.81836075,0.8222444,0.82472265,0.0048013529740273,0.0035554767,0.0063619018,0.00032818317
GRU,10,13,0.82016605,0.81815076,0.8219162,0.82127243,0.0048013529740273,0.0020152926,0.003121674,0.0017501712
GRU,10,13,0.81786996,0.8160828,0.82016605,0.8146525,0.0048013529740273,0.0017871857,0.001430273,0.0022960901
GRU,10,13,0.8151715,0.8132773,0.81786996,0.81610477,0.0048013529740273,0.001894176,0.0028274655,0.002698481
GRU,10,13,0.81209,0.81054705,0.8151715,0.814834,0.0048013529740273,0.0015429258,0.004286945,0.0030815005
GRU,10,13,0.8074511,0.80697966,0.81209,0.8079595,0.0048013529740273,0.00047147274,0.0009798408,0.0046388507
GRU,10,13,0.8025934,0.80176085,0.8074511,0.8021756,0.0048013529740273,0.0008325577,0.00041472912,0.004857719
GRU,10,13,0.7975353,0.797384,0.8025934,0.79717004,0.0048013529740273,0.00015127659,0.00021398067,0.0050581098
GRU,10,16,0.8795345,0.8853079,0.89103895,0.8818277,0.0048013529740273,0.005773425,0.003480196,0.011504471
GRU,10,16,0.8679668,0.87380344,0.8795345,0.85351205,0.0048013529740273,0.0058366656,0.020291388,0.011567712
GRU,10,16,0.8570545,0.8622357,0.8679668,0.85120857,0.0048013529740273,0.005181253,0.011027157,0.010912299
GRU,10,16,0.8495594,0.8514138,0.8570545,0.85171896,0.0048013529740273,0.0018543601,0.00030517578,0.0074950457
GRU,10,16,0.8472776,0.84394306,0.8495594,0.84525865,0.0048013529740273,0.0033345222,0.0013155937,0.0022818446
GRU,10,16,0.8456941,0.84161884,0.8472776,0.8445039,0.0048013529740273,0.004075289,0.0028850436,0.001583457
GRU,10,16,0.84527886,0.84086573,0.8456941,0.8447513,0.0048013529740273,0.004413128,0.0038855672,0.00041526556
GRU,10,16,0.845405,0.8406681,0.84527886,0.84667486,0.0048013529740273,0.0047369003,0.0060067773,0.00012612343
GRU,10,16,0.8452354,0.84091264,0.845405,0.8452644,0.0048013529740273,0.0043227673,0.004351735,0.00016957521
GRU,10,16,0.843519,0.84070456,0.8452354,0.8446674,0.0048013529740273,0.0028144121,0.003962815,0.001716435
GRU,10,16,0.83449423,0.8390458,0.843519,0.8422364,0.0048013529740273,0.0045515895,0.003190577,0.009024739
GRU,10,16,0.82848555,0.830011,0.83449423,0.8112598,0.0048013529740273,0.0015254617,0.018751204,0.0060086846
GRU,10,16,0.82094085,0.8237207,0.82848555,0.8077768,0.0048013529740273,0.0027798414,0.015943885,0.0075446963
GRU,10,16,0.8200482,0.8162895,0.82094085,0.8203719,0.0048013529740273,0.0037587285,0.0040824413,0.00089263916
GRU,10,16,0.82514846,0.8153796,0.8200482,0.8319933,0.0048013529740273,0.009768844,0.016613662,0.0051002502
GRU,10,16,0.82622135,0.8208849,0.82514846,0.8294752,0.0048013529740273,0.0053364635,0.008590341,0.0010728836
GRU,10,16,0.825271,0.82184345,0.82622135,0.8219822,0.0048013529740273,0.003427565,0.00013875961,0.00095033646
GRU,10,16,0.8230619,0.8209608,0.825271,0.8228044,0.0048013529740273,0.0021010637,0.0018435717,0.002209127
GRU,10,16,0.82122034,0.8185651,0.8230619,0.8239294,0.0048013529740273,0.0026552677,0.0053643584,0.0018415451
GRU,10,16,0.8190377,0.8165766,0.82122034,0.8179935,0.0048013529740273,0.0024610758,0.0014169216,0.0021826625
GRU,10,16,0.8148156,0.8145248,0.8190377,0.81704307,0.0048013529740273,0.00029075146,0.0025182366,0.004222095
GRU,10,16,0.810412,0.8100647,0.8148156,0.8111669,0.0048013529740273,0.00034731627,0.0011022091,0.004403591
GRU,10,16,0.8058801,0.80554557,0.810412,0.8044414,0.0048013529740273,0.00033456087,0.001104176,0.0045318604
MLP,10,13,0.8930472,0.8837692,0.8964759,0.89387727,0.0048013529740273,0.009277999,0.010108054,0.0034286976
MLP,10,13,0.8907072,0.8809095,0.8930472,0.8872821,0.0048013529740273,0.009797692,0.006372571,0.0023400187
MLP,10,13,0.8883932,0.86503124,0.8907072,0.8906314,0.0048013529740273,0.02336198,0.025600135,0.0023139715
MLP,10,13,0.8863955,0.8661762,0.8883932,0.8858322,0.0048013529740273,0.020219326,0.019656003,0.0019977093
MLP,10,13,0.88359916,0.88237643,0.8863955,0.8848437,0.0048013529740273,0.0012227297,0.0024672747,0.002796352
MLP,10,13,0.8774282,0.8834891,0.88359916,0.8797299,0.0048013529740273,0.0060608983,0.0037591457,0.006170988
MLP,10,13,0.8695672,0.8723735,0.8774282,0.87848204,0.0048013529740273,0.002806306,0.0061085224,0.007860959
MLP,10,13,0.8588963,0.8623878,0.8695672,0.8601056,0.0048013529740273,0.0034914613,0.0022822022,0.0106709
MLP,10,13,0.8479537,0.85332346,0.8588963,0.8327076,0.0048013529740273,0.0053697824,0.020615876,0.010942638
MLP,10,13,0.8373971,0.840275,0.8479537,0.83351034,0.0048013529740273,0.002877891,0.0067646503,0.010556579
MLP,10,13,0.8283904,0.8310454,0.8373971,0.8292711,0.0048013529740273,0.0026549697,0.0017743111,0.009006679
MLP,10,13,0.8245567,0.82358617,0.8283904,0.82093954,0.0048013529740273,0.00097054243,0.002646625,0.0038337111
MLP,10,13,0.8225701,0.8207486,0.8245567,0.82007676,0.0048013529740273,0.0018214583,0.00067186356,0.0019866228
MLP,10,13,0.8222444,0.81818897,0.8225701,0.82287234,0.0048013529740273,0.0040554404,0.0046833754,0.00032567978
MLP,10,13,0.8219162,0.8186166,0.8222444,0.82472265,0.0048013529740273,0.003299594,0.006106019,0.00032818317
MLP,10,13,0.82016605,0.8176546,0.8219162,0.82127243,0.0048013529740273,0.0025114417,0.0036178231,0.0017501712
MLP,10,13,0.81786996,0.81479305,0.82016605,0.8146525,0.0048013529740273,0.003076911,0.00014054775,0.0022960901
MLP,10,13,0.8151715,0.8147092,0.81786996,0.81610477,0.0048013529740273,0.00046229362,0.0013955832,0.002698481
MLP,10,13,0.81209,0.8110742,0.8151715,0.814834,0.0048013529740273,0.0010157824,0.0037598014,0.0030815005
MLP,10,13,0.8074511,0.81040156,0.81209,0.8079595,0.0048013529740273,0.00295043,0.002442062,0.0046388507
MLP,10,13,0.8025934,0.8053843,0.8074511,0.8021756,0.0048013529740273,0.0027908683,0.0032086968,0.004857719
MLP,10,13,0.7975353,0.8010067,0.8025934,0.79717004,0.0048013529740273,0.0034713745,0.0038366318,0.0050581098
MLP,10,16,0.8795345,0.87863886,0.89103895,0.8818277,0.0048013529740273,0.0008956194,0.0031888485,0.011504471
MLP,10,16,0.8679668,0.8732884,0.8795345,0.85351205,0.0048013529740273,0.005321622,0.019776344,0.011567712
MLP,10,16,0.8570545,0.86028665,0.8679668,0.85120857,0.0048013529740273,0.003232181,0.009078085,0.010912299
MLP,10,16,0.8495594,0.8527179,0.8570545,0.85171896,0.0048013529740273,0.0031584501,0.0009989142,0.0074950457
MLP,10,16,0.8472776,0.8428022,0.8495594,0.84525865,0.0048013529740273,0.004475355,0.0024564266,0.0022818446
MLP,10,16,0.8456941,0.8392971,0.8472776,0.8445039,0.0048013529740273,0.006397009,0.0052067637,0.001583457
MLP,10,16,0.84527886,0.84372747,0.8456941,0.8447513,0.0048013529740273,0.0015513897,0.001023829,0.00041526556
MLP,10,16,0.845405,0.84203213,0.84527886,0.84667486,0.0048013529740273,0.003372848,0.004642725,0.00012612343
MLP,10,16,0.8452354,0.8424793,0.845405,0.8452644,0.0048013529740273,0.0027561188,0.0027850866,0.00016957521
MLP,10,16,0.843519,0.8384945,0.8452354,0.8446674,0.0048013529740273,0.0050244927,0.0061728954,0.001716435
MLP,10,16,0.83449423,0.8363501,0.843519,0.8422364,0.0048013529740273,0.0018558502,0.0058863163,0.009024739
MLP,10,16,0.82848555,0.82872236,0.83449423,0.8112598,0.0048013529740273,0.00023680925,0.017462552,0.0060086846
MLP,10,16,0.82094085,0.82441866,0.82848555,0.8077768,0.0048013529740273,0.0034778118,0.016641855,0.0075446963
MLP,10,16,0.8200482,0.8174333,0.82094085,0.8203719,0.0048013529740273,0.0026149154,0.0029386282,0.00089263916
MLP,10,16,0.82514846,0.8165586,0.8200482,0.8319933,0.0048013529740273,0.008589864,0.015434682,0.0051002502
MLP,10,16,0.82622135,0.821808,0.82514846,0.8294752,0.0048013529740273,0.0044133663,0.0076672435,0.0010728836
MLP,10,16,0.825271,0.8224218,0.82622135,0.8219822,0.0048013529740273,0.0028492212,0.00043958426,0.00095033646
MLP,10,16,0.8230619,0.82108927,0.825271,0.8228044,0.0048013529740273,0.0019726157,0.0017151237,0.002209127
MLP,10,16,0.82122034,0.8195331,0.8230619,0.8239294,0.0048013529740273,0.0016872287,0.0043963194,0.0018415451
MLP,10,16,0.8190377,0.8147876,0.82122034,0.8179935,0.0048013529740273,0.0042500496,0.0032058954,0.0021826625
MLP,10,16,0.8148156,0.81373566,0.8190377,0.81704307,0.0048013529740273,0.001079917,0.0033074021,0.004222095
MLP,10,16,0.810412,0.8097992,0.8148156,0.8111669,0.0048013529740273,0.00061279535,0.0013676882,0.004403591
MLP,10,16,0.8058801,0.80432737,0.810412,0.8044414,0.0048013529740273,0.0015527606,0.000114023685,0.0045318604
Seq2Seq,10,13,0.8930472,0.8869213,0.8964759,0.89387727,0.0048013529740273,0.006125927,0.0069559813,0.0034286976
Seq2Seq,10,13,0.8907072,0.88629246,0.8930472,0.8872821,0.0048013529740273,0.004414737,0.0009896159,0.0023400187
Seq2Seq,10,13,0.8883932,0.8838245,0.8907072,0.8906314,0.0048013529740273,0.004568696,0.0068068504,0.0023139715
Seq2Seq,10,13,0.8863955,0.8808674,0.8883932,0.8858322,0.0048013529740273,0.0055280924,0.004964769,0.0019977093
Seq2Seq,10,13,0.88359916,0.879802,0.8863955,0.8848437,0.0048013529740273,0.0037971735,0.0050417185,0.002796352
Seq2Seq,10,13,0.8774282,0.8771364,0.88359916,0.8797299,0.0048013529740273,0.00029176474,0.0025935173,0.006170988
Seq2Seq,10,13,0.8695672,0.871378,0.8774282,0.87848204,0.0048013529740273,0.0018107891,0.007104039,0.007860959
Seq2Seq,10,13,0.8588963,0.8632236,0.8695672,0.8601056,0.0048013529740273,0.004327297,0.0031180382,0.0106709
Seq2Seq,10,13,0.8479537,0.852678,0.8588963,0.8327076,0.0048013529740273,0.0047243237,0.019970417,0.010942638
Seq2Seq,10,13,0.8373971,0.8411396,0.8479537,0.83351034,0.0048013529740273,0.003742516,0.0076292753,0.010556579
Seq2Seq,10,13,0.8283904,0.8311998,0.8373971,0.8292711,0.0048013529740273,0.0028094053,0.0019287467,0.009006679
Seq2Seq,10,13,0.8245567,0.8235213,0.8283904,0.82093954,0.0048013529740273,0.0010353923,0.0025817752,0.0038337111
Seq2Seq,10,13,0.8225701,0.8204012,0.8245567,0.82007676,0.0048013529740273,0.0021688938,0.00032442808,0.0019866228
Seq2Seq,10,13,0.8222444,0.81802285,0.8225701,0.82287234,0.0048013529740273,0.0042215586,0.0048494935,0.00032567978
Seq2Seq,10,13,0.8219162,0.81792057,0.8222444,0.82472265,0.0048013529740273,0.003995657,0.006802082,0.00032818317
Seq2Seq,10,13,0.82016605,0.8175786,0.8219162,0.82127243,0.0048013529740273,0.0025874376,0.003693819,0.0017501712
Seq2Seq,10,13,0.81786996,0.8155838,0.82016605,0.8146525,0.0048013529740273,0.0022861362,0.0009313226,0.0022960901
Seq2Seq,10,13,0.8151715,0.81306463,0.81786996,0.81610477,0.0048013529740273,0.0021068454,0.003040135,0.002698481
Seq2Seq,10,13,0.81209,0.81070083,0.8151715,0.814834,0.0048013529740273,0.0013891459,0.004133165,0.0030815005
Seq2Seq,10,13,0.8074511,0.80785686,0.81209,0.8079595,0.0048013529740273,0.00040572882,0.0001026392,0.0046388507
Seq2Seq,10,13,0.8025934,0.8036993,0.8074511,0.8021756,0.0048013529740273,0.0011059046,0.0015237331,0.004857719
Seq2Seq,10,13,0.7975353,0.79860824,0.8025934,0.79717004,0.0048013529740273,0.0010729432,0.0014382005,0.0050581098
Seq2Seq,10,16,0.8795345,0.88398075,0.89103895,0.8818277,0.0048013529740273,0.004446268,0.002153039,0.011504471
Seq2Seq,10,16,0.8679668,0.8729169,0.8795345,0.85351205,0.0048013529740273,0.004950106,0.019404829,0.011567712
Seq2Seq,10,16,0.8570545,0.8608717,0.8679668,0.85120857,0.0048013529740273,0.0038172007,0.009663105,0.010912299
Seq2Seq,10,16,0.8495594,0.85089123,0.8570545,0.85171896,0.0048013529740273,0.0013318062,0.0008277297,0.0074950457
Seq2Seq,10,16,0.8472776,0.8449017,0.8495594,0.84525865,0.0048013529740273,0.0023759007,0.00035697222,0.0022818446
Seq2Seq,10,16,0.8456941,0.84419805,0.8472776,0.8445039,0.0048013529740273,0.0014960766,0.00030583143,0.001583457
Seq2Seq,10,16,0.84527886,0.843057,0.8456941,0.8447513,0.0048013529740273,0.0022218823,0.0016943216,0.00041526556
Seq2Seq,10,16,0.845405,0.84264886,0.84527886,0.84667486,0.0048013529740273,0.0027561188,0.0040259957,0.00012612343
Seq2Seq,10,16,0.8452354,0.8413969,0.845405,0.8452644,0.0048013529740273,0.0038384795,0.0038674474,0.00016957521
Seq2Seq,10,16,0.843519,0.8393105,0.8452354,0.8446674,0.0048013529740273,0.0042084455,0.0053568482,0.001716435
Seq2Seq,10,16,0.83449423,0.8371163,0.843519,0.8422364,0.0048013529740273,0.002622068,0.0051200986,0.009024739
Seq2Seq,10,16,0.82848555,0.8282053,0.83449423,0.8112598,0.0048013529740273,0.00028026104,0.016945481,0.0060086846
Seq2Seq,10,16,0.82094085,0.82377386,0.82848555,0.8077768,0.0048013529740273,0.0028330088,0.015997052,0.0075446963
Seq2Seq,10,16,0.8200482,0.8166259,0.82094085,0.8203719,0.0048013529740273,0.00342232,0.0037460327,0.00089263916
Seq2Seq,10,16,0.82514846,0.81577426,0.8200482,0.8319933,0.0048013529740273,0.009374201,0.01621902,0.0051002502
Seq2Seq,10,16,0.82622135,0.82097226,0.82514846,0.8294752,0.0048013529740273,0.005249083,0.00850296,0.0010728836
Seq2Seq,10,16,0.825271,0.8218418,0.82622135,0.8219822,0.0048013529740273,0.003429234,0.00014042854,0.00095033646
Seq2Seq,10,16,0.8230619,0.82043064,0.825271,0.8228044,0.0048013529740273,0.002631247,0.002373755,0.002209127
Seq2Seq,10,16,0.82122034,0.8179962,0.8230619,0.8239294,0.0048013529740273,0.0032241344,0.005933225,0.0018415451
Seq2Seq,10,16,0.8190377,0.8168046,0.82122034,0.8179935,0.0048013529740273,0.002233088,0.0011889338,0.0021826625
Seq2Seq,10,16,0.8148156,0.81482685,0.8190377,0.81704307,0.0048013529740273,1.1265278e-05,0.00221622,0.004222095
Seq2Seq,10,16,0.810412,0.80938166,0.8148156,0.8111669,0.0048013529740273,0.0010303259,0.0017852187,0.004403591
Seq2Seq,10,16,0.8058801,0.8054875,0.810412,0.8044414,0.0048013529740273,0.0003926158,0.0010461211,0.0045318604
