model,fold,veh,y,pred,anchor,raw,naive_train,ae,ae_raw,ae_pers
Persistence,1,2,0.8752713,0.8976038,0.8976038,0.8752713,0.0064939288422465,0.02233249,0.02233249,0.02233249
Persistence,1,2,0.87212044,0.8752713,0.8752713,0.87212044,0.0064939288422465,0.0031508803,0.0031508803,0.0031508803
Persistence,1,2,0.87182397,0.87212044,0.87212044,0.87182397,0.0064939288422465,0.0002964735,0.0002964735,0.0002964735
Persistence,1,2,0.8723264,0.87182397,0.87182397,0.8723264,0.0064939288422465,0.00050240755,0.00050240755,0.00050240755
Persistence,1,2,0.8657995,0.8723264,0.8723264,0.8657995,0.0064939288422465,0.0065268874,0.0065268874,0.0065268874
Persistence,1,2,0.86035806,0.8657995,0.8657995,0.86035806,0.0064939288422465,0.005441427,0.005441427,0.005441427
Persistence,1,2,0.8612825,0.86035806,0.86035806,0.8612825,0.0064939288422465,0.00092446804,0.00092446804,0.00092446804
Persistence,1,2,0.85068226,0.8612825,0.8612825,0.85068226,0.0064939288422465,0.010600269,0.010600269,0.010600269
Persistence,1,2,0.84458315,0.85068226,0.85068226,0.84458315,0.0064939288422465,0.006099105,0.006099105,0.006099105
Persistence,1,2,0.8434805,0.84458315,0.84458315,0.8434805,0.0064939288422465,0.0011026263,0.0011026263,0.0011026263
Persistence,1,2,0.8406782,0.8434805,0.8434805,0.8406782,0.0064939288422465,0.0028023124,0.0028023124,0.0028023124
Persistence,1,2,0.8257304,0.8406782,0.8406782,0.8257304,0.0064939288422465,0.014947832,0.014947832,0.014947832
Persistence,1,2,0.81345356,0.8257304,0.8257304,0.81345356,0.0064939288422465,0.012276828,0.012276828,0.012276828
Persistence,1,2,0.8163983,0.81345356,0.81345356,0.8163983,0.0064939288422465,0.0029447675,0.0029447675,0.0029447675
Persistence,1,2,0.81351084,0.8163983,0.8163983,0.81351084,0.0064939288422465,0.0028874874,0.0028874874,0.0028874874
Persistence,1,2,0.8176731,0.81351084,0.81351084,0.8176731,0.0064939288422465,0.004162252,0.004162252,0.004162252
Persistence,1,2,0.8088941,0.8176731,0.8176731,0.8088941,0.0064939288422465,0.008778989,0.008778989,0.008778989
Persistence,1,2,0.8036141,0.8088941,0.8088941,0.8036141,0.0064939288422465,0.005280018,0.005280018,0.005280018
Persistence,1,2,0.8030973,0.8036141,0.8036141,0.8030973,0.0064939288422465,0.00051677227,0.00051677227,0.00051677227
Persistence,1,2,0.80167353,0.8030973,0.8030973,0.80167353,0.0064939288422465,0.0014237761,0.0014237761,0.0014237761
Persistence,1,2,0.7954083,0.80167353,0.80167353,0.7954083,0.0064939288422465,0.006265223,0.006265223,0.006265223
Persistence,1,2,0.7916841,0.7954083,0.7954083,0.7916841,0.0064939288422465,0.0037242174,0.0037242174,0.0037242174
Persistence,1,2,0.7898369,0.7916841,0.7916841,0.7898369,0.0064939288422465,0.0018472075,0.0018472075,0.0018472075
Persistence,1,19,0.8735683,0.8773628,0.8773628,0.8735683,0.0064939288422465,0.0037944913,0.0037944913,0.0037944913
Persistence,1,19,0.8690182,0.8735683,0.8735683,0.8690182,0.0064939288422465,0.0045500994,0.0045500994,0.0045500994
Persistence,1,19,0.8727613,0.8690182,0.8690182,0.8727613,0.0064939288422465,0.003743112,0.003743112,0.003743112
Persistence,1,19,0.8516162,0.8727613,0.8727613,0.8516162,0.0064939288422465,0.021145105,0.021145105,0.021145105
Persistence,1,19,0.8481611,0.8516162,0.8516162,0.8481611,0.0064939288422465,0.0034551024,0.0034551024,0.0034551024
Persistence,1,19,0.84774715,0.8481611,0.8481611,0.84774715,0.0064939288422465,0.00041395426,0.00041395426,0.00041395426
Persistence,1,19,0.848996,0.84774715,0.84774715,0.848996,0.0064939288422465,0.0012488365,0.0012488365,0.0012488365
Persistence,1,19,0.84651417,0.848996,0.848996,0.84651417,0.0064939288422465,0.0024818182,0.0024818182,0.0024818182
Persistence,1,19,0.8491494,0.84651417,0.84651417,0.8491494,0.0064939288422465,0.0026352406,0.0026352406,0.0026352406
Persistence,1,19,0.8456575,0.8491494,0.8491494,0.8456575,0.0064939288422465,0.0034918785,0.0034918785,0.0034918785
Persistence,1,19,0.8345627,0.8456575,0.8456575,0.8345627,0.0064939288422465,0.011094809,0.011094809,0.011094809
Persistence,1,19,0.8166507,0.8345627,0.8345627,0.8166507,0.0064939288422465,0.01791203,0.01791203,0.01791203
Persistence,1,19,0.8150793,0.8166507,0.8166507,0.8150793,0.0064939288422465,0.0015714169,0.0015714169,0.0015714169
Persistence,1,19,0.8160987,0.8150793,0.8150793,0.8160987,0.0064939288422465,0.0010194182,0.0010194182,0.0010194182
Persistence,1,19,0.8152849,0.8160987,0.8160987,0.8152849,0.0064939288422465,0.0008137822,0.0008137822,0.0008137822
Persistence,1,19,0.8114515,0.8152849,0.8152849,0.8114515,0.0064939288422465,0.0038334131,0.0038334131,0.0038334131
Persistence,1,19,0.80045074,0.8114515,0.8114515,0.80045074,0.0064939288422465,0.011000752,0.011000752,0.011000752
Persistence,1,19,0.78979313,0.80045074,0.80045074,0.78979313,0.0064939288422465,0.0106576085,0.0106576085,0.0106576085
Persistence,1,19,0.7861868,0.78979313,0.78979313,0.7861868,0.0064939288422465,0.0036063194,0.0036063194,0.0036063194
Persistence,1,19,0.79020286,0.7861868,0.7861868,0.79020286,0.0064939288422465,0.0040160418,0.0040160418,0.0040160418
Persistence,1,19,0.78965634,0.79020286,0.79020286,0.78965634,0.0064939288422465,0.000546515,0.000546515,0.000546515
Persistence,1,19,0.783259,0.78965634,0.78965634,0.783259,0.0064939288422465,0.0063973665,0.0063973665,0.0063973665
Persistence,1,19,0.7744164,0.783259,0.783259,0.7744164,0.0064939288422465,0.0088425875,0.0088425875,0.0088425875
MQAttn-LSTM-VQR,1,2,0.8752713,0.8919527,0.8976038,0.8752713,0.0064939288422465,0.016681373,0.016681373,0.02233249
MQAttn-LSTM-VQR,1,2,0.87212044,0.8710335,0.8752713,0.87212044,0.0064939288422465,0.0010869503,0.0010869503,0.0031508803
MQAttn-LSTM-VQR,1,2,0.87182397,0.86977166,0.87212044,0.87182397,0.0064939288422465,0.0020523071,0.0020523071,0.0002964735
MQAttn-LSTM-VQR,1,2,0.8723264,0.8666413,0.87182397,0.8723264,0.0064939288422465,0.005685091,0.005685091,0.00050240755
MQAttn-LSTM-VQR,1,2,0.8657995,0.8671085,0.8723264,0.8657995,0.0064939288422465,0.0013090372,0.0013090372,0.0065268874
MQAttn-LSTM-VQR,1,2,0.86035806,0.86349994,0.8657995,0.86035806,0.0064939288422465,0.00314188,0.00314188,0.005441427
MQAttn-LSTM-VQR,1,2,0.8612825,0.85799164,0.86035806,0.8612825,0.0064939288422465,0.0032908916,0.0032908916,0.00092446804
MQAttn-LSTM-VQR,1,2,0.85068226,0.8592217,0.8612825,0.85068226,0.0064939288422465,0.008539438,0.008539438,0.010600269
MQAttn-LSTM-VQR,1,2,0.84458315,0.8478598,0.85068226,0.84458315,0.0064939288422465,0.0032766461,0.0032766461,0.006099105
MQAttn-LSTM-VQR,1,2,0.8434805,0.8412572,0.84458315,0.8434805,0.0064939288422465,0.0022233129,0.0022233129,0.0011026263
MQAttn-LSTM-VQR,1,2,0.8406782,0.8406159,0.8434805,0.8406782,0.0064939288422465,6.2286854e-05,6.2286854e-05,0.0028023124
MQAttn-LSTM-VQR,1,2,0.8257304,0.8381023,0.8406782,0.8257304,0.0064939288422465,0.012371898,0.012371898,0.014947832
MQAttn-LSTM-VQR,1,2,0.81345356,0.8228415,0.8257304,0.81345356,0.0064939288422465,0.00938797,0.00938797,0.012276828
MQAttn-LSTM-VQR,1,2,0.8163983,0.81064874,0.81345356,0.8163983,0.0064939288422465,0.0057495832,0.0057495832,0.0029447675
MQAttn-LSTM-VQR,1,2,0.81351084,0.81387645,0.8163983,0.81351084,0.0064939288422465,0.0003656149,0.0003656149,0.0028874874
MQAttn-LSTM-VQR,1,2,0.8176731,0.81076163,0.81351084,0.8176731,0.0064939288422465,0.0069114566,0.0069114566,0.004162252
MQAttn-LSTM-VQR,1,2,0.8088941,0.81490475,0.8176731,0.8088941,0.0064939288422465,0.0060106516,0.0060106516,0.008778989
MQAttn-LSTM-VQR,1,2,0.8036141,0.80587107,0.8088941,0.8036141,0.0064939288422465,0.0022569895,0.0022569895,0.005280018
MQAttn-LSTM-VQR,1,2,0.8030973,0.8010506,0.8036141,0.8030973,0.0064939288422465,0.0020467043,0.0020467043,0.00051677227
MQAttn-LSTM-VQR,1,2,0.80167353,0.80007064,0.8030973,0.80167353,0.0064939288422465,0.0016028881,0.0016028881,0.0014237761
MQAttn-LSTM-VQR,1,2,0.7954083,0.7991092,0.80167353,0.7954083,0.0064939288422465,0.003700912,0.003700912,0.006265223
MQAttn-LSTM-VQR,1,2,0.7916841,0.79255766,0.7954083,0.7916841,0.0064939288422465,0.0008735657,0.0008735657,0.0037242174
MQAttn-LSTM-VQR,1,2,0.7898369,0.7889601,0.7916841,0.7898369,0.0064939288422465,0.0008767843,0.0008767843,0.0018472075
MQAttn-LSTM-VQR,1,19,0.8735683,0.8723209,0.8773628,0.8735683,0.0064939288422465,0.001247406,0.001247406,0.0037944913
MQAttn-LSTM-VQR,1,19,0.8690182,0.86817193,0.8735683,0.8690182,0.0064939288422465,0.00084626675,0.00084626675,0.0045500994
MQAttn-LSTM-VQR,1,19,0.8727613,0.86324364,0.8690182,0.8727613,0.0064939288422465,0.00951767,0.00951767,0.003743112
MQAttn-LSTM-VQR,1,19,0.8516162,0.8685837,0.8727613,0.8516162,0.0064939288422465,0.016967475,0.016967475,0.021145105
MQAttn-LSTM-VQR,1,19,0.8481611,0.8477372,0.8516162,0.8481611,0.0064939288422465,0.00042390823,0.00042390823,0.0034551024
MQAttn-LSTM-VQR,1,19,0.84774715,0.8458466,0.8481611,0.84774715,0.0064939288422465,0.0019005537,0.0019005537,0.00041395426
MQAttn-LSTM-VQR,1,19,0.848996,0.84544474,0.84774715,0.848996,0.0064939288422465,0.0035512447,0.0035512447,0.0012488365
MQAttn-LSTM-VQR,1,19,0.84651417,0.8464688,0.848996,0.84651417,0.0064939288422465,4.5359135e-05,4.5359135e-05,0.0024818182
MQAttn-LSTM-VQR,1,19,0.8491494,0.84382993,0.84651417,0.8491494,0.0064939288422465,0.005319476,0.005319476,0.0026352406
MQAttn-LSTM-VQR,1,19,0.8456575,0.8465511,0.8491494,0.8456575,0.0064939288422465,0.00089359283,0.00089359283,0.0034918785
MQAttn-LSTM-VQR,1,19,0.8345627,0.8428884,0.8456575,0.8345627,0.0064939288422465,0.008325696,0.008325696,0.011094809
MQAttn-LSTM-VQR,1,19,0.8166507,0.83194125,0.8345627,0.8166507,0.0064939288422465,0.015290558,0.015290558,0.01791203
MQAttn-LSTM-VQR,1,19,0.8150793,0.81358725,0.8166507,0.8150793,0.0064939288422465,0.0014920235,0.0014920235,0.0015714169
MQAttn-LSTM-VQR,1,19,0.8160987,0.8123648,0.8150793,0.8160987,0.0064939288422465,0.0037338734,0.0037338734,0.0010194182
MQAttn-LSTM-VQR,1,19,0.8152849,0.8131692,0.8160987,0.8152849,0.0064939288422465,0.0021157265,0.0021157265,0.0008137822
MQAttn-LSTM-VQR,1,19,0.8114515,0.8122307,0.8152849,0.8114515,0.0064939288422465,0.0007792115,0.0007792115,0.0038334131
MQAttn-LSTM-VQR,1,19,0.80045074,0.8087411,0.8114515,0.80045074,0.0064939288422465,0.00829035,0.00829035,0.011000752
MQAttn-LSTM-VQR,1,19,0.78979313,0.79767853,0.80045074,0.78979313,0.0064939288422465,0.0078853965,0.0078853965,0.0106576085
MQAttn-LSTM-VQR,1,19,0.7861868,0.78686297,0.78979313,0.7861868,0.0064939288422465,0.0006761551,0.0006761551,0.0036063194
MQAttn-LSTM-VQR,1,19,0.79020286,0.7840569,0.7861868,0.79020286,0.0064939288422465,0.006145954,0.006145954,0.0040160418
MQAttn-LSTM-VQR,1,19,0.78965634,0.7879838,0.79020286,0.78965634,0.0064939288422465,0.0016725659,0.0016725659,0.000546515
MQAttn-LSTM-VQR,1,19,0.783259,0.78719527,0.78965634,0.783259,0.0064939288422465,0.0039362907,0.0039362907,0.0063973665
MQAttn-LSTM-VQR,1,19,0.7744164,0.7805618,0.783259,0.7744164,0.0064939288422465,0.0061454177,0.0061454177,0.0088425875
MQAttn-LSTM-VQR classical twin,1,2,0.8752713,0.89285886,0.8976038,0.8752713,0.0064939288422465,0.017587543,0.017587543,0.02233249
MQAttn-LSTM-VQR classical twin,1,2,0.87212044,0.8719114,0.8752713,0.87212044,0.0064939288422465,0.00020903349,0.00020903349,0.0031508803
MQAttn-LSTM-VQR classical twin,1,2,0.87182397,0.8678985,0.87212044,0.87182397,0.0064939288422465,0.0039254427,0.0039254427,0.0002964735
MQAttn-LSTM-VQR classical twin,1,2,0.8723264,0.8648121,0.87182397,0.8723264,0.0064939288422465,0.007514298,0.007514298,0.00050240755
MQAttn-LSTM-VQR classical twin,1,2,0.8657995,0.86652154,0.8723264,0.8657995,0.0064939288422465,0.00072205067,0.00072205067,0.0065268874
MQAttn-LSTM-VQR classical twin,1,2,0.86035806,0.8645158,0.8657995,0.86035806,0.0064939288422465,0.004157722,0.004157722,0.005441427
MQAttn-LSTM-VQR classical twin,1,2,0.8612825,0.8596914,0.86035806,0.8612825,0.0064939288422465,0.001591146,0.001591146,0.00092446804
MQAttn-LSTM-VQR classical twin,1,2,0.85068226,0.8586123,0.8612825,0.85068226,0.0064939288422465,0.00793004,0.00793004,0.010600269
MQAttn-LSTM-VQR classical twin,1,2,0.84458315,0.84323865,0.85068226,0.84458315,0.0064939288422465,0.001344502,0.001344502,0.006099105
MQAttn-LSTM-VQR classical twin,1,2,0.8434805,0.83343667,0.84458315,0.8434805,0.0064939288422465,0.0100438595,0.0100438595,0.0011026263
MQAttn-LSTM-VQR classical twin,1,2,0.8406782,0.8356462,0.8434805,0.8406782,0.0064939288422465,0.005032003,0.005032003,0.0028023124
MQAttn-LSTM-VQR classical twin,1,2,0.8257304,0.8349355,0.8406782,0.8257304,0.0064939288422465,0.009205103,0.009205103,0.014947832
MQAttn-LSTM-VQR classical twin,1,2,0.81345356,0.82105976,0.8257304,0.81345356,0.0064939288422465,0.0076062083,0.0076062083,0.012276828
MQAttn-LSTM-VQR classical twin,1,2,0.8163983,0.81155413,0.81345356,0.8163983,0.0064939288422465,0.0048441887,0.0048441887,0.0029447675
MQAttn-LSTM-VQR classical twin,1,2,0.81351084,0.81694716,0.8163983,0.81351084,0.0064939288422465,0.003436327,0.003436327,0.0028874874
MQAttn-LSTM-VQR classical twin,1,2,0.8176731,0.81088305,0.81351084,0.8176731,0.0064939288422465,0.006790042,0.006790042,0.004162252
MQAttn-LSTM-VQR classical twin,1,2,0.8088941,0.81391925,0.8176731,0.8088941,0.0064939288422465,0.0050251484,0.0050251484,0.008778989
MQAttn-LSTM-VQR classical twin,1,2,0.8036141,0.8048467,0.8088941,0.8036141,0.0064939288422465,0.001232624,0.001232624,0.005280018
MQAttn-LSTM-VQR classical twin,1,2,0.8030973,0.7999572,0.8036141,0.8030973,0.0064939288422465,0.003140092,0.003140092,0.00051677227
MQAttn-LSTM-VQR classical twin,1,2,0.80167353,0.7992823,0.8030973,0.80167353,0.0064939288422465,0.0023912191,0.0023912191,0.0014237761
MQAttn-LSTM-VQR classical twin,1,2,0.7954083,0.79756737,0.80167353,0.7954083,0.0064939288422465,0.002159059,0.002159059,0.006265223
MQAttn-LSTM-VQR classical twin,1,2,0.7916841,0.7916353,0.7954083,0.7916841,0.0064939288422465,4.8816204e-05,4.8816204e-05,0.0037242174
MQAttn-LSTM-VQR classical twin,1,2,0.7898369,0.78576005,0.7916841,0.7898369,0.0064939288422465,0.0040768385,0.0040768385,0.0018472075
MQAttn-LSTM-VQR classical twin,1,19,0.8735683,0.87147564,0.8773628,0.8735683,0.0064939288422465,0.0020926595,0.0020926595,0.0037944913
MQAttn-LSTM-VQR classical twin,1,19,0.8690182,0.8682108,0.8735683,0.8690182,0.0064939288422465,0.0008074045,0.0008074045,0.0045500994
MQAttn-LSTM-VQR classical twin,1,19,0.8727613,0.8610688,0.8690182,0.8727613,0.0064939288422465,0.011692524,0.011692524,0.003743112
MQAttn-LSTM-VQR classical twin,1,19,0.8516162,0.86691064,0.8727613,0.8516162,0.0064939288422465,0.015294433,0.015294433,0.021145105
MQAttn-LSTM-VQR classical twin,1,19,0.8481611,0.8461646,0.8516162,0.8481611,0.0064939288422465,0.0019965172,0.0019965172,0.0034551024
MQAttn-LSTM-VQR classical twin,1,19,0.84774715,0.8468529,0.8481611,0.84774715,0.0064939288422465,0.0008942485,0.0008942485,0.00041395426
MQAttn-LSTM-VQR classical twin,1,19,0.848996,0.84830594,0.84774715,0.848996,0.0064939288422465,0.000690043,0.000690043,0.0012488365
MQAttn-LSTM-VQR classical twin,1,19,0.84651417,0.8468407,0.848996,0.84651417,0.0064939288422465,0.00032651424,0.00032651424,0.0024818182
MQAttn-LSTM-VQR classical twin,1,19,0.8491494,0.8416484,0.84651417,0.8491494,0.0064939288422465,0.007501006,0.007501006,0.0026352406
MQAttn-LSTM-VQR classical twin,1,19,0.8456575,0.8413308,0.8491494,0.8456575,0.0064939288422465,0.004326701,0.004326701,0.0034918785
MQAttn-LSTM-VQR classical twin,1,19,0.8345627,0.8404481,0.8456575,0.8345627,0.0064939288422465,0.0058853626,0.0058853626,0.011094809
MQAttn-LSTM-VQR classical twin,1,19,0.8166507,0.83076024,0.8345627,0.8166507,0.0064939288422465,0.014109552,0.014109552,0.01791203
MQAttn-LSTM-VQR classical twin,1,19,0.8150793,0.81262165,0.8166507,0.8150793,0.0064939288422465,0.0024576187,0.0024576187,0.0015714169
MQAttn-LSTM-VQR classical twin,1,19,0.8160987,0.8134885,0.8150793,0.8160987,0.0064939288422465,0.0026102066,0.0026102066,0.0010194182
MQAttn-LSTM-VQR classical twin,1,19,0.8152849,0.81404823,0.8160987,0.8152849,0.0064939288422465,0.0012366772,0.0012366772,0.0008137822
MQAttn-LSTM-VQR classical twin,1,19,0.8114515,0.8120278,0.8152849,0.8114515,0.0064939288422465,0.0005763173,0.0005763173,0.0038334131
MQAttn-LSTM-VQR classical twin,1,19,0.80045074,0.81015974,0.8114515,0.80045074,0.0064939288422465,0.009709001,0.009709001,0.011000752
MQAttn-LSTM-VQR classical twin,1,19,0.78979313,0.79886025,0.80045074,0.78979313,0.0064939288422465,0.009067118,0.009067118,0.0106576085
MQAttn-LSTM-VQR classical twin,1,19,0.7861868,0.78572077,0.78979313,0.7861868,0.0064939288422465,0.00046604872,0.00046604872,0.0036063194
MQAttn-LSTM-VQR classical twin,1,19,0.79020286,0.7859031,0.7861868,0.79020286,0.0064939288422465,0.00429976,0.00429976,0.0040160418
MQAttn-LSTM-VQR classical twin,1,19,0.78965634,0.7876061,0.79020286,0.78965634,0.0064939288422465,0.002050221,0.002050221,0.000546515
MQAttn-LSTM-VQR classical twin,1,19,0.783259,0.78538096,0.78965634,0.783259,0.0064939288422465,0.002121985,0.002121985,0.0063973665
MQAttn-LSTM-VQR classical twin,1,19,0.7744164,0.77767205,0.783259,0.7744164,0.0064939288422465,0.0032556653,0.0032556653,0.0088425875
MQAttn-QLSTM-VQR,1,2,0.8752713,0.8916982,0.8976038,0.8752713,0.0064939288422465,0.016426861,0.016426861,0.02233249
MQAttn-QLSTM-VQR,1,2,0.87212044,0.8706544,0.8752713,0.87212044,0.0064939288422465,0.0014660358,0.0014660358,0.0031508803
MQAttn-QLSTM-VQR,1,2,0.87182397,0.86882764,0.87212044,0.87182397,0.0064939288422465,0.0029963255,0.0029963255,0.0002964735
MQAttn-QLSTM-VQR,1,2,0.8723264,0.8668365,0.87182397,0.8723264,0.0064939288422465,0.005489886,0.005489886,0.00050240755
MQAttn-QLSTM-VQR,1,2,0.8657995,0.8674926,0.8723264,0.8657995,0.0064939288422465,0.0016931295,0.0016931295,0.0065268874
MQAttn-QLSTM-VQR,1,2,0.86035806,0.8629664,0.8657995,0.86035806,0.0064939288422465,0.0026083589,0.0026083589,0.005441427
MQAttn-QLSTM-VQR,1,2,0.8612825,0.8577273,0.86035806,0.8612825,0.0064939288422465,0.0035552382,0.0035552382,0.00092446804
MQAttn-QLSTM-VQR,1,2,0.85068226,0.85953695,0.8612825,0.85068226,0.0064939288422465,0.008854687,0.008854687,0.010600269
MQAttn-QLSTM-VQR,1,2,0.84458315,0.8463725,0.85068226,0.84458315,0.0064939288422465,0.0017893314,0.0017893314,0.006099105
MQAttn-QLSTM-VQR,1,2,0.8434805,0.83789074,0.84458315,0.8434805,0.0064939288422465,0.005589783,0.005589783,0.0011026263
MQAttn-QLSTM-VQR,1,2,0.8406782,0.83932894,0.8434805,0.8406782,0.0064939288422465,0.0013492703,0.0013492703,0.0028023124
MQAttn-QLSTM-VQR,1,2,0.8257304,0.8390989,0.8406782,0.8257304,0.0064939288422465,0.013368487,0.013368487,0.014947832
MQAttn-QLSTM-VQR,1,2,0.81345356,0.8236737,0.8257304,0.81345356,0.0064939288422465,0.01022017,0.01022017,0.012276828
MQAttn-QLSTM-VQR,1,2,0.8163983,0.8092096,0.81345356,0.8163983,0.0064939288422465,0.0071887374,0.0071887374,0.0029447675
MQAttn-QLSTM-VQR,1,2,0.81351084,0.8147121,0.8163983,0.81351084,0.0064939288422465,0.001201272,0.001201272,0.0028874874
MQAttn-QLSTM-VQR,1,2,0.8176731,0.81117064,0.81351084,0.8176731,0.0064939288422465,0.0065024495,0.0065024495,0.004162252
MQAttn-QLSTM-VQR,1,2,0.8088941,0.8151524,0.8176731,0.8088941,0.0064939288422465,0.006258309,0.006258309,0.008778989
MQAttn-QLSTM-VQR,1,2,0.8036141,0.80518997,0.8088941,0.8036141,0.0064939288422465,0.0015758872,0.0015758872,0.005280018
MQAttn-QLSTM-VQR,1,2,0.8030973,0.801376,0.8036141,0.8030973,0.0064939288422465,0.0017213225,0.0017213225,0.00051677227
MQAttn-QLSTM-VQR,1,2,0.80167353,0.7994372,0.8030973,0.80167353,0.0064939288422465,0.0022363067,0.0022363067,0.0014237761
MQAttn-QLSTM-VQR,1,2,0.7954083,0.7998842,0.80167353,0.7954083,0.0064939288422465,0.0044758916,0.0044758916,0.006265223
MQAttn-QLSTM-VQR,1,2,0.7916841,0.79249424,0.7954083,0.7916841,0.0064939288422465,0.00081014633,0.00081014633,0.0037242174
MQAttn-QLSTM-VQR,1,2,0.7898369,0.7900326,0.7916841,0.7898369,0.0064939288422465,0.00019574165,0.00019574165,0.0018472075
MQAttn-QLSTM-VQR,1,19,0.8735683,0.8715447,0.8773628,0.8735683,0.0064939288422465,0.0020235777,0.0020235777,0.0037944913
MQAttn-QLSTM-VQR,1,19,0.8690182,0.86799324,0.8735683,0.8690182,0.0064939288422465,0.0010249615,0.0010249615,0.0045500994
MQAttn-QLSTM-VQR,1,19,0.8727613,0.8640352,0.8690182,0.8727613,0.0064939288422465,0.00872612,0.00872612,0.003743112
MQAttn-QLSTM-VQR,1,19,0.8516162,0.8696343,0.8727613,0.8516162,0.0064939288422465,0.018018067,0.018018067,0.021145105
MQAttn-QLSTM-VQR,1,19,0.8481611,0.8477827,0.8516162,0.8481611,0.0064939288422465,0.0003784299,0.0003784299,0.0034551024
MQAttn-QLSTM-VQR,1,19,0.84774715,0.8447737,0.8481611,0.84774715,0.0064939288422465,0.0029734373,0.0029734373,0.00041395426
MQAttn-QLSTM-VQR,1,19,0.848996,0.84560573,0.84774715,0.848996,0.0064939288422465,0.0033902526,0.0033902526,0.0012488365
MQAttn-QLSTM-VQR,1,19,0.84651417,0.84593064,0.848996,0.84651417,0.0064939288422465,0.0005835295,0.0005835295,0.0024818182
MQAttn-QLSTM-VQR,1,19,0.8491494,0.8431233,0.84651417,0.8491494,0.0064939288422465,0.006026089,0.006026089,0.0026352406
MQAttn-QLSTM-VQR,1,19,0.8456575,0.8446995,0.8491494,0.8456575,0.0064939288422465,0.00095802546,0.00095802546,0.0034918785
MQAttn-QLSTM-VQR,1,19,0.8345627,0.84250456,0.8456575,0.8345627,0.0064939288422465,0.007941842,0.007941842,0.011094809
MQAttn-QLSTM-VQR,1,19,0.8166507,0.83221096,0.8345627,0.8166507,0.0064939288422465,0.015560269,0.015560269,0.01791203
MQAttn-QLSTM-VQR,1,19,0.8150793,0.8135675,0.8166507,0.8150793,0.0064939288422465,0.0015117526,0.0015117526,0.0015714169
MQAttn-QLSTM-VQR,1,19,0.8160987,0.813923,0.8150793,0.8160987,0.0064939288422465,0.0021756887,0.0021756887,0.0010194182
MQAttn-QLSTM-VQR,1,19,0.8152849,0.8137604,0.8160987,0.8152849,0.0064939288422465,0.001524508,0.001524508,0.0008137822
MQAttn-QLSTM-VQR,1,19,0.8114515,0.8124979,0.8152849,0.8114515,0.0064939288422465,0.0010464191,0.0010464191,0.0038334131
MQAttn-QLSTM-VQR,1,19,0.80045074,0.8084203,0.8114515,0.80045074,0.0064939288422465,0.007969558,0.007969558,0.011000752
MQAttn-QLSTM-VQR,1,19,0.78979313,0.7973079,0.80045074,0.78979313,0.0064939288422465,0.007514775,0.007514775,0.0106576085
MQAttn-QLSTM-VQR,1,19,0.7861868,0.78644115,0.78979313,0.7861868,0.0064939288422465,0.00025433302,0.00025433302,0.0036063194
MQAttn-QLSTM-VQR,1,19,0.79020286,0.78548855,0.7861868,0.79020286,0.0064939288422465,0.00471431,0.00471431,0.0040160418
MQAttn-QLSTM-VQR,1,19,0.78965634,0.789383,0.79020286,0.78965634,0.0064939288422465,0.0002733469,0.0002733469,0.000546515
MQAttn-QLSTM-VQR,1,19,0.783259,0.786684,0.78965634,0.783259,0.0064939288422465,0.003425002,0.003425002,0.0063973665
MQAttn-QLSTM-VQR,1,19,0.7744164,0.7816476,0.783259,0.7744164,0.0064939288422465,0.0072312355,0.0072312355,0.0088425875
MQAttn-QLSTM-VQR classical twin,1,2,0.8752713,0.889297,0.8976038,0.8752713,0.0064939288422465,0.014025688,0.014025688,0.02233249
MQAttn-QLSTM-VQR classical twin,1,2,0.87212044,0.86896926,0.8752713,0.87212044,0.0064939288422465,0.0031511784,0.0031511784,0.0031508803
MQAttn-QLSTM-VQR classical twin,1,2,0.87182397,0.86750233,0.87212044,0.87182397,0.0064939288422465,0.004321635,0.004321635,0.0002964735
MQAttn-QLSTM-VQR classical twin,1,2,0.8723264,0.865795,0.87182397,0.8723264,0.0064939288422465,0.0065313578,0.0065313578,0.00050240755
MQAttn-QLSTM-VQR classical twin,1,2,0.8657995,0.8674624,0.8723264,0.8657995,0.0064939288422465,0.00166291,0.00166291,0.0065268874
MQAttn-QLSTM-VQR classical twin,1,2,0.86035806,0.86131126,0.8657995,0.86035806,0.0064939288422465,0.0009531975,0.0009531975,0.005441427
MQAttn-QLSTM-VQR classical twin,1,2,0.8612825,0.8572312,0.86035806,0.8612825,0.0064939288422465,0.0040513277,0.0040513277,0.00092446804
MQAttn-QLSTM-VQR classical twin,1,2,0.85068226,0.85810614,0.8612825,0.85068226,0.0064939288422465,0.0074238777,0.0074238777,0.010600269
MQAttn-QLSTM-VQR classical twin,1,2,0.84458315,0.8471991,0.85068226,0.84458315,0.0064939288422465,0.0026159286,0.0026159286,0.006099105
MQAttn-QLSTM-VQR classical twin,1,2,0.8434805,0.8412213,0.84458315,0.8434805,0.0064939288422465,0.0022592545,0.0022592545,0.0011026263
MQAttn-QLSTM-VQR classical twin,1,2,0.8406782,0.83749664,0.8434805,0.8406782,0.0064939288422465,0.0031815767,0.0031815767,0.0028023124
MQAttn-QLSTM-VQR classical twin,1,2,0.8257304,0.8344225,0.8406782,0.8257304,0.0064939288422465,0.008692145,0.008692145,0.014947832
MQAttn-QLSTM-VQR classical twin,1,2,0.81345356,0.8209616,0.8257304,0.81345356,0.0064939288422465,0.0075080395,0.0075080395,0.012276828
MQAttn-QLSTM-VQR classical twin,1,2,0.8163983,0.8112036,0.81345356,0.8163983,0.0064939288422465,0.0051947236,0.0051947236,0.0029447675
MQAttn-QLSTM-VQR classical twin,1,2,0.81351084,0.81475216,0.8163983,0.81351084,0.0064939288422465,0.0012413263,0.0012413263,0.0028874874
MQAttn-QLSTM-VQR classical twin,1,2,0.8176731,0.8127492,0.81351084,0.8176731,0.0064939288422465,0.00492388,0.00492388,0.004162252
MQAttn-QLSTM-VQR classical twin,1,2,0.8088941,0.81681144,0.8176731,0.8088941,0.0064939288422465,0.007917345,0.007917345,0.008778989
MQAttn-QLSTM-VQR classical twin,1,2,0.8036141,0.80856246,0.8088941,0.8036141,0.0064939288422465,0.0049483776,0.0049483776,0.005280018
MQAttn-QLSTM-VQR classical twin,1,2,0.8030973,0.8008943,0.8036141,0.8030973,0.0064939288422465,0.0022029877,0.0022029877,0.00051677227
MQAttn-QLSTM-VQR classical twin,1,2,0.80167353,0.8003889,0.8030973,0.80167353,0.0064939288422465,0.0012846589,0.0012846589,0.0014237761
MQAttn-QLSTM-VQR classical twin,1,2,0.7954083,0.79716694,0.80167353,0.7954083,0.0064939288422465,0.001758635,0.001758635,0.006265223
MQAttn-QLSTM-VQR classical twin,1,2,0.7916841,0.7912901,0.7954083,0.7916841,0.0064939288422465,0.0003939867,0.0003939867,0.0037242174
MQAttn-QLSTM-VQR classical twin,1,2,0.7898369,0.7858194,0.7916841,0.7898369,0.0064939288422465,0.0040174723,0.0040174723,0.0018472075
MQAttn-QLSTM-VQR classical twin,1,19,0.8735683,0.8688528,0.8773628,0.8735683,0.0064939288422465,0.0047155023,0.0047155023,0.0037944913
MQAttn-QLSTM-VQR classical twin,1,19,0.8690182,0.866096,0.8735683,0.8690182,0.0064939288422465,0.0029221773,0.0029221773,0.0045500994
MQAttn-QLSTM-VQR classical twin,1,19,0.8727613,0.8619204,0.8690182,0.8727613,0.0064939288422465,0.010840893,0.010840893,0.003743112
MQAttn-QLSTM-VQR classical twin,1,19,0.8516162,0.8679404,0.8727613,0.8516162,0.0064939288422465,0.016324222,0.016324222,0.021145105
MQAttn-QLSTM-VQR classical twin,1,19,0.8481611,0.8486278,0.8516162,0.8481611,0.0064939288422465,0.00046670437,0.00046670437,0.0034551024
MQAttn-QLSTM-VQR classical twin,1,19,0.84774715,0.8452689,0.8481611,0.84774715,0.0064939288422465,0.002478242,0.002478242,0.00041395426
MQAttn-QLSTM-VQR classical twin,1,19,0.848996,0.84579474,0.84774715,0.848996,0.0064939288422465,0.0032012463,0.0032012463,0.0012488365
MQAttn-QLSTM-VQR classical twin,1,19,0.84651417,0.846955,0.848996,0.84651417,0.0064939288422465,0.00044083595,0.00044083595,0.0024818182
MQAttn-QLSTM-VQR classical twin,1,19,0.8491494,0.8429807,0.84651417,0.8491494,0.0064939288422465,0.006168723,0.006168723,0.0026352406
MQAttn-QLSTM-VQR classical twin,1,19,0.8456575,0.844583,0.8491494,0.8456575,0.0064939288422465,0.0010745525,0.0010745525,0.0034918785
MQAttn-QLSTM-VQR classical twin,1,19,0.8345627,0.8401389,0.8456575,0.8345627,0.0064939288422465,0.0055761933,0.0055761933,0.011094809
MQAttn-QLSTM-VQR classical twin,1,19,0.8166507,0.8289973,0.8345627,0.8166507,0.0064939288422465,0.012346625,0.012346625,0.01791203
MQAttn-QLSTM-VQR classical twin,1,19,0.8150793,0.8126436,0.8166507,0.8150793,0.0064939288422465,0.0024356842,0.0024356842,0.0015714169
MQAttn-QLSTM-VQR classical twin,1,19,0.8160987,0.81209135,0.8150793,0.8160987,0.0064939288422465,0.0040073395,0.0040073395,0.0010194182
MQAttn-QLSTM-VQR classical twin,1,19,0.8152849,0.81454474,0.8160987,0.8152849,0.0064939288422465,0.0007401705,0.0007401705,0.0008137822
MQAttn-QLSTM-VQR classical twin,1,19,0.8114515,0.81420636,0.8152849,0.8114515,0.0064939288422465,0.002754867,0.002754867,0.0038334131
MQAttn-QLSTM-VQR classical twin,1,19,0.80045074,0.80948246,0.8114515,0.80045074,0.0064939288422465,0.009031713,0.009031713,0.011000752
MQAttn-QLSTM-VQR classical twin,1,19,0.78979313,0.7997589,0.80045074,0.78979313,0.0064939288422465,0.009965777,0.009965777,0.0106576085
MQAttn-QLSTM-VQR classical twin,1,19,0.7861868,0.7877853,0.78979313,0.7861868,0.0064939288422465,0.0015984774,0.0015984774,0.0036063194
MQAttn-QLSTM-VQR classical twin,1,19,0.79020286,0.78265107,0.7861868,0.79020286,0.0064939288422465,0.0075517893,0.0075517893,0.0040160418
MQAttn-QLSTM-VQR classical twin,1,19,0.78965634,0.7861021,0.79020286,0.78965634,0.0064939288422465,0.003554225,0.003554225,0.000546515
MQAttn-QLSTM-VQR classical twin,1,19,0.783259,0.78553635,0.78965634,0.783259,0.0064939288422465,0.0022773743,0.0022773743,0.0063973665
MQAttn-QLSTM-VQR classical twin,1,19,0.7744164,0.7778418,0.783259,0.7744164,0.0064939288422465,0.0034254193,0.0034254193,0.0088425875
QLSTM,1,2,0.8752713,0.8920455,0.8976038,0.8752713,0.0064939288422465,0.016774178,0.016774178,0.02233249
QLSTM,1,2,0.87212044,0.86957264,0.8752713,0.87212044,0.0064939288422465,0.0025478005,0.0025478005,0.0031508803
QLSTM,1,2,0.87182397,0.8669516,0.87212044,0.87182397,0.0064939288422465,0.0048723817,0.0048723817,0.0002964735
QLSTM,1,2,0.8723264,0.8679841,0.87182397,0.8723264,0.0064939288422465,0.004342258,0.004342258,0.00050240755
QLSTM,1,2,0.8657995,0.8688201,0.8723264,0.8657995,0.0064939288422465,0.0030205846,0.0030205846,0.0065268874
QLSTM,1,2,0.86035806,0.86233014,0.8657995,0.86035806,0.0064939288422465,0.0019720793,0.0019720793,0.005441427
QLSTM,1,2,0.8612825,0.85639834,0.86035806,0.8612825,0.0064939288422465,0.0048841834,0.0048841834,0.00092446804
QLSTM,1,2,0.85068226,0.85766953,0.8612825,0.85068226,0.0064939288422465,0.0069872737,0.0069872737,0.010600269
QLSTM,1,2,0.84458315,0.84637094,0.85068226,0.84458315,0.0064939288422465,0.0017877817,0.0017877817,0.006099105
QLSTM,1,2,0.8434805,0.8390704,0.84458315,0.8434805,0.0064939288422465,0.0044101477,0.0044101477,0.0011026263
QLSTM,1,2,0.8406782,0.8378659,0.8434805,0.8406782,0.0064939288422465,0.002812326,0.002812326,0.0028023124
QLSTM,1,2,0.8257304,0.8356737,0.8406782,0.8257304,0.0064939288422465,0.009943306,0.009943306,0.014947832
QLSTM,1,2,0.81345356,0.8225668,0.8257304,0.81345356,0.0064939288422465,0.009113252,0.009113252,0.012276828
QLSTM,1,2,0.8163983,0.8129101,0.81345356,0.8163983,0.0064939288422465,0.0034882426,0.0034882426,0.0029447675
QLSTM,1,2,0.81351084,0.8158895,0.8163983,0.81351084,0.0064939288422465,0.0023786426,0.0023786426,0.0028874874
QLSTM,1,2,0.8176731,0.8126229,0.81351084,0.8176731,0.0064939288422465,0.0050501823,0.0050501823,0.004162252
QLSTM,1,2,0.8088941,0.8163206,0.8176731,0.8088941,0.0064939288422465,0.0074265003,0.0074265003,0.008778989
QLSTM,1,2,0.8036141,0.80752313,0.8088941,0.8036141,0.0064939288422465,0.0039090514,0.0039090514,0.005280018
QLSTM,1,2,0.8030973,0.80078,0.8036141,0.8030973,0.0064939288422465,0.0023173094,0.0023173094,0.00051677227
QLSTM,1,2,0.80167353,0.80023205,0.8030973,0.80167353,0.0064939288422465,0.0014414787,0.0014414787,0.0014237761
QLSTM,1,2,0.7954083,0.79809827,0.80167353,0.7954083,0.0064939288422465,0.0026899576,0.0026899576,0.006265223
QLSTM,1,2,0.7916841,0.7926973,0.7954083,0.7916841,0.0064939288422465,0.0010132194,0.0010132194,0.0037242174
QLSTM,1,2,0.7898369,0.78794,0.7916841,0.7898369,0.0064939288422465,0.0018968582,0.0018968582,0.0018472075
QLSTM,1,19,0.8735683,0.87101364,0.8773628,0.8735683,0.0064939288422465,0.002554655,0.002554655,0.0037944913
QLSTM,1,19,0.8690182,0.868873,0.8735683,0.8690182,0.0064939288422465,0.00014519691,0.00014519691,0.0045500994
QLSTM,1,19,0.8727613,0.8643643,0.8690182,0.8727613,0.0064939288422465,0.008396983,0.008396983,0.003743112
QLSTM,1,19,0.8516162,0.8692066,0.8727613,0.8516162,0.0064939288422465,0.017590404,0.017590404,0.021145105
QLSTM,1,19,0.8481611,0.8485232,0.8516162,0.8481611,0.0064939288422465,0.00036209822,0.00036209822,0.0034551024
QLSTM,1,19,0.84774715,0.8450337,0.8481611,0.84774715,0.0064939288422465,0.0027134418,0.0027134418,0.00041395426
QLSTM,1,19,0.848996,0.84426695,0.84774715,0.848996,0.0064939288422465,0.0047290325,0.0047290325,0.0012488365
QLSTM,1,19,0.84651417,0.84563667,0.848996,0.84651417,0.0064939288422465,0.0008774996,0.0008774996,0.0024818182
QLSTM,1,19,0.8491494,0.84239703,0.84651417,0.8491494,0.0064939288422465,0.006752372,0.006752372,0.0026352406
QLSTM,1,19,0.8456575,0.84390575,0.8491494,0.8456575,0.0064939288422465,0.0017517805,0.0017517805,0.0034918785
QLSTM,1,19,0.8345627,0.84017533,0.8456575,0.8345627,0.0064939288422465,0.005612612,0.005612612,0.011094809
QLSTM,1,19,0.8166507,0.8296305,0.8345627,0.8166507,0.0064939288422465,0.0129798055,0.0129798055,0.01791203
QLSTM,1,19,0.8150793,0.8134097,0.8166507,0.8150793,0.0064939288422465,0.0016695857,0.0016695857,0.0015714169
QLSTM,1,19,0.8160987,0.8130056,0.8150793,0.8160987,0.0064939288422465,0.0030930638,0.0030930638,0.0010194182
QLSTM,1,19,0.8152849,0.8147819,0.8160987,0.8152849,0.0064939288422465,0.0005030036,0.0005030036,0.0008137822
QLSTM,1,19,0.8114515,0.81368315,0.8152849,0.8114515,0.0064939288422465,0.0022316575,0.0022316575,0.0038334131
QLSTM,1,19,0.80045074,0.80935675,0.8114515,0.80045074,0.0064939288422465,0.008906007,0.008906007,0.011000752
QLSTM,1,19,0.78979313,0.79889995,0.80045074,0.78979313,0.0064939288422465,0.009106815,0.009106815,0.0106576085
QLSTM,1,19,0.7861868,0.78696096,0.78979313,0.7861868,0.0064939288422465,0.0007741451,0.0007741451,0.0036063194
QLSTM,1,19,0.79020286,0.78359294,0.7861868,0.79020286,0.0064939288422465,0.0066099167,0.0066099167,0.0040160418
QLSTM,1,19,0.78965634,0.7871252,0.79020286,0.78965634,0.0064939288422465,0.0025311708,0.0025311708,0.000546515
QLSTM,1,19,0.783259,0.78709805,0.78965634,0.783259,0.0064939288422465,0.0038390756,0.0038390756,0.0063973665
QLSTM,1,19,0.7744164,0.77993435,0.783259,0.7744164,0.0064939288422465,0.0055179596,0.0055179596,0.0088425875
LSTM,1,2,0.8752713,0.8935533,0.8976038,0.8752713,0.0064939288422465,0.018281996,0.018281996,0.02233249
LSTM,1,2,0.87212044,0.8712208,0.8752713,0.87212044,0.0064939288422465,0.0008996129,0.0008996129,0.0031508803
LSTM,1,2,0.87182397,0.86806995,0.87212044,0.87182397,0.0064939288422465,0.0037540197,0.0037540197,0.0002964735
LSTM,1,2,0.8723264,0.8677735,0.87182397,0.8723264,0.0064939288422465,0.004552901,0.004552901,0.00050240755
LSTM,1,2,0.8657995,0.8682759,0.8723264,0.8657995,0.0064939288422465,0.0024763942,0.0024763942,0.0065268874
LSTM,1,2,0.86035806,0.861749,0.8657995,0.86035806,0.0064939288422465,0.001390934,0.001390934,0.005441427
LSTM,1,2,0.8612825,0.85630757,0.86035806,0.8612825,0.0064939288422465,0.0049749613,0.0049749613,0.00092446804
LSTM,1,2,0.85068226,0.85723203,0.8612825,0.85068226,0.0064939288422465,0.0065497756,0.0065497756,0.010600269
LSTM,1,2,0.84458315,0.84663177,0.85068226,0.84458315,0.0064939288422465,0.0020486116,0.0020486116,0.006099105
LSTM,1,2,0.8434805,0.84053266,0.84458315,0.8434805,0.0064939288422465,0.002947867,0.002947867,0.0011026263
LSTM,1,2,0.8406782,0.83943003,0.8434805,0.8406782,0.0064939288422465,0.0012481809,0.0012481809,0.0028023124
LSTM,1,2,0.8257304,0.8366277,0.8406782,0.8257304,0.0064939288422465,0.010897338,0.010897338,0.014947832
LSTM,1,2,0.81345356,0.8216799,0.8257304,0.81345356,0.0064939288422465,0.008226335,0.008226335,0.012276828
LSTM,1,2,0.8163983,0.8130791,0.81345356,0.8163983,0.0064939288422465,0.0033192039,0.0033192039,0.0029447675
LSTM,1,2,0.81351084,0.8124739,0.8163983,0.81351084,0.0064939288422465,0.001036942,0.001036942,0.0028874874
LSTM,1,2,0.8176731,0.80946034,0.81351084,0.8176731,0.0064939288422465,0.008212745,0.008212745,0.004162252
LSTM,1,2,0.8088941,0.8136226,0.8176731,0.8088941,0.0064939288422465,0.004728496,0.004728496,0.008778989
LSTM,1,2,0.8036141,0.8048436,0.8088941,0.8036141,0.0064939288422465,0.0012295246,0.0012295246,0.005280018
LSTM,1,2,0.8030973,0.7995636,0.8036141,0.8030973,0.0064939288422465,0.003533721,0.003533721,0.00051677227
LSTM,1,2,0.80167353,0.7990468,0.8030973,0.80167353,0.0064939288422465,0.002626717,0.002626717,0.0014237761
LSTM,1,2,0.7954083,0.79762304,0.80167353,0.7954083,0.0064939288422465,0.0022147298,0.0022147298,0.006265223
LSTM,1,2,0.7916841,0.7913578,0.7954083,0.7916841,0.0064939288422465,0.00032627583,0.00032627583,0.0037242174
LSTM,1,2,0.7898369,0.7876336,0.7916841,0.7898369,0.0064939288422465,0.0022032857,0.0022032857,0.0018472075
LSTM,1,19,0.8735683,0.8733123,0.8773628,0.8735683,0.0064939288422465,0.00025600195,0.00025600195,0.0037944913
LSTM,1,19,0.8690182,0.8695178,0.8735683,0.8690182,0.0064939288422465,0.00049960613,0.00049960613,0.0045500994
LSTM,1,19,0.8727613,0.8649677,0.8690182,0.8727613,0.0064939288422465,0.0077936053,0.0077936053,0.003743112
LSTM,1,19,0.8516162,0.8687108,0.8727613,0.8516162,0.0064939288422465,0.017094612,0.017094612,0.021145105
LSTM,1,19,0.8481611,0.8475657,0.8516162,0.8481611,0.0064939288422465,0.0005953908,0.0005953908,0.0034551024
LSTM,1,19,0.84774715,0.8441106,0.8481611,0.84774715,0.0064939288422465,0.003636539,0.003636539,0.00041395426
LSTM,1,19,0.848996,0.84369665,0.84774715,0.848996,0.0064939288422465,0.0052993298,0.0052993298,0.0012488365
LSTM,1,19,0.84651417,0.8449455,0.848996,0.84651417,0.0064939288422465,0.001568675,0.001568675,0.0024818182
LSTM,1,19,0.8491494,0.8424637,0.84651417,0.8491494,0.0064939288422465,0.006685734,0.006685734,0.0026352406
LSTM,1,19,0.8456575,0.8450989,0.8491494,0.8456575,0.0064939288422465,0.00055861473,0.00055861473,0.0034918785
LSTM,1,19,0.8345627,0.84160703,0.8456575,0.8345627,0.0064939288422465,0.0070443153,0.0070443153,0.011094809
LSTM,1,19,0.8166507,0.8305122,0.8345627,0.8166507,0.0064939288422465,0.013861537,0.013861537,0.01791203
LSTM,1,19,0.8150793,0.8126002,0.8166507,0.8150793,0.0064939288422465,0.0024790764,0.0024790764,0.0015714169
LSTM,1,19,0.8160987,0.8110288,0.8150793,0.8160987,0.0064939288422465,0.0050699115,0.0050699115,0.0010194182
LSTM,1,19,0.8152849,0.8120482,0.8160987,0.8152849,0.0064939288422465,0.003236711,0.003236711,0.0008137822
LSTM,1,19,0.8114515,0.8112344,0.8152849,0.8114515,0.0064939288422465,0.00021708012,0.00021708012,0.0038334131
LSTM,1,19,0.80045074,0.807401,0.8114515,0.80045074,0.0064939288422465,0.006950259,0.006950259,0.011000752
LSTM,1,19,0.78979313,0.79640025,0.80045074,0.78979313,0.0064939288422465,0.0066071153,0.0066071153,0.0106576085
LSTM,1,19,0.7861868,0.78574264,0.78979313,0.7861868,0.0064939288422465,0.0004441738,0.0004441738,0.0036063194
LSTM,1,19,0.79020286,0.7821363,0.7861868,0.79020286,0.0064939288422465,0.008066535,0.008066535,0.0040160418
LSTM,1,19,0.78965634,0.78615236,0.79020286,0.78965634,0.0064939288422465,0.0035039783,0.0035039783,0.000546515
LSTM,1,19,0.783259,0.78560585,0.78965634,0.783259,0.0064939288422465,0.0023468733,0.0023468733,0.0063973665
LSTM,1,19,0.7744164,0.7792085,0.783259,0.7744164,0.0064939288422465,0.004792094,0.004792094,0.0088425875
GRU,1,2,0.8752713,0.89211065,0.8976038,0.8752713,0.0064939288422465,0.016839325,0.016839325,0.02233249
GRU,1,2,0.87212044,0.87425035,0.8752713,0.87212044,0.0064939288422465,0.0021299124,0.0021299124,0.0031508803
GRU,1,2,0.87182397,0.87026465,0.87212044,0.87182397,0.0064939288422465,0.0015593171,0.0015593171,0.0002964735
GRU,1,2,0.8723264,0.8724112,0.87182397,0.8723264,0.0064939288422465,8.481741e-05,8.481741e-05,0.00050240755
GRU,1,2,0.8657995,0.8697061,0.8723264,0.8657995,0.0064939288422465,0.0039066076,0.0039066076,0.0065268874
GRU,1,2,0.86035806,0.8631408,0.8657995,0.86035806,0.0064939288422465,0.002782762,0.002782762,0.005441427
GRU,1,2,0.8612825,0.86354446,0.86035806,0.8612825,0.0064939288422465,0.0022619367,0.0022619367,0.00092446804
GRU,1,2,0.85068226,0.861712,0.8612825,0.85068226,0.0064939288422465,0.01102972,0.01102972,0.010600269
GRU,1,2,0.84458315,0.84671223,0.85068226,0.84458315,0.0064939288422465,0.002129078,0.002129078,0.006099105
GRU,1,2,0.8434805,0.8371309,0.84458315,0.8434805,0.0064939288422465,0.006349623,0.006349623,0.0011026263
GRU,1,2,0.8406782,0.8413954,0.8434805,0.8406782,0.0064939288422465,0.0007171631,0.0007171631,0.0028023124
GRU,1,2,0.8257304,0.8352394,0.8406782,0.8257304,0.0064939288422465,0.009509027,0.009509027,0.014947832
GRU,1,2,0.81345356,0.82220715,0.8257304,0.81345356,0.0064939288422465,0.008753598,0.008753598,0.012276828
GRU,1,2,0.8163983,0.8102277,0.81345356,0.8163983,0.0064939288422465,0.0061706305,0.0061706305,0.0029447675
GRU,1,2,0.81351084,0.81771046,0.8163983,0.81351084,0.0064939288422465,0.004199624,0.004199624,0.0028874874
GRU,1,2,0.8176731,0.8158722,0.81351084,0.8176731,0.0064939288422465,0.0018008947,0.0018008947,0.004162252
GRU,1,2,0.8088941,0.816465,0.8176731,0.8088941,0.0064939288422465,0.0075709224,0.0075709224,0.008778989
GRU,1,2,0.8036141,0.8072042,0.8088941,0.8036141,0.0064939288422465,0.003590107,0.003590107,0.005280018
GRU,1,2,0.8030973,0.8011927,0.8036141,0.8030973,0.0064939288422465,0.0019046068,0.0019046068,0.00051677227
GRU,1,2,0.80167353,0.8002268,0.8030973,0.80167353,0.0064939288422465,0.0014467239,0.0014467239,0.0014237761
GRU,1,2,0.7954083,0.79854596,0.80167353,0.7954083,0.0064939288422465,0.003137648,0.003137648,0.006265223
GRU,1,2,0.7916841,0.7921753,0.7954083,0.7916841,0.0064939288422465,0.0004912019,0.0004912019,0.0037242174
GRU,1,2,0.7898369,0.7914658,0.7916841,0.7898369,0.0064939288422465,0.0016289353,0.0016289353,0.0018472075
GRU,1,19,0.8735683,0.8768814,0.8773628,0.8735683,0.0064939288422465,0.0033131242,0.0033131242,0.0037944913
GRU,1,19,0.8690182,0.87036735,0.8735683,0.8690182,0.0064939288422465,0.0013491511,0.0013491511,0.0045500994
GRU,1,19,0.8727613,0.8655362,0.8690182,0.8727613,0.0064939288422465,0.007225096,0.007225096,0.003743112
GRU,1,19,0.8516162,0.87077475,0.8727613,0.8516162,0.0064939288422465,0.019158542,0.019158542,0.021145105
GRU,1,19,0.8481611,0.84930116,0.8516162,0.8481611,0.0064939288422465,0.001140058,0.001140058,0.0034551024
GRU,1,19,0.84774715,0.84521055,0.8481611,0.84774715,0.0064939288422465,0.0025365949,0.0025365949,0.00041395426
GRU,1,19,0.848996,0.8484088,0.84774715,0.848996,0.0064939288422465,0.00058716536,0.00058716536,0.0012488365
GRU,1,19,0.84651417,0.8457503,0.848996,0.84651417,0.0064939288422465,0.0007638931,0.0007638931,0.0024818182
GRU,1,19,0.8491494,0.8402288,0.84651417,0.8491494,0.0064939288422465,0.00892061,0.00892061,0.0026352406
GRU,1,19,0.8456575,0.8435534,0.8491494,0.8456575,0.0064939288422465,0.0021041036,0.0021041036,0.0034918785
GRU,1,19,0.8345627,0.84246534,0.8456575,0.8345627,0.0064939288422465,0.007902622,0.007902622,0.011094809
GRU,1,19,0.8166507,0.8294903,0.8345627,0.8166507,0.0064939288422465,0.012839615,0.012839615,0.01791203
GRU,1,19,0.8150793,0.8152061,0.8166507,0.8150793,0.0064939288422465,0.00012683868,0.00012683868,0.0015714169
GRU,1,19,0.8160987,0.8161257,0.8150793,0.8160987,0.0064939288422465,2.7000904e-05,2.7000904e-05,0.0010194182
GRU,1,19,0.8152849,0.8178684,0.8160987,0.8152849,0.0064939288422465,0.0025835037,0.0025835037,0.0008137822
GRU,1,19,0.8114515,0.81550527,0.8152849,0.8114515,0.0064939288422465,0.0040537715,0.0040537715,0.0038334131
GRU,1,19,0.80045074,0.8113446,0.8114515,0.80045074,0.0064939288422465,0.010893881,0.010893881,0.011000752
GRU,1,19,0.78979313,0.79859084,0.80045074,0.78979313,0.0064939288422465,0.008797705,0.008797705,0.0106576085
GRU,1,19,0.7861868,0.7883469,0.78979313,0.7861868,0.0064939288422465,0.0021600723,0.0021600723,0.0036063194
GRU,1,19,0.79020286,0.78313744,0.7861868,0.79020286,0.0064939288422465,0.0070654154,0.0070654154,0.0040160418
GRU,1,19,0.78965634,0.784375,0.79020286,0.78965634,0.0064939288422465,0.005281329,0.005281329,0.000546515
GRU,1,19,0.783259,0.7833804,0.78965634,0.783259,0.0064939288422465,0.00012141466,0.00012141466,0.0063973665
GRU,1,19,0.7744164,0.77838075,0.783259,0.7744164,0.0064939288422465,0.0039643645,0.0039643645,0.0088425875
MLP,1,2,0.8752713,0.8955646,0.8976038,0.8752713,0.0064939288422465,0.020293295,0.020293295,0.02233249
MLP,1,2,0.87212044,0.86764413,0.8752713,0.87212044,0.0064939288422465,0.004476309,0.004476309,0.0031508803
MLP,1,2,0.87182397,0.86315936,0.87212044,0.87182397,0.0064939288422465,0.008664608,0.008664608,0.0002964735
MLP,1,2,0.8723264,0.85787,0.87182397,0.8723264,0.0064939288422465,0.014456391,0.014456391,0.00050240755
MLP,1,2,0.8657995,0.8596766,0.8723264,0.8657995,0.0064939288422465,0.006122887,0.006122887,0.0065268874
MLP,1,2,0.86035806,0.85555595,0.8657995,0.86035806,0.0064939288422465,0.004802108,0.004802108,0.005441427
MLP,1,2,0.8612825,0.8508368,0.86035806,0.8612825,0.0064939288422465,0.010445714,0.010445714,0.00092446804
MLP,1,2,0.85068226,0.86147016,0.8612825,0.85068226,0.0064939288422465,0.010787904,0.010787904,0.010600269
MLP,1,2,0.84458315,0.8566739,0.85068226,0.84458315,0.0064939288422465,0.012090743,0.012090743,0.006099105
MLP,1,2,0.8434805,0.82554597,0.84458315,0.8434805,0.0064939288422465,0.01793456,0.01793456,0.0011026263
MLP,1,2,0.8406782,0.8278519,0.8434805,0.8406782,0.0064939288422465,0.0128263235,0.0128263235,0.0028023124
MLP,1,2,0.8257304,0.8268966,0.8406782,0.8257304,0.0064939288422465,0.0011662245,0.0011662245,0.014947832
MLP,1,2,0.81345356,0.80958086,0.8257304,0.81345356,0.0064939288422465,0.0038726926,0.0038726926,0.012276828
MLP,1,2,0.8163983,0.79921776,0.81345356,0.8163983,0.0064939288422465,0.017180562,0.017180562,0.0029447675
MLP,1,2,0.81351084,0.81468254,0.8163983,0.81351084,0.0064939288422465,0.0011717081,0.0011717081,0.0028874874
MLP,1,2,0.8176731,0.8171477,0.81351084,0.8176731,0.0064939288422465,0.00052541494,0.00052541494,0.004162252
MLP,1,2,0.8088941,0.82196623,0.8176731,0.8088941,0.0064939288422465,0.013072133,0.013072133,0.008778989
MLP,1,2,0.8036141,0.8038898,0.8088941,0.8036141,0.0064939288422465,0.0002757311,0.0002757311,0.005280018
MLP,1,2,0.8030973,0.8112107,0.8036141,0.8030973,0.0064939288422465,0.008113384,0.008113384,0.00051677227
MLP,1,2,0.80167353,0.8024573,0.8030973,0.80167353,0.0064939288422465,0.0007837415,0.0007837415,0.0014237761
MLP,1,2,0.7954083,0.8065881,0.80167353,0.7954083,0.0064939288422465,0.011179805,0.011179805,0.006265223
MLP,1,2,0.7916841,0.7965585,0.7954083,0.7916841,0.0064939288422465,0.0048744082,0.0048744082,0.0037242174
MLP,1,2,0.7898369,0.7736023,0.7916841,0.7898369,0.0064939288422465,0.016234577,0.016234577,0.0018472075
MLP,1,19,0.8735683,0.89542407,0.8773628,0.8735683,0.0064939288422465,0.021855772,0.021855772,0.0037944913
MLP,1,19,0.8690182,0.86993545,0.8735683,0.8690182,0.0064939288422465,0.0009172559,0.0009172559,0.0045500994
MLP,1,19,0.8727613,0.86907554,0.8690182,0.8727613,0.0064939288422465,0.0036857724,0.0036857724,0.003743112
MLP,1,19,0.8516162,0.86671466,0.8727613,0.8516162,0.0064939288422465,0.015098453,0.015098453,0.021145105
MLP,1,19,0.8481611,0.8637713,0.8516162,0.8481611,0.0064939288422465,0.015610218,0.015610218,0.0034551024
MLP,1,19,0.84774715,0.84300363,0.8481611,0.84774715,0.0064939288422465,0.0047435164,0.0047435164,0.00041395426
MLP,1,19,0.848996,0.84339875,0.84774715,0.848996,0.0064939288422465,0.005597234,0.005597234,0.0012488365
MLP,1,19,0.84651417,0.85676354,0.848996,0.84651417,0.0064939288422465,0.010249376,0.010249376,0.0024818182
MLP,1,19,0.8491494,0.83378375,0.84651417,0.8491494,0.0064939288422465,0.01536566,0.01536566,0.0026352406
MLP,1,19,0.8456575,0.85074097,0.8491494,0.8456575,0.0064939288422465,0.0050834417,0.0050834417,0.0034918785
MLP,1,19,0.8345627,0.84500766,0.8456575,0.8345627,0.0064939288422465,0.010444939,0.010444939,0.011094809
MLP,1,19,0.8166507,0.8406833,0.8345627,0.8166507,0.0064939288422465,0.024032593,0.024032593,0.01791203
MLP,1,19,0.8150793,0.81437695,0.8166507,0.8150793,0.0064939288422465,0.00070232153,0.00070232153,0.0015714169
MLP,1,19,0.8160987,0.8190951,0.8150793,0.8160987,0.0064939288422465,0.002996385,0.002996385,0.0010194182
MLP,1,19,0.8152849,0.8170273,0.8160987,0.8152849,0.0064939288422465,0.001742363,0.001742363,0.0008137822
MLP,1,19,0.8114515,0.8137898,0.8152849,0.8114515,0.0064939288422465,0.0023382902,0.0023382902,0.0038334131
MLP,1,19,0.80045074,0.8010435,0.8114515,0.80045074,0.0064939288422465,0.0005927682,0.0005927682,0.011000752
MLP,1,19,0.78979313,0.7907695,0.80045074,0.78979313,0.0064939288422465,0.0009763837,0.0009763837,0.0106576085
MLP,1,19,0.7861868,0.7901038,0.78979313,0.7861868,0.0064939288422465,0.003916979,0.003916979,0.0036063194
MLP,1,19,0.79020286,0.78091085,0.7861868,0.79020286,0.0064939288422465,0.0092920065,0.0092920065,0.0040160418
MLP,1,19,0.78965634,0.7919143,0.79020286,0.78965634,0.0064939288422465,0.0022579432,0.0022579432,0.000546515
MLP,1,19,0.783259,0.7948108,0.78965634,0.783259,0.0064939288422465,0.011551797,0.011551797,0.0063973665
MLP,1,19,0.7744164,0.7879452,0.783259,0.7744164,0.0064939288422465,0.013528824,0.013528824,0.0088425875
Seq2Seq,1,2,0.8752713,0.8919403,0.8976038,0.8752713,0.0064939288422465,0.016668975,0.016668975,0.02233249
Seq2Seq,1,2,0.87212044,0.87383443,0.8752713,0.87212044,0.0064939288422465,0.0017139912,0.0017139912,0.0031508803
Seq2Seq,1,2,0.87182397,0.8673464,0.87212044,0.87182397,0.0064939288422465,0.0044775605,0.0044775605,0.0002964735
Seq2Seq,1,2,0.8723264,0.86322486,0.87182397,0.8723264,0.0064939288422465,0.00910151,0.00910151,0.00050240755
Seq2Seq,1,2,0.8657995,0.86572134,0.8723264,0.8657995,0.0064939288422465,7.814169e-05,7.814169e-05,0.0065268874
Seq2Seq,1,2,0.86035806,0.86216223,0.8657995,0.86035806,0.0064939288422465,0.001804173,0.001804173,0.005441427
Seq2Seq,1,2,0.8612825,0.86005163,0.86035806,0.8612825,0.0064939288422465,0.0012308955,0.0012308955,0.00092446804
Seq2Seq,1,2,0.85068226,0.85897136,0.8612825,0.85068226,0.0064939288422465,0.008289099,0.008289099,0.010600269
Seq2Seq,1,2,0.84458315,0.8448493,0.85068226,0.84458315,0.0064939288422465,0.00026613474,0.00026613474,0.006099105
Seq2Seq,1,2,0.8434805,0.83394134,0.84458315,0.8434805,0.0064939288422465,0.009539187,0.009539187,0.0011026263
Seq2Seq,1,2,0.8406782,0.8368158,0.8434805,0.8406782,0.0064939288422465,0.0038624406,0.0038624406,0.0028023124
Seq2Seq,1,2,0.8257304,0.83458704,0.8406782,0.8257304,0.0064939288422465,0.008856654,0.008856654,0.014947832
Seq2Seq,1,2,0.81345356,0.8222426,0.8257304,0.81345356,0.0064939288422465,0.0087890625,0.0087890625,0.012276828
Seq2Seq,1,2,0.8163983,0.8092765,0.81345356,0.8163983,0.0064939288422465,0.0071218014,0.0071218014,0.0029447675
Seq2Seq,1,2,0.81351084,0.8153319,0.8163983,0.81351084,0.0064939288422465,0.0018210411,0.0018210411,0.0028874874
Seq2Seq,1,2,0.8176731,0.8122986,0.81351084,0.8176731,0.0064939288422465,0.005374491,0.005374491,0.004162252
Seq2Seq,1,2,0.8088941,0.8155979,0.8176731,0.8088941,0.0064939288422465,0.006703794,0.006703794,0.008778989
Seq2Seq,1,2,0.8036141,0.8075565,0.8088941,0.8036141,0.0064939288422465,0.00394243,0.00394243,0.005280018
Seq2Seq,1,2,0.8030973,0.80209404,0.8036141,0.8030973,0.0064939288422465,0.0010032654,0.0010032654,0.00051677227
Seq2Seq,1,2,0.80167353,0.8019893,0.8030973,0.80167353,0.0064939288422465,0.0003157854,0.0003157854,0.0014237761
Seq2Seq,1,2,0.7954083,0.8010811,0.80167353,0.7954083,0.0064939288422465,0.0056728125,0.0056728125,0.006265223
Seq2Seq,1,2,0.7916841,0.7913723,0.7954083,0.7916841,0.0064939288422465,0.0003117919,0.0003117919,0.0037242174
Seq2Seq,1,2,0.7898369,0.7900293,0.7916841,0.7898369,0.0064939288422465,0.0001924038,0.0001924038,0.0018472075
Seq2Seq,1,19,0.8735683,0.8769427,0.8773628,0.8735683,0.0064939288422465,0.0033743978,0.0033743978,0.0037944913
Seq2Seq,1,19,0.8690182,0.8694367,0.8735683,0.8690182,0.0064939288422465,0.0004184842,0.0004184842,0.0045500994
Seq2Seq,1,19,0.8727613,0.86822176,0.8690182,0.8727613,0.0064939288422465,0.0045395494,0.0045395494,0.003743112
Seq2Seq,1,19,0.8516162,0.87258136,0.8727613,0.8516162,0.0064939288422465,0.020965159,0.020965159,0.021145105
Seq2Seq,1,19,0.8481611,0.8522586,0.8516162,0.8481611,0.0064939288422465,0.0040975213,0.0040975213,0.0034551024
Seq2Seq,1,19,0.84774715,0.84342587,0.8481611,0.84774715,0.0064939288422465,0.004321277,0.004321277,0.00041395426
Seq2Seq,1,19,0.848996,0.84589463,0.84774715,0.848996,0.0064939288422465,0.0031013489,0.0031013489,0.0012488365
Seq2Seq,1,19,0.84651417,0.8470269,0.848996,0.84651417,0.0064939288422465,0.00051271915,0.00051271915,0.0024818182
Seq2Seq,1,19,0.8491494,0.8385277,0.84651417,0.8491494,0.0064939288422465,0.0106217265,0.0106217265,0.0026352406
Seq2Seq,1,19,0.8456575,0.83796,0.8491494,0.8456575,0.0064939288422465,0.0076975226,0.0076975226,0.0034918785
Seq2Seq,1,19,0.8345627,0.83840775,0.8456575,0.8345627,0.0064939288422465,0.003845036,0.003845036,0.011094809
Seq2Seq,1,19,0.8166507,0.829895,0.8345627,0.8166507,0.0064939288422465,0.013244331,0.013244331,0.01791203
Seq2Seq,1,19,0.8150793,0.8144252,0.8166507,0.8150793,0.0064939288422465,0.0006541014,0.0006541014,0.0015714169
Seq2Seq,1,19,0.8160987,0.8132448,0.8150793,0.8160987,0.0064939288422465,0.0028538704,0.0028538704,0.0010194182
Seq2Seq,1,19,0.8152849,0.8141764,0.8160987,0.8152849,0.0064939288422465,0.0011085272,0.0011085272,0.0008137822
Seq2Seq,1,19,0.8114515,0.81203914,0.8152849,0.8114515,0.0064939288422465,0.0005876422,0.0005876422,0.0038334131
Seq2Seq,1,19,0.80045074,0.8083048,0.8114515,0.80045074,0.0064939288422465,0.007854044,0.007854044,0.011000752
Seq2Seq,1,19,0.78979313,0.7987998,0.80045074,0.78979313,0.0064939288422465,0.009006679,0.009006679,0.0106576085
Seq2Seq,1,19,0.7861868,0.7918262,0.78979313,0.7861868,0.0064939288422465,0.0056393743,0.0056393743,0.0036063194
Seq2Seq,1,19,0.79020286,0.78259593,0.7861868,0.79020286,0.0064939288422465,0.0076069236,0.0076069236,0.0040160418
Seq2Seq,1,19,0.78965634,0.7870385,0.79020286,0.78965634,0.0064939288422465,0.002617836,0.002617836,0.000546515
Seq2Seq,1,19,0.783259,0.78432655,0.78965634,0.783259,0.0064939288422465,0.0010675788,0.0010675788,0.0063973665
Seq2Seq,1,19,0.7744164,0.78105927,0.783259,0.7744164,0.0064939288422465,0.006642878,0.006642878,0.0088425875
Persistence,2,9,0.8864931,0.8854382,0.8854382,0.8864931,0.0061290599405765,0.001054883,0.001054883,0.001054883
Persistence,2,9,0.8889019,0.8864931,0.8864931,0.8889019,0.0061290599405765,0.0024088025,0.0024088025,0.0024088025
Persistence,2,9,0.8892149,0.8889019,0.8889019,0.8892149,0.0061290599405765,0.000312984,0.000312984,0.000312984
Persistence,2,9,0.8764013,0.8892149,0.8892149,0.8764013,0.0061290599405765,0.012813568,0.012813568,0.012813568
Persistence,2,9,0.8715485,0.8764013,0.8764013,0.8715485,0.0061290599405765,0.0048528314,0.0048528314,0.0048528314
Persistence,2,9,0.8645739,0.8715485,0.8715485,0.8645739,0.0061290599405765,0.006974578,0.006974578,0.006974578
Persistence,2,9,0.8566824,0.8645739,0.8645739,0.8566824,0.0061290599405765,0.007891476,0.007891476,0.007891476
Persistence,2,9,0.85852975,0.8566824,0.8566824,0.85852975,0.0061290599405765,0.0018473268,0.0018473268,0.0018473268
Persistence,2,9,0.8420812,0.85852975,0.85852975,0.8420812,0.0061290599405765,0.016448557,0.016448557,0.016448557
Persistence,2,9,0.83690023,0.8420812,0.8420812,0.83690023,0.0061290599405765,0.005180955,0.005180955,0.005180955
Persistence,2,9,0.8241729,0.83690023,0.83690023,0.8241729,0.0061290599405765,0.01272732,0.01272732,0.01272732
Persistence,2,9,0.8185275,0.8241729,0.8241729,0.8185275,0.0061290599405765,0.0056453943,0.0056453943,0.0056453943
Persistence,2,9,0.7883405,0.8185275,0.8185275,0.7883405,0.0061290599405765,0.03018701,0.03018701,0.03018701
Persistence,2,9,0.7712677,0.7883405,0.7883405,0.7712677,0.0061290599405765,0.017072797,0.017072797,0.017072797
Persistence,2,9,0.7787166,0.7712677,0.7712677,0.7787166,0.0061290599405765,0.0074489117,0.0074489117,0.0074489117
Persistence,2,9,0.77129984,0.7787166,0.7787166,0.77129984,0.0061290599405765,0.0074167848,0.0074167848,0.0074167848
Persistence,2,9,0.7712239,0.77129984,0.77129984,0.7712239,0.0061290599405765,7.593632e-05,7.593632e-05,7.593632e-05
Persistence,2,9,0.76391375,0.7712239,0.7712239,0.76391375,0.0061290599405765,0.007310152,0.007310152,0.007310152
Persistence,2,9,0.7711122,0.76391375,0.76391375,0.7711122,0.0061290599405765,0.007198453,0.007198453,0.007198453
Persistence,2,9,0.76222354,0.7711122,0.7711122,0.76222354,0.0061290599405765,0.008888662,0.008888662,0.008888662
Persistence,2,9,0.745776,0.76222354,0.76222354,0.745776,0.0061290599405765,0.016447544,0.016447544,0.016447544
Persistence,2,9,0.75015444,0.745776,0.745776,0.75015444,0.0061290599405765,0.004378438,0.004378438,0.004378438
Persistence,2,9,0.7413376,0.75015444,0.75015444,0.7413376,0.0061290599405765,0.008816838,0.008816838,0.008816838
Persistence,2,20,0.8760531,0.90271086,0.90271086,0.8760531,0.0061290599405765,0.02665776,0.02665776,0.02665776
Persistence,2,20,0.86363304,0.8760531,0.8760531,0.86363304,0.0061290599405765,0.012420058,0.012420058,0.012420058
Persistence,2,20,0.8655483,0.86363304,0.86363304,0.8655483,0.0061290599405765,0.001915276,0.001915276,0.001915276
Persistence,2,20,0.8620463,0.8655483,0.8655483,0.8620463,0.0061290599405765,0.0035020113,0.0035020113,0.0035020113
Persistence,2,20,0.86201596,0.8620463,0.8620463,0.86201596,0.0061290599405765,3.0338764e-05,3.0338764e-05,3.0338764e-05
Persistence,2,20,0.86153454,0.86201596,0.86201596,0.86153454,0.0061290599405765,0.00048142672,0.00048142672,0.00048142672
Persistence,2,20,0.8626524,0.86153454,0.86153454,0.8626524,0.0061290599405765,0.0011178851,0.0011178851,0.0011178851
Persistence,2,20,0.85832036,0.8626524,0.8626524,0.85832036,0.0061290599405765,0.0043320656,0.0043320656,0.0043320656
Persistence,2,20,0.84405684,0.85832036,0.85832036,0.84405684,0.0061290599405765,0.014263511,0.014263511,0.014263511
Persistence,2,20,0.83841956,0.84405684,0.84405684,0.83841956,0.0061290599405765,0.005637288,0.005637288,0.005637288
Persistence,2,20,0.83552337,0.83841956,0.83841956,0.83552337,0.0061290599405765,0.0028961897,0.0028961897,0.0028961897
Persistence,2,20,0.8324431,0.83552337,0.83552337,0.8324431,0.0061290599405765,0.0030802488,0.0030802488,0.0030802488
Persistence,2,20,0.8172143,0.8324431,0.8324431,0.8172143,0.0061290599405765,0.015228808,0.015228808,0.015228808
Persistence,2,20,0.8168435,0.8172143,0.8172143,0.8168435,0.0061290599405765,0.0003708005,0.0003708005,0.0003708005
Persistence,2,20,0.8171462,0.8168435,0.8168435,0.8171462,0.0061290599405765,0.0003026724,0.0003026724,0.0003026724
Persistence,2,20,0.78161716,0.8171462,0.8171462,0.78161716,0.0061290599405765,0.035529017,0.035529017,0.035529017
Persistence,2,20,0.76613045,0.78161716,0.78161716,0.76613045,0.0061290599405765,0.015486717,0.015486717,0.015486717
Persistence,2,20,0.77593726,0.76613045,0.76613045,0.77593726,0.0061290599405765,0.009806812,0.009806812,0.009806812
Persistence,2,20,0.77329,0.77593726,0.77593726,0.77329,0.0061290599405765,0.0026472807,0.0026472807,0.0026472807
Persistence,2,20,0.77418756,0.77329,0.77329,0.77418756,0.0061290599405765,0.00089758635,0.00089758635,0.00089758635
Persistence,2,20,0.76000977,0.77418756,0.77418756,0.76000977,0.0061290599405765,0.014177799,0.014177799,0.014177799
Persistence,2,20,0.75651634,0.76000977,0.76000977,0.75651634,0.0061290599405765,0.0034934282,0.0034934282,0.0034934282
MQAttn-LSTM-VQR,2,9,0.8864931,0.8815307,0.8854382,0.8864931,0.0061290599405765,0.0049623847,0.0049623847,0.001054883
MQAttn-LSTM-VQR,2,9,0.8889019,0.879018,0.8864931,0.8889019,0.0061290599405765,0.009883881,0.009883881,0.0024088025
MQAttn-LSTM-VQR,2,9,0.8892149,0.8866232,0.8889019,0.8892149,0.0061290599405765,0.0025916696,0.0025916696,0.000312984
MQAttn-LSTM-VQR,2,9,0.8764013,0.8927333,0.8892149,0.8764013,0.0061290599405765,0.01633197,0.01633197,0.012813568
MQAttn-LSTM-VQR,2,9,0.8715485,0.87383276,0.8764013,0.8715485,0.0061290599405765,0.0022842884,0.0022842884,0.0048528314
MQAttn-LSTM-VQR,2,9,0.8645739,0.86899334,0.8715485,0.8645739,0.0061290599405765,0.004419446,0.004419446,0.006974578
MQAttn-LSTM-VQR,2,9,0.8566824,0.8663262,0.8645739,0.8566824,0.0061290599405765,0.009643793,0.009643793,0.007891476
MQAttn-LSTM-VQR,2,9,0.85852975,0.8596704,0.8566824,0.85852975,0.0061290599405765,0.0011406541,0.0011406541,0.0018473268
MQAttn-LSTM-VQR,2,9,0.8420812,0.85411984,0.85852975,0.8420812,0.0061290599405765,0.012038648,0.012038648,0.016448557
MQAttn-LSTM-VQR,2,9,0.83690023,0.83759356,0.8420812,0.83690023,0.0061290599405765,0.0006933212,0.0006933212,0.005180955
MQAttn-LSTM-VQR,2,9,0.8241729,0.8302034,0.83690023,0.8241729,0.0061290599405765,0.0060305,0.0060305,0.01272732
MQAttn-LSTM-VQR,2,9,0.8185275,0.82046866,0.8241729,0.8185275,0.0061290599405765,0.0019411445,0.0019411445,0.0056453943
MQAttn-LSTM-VQR,2,9,0.7883405,0.81575334,0.8185275,0.7883405,0.0061290599405765,0.027412832,0.027412832,0.03018701
MQAttn-LSTM-VQR,2,9,0.7712677,0.7970525,0.7883405,0.7712677,0.0061290599405765,0.02578479,0.02578479,0.017072797
MQAttn-LSTM-VQR,2,9,0.7787166,0.77457994,0.7712677,0.7787166,0.0061290599405765,0.0041366816,0.0041366816,0.0074489117
MQAttn-LSTM-VQR,2,9,0.77129984,0.7785865,0.7787166,0.77129984,0.0061290599405765,0.007286668,0.007286668,0.0074167848
MQAttn-LSTM-VQR,2,9,0.7712239,0.77095425,0.77129984,0.7712239,0.0061290599405765,0.0002696514,0.0002696514,7.593632e-05
MQAttn-LSTM-VQR,2,9,0.76391375,0.7686114,0.7712239,0.76391375,0.0061290599405765,0.004697621,0.004697621,0.007310152
MQAttn-LSTM-VQR,2,9,0.7711122,0.7592175,0.76391375,0.7711122,0.0061290599405765,0.011894703,0.011894703,0.007198453
MQAttn-LSTM-VQR,2,9,0.76222354,0.7706621,0.7711122,0.76222354,0.0061290599405765,0.008438587,0.008438587,0.008888662
MQAttn-LSTM-VQR,2,9,0.745776,0.7606877,0.76222354,0.745776,0.0061290599405765,0.014911711,0.014911711,0.016447544
MQAttn-LSTM-VQR,2,9,0.75015444,0.7416884,0.745776,0.75015444,0.0061290599405765,0.008466065,0.008466065,0.004378438
MQAttn-LSTM-VQR,2,9,0.7413376,0.7464457,0.75015444,0.7413376,0.0061290599405765,0.005108118,0.005108118,0.008816838
MQAttn-LSTM-VQR,2,20,0.8760531,0.89138144,0.90271086,0.8760531,0.0061290599405765,0.015328348,0.015328348,0.02665776
MQAttn-LSTM-VQR,2,20,0.86363304,0.8673909,0.8760531,0.86363304,0.0061290599405765,0.0037578344,0.0037578344,0.012420058
MQAttn-LSTM-VQR,2,20,0.8655483,0.8574674,0.86363304,0.8655483,0.0061290599405765,0.0080809,0.0080809,0.001915276
MQAttn-LSTM-VQR,2,20,0.8620463,0.85819745,0.8655483,0.8620463,0.0061290599405765,0.0038488507,0.0038488507,0.0035020113
MQAttn-LSTM-VQR,2,20,0.86201596,0.853956,0.8620463,0.86201596,0.0061290599405765,0.0080599785,0.0080599785,3.0338764e-05
MQAttn-LSTM-VQR,2,20,0.86153454,0.85159725,0.86201596,0.86153454,0.0061290599405765,0.009937286,0.009937286,0.00048142672
MQAttn-LSTM-VQR,2,20,0.8626524,0.85731876,0.86153454,0.8626524,0.0061290599405765,0.005333662,0.005333662,0.0011178851
MQAttn-LSTM-VQR,2,20,0.85832036,0.8587673,0.8626524,0.85832036,0.0061290599405765,0.00044691563,0.00044691563,0.0043320656
MQAttn-LSTM-VQR,2,20,0.84405684,0.85361713,0.85832036,0.84405684,0.0061290599405765,0.009560287,0.009560287,0.014263511
MQAttn-LSTM-VQR,2,20,0.83841956,0.8401017,0.84405684,0.83841956,0.0061290599405765,0.0016821623,0.0016821623,0.005637288
MQAttn-LSTM-VQR,2,20,0.83552337,0.8330182,0.83841956,0.83552337,0.0061290599405765,0.0025051832,0.0025051832,0.0028961897
MQAttn-LSTM-VQR,2,20,0.8324431,0.8303439,0.83552337,0.8324431,0.0061290599405765,0.002099216,0.002099216,0.0030802488
MQAttn-LSTM-VQR,2,20,0.8172143,0.8252736,0.8324431,0.8172143,0.0061290599405765,0.008059263,0.008059263,0.015228808
MQAttn-LSTM-VQR,2,20,0.8168435,0.8155776,0.8172143,0.8168435,0.0061290599405765,0.0012658834,0.0012658834,0.0003708005
MQAttn-LSTM-VQR,2,20,0.8171462,0.8151853,0.8168435,0.8171462,0.0061290599405765,0.0019608736,0.0019608736,0.0003026724
MQAttn-LSTM-VQR,2,20,0.78161716,0.814593,0.8171462,0.78161716,0.0061290599405765,0.032975852,0.032975852,0.035529017
MQAttn-LSTM-VQR,2,20,0.76613045,0.7811223,0.78161716,0.76613045,0.0061290599405765,0.014991879,0.014991879,0.015486717
MQAttn-LSTM-VQR,2,20,0.77593726,0.7669449,0.76613045,0.77593726,0.0061290599405765,0.008992374,0.008992374,0.009806812
MQAttn-LSTM-VQR,2,20,0.77329,0.774878,0.77593726,0.77329,0.0061290599405765,0.0015880466,0.0015880466,0.0026472807
MQAttn-LSTM-VQR,2,20,0.77418756,0.7728388,0.77329,0.77418756,0.0061290599405765,0.0013487935,0.0013487935,0.00089758635
MQAttn-LSTM-VQR,2,20,0.76000977,0.77490693,0.77418756,0.76000977,0.0061290599405765,0.014897168,0.014897168,0.014177799
MQAttn-LSTM-VQR,2,20,0.75651634,0.76405644,0.76000977,0.75651634,0.0061290599405765,0.007540107,0.007540107,0.0034934282
MQAttn-LSTM-VQR classical twin,2,9,0.8864931,0.87635803,0.8854382,0.8864931,0.0061290599405765,0.010135055,0.010135055,0.001054883
MQAttn-LSTM-VQR classical twin,2,9,0.8889019,0.8794754,0.8864931,0.8889019,0.0061290599405765,0.009426475,0.009426475,0.0024088025
MQAttn-LSTM-VQR classical twin,2,9,0.8892149,0.882207,0.8889019,0.8892149,0.0061290599405765,0.007007897,0.007007897,0.000312984
MQAttn-LSTM-VQR classical twin,2,9,0.8764013,0.88366854,0.8892149,0.8764013,0.0061290599405765,0.0072672367,0.0072672367,0.012813568
MQAttn-LSTM-VQR classical twin,2,9,0.8715485,0.87107676,0.8764013,0.8715485,0.0061290599405765,0.00047171116,0.00047171116,0.0048528314
MQAttn-LSTM-VQR classical twin,2,9,0.8645739,0.8687601,0.8715485,0.8645739,0.0061290599405765,0.004186213,0.004186213,0.006974578
MQAttn-LSTM-VQR classical twin,2,9,0.8566824,0.86087376,0.8645739,0.8566824,0.0061290599405765,0.004191339,0.004191339,0.007891476
MQAttn-LSTM-VQR classical twin,2,9,0.85852975,0.85263497,0.8566824,0.85852975,0.0061290599405765,0.00589478,0.00589478,0.0018473268
MQAttn-LSTM-VQR classical twin,2,9,0.8420812,0.85409445,0.85852975,0.8420812,0.0061290599405765,0.012013257,0.012013257,0.016448557
MQAttn-LSTM-VQR classical twin,2,9,0.83690023,0.8369128,0.8420812,0.83690023,0.0061290599405765,1.257658e-05,1.257658e-05,0.005180955
MQAttn-LSTM-VQR classical twin,2,9,0.8241729,0.8310514,0.83690023,0.8241729,0.0061290599405765,0.006878495,0.006878495,0.01272732
MQAttn-LSTM-VQR classical twin,2,9,0.8185275,0.82025224,0.8241729,0.8185275,0.0061290599405765,0.00172472,0.00172472,0.0056453943
MQAttn-LSTM-VQR classical twin,2,9,0.7883405,0.81549877,0.8185275,0.7883405,0.0061290599405765,0.02715826,0.02715826,0.03018701
MQAttn-LSTM-VQR classical twin,2,9,0.7712677,0.78879917,0.7883405,0.7712677,0.0061290599405765,0.017531455,0.017531455,0.017072797
MQAttn-LSTM-VQR classical twin,2,9,0.7787166,0.7723822,0.7712677,0.7787166,0.0061290599405765,0.006334424,0.006334424,0.0074489117
MQAttn-LSTM-VQR classical twin,2,9,0.77129984,0.7787538,0.7787166,0.77129984,0.0061290599405765,0.007453978,0.007453978,0.0074167848
MQAttn-LSTM-VQR classical twin,2,9,0.7712239,0.771461,0.77129984,0.7712239,0.0061290599405765,0.00023710728,0.00023710728,7.593632e-05
MQAttn-LSTM-VQR classical twin,2,9,0.76391375,0.7698459,0.7712239,0.76391375,0.0061290599405765,0.0059321523,0.0059321523,0.007310152
MQAttn-LSTM-VQR classical twin,2,9,0.7711122,0.76215035,0.76391375,0.7711122,0.0061290599405765,0.008961856,0.008961856,0.007198453
MQAttn-LSTM-VQR classical twin,2,9,0.76222354,0.76864314,0.7711122,0.76222354,0.0061290599405765,0.006419599,0.006419599,0.008888662
MQAttn-LSTM-VQR classical twin,2,9,0.745776,0.76001656,0.76222354,0.745776,0.0061290599405765,0.014240563,0.014240563,0.016447544
MQAttn-LSTM-VQR classical twin,2,9,0.75015444,0.7431601,0.745776,0.75015444,0.0061290599405765,0.006994307,0.006994307,0.004378438
MQAttn-LSTM-VQR classical twin,2,9,0.7413376,0.7494228,0.75015444,0.7413376,0.0061290599405765,0.008085191,0.008085191,0.008816838
MQAttn-LSTM-VQR classical twin,2,20,0.8760531,0.8983358,0.90271086,0.8760531,0.0061290599405765,0.02228272,0.02228272,0.02665776
MQAttn-LSTM-VQR classical twin,2,20,0.86363304,0.8669145,0.8760531,0.86363304,0.0061290599405765,0.003281474,0.003281474,0.012420058
MQAttn-LSTM-VQR classical twin,2,20,0.8655483,0.8566398,0.86363304,0.8655483,0.0061290599405765,0.00890851,0.00890851,0.001915276
MQAttn-LSTM-VQR classical twin,2,20,0.8620463,0.85891116,0.8655483,0.8620463,0.0061290599405765,0.0031351447,0.0031351447,0.0035020113
MQAttn-LSTM-VQR classical twin,2,20,0.86201596,0.85571545,0.8620463,0.86201596,0.0061290599405765,0.006300509,0.006300509,3.0338764e-05
MQAttn-LSTM-VQR classical twin,2,20,0.86153454,0.8569882,0.86201596,0.86153454,0.0061290599405765,0.0045463443,0.0045463443,0.00048142672
MQAttn-LSTM-VQR classical twin,2,20,0.8626524,0.85948074,0.86153454,0.8626524,0.0061290599405765,0.0031716824,0.0031716824,0.0011178851
MQAttn-LSTM-VQR classical twin,2,20,0.85832036,0.86069745,0.8626524,0.85832036,0.0061290599405765,0.0023770928,0.0023770928,0.0043320656
MQAttn-LSTM-VQR classical twin,2,20,0.84405684,0.85449046,0.85832036,0.84405684,0.0061290599405765,0.010433614,0.010433614,0.014263511
MQAttn-LSTM-VQR classical twin,2,20,0.83841956,0.84014976,0.84405684,0.83841956,0.0061290599405765,0.0017302036,0.0017302036,0.005637288
MQAttn-LSTM-VQR classical twin,2,20,0.83552337,0.83376616,0.83841956,0.83552337,0.0061290599405765,0.0017572045,0.0017572045,0.0028961897
MQAttn-LSTM-VQR classical twin,2,20,0.8324431,0.8316616,0.83552337,0.8324431,0.0061290599405765,0.0007815361,0.0007815361,0.0030802488
MQAttn-LSTM-VQR classical twin,2,20,0.8172143,0.82852364,0.8324431,0.8172143,0.0061290599405765,0.011309326,0.011309326,0.015228808
MQAttn-LSTM-VQR classical twin,2,20,0.8168435,0.8155699,0.8172143,0.8168435,0.0061290599405765,0.001273632,0.001273632,0.0003708005
MQAttn-LSTM-VQR classical twin,2,20,0.8171462,0.81534326,0.8168435,0.8171462,0.0061290599405765,0.0018029213,0.0018029213,0.0003026724
MQAttn-LSTM-VQR classical twin,2,20,0.78161716,0.8155609,0.8171462,0.78161716,0.0061290599405765,0.033943713,0.033943713,0.035529017
MQAttn-LSTM-VQR classical twin,2,20,0.76613045,0.77944463,0.78161716,0.76613045,0.0061290599405765,0.0133141875,0.0133141875,0.015486717
MQAttn-LSTM-VQR classical twin,2,20,0.77593726,0.7641072,0.76613045,0.77593726,0.0061290599405765,0.011830032,0.011830032,0.009806812
MQAttn-LSTM-VQR classical twin,2,20,0.77329,0.7730545,0.77593726,0.77329,0.0061290599405765,0.00023549795,0.00023549795,0.0026472807
MQAttn-LSTM-VQR classical twin,2,20,0.77418756,0.7704554,0.77329,0.77418756,0.0061290599405765,0.0037321448,0.0037321448,0.00089758635
MQAttn-LSTM-VQR classical twin,2,20,0.76000977,0.77062345,0.77418756,0.76000977,0.0061290599405765,0.01061368,0.01061368,0.014177799
MQAttn-LSTM-VQR classical twin,2,20,0.75651634,0.7577559,0.76000977,0.75651634,0.0061290599405765,0.0012395382,0.0012395382,0.0034934282
MQAttn-QLSTM-VQR,2,9,0.8864931,0.8804611,0.8854382,0.8864931,0.0061290599405765,0.00603199,0.00603199,0.001054883
MQAttn-QLSTM-VQR,2,9,0.8889019,0.88187367,0.8864931,0.8889019,0.0061290599405765,0.007028222,0.007028222,0.0024088025
MQAttn-QLSTM-VQR,2,9,0.8892149,0.88690364,0.8889019,0.8892149,0.0061290599405765,0.0023112297,0.0023112297,0.000312984
MQAttn-QLSTM-VQR,2,9,0.8764013,0.8883059,0.8892149,0.8764013,0.0061290599405765,0.011904597,0.011904597,0.012813568
MQAttn-QLSTM-VQR,2,9,0.8715485,0.87529576,0.8764013,0.8715485,0.0061290599405765,0.0037472844,0.0037472844,0.0048528314
MQAttn-QLSTM-VQR,2,9,0.8645739,0.8665397,0.8715485,0.8645739,0.0061290599405765,0.0019658208,0.0019658208,0.006974578
MQAttn-QLSTM-VQR,2,9,0.8566824,0.8603751,0.8645739,0.8566824,0.0061290599405765,0.0036926866,0.0036926866,0.007891476
MQAttn-QLSTM-VQR,2,9,0.85852975,0.85212535,0.8566824,0.85852975,0.0061290599405765,0.0064044,0.0064044,0.0018473268
MQAttn-QLSTM-VQR,2,9,0.8420812,0.8535993,0.85852975,0.8420812,0.0061290599405765,0.011518121,0.011518121,0.016448557
MQAttn-QLSTM-VQR,2,9,0.83690023,0.8373227,0.8420812,0.83690023,0.0061290599405765,0.00042247772,0.00042247772,0.005180955
MQAttn-QLSTM-VQR,2,9,0.8241729,0.8343725,0.83690023,0.8241729,0.0061290599405765,0.010199606,0.010199606,0.01272732
MQAttn-QLSTM-VQR,2,9,0.8185275,0.82004344,0.8241729,0.8185275,0.0061290599405765,0.0015159249,0.0015159249,0.0056453943
MQAttn-QLSTM-VQR,2,9,0.7883405,0.81492114,0.8185275,0.7883405,0.0061290599405765,0.026580632,0.026580632,0.03018701
MQAttn-QLSTM-VQR,2,9,0.7712677,0.7857642,0.7883405,0.7712677,0.0061290599405765,0.014496505,0.014496505,0.017072797
MQAttn-QLSTM-VQR,2,9,0.7787166,0.76634085,0.7712677,0.7787166,0.0061290599405765,0.012375772,0.012375772,0.0074489117
MQAttn-QLSTM-VQR,2,9,0.77129984,0.77615184,0.7787166,0.77129984,0.0061290599405765,0.004851997,0.004851997,0.0074167848
MQAttn-QLSTM-VQR,2,9,0.7712239,0.7670692,0.77129984,0.7712239,0.0061290599405765,0.004154682,0.004154682,7.593632e-05
MQAttn-QLSTM-VQR,2,9,0.76391375,0.7670066,0.7712239,0.76391375,0.0061290599405765,0.0030928254,0.0030928254,0.007310152
MQAttn-QLSTM-VQR,2,9,0.7711122,0.7610135,0.76391375,0.7711122,0.0061290599405765,0.010098696,0.010098696,0.007198453
MQAttn-QLSTM-VQR,2,9,0.76222354,0.7667206,0.7711122,0.76222354,0.0061290599405765,0.0044970512,0.0044970512,0.008888662
MQAttn-QLSTM-VQR,2,9,0.745776,0.75698936,0.76222354,0.745776,0.0061290599405765,0.011213362,0.011213362,0.016447544
MQAttn-QLSTM-VQR,2,9,0.75015444,0.74007183,0.745776,0.75015444,0.0061290599405765,0.0100826025,0.0100826025,0.004378438
MQAttn-QLSTM-VQR,2,9,0.7413376,0.7445812,0.75015444,0.7413376,0.0061290599405765,0.0032436252,0.0032436252,0.008816838
MQAttn-QLSTM-VQR,2,20,0.8760531,0.8968137,0.90271086,0.8760531,0.0061290599405765,0.020760596,0.020760596,0.02665776
MQAttn-QLSTM-VQR,2,20,0.86363304,0.87023073,0.8760531,0.86363304,0.0061290599405765,0.0065976977,0.0065976977,0.012420058
MQAttn-QLSTM-VQR,2,20,0.8655483,0.8583886,0.86363304,0.8655483,0.0061290599405765,0.00715971,0.00715971,0.001915276
MQAttn-QLSTM-VQR,2,20,0.8620463,0.8611215,0.8655483,0.8620463,0.0061290599405765,0.00092482567,0.00092482567,0.0035020113
MQAttn-QLSTM-VQR,2,20,0.86201596,0.860952,0.8620463,0.86201596,0.0061290599405765,0.0010639429,0.0010639429,3.0338764e-05
MQAttn-QLSTM-VQR,2,20,0.86153454,0.8569274,0.86201596,0.86153454,0.0061290599405765,0.004607141,0.004607141,0.00048142672
MQAttn-QLSTM-VQR,2,20,0.8626524,0.85631907,0.86153454,0.8626524,0.0061290599405765,0.006333351,0.006333351,0.0011178851
MQAttn-QLSTM-VQR,2,20,0.85832036,0.85716164,0.8626524,0.85832036,0.0061290599405765,0.0011587143,0.0011587143,0.0043320656
MQAttn-QLSTM-VQR,2,20,0.84405684,0.85355043,0.85832036,0.84405684,0.0061290599405765,0.009493589,0.009493589,0.014263511
MQAttn-QLSTM-VQR,2,20,0.83841956,0.83922553,0.84405684,0.83841956,0.0061290599405765,0.000805974,0.000805974,0.005637288
MQAttn-QLSTM-VQR,2,20,0.83552337,0.83443135,0.83841956,0.83552337,0.0061290599405765,0.0010920167,0.0010920167,0.0028961897
MQAttn-QLSTM-VQR,2,20,0.8324431,0.8311859,0.83552337,0.8324431,0.0061290599405765,0.0012572408,0.0012572408,0.0030802488
MQAttn-QLSTM-VQR,2,20,0.8172143,0.82756746,0.8324431,0.8172143,0.0061290599405765,0.010353148,0.010353148,0.015228808
MQAttn-QLSTM-VQR,2,20,0.8168435,0.81442,0.8172143,0.8168435,0.0061290599405765,0.0024235249,0.0024235249,0.0003708005
MQAttn-QLSTM-VQR,2,20,0.8171462,0.81266624,0.8168435,0.8171462,0.0061290599405765,0.0044799447,0.0044799447,0.0003026724
MQAttn-QLSTM-VQR,2,20,0.78161716,0.8127945,0.8171462,0.78161716,0.0061290599405765,0.031177342,0.031177342,0.035529017
MQAttn-QLSTM-VQR,2,20,0.76613045,0.77760243,0.78161716,0.76613045,0.0061290599405765,0.011471987,0.011471987,0.015486717
MQAttn-QLSTM-VQR,2,20,0.77593726,0.76063585,0.76613045,0.77593726,0.0061290599405765,0.015301406,0.015301406,0.009806812
MQAttn-QLSTM-VQR,2,20,0.77329,0.7707589,0.77593726,0.77329,0.0061290599405765,0.0025310516,0.0025310516,0.0026472807
MQAttn-QLSTM-VQR,2,20,0.77418756,0.7686281,0.77329,0.77418756,0.0061290599405765,0.0055594444,0.0055594444,0.00089758635
MQAttn-QLSTM-VQR,2,20,0.76000977,0.77005285,0.77418756,0.76000977,0.0061290599405765,0.010043085,0.010043085,0.014177799
MQAttn-QLSTM-VQR,2,20,0.75651634,0.7546764,0.76000977,0.75651634,0.0061290599405765,0.0018399358,0.0018399358,0.0034934282
MQAttn-QLSTM-VQR classical twin,2,9,0.8864931,0.8782088,0.8854382,0.8864931,0.0061290599405765,0.008284271,0.008284271,0.001054883
MQAttn-QLSTM-VQR classical twin,2,9,0.8889019,0.8803844,0.8864931,0.8889019,0.0061290599405765,0.008517504,0.008517504,0.0024088025
MQAttn-QLSTM-VQR classical twin,2,9,0.8892149,0.8845639,0.8889019,0.8892149,0.0061290599405765,0.0046509504,0.0046509504,0.000312984
MQAttn-QLSTM-VQR classical twin,2,9,0.8764013,0.88542724,0.8892149,0.8764013,0.0061290599405765,0.009025931,0.009025931,0.012813568
MQAttn-QLSTM-VQR classical twin,2,9,0.8715485,0.87201923,0.8764013,0.8715485,0.0061290599405765,0.00047075748,0.00047075748,0.0048528314
MQAttn-QLSTM-VQR classical twin,2,9,0.8645739,0.86824864,0.8715485,0.8645739,0.0061290599405765,0.0036747456,0.0036747456,0.006974578
MQAttn-QLSTM-VQR classical twin,2,9,0.8566824,0.8596758,0.8645739,0.8566824,0.0061290599405765,0.0029934049,0.0029934049,0.007891476
MQAttn-QLSTM-VQR classical twin,2,9,0.85852975,0.8513683,0.8566824,0.85852975,0.0061290599405765,0.0071614385,0.0071614385,0.0018473268
MQAttn-QLSTM-VQR classical twin,2,9,0.8420812,0.8535912,0.85852975,0.8420812,0.0061290599405765,0.0115100145,0.0115100145,0.016448557
MQAttn-QLSTM-VQR classical twin,2,9,0.83690023,0.83729255,0.8420812,0.83690023,0.0061290599405765,0.00039231777,0.00039231777,0.005180955
MQAttn-QLSTM-VQR classical twin,2,9,0.8241729,0.83209574,0.83690023,0.8241729,0.0061290599405765,0.007922828,0.007922828,0.01272732
MQAttn-QLSTM-VQR classical twin,2,9,0.8185275,0.82096416,0.8241729,0.8185275,0.0061290599405765,0.0024366379,0.0024366379,0.0056453943
MQAttn-QLSTM-VQR classical twin,2,9,0.7883405,0.81602967,0.8185275,0.7883405,0.0061290599405765,0.027689159,0.027689159,0.03018701
MQAttn-QLSTM-VQR classical twin,2,9,0.7712677,0.78627574,0.7883405,0.7712677,0.0061290599405765,0.015008032,0.015008032,0.017072797
MQAttn-QLSTM-VQR classical twin,2,9,0.7787166,0.7712185,0.7712677,0.7787166,0.0061290599405765,0.007498145,0.007498145,0.0074489117
MQAttn-QLSTM-VQR classical twin,2,9,0.77129984,0.7777384,0.7787166,0.77129984,0.0061290599405765,0.0064385533,0.0064385533,0.0074167848
MQAttn-QLSTM-VQR classical twin,2,9,0.7712239,0.7709793,0.77129984,0.7712239,0.0061290599405765,0.00024461746,0.00024461746,7.593632e-05
MQAttn-QLSTM-VQR classical twin,2,9,0.76391375,0.77036107,0.7712239,0.76391375,0.0061290599405765,0.006447315,0.006447315,0.007310152
MQAttn-QLSTM-VQR classical twin,2,9,0.7711122,0.7626043,0.76391375,0.7711122,0.0061290599405765,0.008507907,0.008507907,0.007198453
MQAttn-QLSTM-VQR classical twin,2,9,0.76222354,0.7698885,0.7711122,0.76222354,0.0061290599405765,0.0076649785,0.0076649785,0.008888662
MQAttn-QLSTM-VQR classical twin,2,9,0.745776,0.7615572,0.76222354,0.745776,0.0061290599405765,0.015781224,0.015781224,0.016447544
MQAttn-QLSTM-VQR classical twin,2,9,0.75015444,0.74559814,0.745776,0.75015444,0.0061290599405765,0.0045562983,0.0045562983,0.004378438
MQAttn-QLSTM-VQR classical twin,2,9,0.7413376,0.7502643,0.75015444,0.7413376,0.0061290599405765,0.00892669,0.00892669,0.008816838
MQAttn-QLSTM-VQR classical twin,2,20,0.8760531,0.8941867,0.90271086,0.8760531,0.0061290599405765,0.01813358,0.01813358,0.02665776
MQAttn-QLSTM-VQR classical twin,2,20,0.86363304,0.8683619,0.8760531,0.86363304,0.0061290599405765,0.0047288537,0.0047288537,0.012420058
MQAttn-QLSTM-VQR classical twin,2,20,0.8655483,0.8569858,0.86363304,0.8655483,0.0061290599405765,0.008562505,0.008562505,0.001915276
MQAttn-QLSTM-VQR classical twin,2,20,0.8620463,0.86013365,0.8655483,0.8620463,0.0061290599405765,0.0019126534,0.0019126534,0.0035020113
MQAttn-QLSTM-VQR classical twin,2,20,0.86201596,0.8578196,0.8620463,0.86201596,0.0061290599405765,0.004196346,0.004196346,3.0338764e-05
MQAttn-QLSTM-VQR classical twin,2,20,0.86153454,0.8590399,0.86201596,0.86153454,0.0061290599405765,0.0024946332,0.0024946332,0.00048142672
MQAttn-QLSTM-VQR classical twin,2,20,0.8626524,0.857117,0.86153454,0.8626524,0.0061290599405765,0.0055354238,0.0055354238,0.0011178851
MQAttn-QLSTM-VQR classical twin,2,20,0.85832036,0.8577578,0.8626524,0.85832036,0.0061290599405765,0.00056254864,0.00056254864,0.0043320656
MQAttn-QLSTM-VQR classical twin,2,20,0.84405684,0.85260946,0.85832036,0.84405684,0.0061290599405765,0.008552611,0.008552611,0.014263511
MQAttn-QLSTM-VQR classical twin,2,20,0.83841956,0.8389401,0.84405684,0.83841956,0.0061290599405765,0.00052052736,0.00052052736,0.005637288
MQAttn-QLSTM-VQR classical twin,2,20,0.83552337,0.83348495,0.83841956,0.83552337,0.0061290599405765,0.0020384192,0.0020384192,0.0028961897
MQAttn-QLSTM-VQR classical twin,2,20,0.8324431,0.831453,0.83552337,0.8324431,0.0061290599405765,0.0009900928,0.0009900928,0.0030802488
MQAttn-QLSTM-VQR classical twin,2,20,0.8172143,0.82982755,0.8324431,0.8172143,0.0061290599405765,0.012613237,0.012613237,0.015228808
MQAttn-QLSTM-VQR classical twin,2,20,0.8168435,0.8145142,0.8172143,0.8168435,0.0061290599405765,0.00232929,0.00232929,0.0003708005
MQAttn-QLSTM-VQR classical twin,2,20,0.8171462,0.8143517,0.8168435,0.8171462,0.0061290599405765,0.0027945042,0.0027945042,0.0003026724
MQAttn-QLSTM-VQR classical twin,2,20,0.78161716,0.81457967,0.8171462,0.78161716,0.0061290599405765,0.0329625,0.0329625,0.035529017
MQAttn-QLSTM-VQR classical twin,2,20,0.76613045,0.7793091,0.78161716,0.76613045,0.0061290599405765,0.013178647,0.013178647,0.015486717
MQAttn-QLSTM-VQR classical twin,2,20,0.77593726,0.7648496,0.76613045,0.77593726,0.0061290599405765,0.011087656,0.011087656,0.009806812
MQAttn-QLSTM-VQR classical twin,2,20,0.77329,0.773937,0.77593726,0.77329,0.0061290599405765,0.0006470084,0.0006470084,0.0026472807
MQAttn-QLSTM-VQR classical twin,2,20,0.77418756,0.7709611,0.77329,0.77418756,0.0061290599405765,0.003226459,0.003226459,0.00089758635
MQAttn-QLSTM-VQR classical twin,2,20,0.76000977,0.7714903,0.77418756,0.76000977,0.0061290599405765,0.01148051,0.01148051,0.014177799
MQAttn-QLSTM-VQR classical twin,2,20,0.75651634,0.75883186,0.76000977,0.75651634,0.0061290599405765,0.0023155212,0.0023155212,0.0034934282
QLSTM,2,9,0.8864931,0.8770129,0.8854382,0.8864931,0.0061290599405765,0.009480178,0.009480178,0.001054883
QLSTM,2,9,0.8889019,0.88027185,0.8864931,0.8889019,0.0061290599405765,0.008630037,0.008630037,0.0024088025
QLSTM,2,9,0.8892149,0.88540256,0.8889019,0.8892149,0.0061290599405765,0.003812313,0.003812313,0.000312984
QLSTM,2,9,0.8764013,0.8863616,0.8892149,0.8764013,0.0061290599405765,0.009960294,0.009960294,0.012813568
QLSTM,2,9,0.8715485,0.87281156,0.8764013,0.8715485,0.0061290599405765,0.001263082,0.001263082,0.0048528314
QLSTM,2,9,0.8645739,0.8679996,0.8715485,0.8645739,0.0061290599405765,0.0034257174,0.0034257174,0.006974578
QLSTM,2,9,0.8566824,0.8603865,0.8645739,0.8566824,0.0061290599405765,0.003704071,0.003704071,0.007891476
QLSTM,2,9,0.85852975,0.8520923,0.8566824,0.85852975,0.0061290599405765,0.006437421,0.006437421,0.0018473268
QLSTM,2,9,0.8420812,0.85435855,0.85852975,0.8420812,0.0061290599405765,0.012277365,0.012277365,0.016448557
QLSTM,2,9,0.83690023,0.8376802,0.8420812,0.83690023,0.0061290599405765,0.0007799864,0.0007799864,0.005180955
QLSTM,2,9,0.8241729,0.8315678,0.83690023,0.8241729,0.0061290599405765,0.00739491,0.00739491,0.01272732
QLSTM,2,9,0.8185275,0.8203849,0.8241729,0.8185275,0.0061290599405765,0.0018573999,0.0018573999,0.0056453943
QLSTM,2,9,0.7883405,0.8138576,0.8185275,0.7883405,0.0061290599405765,0.025517106,0.025517106,0.03018701
QLSTM,2,9,0.7712677,0.7839856,0.7883405,0.7712677,0.0061290599405765,0.012717903,0.012717903,0.017072797
QLSTM,2,9,0.7787166,0.76878095,0.7712677,0.7787166,0.0061290599405765,0.009935677,0.009935677,0.0074489117
QLSTM,2,9,0.77129984,0.7755324,0.7787166,0.77129984,0.0061290599405765,0.0042325854,0.0042325854,0.0074167848
QLSTM,2,9,0.7712239,0.76893747,0.77129984,0.7712239,0.0061290599405765,0.0022864342,0.0022864342,7.593632e-05
QLSTM,2,9,0.76391375,0.7683155,0.7712239,0.76391375,0.0061290599405765,0.0044017434,0.0044017434,0.007310152
QLSTM,2,9,0.7711122,0.75905496,0.76391375,0.7711122,0.0061290599405765,0.012057245,0.012057245,0.007198453
QLSTM,2,9,0.76222354,0.7669152,0.7711122,0.76222354,0.0061290599405765,0.0046916604,0.0046916604,0.008888662
QLSTM,2,9,0.745776,0.7586116,0.76222354,0.745776,0.0061290599405765,0.012835622,0.012835622,0.016447544
QLSTM,2,9,0.75015444,0.74176747,0.745776,0.75015444,0.0061290599405765,0.00838697,0.00838697,0.004378438
QLSTM,2,9,0.7413376,0.7449866,0.75015444,0.7413376,0.0061290599405765,0.0036489964,0.0036489964,0.008816838
QLSTM,2,20,0.8760531,0.8917031,0.90271086,0.8760531,0.0061290599405765,0.015650034,0.015650034,0.02665776
QLSTM,2,20,0.86363304,0.86705506,0.8760531,0.86363304,0.0061290599405765,0.0034220219,0.0034220219,0.012420058
QLSTM,2,20,0.8655483,0.8564034,0.86363304,0.8655483,0.0061290599405765,0.009144902,0.009144902,0.001915276
QLSTM,2,20,0.8620463,0.8599688,0.8655483,0.8620463,0.0061290599405765,0.00207752,0.00207752,0.0035020113
QLSTM,2,20,0.86201596,0.8583574,0.8620463,0.86201596,0.0061290599405765,0.003658533,0.003658533,3.0338764e-05
QLSTM,2,20,0.86153454,0.85850775,0.86201596,0.86153454,0.0061290599405765,0.0030267835,0.0030267835,0.00048142672
QLSTM,2,20,0.8626524,0.8578277,0.86153454,0.8626524,0.0061290599405765,0.004824698,0.004824698,0.0011178851
QLSTM,2,20,0.85832036,0.85852164,0.8626524,0.85832036,0.0061290599405765,0.00020128489,0.00020128489,0.0043320656
QLSTM,2,20,0.84405684,0.8534834,0.85832036,0.84405684,0.0061290599405765,0.009426534,0.009426534,0.014263511
QLSTM,2,20,0.83841956,0.8394938,0.84405684,0.83841956,0.0061290599405765,0.0010742545,0.0010742545,0.005637288
QLSTM,2,20,0.83552337,0.8336072,0.83841956,0.83552337,0.0061290599405765,0.0019161701,0.0019161701,0.0028961897
QLSTM,2,20,0.8324431,0.83155227,0.83552337,0.8324431,0.0061290599405765,0.000890851,0.000890851,0.0030802488
QLSTM,2,20,0.8172143,0.82870066,0.8324431,0.8172143,0.0061290599405765,0.0114863515,0.0114863515,0.015228808
QLSTM,2,20,0.8168435,0.8128478,0.8172143,0.8168435,0.0061290599405765,0.0039957166,0.0039957166,0.0003708005
QLSTM,2,20,0.8171462,0.8143814,0.8168435,0.8171462,0.0061290599405765,0.0027647614,0.0027647614,0.0003026724
QLSTM,2,20,0.78161716,0.81408095,0.8171462,0.78161716,0.0061290599405765,0.03246379,0.03246379,0.035529017
QLSTM,2,20,0.76613045,0.7783773,0.78161716,0.76613045,0.0061290599405765,0.012246847,0.012246847,0.015486717
QLSTM,2,20,0.77593726,0.76332027,0.76613045,0.77593726,0.0061290599405765,0.012616992,0.012616992,0.009806812
QLSTM,2,20,0.77329,0.7720782,0.77593726,0.77329,0.0061290599405765,0.0012117624,0.0012117624,0.0026472807
QLSTM,2,20,0.77418756,0.7679315,0.77329,0.77418756,0.0061290599405765,0.006256044,0.006256044,0.00089758635
QLSTM,2,20,0.76000977,0.7685905,0.77418756,0.76000977,0.0061290599405765,0.008580744,0.008580744,0.014177799
QLSTM,2,20,0.75651634,0.75536704,0.76000977,0.75651634,0.0061290599405765,0.0011492968,0.0011492968,0.0034934282
LSTM,2,9,0.8864931,0.8806235,0.8854382,0.8864931,0.0061290599405765,0.0058695674,0.0058695674,0.001054883
LSTM,2,9,0.8889019,0.8816784,0.8864931,0.8889019,0.0061290599405765,0.007223487,0.007223487,0.0024088025
LSTM,2,9,0.8892149,0.8840872,0.8889019,0.8892149,0.0061290599405765,0.0051276684,0.0051276684,0.000312984
LSTM,2,9,0.8764013,0.8907384,0.8892149,0.8764013,0.0061290599405765,0.014337122,0.014337122,0.012813568
LSTM,2,9,0.8715485,0.8715866,0.8764013,0.8715485,0.0061290599405765,3.8146973e-05,3.8146973e-05,0.0048528314
LSTM,2,9,0.8645739,0.8667338,0.8715485,0.8645739,0.0061290599405765,0.0021598935,0.0021598935,0.006974578
LSTM,2,9,0.8566824,0.8597592,0.8645739,0.8566824,0.0061290599405765,0.0030767918,0.0030767918,0.007891476
LSTM,2,9,0.85852975,0.85186774,0.8566824,0.85852975,0.0061290599405765,0.006662011,0.006662011,0.0018473268
LSTM,2,9,0.8420812,0.85371506,0.85852975,0.8420812,0.0061290599405765,0.011633873,0.011633873,0.016448557
LSTM,2,9,0.83690023,0.8372665,0.8420812,0.83690023,0.0061290599405765,0.00036627054,0.00036627054,0.005180955
LSTM,2,9,0.8241729,0.83208555,0.83690023,0.8241729,0.0061290599405765,0.007912636,0.007912636,0.01272732
LSTM,2,9,0.8185275,0.8193582,0.8241729,0.8185275,0.0061290599405765,0.00083070993,0.00083070993,0.0056453943
LSTM,2,9,0.7883405,0.81371284,0.8185275,0.7883405,0.0061290599405765,0.025372326,0.025372326,0.03018701
LSTM,2,9,0.7712677,0.7835258,0.7883405,0.7712677,0.0061290599405765,0.012258112,0.012258112,0.017072797
LSTM,2,9,0.7787166,0.766453,0.7712677,0.7787166,0.0061290599405765,0.012263596,0.012263596,0.0074489117
LSTM,2,9,0.77129984,0.77390194,0.7787166,0.77129984,0.0061290599405765,0.0026021004,0.0026021004,0.0074167848
LSTM,2,9,0.7712239,0.76648515,0.77129984,0.7712239,0.0061290599405765,0.004738748,0.004738748,7.593632e-05
LSTM,2,9,0.76391375,0.7664092,0.7712239,0.76391375,0.0061290599405765,0.0024954677,0.0024954677,0.007310152
LSTM,2,9,0.7711122,0.75909907,0.76391375,0.7711122,0.0061290599405765,0.012013137,0.012013137,0.007198453
LSTM,2,9,0.76222354,0.7662975,0.7711122,0.76222354,0.0061290599405765,0.0040739775,0.0040739775,0.008888662
LSTM,2,9,0.745776,0.75740886,0.76222354,0.745776,0.0061290599405765,0.01163286,0.01163286,0.016447544
LSTM,2,9,0.75015444,0.7409613,0.745776,0.75015444,0.0061290599405765,0.009193122,0.009193122,0.004378438
LSTM,2,9,0.7413376,0.74533975,0.75015444,0.7413376,0.0061290599405765,0.004002154,0.004002154,0.008816838
LSTM,2,20,0.8760531,0.8978962,0.90271086,0.8760531,0.0061290599405765,0.021843076,0.021843076,0.02665776
LSTM,2,20,0.86363304,0.8712384,0.8760531,0.86363304,0.0061290599405765,0.007605374,0.007605374,0.012420058
LSTM,2,20,0.8655483,0.85881835,0.86363304,0.8655483,0.0061290599405765,0.0067299604,0.0067299604,0.001915276
LSTM,2,20,0.8620463,0.8607336,0.8655483,0.8620463,0.0061290599405765,0.0013126731,0.0013126731,0.0035020113
LSTM,2,20,0.86201596,0.8572316,0.8620463,0.86201596,0.0061290599405765,0.0047843456,0.0047843456,3.0338764e-05
LSTM,2,20,0.86153454,0.8572013,0.86201596,0.86153454,0.0061290599405765,0.0043332577,0.0043332577,0.00048142672
LSTM,2,20,0.8626524,0.85671985,0.86153454,0.8626524,0.0061290599405765,0.0059325695,0.0059325695,0.0011178851
LSTM,2,20,0.85832036,0.85783774,0.8626524,0.85832036,0.0061290599405765,0.0004826188,0.0004826188,0.0043320656
LSTM,2,20,0.84405684,0.8535057,0.85832036,0.84405684,0.0061290599405765,0.009448826,0.009448826,0.014263511
LSTM,2,20,0.83841956,0.83924216,0.84405684,0.83841956,0.0061290599405765,0.0008226037,0.0008226037,0.005637288
LSTM,2,20,0.83552337,0.8336049,0.83841956,0.83552337,0.0061290599405765,0.0019184947,0.0019184947,0.0028961897
LSTM,2,20,0.8324431,0.8307087,0.83552337,0.8324431,0.0061290599405765,0.0017344356,0.0017344356,0.0030802488
LSTM,2,20,0.8172143,0.82762843,0.8324431,0.8172143,0.0061290599405765,0.010414124,0.010414124,0.015228808
LSTM,2,20,0.8168435,0.8123996,0.8172143,0.8168435,0.0061290599405765,0.004443884,0.004443884,0.0003708005
LSTM,2,20,0.8171462,0.8120288,0.8168435,0.8171462,0.0061290599405765,0.005117357,0.005117357,0.0003026724
LSTM,2,20,0.78161716,0.8123315,0.8171462,0.78161716,0.0061290599405765,0.030714333,0.030714333,0.035529017
LSTM,2,20,0.76613045,0.7768025,0.78161716,0.76613045,0.0061290599405765,0.010672033,0.010672033,0.015486717
LSTM,2,20,0.77593726,0.76131576,0.76613045,0.77593726,0.0061290599405765,0.014621496,0.014621496,0.009806812
LSTM,2,20,0.77329,0.7711226,0.77593726,0.77329,0.0061290599405765,0.0021674037,0.0021674037,0.0026472807
LSTM,2,20,0.77418756,0.7684753,0.77329,0.77418756,0.0061290599405765,0.0057122707,0.0057122707,0.00089758635
LSTM,2,20,0.76000977,0.7693729,0.77418756,0.76000977,0.0061290599405765,0.009363115,0.009363115,0.014177799
LSTM,2,20,0.75651634,0.7551951,0.76000977,0.75651634,0.0061290599405765,0.0013212562,0.0013212562,0.0034934282
GRU,2,9,0.8864931,0.88209826,0.8854382,0.8864931,0.0061290599405765,0.0043948293,0.0043948293,0.001054883
GRU,2,9,0.8889019,0.8836165,0.8864931,0.8889019,0.0061290599405765,0.0052853823,0.0052853823,0.0024088025
GRU,2,9,0.8892149,0.8931819,0.8889019,0.8892149,0.0061290599405765,0.0039670467,0.0039670467,0.000312984
GRU,2,9,0.8764013,0.8972627,0.8892149,0.8764013,0.0061290599405765,0.020861387,0.020861387,0.012813568
GRU,2,9,0.8715485,0.86885047,0.8764013,0.8715485,0.0061290599405765,0.0026980042,0.0026980042,0.0048528314
GRU,2,9,0.8645739,0.8610811,0.8715485,0.8645739,0.0061290599405765,0.0034927726,0.0034927726,0.006974578
GRU,2,9,0.8566824,0.85996264,0.8645739,0.8566824,0.0061290599405765,0.0032802224,0.0032802224,0.007891476
GRU,2,9,0.85852975,0.8488952,0.8566824,0.85852975,0.0061290599405765,0.009634554,0.009634554,0.0018473268
GRU,2,9,0.8420812,0.8518249,0.85852975,0.8420812,0.0061290599405765,0.0097436905,0.0097436905,0.016448557
GRU,2,9,0.83690023,0.8436494,0.8420812,0.83690023,0.0061290599405765,0.006749153,0.006749153,0.005180955
GRU,2,9,0.8241729,0.83517224,0.83690023,0.8241729,0.0061290599405765,0.010999322,0.010999322,0.01272732
GRU,2,9,0.8185275,0.82124263,0.8241729,0.8185275,0.0061290599405765,0.0027151108,0.0027151108,0.0056453943
GRU,2,9,0.7883405,0.81606865,0.8185275,0.7883405,0.0061290599405765,0.02772814,0.02772814,0.03018701
GRU,2,9,0.7712677,0.8062177,0.7883405,0.7712677,0.0061290599405765,0.03494996,0.03494996,0.017072797
GRU,2,9,0.7787166,0.79216254,0.7712677,0.7787166,0.0061290599405765,0.013445914,0.013445914,0.0074489117
GRU,2,9,0.77129984,0.7898743,0.7787166,0.77129984,0.0061290599405765,0.018574476,0.018574476,0.0074167848
GRU,2,9,0.7712239,0.7810783,0.77129984,0.7712239,0.0061290599405765,0.009854376,0.009854376,7.593632e-05
GRU,2,9,0.76391375,0.7770113,0.7712239,0.76391375,0.0061290599405765,0.013097525,0.013097525,0.007310152
GRU,2,9,0.7711122,0.76452017,0.76391375,0.7711122,0.0061290599405765,0.0065920353,0.0065920353,0.007198453
GRU,2,9,0.76222354,0.7715577,0.7711122,0.76222354,0.0061290599405765,0.009334147,0.009334147,0.008888662
GRU,2,9,0.745776,0.75995356,0.76222354,0.745776,0.0061290599405765,0.014177561,0.014177561,0.016447544
GRU,2,9,0.75015444,0.7442422,0.745776,0.75015444,0.0061290599405765,0.0059122443,0.0059122443,0.004378438
GRU,2,9,0.7413376,0.7461263,0.75015444,0.7413376,0.0061290599405765,0.0047886968,0.0047886968,0.008816838
GRU,2,20,0.8760531,0.8946535,0.90271086,0.8760531,0.0061290599405765,0.018600404,0.018600404,0.02665776
GRU,2,20,0.86363304,0.8730054,0.8760531,0.86363304,0.0061290599405765,0.009372354,0.009372354,0.012420058
GRU,2,20,0.8655483,0.86253524,0.86363304,0.8655483,0.0061290599405765,0.0030130744,0.0030130744,0.001915276
GRU,2,20,0.8620463,0.8648674,0.8655483,0.8620463,0.0061290599405765,0.0028210878,0.0028210878,0.0035020113
GRU,2,20,0.86201596,0.8548913,0.8620463,0.86201596,0.0061290599405765,0.0071246624,0.0071246624,3.0338764e-05
GRU,2,20,0.86153454,0.8558415,0.86201596,0.86153454,0.0061290599405765,0.0056930184,0.0056930184,0.00048142672
GRU,2,20,0.8626524,0.8520484,0.86153454,0.8626524,0.0061290599405765,0.010604024,0.010604024,0.0011178851
GRU,2,20,0.85832036,0.85169965,0.8626524,0.85832036,0.0061290599405765,0.006620705,0.006620705,0.0043320656
GRU,2,20,0.84405684,0.8552459,0.85832036,0.84405684,0.0061290599405765,0.0111890435,0.0111890435,0.014263511
GRU,2,20,0.83841956,0.84468126,0.84405684,0.83841956,0.0061290599405765,0.0062617064,0.0062617064,0.005637288
GRU,2,20,0.83552337,0.8360214,0.83841956,0.83552337,0.0061290599405765,0.0004980564,0.0004980564,0.0028961897
GRU,2,20,0.8324431,0.8318184,0.83552337,0.8324431,0.0061290599405765,0.0006247163,0.0006247163,0.0030802488
GRU,2,20,0.8172143,0.82934,0.8324431,0.8172143,0.0061290599405765,0.012125671,0.012125671,0.015228808
GRU,2,20,0.8168435,0.827232,0.8172143,0.8168435,0.0061290599405765,0.010388494,0.010388494,0.0003708005
GRU,2,20,0.8171462,0.8249111,0.8168435,0.8171462,0.0061290599405765,0.0077649355,0.0077649355,0.0003026724
GRU,2,20,0.78161716,0.82344484,0.8171462,0.78161716,0.0061290599405765,0.04182768,0.04182768,0.035529017
GRU,2,20,0.76613045,0.79222584,0.78161716,0.76613045,0.0061290599405765,0.02609539,0.02609539,0.015486717
GRU,2,20,0.77593726,0.7752175,0.76613045,0.77593726,0.0061290599405765,0.0007197857,0.0007197857,0.009806812
GRU,2,20,0.77329,0.7833765,0.77593726,0.77329,0.0061290599405765,0.010086536,0.010086536,0.0026472807
GRU,2,20,0.77418756,0.77672493,0.77329,0.77418756,0.0061290599405765,0.0025373697,0.0025373697,0.00089758635
GRU,2,20,0.76000977,0.7761831,0.77418756,0.76000977,0.0061290599405765,0.016173363,0.016173363,0.014177799
GRU,2,20,0.75651634,0.75615764,0.76000977,0.75651634,0.0061290599405765,0.00035870075,0.00035870075,0.0034934282
MLP,2,9,0.8864931,0.87550575,0.8854382,0.8864931,0.0061290599405765,0.010987341,0.010987341,0.001054883
MLP,2,9,0.8889019,0.88043374,0.8864931,0.8889019,0.0061290599405765,0.008468151,0.008468151,0.0024088025
MLP,2,9,0.8892149,0.88611954,0.8889019,0.8892149,0.0061290599405765,0.0030953288,0.0030953288,0.000312984
MLP,2,9,0.8764013,0.89447254,0.8892149,0.8764013,0.0061290599405765,0.018071234,0.018071234,0.012813568
MLP,2,9,0.8715485,0.87740916,0.8764013,0.8715485,0.0061290599405765,0.0058606863,0.0058606863,0.0048528314
MLP,2,9,0.8645739,0.8652162,0.8715485,0.8645739,0.0061290599405765,0.00064229965,0.00064229965,0.006974578
MLP,2,9,0.8566824,0.8624205,0.8645739,0.8566824,0.0061290599405765,0.0057380795,0.0057380795,0.007891476
MLP,2,9,0.85852975,0.84607095,0.8566824,0.85852975,0.0061290599405765,0.012458801,0.012458801,0.0018473268
MLP,2,9,0.8420812,0.84469515,0.85852975,0.8420812,0.0061290599405765,0.0026139617,0.0026139617,0.016448557
MLP,2,9,0.83690023,0.8356746,0.8420812,0.83690023,0.0061290599405765,0.0012256503,0.0012256503,0.005180955
MLP,2,9,0.8241729,0.83270556,0.83690023,0.8241729,0.0061290599405765,0.008532643,0.008532643,0.01272732
MLP,2,9,0.8185275,0.82049155,0.8241729,0.8185275,0.0061290599405765,0.0019640326,0.0019640326,0.0056453943
MLP,2,9,0.7883405,0.81808233,0.8185275,0.7883405,0.0061290599405765,0.029741824,0.029741824,0.03018701
MLP,2,9,0.7712677,0.79900086,0.7883405,0.7712677,0.0061290599405765,0.027733147,0.027733147,0.017072797
MLP,2,9,0.7787166,0.78366524,0.7712677,0.7787166,0.0061290599405765,0.004948616,0.004948616,0.0074489117
MLP,2,9,0.77129984,0.7811598,0.7787166,0.77129984,0.0061290599405765,0.009859979,0.009859979,0.0074167848
MLP,2,9,0.7712239,0.77643764,0.77129984,0.7712239,0.0061290599405765,0.0052137375,0.0052137375,7.593632e-05
MLP,2,9,0.76391375,0.7725967,0.7712239,0.76391375,0.0061290599405765,0.008682966,0.008682966,0.007310152
MLP,2,9,0.7711122,0.7673384,0.76391375,0.7711122,0.0061290599405765,0.0037738085,0.0037738085,0.007198453
MLP,2,9,0.76222354,0.7700784,0.7711122,0.76222354,0.0061290599405765,0.007854879,0.007854879,0.008888662
MLP,2,9,0.745776,0.76290905,0.76222354,0.745776,0.0061290599405765,0.017133057,0.017133057,0.016447544
MLP,2,9,0.75015444,0.74095577,0.745776,0.75015444,0.0061290599405765,0.009198666,0.009198666,0.004378438
MLP,2,9,0.7413376,0.7583427,0.75015444,0.7413376,0.0061290599405765,0.017005086,0.017005086,0.008816838
MLP,2,20,0.8760531,0.89198506,0.90271086,0.8760531,0.0061290599405765,0.015931964,0.015931964,0.02665776
MLP,2,20,0.86363304,0.8697507,0.8760531,0.86363304,0.0061290599405765,0.006117642,0.006117642,0.012420058
MLP,2,20,0.8655483,0.8600018,0.86363304,0.8655483,0.0061290599405765,0.00554651,0.00554651,0.001915276
MLP,2,20,0.8620463,0.8543678,0.8655483,0.8620463,0.0061290599405765,0.0076785088,0.0076785088,0.0035020113
MLP,2,20,0.86201596,0.85890853,0.8620463,0.86201596,0.0061290599405765,0.0031074286,0.0031074286,3.0338764e-05
MLP,2,20,0.86153454,0.85535413,0.86201596,0.86153454,0.0061290599405765,0.0061804056,0.0061804056,0.00048142672
MLP,2,20,0.8626524,0.8597328,0.86153454,0.8626524,0.0061290599405765,0.0029196143,0.0029196143,0.0011178851
MLP,2,20,0.85832036,0.85533065,0.8626524,0.85832036,0.0061290599405765,0.0029897094,0.0029897094,0.0043320656
MLP,2,20,0.84405684,0.85378325,0.85832036,0.84405684,0.0061290599405765,0.009726405,0.009726405,0.014263511
MLP,2,20,0.83841956,0.8420633,0.84405684,0.83841956,0.0061290599405765,0.0036437511,0.0036437511,0.005637288
MLP,2,20,0.83552337,0.8332241,0.83841956,0.83552337,0.0061290599405765,0.0022992492,0.0022992492,0.0028961897
MLP,2,20,0.8324431,0.8298727,0.83552337,0.8324431,0.0061290599405765,0.0025703907,0.0025703907,0.0030802488
MLP,2,20,0.8172143,0.82751274,0.8324431,0.8172143,0.0061290599405765,0.010298431,0.010298431,0.015228808
MLP,2,20,0.8168435,0.82026297,0.8172143,0.8168435,0.0061290599405765,0.0034194589,0.0034194589,0.0003708005
MLP,2,20,0.8171462,0.8225258,0.8168435,0.8171462,0.0061290599405765,0.005379617,0.005379617,0.0003026724
MLP,2,20,0.78161716,0.8196931,0.8171462,0.78161716,0.0061290599405765,0.038075924,0.038075924,0.035529017
MLP,2,20,0.76613045,0.7746804,0.78161716,0.76613045,0.0061290599405765,0.008549929,0.008549929,0.015486717
MLP,2,20,0.77593726,0.77941525,0.76613045,0.77593726,0.0061290599405765,0.0034779906,0.0034779906,0.009806812
MLP,2,20,0.77329,0.78981286,0.77593726,0.77329,0.0061290599405765,0.016522884,0.016522884,0.0026472807
MLP,2,20,0.77418756,0.77806854,0.77329,0.77418756,0.0061290599405765,0.0038809776,0.0038809776,0.00089758635
MLP,2,20,0.76000977,0.77579343,0.77418756,0.76000977,0.0061290599405765,0.015783668,0.015783668,0.014177799
MLP,2,20,0.75651634,0.7591733,0.76000977,0.75651634,0.0061290599405765,0.0026569366,0.0026569366,0.0034934282
Seq2Seq,2,9,0.8864931,0.8831967,0.8854382,0.8864931,0.0061290599405765,0.0032963753,0.0032963753,0.001054883
Seq2Seq,2,9,0.8889019,0.88237184,0.8864931,0.8889019,0.0061290599405765,0.0065300465,0.0065300465,0.0024088025
Seq2Seq,2,9,0.8892149,0.8842939,0.8889019,0.8892149,0.0061290599405765,0.0049209595,0.0049209595,0.000312984
Seq2Seq,2,9,0.8764013,0.8834707,0.8892149,0.8764013,0.0061290599405765,0.007069409,0.007069409,0.012813568
Seq2Seq,2,9,0.8715485,0.86937404,0.8764013,0.8715485,0.0061290599405765,0.002174437,0.002174437,0.0048528314
Seq2Seq,2,9,0.8645739,0.8670939,0.8715485,0.8645739,0.0061290599405765,0.0025200248,0.0025200248,0.006974578
Seq2Seq,2,9,0.8566824,0.86060673,0.8645739,0.8566824,0.0061290599405765,0.00392431,0.00392431,0.007891476
Seq2Seq,2,9,0.85852975,0.85351276,0.8566824,0.85852975,0.0061290599405765,0.0050169826,0.0050169826,0.0018473268
Seq2Seq,2,9,0.8420812,0.852826,0.85852975,0.8420812,0.0061290599405765,0.01074481,0.01074481,0.016448557
Seq2Seq,2,9,0.83690023,0.8364762,0.8420812,0.83690023,0.0061290599405765,0.00042402744,0.00042402744,0.005180955
Seq2Seq,2,9,0.8241729,0.8307452,0.83690023,0.8241729,0.0061290599405765,0.006572306,0.006572306,0.01272732
Seq2Seq,2,9,0.8185275,0.8201668,0.8241729,0.8185275,0.0061290599405765,0.0016393065,0.0016393065,0.0056453943
Seq2Seq,2,9,0.7883405,0.81612,0.8185275,0.7883405,0.0061290599405765,0.02777952,0.02777952,0.03018701
Seq2Seq,2,9,0.7712677,0.79502976,0.7883405,0.7712677,0.0061290599405765,0.023762047,0.023762047,0.017072797
Seq2Seq,2,9,0.7787166,0.7795982,0.7712677,0.7787166,0.0061290599405765,0.0008815527,0.0008815527,0.0074489117
Seq2Seq,2,9,0.77129984,0.78510875,0.7787166,0.77129984,0.0061290599405765,0.013808906,0.013808906,0.0074167848
Seq2Seq,2,9,0.7712239,0.77696073,0.77129984,0.7712239,0.0061290599405765,0.005736828,0.005736828,7.593632e-05
Seq2Seq,2,9,0.76391375,0.77081555,0.7712239,0.76391375,0.0061290599405765,0.0069018006,0.0069018006,0.007310152
Seq2Seq,2,9,0.7711122,0.7629191,0.76391375,0.7711122,0.0061290599405765,0.008193076,0.008193076,0.007198453
Seq2Seq,2,9,0.76222354,0.7682592,0.7711122,0.76222354,0.0061290599405765,0.0060356855,0.0060356855,0.008888662
Seq2Seq,2,9,0.745776,0.76048523,0.76222354,0.745776,0.0061290599405765,0.014709234,0.014709234,0.016447544
Seq2Seq,2,9,0.75015444,0.7447917,0.745776,0.75015444,0.0061290599405765,0.005362749,0.005362749,0.004378438
Seq2Seq,2,9,0.7413376,0.75160456,0.75015444,0.7413376,0.0061290599405765,0.01026696,0.01026696,0.008816838
Seq2Seq,2,20,0.8760531,0.8938756,0.90271086,0.8760531,0.0061290599405765,0.017822504,0.017822504,0.02665776
Seq2Seq,2,20,0.86363304,0.8715845,0.8760531,0.86363304,0.0061290599405765,0.007951438,0.007951438,0.012420058
Seq2Seq,2,20,0.8655483,0.8604808,0.86363304,0.8655483,0.0061290599405765,0.0050675273,0.0050675273,0.001915276
Seq2Seq,2,20,0.8620463,0.85888004,0.8655483,0.8620463,0.0061290599405765,0.0031662583,0.0031662583,0.0035020113
Seq2Seq,2,20,0.86201596,0.85421634,0.8620463,0.86201596,0.0061290599405765,0.0077996254,0.0077996254,3.0338764e-05
Seq2Seq,2,20,0.86153454,0.8560661,0.86201596,0.86153454,0.0061290599405765,0.005468428,0.005468428,0.00048142672
Seq2Seq,2,20,0.8626524,0.8566536,0.86153454,0.8626524,0.0061290599405765,0.00599885,0.00599885,0.0011178851
Seq2Seq,2,20,0.85832036,0.8592048,0.8626524,0.85832036,0.0061290599405765,0.0008844733,0.0008844733,0.0043320656
Seq2Seq,2,20,0.84405684,0.8525674,0.85832036,0.84405684,0.0061290599405765,0.00851053,0.00851053,0.014263511
Seq2Seq,2,20,0.83841956,0.8365787,0.84405684,0.83841956,0.0061290599405765,0.0018408298,0.0018408298,0.005637288
Seq2Seq,2,20,0.83552337,0.8302741,0.83841956,0.83552337,0.0061290599405765,0.005249262,0.005249262,0.0028961897
Seq2Seq,2,20,0.8324431,0.8281273,0.83552337,0.8324431,0.0061290599405765,0.0043157935,0.0043157935,0.0030802488
Seq2Seq,2,20,0.8172143,0.8277125,0.8324431,0.8172143,0.0061290599405765,0.010498166,0.010498166,0.015228808
Seq2Seq,2,20,0.8168435,0.81639093,0.8172143,0.8168435,0.0061290599405765,0.00045257807,0.00045257807,0.0003708005
Seq2Seq,2,20,0.8171462,0.8151414,0.8168435,0.8171462,0.0061290599405765,0.0020048022,0.0020048022,0.0003026724
Seq2Seq,2,20,0.78161716,0.81667334,0.8171462,0.78161716,0.0061290599405765,0.035056174,0.035056174,0.035529017
Seq2Seq,2,20,0.76613045,0.7829247,0.78161716,0.76613045,0.0061290599405765,0.016794264,0.016794264,0.015486717
Seq2Seq,2,20,0.77593726,0.7701212,0.76613045,0.77593726,0.0061290599405765,0.0058160424,0.0058160424,0.009806812
Seq2Seq,2,20,0.77329,0.7761192,0.77593726,0.77329,0.0061290599405765,0.002829194,0.002829194,0.0026472807
Seq2Seq,2,20,0.77418756,0.7745863,0.77329,0.77418756,0.0061290599405765,0.00039875507,0.00039875507,0.00089758635
Seq2Seq,2,20,0.76000977,0.7725697,0.77418756,0.76000977,0.0061290599405765,0.01255995,0.01255995,0.014177799
Seq2Seq,2,20,0.75651634,0.7598162,0.76000977,0.75651634,0.0061290599405765,0.003299892,0.003299892,0.0034934282
Persistence,3,11,0.89828104,0.9017823,0.9017823,0.89828104,0.0062707583419978,0.0035012364,0.0035012364,0.0035012364
Persistence,3,11,0.8748538,0.89828104,0.89828104,0.8748538,0.0062707583419978,0.023427248,0.023427248,0.023427248
Persistence,3,11,0.8735511,0.8748538,0.8748538,0.8735511,0.0062707583419978,0.0013027191,0.0013027191,0.0013027191
Persistence,3,11,0.8741989,0.8735511,0.8735511,0.8741989,0.0062707583419978,0.0006478429,0.0006478429,0.0006478429
Persistence,3,11,0.86663264,0.8741989,0.8741989,0.86663264,0.0062707583419978,0.007566273,0.007566273,0.007566273
Persistence,3,11,0.86207616,0.86663264,0.86663264,0.86207616,0.0062707583419978,0.004556477,0.004556477,0.004556477
Persistence,3,11,0.86188084,0.86207616,0.86207616,0.86188084,0.0062707583419978,0.00019532442,0.00019532442,0.00019532442
Persistence,3,11,0.8551565,0.86188084,0.86188084,0.8551565,0.0062707583419978,0.0067243576,0.0067243576,0.0067243576
Persistence,3,11,0.84130627,0.8551565,0.8551565,0.84130627,0.0062707583419978,0.013850212,0.013850212,0.013850212
Persistence,3,11,0.8365026,0.84130627,0.84130627,0.8365026,0.0062707583419978,0.0048036575,0.0048036575,0.0048036575
Persistence,3,11,0.8349689,0.8365026,0.8365026,0.8349689,0.0062707583419978,0.0015336871,0.0015336871,0.0015336871
Persistence,3,11,0.8318545,0.8349689,0.8349689,0.8318545,0.0062707583419978,0.0031144023,0.0031144023,0.0031144023
Persistence,3,11,0.8238845,0.8318545,0.8318545,0.8238845,0.0062707583419978,0.007970035,0.007970035,0.007970035
Persistence,3,11,0.82502633,0.8238845,0.8238845,0.82502633,0.0062707583419978,0.0011418462,0.0011418462,0.0011418462
Persistence,3,11,0.816571,0.82502633,0.82502633,0.816571,0.0062707583419978,0.008455336,0.008455336,0.008455336
Persistence,3,11,0.809723,0.816571,0.816571,0.809723,0.0062707583419978,0.0068479776,0.0068479776,0.0068479776
Persistence,3,11,0.80577993,0.809723,0.809723,0.80577993,0.0062707583419978,0.0039430857,0.0039430857,0.0039430857
Persistence,3,11,0.7971635,0.80577993,0.80577993,0.7971635,0.0062707583419978,0.008616447,0.008616447,0.008616447
Persistence,3,11,0.7992884,0.7971635,0.7971635,0.7992884,0.0062707583419978,0.0021249056,0.0021249056,0.0021249056
Persistence,3,11,0.7948005,0.7992884,0.7992884,0.7948005,0.0062707583419978,0.004487872,0.004487872,0.004487872
Persistence,3,11,0.7873646,0.7948005,0.7948005,0.7873646,0.0062707583419978,0.007435918,0.007435918,0.007435918
Persistence,3,11,0.78333336,0.7873646,0.7873646,0.78333336,0.0062707583419978,0.004031241,0.004031241,0.004031241
Persistence,3,18,0.86617476,0.86927974,0.86927974,0.86617476,0.0062707583419978,0.0031049848,0.0031049848,0.0031049848
Persistence,3,18,0.8572052,0.86617476,0.86617476,0.8572052,0.0062707583419978,0.008969545,0.008969545,0.008969545
Persistence,3,18,0.85067445,0.8572052,0.8572052,0.85067445,0.0062707583419978,0.0065307617,0.0065307617,0.0065307617
Persistence,3,18,0.8502848,0.85067445,0.85067445,0.8502848,0.0062707583419978,0.00038963556,0.00038963556,0.00038963556
Persistence,3,18,0.8421969,0.8502848,0.8502848,0.8421969,0.0062707583419978,0.008087933,0.008087933,0.008087933
Persistence,3,18,0.8492865,0.8421969,0.8421969,0.8492865,0.0062707583419978,0.007089615,0.007089615,0.007089615
Persistence,3,18,0.8452745,0.8492865,0.8492865,0.8452745,0.0062707583419978,0.0040119886,0.0040119886,0.0040119886
Persistence,3,18,0.8395689,0.8452745,0.8452745,0.8395689,0.0062707583419978,0.005705595,0.005705595,0.005705595
Persistence,3,18,0.8315261,0.8395689,0.8395689,0.8315261,0.0062707583419978,0.008042812,0.008042812,0.008042812
Persistence,3,18,0.8248416,0.8315261,0.8315261,0.8248416,0.0062707583419978,0.006684482,0.006684482,0.006684482
Persistence,3,18,0.8162286,0.8248416,0.8248416,0.8162286,0.0062707583419978,0.00861299,0.00861299,0.00861299
Persistence,3,18,0.81128544,0.8162286,0.8162286,0.81128544,0.0062707583419978,0.004943192,0.004943192,0.004943192
Persistence,3,18,0.8165611,0.81128544,0.81128544,0.8165611,0.0062707583419978,0.0052756667,0.0052756667,0.0052756667
Persistence,3,18,0.7939301,0.8165611,0.8165611,0.7939301,0.0062707583419978,0.02263099,0.02263099,0.02263099
Persistence,3,18,0.78623885,0.7939301,0.7939301,0.78623885,0.0062707583419978,0.007691264,0.007691264,0.007691264
Persistence,3,18,0.79670143,0.78623885,0.78623885,0.79670143,0.0062707583419978,0.010462582,0.010462582,0.010462582
Persistence,3,18,0.78979886,0.79670143,0.79670143,0.78979886,0.0062707583419978,0.0069025755,0.0069025755,0.0069025755
Persistence,3,18,0.7913971,0.78979886,0.78979886,0.7913971,0.0062707583419978,0.001598239,0.001598239,0.001598239
Persistence,3,18,0.78523386,0.7913971,0.7913971,0.78523386,0.0062707583419978,0.0061632395,0.0061632395,0.0061632395
Persistence,3,18,0.7701117,0.78523386,0.78523386,0.7701117,0.0062707583419978,0.015122175,0.015122175,0.015122175
Persistence,3,18,0.7681226,0.7701117,0.7701117,0.7681226,0.0062707583419978,0.0019890666,0.0019890666,0.0019890666
Persistence,3,18,0.75985795,0.7681226,0.7681226,0.75985795,0.0062707583419978,0.008264661,0.008264661,0.008264661
Persistence,3,18,0.7539911,0.75985795,0.75985795,0.7539911,0.0062707583419978,0.0058668256,0.0058668256,0.0058668256
MQAttn-LSTM-VQR,3,11,0.89828104,0.88852227,0.9017823,0.89828104,0.0062707583419978,0.0097587705,0.0097587705,0.0035012364
MQAttn-LSTM-VQR,3,11,0.8748538,0.8878683,0.89828104,0.8748538,0.0062707583419978,0.013014495,0.013014495,0.023427248
MQAttn-LSTM-VQR,3,11,0.8735511,0.86616194,0.8748538,0.8735511,0.0062707583419978,0.007389128,0.007389128,0.0013027191
MQAttn-LSTM-VQR,3,11,0.8741989,0.8636512,0.8735511,0.8741989,0.0062707583419978,0.010547698,0.010547698,0.0006478429
MQAttn-LSTM-VQR,3,11,0.86663264,0.869981,0.8741989,0.86663264,0.0062707583419978,0.0033483505,0.0033483505,0.007566273
MQAttn-LSTM-VQR,3,11,0.86207616,0.8667548,0.86663264,0.86207616,0.0062707583419978,0.004678607,0.004678607,0.004556477
MQAttn-LSTM-VQR,3,11,0.86188084,0.8608667,0.86207616,0.86188084,0.0062707583419978,0.0010141134,0.0010141134,0.00019532442
MQAttn-LSTM-VQR,3,11,0.8551565,0.8555034,0.86188084,0.8551565,0.0062707583419978,0.00034689903,0.00034689903,0.0067243576
MQAttn-LSTM-VQR,3,11,0.84130627,0.8480679,0.8551565,0.84130627,0.0062707583419978,0.0067616105,0.0067616105,0.013850212
MQAttn-LSTM-VQR,3,11,0.8365026,0.8343307,0.84130627,0.8365026,0.0062707583419978,0.0021719337,0.0021719337,0.0048036575
MQAttn-LSTM-VQR,3,11,0.8349689,0.8260918,0.8365026,0.8349689,0.0062707583419978,0.008877099,0.008877099,0.0015336871
MQAttn-LSTM-VQR,3,11,0.8318545,0.8271452,0.8349689,0.8318545,0.0062707583419978,0.0047093034,0.0047093034,0.0031144023
MQAttn-LSTM-VQR,3,11,0.8238845,0.8253964,0.8318545,0.8238845,0.0062707583419978,0.0015119314,0.0015119314,0.007970035
MQAttn-LSTM-VQR,3,11,0.82502633,0.81458455,0.8238845,0.82502633,0.0062707583419978,0.01044178,0.01044178,0.0011418462
MQAttn-LSTM-VQR,3,11,0.816571,0.81551,0.82502633,0.816571,0.0062707583419978,0.0010610223,0.0010610223,0.008455336
MQAttn-LSTM-VQR,3,11,0.809723,0.80805683,0.816571,0.809723,0.0062707583419978,0.0016661882,0.0016661882,0.0068479776
MQAttn-LSTM-VQR,3,11,0.80577993,0.80355054,0.809723,0.80577993,0.0062707583419978,0.0022293925,0.0022293925,0.0039430857
MQAttn-LSTM-VQR,3,11,0.7971635,0.8000023,0.80577993,0.7971635,0.0062707583419978,0.0028387904,0.0028387904,0.008616447
MQAttn-LSTM-VQR,3,11,0.7992884,0.79127795,0.7971635,0.7992884,0.0062707583419978,0.008010447,0.008010447,0.0021249056
MQAttn-LSTM-VQR,3,11,0.7948005,0.7940861,0.7992884,0.7948005,0.0062707583419978,0.0007144213,0.0007144213,0.004487872
MQAttn-LSTM-VQR,3,11,0.7873646,0.79182273,0.7948005,0.7873646,0.0062707583419978,0.0044581294,0.0044581294,0.007435918
MQAttn-LSTM-VQR,3,11,0.78333336,0.7837606,0.7873646,0.78333336,0.0062707583419978,0.0004272461,0.0004272461,0.004031241
MQAttn-LSTM-VQR,3,18,0.86617476,0.8643712,0.86927974,0.86617476,0.0062707583419978,0.001803577,0.001803577,0.0031049848
MQAttn-LSTM-VQR,3,18,0.8572052,0.8640921,0.86617476,0.8572052,0.0062707583419978,0.0068868995,0.0068868995,0.008969545
MQAttn-LSTM-VQR,3,18,0.85067445,0.8542757,0.8572052,0.85067445,0.0062707583419978,0.003601253,0.003601253,0.0065307617
MQAttn-LSTM-VQR,3,18,0.8502848,0.85045266,0.85067445,0.8502848,0.0062707583419978,0.00016784668,0.00016784668,0.00038963556
MQAttn-LSTM-VQR,3,18,0.8421969,0.84973276,0.8502848,0.8421969,0.0062707583419978,0.007535875,0.007535875,0.008087933
MQAttn-LSTM-VQR,3,18,0.8492865,0.83982253,0.8421969,0.8492865,0.0062707583419978,0.009463966,0.009463966,0.007089615
MQAttn-LSTM-VQR,3,18,0.8452745,0.8478268,0.8492865,0.8452745,0.0062707583419978,0.002552271,0.002552271,0.0040119886
MQAttn-LSTM-VQR,3,18,0.8395689,0.8415269,0.8452745,0.8395689,0.0062707583419978,0.0019580126,0.0019580126,0.005705595
MQAttn-LSTM-VQR,3,18,0.8315261,0.83210474,0.8395689,0.8315261,0.0062707583419978,0.0005786419,0.0005786419,0.008042812
MQAttn-LSTM-VQR,3,18,0.8248416,0.82400286,0.8315261,0.8248416,0.0062707583419978,0.00083875656,0.00083875656,0.006684482
MQAttn-LSTM-VQR,3,18,0.8162286,0.818312,0.8248416,0.8162286,0.0062707583419978,0.0020833611,0.0020833611,0.00861299
MQAttn-LSTM-VQR,3,18,0.81128544,0.809831,0.8162286,0.81128544,0.0062707583419978,0.0014544129,0.0014544129,0.004943192
MQAttn-LSTM-VQR,3,18,0.8165611,0.81085235,0.81128544,0.8165611,0.0062707583419978,0.005708754,0.005708754,0.0052756667
MQAttn-LSTM-VQR,3,18,0.7939301,0.81653446,0.8165611,0.7939301,0.0062707583419978,0.022604346,0.022604346,0.02263099
MQAttn-LSTM-VQR,3,18,0.78623885,0.79867333,0.7939301,0.78623885,0.0062707583419978,0.012434483,0.012434483,0.007691264
MQAttn-LSTM-VQR,3,18,0.79670143,0.7902685,0.78623885,0.79670143,0.0062707583419978,0.0064329505,0.0064329505,0.010462582
MQAttn-LSTM-VQR,3,18,0.78979886,0.79585516,0.79670143,0.78979886,0.0062707583419978,0.0060563087,0.0060563087,0.0069025755
MQAttn-LSTM-VQR,3,18,0.7913971,0.7863286,0.78979886,0.7913971,0.0062707583419978,0.005068481,0.005068481,0.001598239
MQAttn-LSTM-VQR,3,18,0.78523386,0.7873758,0.7913971,0.78523386,0.0062707583419978,0.0021419525,0.0021419525,0.0061632395
MQAttn-LSTM-VQR,3,18,0.7701117,0.78342426,0.78523386,0.7701117,0.0062707583419978,0.013312578,0.013312578,0.015122175
MQAttn-LSTM-VQR,3,18,0.7681226,0.76733977,0.7701117,0.7681226,0.0062707583419978,0.0007828474,0.0007828474,0.0019890666
MQAttn-LSTM-VQR,3,18,0.75985795,0.7654375,0.7681226,0.75985795,0.0062707583419978,0.005579531,0.005579531,0.008264661
MQAttn-LSTM-VQR,3,18,0.7539911,0.7585449,0.75985795,0.7539911,0.0062707583419978,0.004553795,0.004553795,0.0058668256
MQAttn-LSTM-VQR classical twin,3,11,0.89828104,0.8917086,0.9017823,0.89828104,0.0062707583419978,0.0065724254,0.0065724254,0.0035012364
MQAttn-LSTM-VQR classical twin,3,11,0.8748538,0.8877032,0.89828104,0.8748538,0.0062707583419978,0.0128493905,0.0128493905,0.023427248
MQAttn-LSTM-VQR classical twin,3,11,0.8735511,0.86834663,0.8748538,0.8735511,0.0062707583419978,0.005204439,0.005204439,0.0013027191
MQAttn-LSTM-VQR classical twin,3,11,0.8741989,0.87008953,0.8735511,0.8741989,0.0062707583419978,0.0041093826,0.0041093826,0.0006478429
MQAttn-LSTM-VQR classical twin,3,11,0.86663264,0.8732799,0.8741989,0.86663264,0.0062707583419978,0.006647289,0.006647289,0.007566273
MQAttn-LSTM-VQR classical twin,3,11,0.86207616,0.86415553,0.86663264,0.86207616,0.0062707583419978,0.0020793676,0.0020793676,0.004556477
MQAttn-LSTM-VQR classical twin,3,11,0.86188084,0.85890687,0.86207616,0.86188084,0.0062707583419978,0.0029739738,0.0029739738,0.00019532442
MQAttn-LSTM-VQR classical twin,3,11,0.8551565,0.85673124,0.86188084,0.8551565,0.0062707583419978,0.0015747547,0.0015747547,0.0067243576
MQAttn-LSTM-VQR classical twin,3,11,0.84130627,0.8489074,0.8551565,0.84130627,0.0062707583419978,0.007601142,0.007601142,0.013850212
MQAttn-LSTM-VQR classical twin,3,11,0.8365026,0.83493435,0.84130627,0.8365026,0.0062707583419978,0.0015682578,0.0015682578,0.0048036575
MQAttn-LSTM-VQR classical twin,3,11,0.8349689,0.83084905,0.8365026,0.8349689,0.0062707583419978,0.004119873,0.004119873,0.0015336871
MQAttn-LSTM-VQR classical twin,3,11,0.8318545,0.83062184,0.8349689,0.8318545,0.0062707583419978,0.0012326837,0.0012326837,0.0031144023
MQAttn-LSTM-VQR classical twin,3,11,0.8238845,0.831168,0.8318545,0.8238845,0.0062707583419978,0.007283509,0.007283509,0.007970035
MQAttn-LSTM-VQR classical twin,3,11,0.82502633,0.8217351,0.8238845,0.82502633,0.0062707583419978,0.0032912493,0.0032912493,0.0011418462
MQAttn-LSTM-VQR classical twin,3,11,0.816571,0.8234172,0.82502633,0.816571,0.0062707583419978,0.0068461895,0.0068461895,0.008455336
MQAttn-LSTM-VQR classical twin,3,11,0.809723,0.8108659,0.816571,0.809723,0.0062707583419978,0.0011428595,0.0011428595,0.0068479776
MQAttn-LSTM-VQR classical twin,3,11,0.80577993,0.8032582,0.809723,0.80577993,0.0062707583419978,0.0025217533,0.0025217533,0.0039430857
MQAttn-LSTM-VQR classical twin,3,11,0.7971635,0.79852057,0.80577993,0.7971635,0.0062707583419978,0.0013570786,0.0013570786,0.008616447
MQAttn-LSTM-VQR classical twin,3,11,0.7992884,0.79247475,0.7971635,0.7992884,0.0062707583419978,0.0068136454,0.0068136454,0.0021249056
MQAttn-LSTM-VQR classical twin,3,11,0.7948005,0.7933881,0.7992884,0.7948005,0.0062707583419978,0.0014123917,0.0014123917,0.004487872
MQAttn-LSTM-VQR classical twin,3,11,0.7873646,0.7909215,0.7948005,0.7873646,0.0062707583419978,0.0035569072,0.0035569072,0.007435918
MQAttn-LSTM-VQR classical twin,3,11,0.78333336,0.78403777,0.7873646,0.78333336,0.0062707583419978,0.0007044077,0.0007044077,0.004031241
MQAttn-LSTM-VQR classical twin,3,18,0.86617476,0.8662554,0.86927974,0.86617476,0.0062707583419978,8.0645084e-05,8.0645084e-05,0.0031049848
MQAttn-LSTM-VQR classical twin,3,18,0.8572052,0.8639567,0.86617476,0.8572052,0.0062707583419978,0.0067514777,0.0067514777,0.008969545
MQAttn-LSTM-VQR classical twin,3,18,0.85067445,0.85506296,0.8572052,0.85067445,0.0062707583419978,0.004388511,0.004388511,0.0065307617
MQAttn-LSTM-VQR classical twin,3,18,0.8502848,0.84420466,0.85067445,0.8502848,0.0062707583419978,0.0060801506,0.0060801506,0.00038963556
MQAttn-LSTM-VQR classical twin,3,18,0.8421969,0.8458787,0.8502848,0.8421969,0.0062707583419978,0.0036818385,0.0036818385,0.008087933
MQAttn-LSTM-VQR classical twin,3,18,0.8492865,0.84087294,0.8421969,0.8492865,0.0062707583419978,0.008413553,0.008413553,0.007089615
MQAttn-LSTM-VQR classical twin,3,18,0.8452745,0.8474719,0.8492865,0.8452745,0.0062707583419978,0.0021973848,0.0021973848,0.0040119886
MQAttn-LSTM-VQR classical twin,3,18,0.8395689,0.8438609,0.8452745,0.8395689,0.0062707583419978,0.0042920113,0.0042920113,0.005705595
MQAttn-LSTM-VQR classical twin,3,18,0.8315261,0.8368548,0.8395689,0.8315261,0.0062707583419978,0.005328715,0.005328715,0.008042812
MQAttn-LSTM-VQR classical twin,3,18,0.8248416,0.82808834,0.8315261,0.8248416,0.0062707583419978,0.0032467246,0.0032467246,0.006684482
MQAttn-LSTM-VQR classical twin,3,18,0.8162286,0.8202288,0.8248416,0.8162286,0.0062707583419978,0.004000187,0.004000187,0.00861299
MQAttn-LSTM-VQR classical twin,3,18,0.81128544,0.81190515,0.8162286,0.81128544,0.0062707583419978,0.0006197095,0.0006197095,0.004943192
MQAttn-LSTM-VQR classical twin,3,18,0.8165611,0.806637,0.81128544,0.8165611,0.0062707583419978,0.009924114,0.009924114,0.0052756667
MQAttn-LSTM-VQR classical twin,3,18,0.7939301,0.81450737,0.8165611,0.7939301,0.0062707583419978,0.020577252,0.020577252,0.02263099
MQAttn-LSTM-VQR classical twin,3,18,0.78623885,0.79778016,0.7939301,0.78623885,0.0062707583419978,0.011541307,0.011541307,0.007691264
MQAttn-LSTM-VQR classical twin,3,18,0.79670143,0.78949946,0.78623885,0.79670143,0.0062707583419978,0.0072019696,0.0072019696,0.010462582
MQAttn-LSTM-VQR classical twin,3,18,0.78979886,0.7939718,0.79670143,0.78979886,0.0062707583419978,0.004172921,0.004172921,0.0069025755
MQAttn-LSTM-VQR classical twin,3,18,0.7913971,0.7875694,0.78979886,0.7913971,0.0062707583419978,0.003827691,0.003827691,0.001598239
MQAttn-LSTM-VQR classical twin,3,18,0.78523386,0.7845698,0.7913971,0.78523386,0.0062707583419978,0.00066405535,0.00066405535,0.0061632395
MQAttn-LSTM-VQR classical twin,3,18,0.7701117,0.7820429,0.78523386,0.7701117,0.0062707583419978,0.011931241,0.011931241,0.015122175
MQAttn-LSTM-VQR classical twin,3,18,0.7681226,0.76777,0.7701117,0.7681226,0.0062707583419978,0.00035262108,0.00035262108,0.0019890666
MQAttn-LSTM-VQR classical twin,3,18,0.75985795,0.76492476,0.7681226,0.75985795,0.0062707583419978,0.005066812,0.005066812,0.008264661
MQAttn-LSTM-VQR classical twin,3,18,0.7539911,0.7575921,0.75985795,0.7539911,0.0062707583419978,0.003600955,0.003600955,0.0058668256
MQAttn-QLSTM-VQR,3,11,0.89828104,0.8960519,0.9017823,0.89828104,0.0062707583419978,0.002229154,0.002229154,0.0035012364
MQAttn-QLSTM-VQR,3,11,0.8748538,0.8929121,0.89828104,0.8748538,0.0062707583419978,0.0180583,0.0180583,0.023427248
MQAttn-QLSTM-VQR,3,11,0.8735511,0.8692332,0.8748538,0.8735511,0.0062707583419978,0.0043178797,0.0043178797,0.0013027191
MQAttn-QLSTM-VQR,3,11,0.8741989,0.8681708,0.8735511,0.8741989,0.0062707583419978,0.0060281157,0.0060281157,0.0006478429
MQAttn-QLSTM-VQR,3,11,0.86663264,0.875665,0.8741989,0.86663264,0.0062707583419978,0.009032369,0.009032369,0.007566273
MQAttn-QLSTM-VQR,3,11,0.86207616,0.8669464,0.86663264,0.86207616,0.0062707583419978,0.004870236,0.004870236,0.004556477
MQAttn-QLSTM-VQR,3,11,0.86188084,0.8601835,0.86207616,0.86188084,0.0062707583419978,0.0016973615,0.0016973615,0.00019532442
MQAttn-QLSTM-VQR,3,11,0.8551565,0.85718733,0.86188084,0.8551565,0.0062707583419978,0.0020308495,0.0020308495,0.0067243576
MQAttn-QLSTM-VQR,3,11,0.84130627,0.8500118,0.8551565,0.84130627,0.0062707583419978,0.008705556,0.008705556,0.013850212
MQAttn-QLSTM-VQR,3,11,0.8365026,0.83716005,0.84130627,0.8365026,0.0062707583419978,0.00065743923,0.00065743923,0.0048036575
MQAttn-QLSTM-VQR,3,11,0.8349689,0.8305566,0.8365026,0.8349689,0.0062707583419978,0.004412353,0.004412353,0.0015336871
MQAttn-QLSTM-VQR,3,11,0.8318545,0.8322029,0.8349689,0.8318545,0.0062707583419978,0.00034838915,0.00034838915,0.0031144023
MQAttn-QLSTM-VQR,3,11,0.8238845,0.8300921,0.8318545,0.8238845,0.0062707583419978,0.0062075853,0.0062075853,0.007970035
MQAttn-QLSTM-VQR,3,11,0.82502633,0.8198014,0.8238845,0.82502633,0.0062707583419978,0.005224943,0.005224943,0.0011418462
MQAttn-QLSTM-VQR,3,11,0.816571,0.8220331,0.82502633,0.816571,0.0062707583419978,0.00546211,0.00546211,0.008455336
MQAttn-QLSTM-VQR,3,11,0.809723,0.81203586,0.816571,0.809723,0.0062707583419978,0.002312839,0.002312839,0.0068479776
MQAttn-QLSTM-VQR,3,11,0.80577993,0.80666906,0.809723,0.80577993,0.0062707583419978,0.0008891225,0.0008891225,0.0039430857
MQAttn-QLSTM-VQR,3,11,0.7971635,0.8024436,0.80577993,0.7971635,0.0062707583419978,0.005280137,0.005280137,0.008616447
MQAttn-QLSTM-VQR,3,11,0.7992884,0.7945039,0.7971635,0.7992884,0.0062707583419978,0.004784465,0.004784465,0.0021249056
MQAttn-QLSTM-VQR,3,11,0.7948005,0.7957151,0.7992884,0.7948005,0.0062707583419978,0.00091457367,0.00091457367,0.004487872
MQAttn-QLSTM-VQR,3,11,0.7873646,0.7928188,0.7948005,0.7873646,0.0062707583419978,0.0054541826,0.0054541826,0.007435918
MQAttn-QLSTM-VQR,3,11,0.78333336,0.7853795,0.7873646,0.78333336,0.0062707583419978,0.0020461679,0.0020461679,0.004031241
MQAttn-QLSTM-VQR,3,18,0.86617476,0.86249,0.86927974,0.86617476,0.0062707583419978,0.0036847591,0.0036847591,0.0031049848
MQAttn-QLSTM-VQR,3,18,0.8572052,0.85854226,0.86617476,0.8572052,0.0062707583419978,0.0013370514,0.0013370514,0.008969545
MQAttn-QLSTM-VQR,3,18,0.85067445,0.84931576,0.8572052,0.85067445,0.0062707583419978,0.0013586879,0.0013586879,0.0065307617
MQAttn-QLSTM-VQR,3,18,0.8502848,0.8434896,0.85067445,0.8502848,0.0062707583419978,0.0067952275,0.0067952275,0.00038963556
MQAttn-QLSTM-VQR,3,18,0.8421969,0.84370893,0.8502848,0.8421969,0.0062707583419978,0.0015120506,0.0015120506,0.008087933
MQAttn-QLSTM-VQR,3,18,0.8492865,0.84417176,0.8421969,0.8492865,0.0062707583419978,0.005114734,0.005114734,0.007089615
MQAttn-QLSTM-VQR,3,18,0.8452745,0.84998095,0.8492865,0.8452745,0.0062707583419978,0.0047064424,0.0047064424,0.0040119886
MQAttn-QLSTM-VQR,3,18,0.8395689,0.8437564,0.8452745,0.8395689,0.0062707583419978,0.0041874647,0.0041874647,0.005705595
MQAttn-QLSTM-VQR,3,18,0.8315261,0.8364094,0.8395689,0.8315261,0.0062707583419978,0.0048832893,0.0048832893,0.008042812
MQAttn-QLSTM-VQR,3,18,0.8248416,0.82818496,0.8315261,0.8248416,0.0062707583419978,0.0033433437,0.0033433437,0.006684482
MQAttn-QLSTM-VQR,3,18,0.8162286,0.8217668,0.8248416,0.8162286,0.0062707583419978,0.0055381656,0.0055381656,0.00861299
MQAttn-QLSTM-VQR,3,18,0.81128544,0.8124207,0.8162286,0.81128544,0.0062707583419978,0.0011352897,0.0011352897,0.004943192
MQAttn-QLSTM-VQR,3,18,0.8165611,0.80933267,0.81128544,0.8165611,0.0062707583419978,0.007228434,0.007228434,0.0052756667
MQAttn-QLSTM-VQR,3,18,0.7939301,0.81579965,0.8165611,0.7939301,0.0062707583419978,0.02186954,0.02186954,0.02263099
MQAttn-QLSTM-VQR,3,18,0.78623885,0.79456097,0.7939301,0.78623885,0.0062707583419978,0.00832212,0.00832212,0.007691264
MQAttn-QLSTM-VQR,3,18,0.79670143,0.78709674,0.78623885,0.79670143,0.0062707583419978,0.009604692,0.009604692,0.010462582
MQAttn-QLSTM-VQR,3,18,0.78979886,0.793779,0.79670143,0.78979886,0.0062707583419978,0.0039801598,0.0039801598,0.0069025755
MQAttn-QLSTM-VQR,3,18,0.7913971,0.7878967,0.78979886,0.7913971,0.0062707583419978,0.003500402,0.003500402,0.001598239
MQAttn-QLSTM-VQR,3,18,0.78523386,0.7868419,0.7913971,0.78523386,0.0062707583419978,0.0016080737,0.0016080737,0.0061632395
MQAttn-QLSTM-VQR,3,18,0.7701117,0.78388,0.78523386,0.7701117,0.0062707583419978,0.013768315,0.013768315,0.015122175
MQAttn-QLSTM-VQR,3,18,0.7681226,0.76910174,0.7701117,0.7681226,0.0062707583419978,0.0009791255,0.0009791255,0.0019890666
MQAttn-QLSTM-VQR,3,18,0.75985795,0.76648355,0.7681226,0.75985795,0.0062707583419978,0.0066255927,0.0066255927,0.008264661
MQAttn-QLSTM-VQR,3,18,0.7539911,0.7599087,0.75985795,0.7539911,0.0062707583419978,0.005917549,0.005917549,0.0058668256
MQAttn-QLSTM-VQR classical twin,3,11,0.89828104,0.8944645,0.9017823,0.89828104,0.0062707583419978,0.003816545,0.003816545,0.0035012364
MQAttn-QLSTM-VQR classical twin,3,11,0.8748538,0.89052117,0.89828104,0.8748538,0.0062707583419978,0.015667379,0.015667379,0.023427248
MQAttn-QLSTM-VQR classical twin,3,11,0.8735511,0.86779344,0.8748538,0.8735511,0.0062707583419978,0.00575763,0.00575763,0.0013027191
MQAttn-QLSTM-VQR classical twin,3,11,0.8741989,0.8668242,0.8735511,0.8741989,0.0062707583419978,0.007374704,0.007374704,0.0006478429
MQAttn-QLSTM-VQR classical twin,3,11,0.86663264,0.86902577,0.8741989,0.86663264,0.0062707583419978,0.0023931265,0.0023931265,0.007566273
MQAttn-QLSTM-VQR classical twin,3,11,0.86207616,0.8640596,0.86663264,0.86207616,0.0062707583419978,0.0019834638,0.0019834638,0.004556477
MQAttn-QLSTM-VQR classical twin,3,11,0.86188084,0.858281,0.86207616,0.86188084,0.0062707583419978,0.0035998225,0.0035998225,0.00019532442
MQAttn-QLSTM-VQR classical twin,3,11,0.8551565,0.8571372,0.86188084,0.8551565,0.0062707583419978,0.001980722,0.001980722,0.0067243576
MQAttn-QLSTM-VQR classical twin,3,11,0.84130627,0.85031503,0.8551565,0.84130627,0.0062707583419978,0.009008765,0.009008765,0.013850212
MQAttn-QLSTM-VQR classical twin,3,11,0.8365026,0.83659023,0.84130627,0.8365026,0.0062707583419978,8.761883e-05,8.761883e-05,0.0048036575
MQAttn-QLSTM-VQR classical twin,3,11,0.8349689,0.8332193,0.8365026,0.8349689,0.0062707583419978,0.0017496347,0.0017496347,0.0015336871
MQAttn-QLSTM-VQR classical twin,3,11,0.8318545,0.8317684,0.8349689,0.8318545,0.0062707583419978,8.612871e-05,8.612871e-05,0.0031144023
MQAttn-QLSTM-VQR classical twin,3,11,0.8238845,0.82779276,0.8318545,0.8238845,0.0062707583419978,0.0039082766,0.0039082766,0.007970035
MQAttn-QLSTM-VQR classical twin,3,11,0.82502633,0.8201404,0.8238845,0.82502633,0.0062707583419978,0.004885912,0.004885912,0.0011418462
MQAttn-QLSTM-VQR classical twin,3,11,0.816571,0.8215364,0.82502633,0.816571,0.0062707583419978,0.0049654245,0.0049654245,0.008455336
MQAttn-QLSTM-VQR classical twin,3,11,0.809723,0.8131941,0.816571,0.809723,0.0062707583419978,0.0034710765,0.0034710765,0.0068479776
MQAttn-QLSTM-VQR classical twin,3,11,0.80577993,0.8067463,0.809723,0.80577993,0.0062707583419978,0.0009663701,0.0009663701,0.0039430857
MQAttn-QLSTM-VQR classical twin,3,11,0.7971635,0.80287194,0.80577993,0.7971635,0.0062707583419978,0.005708456,0.005708456,0.008616447
MQAttn-QLSTM-VQR classical twin,3,11,0.7992884,0.79340965,0.7971635,0.7992884,0.0062707583419978,0.0058787465,0.0058787465,0.0021249056
MQAttn-QLSTM-VQR classical twin,3,11,0.7948005,0.7944735,0.7992884,0.7948005,0.0062707583419978,0.00032699108,0.00032699108,0.004487872
MQAttn-QLSTM-VQR classical twin,3,11,0.7873646,0.79075587,0.7948005,0.7873646,0.0062707583419978,0.0033912659,0.0033912659,0.007435918
MQAttn-QLSTM-VQR classical twin,3,11,0.78333336,0.78293073,0.7873646,0.78333336,0.0062707583419978,0.00040262938,0.00040262938,0.004031241
MQAttn-QLSTM-VQR classical twin,3,18,0.86617476,0.865369,0.86927974,0.86617476,0.0062707583419978,0.0008057356,0.0008057356,0.0031049848
MQAttn-QLSTM-VQR classical twin,3,18,0.8572052,0.86209226,0.86617476,0.8572052,0.0062707583419978,0.0048870444,0.0048870444,0.008969545
MQAttn-QLSTM-VQR classical twin,3,18,0.85067445,0.8529274,0.8572052,0.85067445,0.0062707583419978,0.0022529364,0.0022529364,0.0065307617
MQAttn-QLSTM-VQR classical twin,3,18,0.8502848,0.84681606,0.85067445,0.8502848,0.0062707583419978,0.003468752,0.003468752,0.00038963556
MQAttn-QLSTM-VQR classical twin,3,18,0.8421969,0.8468097,0.8502848,0.8421969,0.0062707583419978,0.0046128035,0.0046128035,0.008087933
MQAttn-QLSTM-VQR classical twin,3,18,0.8492865,0.84266704,0.8421969,0.8492865,0.0062707583419978,0.0066194534,0.0066194534,0.007089615
MQAttn-QLSTM-VQR classical twin,3,18,0.8452745,0.8489357,0.8492865,0.8452745,0.0062707583419978,0.0036612153,0.0036612153,0.0040119886
MQAttn-QLSTM-VQR classical twin,3,18,0.8395689,0.84329957,0.8452745,0.8395689,0.0062707583419978,0.0037306547,0.0037306547,0.005705595
MQAttn-QLSTM-VQR classical twin,3,18,0.8315261,0.8381126,0.8395689,0.8315261,0.0062707583419978,0.006586492,0.006586492,0.008042812
MQAttn-QLSTM-VQR classical twin,3,18,0.8248416,0.8287472,0.8315261,0.8248416,0.0062707583419978,0.0039055943,0.0039055943,0.006684482
MQAttn-QLSTM-VQR classical twin,3,18,0.8162286,0.8227622,0.8248416,0.8162286,0.0062707583419978,0.006533563,0.006533563,0.00861299
MQAttn-QLSTM-VQR classical twin,3,18,0.81128544,0.81468296,0.8162286,0.81128544,0.0062707583419978,0.0033975244,0.0033975244,0.004943192
MQAttn-QLSTM-VQR classical twin,3,18,0.8165611,0.8092353,0.81128544,0.8165611,0.0062707583419978,0.007325828,0.007325828,0.0052756667
MQAttn-QLSTM-VQR classical twin,3,18,0.7939301,0.81530887,0.8165611,0.7939301,0.0062707583419978,0.021378756,0.021378756,0.02263099
MQAttn-QLSTM-VQR classical twin,3,18,0.78623885,0.7923721,0.7939301,0.78623885,0.0062707583419978,0.0061332583,0.0061332583,0.007691264
MQAttn-QLSTM-VQR classical twin,3,18,0.79670143,0.7854009,0.78623885,0.79670143,0.0062707583419978,0.011300504,0.011300504,0.010462582
MQAttn-QLSTM-VQR classical twin,3,18,0.78979886,0.79643965,0.79670143,0.78979886,0.0062707583419978,0.006640792,0.006640792,0.0069025755
MQAttn-QLSTM-VQR classical twin,3,18,0.7913971,0.7892938,0.78979886,0.7913971,0.0062707583419978,0.002103269,0.002103269,0.001598239
MQAttn-QLSTM-VQR classical twin,3,18,0.78523386,0.790531,0.7913971,0.78523386,0.0062707583419978,0.0052971244,0.0052971244,0.0061632395
MQAttn-QLSTM-VQR classical twin,3,18,0.7701117,0.78243375,0.78523386,0.7701117,0.0062707583419978,0.012322068,0.012322068,0.015122175
MQAttn-QLSTM-VQR classical twin,3,18,0.7681226,0.7669933,0.7701117,0.7681226,0.0062707583419978,0.0011293292,0.0011293292,0.0019890666
MQAttn-QLSTM-VQR classical twin,3,18,0.75985795,0.7657655,0.7681226,0.75985795,0.0062707583419978,0.0059075356,0.0059075356,0.008264661
MQAttn-QLSTM-VQR classical twin,3,18,0.7539911,0.75742614,0.75985795,0.7539911,0.0062707583419978,0.0034350157,0.0034350157,0.0058668256
QLSTM,3,11,0.89828104,0.8917976,0.9017823,0.89828104,0.0062707583419978,0.0064834356,0.0064834356,0.0035012364
QLSTM,3,11,0.8748538,0.88957214,0.89828104,0.8748538,0.0062707583419978,0.014718354,0.014718354,0.023427248
QLSTM,3,11,0.8735511,0.8672815,0.8748538,0.8735511,0.0062707583419978,0.006269574,0.006269574,0.0013027191
QLSTM,3,11,0.8741989,0.8671529,0.8735511,0.8741989,0.0062707583419978,0.0070459843,0.0070459843,0.0006478429
QLSTM,3,11,0.86663264,0.87044585,0.8741989,0.86663264,0.0062707583419978,0.0038132071,0.0038132071,0.007566273
QLSTM,3,11,0.86207616,0.86202,0.86663264,0.86207616,0.0062707583419978,5.6147575e-05,5.6147575e-05,0.004556477
QLSTM,3,11,0.86188084,0.856863,0.86207616,0.86188084,0.0062707583419978,0.005017817,0.005017817,0.00019532442
QLSTM,3,11,0.8551565,0.8556638,0.86188084,0.8551565,0.0062707583419978,0.00050729513,0.00050729513,0.0067243576
QLSTM,3,11,0.84130627,0.8487647,0.8551565,0.84130627,0.0062707583419978,0.0074584484,0.0074584484,0.013850212
QLSTM,3,11,0.8365026,0.83578044,0.84130627,0.8365026,0.0062707583419978,0.0007221699,0.0007221699,0.0048036575
QLSTM,3,11,0.8349689,0.83066684,0.8365026,0.8349689,0.0062707583419978,0.0043020844,0.0043020844,0.0015336871
QLSTM,3,11,0.8318545,0.8308339,0.8349689,0.8318545,0.0062707583419978,0.0010206103,0.0010206103,0.0031144023
QLSTM,3,11,0.8238845,0.828737,0.8318545,0.8238845,0.0062707583419978,0.0048525333,0.0048525333,0.007970035
QLSTM,3,11,0.82502633,0.82003325,0.8238845,0.82502633,0.0062707583419978,0.004993081,0.004993081,0.0011418462
QLSTM,3,11,0.816571,0.8211002,0.82502633,0.816571,0.0062707583419978,0.004529178,0.004529178,0.008455336
QLSTM,3,11,0.809723,0.8127213,0.816571,0.809723,0.0062707583419978,0.0029982924,0.0029982924,0.0068479776
QLSTM,3,11,0.80577993,0.80643904,0.809723,0.80577993,0.0062707583419978,0.00065910816,0.00065910816,0.0039430857
QLSTM,3,11,0.7971635,0.8026219,0.80577993,0.7971635,0.0062707583419978,0.0054584146,0.0054584146,0.008616447
QLSTM,3,11,0.7992884,0.79465747,0.7971635,0.7992884,0.0062707583419978,0.0046309233,0.0046309233,0.0021249056
QLSTM,3,11,0.7948005,0.7970067,0.7992884,0.7948005,0.0062707583419978,0.0022062063,0.0022062063,0.004487872
QLSTM,3,11,0.7873646,0.7927432,0.7948005,0.7873646,0.0062707583419978,0.005378604,0.005378604,0.007435918
QLSTM,3,11,0.78333336,0.78596485,0.7873646,0.78333336,0.0062707583419978,0.0026314855,0.0026314855,0.004031241
QLSTM,3,18,0.86617476,0.8650836,0.86927974,0.86617476,0.0062707583419978,0.0010911822,0.0010911822,0.0031049848
QLSTM,3,18,0.8572052,0.8617644,0.86617476,0.8572052,0.0062707583419978,0.0045591593,0.0045591593,0.008969545
QLSTM,3,18,0.85067445,0.8527466,0.8572052,0.85067445,0.0062707583419978,0.0020721555,0.0020721555,0.0065307617
QLSTM,3,18,0.8502848,0.84751076,0.85067445,0.8502848,0.0062707583419978,0.0027740598,0.0027740598,0.00038963556
QLSTM,3,18,0.8421969,0.8473272,0.8502848,0.8421969,0.0062707583419978,0.005130291,0.005130291,0.008087933
QLSTM,3,18,0.8492865,0.84141344,0.8421969,0.8492865,0.0062707583419978,0.007873058,0.007873058,0.007089615
QLSTM,3,18,0.8452745,0.84755504,0.8492865,0.8452745,0.0062707583419978,0.0022805333,0.0022805333,0.0040119886
QLSTM,3,18,0.8395689,0.84339637,0.8452745,0.8395689,0.0062707583419978,0.0038274527,0.0038274527,0.005705595
QLSTM,3,18,0.8315261,0.8366479,0.8395689,0.8315261,0.0062707583419978,0.005121827,0.005121827,0.008042812
QLSTM,3,18,0.8248416,0.82920295,0.8315261,0.8248416,0.0062707583419978,0.0043613315,0.0043613315,0.006684482
QLSTM,3,18,0.8162286,0.8224076,0.8248416,0.8162286,0.0062707583419978,0.006178975,0.006178975,0.00861299
QLSTM,3,18,0.81128544,0.8137795,0.8162286,0.81128544,0.0062707583419978,0.0024940372,0.0024940372,0.004943192
QLSTM,3,18,0.8165611,0.8098493,0.81128544,0.8165611,0.0062707583419978,0.006711781,0.006711781,0.0052756667
QLSTM,3,18,0.7939301,0.81553066,0.8165611,0.7939301,0.0062707583419978,0.021600544,0.021600544,0.02263099
QLSTM,3,18,0.78623885,0.7939789,0.7939301,0.78623885,0.0062707583419978,0.0077400804,0.0077400804,0.007691264
QLSTM,3,18,0.79670143,0.78673345,0.78623885,0.79670143,0.0062707583419978,0.009967983,0.009967983,0.010462582
QLSTM,3,18,0.78979886,0.7958413,0.79670143,0.78979886,0.0062707583419978,0.006042421,0.006042421,0.0069025755
QLSTM,3,18,0.7913971,0.7888616,0.78979886,0.7913971,0.0062707583419978,0.002535522,0.002535522,0.001598239
QLSTM,3,18,0.78523386,0.78970224,0.7913971,0.78523386,0.0062707583419978,0.0044683814,0.0044683814,0.0061632395
QLSTM,3,18,0.7701117,0.78477037,0.78523386,0.7701117,0.0062707583419978,0.0146586895,0.0146586895,0.015122175
QLSTM,3,18,0.7681226,0.7703258,0.7701117,0.7681226,0.0062707583419978,0.0022031665,0.0022031665,0.0019890666
QLSTM,3,18,0.75985795,0.7683181,0.7681226,0.75985795,0.0062707583419978,0.008460164,0.008460164,0.008264661
QLSTM,3,18,0.7539911,0.76068527,0.75985795,0.7539911,0.0062707583419978,0.006694138,0.006694138,0.0058668256
LSTM,3,11,0.89828104,0.89406455,0.9017823,0.89828104,0.0062707583419978,0.004216492,0.004216492,0.0035012364
LSTM,3,11,0.8748538,0.8914869,0.89828104,0.8748538,0.0062707583419978,0.016633093,0.016633093,0.023427248
LSTM,3,11,0.8735511,0.8696649,0.8748538,0.8735511,0.0062707583419978,0.0038861632,0.0038861632,0.0013027191
LSTM,3,11,0.8741989,0.8692808,0.8735511,0.8741989,0.0062707583419978,0.0049180984,0.0049180984,0.0006478429
LSTM,3,11,0.86663264,0.87065136,0.8741989,0.86663264,0.0062707583419978,0.004018724,0.004018724,0.007566273
LSTM,3,11,0.86207616,0.86274004,0.86663264,0.86207616,0.0062707583419978,0.00066387653,0.00066387653,0.004556477
LSTM,3,11,0.86188084,0.8578661,0.86207616,0.86188084,0.0062707583419978,0.0040147305,0.0040147305,0.00019532442
LSTM,3,11,0.8551565,0.85731757,0.86188084,0.8551565,0.0062707583419978,0.0021610856,0.0021610856,0.0067243576
LSTM,3,11,0.84130627,0.8505932,0.8551565,0.84130627,0.0062707583419978,0.00928694,0.00928694,0.013850212
LSTM,3,11,0.8365026,0.8369756,0.84130627,0.8365026,0.0062707583419978,0.00047296286,0.00047296286,0.0048036575
LSTM,3,11,0.8349689,0.83193934,0.8365026,0.8349689,0.0062707583419978,0.003029585,0.003029585,0.0015336871
LSTM,3,11,0.8318545,0.83104056,0.8349689,0.8318545,0.0062707583419978,0.000813961,0.000813961,0.0031144023
LSTM,3,11,0.8238845,0.8285174,0.8318545,0.8238845,0.0062707583419978,0.00463289,0.00463289,0.007970035
LSTM,3,11,0.82502633,0.82044595,0.8238845,0.82502633,0.0062707583419978,0.0045803785,0.0045803785,0.0011418462
LSTM,3,11,0.816571,0.8215491,0.82502633,0.816571,0.0062707583419978,0.0049781203,0.0049781203,0.008455336
LSTM,3,11,0.809723,0.8130065,0.816571,0.809723,0.0062707583419978,0.0032835007,0.0032835007,0.0068479776
LSTM,3,11,0.80577993,0.805926,0.809723,0.80577993,0.0062707583419978,0.00014609098,0.00014609098,0.0039430857
LSTM,3,11,0.7971635,0.8016815,0.80577993,0.7971635,0.0062707583419978,0.004518032,0.004518032,0.008616447
LSTM,3,11,0.7992884,0.7929649,0.7971635,0.7992884,0.0062707583419978,0.0063235164,0.0063235164,0.0021249056
LSTM,3,11,0.7948005,0.79510844,0.7992884,0.7948005,0.0062707583419978,0.0003079176,0.0003079176,0.004487872
LSTM,3,11,0.7873646,0.790585,0.7948005,0.7873646,0.0062707583419978,0.0032203794,0.0032203794,0.007435918
LSTM,3,11,0.78333336,0.78319407,0.7873646,0.78333336,0.0062707583419978,0.00013929605,0.00013929605,0.004031241
LSTM,3,18,0.86617476,0.8635641,0.86927974,0.86617476,0.0062707583419978,0.0026106834,0.0026106834,0.0031049848
LSTM,3,18,0.8572052,0.86243224,0.86617476,0.8572052,0.0062707583419978,0.0052270293,0.0052270293,0.008969545
LSTM,3,18,0.85067445,0.854049,0.8572052,0.85067445,0.0062707583419978,0.0033745766,0.0033745766,0.0065307617
LSTM,3,18,0.8502848,0.8476327,0.85067445,0.8502848,0.0062707583419978,0.0026521087,0.0026521087,0.00038963556
LSTM,3,18,0.8421969,0.84728783,0.8502848,0.8421969,0.0062707583419978,0.005090952,0.005090952,0.008087933
LSTM,3,18,0.8492865,0.8391221,0.8421969,0.8492865,0.0062707583419978,0.01016438,0.01016438,0.007089615
LSTM,3,18,0.8452745,0.8458208,0.8492865,0.8452745,0.0062707583419978,0.00054627657,0.00054627657,0.0040119886
LSTM,3,18,0.8395689,0.8417108,0.8452745,0.8395689,0.0062707583419978,0.002141893,0.002141893,0.005705595
LSTM,3,18,0.8315261,0.8357428,0.8395689,0.8315261,0.0062707583419978,0.004216671,0.004216671,0.008042812
LSTM,3,18,0.8248416,0.82779366,0.8315261,0.8248416,0.0062707583419978,0.0029520392,0.0029520392,0.006684482
LSTM,3,18,0.8162286,0.8210279,0.8248416,0.8162286,0.0062707583419978,0.004799247,0.004799247,0.00861299
LSTM,3,18,0.81128544,0.8123294,0.8162286,0.81128544,0.0062707583419978,0.0010439754,0.0010439754,0.004943192
LSTM,3,18,0.8165611,0.80801684,0.81128544,0.8165611,0.0062707583419978,0.008544266,0.008544266,0.0052756667
LSTM,3,18,0.7939301,0.8137529,0.8165611,0.7939301,0.0062707583419978,0.019822776,0.019822776,0.02263099
LSTM,3,18,0.78623885,0.7912925,0.7939301,0.78623885,0.0062707583419978,0.0050536394,0.0050536394,0.007691264
LSTM,3,18,0.79670143,0.7832122,0.78623885,0.79670143,0.0062707583419978,0.013489246,0.013489246,0.010462582
LSTM,3,18,0.78979886,0.7933745,0.79670143,0.78979886,0.0062707583419978,0.003575623,0.003575623,0.0069025755
LSTM,3,18,0.7913971,0.78614044,0.78979886,0.7913971,0.0062707583419978,0.005256653,0.005256653,0.001598239
LSTM,3,18,0.78523386,0.78734344,0.7913971,0.78523386,0.0062707583419978,0.0021095872,0.0021095872,0.0061632395
LSTM,3,18,0.7701117,0.7814546,0.78523386,0.7701117,0.0062707583419978,0.011342943,0.011342943,0.015122175
LSTM,3,18,0.7681226,0.7663286,0.7701117,0.7681226,0.0062707583419978,0.0017940402,0.0017940402,0.0019890666
LSTM,3,18,0.75985795,0.7642444,0.7681226,0.75985795,0.0062707583419978,0.004386425,0.004386425,0.008264661
LSTM,3,18,0.7539911,0.75624025,0.75985795,0.7539911,0.0062707583419978,0.0022491217,0.0022491217,0.0058668256
GRU,3,11,0.89828104,0.88831806,0.9017823,0.89828104,0.0062707583419978,0.009962976,0.009962976,0.0035012364
GRU,3,11,0.8748538,0.8897521,0.89828104,0.8748538,0.0062707583419978,0.0148983,0.0148983,0.023427248
GRU,3,11,0.8735511,0.8676441,0.8748538,0.8735511,0.0062707583419978,0.005906999,0.005906999,0.0013027191
GRU,3,11,0.8741989,0.86293733,0.8735511,0.8741989,0.0062707583419978,0.011261582,0.011261582,0.0006478429
GRU,3,11,0.86663264,0.86081606,0.8741989,0.86663264,0.0062707583419978,0.005816579,0.005816579,0.007566273
GRU,3,11,0.86207616,0.858977,0.86663264,0.86207616,0.0062707583419978,0.0030991435,0.0030991435,0.004556477
GRU,3,11,0.86188084,0.8542146,0.86207616,0.86188084,0.0062707583419978,0.00766623,0.00766623,0.00019532442
GRU,3,11,0.8551565,0.8551008,0.86188084,0.8551565,0.0062707583419978,5.567074e-05,5.567074e-05,0.0067243576
GRU,3,11,0.84130627,0.84954554,0.8551565,0.84130627,0.0062707583419978,0.008239269,0.008239269,0.013850212
GRU,3,11,0.8365026,0.8348823,0.84130627,0.8365026,0.0062707583419978,0.0016202927,0.0016202927,0.0048036575
GRU,3,11,0.8349689,0.8370856,0.8365026,0.8349689,0.0062707583419978,0.0021166801,0.0021166801,0.0015336871
GRU,3,11,0.8318545,0.83572227,0.8349689,0.8318545,0.0062707583419978,0.0038677454,0.0038677454,0.0031144023
GRU,3,11,0.8238845,0.8322848,0.8318545,0.8238845,0.0062707583419978,0.008400321,0.008400321,0.007970035
GRU,3,11,0.82502633,0.8316694,0.8238845,0.82502633,0.0062707583419978,0.006643057,0.006643057,0.0011418462
GRU,3,11,0.816571,0.8308339,0.82502633,0.816571,0.0062707583419978,0.014262915,0.014262915,0.008455336
GRU,3,11,0.809723,0.82213587,0.816571,0.809723,0.0062707583419978,0.012412846,0.012412846,0.0068479776
GRU,3,11,0.80577993,0.80910003,0.809723,0.80577993,0.0062707583419978,0.003320098,0.003320098,0.0039430857
GRU,3,11,0.7971635,0.80264616,0.80577993,0.7971635,0.0062707583419978,0.0054826736,0.0054826736,0.008616447
GRU,3,11,0.7992884,0.7933552,0.7971635,0.7992884,0.0062707583419978,0.0059331656,0.0059331656,0.0021249056
GRU,3,11,0.7948005,0.7954508,0.7992884,0.7948005,0.0062707583419978,0.0006502867,0.0006502867,0.004487872
GRU,3,11,0.7873646,0.79102284,0.7948005,0.7873646,0.0062707583419978,0.003658235,0.003658235,0.007435918
GRU,3,11,0.78333336,0.7791591,0.7873646,0.78333336,0.0062707583419978,0.0041742325,0.0041742325,0.004031241
GRU,3,18,0.86617476,0.86753553,0.86927974,0.86617476,0.0062707583419978,0.001360774,0.001360774,0.0031049848
GRU,3,18,0.8572052,0.8680868,0.86617476,0.8572052,0.0062707583419978,0.010881603,0.010881603,0.008969545
GRU,3,18,0.85067445,0.85984427,0.8572052,0.85067445,0.0062707583419978,0.009169817,0.009169817,0.0065307617
GRU,3,18,0.8502848,0.85450596,0.85067445,0.8502848,0.0062707583419978,0.0042211413,0.0042211413,0.00038963556
GRU,3,18,0.8421969,0.85274196,0.8502848,0.8421969,0.0062707583419978,0.010545075,0.010545075,0.008087933
GRU,3,18,0.8492865,0.8505062,0.8421969,0.8492865,0.0062707583419978,0.0012196898,0.0012196898,0.007089615
GRU,3,18,0.8452745,0.8541536,0.8492865,0.8452745,0.0062707583419978,0.0088790655,0.0088790655,0.0040119886
GRU,3,18,0.8395689,0.84681326,0.8452745,0.8395689,0.0062707583419978,0.0072443485,0.0072443485,0.005705595
GRU,3,18,0.8315261,0.8402361,0.8395689,0.8315261,0.0062707583419978,0.008710027,0.008710027,0.008042812
GRU,3,18,0.8248416,0.8303724,0.8315261,0.8248416,0.0062707583419978,0.0055307746,0.0055307746,0.006684482
GRU,3,18,0.8162286,0.82090354,0.8248416,0.8162286,0.0062707583419978,0.0046749115,0.0046749115,0.00861299
GRU,3,18,0.81128544,0.8120141,0.8162286,0.81128544,0.0062707583419978,0.0007286668,0.0007286668,0.004943192
GRU,3,18,0.8165611,0.80861545,0.81128544,0.8165611,0.0062707583419978,0.007945657,0.007945657,0.0052756667
GRU,3,18,0.7939301,0.81467223,0.8165611,0.7939301,0.0062707583419978,0.020742118,0.020742118,0.02263099
GRU,3,18,0.78623885,0.79563385,0.7939301,0.78623885,0.0062707583419978,0.009395003,0.009395003,0.007691264
GRU,3,18,0.79670143,0.7875815,0.78623885,0.79670143,0.0062707583419978,0.009119928,0.009119928,0.010462582
GRU,3,18,0.78979886,0.7972747,0.79670143,0.78979886,0.0062707583419978,0.007475853,0.007475853,0.0069025755
GRU,3,18,0.7913971,0.78764737,0.78979886,0.7913971,0.0062707583419978,0.0037497282,0.0037497282,0.001598239
GRU,3,18,0.78523386,0.78622717,0.7913971,0.78523386,0.0062707583419978,0.0009933114,0.0009933114,0.0061632395
GRU,3,18,0.7701117,0.78415227,0.78523386,0.7701117,0.0062707583419978,0.014040589,0.014040589,0.015122175
GRU,3,18,0.7681226,0.7719203,0.7701117,0.7681226,0.0062707583419978,0.00379771,0.00379771,0.0019890666
GRU,3,18,0.75985795,0.7697235,0.7681226,0.75985795,0.0062707583419978,0.009865522,0.009865522,0.008264661
GRU,3,18,0.7539911,0.76414603,0.75985795,0.7539911,0.0062707583419978,0.010154903,0.010154903,0.0058668256
MLP,3,11,0.89828104,0.89323807,0.9017823,0.89828104,0.0062707583419978,0.00504297,0.00504297,0.0035012364
MLP,3,11,0.8748538,0.89003795,0.89828104,0.8748538,0.0062707583419978,0.015184164,0.015184164,0.023427248
MLP,3,11,0.8735511,0.86813354,0.8748538,0.8735511,0.0062707583419978,0.005417526,0.005417526,0.0013027191
MLP,3,11,0.8741989,0.8629403,0.8735511,0.8741989,0.0062707583419978,0.011258602,0.011258602,0.0006478429
MLP,3,11,0.86663264,0.8720305,0.8741989,0.86663264,0.0062707583419978,0.0053978562,0.0053978562,0.007566273
MLP,3,11,0.86207616,0.8711787,0.86663264,0.86207616,0.0062707583419978,0.009102523,0.009102523,0.004556477
MLP,3,11,0.86188084,0.8604151,0.86207616,0.86188084,0.0062707583419978,0.0014657378,0.0014657378,0.00019532442
MLP,3,11,0.8551565,0.85440993,0.86188084,0.8551565,0.0062707583419978,0.0007465482,0.0007465482,0.0067243576
MLP,3,11,0.84130627,0.85051763,0.8551565,0.84130627,0.0062707583419978,0.009211361,0.009211361,0.013850212
MLP,3,11,0.8365026,0.8388668,0.84130627,0.8365026,0.0062707583419978,0.0023641586,0.0023641586,0.0048036575
MLP,3,11,0.8349689,0.8240826,0.8365026,0.8349689,0.0062707583419978,0.0108863115,0.0108863115,0.0015336871
MLP,3,11,0.8318545,0.83932775,0.8349689,0.8318545,0.0062707583419978,0.0074732304,0.0074732304,0.0031144023
MLP,3,11,0.8238845,0.8324188,0.8318545,0.8238845,0.0062707583419978,0.008534312,0.008534312,0.007970035
MLP,3,11,0.82502633,0.8118535,0.8238845,0.82502633,0.0062707583419978,0.013172805,0.013172805,0.0011418462
MLP,3,11,0.816571,0.8227204,0.82502633,0.816571,0.0062707583419978,0.006149411,0.006149411,0.008455336
MLP,3,11,0.809723,0.80514234,0.816571,0.809723,0.0062707583419978,0.0045806766,0.0045806766,0.0068479776
MLP,3,11,0.80577993,0.7962993,0.809723,0.80577993,0.0062707583419978,0.009480655,0.009480655,0.0039430857
MLP,3,11,0.7971635,0.79582125,0.80577993,0.7971635,0.0062707583419978,0.001342237,0.001342237,0.008616447
MLP,3,11,0.7992884,0.79614836,0.7971635,0.7992884,0.0062707583419978,0.0031400323,0.0031400323,0.0021249056
MLP,3,11,0.7948005,0.7982718,0.7992884,0.7948005,0.0062707583419978,0.0034712553,0.0034712553,0.004487872
MLP,3,11,0.7873646,0.7937854,0.7948005,0.7873646,0.0062707583419978,0.006420791,0.006420791,0.007435918
MLP,3,11,0.78333336,0.78916526,0.7873646,0.78333336,0.0062707583419978,0.0058318973,0.0058318973,0.004031241
MLP,3,18,0.86617476,0.87635136,0.86927974,0.86617476,0.0062707583419978,0.010176599,0.010176599,0.0031049848
MLP,3,18,0.8572052,0.8660257,0.86617476,0.8572052,0.0062707583419978,0.008820474,0.008820474,0.008969545
MLP,3,18,0.85067445,0.85988086,0.8572052,0.85067445,0.0062707583419978,0.009206414,0.009206414,0.0065307617
MLP,3,18,0.8502848,0.84677714,0.85067445,0.8502848,0.0062707583419978,0.0035076737,0.0035076737,0.00038963556
MLP,3,18,0.8421969,0.84284645,0.8502848,0.8421969,0.0062707583419978,0.0006495714,0.0006495714,0.008087933
MLP,3,18,0.8492865,0.8323501,0.8421969,0.8492865,0.0062707583419978,0.016936421,0.016936421,0.007089615
MLP,3,18,0.8452745,0.850326,0.8492865,0.8452745,0.0062707583419978,0.0050514936,0.0050514936,0.0040119886
MLP,3,18,0.8395689,0.84418094,0.8452745,0.8395689,0.0062707583419978,0.0046120286,0.0046120286,0.005705595
MLP,3,18,0.8315261,0.83356005,0.8395689,0.8315261,0.0062707583419978,0.002033949,0.002033949,0.008042812
MLP,3,18,0.8248416,0.82667935,0.8315261,0.8248416,0.0062707583419978,0.0018377304,0.0018377304,0.006684482
MLP,3,18,0.8162286,0.82448626,0.8248416,0.8162286,0.0062707583419978,0.0082576275,0.0082576275,0.00861299
MLP,3,18,0.81128544,0.8089377,0.8162286,0.81128544,0.0062707583419978,0.0023477077,0.0023477077,0.004943192
MLP,3,18,0.8165611,0.8178114,0.81128544,0.8165611,0.0062707583419978,0.0012503266,0.0012503266,0.0052756667
MLP,3,18,0.7939301,0.8227608,0.8165611,0.7939301,0.0062707583419978,0.028830707,0.028830707,0.02263099
MLP,3,18,0.78623885,0.79525745,0.7939301,0.78623885,0.0062707583419978,0.0090186,0.0090186,0.007691264
MLP,3,18,0.79670143,0.7964103,0.78623885,0.79670143,0.0062707583419978,0.00029110909,0.00029110909,0.010462582
MLP,3,18,0.78979886,0.8061711,0.79670143,0.78979886,0.0062707583419978,0.016372263,0.016372263,0.0069025755
MLP,3,18,0.7913971,0.79155964,0.78979886,0.7913971,0.0062707583419978,0.00016254187,0.00016254187,0.001598239
MLP,3,18,0.78523386,0.7967054,0.7913971,0.78523386,0.0062707583419978,0.01147157,0.01147157,0.0061632395
MLP,3,18,0.7701117,0.78155977,0.78523386,0.7701117,0.0062707583419978,0.011448085,0.011448085,0.015122175
MLP,3,18,0.7681226,0.76121914,0.7701117,0.7681226,0.0062707583419978,0.0069034696,0.0069034696,0.0019890666
MLP,3,18,0.75985795,0.7671075,0.7681226,0.75985795,0.0062707583419978,0.007249534,0.007249534,0.008264661
MLP,3,18,0.7539911,0.74229574,0.75985795,0.7539911,0.0062707583419978,0.011695385,0.011695385,0.0058668256
Seq2Seq,3,11,0.89828104,0.8918844,0.9017823,0.89828104,0.0062707583419978,0.0063966513,0.0063966513,0.0035012364
Seq2Seq,3,11,0.8748538,0.88998914,0.89828104,0.8748538,0.0062707583419978,0.015135348,0.015135348,0.023427248
Seq2Seq,3,11,0.8735511,0.87277657,0.8748538,0.8735511,0.0062707583419978,0.00077450275,0.00077450275,0.0013027191
Seq2Seq,3,11,0.8741989,0.86948997,0.8735511,0.8741989,0.0062707583419978,0.0047089458,0.0047089458,0.0006478429
Seq2Seq,3,11,0.86663264,0.86913097,0.8741989,0.86663264,0.0062707583419978,0.0024983287,0.0024983287,0.007566273
Seq2Seq,3,11,0.86207616,0.8628491,0.86663264,0.86207616,0.0062707583419978,0.00077295303,0.00077295303,0.004556477
Seq2Seq,3,11,0.86188084,0.86001647,0.86207616,0.86188084,0.0062707583419978,0.0018643737,0.0018643737,0.00019532442
Seq2Seq,3,11,0.8551565,0.85390645,0.86188084,0.8551565,0.0062707583419978,0.0012500286,0.0012500286,0.0067243576
Seq2Seq,3,11,0.84130627,0.8474335,0.8551565,0.84130627,0.0062707583419978,0.0061272383,0.0061272383,0.013850212
Seq2Seq,3,11,0.8365026,0.8357016,0.84130627,0.8365026,0.0062707583419978,0.0008010268,0.0008010268,0.0048036575
Seq2Seq,3,11,0.8349689,0.83139426,0.8365026,0.8349689,0.0062707583419978,0.0035746694,0.0035746694,0.0015336871
Seq2Seq,3,11,0.8318545,0.8284512,0.8349689,0.8318545,0.0062707583419978,0.003403306,0.003403306,0.0031144023
Seq2Seq,3,11,0.8238845,0.8272885,0.8318545,0.8238845,0.0062707583419978,0.0034040213,0.0034040213,0.007970035
Seq2Seq,3,11,0.82502633,0.82108754,0.8238845,0.82502633,0.0062707583419978,0.003938794,0.003938794,0.0011418462
Seq2Seq,3,11,0.816571,0.81935334,0.82502633,0.816571,0.0062707583419978,0.0027823448,0.0027823448,0.008455336
Seq2Seq,3,11,0.809723,0.8101088,0.816571,0.809723,0.0062707583419978,0.00038576126,0.00038576126,0.0068479776
Seq2Seq,3,11,0.80577993,0.80031997,0.809723,0.80577993,0.0062707583419978,0.0054599643,0.0054599643,0.0039430857
Seq2Seq,3,11,0.7971635,0.8021737,0.80577993,0.7971635,0.0062707583419978,0.0050101876,0.0050101876,0.008616447
Seq2Seq,3,11,0.7992884,0.7978938,0.7971635,0.7992884,0.0062707583419978,0.0013945699,0.0013945699,0.0021249056
Seq2Seq,3,11,0.7948005,0.7968827,0.7992884,0.7948005,0.0062707583419978,0.002082169,0.002082169,0.004487872
Seq2Seq,3,11,0.7873646,0.790314,0.7948005,0.7873646,0.0062707583419978,0.0029494166,0.0029494166,0.007435918
Seq2Seq,3,11,0.78333336,0.78144324,0.7873646,0.78333336,0.0062707583419978,0.0018901229,0.0018901229,0.004031241
Seq2Seq,3,18,0.86617476,0.8682646,0.86927974,0.86617476,0.0062707583419978,0.002089858,0.002089858,0.0031049848
Seq2Seq,3,18,0.8572052,0.869016,0.86617476,0.8572052,0.0062707583419978,0.01181078,0.01181078,0.008969545
Seq2Seq,3,18,0.85067445,0.8592483,0.8572052,0.85067445,0.0062707583419978,0.00857383,0.00857383,0.0065307617
Seq2Seq,3,18,0.8502848,0.8451962,0.85067445,0.8502848,0.0062707583419978,0.0050886273,0.0050886273,0.00038963556
Seq2Seq,3,18,0.8421969,0.8433928,0.8502848,0.8421969,0.0062707583419978,0.0011959076,0.0011959076,0.008087933
Seq2Seq,3,18,0.8492865,0.8397868,0.8421969,0.8492865,0.0062707583419978,0.009499669,0.009499669,0.007089615
Seq2Seq,3,18,0.8452745,0.8456247,0.8492865,0.8452745,0.0062707583419978,0.0003501773,0.0003501773,0.0040119886
Seq2Seq,3,18,0.8395689,0.8419082,0.8452745,0.8395689,0.0062707583419978,0.0023393035,0.0023393035,0.005705595
Seq2Seq,3,18,0.8315261,0.8332305,0.8395689,0.8315261,0.0062707583419978,0.0017043948,0.0017043948,0.008042812
Seq2Seq,3,18,0.8248416,0.8270774,0.8315261,0.8248416,0.0062707583419978,0.0022357702,0.0022357702,0.006684482
Seq2Seq,3,18,0.8162286,0.8222265,0.8248416,0.8162286,0.0062707583419978,0.005997896,0.005997896,0.00861299
Seq2Seq,3,18,0.81128544,0.8118296,0.8162286,0.81128544,0.0062707583419978,0.0005441904,0.0005441904,0.004943192
Seq2Seq,3,18,0.8165611,0.8079254,0.81128544,0.8165611,0.0062707583419978,0.0086357,0.0086357,0.0052756667
Seq2Seq,3,18,0.7939301,0.81583035,0.8165611,0.7939301,0.0062707583419978,0.021900237,0.021900237,0.02263099
Seq2Seq,3,18,0.78623885,0.7974105,0.7939301,0.78623885,0.0062707583419978,0.011171639,0.011171639,0.007691264
Seq2Seq,3,18,0.79670143,0.7905191,0.78623885,0.79670143,0.0062707583419978,0.006182313,0.006182313,0.010462582
Seq2Seq,3,18,0.78979886,0.7961678,0.79670143,0.78979886,0.0062707583419978,0.006368935,0.006368935,0.0069025755
Seq2Seq,3,18,0.7913971,0.7863285,0.78979886,0.7913971,0.0062707583419978,0.0050686,0.0050686,0.001598239
Seq2Seq,3,18,0.78523386,0.788986,0.7913971,0.78523386,0.0062707583419978,0.003752172,0.003752172,0.0061632395
Seq2Seq,3,18,0.7701117,0.78323555,0.78523386,0.7701117,0.0062707583419978,0.01312387,0.01312387,0.015122175
Seq2Seq,3,18,0.7681226,0.7678664,0.7701117,0.7681226,0.0062707583419978,0.00025624037,0.00025624037,0.0019890666
Seq2Seq,3,18,0.75985795,0.7637344,0.7681226,0.75985795,0.0062707583419978,0.0038764477,0.0038764477,0.008264661
Seq2Seq,3,18,0.7539911,0.7559124,0.75985795,0.7539911,0.0062707583419978,0.0019212961,0.0019212961,0.0058668256
Persistence,4,7,0.8879777,0.89240664,0.89240664,0.8879777,0.0063585969619452,0.004428923,0.004428923,0.004428923
Persistence,4,7,0.88437545,0.8879777,0.8879777,0.88437545,0.0063585969619452,0.0036022663,0.0036022663,0.0036022663
Persistence,4,7,0.8731381,0.88437545,0.88437545,0.8731381,0.0063585969619452,0.011237323,0.011237323,0.011237323
Persistence,4,7,0.8532213,0.8731381,0.8731381,0.8532213,0.0063585969619452,0.019916832,0.019916832,0.019916832
Persistence,4,7,0.8495128,0.8532213,0.8532213,0.8495128,0.0063585969619452,0.0037084818,0.0037084818,0.0037084818
Persistence,4,7,0.85412216,0.8495128,0.8495128,0.85412216,0.0063585969619452,0.0046093464,0.0046093464,0.0046093464
Persistence,4,7,0.8645272,0.85412216,0.85412216,0.8645272,0.0063585969619452,0.010405064,0.010405064,0.010405064
Persistence,4,7,0.8707553,0.8645272,0.8645272,0.8707553,0.0063585969619452,0.0062280893,0.0062280893,0.0062280893
Persistence,4,7,0.8636861,0.8707553,0.8707553,0.8636861,0.0063585969619452,0.00706923,0.00706923,0.00706923
Persistence,4,7,0.8530257,0.8636861,0.8636861,0.8530257,0.0063585969619452,0.01066041,0.01066041,0.01066041
Persistence,4,7,0.8353551,0.8530257,0.8530257,0.8353551,0.0063585969619452,0.017670572,0.017670572,0.017670572
Persistence,4,7,0.8304859,0.8353551,0.8353551,0.8304859,0.0063585969619452,0.0048692226,0.0048692226,0.0048692226
Persistence,4,7,0.8268595,0.8304859,0.8304859,0.8268595,0.0063585969619452,0.0036264062,0.0036264062,0.0036264062
Persistence,4,7,0.80900556,0.8268595,0.8268595,0.80900556,0.0063585969619452,0.017853916,0.017853916,0.017853916
Persistence,4,7,0.8181187,0.80900556,0.80900556,0.8181187,0.0063585969619452,0.009113133,0.009113133,0.009113133
Persistence,4,7,0.82392466,0.8181187,0.8181187,0.82392466,0.0063585969619452,0.0058059692,0.0058059692,0.0058059692
Persistence,4,7,0.82161254,0.82392466,0.82392466,0.82161254,0.0063585969619452,0.0023121238,0.0023121238,0.0023121238
Persistence,4,7,0.80882174,0.82161254,0.82161254,0.80882174,0.0063585969619452,0.012790799,0.012790799,0.012790799
Persistence,4,7,0.8039217,0.80882174,0.80882174,0.8039217,0.0063585969619452,0.0049000382,0.0049000382,0.0049000382
Persistence,4,7,0.8000672,0.8039217,0.8039217,0.8000672,0.0063585969619452,0.0038545132,0.0038545132,0.0038545132
Persistence,4,7,0.7997907,0.8000672,0.8000672,0.7997907,0.0063585969619452,0.00027650595,0.00027650595,0.00027650595
Persistence,4,7,0.80243707,0.7997907,0.7997907,0.80243707,0.0063585969619452,0.0026463866,0.0026463866,0.0026463866
Persistence,4,7,0.8055832,0.80243707,0.80243707,0.8055832,0.0063585969619452,0.003146112,0.003146112,0.003146112
Persistence,4,14,0.8733919,0.8894118,0.8894118,0.8733919,0.0063585969619452,0.01601988,0.01601988,0.01601988
Persistence,4,14,0.8714147,0.8733919,0.8733919,0.8714147,0.0063585969619452,0.0019772053,0.0019772053,0.0019772053
Persistence,4,14,0.86503065,0.8714147,0.8714147,0.86503065,0.0063585969619452,0.0063840747,0.0063840747,0.0063840747
Persistence,4,14,0.8609,0.86503065,0.86503065,0.8609,0.0063585969619452,0.0041306615,0.0041306615,0.0041306615
Persistence,4,14,0.8462889,0.8609,0.8609,0.8462889,0.0063585969619452,0.014611065,0.014611065,0.014611065
Persistence,4,14,0.84308445,0.8462889,0.8462889,0.84308445,0.0063585969619452,0.003204465,0.003204465,0.003204465
Persistence,4,14,0.84825546,0.84308445,0.84308445,0.84825546,0.0063585969619452,0.005171001,0.005171001,0.005171001
Persistence,4,14,0.83613986,0.84825546,0.84825546,0.83613986,0.0063585969619452,0.012115598,0.012115598,0.012115598
Persistence,4,14,0.8323826,0.83613986,0.83613986,0.8323826,0.0063585969619452,0.0037572384,0.0037572384,0.0037572384
Persistence,4,14,0.8300409,0.8323826,0.8323826,0.8300409,0.0063585969619452,0.0023417473,0.0023417473,0.0023417473
Persistence,4,14,0.8205812,0.8300409,0.8300409,0.8205812,0.0063585969619452,0.009459674,0.009459674,0.009459674
Persistence,4,14,0.81962717,0.8205812,0.8205812,0.81962717,0.0063585969619452,0.00095403194,0.00095403194,0.00095403194
Persistence,4,14,0.8304947,0.81962717,0.81962717,0.8304947,0.0063585969619452,0.010867536,0.010867536,0.010867536
Persistence,4,14,0.82889515,0.8304947,0.8304947,0.82889515,0.0063585969619452,0.0015995502,0.0015995502,0.0015995502
Persistence,4,14,0.82766837,0.82889515,0.82889515,0.82766837,0.0063585969619452,0.0012267828,0.0012267828,0.0012267828
Persistence,4,14,0.80714804,0.82766837,0.82766837,0.80714804,0.0063585969619452,0.02052033,0.02052033,0.02052033
Persistence,4,14,0.80547124,0.80714804,0.80714804,0.80547124,0.0063585969619452,0.0016767979,0.0016767979,0.0016767979
Persistence,4,14,0.804275,0.80547124,0.80547124,0.804275,0.0063585969619452,0.0011962652,0.0011962652,0.0011962652
Persistence,4,14,0.8053121,0.804275,0.804275,0.8053121,0.0063585969619452,0.0010371208,0.0010371208,0.0010371208
Persistence,4,14,0.79936844,0.8053121,0.8053121,0.79936844,0.0063585969619452,0.005943656,0.005943656,0.005943656
Persistence,4,14,0.7990799,0.79936844,0.79936844,0.7990799,0.0063585969619452,0.00028854609,0.00028854609,0.00028854609
Persistence,4,14,0.79998136,0.7990799,0.7990799,0.79998136,0.0063585969619452,0.00090146065,0.00090146065,0.00090146065
MQAttn-LSTM-VQR,4,7,0.8879777,0.8866024,0.89240664,0.8879777,0.0063585969619452,0.0013753176,0.0013753176,0.004428923
MQAttn-LSTM-VQR,4,7,0.88437545,0.88205266,0.8879777,0.88437545,0.0063585969619452,0.002322793,0.002322793,0.0036022663
MQAttn-LSTM-VQR,4,7,0.8731381,0.8820323,0.88437545,0.8731381,0.0063585969619452,0.0088941455,0.0088941455,0.011237323
MQAttn-LSTM-VQR,4,7,0.8532213,0.868546,0.8731381,0.8532213,0.0063585969619452,0.015324712,0.015324712,0.019916832
MQAttn-LSTM-VQR,4,7,0.8495128,0.8438195,0.8532213,0.8495128,0.0063585969619452,0.0056933165,0.0056933165,0.0037084818
MQAttn-LSTM-VQR,4,7,0.85412216,0.8540623,0.8495128,0.85412216,0.0063585969619452,5.9843063e-05,5.9843063e-05,0.0046093464
MQAttn-LSTM-VQR,4,7,0.8645272,0.8551171,0.85412216,0.8645272,0.0063585969619452,0.009410143,0.009410143,0.010405064
MQAttn-LSTM-VQR,4,7,0.8707553,0.86368376,0.8645272,0.8707553,0.0063585969619452,0.0070715547,0.0070715547,0.0062280893
MQAttn-LSTM-VQR,4,7,0.8636861,0.8664169,0.8707553,0.8636861,0.0063585969619452,0.0027307868,0.0027307868,0.00706923
MQAttn-LSTM-VQR,4,7,0.8530257,0.85573345,0.8636861,0.8530257,0.0063585969619452,0.0027077794,0.0027077794,0.01066041
MQAttn-LSTM-VQR,4,7,0.8353551,0.84762514,0.8530257,0.8353551,0.0063585969619452,0.012270033,0.012270033,0.017670572
MQAttn-LSTM-VQR,4,7,0.8304859,0.8345571,0.8353551,0.8304859,0.0063585969619452,0.0040712357,0.0040712357,0.0048692226
MQAttn-LSTM-VQR,4,7,0.8268595,0.8264511,0.8304859,0.8268595,0.0063585969619452,0.00040835142,0.00040835142,0.0036264062
MQAttn-LSTM-VQR,4,7,0.80900556,0.82703465,0.8268595,0.80900556,0.0063585969619452,0.018029094,0.018029094,0.017853916
MQAttn-LSTM-VQR,4,7,0.8181187,0.8106372,0.80900556,0.8181187,0.0063585969619452,0.0074815154,0.0074815154,0.009113133
MQAttn-LSTM-VQR,4,7,0.82392466,0.8183033,0.8181187,0.82392466,0.0063585969619452,0.0056213737,0.0056213737,0.0058059692
MQAttn-LSTM-VQR,4,7,0.82161254,0.8173262,0.82392466,0.82161254,0.0063585969619452,0.004286349,0.004286349,0.0023121238
MQAttn-LSTM-VQR,4,7,0.80882174,0.8180002,0.82161254,0.80882174,0.0063585969619452,0.00917846,0.00917846,0.012790799
MQAttn-LSTM-VQR,4,7,0.8039217,0.80615366,0.80882174,0.8039217,0.0063585969619452,0.0022319555,0.0022319555,0.0049000382
MQAttn-LSTM-VQR,4,7,0.8000672,0.80086136,0.8039217,0.8000672,0.0063585969619452,0.0007941723,0.0007941723,0.0038545132
MQAttn-LSTM-VQR,4,7,0.7997907,0.7990801,0.8000672,0.7997907,0.0063585969619452,0.0007106066,0.0007106066,0.00027650595
MQAttn-LSTM-VQR,4,7,0.80243707,0.8003594,0.7997907,0.80243707,0.0063585969619452,0.002077639,0.002077639,0.0026463866
MQAttn-LSTM-VQR,4,7,0.8055832,0.80065084,0.80243707,0.8055832,0.0063585969619452,0.004932344,0.004932344,0.003146112
MQAttn-LSTM-VQR,4,14,0.8733919,0.8826298,0.8894118,0.8733919,0.0063585969619452,0.0092378855,0.0092378855,0.01601988
MQAttn-LSTM-VQR,4,14,0.8714147,0.86810005,0.8733919,0.8714147,0.0063585969619452,0.003314674,0.003314674,0.0019772053
MQAttn-LSTM-VQR,4,14,0.86503065,0.866058,0.8714147,0.86503065,0.0063585969619452,0.0010273457,0.0010273457,0.0063840747
MQAttn-LSTM-VQR,4,14,0.8609,0.85835356,0.86503065,0.8609,0.0063585969619452,0.0025464296,0.0025464296,0.0041306615
MQAttn-LSTM-VQR,4,14,0.8462889,0.86055624,0.8609,0.8462889,0.0063585969619452,0.014267325,0.014267325,0.014611065
MQAttn-LSTM-VQR,4,14,0.84308445,0.847411,0.8462889,0.84308445,0.0063585969619452,0.0043265224,0.0043265224,0.003204465
MQAttn-LSTM-VQR,4,14,0.84825546,0.84278643,0.84308445,0.84825546,0.0063585969619452,0.005469024,0.005469024,0.005171001
MQAttn-LSTM-VQR,4,14,0.83613986,0.8453612,0.84825546,0.83613986,0.0063585969619452,0.009221315,0.009221315,0.012115598
MQAttn-LSTM-VQR,4,14,0.8323826,0.8339138,0.83613986,0.8323826,0.0063585969619452,0.0015311837,0.0015311837,0.0037572384
MQAttn-LSTM-VQR,4,14,0.8300409,0.82969743,0.8323826,0.8300409,0.0063585969619452,0.00034344196,0.00034344196,0.0023417473
MQAttn-LSTM-VQR,4,14,0.8205812,0.8278473,0.8300409,0.8205812,0.0063585969619452,0.007266104,0.007266104,0.009459674
MQAttn-LSTM-VQR,4,14,0.81962717,0.8195358,0.8205812,0.81962717,0.0063585969619452,9.137392e-05,9.137392e-05,0.00095403194
MQAttn-LSTM-VQR,4,14,0.8304947,0.81652474,0.81962717,0.8304947,0.0063585969619452,0.013969958,0.013969958,0.010867536
MQAttn-LSTM-VQR,4,14,0.82889515,0.82665634,0.8304947,0.82889515,0.0063585969619452,0.00223881,0.00223881,0.0015995502
MQAttn-LSTM-VQR,4,14,0.82766837,0.82591075,0.82889515,0.82766837,0.0063585969619452,0.0017576218,0.0017576218,0.0012267828
MQAttn-LSTM-VQR,4,14,0.80714804,0.8239612,0.82766837,0.80714804,0.0063585969619452,0.016813159,0.016813159,0.02052033
MQAttn-LSTM-VQR,4,14,0.80547124,0.8037712,0.80714804,0.80547124,0.0063585969619452,0.0017000437,0.0017000437,0.0016767979
MQAttn-LSTM-VQR,4,14,0.804275,0.80338335,0.80547124,0.804275,0.0063585969619452,0.0008916259,0.0008916259,0.0011962652
MQAttn-LSTM-VQR,4,14,0.8053121,0.802676,0.804275,0.8053121,0.0063585969619452,0.002636075,0.002636075,0.0010371208
MQAttn-LSTM-VQR,4,14,0.79936844,0.8053753,0.8053121,0.79936844,0.0063585969619452,0.006006837,0.006006837,0.005943656
MQAttn-LSTM-VQR,4,14,0.7990799,0.80045503,0.79936844,0.7990799,0.0063585969619452,0.0013751388,0.0013751388,0.00028854609
MQAttn-LSTM-VQR,4,14,0.79998136,0.79565185,0.7990799,0.79998136,0.0063585969619452,0.0043295026,0.0043295026,0.00090146065
MQAttn-LSTM-VQR classical twin,4,7,0.8879777,0.8840386,0.89240664,0.8879777,0.0063585969619452,0.003939092,0.003939092,0.004428923
MQAttn-LSTM-VQR classical twin,4,7,0.88437545,0.8817905,0.8879777,0.88437545,0.0063585969619452,0.0025849342,0.0025849342,0.0036022663
MQAttn-LSTM-VQR classical twin,4,7,0.8731381,0.8787664,0.88437545,0.8731381,0.0063585969619452,0.005628288,0.005628288,0.011237323
MQAttn-LSTM-VQR classical twin,4,7,0.8532213,0.8718101,0.8731381,0.8532213,0.0063585969619452,0.018588781,0.018588781,0.019916832
MQAttn-LSTM-VQR classical twin,4,7,0.8495128,0.84984404,0.8532213,0.8495128,0.0063585969619452,0.000331223,0.000331223,0.0037084818
MQAttn-LSTM-VQR classical twin,4,7,0.85412216,0.8534041,0.8495128,0.85412216,0.0063585969619452,0.00071805716,0.00071805716,0.0046093464
MQAttn-LSTM-VQR classical twin,4,7,0.8645272,0.8522275,0.85412216,0.8645272,0.0063585969619452,0.0122997165,0.0122997165,0.010405064
MQAttn-LSTM-VQR classical twin,4,7,0.8707553,0.8604685,0.8645272,0.8707553,0.0063585969619452,0.010286808,0.010286808,0.0062280893
MQAttn-LSTM-VQR classical twin,4,7,0.8636861,0.8649139,0.8707553,0.8636861,0.0063585969619452,0.0012277961,0.0012277961,0.00706923
MQAttn-LSTM-VQR classical twin,4,7,0.8530257,0.8563297,0.8636861,0.8530257,0.0063585969619452,0.0033040047,0.0033040047,0.01066041
MQAttn-LSTM-VQR classical twin,4,7,0.8353551,0.8452088,0.8530257,0.8353551,0.0063585969619452,0.009853721,0.009853721,0.017670572
MQAttn-LSTM-VQR classical twin,4,7,0.8304859,0.8284741,0.8353551,0.8304859,0.0063585969619452,0.002011776,0.002011776,0.0048692226
MQAttn-LSTM-VQR classical twin,4,7,0.8268595,0.8238449,0.8304859,0.8268595,0.0063585969619452,0.0030145645,0.0030145645,0.0036264062
MQAttn-LSTM-VQR classical twin,4,7,0.80900556,0.8245446,0.8268595,0.80900556,0.0063585969619452,0.01553905,0.01553905,0.017853916
MQAttn-LSTM-VQR classical twin,4,7,0.8181187,0.80883914,0.80900556,0.8181187,0.0063585969619452,0.009279549,0.009279549,0.009113133
MQAttn-LSTM-VQR classical twin,4,7,0.82392466,0.82189864,0.8181187,0.82392466,0.0063585969619452,0.0020260215,0.0020260215,0.0058059692
MQAttn-LSTM-VQR classical twin,4,7,0.82161254,0.8214844,0.82392466,0.82161254,0.0063585969619452,0.00012814999,0.00012814999,0.0023121238
MQAttn-LSTM-VQR classical twin,4,7,0.80882174,0.81936806,0.82161254,0.80882174,0.0063585969619452,0.010546327,0.010546327,0.012790799
MQAttn-LSTM-VQR classical twin,4,7,0.8039217,0.80743456,0.80882174,0.8039217,0.0063585969619452,0.0035128593,0.0035128593,0.0049000382
MQAttn-LSTM-VQR classical twin,4,7,0.8000672,0.8026022,0.8039217,0.8000672,0.0063585969619452,0.0025349855,0.0025349855,0.0038545132
MQAttn-LSTM-VQR classical twin,4,7,0.7997907,0.79888314,0.8000672,0.7997907,0.0063585969619452,0.0009075403,0.0009075403,0.00027650595
MQAttn-LSTM-VQR classical twin,4,7,0.80243707,0.79951596,0.7997907,0.80243707,0.0063585969619452,0.0029211044,0.0029211044,0.0026463866
MQAttn-LSTM-VQR classical twin,4,7,0.8055832,0.8009401,0.80243707,0.8055832,0.0063585969619452,0.0046430826,0.0046430826,0.003146112
MQAttn-LSTM-VQR classical twin,4,14,0.8733919,0.88036245,0.8894118,0.8733919,0.0063585969619452,0.006970525,0.006970525,0.01601988
MQAttn-LSTM-VQR classical twin,4,14,0.8714147,0.86546016,0.8733919,0.8714147,0.0063585969619452,0.0059545636,0.0059545636,0.0019772053
MQAttn-LSTM-VQR classical twin,4,14,0.86503065,0.86454,0.8714147,0.86503065,0.0063585969619452,0.00049066544,0.00049066544,0.0063840747
MQAttn-LSTM-VQR classical twin,4,14,0.8609,0.8577864,0.86503065,0.8609,0.0063585969619452,0.0031135678,0.0031135678,0.0041306615
MQAttn-LSTM-VQR classical twin,4,14,0.8462889,0.8603639,0.8609,0.8462889,0.0063585969619452,0.014074981,0.014074981,0.014611065
MQAttn-LSTM-VQR classical twin,4,14,0.84308445,0.8454401,0.8462889,0.84308445,0.0063585969619452,0.0023556352,0.0023556352,0.003204465
MQAttn-LSTM-VQR classical twin,4,14,0.84825546,0.8383232,0.84308445,0.84825546,0.0063585969619452,0.00993228,0.00993228,0.005171001
MQAttn-LSTM-VQR classical twin,4,14,0.83613986,0.8458399,0.84825546,0.83613986,0.0063585969619452,0.00970006,0.00970006,0.012115598
MQAttn-LSTM-VQR classical twin,4,14,0.8323826,0.8359704,0.83613986,0.8323826,0.0063585969619452,0.0035877824,0.0035877824,0.0037572384
MQAttn-LSTM-VQR classical twin,4,14,0.8300409,0.8297678,0.8323826,0.8300409,0.0063585969619452,0.00027304888,0.00027304888,0.0023417473
MQAttn-LSTM-VQR classical twin,4,14,0.8205812,0.8254647,0.8300409,0.8205812,0.0063585969619452,0.0048835278,0.0048835278,0.009459674
MQAttn-LSTM-VQR classical twin,4,14,0.81962717,0.8194721,0.8205812,0.81962717,0.0063585969619452,0.00015509129,0.00015509129,0.00095403194
MQAttn-LSTM-VQR classical twin,4,14,0.8304947,0.82015014,0.81962717,0.8304947,0.0063585969619452,0.010344565,0.010344565,0.010867536
MQAttn-LSTM-VQR classical twin,4,14,0.82889515,0.8312641,0.8304947,0.82889515,0.0063585969619452,0.002368927,0.002368927,0.0015995502
MQAttn-LSTM-VQR classical twin,4,14,0.82766837,0.82560426,0.82889515,0.82766837,0.0063585969619452,0.0020641088,0.0020641088,0.0012267828
MQAttn-LSTM-VQR classical twin,4,14,0.80714804,0.8237675,0.82766837,0.80714804,0.0063585969619452,0.016619444,0.016619444,0.02052033
MQAttn-LSTM-VQR classical twin,4,14,0.80547124,0.8034145,0.80714804,0.80547124,0.0063585969619452,0.0020567179,0.0020567179,0.0016767979
MQAttn-LSTM-VQR classical twin,4,14,0.804275,0.8002147,0.80547124,0.804275,0.0063585969619452,0.0040602684,0.0040602684,0.0011962652
MQAttn-LSTM-VQR classical twin,4,14,0.8053121,0.8020246,0.804275,0.8053121,0.0063585969619452,0.0032874942,0.0032874942,0.0010371208
MQAttn-LSTM-VQR classical twin,4,14,0.79936844,0.79856795,0.8053121,0.79936844,0.0063585969619452,0.0008004904,0.0008004904,0.005943656
MQAttn-LSTM-VQR classical twin,4,14,0.7990799,0.79537714,0.79936844,0.7990799,0.0063585969619452,0.0037027597,0.0037027597,0.00028854609
MQAttn-LSTM-VQR classical twin,4,14,0.79998136,0.79504544,0.7990799,0.79998136,0.0063585969619452,0.0049359202,0.0049359202,0.00090146065
MQAttn-QLSTM-VQR,4,7,0.8879777,0.8879264,0.89240664,0.8879777,0.0063585969619452,5.13196e-05,5.13196e-05,0.004428923
MQAttn-QLSTM-VQR,4,7,0.88437545,0.8834371,0.8879777,0.88437545,0.0063585969619452,0.0009383559,0.0009383559,0.0036022663
MQAttn-QLSTM-VQR,4,7,0.8731381,0.88028854,0.88437545,0.8731381,0.0063585969619452,0.0071504116,0.0071504116,0.011237323
MQAttn-QLSTM-VQR,4,7,0.8532213,0.8689072,0.8731381,0.8532213,0.0063585969619452,0.015685916,0.015685916,0.019916832
MQAttn-QLSTM-VQR,4,7,0.8495128,0.84875107,0.8532213,0.8495128,0.0063585969619452,0.00076174736,0.00076174736,0.0037084818
MQAttn-QLSTM-VQR,4,7,0.85412216,0.8468882,0.8495128,0.85412216,0.0063585969619452,0.0072339773,0.0072339773,0.0046093464
MQAttn-QLSTM-VQR,4,7,0.8645272,0.85116386,0.85412216,0.8645272,0.0063585969619452,0.013363361,0.013363361,0.010405064
MQAttn-QLSTM-VQR,4,7,0.8707553,0.8612369,0.8645272,0.8707553,0.0063585969619452,0.009518445,0.009518445,0.0062280893
MQAttn-QLSTM-VQR,4,7,0.8636861,0.8670245,0.8707553,0.8636861,0.0063585969619452,0.0033383965,0.0033383965,0.00706923
MQAttn-QLSTM-VQR,4,7,0.8530257,0.85950875,0.8636861,0.8530257,0.0063585969619452,0.006483078,0.006483078,0.01066041
MQAttn-QLSTM-VQR,4,7,0.8353551,0.8486436,0.8530257,0.8353551,0.0063585969619452,0.013288498,0.013288498,0.017670572
MQAttn-QLSTM-VQR,4,7,0.8304859,0.8310584,0.8353551,0.8304859,0.0063585969619452,0.0005725026,0.0005725026,0.0048692226
MQAttn-QLSTM-VQR,4,7,0.8268595,0.8273798,0.8304859,0.8268595,0.0063585969619452,0.00052034855,0.00052034855,0.0036264062
MQAttn-QLSTM-VQR,4,7,0.80900556,0.8249371,0.8268595,0.80900556,0.0063585969619452,0.015931547,0.015931547,0.017853916
MQAttn-QLSTM-VQR,4,7,0.8181187,0.80764896,0.80900556,0.8181187,0.0063585969619452,0.010469735,0.010469735,0.009113133
MQAttn-QLSTM-VQR,4,7,0.82392466,0.8164457,0.8181187,0.82392466,0.0063585969619452,0.0074789524,0.0074789524,0.0058059692
MQAttn-QLSTM-VQR,4,7,0.82161254,0.82160515,0.82392466,0.82161254,0.0063585969619452,7.390976e-06,7.390976e-06,0.0023121238
MQAttn-QLSTM-VQR,4,7,0.80882174,0.8189979,0.82161254,0.80882174,0.0063585969619452,0.010176182,0.010176182,0.012790799
MQAttn-QLSTM-VQR,4,7,0.8039217,0.80593276,0.80882174,0.8039217,0.0063585969619452,0.0020110607,0.0020110607,0.0049000382
MQAttn-QLSTM-VQR,4,7,0.8000672,0.8008186,0.8039217,0.8000672,0.0063585969619452,0.00075143576,0.00075143576,0.0038545132
MQAttn-QLSTM-VQR,4,7,0.7997907,0.79669327,0.8000672,0.7997907,0.0063585969619452,0.003097415,0.003097415,0.00027650595
MQAttn-QLSTM-VQR,4,7,0.80243707,0.79637575,0.7997907,0.80243707,0.0063585969619452,0.0060613155,0.0060613155,0.0026463866
MQAttn-QLSTM-VQR,4,7,0.8055832,0.7988904,0.80243707,0.8055832,0.0063585969619452,0.006692767,0.006692767,0.003146112
MQAttn-QLSTM-VQR,4,14,0.8733919,0.88501847,0.8894118,0.8733919,0.0063585969619452,0.011626542,0.011626542,0.01601988
MQAttn-QLSTM-VQR,4,14,0.8714147,0.86864007,0.8733919,0.8714147,0.0063585969619452,0.0027746558,0.0027746558,0.0019772053
MQAttn-QLSTM-VQR,4,14,0.86503065,0.8666595,0.8714147,0.86503065,0.0063585969619452,0.0016288757,0.0016288757,0.0063840747
MQAttn-QLSTM-VQR,4,14,0.8609,0.86035,0.86503065,0.8609,0.0063585969619452,0.00054997206,0.00054997206,0.0041306615
MQAttn-QLSTM-VQR,4,14,0.8462889,0.85842115,0.8609,0.8462889,0.0063585969619452,0.012132227,0.012132227,0.014611065
MQAttn-QLSTM-VQR,4,14,0.84308445,0.8433608,0.8462889,0.84308445,0.0063585969619452,0.00027632713,0.00027632713,0.003204465
MQAttn-QLSTM-VQR,4,14,0.84825546,0.83985114,0.84308445,0.84825546,0.0063585969619452,0.0084043145,0.0084043145,0.005171001
MQAttn-QLSTM-VQR,4,14,0.83613986,0.84472114,0.84825546,0.83613986,0.0063585969619452,0.008581281,0.008581281,0.012115598
MQAttn-QLSTM-VQR,4,14,0.8323826,0.8324981,0.83613986,0.8323826,0.0063585969619452,0.0001154542,0.0001154542,0.0037572384
MQAttn-QLSTM-VQR,4,14,0.8300409,0.8284045,0.8323826,0.8300409,0.0063585969619452,0.0016363859,0.0016363859,0.0023417473
MQAttn-QLSTM-VQR,4,14,0.8205812,0.8260121,0.8300409,0.8205812,0.0063585969619452,0.005430877,0.005430877,0.009459674
MQAttn-QLSTM-VQR,4,14,0.81962717,0.8174484,0.8205812,0.81962717,0.0063585969619452,0.0021787882,0.0021787882,0.00095403194
MQAttn-QLSTM-VQR,4,14,0.8304947,0.8180427,0.81962717,0.8304947,0.0063585969619452,0.012452006,0.012452006,0.010867536
MQAttn-QLSTM-VQR,4,14,0.82889515,0.82837397,0.8304947,0.82889515,0.0063585969619452,0.000521183,0.000521183,0.0015995502
MQAttn-QLSTM-VQR,4,14,0.82766837,0.82713646,0.82889515,0.82766837,0.0063585969619452,0.00053191185,0.00053191185,0.0012267828
MQAttn-QLSTM-VQR,4,14,0.80714804,0.8252902,0.82766837,0.80714804,0.0063585969619452,0.018142164,0.018142164,0.02052033
MQAttn-QLSTM-VQR,4,14,0.80547124,0.8049801,0.80714804,0.80547124,0.0063585969619452,0.0004911423,0.0004911423,0.0016767979
MQAttn-QLSTM-VQR,4,14,0.804275,0.80247927,0.80547124,0.804275,0.0063585969619452,0.0017957091,0.0017957091,0.0011962652
MQAttn-QLSTM-VQR,4,14,0.8053121,0.80114317,0.804275,0.8053121,0.0063585969619452,0.0041689277,0.0041689277,0.0010371208
MQAttn-QLSTM-VQR,4,14,0.79936844,0.80146766,0.8053121,0.79936844,0.0063585969619452,0.002099216,0.002099216,0.005943656
MQAttn-QLSTM-VQR,4,14,0.7990799,0.79571545,0.79936844,0.7990799,0.0063585969619452,0.0033644438,0.0033644438,0.00028854609
MQAttn-QLSTM-VQR,4,14,0.79998136,0.79544955,0.7990799,0.79998136,0.0063585969619452,0.0045318007,0.0045318007,0.00090146065
MQAttn-QLSTM-VQR classical twin,4,7,0.8879777,0.8818448,0.89240664,0.8879777,0.0063585969619452,0.0061329007,0.0061329007,0.004428923
MQAttn-QLSTM-VQR classical twin,4,7,0.88437545,0.8783219,0.8879777,0.88437545,0.0063585969619452,0.006053567,0.006053567,0.0036022663
MQAttn-QLSTM-VQR classical twin,4,7,0.8731381,0.8735115,0.88437545,0.8731381,0.0063585969619452,0.0003733635,0.0003733635,0.011237323
MQAttn-QLSTM-VQR classical twin,4,7,0.8532213,0.8635598,0.8731381,0.8532213,0.0063585969619452,0.010338485,0.010338485,0.019916832
MQAttn-QLSTM-VQR classical twin,4,7,0.8495128,0.84768397,0.8532213,0.8495128,0.0063585969619452,0.0018288493,0.0018288493,0.0037084818
MQAttn-QLSTM-VQR classical twin,4,7,0.85412216,0.844724,0.8495128,0.85412216,0.0063585969619452,0.009398162,0.009398162,0.0046093464
MQAttn-QLSTM-VQR classical twin,4,7,0.8645272,0.8495526,0.85412216,0.8645272,0.0063585969619452,0.014974654,0.014974654,0.010405064
MQAttn-QLSTM-VQR classical twin,4,7,0.8707553,0.86001813,0.8645272,0.8707553,0.0063585969619452,0.010737181,0.010737181,0.0062280893
MQAttn-QLSTM-VQR classical twin,4,7,0.8636861,0.86628824,0.8707553,0.8636861,0.0063585969619452,0.00260216,0.00260216,0.00706923
MQAttn-QLSTM-VQR classical twin,4,7,0.8530257,0.85843986,0.8636861,0.8530257,0.0063585969619452,0.005414188,0.005414188,0.01066041
MQAttn-QLSTM-VQR classical twin,4,7,0.8353551,0.8480689,0.8530257,0.8353551,0.0063585969619452,0.01271379,0.01271379,0.017670572
MQAttn-QLSTM-VQR classical twin,4,7,0.8304859,0.83039445,0.8353551,0.8304859,0.0063585969619452,9.1433525e-05,9.1433525e-05,0.0048692226
MQAttn-QLSTM-VQR classical twin,4,7,0.8268595,0.8250297,0.8304859,0.8268595,0.0063585969619452,0.001829803,0.001829803,0.0036264062
MQAttn-QLSTM-VQR classical twin,4,7,0.80900556,0.8218538,0.8268595,0.80900556,0.0063585969619452,0.012848258,0.012848258,0.017853916
MQAttn-QLSTM-VQR classical twin,4,7,0.8181187,0.80416745,0.80900556,0.8181187,0.0063585969619452,0.013951242,0.013951242,0.009113133
MQAttn-QLSTM-VQR classical twin,4,7,0.82392466,0.8134692,0.8181187,0.82392466,0.0063585969619452,0.010455489,0.010455489,0.0058059692
MQAttn-QLSTM-VQR classical twin,4,7,0.82161254,0.8188553,0.82392466,0.82161254,0.0063585969619452,0.0027572513,0.0027572513,0.0023121238
MQAttn-QLSTM-VQR classical twin,4,7,0.80882174,0.81688523,0.82161254,0.80882174,0.0063585969619452,0.008063495,0.008063495,0.012790799
MQAttn-QLSTM-VQR classical twin,4,7,0.8039217,0.8037863,0.80882174,0.8039217,0.0063585969619452,0.00013542175,0.00013542175,0.0049000382
MQAttn-QLSTM-VQR classical twin,4,7,0.8000672,0.7994125,0.8039217,0.8000672,0.0063585969619452,0.0006546974,0.0006546974,0.0038545132
MQAttn-QLSTM-VQR classical twin,4,7,0.7997907,0.7956787,0.8000672,0.7997907,0.0063585969619452,0.0041120052,0.0041120052,0.00027650595
MQAttn-QLSTM-VQR classical twin,4,7,0.80243707,0.7953644,0.7997907,0.80243707,0.0063585969619452,0.007072687,0.007072687,0.0026463866
MQAttn-QLSTM-VQR classical twin,4,7,0.8055832,0.79783434,0.80243707,0.8055832,0.0063585969619452,0.0077488422,0.0077488422,0.003146112
MQAttn-QLSTM-VQR classical twin,4,14,0.8733919,0.8778723,0.8894118,0.8733919,0.0063585969619452,0.004480362,0.004480362,0.01601988
MQAttn-QLSTM-VQR classical twin,4,14,0.8714147,0.86642694,0.8733919,0.8714147,0.0063585969619452,0.0049877763,0.0049877763,0.0019772053
MQAttn-QLSTM-VQR classical twin,4,14,0.86503065,0.8661758,0.8714147,0.86503065,0.0063585969619452,0.0011451244,0.0011451244,0.0063840747
MQAttn-QLSTM-VQR classical twin,4,14,0.8609,0.8595981,0.86503065,0.8609,0.0063585969619452,0.0013018847,0.0013018847,0.0041306615
MQAttn-QLSTM-VQR classical twin,4,14,0.8462889,0.8560766,0.8609,0.8462889,0.0063585969619452,0.009787679,0.009787679,0.014611065
MQAttn-QLSTM-VQR classical twin,4,14,0.84308445,0.84140825,0.8462889,0.84308445,0.0063585969619452,0.0016762018,0.0016762018,0.003204465
MQAttn-QLSTM-VQR classical twin,4,14,0.84825546,0.83837014,0.84308445,0.84825546,0.0063585969619452,0.009885311,0.009885311,0.005171001
MQAttn-QLSTM-VQR classical twin,4,14,0.83613986,0.8433977,0.84825546,0.83613986,0.0063585969619452,0.007257819,0.007257819,0.012115598
MQAttn-QLSTM-VQR classical twin,4,14,0.8323826,0.831404,0.83613986,0.8323826,0.0063585969619452,0.0009786487,0.0009786487,0.0037572384
MQAttn-QLSTM-VQR classical twin,4,14,0.8300409,0.8274754,0.8323826,0.8300409,0.0063585969619452,0.0025654435,0.0025654435,0.0023417473
MQAttn-QLSTM-VQR classical twin,4,14,0.8205812,0.82474947,0.8300409,0.8205812,0.0063585969619452,0.004168272,0.004168272,0.009459674
MQAttn-QLSTM-VQR classical twin,4,14,0.81962717,0.8153983,0.8205812,0.81962717,0.0063585969619452,0.00422889,0.00422889,0.00095403194
MQAttn-QLSTM-VQR classical twin,4,14,0.8304947,0.81437445,0.81962717,0.8304947,0.0063585969619452,0.016120255,0.016120255,0.010867536
MQAttn-QLSTM-VQR classical twin,4,14,0.82889515,0.8255914,0.8304947,0.82889515,0.0063585969619452,0.0033037663,0.0033037663,0.0015995502
MQAttn-QLSTM-VQR classical twin,4,14,0.82766837,0.8242566,0.82889515,0.82766837,0.0063585969619452,0.0034117699,0.0034117699,0.0012267828
MQAttn-QLSTM-VQR classical twin,4,14,0.80714804,0.8229346,0.82766837,0.80714804,0.0063585969619452,0.015786588,0.015786588,0.02052033
MQAttn-QLSTM-VQR classical twin,4,14,0.80547124,0.8023004,0.80714804,0.80547124,0.0063585969619452,0.003170848,0.003170848,0.0016767979
MQAttn-QLSTM-VQR classical twin,4,14,0.804275,0.8007914,0.80547124,0.804275,0.0063585969619452,0.0034835935,0.0034835935,0.0011962652
MQAttn-QLSTM-VQR classical twin,4,14,0.8053121,0.79975975,0.804275,0.8053121,0.0063585969619452,0.0055523515,0.0055523515,0.0010371208
MQAttn-QLSTM-VQR classical twin,4,14,0.79936844,0.8006638,0.8053121,0.79936844,0.0063585969619452,0.0012953877,0.0012953877,0.005943656
MQAttn-QLSTM-VQR classical twin,4,14,0.7990799,0.79479456,0.79936844,0.7990799,0.0063585969619452,0.0042853355,0.0042853355,0.00028854609
MQAttn-QLSTM-VQR classical twin,4,14,0.79998136,0.79407203,0.7990799,0.79998136,0.0063585969619452,0.0059093237,0.0059093237,0.00090146065
QLSTM,4,7,0.8879777,0.8815573,0.89240664,0.8879777,0.0063585969619452,0.0064204335,0.0064204335,0.004428923
QLSTM,4,7,0.88437545,0.8811802,0.8879777,0.88437545,0.0063585969619452,0.0031952262,0.0031952262,0.0036022663
QLSTM,4,7,0.8731381,0.8831453,0.88437545,0.8731381,0.0063585969619452,0.010007143,0.010007143,0.011237323
QLSTM,4,7,0.8532213,0.87315506,0.8731381,0.8532213,0.0063585969619452,0.01993376,0.01993376,0.019916832
QLSTM,4,7,0.8495128,0.85411495,0.8532213,0.8495128,0.0063585969619452,0.004602134,0.004602134,0.0037084818
QLSTM,4,7,0.85412216,0.8486423,0.8495128,0.85412216,0.0063585969619452,0.005479872,0.005479872,0.0046093464
QLSTM,4,7,0.8645272,0.8499547,0.85412216,0.8645272,0.0063585969619452,0.014572501,0.014572501,0.010405064
QLSTM,4,7,0.8707553,0.8590663,0.8645272,0.8707553,0.0063585969619452,0.011689007,0.011689007,0.0062280893
QLSTM,4,7,0.8636861,0.8642932,0.8707553,0.8636861,0.0063585969619452,0.0006071329,0.0006071329,0.00706923
QLSTM,4,7,0.8530257,0.8588658,0.8636861,0.8530257,0.0063585969619452,0.0058401227,0.0058401227,0.01066041
QLSTM,4,7,0.8353551,0.84775025,0.8530257,0.8353551,0.0063585969619452,0.0123951435,0.0123951435,0.017670572
QLSTM,4,7,0.8304859,0.830533,0.8353551,0.8304859,0.0063585969619452,4.7147274e-05,4.7147274e-05,0.0048692226
QLSTM,4,7,0.8268595,0.8271634,0.8304859,0.8268595,0.0063585969619452,0.00030392408,0.00030392408,0.0036264062
QLSTM,4,7,0.80900556,0.8246655,0.8268595,0.80900556,0.0063585969619452,0.015659928,0.015659928,0.017853916
QLSTM,4,7,0.8181187,0.8061091,0.80900556,0.8181187,0.0063585969619452,0.012009621,0.012009621,0.009113133
QLSTM,4,7,0.82392466,0.814131,0.8181187,0.82392466,0.0063585969619452,0.009793639,0.009793639,0.0058059692
QLSTM,4,7,0.82161254,0.8200106,0.82392466,0.82161254,0.0063585969619452,0.0016019344,0.0016019344,0.0023121238
QLSTM,4,7,0.80882174,0.8170826,0.82161254,0.80882174,0.0063585969619452,0.008260846,0.008260846,0.012790799
QLSTM,4,7,0.8039217,0.80559313,0.80882174,0.8039217,0.0063585969619452,0.0016714334,0.0016714334,0.0049000382
QLSTM,4,7,0.8000672,0.79997855,0.8039217,0.8000672,0.0063585969619452,8.863211e-05,8.863211e-05,0.0038545132
QLSTM,4,7,0.7997907,0.79629207,0.8000672,0.7997907,0.0063585969619452,0.0034986138,0.0034986138,0.00027650595
QLSTM,4,7,0.80243707,0.7966168,0.7997907,0.80243707,0.0063585969619452,0.0058202744,0.0058202744,0.0026463866
QLSTM,4,7,0.8055832,0.7982457,0.80243707,0.8055832,0.0063585969619452,0.007337451,0.007337451,0.003146112
QLSTM,4,14,0.8733919,0.8775619,0.8894118,0.8733919,0.0063585969619452,0.0041700006,0.0041700006,0.01601988
QLSTM,4,14,0.8714147,0.86833197,0.8733919,0.8714147,0.0063585969619452,0.0030827522,0.0030827522,0.0019772053
QLSTM,4,14,0.86503065,0.869558,0.8714147,0.86503065,0.0063585969619452,0.0045273304,0.0045273304,0.0063840747
QLSTM,4,14,0.8609,0.8641135,0.86503065,0.8609,0.0063585969619452,0.0032135248,0.0032135248,0.0041306615
QLSTM,4,14,0.8462889,0.85944796,0.8609,0.8462889,0.0063585969619452,0.013159037,0.013159037,0.014611065
QLSTM,4,14,0.84308445,0.8444698,0.8462889,0.84308445,0.0063585969619452,0.0013853312,0.0013853312,0.003204465
QLSTM,4,14,0.84825546,0.8401413,0.84308445,0.84825546,0.0063585969619452,0.008114159,0.008114159,0.005171001
QLSTM,4,14,0.83613986,0.84507096,0.84825546,0.83613986,0.0063585969619452,0.0089311,0.0089311,0.012115598
QLSTM,4,14,0.8323826,0.8328166,0.83613986,0.8323826,0.0063585969619452,0.00043398142,0.00043398142,0.0037572384
QLSTM,4,14,0.8300409,0.828495,0.8323826,0.8300409,0.0063585969619452,0.0015458465,0.0015458465,0.0023417473
QLSTM,4,14,0.8205812,0.82603705,0.8300409,0.8205812,0.0063585969619452,0.0054558516,0.0054558516,0.009459674
QLSTM,4,14,0.81962717,0.8179623,0.8205812,0.81962717,0.0063585969619452,0.0016648769,0.0016648769,0.00095403194
QLSTM,4,14,0.8304947,0.8164443,0.81962717,0.8304947,0.0063585969619452,0.014050424,0.014050424,0.010867536
QLSTM,4,14,0.82889515,0.8281318,0.8304947,0.82889515,0.0063585969619452,0.0007633567,0.0007633567,0.0015995502
QLSTM,4,14,0.82766837,0.82519114,0.82889515,0.82766837,0.0063585969619452,0.0024772286,0.0024772286,0.0012267828
QLSTM,4,14,0.80714804,0.8239446,0.82766837,0.80714804,0.0063585969619452,0.016796589,0.016796589,0.02052033
QLSTM,4,14,0.80547124,0.80414647,0.80714804,0.80547124,0.0063585969619452,0.0013247728,0.0013247728,0.0016767979
QLSTM,4,14,0.804275,0.80202127,0.80547124,0.804275,0.0063585969619452,0.0022537112,0.0022537112,0.0011962652
QLSTM,4,14,0.8053121,0.8011616,0.804275,0.8053121,0.0063585969619452,0.00415051,0.00415051,0.0010371208
QLSTM,4,14,0.79936844,0.8019201,0.8053121,0.79936844,0.0063585969619452,0.0025516748,0.0025516748,0.005943656
QLSTM,4,14,0.7990799,0.79610384,0.79936844,0.7990799,0.0063585969619452,0.00297606,0.00297606,0.00028854609
QLSTM,4,14,0.79998136,0.7954107,0.7990799,0.79998136,0.0063585969619452,0.004570663,0.004570663,0.00090146065
LSTM,4,7,0.8879777,0.88348734,0.89240664,0.8879777,0.0063585969619452,0.0044903755,0.0044903755,0.004428923
LSTM,4,7,0.88437545,0.8798551,0.8879777,0.88437545,0.0063585969619452,0.0045203567,0.0045203567,0.0036022663
LSTM,4,7,0.8731381,0.87578934,0.88437545,0.8731381,0.0063585969619452,0.0026512146,0.0026512146,0.011237323
LSTM,4,7,0.8532213,0.86513335,0.8731381,0.8532213,0.0063585969619452,0.011912048,0.011912048,0.019916832
LSTM,4,7,0.8495128,0.8487403,0.8532213,0.8495128,0.0063585969619452,0.0007725358,0.0007725358,0.0037084818
LSTM,4,7,0.85412216,0.8405917,0.8495128,0.85412216,0.0063585969619452,0.013530433,0.013530433,0.0046093464
LSTM,4,7,0.8645272,0.85189664,0.85412216,0.8645272,0.0063585969619452,0.012630582,0.012630582,0.010405064
LSTM,4,7,0.8707553,0.86165375,0.8645272,0.8707553,0.0063585969619452,0.00910157,0.00910157,0.0062280893
LSTM,4,7,0.8636861,0.8665599,0.8707553,0.8636861,0.0063585969619452,0.002873838,0.002873838,0.00706923
LSTM,4,7,0.8530257,0.8533631,0.8636861,0.8530257,0.0063585969619452,0.0003374219,0.0003374219,0.01066041
LSTM,4,7,0.8353551,0.8443857,0.8530257,0.8353551,0.0063585969619452,0.0090305805,0.0090305805,0.017670572
LSTM,4,7,0.8304859,0.82748395,0.8353551,0.8304859,0.0063585969619452,0.0030019283,0.0030019283,0.0048692226
LSTM,4,7,0.8268595,0.82367855,0.8304859,0.8268595,0.0063585969619452,0.003180921,0.003180921,0.0036264062
LSTM,4,7,0.80900556,0.8250248,0.8268595,0.80900556,0.0063585969619452,0.016019225,0.016019225,0.017853916
LSTM,4,7,0.8181187,0.80673,0.80900556,0.8181187,0.0063585969619452,0.011388719,0.011388719,0.009113133
LSTM,4,7,0.82392466,0.8156927,0.8181187,0.82392466,0.0063585969619452,0.008231938,0.008231938,0.0058059692
LSTM,4,7,0.82161254,0.8189585,0.82392466,0.82161254,0.0063585969619452,0.002654016,0.002654016,0.0023121238
LSTM,4,7,0.80882174,0.81627667,0.82161254,0.80882174,0.0063585969619452,0.0074549317,0.0074549317,0.012790799
LSTM,4,7,0.8039217,0.80159855,0.80882174,0.8039217,0.0063585969619452,0.0023231506,0.0023231506,0.0049000382
LSTM,4,7,0.8000672,0.79769105,0.8039217,0.8000672,0.0063585969619452,0.0023761392,0.0023761392,0.0038545132
LSTM,4,7,0.7997907,0.7944324,0.8000672,0.7997907,0.0063585969619452,0.0053582788,0.0053582788,0.00027650595
LSTM,4,7,0.80243707,0.79404515,0.7997907,0.80243707,0.0063585969619452,0.008391917,0.008391917,0.0026463866
LSTM,4,7,0.8055832,0.79654455,0.80243707,0.8055832,0.0063585969619452,0.009038627,0.009038627,0.003146112
LSTM,4,14,0.8733919,0.88029337,0.8894118,0.8733919,0.0063585969619452,0.006901443,0.006901443,0.01601988
LSTM,4,14,0.8714147,0.8650876,0.8733919,0.8714147,0.0063585969619452,0.0063270926,0.0063270926,0.0019772053
LSTM,4,14,0.86503065,0.8633673,0.8714147,0.86503065,0.0063585969619452,0.0016633272,0.0016633272,0.0063840747
LSTM,4,14,0.8609,0.86232495,0.86503065,0.8609,0.0063585969619452,0.0014249682,0.0014249682,0.0041306615
LSTM,4,14,0.8462889,0.8595467,0.8609,0.8462889,0.0063585969619452,0.0132578015,0.0132578015,0.014611065
LSTM,4,14,0.84308445,0.84532326,0.8462889,0.84308445,0.0063585969619452,0.00223881,0.00223881,0.003204465
LSTM,4,14,0.84825546,0.83955586,0.84308445,0.84825546,0.0063585969619452,0.008699596,0.008699596,0.005171001
LSTM,4,14,0.83613986,0.8429248,0.84825546,0.83613986,0.0063585969619452,0.006784916,0.006784916,0.012115598
LSTM,4,14,0.8323826,0.8295977,0.83613986,0.8323826,0.0063585969619452,0.0027849078,0.0027849078,0.0037572384
LSTM,4,14,0.8300409,0.82566035,0.8323826,0.8300409,0.0063585969619452,0.004380524,0.004380524,0.0023417473
LSTM,4,14,0.8205812,0.82289976,0.8300409,0.8205812,0.0063585969619452,0.002318561,0.002318561,0.009459674
LSTM,4,14,0.81962717,0.815127,0.8205812,0.81962717,0.0063585969619452,0.0045001507,0.0045001507,0.00095403194
LSTM,4,14,0.8304947,0.8169131,0.81962717,0.8304947,0.0063585969619452,0.013581574,0.013581574,0.010867536
LSTM,4,14,0.82889515,0.82695484,0.8304947,0.82889515,0.0063585969619452,0.00194031,0.00194031,0.0015995502
LSTM,4,14,0.82766837,0.8275847,0.82889515,0.82766837,0.0063585969619452,8.368492e-05,8.368492e-05,0.0012267828
LSTM,4,14,0.80714804,0.82577926,0.82766837,0.80714804,0.0063585969619452,0.01863122,0.01863122,0.02052033
LSTM,4,14,0.80547124,0.8012197,0.80714804,0.80547124,0.0063585969619452,0.0042515397,0.0042515397,0.0016767979
LSTM,4,14,0.804275,0.8000223,0.80547124,0.804275,0.0063585969619452,0.004252672,0.004252672,0.0011962652
LSTM,4,14,0.8053121,0.7987414,0.804275,0.8053121,0.0063585969619452,0.006570697,0.006570697,0.0010371208
LSTM,4,14,0.79936844,0.79830086,0.8053121,0.79936844,0.0063585969619452,0.0010675788,0.0010675788,0.005943656
LSTM,4,14,0.7990799,0.7927152,0.79936844,0.7990799,0.0063585969619452,0.006364703,0.006364703,0.00028854609
LSTM,4,14,0.79998136,0.79253113,0.7990799,0.79998136,0.0063585969619452,0.007450223,0.007450223,0.00090146065
GRU,4,7,0.8879777,0.88579506,0.89240664,0.8879777,0.0063585969619452,0.0021826625,0.0021826625,0.004428923
GRU,4,7,0.88437545,0.88334954,0.8879777,0.88437545,0.0063585969619452,0.0010259151,0.0010259151,0.0036022663
GRU,4,7,0.8731381,0.8704401,0.88437545,0.8731381,0.0063585969619452,0.0026980042,0.0026980042,0.011237323
GRU,4,7,0.8532213,0.8644752,0.8731381,0.8532213,0.0063585969619452,0.011253893,0.011253893,0.019916832
GRU,4,7,0.8495128,0.84697074,0.8532213,0.8495128,0.0063585969619452,0.0025420785,0.0025420785,0.0037084818
GRU,4,7,0.85412216,0.845405,0.8495128,0.85412216,0.0063585969619452,0.008717179,0.008717179,0.0046093464
GRU,4,7,0.8645272,0.8571965,0.85412216,0.8645272,0.0063585969619452,0.0073307157,0.0073307157,0.010405064
GRU,4,7,0.8707553,0.862331,0.8645272,0.8707553,0.0063585969619452,0.008424342,0.008424342,0.0062280893
GRU,4,7,0.8636861,0.86216116,0.8707553,0.8636861,0.0063585969619452,0.0015249252,0.0015249252,0.00706923
GRU,4,7,0.8530257,0.85193986,0.8636861,0.8530257,0.0063585969619452,0.0010858178,0.0010858178,0.01066041
GRU,4,7,0.8353551,0.8423426,0.8530257,0.8353551,0.0063585969619452,0.006987512,0.006987512,0.017670572
GRU,4,7,0.8304859,0.82746565,0.8353551,0.8304859,0.0063585969619452,0.003020227,0.003020227,0.0048692226
GRU,4,7,0.8268595,0.824805,0.8304859,0.8268595,0.0063585969619452,0.002054453,0.002054453,0.0036264062
GRU,4,7,0.80900556,0.8256061,0.8268595,0.80900556,0.0063585969619452,0.01660055,0.01660055,0.017853916
GRU,4,7,0.8181187,0.80846626,0.80900556,0.8181187,0.0063585969619452,0.009652436,0.009652436,0.009113133
GRU,4,7,0.82392466,0.8156125,0.8181187,0.82392466,0.0063585969619452,0.008312166,0.008312166,0.0058059692
GRU,4,7,0.82161254,0.8206324,0.82392466,0.82161254,0.0063585969619452,0.0009801388,0.0009801388,0.0023121238
GRU,4,7,0.80882174,0.8140361,0.82161254,0.80882174,0.0063585969619452,0.0052143335,0.0052143335,0.012790799
GRU,4,7,0.8039217,0.8024954,0.80882174,0.8039217,0.0063585969619452,0.0014262795,0.0014262795,0.0049000382
GRU,4,7,0.8000672,0.799682,0.8039217,0.8000672,0.0063585969619452,0.0003851652,0.0003851652,0.0038545132
GRU,4,7,0.7997907,0.79871863,0.8000672,0.7997907,0.0063585969619452,0.0010720491,0.0010720491,0.00027650595
GRU,4,7,0.80243707,0.7954663,0.7997907,0.80243707,0.0063585969619452,0.006970763,0.006970763,0.0026463866
GRU,4,7,0.8055832,0.7943676,0.80243707,0.8055832,0.0063585969619452,0.011215568,0.011215568,0.003146112
GRU,4,14,0.8733919,0.8797552,0.8894118,0.8733919,0.0063585969619452,0.0063632727,0.0063632727,0.01601988
GRU,4,14,0.8714147,0.86634845,0.8733919,0.8714147,0.0063585969619452,0.0050662756,0.0050662756,0.0019772053
GRU,4,14,0.86503065,0.866458,0.8714147,0.86503065,0.0063585969619452,0.0014273524,0.0014273524,0.0063840747
GRU,4,14,0.8609,0.8587021,0.86503065,0.8609,0.0063585969619452,0.0021978617,0.0021978617,0.0041306615
GRU,4,14,0.8462889,0.85808235,0.8609,0.8462889,0.0063585969619452,0.011793435,0.011793435,0.014611065
GRU,4,14,0.84308445,0.8454429,0.8462889,0.84308445,0.0063585969619452,0.0023584366,0.0023584366,0.003204465
GRU,4,14,0.84825546,0.8390677,0.84308445,0.84825546,0.0063585969619452,0.009187758,0.009187758,0.005171001
GRU,4,14,0.83613986,0.8406043,0.84825546,0.83613986,0.0063585969619452,0.0044644475,0.0044644475,0.012115598
GRU,4,14,0.8323826,0.8276039,0.83613986,0.8323826,0.0063585969619452,0.004778743,0.004778743,0.0037572384
GRU,4,14,0.8300409,0.8233463,0.8323826,0.8300409,0.0063585969619452,0.0066945553,0.0066945553,0.0023417473
GRU,4,14,0.8205812,0.8207506,0.8300409,0.8205812,0.0063585969619452,0.0001693964,0.0001693964,0.009459674
GRU,4,14,0.81962717,0.8153829,0.8205812,0.81962717,0.0063585969619452,0.004244268,0.004244268,0.00095403194
GRU,4,14,0.8304947,0.8153791,0.81962717,0.8304947,0.0063585969619452,0.015115619,0.015115619,0.010867536
GRU,4,14,0.82889515,0.8267663,0.8304947,0.82889515,0.0063585969619452,0.0021288395,0.0021288395,0.0015995502
GRU,4,14,0.82766837,0.83009946,0.82889515,0.82766837,0.0063585969619452,0.0024310946,0.0024310946,0.0012267828
GRU,4,14,0.80714804,0.82500035,0.82766837,0.80714804,0.0063585969619452,0.017852306,0.017852306,0.02052033
GRU,4,14,0.80547124,0.8021326,0.80714804,0.80547124,0.0063585969619452,0.003338635,0.003338635,0.0016767979
GRU,4,14,0.804275,0.8014295,0.80547124,0.804275,0.0063585969619452,0.0028454661,0.0028454661,0.0011962652
GRU,4,14,0.8053121,0.7991905,0.804275,0.8053121,0.0063585969619452,0.006121576,0.006121576,0.0010371208
GRU,4,14,0.79936844,0.7988039,0.8053121,0.79936844,0.0063585969619452,0.0005645156,0.0005645156,0.005943656
GRU,4,14,0.7990799,0.79132974,0.79936844,0.7990799,0.0063585969619452,0.0077501535,0.0077501535,0.00028854609
GRU,4,14,0.79998136,0.7919462,0.7990799,0.79998136,0.0063585969619452,0.008035183,0.008035183,0.00090146065
MLP,4,7,0.8879777,0.8986401,0.89240664,0.8879777,0.0063585969619452,0.010662377,0.010662377,0.004428923
MLP,4,7,0.88437545,0.86862034,0.8879777,0.88437545,0.0063585969619452,0.015755117,0.015755117,0.0036022663
MLP,4,7,0.8731381,0.88744634,0.88437545,0.8731381,0.0063585969619452,0.014308214,0.014308214,0.011237323
MLP,4,7,0.8532213,0.85855305,0.8731381,0.8532213,0.0063585969619452,0.0053317547,0.0053317547,0.019916832
MLP,4,7,0.8495128,0.85190237,0.8532213,0.8495128,0.0063585969619452,0.0023895502,0.0023895502,0.0037084818
MLP,4,7,0.85412216,0.83627015,0.8495128,0.85412216,0.0063585969619452,0.017852008,0.017852008,0.0046093464
MLP,4,7,0.8645272,0.85867363,0.85412216,0.8645272,0.0063585969619452,0.0058535933,0.0058535933,0.010405064
MLP,4,7,0.8707553,0.8613993,0.8645272,0.8707553,0.0063585969619452,0.009356022,0.009356022,0.0062280893
MLP,4,7,0.8636861,0.8583522,0.8707553,0.8636861,0.0063585969619452,0.0053339005,0.0053339005,0.00706923
MLP,4,7,0.8530257,0.8403675,0.8636861,0.8530257,0.0063585969619452,0.012658179,0.012658179,0.01066041
MLP,4,7,0.8353551,0.8353606,0.8530257,0.8353551,0.0063585969619452,5.4836273e-06,5.4836273e-06,0.017670572
MLP,4,7,0.8304859,0.82828295,0.8353551,0.8304859,0.0063585969619452,0.002202928,0.002202928,0.0048692226
MLP,4,7,0.8268595,0.82482755,0.8304859,0.8268595,0.0063585969619452,0.0020319223,0.0020319223,0.0036264062
MLP,4,7,0.80900556,0.8219965,0.8268595,0.80900556,0.0063585969619452,0.012990952,0.012990952,0.017853916
MLP,4,7,0.8181187,0.81169695,0.80900556,0.8181187,0.0063585969619452,0.006421745,0.006421745,0.009113133
MLP,4,7,0.82392466,0.82261944,0.8181187,0.82392466,0.0063585969619452,0.0013052225,0.0013052225,0.0058059692
MLP,4,7,0.82161254,0.82349086,0.82392466,0.82161254,0.0063585969619452,0.0018783212,0.0018783212,0.0023121238
MLP,4,7,0.80882174,0.81931436,0.82161254,0.80882174,0.0063585969619452,0.010492623,0.010492623,0.012790799
MLP,4,7,0.8039217,0.79654276,0.80882174,0.8039217,0.0063585969619452,0.007378936,0.007378936,0.0049000382
MLP,4,7,0.8000672,0.79776484,0.8039217,0.8000672,0.0063585969619452,0.0023023486,0.0023023486,0.0038545132
MLP,4,7,0.7997907,0.79549557,0.8000672,0.7997907,0.0063585969619452,0.0042951107,0.0042951107,0.00027650595
MLP,4,7,0.80243707,0.7940413,0.7997907,0.80243707,0.0063585969619452,0.008395791,0.008395791,0.0026463866
MLP,4,7,0.8055832,0.79059494,0.80243707,0.8055832,0.0063585969619452,0.014988244,0.014988244,0.003146112
MLP,4,14,0.8733919,0.8755582,0.8894118,0.8733919,0.0063585969619452,0.0021662712,0.0021662712,0.01601988
MLP,4,14,0.8714147,0.84928083,0.8733919,0.8714147,0.0063585969619452,0.022133887,0.022133887,0.0019772053
MLP,4,14,0.86503065,0.87846744,0.8714147,0.86503065,0.0063585969619452,0.013436794,0.013436794,0.0063840747
MLP,4,14,0.8609,0.85898435,0.86503065,0.8609,0.0063585969619452,0.0019156337,0.0019156337,0.0041306615
MLP,4,14,0.8462889,0.8703508,0.8609,0.8462889,0.0063585969619452,0.024061859,0.024061859,0.014611065
MLP,4,14,0.84308445,0.84820276,0.8462889,0.84308445,0.0063585969619452,0.0051183105,0.0051183105,0.003204465
MLP,4,14,0.84825546,0.8424212,0.84308445,0.84825546,0.0063585969619452,0.0058342814,0.0058342814,0.005171001
MLP,4,14,0.83613986,0.84258366,0.84825546,0.83613986,0.0063585969619452,0.0064437985,0.0064437985,0.012115598
MLP,4,14,0.8323826,0.8260094,0.83613986,0.8323826,0.0063585969619452,0.0063732266,0.0063732266,0.0037572384
MLP,4,14,0.8300409,0.8229754,0.8323826,0.8300409,0.0063585969619452,0.007065475,0.007065475,0.0023417473
MLP,4,14,0.8205812,0.82025933,0.8300409,0.8205812,0.0063585969619452,0.00032186508,0.00032186508,0.009459674
MLP,4,14,0.81962717,0.8127943,0.8205812,0.81962717,0.0063585969619452,0.006832838,0.006832838,0.00095403194
MLP,4,14,0.8304947,0.81209075,0.81962717,0.8304947,0.0063585969619452,0.018403947,0.018403947,0.010867536
MLP,4,14,0.82889515,0.82671136,0.8304947,0.82889515,0.0063585969619452,0.002183795,0.002183795,0.0015995502
MLP,4,14,0.82766837,0.83120674,0.82889515,0.82766837,0.0063585969619452,0.0035383701,0.0035383701,0.0012267828
MLP,4,14,0.80714804,0.8222522,0.82766837,0.80714804,0.0063585969619452,0.015104175,0.015104175,0.02052033
MLP,4,14,0.80547124,0.8014508,0.80714804,0.80547124,0.0063585969619452,0.0040204525,0.0040204525,0.0016767979
MLP,4,14,0.804275,0.7983702,0.80547124,0.804275,0.0063585969619452,0.0059047937,0.0059047937,0.0011962652
MLP,4,14,0.8053121,0.7978686,0.804275,0.8053121,0.0063585969619452,0.0074434876,0.0074434876,0.0010371208
MLP,4,14,0.79936844,0.8025042,0.8053121,0.79936844,0.0063585969619452,0.0031357408,0.0031357408,0.005943656
MLP,4,14,0.7990799,0.7939262,0.79936844,0.7990799,0.0063585969619452,0.0051537156,0.0051537156,0.00028854609
MLP,4,14,0.79998136,0.7941137,0.7990799,0.79998136,0.0063585969619452,0.00586766,0.00586766,0.00090146065
Seq2Seq,4,7,0.8879777,0.88507426,0.89240664,0.8879777,0.0063585969619452,0.0029034615,0.0029034615,0.004428923
Seq2Seq,4,7,0.88437545,0.8799396,0.8879777,0.88437545,0.0063585969619452,0.0044358373,0.0044358373,0.0036022663
Seq2Seq,4,7,0.8731381,0.87664676,0.88437545,0.8731381,0.0063585969619452,0.0035086274,0.0035086274,0.011237323
Seq2Seq,4,7,0.8532213,0.86648303,0.8731381,0.8532213,0.0063585969619452,0.013261735,0.013261735,0.019916832
Seq2Seq,4,7,0.8495128,0.85033524,0.8532213,0.8495128,0.0063585969619452,0.0008224249,0.0008224249,0.0037084818
Seq2Seq,4,7,0.85412216,0.8469619,0.8495128,0.85412216,0.0063585969619452,0.0071602464,0.0071602464,0.0046093464
Seq2Seq,4,7,0.8645272,0.85267335,0.85412216,0.8645272,0.0063585969619452,0.011853874,0.011853874,0.010405064
Seq2Seq,4,7,0.8707553,0.86237115,0.8645272,0.8707553,0.0063585969619452,0.008384168,0.008384168,0.0062280893
Seq2Seq,4,7,0.8636861,0.86524147,0.8707553,0.8636861,0.0063585969619452,0.0015553832,0.0015553832,0.00706923
Seq2Seq,4,7,0.8530257,0.85641646,0.8636861,0.8530257,0.0063585969619452,0.003390789,0.003390789,0.01066041
Seq2Seq,4,7,0.8353551,0.8452953,0.8530257,0.8353551,0.0063585969619452,0.009940207,0.009940207,0.017670572
Seq2Seq,4,7,0.8304859,0.8301447,0.8353551,0.8304859,0.0063585969619452,0.000341177,0.000341177,0.0048692226
Seq2Seq,4,7,0.8268595,0.827075,0.8304859,0.8268595,0.0063585969619452,0.0002155304,0.0002155304,0.0036264062
Seq2Seq,4,7,0.80900556,0.82490325,0.8268595,0.80900556,0.0063585969619452,0.015897691,0.015897691,0.017853916
Seq2Seq,4,7,0.8181187,0.8112885,0.80900556,0.8181187,0.0063585969619452,0.0068302155,0.0068302155,0.009113133
Seq2Seq,4,7,0.82392466,0.8165765,0.8181187,0.82392466,0.0063585969619452,0.00734818,0.00734818,0.0058059692
Seq2Seq,4,7,0.82161254,0.8197987,0.82392466,0.82161254,0.0063585969619452,0.001813829,0.001813829,0.0023121238
Seq2Seq,4,7,0.80882174,0.81684786,0.82161254,0.80882174,0.0063585969619452,0.008026123,0.008026123,0.012790799
Seq2Seq,4,7,0.8039217,0.8062129,0.80882174,0.8039217,0.0063585969619452,0.0022912025,0.0022912025,0.0049000382
Seq2Seq,4,7,0.8000672,0.8026085,0.8039217,0.8000672,0.0063585969619452,0.0025413036,0.0025413036,0.0038545132
Seq2Seq,4,7,0.7997907,0.7999294,0.8000672,0.7997907,0.0063585969619452,0.00013870001,0.00013870001,0.00027650595
Seq2Seq,4,7,0.80243707,0.79711115,0.7997907,0.80243707,0.0063585969619452,0.0053259134,0.0053259134,0.0026463866
Seq2Seq,4,7,0.8055832,0.7991813,0.80243707,0.8055832,0.0063585969619452,0.0064018965,0.0064018965,0.003146112
Seq2Seq,4,14,0.8733919,0.88281435,0.8894118,0.8733919,0.0063585969619452,0.009422421,0.009422421,0.01601988
Seq2Seq,4,14,0.8714147,0.86964613,0.8733919,0.8714147,0.0063585969619452,0.001768589,0.001768589,0.0019772053
Seq2Seq,4,14,0.86503065,0.8677842,0.8714147,0.86503065,0.0063585969619452,0.0027535558,0.0027535558,0.0063840747
Seq2Seq,4,14,0.8609,0.86150384,0.86503065,0.8609,0.0063585969619452,0.00060385466,0.00060385466,0.0041306615
Seq2Seq,4,14,0.8462889,0.8600321,0.8609,0.8462889,0.0063585969619452,0.013743162,0.013743162,0.014611065
Seq2Seq,4,14,0.84308445,0.846835,0.8462889,0.84308445,0.0063585969619452,0.0037505627,0.0037505627,0.003204465
Seq2Seq,4,14,0.84825546,0.8416394,0.84308445,0.84825546,0.0063585969619452,0.006616056,0.006616056,0.005171001
Seq2Seq,4,14,0.83613986,0.8441494,0.84825546,0.83613986,0.0063585969619452,0.008009553,0.008009553,0.012115598
Seq2Seq,4,14,0.8323826,0.832343,0.83613986,0.8323826,0.0063585969619452,3.963709e-05,3.963709e-05,0.0037572384
Seq2Seq,4,14,0.8300409,0.82936716,0.8323826,0.8300409,0.0063585969619452,0.0006737113,0.0006737113,0.0023417473
Seq2Seq,4,14,0.8205812,0.8250612,0.8300409,0.8205812,0.0063585969619452,0.0044800043,0.0044800043,0.009459674
Seq2Seq,4,14,0.81962717,0.8156008,0.8205812,0.81962717,0.0063585969619452,0.0040263534,0.0040263534,0.00095403194
Seq2Seq,4,14,0.8304947,0.81698674,0.81962717,0.8304947,0.0063585969619452,0.013507962,0.013507962,0.010867536
Seq2Seq,4,14,0.82889515,0.8278179,0.8304947,0.82889515,0.0063585969619452,0.0010772347,0.0010772347,0.0015995502
Seq2Seq,4,14,0.82766837,0.8260119,0.82889515,0.82766837,0.0063585969619452,0.0016564727,0.0016564727,0.0012267828
Seq2Seq,4,14,0.80714804,0.82454085,0.82766837,0.80714804,0.0063585969619452,0.017392814,0.017392814,0.02052033
Seq2Seq,4,14,0.80547124,0.8054766,0.80714804,0.80547124,0.0063585969619452,5.364418e-06,5.364418e-06,0.0016767979
Seq2Seq,4,14,0.804275,0.8052427,0.80547124,0.804275,0.0063585969619452,0.000967741,0.000967741,0.0011962652
Seq2Seq,4,14,0.8053121,0.805,0.804275,0.8053121,0.0063585969619452,0.00031208992,0.00031208992,0.0010371208
Seq2Seq,4,14,0.79936844,0.80400586,0.8053121,0.79936844,0.0063585969619452,0.00463742,0.00463742,0.005943656
Seq2Seq,4,14,0.7990799,0.79599696,0.79936844,0.7990799,0.0063585969619452,0.003082931,0.003082931,0.00028854609
Seq2Seq,4,14,0.79998136,0.7956088,0.7990799,0.79998136,0.0063585969619452,0.004372537,0.004372537,0.00090146065
Persistence,5,3,0.86238754,0.8802914,0.8802914,0.86238754,0.0063328808173537,0.017903864,0.017903864,0.017903864
Persistence,5,3,0.8542888,0.86238754,0.86238754,0.8542888,0.0063328808173537,0.0080987215,0.0080987215,0.0080987215
Persistence,5,3,0.86380047,0.8542888,0.8542888,0.86380047,0.0063328808173537,0.00951165,0.00951165,0.00951165
Persistence,5,3,0.85045785,0.86380047,0.86380047,0.85045785,0.0063328808173537,0.013342619,0.013342619,0.013342619
Persistence,5,3,0.844327,0.85045785,0.85045785,0.844327,0.0063328808173537,0.006130874,0.006130874,0.006130874
Persistence,5,3,0.84462684,0.844327,0.844327,0.84462684,0.0063328808173537,0.00029987097,0.00029987097,0.00029987097
Persistence,5,3,0.8458035,0.84462684,0.84462684,0.8458035,0.0063328808173537,0.0011766553,0.0011766553,0.0011766553
Persistence,5,3,0.8436774,0.8458035,0.8458035,0.8436774,0.0063328808173537,0.0021260977,0.0021260977,0.0021260977
Persistence,5,3,0.8448119,0.8436774,0.8436774,0.8448119,0.0063328808173537,0.0011345148,0.0011345148,0.0011345148
Persistence,5,3,0.84333766,0.8448119,0.8448119,0.84333766,0.0063328808173537,0.0014742613,0.0014742613,0.0014742613
Persistence,5,3,0.823293,0.84333766,0.84333766,0.823293,0.0063328808173537,0.020044684,0.020044684,0.020044684
Persistence,5,3,0.8092939,0.823293,0.823293,0.8092939,0.0063328808173537,0.013999045,0.013999045,0.013999045
Persistence,5,3,0.79986495,0.8092939,0.8092939,0.79986495,0.0063328808173537,0.009428978,0.009428978,0.009428978
Persistence,5,3,0.7998536,0.79986495,0.79986495,0.7998536,0.0063328808173537,1.13248825e-05,1.13248825e-05,1.13248825e-05
Persistence,5,3,0.8244732,0.7998536,0.7998536,0.8244732,0.0063328808173537,0.02461958,0.02461958,0.02461958
Persistence,5,3,0.82831514,0.8244732,0.8244732,0.82831514,0.0063328808173537,0.0038419366,0.0038419366,0.0038419366
Persistence,5,3,0.82324696,0.82831514,0.82831514,0.82324696,0.0063328808173537,0.005068183,0.005068183,0.005068183
Persistence,5,3,0.8094152,0.82324696,0.82324696,0.8094152,0.0063328808173537,0.013831735,0.013831735,0.013831735
Persistence,5,3,0.8033943,0.8094152,0.8094152,0.8033943,0.0063328808173537,0.0060209036,0.0060209036,0.0060209036
Persistence,5,3,0.804537,0.8033943,0.8033943,0.804537,0.0063328808173537,0.0011426806,0.0011426806,0.0011426806
Persistence,5,3,0.79609007,0.804537,0.804537,0.79609007,0.0063328808173537,0.008446932,0.008446932,0.008446932
Persistence,5,3,0.79367363,0.79609007,0.79609007,0.79367363,0.0063328808173537,0.002416432,0.002416432,0.002416432
Persistence,5,3,0.78867537,0.79367363,0.79367363,0.78867537,0.0063328808173537,0.0049982667,0.0049982667,0.0049982667
Persistence,5,5,0.8740694,0.8797786,0.8797786,0.8740694,0.0063328808173537,0.005709231,0.005709231,0.005709231
Persistence,5,5,0.87952185,0.8740694,0.8740694,0.87952185,0.0063328808173537,0.005452454,0.005452454,0.005452454
Persistence,5,5,0.8696272,0.87952185,0.87952185,0.8696272,0.0063328808173537,0.009894669,0.009894669,0.009894669
Persistence,5,5,0.8527029,0.8696272,0.8696272,0.8527029,0.0063328808173537,0.016924262,0.016924262,0.016924262
Persistence,5,5,0.84489787,0.8527029,0.8527029,0.84489787,0.0063328808173537,0.0078050494,0.0078050494,0.0078050494
Persistence,5,5,0.8437867,0.84489787,0.84489787,0.8437867,0.0063328808173537,0.0011111498,0.0011111498,0.0011111498
Persistence,5,5,0.85135525,0.8437867,0.8437867,0.85135525,0.0063328808173537,0.007568538,0.007568538,0.007568538
Persistence,5,5,0.85452765,0.85135525,0.85135525,0.85452765,0.0063328808173537,0.0031723976,0.0031723976,0.0031723976
Persistence,5,5,0.85522854,0.85452765,0.85452765,0.85522854,0.0063328808173537,0.000700891,0.000700891,0.000700891
Persistence,5,5,0.8355601,0.85522854,0.85522854,0.8355601,0.0063328808173537,0.01966846,0.01966846,0.01966846
Persistence,5,5,0.8416284,0.8355601,0.8355601,0.8416284,0.0063328808173537,0.0060682893,0.0060682893,0.0060682893
Persistence,5,5,0.8357602,0.8416284,0.8416284,0.8357602,0.0063328808173537,0.0058681965,0.0058681965,0.0058681965
Persistence,5,5,0.82023066,0.8357602,0.8357602,0.82023066,0.0063328808173537,0.015529513,0.015529513,0.015529513
Persistence,5,5,0.81794864,0.82023066,0.82023066,0.81794864,0.0063328808173537,0.0022820234,0.0022820234,0.0022820234
Persistence,5,5,0.82139415,0.81794864,0.81794864,0.82139415,0.0063328808173537,0.003445506,0.003445506,0.003445506
Persistence,5,5,0.8328286,0.82139415,0.82139415,0.8328286,0.0063328808173537,0.011434436,0.011434436,0.011434436
Persistence,5,5,0.82844985,0.8328286,0.8328286,0.82844985,0.0063328808173537,0.004378736,0.004378736,0.004378736
Persistence,5,5,0.821103,0.82844985,0.82844985,0.821103,0.0063328808173537,0.0073468685,0.0073468685,0.0073468685
Persistence,5,5,0.81731683,0.821103,0.821103,0.81731683,0.0063328808173537,0.0037861466,0.0037861466,0.0037861466
Persistence,5,5,0.8141091,0.81731683,0.81731683,0.8141091,0.0063328808173537,0.0032077432,0.0032077432,0.0032077432
Persistence,5,5,0.8085135,0.8141091,0.8141091,0.8085135,0.0063328808173537,0.005595565,0.005595565,0.005595565
Persistence,5,5,0.8047877,0.8085135,0.8085135,0.8047877,0.0063328808173537,0.0037258267,0.0037258267,0.0037258267
Persistence,5,5,0.7933096,0.8047877,0.8047877,0.7933096,0.0063328808173537,0.011478066,0.011478066,0.011478066
MQAttn-LSTM-VQR,5,3,0.86238754,0.86891997,0.8802914,0.86238754,0.0063328808173537,0.0065324306,0.0065324306,0.017903864
MQAttn-LSTM-VQR,5,3,0.8542888,0.8544913,0.86238754,0.8542888,0.0063328808173537,0.00020247698,0.00020247698,0.0080987215
MQAttn-LSTM-VQR,5,3,0.86380047,0.8410019,0.8542888,0.86380047,0.0063328808173537,0.022798538,0.022798538,0.00951165
MQAttn-LSTM-VQR,5,3,0.85045785,0.8561456,0.86380047,0.85045785,0.0063328808173537,0.005687773,0.005687773,0.013342619
MQAttn-LSTM-VQR,5,3,0.844327,0.84405756,0.85045785,0.844327,0.0063328808173537,0.000269413,0.000269413,0.006130874
MQAttn-LSTM-VQR,5,3,0.84462684,0.84385365,0.844327,0.84462684,0.0063328808173537,0.00077319145,0.00077319145,0.00029987097
MQAttn-LSTM-VQR,5,3,0.8458035,0.84329575,0.84462684,0.8458035,0.0063328808173537,0.0025077462,0.0025077462,0.0011766553
MQAttn-LSTM-VQR,5,3,0.8436774,0.8424933,0.8458035,0.8436774,0.0063328808173537,0.0011841059,0.0011841059,0.0021260977
MQAttn-LSTM-VQR,5,3,0.8448119,0.83758223,0.8436774,0.8448119,0.0063328808173537,0.007229686,0.007229686,0.0011345148
MQAttn-LSTM-VQR,5,3,0.84333766,0.83734864,0.8448119,0.84333766,0.0063328808173537,0.005989015,0.005989015,0.0014742613
MQAttn-LSTM-VQR,5,3,0.823293,0.8355031,0.84333766,0.823293,0.0063328808173537,0.012210131,0.012210131,0.020044684
MQAttn-LSTM-VQR,5,3,0.8092939,0.81870466,0.823293,0.8092939,0.0063328808173537,0.009410739,0.009410739,0.013999045
MQAttn-LSTM-VQR,5,3,0.79986495,0.80543786,0.8092939,0.79986495,0.0063328808173537,0.005572915,0.005572915,0.009428978
MQAttn-LSTM-VQR,5,3,0.7998536,0.79721355,0.79986495,0.7998536,0.0063328808173537,0.0026400685,0.0026400685,1.13248825e-05
MQAttn-LSTM-VQR,5,3,0.8244732,0.79864997,0.7998536,0.8244732,0.0063328808173537,0.025823236,0.025823236,0.02461958
MQAttn-LSTM-VQR,5,3,0.82831514,0.8218487,0.8244732,0.82831514,0.0063328808173537,0.0064664483,0.0064664483,0.0038419366
MQAttn-LSTM-VQR,5,3,0.82324696,0.8244083,0.82831514,0.82324696,0.0063328808173537,0.0011613369,0.0011613369,0.005068183
MQAttn-LSTM-VQR,5,3,0.8094152,0.8200769,0.82324696,0.8094152,0.0063328808173537,0.010661662,0.010661662,0.013831735
MQAttn-LSTM-VQR,5,3,0.8033943,0.806826,0.8094152,0.8033943,0.0063328808173537,0.0034316778,0.0034316778,0.0060209036
MQAttn-LSTM-VQR,5,3,0.804537,0.7999295,0.8033943,0.804537,0.0063328808173537,0.0046074986,0.0046074986,0.0011426806
MQAttn-LSTM-VQR,5,3,0.79609007,0.8015998,0.804537,0.79609007,0.0063328808173537,0.005509734,0.005509734,0.008446932
MQAttn-LSTM-VQR,5,3,0.79367363,0.7922116,0.79609007,0.79367363,0.0063328808173537,0.0014620423,0.0014620423,0.002416432
MQAttn-LSTM-VQR,5,3,0.78867537,0.79007864,0.79367363,0.78867537,0.0063328808173537,0.0014032722,0.0014032722,0.0049982667
MQAttn-LSTM-VQR,5,5,0.8740694,0.86521643,0.8797786,0.8740694,0.0063328808173537,0.008852959,0.008852959,0.005709231
MQAttn-LSTM-VQR,5,5,0.87952185,0.86838806,0.8740694,0.87952185,0.0063328808173537,0.01113379,0.01113379,0.005452454
MQAttn-LSTM-VQR,5,5,0.8696272,0.87955195,0.87952185,0.8696272,0.0063328808173537,0.009924769,0.009924769,0.009894669
MQAttn-LSTM-VQR,5,5,0.8527029,0.8685467,0.8696272,0.8527029,0.0063328808173537,0.015843809,0.015843809,0.016924262
MQAttn-LSTM-VQR,5,5,0.84489787,0.84975797,0.8527029,0.84489787,0.0063328808173537,0.004860103,0.004860103,0.0078050494
MQAttn-LSTM-VQR,5,5,0.8437867,0.85033053,0.84489787,0.8437867,0.0063328808173537,0.006543815,0.006543815,0.0011111498
MQAttn-LSTM-VQR,5,5,0.85135525,0.8454907,0.8437867,0.85135525,0.0063328808173537,0.0058645606,0.0058645606,0.007568538
MQAttn-LSTM-VQR,5,5,0.85452765,0.8499098,0.85135525,0.85452765,0.0063328808173537,0.00461787,0.00461787,0.0031723976
MQAttn-LSTM-VQR,5,5,0.85522854,0.8475712,0.85452765,0.85522854,0.0063328808173537,0.007657349,0.007657349,0.000700891
MQAttn-LSTM-VQR,5,5,0.8355601,0.84823173,0.85522854,0.8355601,0.0063328808173537,0.012671649,0.012671649,0.01966846
MQAttn-LSTM-VQR,5,5,0.8416284,0.82999337,0.8355601,0.8416284,0.0063328808173537,0.0116350055,0.0116350055,0.0060682893
MQAttn-LSTM-VQR,5,5,0.8357602,0.83499247,0.8416284,0.8357602,0.0063328808173537,0.0007677078,0.0007677078,0.0058681965
MQAttn-LSTM-VQR,5,5,0.82023066,0.83157486,0.8357602,0.82023066,0.0063328808173537,0.011344194,0.011344194,0.015529513
MQAttn-LSTM-VQR,5,5,0.81794864,0.8192374,0.82023066,0.81794864,0.0063328808173537,0.0012887716,0.0012887716,0.0022820234
MQAttn-LSTM-VQR,5,5,0.82139415,0.8164108,0.81794864,0.82139415,0.0063328808173537,0.0049833655,0.0049833655,0.003445506
MQAttn-LSTM-VQR,5,5,0.8328286,0.8191085,0.82139415,0.8328286,0.0063328808173537,0.013720095,0.013720095,0.011434436
MQAttn-LSTM-VQR,5,5,0.82844985,0.828285,0.8328286,0.82844985,0.0063328808173537,0.00016486645,0.00016486645,0.004378736
MQAttn-LSTM-VQR,5,5,0.821103,0.8244583,0.82844985,0.821103,0.0063328808173537,0.0033553243,0.0033553243,0.0073468685
MQAttn-LSTM-VQR,5,5,0.81731683,0.81723756,0.821103,0.81731683,0.0063328808173537,7.927418e-05,7.927418e-05,0.0037861466
MQAttn-LSTM-VQR,5,5,0.8141091,0.8131331,0.81731683,0.8141091,0.0063328808173537,0.00097596645,0.00097596645,0.0032077432
MQAttn-LSTM-VQR,5,5,0.8085135,0.8095442,0.8141091,0.8085135,0.0063328808173537,0.0010306835,0.0010306835,0.005595565
MQAttn-LSTM-VQR,5,5,0.8047877,0.80414516,0.8085135,0.8047877,0.0063328808173537,0.00064253807,0.00064253807,0.0037258267
MQAttn-LSTM-VQR,5,5,0.7933096,0.7998653,0.8047877,0.7933096,0.0063328808173537,0.0065556765,0.0065556765,0.011478066
MQAttn-LSTM-VQR classical twin,5,3,0.86238754,0.8735838,0.8802914,0.86238754,0.0063328808173537,0.011196256,0.011196256,0.017903864
MQAttn-LSTM-VQR classical twin,5,3,0.8542888,0.85749775,0.86238754,0.8542888,0.0063328808173537,0.0032089353,0.0032089353,0.0080987215
MQAttn-LSTM-VQR classical twin,5,3,0.86380047,0.8465894,0.8542888,0.86380047,0.0063328808173537,0.01721108,0.01721108,0.00951165
MQAttn-LSTM-VQR classical twin,5,3,0.85045785,0.8575282,0.86380047,0.85045785,0.0063328808173537,0.0070703626,0.0070703626,0.013342619
MQAttn-LSTM-VQR classical twin,5,3,0.844327,0.84388244,0.85045785,0.844327,0.0063328808173537,0.00044453144,0.00044453144,0.006130874
MQAttn-LSTM-VQR classical twin,5,3,0.84462684,0.8427973,0.844327,0.84462684,0.0063328808173537,0.0018295646,0.0018295646,0.00029987097
MQAttn-LSTM-VQR classical twin,5,3,0.8458035,0.8431933,0.84462684,0.8458035,0.0063328808173537,0.0026102066,0.0026102066,0.0011766553
MQAttn-LSTM-VQR classical twin,5,3,0.8436774,0.8429794,0.8458035,0.8436774,0.0063328808173537,0.00069803,0.00069803,0.0021260977
MQAttn-LSTM-VQR classical twin,5,3,0.8448119,0.83699214,0.8436774,0.8448119,0.0063328808173537,0.007819772,0.007819772,0.0011345148
MQAttn-LSTM-VQR classical twin,5,3,0.84333766,0.8378688,0.8448119,0.84333766,0.0063328808173537,0.0054688454,0.0054688454,0.0014742613
MQAttn-LSTM-VQR classical twin,5,3,0.823293,0.835611,0.84333766,0.823293,0.0063328808173537,0.012318015,0.012318015,0.020044684
MQAttn-LSTM-VQR classical twin,5,3,0.8092939,0.8174807,0.823293,0.8092939,0.0063328808173537,0.008186758,0.008186758,0.013999045
MQAttn-LSTM-VQR classical twin,5,3,0.79986495,0.80709344,0.8092939,0.79986495,0.0063328808173537,0.0072284937,0.0072284937,0.009428978
MQAttn-LSTM-VQR classical twin,5,3,0.7998536,0.799188,0.79986495,0.7998536,0.0063328808173537,0.00066560507,0.00066560507,1.13248825e-05
MQAttn-LSTM-VQR classical twin,5,3,0.8244732,0.79781204,0.7998536,0.8244732,0.0063328808173537,0.026661158,0.026661158,0.02461958
MQAttn-LSTM-VQR classical twin,5,3,0.82831514,0.8213067,0.8244732,0.82831514,0.0063328808173537,0.0070084333,0.0070084333,0.0038419366
MQAttn-LSTM-VQR classical twin,5,3,0.82324696,0.82309717,0.82831514,0.82324696,0.0063328808173537,0.00014978647,0.00014978647,0.005068183
MQAttn-LSTM-VQR classical twin,5,3,0.8094152,0.81689316,0.82324696,0.8094152,0.0063328808173537,0.007477939,0.007477939,0.013831735
MQAttn-LSTM-VQR classical twin,5,3,0.8033943,0.8030558,0.8094152,0.8033943,0.0063328808173537,0.00033849478,0.00033849478,0.0060209036
MQAttn-LSTM-VQR classical twin,5,3,0.804537,0.7997915,0.8033943,0.804537,0.0063328808173537,0.0047454834,0.0047454834,0.0011426806
MQAttn-LSTM-VQR classical twin,5,3,0.79609007,0.80075175,0.804537,0.79609007,0.0063328808173537,0.0046616793,0.0046616793,0.008446932
MQAttn-LSTM-VQR classical twin,5,3,0.79367363,0.7907883,0.79609007,0.79367363,0.0063328808173537,0.0028853416,0.0028853416,0.002416432
MQAttn-LSTM-VQR classical twin,5,3,0.78867537,0.78959614,0.79367363,0.78867537,0.0063328808173537,0.00092077255,0.00092077255,0.0049982667
MQAttn-LSTM-VQR classical twin,5,5,0.8740694,0.8696869,0.8797786,0.8740694,0.0063328808173537,0.004382491,0.004382491,0.005709231
MQAttn-LSTM-VQR classical twin,5,5,0.87952185,0.8679901,0.8740694,0.87952185,0.0063328808173537,0.01153177,0.01153177,0.005452454
MQAttn-LSTM-VQR classical twin,5,5,0.8696272,0.86969936,0.87952185,0.8696272,0.0063328808173537,7.2181225e-05,7.2181225e-05,0.009894669
MQAttn-LSTM-VQR classical twin,5,5,0.8527029,0.86289346,0.8696272,0.8527029,0.0063328808173537,0.0101905465,0.0101905465,0.016924262
MQAttn-LSTM-VQR classical twin,5,5,0.84489787,0.84511405,0.8527029,0.84489787,0.0063328808173537,0.00021618605,0.00021618605,0.0078050494
MQAttn-LSTM-VQR classical twin,5,5,0.8437867,0.8447701,0.84489787,0.8437867,0.0063328808173537,0.0009833574,0.0009833574,0.0011111498
MQAttn-LSTM-VQR classical twin,5,5,0.85135525,0.84373677,0.8437867,0.85135525,0.0063328808173537,0.007618487,0.007618487,0.007568538
MQAttn-LSTM-VQR classical twin,5,5,0.85452765,0.8477597,0.85135525,0.85452765,0.0063328808173537,0.0067679286,0.0067679286,0.0031723976
MQAttn-LSTM-VQR classical twin,5,5,0.85522854,0.84755975,0.85452765,0.85522854,0.0063328808173537,0.007668793,0.007668793,0.000700891
MQAttn-LSTM-VQR classical twin,5,5,0.8355601,0.8464479,0.85522854,0.8355601,0.0063328808173537,0.010887802,0.010887802,0.01966846
MQAttn-LSTM-VQR classical twin,5,5,0.8416284,0.8289041,0.8355601,0.8416284,0.0063328808173537,0.01272428,0.01272428,0.0060682893
MQAttn-LSTM-VQR classical twin,5,5,0.8357602,0.8361086,0.8416284,0.8357602,0.0063328808173537,0.00034844875,0.00034844875,0.0058681965
MQAttn-LSTM-VQR classical twin,5,5,0.82023066,0.8311718,0.8357602,0.82023066,0.0063328808173537,0.010941148,0.010941148,0.015529513
MQAttn-LSTM-VQR classical twin,5,5,0.81794864,0.81654906,0.82023066,0.81794864,0.0063328808173537,0.0013995767,0.0013995767,0.0022820234
MQAttn-LSTM-VQR classical twin,5,5,0.82139415,0.8161778,0.81794864,0.82139415,0.0063328808173537,0.00521636,0.00521636,0.003445506
MQAttn-LSTM-VQR classical twin,5,5,0.8328286,0.8171806,0.82139415,0.8328286,0.0063328808173537,0.015648007,0.015648007,0.011434436
MQAttn-LSTM-VQR classical twin,5,5,0.82844985,0.82713157,0.8328286,0.82844985,0.0063328808173537,0.0013182759,0.0013182759,0.004378736
MQAttn-LSTM-VQR classical twin,5,5,0.821103,0.82232034,0.82844985,0.821103,0.0063328808173537,0.0012173653,0.0012173653,0.0073468685
MQAttn-LSTM-VQR classical twin,5,5,0.81731683,0.81388164,0.821103,0.81731683,0.0063328808173537,0.0034351945,0.0034351945,0.0037861466
MQAttn-LSTM-VQR classical twin,5,5,0.8141091,0.81206256,0.81731683,0.8141091,0.0063328808173537,0.0020465255,0.0020465255,0.0032077432
MQAttn-LSTM-VQR classical twin,5,5,0.8085135,0.8091783,0.8141091,0.8085135,0.0063328808173537,0.0006647706,0.0006647706,0.005595565
MQAttn-LSTM-VQR classical twin,5,5,0.8047877,0.80485713,0.8085135,0.8047877,0.0063328808173537,6.943941e-05,6.943941e-05,0.0037258267
MQAttn-LSTM-VQR classical twin,5,5,0.7933096,0.80030775,0.8047877,0.7933096,0.0063328808173537,0.0069981217,0.0069981217,0.011478066
MQAttn-QLSTM-VQR,5,3,0.86238754,0.8715962,0.8802914,0.86238754,0.0063328808173537,0.009208679,0.009208679,0.017903864
MQAttn-QLSTM-VQR,5,3,0.8542888,0.8540633,0.86238754,0.8542888,0.0063328808173537,0.00022554398,0.00022554398,0.0080987215
MQAttn-QLSTM-VQR,5,3,0.86380047,0.8475654,0.8542888,0.86380047,0.0063328808173537,0.016235054,0.016235054,0.00951165
MQAttn-QLSTM-VQR,5,3,0.85045785,0.855697,0.86380047,0.85045785,0.0063328808173537,0.005239129,0.005239129,0.013342619
MQAttn-QLSTM-VQR,5,3,0.844327,0.8409316,0.85045785,0.844327,0.0063328808173537,0.0033953786,0.0033953786,0.006130874
MQAttn-QLSTM-VQR,5,3,0.84462684,0.84019333,0.844327,0.84462684,0.0063328808173537,0.0044335127,0.0044335127,0.00029987097
MQAttn-QLSTM-VQR,5,3,0.8458035,0.84096485,0.84462684,0.8458035,0.0063328808173537,0.0048386455,0.0048386455,0.0011766553
MQAttn-QLSTM-VQR,5,3,0.8436774,0.8415493,0.8458035,0.8436774,0.0063328808173537,0.0021281242,0.0021281242,0.0021260977
MQAttn-QLSTM-VQR,5,3,0.8448119,0.84020585,0.8436774,0.8448119,0.0063328808173537,0.004606068,0.004606068,0.0011345148
MQAttn-QLSTM-VQR,5,3,0.84333766,0.8409207,0.8448119,0.84333766,0.0063328808173537,0.0024169683,0.0024169683,0.0014742613
MQAttn-QLSTM-VQR,5,3,0.823293,0.8387572,0.84333766,0.823293,0.0063328808173537,0.015464246,0.015464246,0.020044684
MQAttn-QLSTM-VQR,5,3,0.8092939,0.81943464,0.823293,0.8092939,0.0063328808173537,0.010140717,0.010140717,0.013999045
MQAttn-QLSTM-VQR,5,3,0.79986495,0.8033257,0.8092939,0.79986495,0.0063328808173537,0.003460765,0.003460765,0.009428978
MQAttn-QLSTM-VQR,5,3,0.7998536,0.7937293,0.79986495,0.7998536,0.0063328808173537,0.0061243176,0.0061243176,1.13248825e-05
MQAttn-QLSTM-VQR,5,3,0.8244732,0.7937725,0.7998536,0.8244732,0.0063328808173537,0.030700684,0.030700684,0.02461958
MQAttn-QLSTM-VQR,5,3,0.82831514,0.82015747,0.8244732,0.82831514,0.0063328808173537,0.0081576705,0.0081576705,0.0038419366
MQAttn-QLSTM-VQR,5,3,0.82324696,0.82314646,0.82831514,0.82324696,0.0063328808173537,0.00010049343,0.00010049343,0.005068183
MQAttn-QLSTM-VQR,5,3,0.8094152,0.818783,0.82324696,0.8094152,0.0063328808173537,0.009367764,0.009367764,0.013831735
MQAttn-QLSTM-VQR,5,3,0.8033943,0.80456275,0.8094152,0.8033943,0.0063328808173537,0.0011684299,0.0011684299,0.0060209036
MQAttn-QLSTM-VQR,5,3,0.804537,0.80041486,0.8033943,0.804537,0.0063328808173537,0.004122138,0.004122138,0.0011426806
MQAttn-QLSTM-VQR,5,3,0.79609007,0.80068445,0.804537,0.79609007,0.0063328808173537,0.0045943856,0.0045943856,0.008446932
MQAttn-QLSTM-VQR,5,3,0.79367363,0.79263145,0.79609007,0.79367363,0.0063328808173537,0.0010421872,0.0010421872,0.002416432
MQAttn-QLSTM-VQR,5,3,0.78867537,0.7898903,0.79367363,0.78867537,0.0063328808173537,0.0012149215,0.0012149215,0.0049982667
MQAttn-QLSTM-VQR,5,5,0.8740694,0.8733469,0.8797786,0.8740694,0.0063328808173537,0.0007224679,0.0007224679,0.005709231
MQAttn-QLSTM-VQR,5,5,0.87952185,0.8680831,0.8740694,0.87952185,0.0063328808173537,0.011438727,0.011438727,0.005452454
MQAttn-QLSTM-VQR,5,5,0.8696272,0.8774729,0.87952185,0.8696272,0.0063328808173537,0.0078457,0.0078457,0.009894669
MQAttn-QLSTM-VQR,5,5,0.8527029,0.86347735,0.8696272,0.8527029,0.0063328808173537,0.010774434,0.010774434,0.016924262
MQAttn-QLSTM-VQR,5,5,0.84489787,0.8439978,0.8527029,0.84489787,0.0063328808173537,0.00090008974,0.00090008974,0.0078050494
MQAttn-QLSTM-VQR,5,5,0.8437867,0.84014887,0.84489787,0.8437867,0.0063328808173537,0.0036378503,0.0036378503,0.0011111498
MQAttn-QLSTM-VQR,5,5,0.85135525,0.83976,0.8437867,0.85135525,0.0063328808173537,0.011595249,0.011595249,0.007568538
MQAttn-QLSTM-VQR,5,5,0.85452765,0.84671915,0.85135525,0.85452765,0.0063328808173537,0.0078085065,0.0078085065,0.0031723976
MQAttn-QLSTM-VQR,5,5,0.85522854,0.8516603,0.85452765,0.85522854,0.0063328808173537,0.003568232,0.003568232,0.000700891
MQAttn-QLSTM-VQR,5,5,0.8355601,0.85030866,0.85522854,0.8355601,0.0063328808173537,0.014748573,0.014748573,0.01966846
MQAttn-QLSTM-VQR,5,5,0.8416284,0.83199,0.8355601,0.8416284,0.0063328808173537,0.009638369,0.009638369,0.0060682893
MQAttn-QLSTM-VQR,5,5,0.8357602,0.83767,0.8416284,0.8357602,0.0063328808173537,0.001909852,0.001909852,0.0058681965
MQAttn-QLSTM-VQR,5,5,0.82023066,0.8312097,0.8357602,0.82023066,0.0063328808173537,0.010979056,0.010979056,0.015529513
MQAttn-QLSTM-VQR,5,5,0.81794864,0.81669337,0.82023066,0.81794864,0.0063328808173537,0.0012552738,0.0012552738,0.0022820234
MQAttn-QLSTM-VQR,5,5,0.82139415,0.81432945,0.81794864,0.82139415,0.0063328808173537,0.0070647,0.0070647,0.003445506
MQAttn-QLSTM-VQR,5,5,0.8328286,0.81602013,0.82139415,0.8328286,0.0063328808173537,0.01680845,0.01680845,0.011434436
MQAttn-QLSTM-VQR,5,5,0.82844985,0.8274922,0.8328286,0.82844985,0.0063328808173537,0.0009576678,0.0009576678,0.004378736
MQAttn-QLSTM-VQR,5,5,0.821103,0.8244527,0.82844985,0.821103,0.0063328808173537,0.0033497214,0.0033497214,0.0073468685
MQAttn-QLSTM-VQR,5,5,0.81731683,0.81670386,0.821103,0.81731683,0.0063328808173537,0.00061297417,0.00061297417,0.0037861466
MQAttn-QLSTM-VQR,5,5,0.8141091,0.81406784,0.81731683,0.8141091,0.0063328808173537,4.1246414e-05,4.1246414e-05,0.0032077432
MQAttn-QLSTM-VQR,5,5,0.8085135,0.8104445,0.8141091,0.8085135,0.0063328808173537,0.0019309521,0.0019309521,0.005595565
MQAttn-QLSTM-VQR,5,5,0.8047877,0.8047931,0.8085135,0.8047877,0.0063328808173537,5.4240227e-06,5.4240227e-06,0.0037258267
MQAttn-QLSTM-VQR,5,5,0.7933096,0.8007997,0.8047877,0.7933096,0.0063328808173537,0.0074900985,0.0074900985,0.011478066
MQAttn-QLSTM-VQR classical twin,5,3,0.86238754,0.8721501,0.8802914,0.86238754,0.0063328808173537,0.009762585,0.009762585,0.017903864
MQAttn-QLSTM-VQR classical twin,5,3,0.8542888,0.85518134,0.86238754,0.8542888,0.0063328808173537,0.00089251995,0.00089251995,0.0080987215
MQAttn-QLSTM-VQR classical twin,5,3,0.86380047,0.8455943,0.8542888,0.86380047,0.0063328808173537,0.01820618,0.01820618,0.00951165
MQAttn-QLSTM-VQR classical twin,5,3,0.85045785,0.8559417,0.86380047,0.85045785,0.0063328808173537,0.0054838657,0.0054838657,0.013342619
MQAttn-QLSTM-VQR classical twin,5,3,0.844327,0.84389323,0.85045785,0.844327,0.0063328808173537,0.000433743,0.000433743,0.006130874
MQAttn-QLSTM-VQR classical twin,5,3,0.84462684,0.8395882,0.844327,0.84462684,0.0063328808173537,0.005038619,0.005038619,0.00029987097
MQAttn-QLSTM-VQR classical twin,5,3,0.8458035,0.8394557,0.84462684,0.8458035,0.0063328808173537,0.0063477755,0.0063477755,0.0011766553
MQAttn-QLSTM-VQR classical twin,5,3,0.8436774,0.8405226,0.8458035,0.8436774,0.0063328808173537,0.0031548142,0.0031548142,0.0021260977
MQAttn-QLSTM-VQR classical twin,5,3,0.8448119,0.8392431,0.8436774,0.8448119,0.0063328808173537,0.0055688024,0.0055688024,0.0011345148
MQAttn-QLSTM-VQR classical twin,5,3,0.84333766,0.84002966,0.8448119,0.84333766,0.0063328808173537,0.0033079982,0.0033079982,0.0014742613
MQAttn-QLSTM-VQR classical twin,5,3,0.823293,0.8382723,0.84333766,0.823293,0.0063328808173537,0.014979303,0.014979303,0.020044684
MQAttn-QLSTM-VQR classical twin,5,3,0.8092939,0.8193354,0.823293,0.8092939,0.0063328808173537,0.010041475,0.010041475,0.013999045
MQAttn-QLSTM-VQR classical twin,5,3,0.79986495,0.8031775,0.8092939,0.79986495,0.0063328808173537,0.0033125281,0.0033125281,0.009428978
MQAttn-QLSTM-VQR classical twin,5,3,0.7998536,0.7926956,0.79986495,0.7998536,0.0063328808173537,0.007158041,0.007158041,1.13248825e-05
MQAttn-QLSTM-VQR classical twin,5,3,0.8244732,0.7933637,0.7998536,0.8244732,0.0063328808173537,0.031109512,0.031109512,0.02461958
MQAttn-QLSTM-VQR classical twin,5,3,0.82831514,0.81986886,0.8244732,0.82831514,0.0063328808173537,0.008446276,0.008446276,0.0038419366
MQAttn-QLSTM-VQR classical twin,5,3,0.82324696,0.8224691,0.82831514,0.82324696,0.0063328808173537,0.0007778406,0.0007778406,0.005068183
MQAttn-QLSTM-VQR classical twin,5,3,0.8094152,0.8184827,0.82324696,0.8094152,0.0063328808173537,0.009067476,0.009067476,0.013831735
MQAttn-QLSTM-VQR classical twin,5,3,0.8033943,0.8050659,0.8094152,0.8033943,0.0063328808173537,0.0016715527,0.0016715527,0.0060209036
MQAttn-QLSTM-VQR classical twin,5,3,0.804537,0.80271363,0.8033943,0.804537,0.0063328808173537,0.0018233657,0.0018233657,0.0011426806
MQAttn-QLSTM-VQR classical twin,5,3,0.79609007,0.8036223,0.804537,0.79609007,0.0063328808173537,0.007532239,0.007532239,0.008446932
MQAttn-QLSTM-VQR classical twin,5,3,0.79367363,0.79419553,0.79609007,0.79367363,0.0063328808173537,0.00052189827,0.00052189827,0.002416432
MQAttn-QLSTM-VQR classical twin,5,3,0.78867537,0.79055566,0.79367363,0.78867537,0.0063328808173537,0.0018802881,0.0018802881,0.0049982667
MQAttn-QLSTM-VQR classical twin,5,5,0.8740694,0.8707457,0.8797786,0.8740694,0.0063328808173537,0.0033236742,0.0033236742,0.005709231
MQAttn-QLSTM-VQR classical twin,5,5,0.87952185,0.8676742,0.8740694,0.87952185,0.0063328808173537,0.011847675,0.011847675,0.005452454
MQAttn-QLSTM-VQR classical twin,5,5,0.8696272,0.87134665,0.87952185,0.8696272,0.0063328808173537,0.0017194748,0.0017194748,0.009894669
MQAttn-QLSTM-VQR classical twin,5,5,0.8527029,0.86204,0.8696272,0.8527029,0.0063328808173537,0.009337068,0.009337068,0.016924262
MQAttn-QLSTM-VQR classical twin,5,5,0.84489787,0.8450662,0.8527029,0.84489787,0.0063328808173537,0.00016832352,0.00016832352,0.0078050494
MQAttn-QLSTM-VQR classical twin,5,5,0.8437867,0.8390476,0.84489787,0.8437867,0.0063328808173537,0.0047391057,0.0047391057,0.0011111498
MQAttn-QLSTM-VQR classical twin,5,5,0.85135525,0.8380179,0.8437867,0.85135525,0.0063328808173537,0.013337374,0.013337374,0.007568538
MQAttn-QLSTM-VQR classical twin,5,5,0.85452765,0.8457429,0.85135525,0.85452765,0.0063328808173537,0.008784771,0.008784771,0.0031723976
MQAttn-QLSTM-VQR classical twin,5,5,0.85522854,0.85142326,0.85452765,0.85522854,0.0063328808173537,0.0038052797,0.0038052797,0.000700891
MQAttn-QLSTM-VQR classical twin,5,5,0.8355601,0.85069126,0.85522854,0.8355601,0.0063328808173537,0.0151311755,0.0151311755,0.01966846
MQAttn-QLSTM-VQR classical twin,5,5,0.8416284,0.83293116,0.8355601,0.8416284,0.0063328808173537,0.008697212,0.008697212,0.0060682893
MQAttn-QLSTM-VQR classical twin,5,5,0.8357602,0.8369233,0.8416284,0.8357602,0.0063328808173537,0.001163125,0.001163125,0.0058681965
MQAttn-QLSTM-VQR classical twin,5,5,0.82023066,0.8314574,0.8357602,0.82023066,0.0063328808173537,0.011226714,0.011226714,0.015529513
MQAttn-QLSTM-VQR classical twin,5,5,0.81794864,0.8172102,0.82023066,0.81794864,0.0063328808173537,0.00073844194,0.00073844194,0.0022820234
MQAttn-QLSTM-VQR classical twin,5,5,0.82139415,0.8143749,0.81794864,0.82139415,0.0063328808173537,0.007019222,0.007019222,0.003445506
MQAttn-QLSTM-VQR classical twin,5,5,0.8328286,0.816502,0.82139415,0.8328286,0.0063328808173537,0.016326606,0.016326606,0.011434436
MQAttn-QLSTM-VQR classical twin,5,5,0.82844985,0.82814294,0.8328286,0.82844985,0.0063328808173537,0.00030690432,0.00030690432,0.004378736
MQAttn-QLSTM-VQR classical twin,5,5,0.821103,0.82564545,0.82844985,0.821103,0.0063328808173537,0.00454247,0.00454247,0.0073468685
MQAttn-QLSTM-VQR classical twin,5,5,0.81731683,0.8181033,0.821103,0.81731683,0.0063328808173537,0.0007864833,0.0007864833,0.0037861466
MQAttn-QLSTM-VQR classical twin,5,5,0.8141091,0.81659,0.81731683,0.8141091,0.0063328808173537,0.0024809241,0.0024809241,0.0032077432
MQAttn-QLSTM-VQR classical twin,5,5,0.8085135,0.81232643,0.8141091,0.8085135,0.0063328808173537,0.0038129091,0.0038129091,0.005595565
MQAttn-QLSTM-VQR classical twin,5,5,0.8047877,0.80698836,0.8085135,0.8047877,0.0063328808173537,0.002200663,0.002200663,0.0037258267
MQAttn-QLSTM-VQR classical twin,5,5,0.7933096,0.80095345,0.8047877,0.7933096,0.0063328808173537,0.007643819,0.007643819,0.011478066
QLSTM,5,3,0.86238754,0.87130207,0.8802914,0.86238754,0.0063328808173537,0.00891453,0.00891453,0.017903864
QLSTM,5,3,0.8542888,0.8531021,0.86238754,0.8542888,0.0063328808173537,0.0011867285,0.0011867285,0.0080987215
QLSTM,5,3,0.86380047,0.84505916,0.8542888,0.86380047,0.0063328808173537,0.01874131,0.01874131,0.00951165
QLSTM,5,3,0.85045785,0.85479987,0.86380047,0.85045785,0.0063328808173537,0.0043420196,0.0043420196,0.013342619
QLSTM,5,3,0.844327,0.841205,0.85045785,0.844327,0.0063328808173537,0.003121972,0.003121972,0.006130874
QLSTM,5,3,0.84462684,0.83934194,0.844327,0.84462684,0.0063328808173537,0.0052849054,0.0052849054,0.00029987097
QLSTM,5,3,0.8458035,0.83988965,0.84462684,0.8458035,0.0063328808173537,0.0059138536,0.0059138536,0.0011766553
QLSTM,5,3,0.8436774,0.8413299,0.8458035,0.8436774,0.0063328808173537,0.002347529,0.002347529,0.0021260977
QLSTM,5,3,0.8448119,0.83917546,0.8436774,0.8448119,0.0063328808173537,0.0056364536,0.0056364536,0.0011345148
QLSTM,5,3,0.84333766,0.8400549,0.8448119,0.84333766,0.0063328808173537,0.0032827258,0.0032827258,0.0014742613
QLSTM,5,3,0.823293,0.83843803,0.84333766,0.823293,0.0063328808173537,0.015145063,0.015145063,0.020044684
QLSTM,5,3,0.8092939,0.8186337,0.823293,0.8092939,0.0063328808173537,0.00933975,0.00933975,0.013999045
QLSTM,5,3,0.79986495,0.8049909,0.8092939,0.79986495,0.0063328808173537,0.00512594,0.00512594,0.009428978
QLSTM,5,3,0.7998536,0.79608864,0.79986495,0.7998536,0.0063328808173537,0.003764987,0.003764987,1.13248825e-05
QLSTM,5,3,0.8244732,0.7960214,0.7998536,0.8244732,0.0063328808173537,0.0284518,0.0284518,0.02461958
QLSTM,5,3,0.82831514,0.82038134,0.8244732,0.82831514,0.0063328808173537,0.007933795,0.007933795,0.0038419366
QLSTM,5,3,0.82324696,0.8236414,0.82831514,0.82324696,0.0063328808173537,0.00039446354,0.00039446354,0.005068183
QLSTM,5,3,0.8094152,0.818194,0.82324696,0.8094152,0.0063328808173537,0.008778751,0.008778751,0.013831735
QLSTM,5,3,0.8033943,0.8045387,0.8094152,0.8033943,0.0063328808173537,0.0011444092,0.0011444092,0.0060209036
QLSTM,5,3,0.804537,0.79915255,0.8033943,0.804537,0.0063328808173537,0.005384445,0.005384445,0.0011426806
QLSTM,5,3,0.79609007,0.8010855,0.804537,0.79609007,0.0063328808173537,0.0049954057,0.0049954057,0.008446932
QLSTM,5,3,0.79367363,0.7922289,0.79609007,0.79367363,0.0063328808173537,0.001444757,0.001444757,0.002416432
QLSTM,5,3,0.78867537,0.79024065,0.79367363,0.78867537,0.0063328808173537,0.0015652776,0.0015652776,0.0049982667
QLSTM,5,5,0.8740694,0.87207687,0.8797786,0.8740694,0.0063328808173537,0.0019925237,0.0019925237,0.005709231
QLSTM,5,5,0.87952185,0.8665766,0.8740694,0.87952185,0.0063328808173537,0.012945235,0.012945235,0.005452454
QLSTM,5,5,0.8696272,0.8716224,0.87952185,0.8696272,0.0063328808173537,0.0019952059,0.0019952059,0.009894669
QLSTM,5,5,0.8527029,0.86239797,0.8696272,0.8527029,0.0063328808173537,0.009695053,0.009695053,0.016924262
QLSTM,5,5,0.84489787,0.84560853,0.8527029,0.84489787,0.0063328808173537,0.0007106662,0.0007106662,0.0078050494
QLSTM,5,5,0.8437867,0.84064806,0.84489787,0.8437867,0.0063328808173537,0.0031386614,0.0031386614,0.0011111498
QLSTM,5,5,0.85135525,0.83903056,0.8437867,0.85135525,0.0063328808173537,0.012324691,0.012324691,0.007568538
QLSTM,5,5,0.85452765,0.84626657,0.85135525,0.85452765,0.0063328808173537,0.008261085,0.008261085,0.0031723976
QLSTM,5,5,0.85522854,0.84917665,0.85452765,0.85522854,0.0063328808173537,0.006051898,0.006051898,0.000700891
QLSTM,5,5,0.8355601,0.84987867,0.85522854,0.8355601,0.0063328808173537,0.014318585,0.014318585,0.01966846
QLSTM,5,5,0.8416284,0.8302021,0.8355601,0.8416284,0.0063328808173537,0.01142627,0.01142627,0.0060682893
QLSTM,5,5,0.8357602,0.83633,0.8416284,0.8357602,0.0063328808173537,0.0005698204,0.0005698204,0.0058681965
QLSTM,5,5,0.82023066,0.83203214,0.8357602,0.82023066,0.0063328808173537,0.011801481,0.011801481,0.015529513
QLSTM,5,5,0.81794864,0.8177795,0.82023066,0.81794864,0.0063328808173537,0.00016915798,0.00016915798,0.0022820234
QLSTM,5,5,0.82139415,0.81494236,0.81794864,0.82139415,0.0063328808173537,0.0064517856,0.0064517856,0.003445506
QLSTM,5,5,0.8328286,0.81785935,0.82139415,0.8328286,0.0063328808173537,0.01496923,0.01496923,0.011434436
QLSTM,5,5,0.82844985,0.8288218,0.8328286,0.82844985,0.0063328808173537,0.00037193298,0.00037193298,0.004378736
QLSTM,5,5,0.821103,0.82414883,0.82844985,0.821103,0.0063328808173537,0.003045857,0.003045857,0.0073468685
QLSTM,5,5,0.81731683,0.8168239,0.821103,0.81731683,0.0063328808173537,0.0004929304,0.0004929304,0.0037861466
QLSTM,5,5,0.8141091,0.8133752,0.81731683,0.8141091,0.0063328808173537,0.000733912,0.000733912,0.0032077432
QLSTM,5,5,0.8085135,0.8101819,0.8141091,0.8085135,0.0063328808173537,0.0016683936,0.0016683936,0.005595565
QLSTM,5,5,0.8047877,0.80477315,0.8085135,0.8047877,0.0063328808173537,1.4543533e-05,1.4543533e-05,0.0037258267
QLSTM,5,5,0.7933096,0.800824,0.8047877,0.7933096,0.0063328808173537,0.0075143576,0.0075143576,0.011478066
LSTM,5,3,0.86238754,0.873931,0.8802914,0.86238754,0.0063328808173537,0.011543453,0.011543453,0.017903864
LSTM,5,3,0.8542888,0.85684496,0.86238754,0.8542888,0.0063328808173537,0.0025561452,0.0025561452,0.0080987215
LSTM,5,3,0.86380047,0.8463722,0.8542888,0.86380047,0.0063328808173537,0.017428279,0.017428279,0.00951165
LSTM,5,3,0.85045785,0.858437,0.86380047,0.85045785,0.0063328808173537,0.007979155,0.007979155,0.013342619
LSTM,5,3,0.844327,0.84939265,0.85045785,0.844327,0.0063328808173537,0.0050656796,0.0050656796,0.006130874
LSTM,5,3,0.84462684,0.8420945,0.844327,0.84462684,0.0063328808173537,0.002532363,0.002532363,0.00029987097
LSTM,5,3,0.8458035,0.841573,0.84462684,0.8458035,0.0063328808173537,0.0042304993,0.0042304993,0.0011766553
LSTM,5,3,0.8436774,0.841944,0.8458035,0.8436774,0.0063328808173537,0.0017334223,0.0017334223,0.0021260977
LSTM,5,3,0.8448119,0.8380104,0.8436774,0.8448119,0.0063328808173537,0.0068015456,0.0068015456,0.0011345148
LSTM,5,3,0.84333766,0.83839065,0.8448119,0.84333766,0.0063328808173537,0.0049470067,0.0049470067,0.0014742613
LSTM,5,3,0.823293,0.8370067,0.84333766,0.823293,0.0063328808173537,0.013713717,0.013713717,0.020044684
LSTM,5,3,0.8092939,0.81657076,0.823293,0.8092939,0.0063328808173537,0.007276833,0.007276833,0.013999045
LSTM,5,3,0.79986495,0.80423945,0.8092939,0.79986495,0.0063328808173537,0.004374504,0.004374504,0.009428978
LSTM,5,3,0.7998536,0.7962666,0.79986495,0.7998536,0.0063328808173537,0.0035870075,0.0035870075,1.13248825e-05
LSTM,5,3,0.8244732,0.7966489,0.7998536,0.8244732,0.0063328808173537,0.027824283,0.027824283,0.02461958
LSTM,5,3,0.82831514,0.82052773,0.8244732,0.82831514,0.0063328808173537,0.0077874064,0.0077874064,0.0038419366
LSTM,5,3,0.82324696,0.82418483,0.82831514,0.82324696,0.0063328808173537,0.0009378791,0.0009378791,0.005068183
LSTM,5,3,0.8094152,0.8184366,0.82324696,0.8094152,0.0063328808173537,0.009021401,0.009021401,0.013831735
LSTM,5,3,0.8033943,0.80491996,0.8094152,0.8033943,0.0063328808173537,0.0015256405,0.0015256405,0.0060209036
LSTM,5,3,0.804537,0.7986858,0.8033943,0.804537,0.0063328808173537,0.005851209,0.005851209,0.0011426806
LSTM,5,3,0.79609007,0.8008694,0.804537,0.79609007,0.0063328808173537,0.004779339,0.004779339,0.008446932
LSTM,5,3,0.79367363,0.79172564,0.79609007,0.79367363,0.0063328808173537,0.001947999,0.001947999,0.002416432
LSTM,5,3,0.78867537,0.7884974,0.79367363,0.78867537,0.0063328808173537,0.00017797947,0.00017797947,0.0049982667
LSTM,5,5,0.8740694,0.87138844,0.8797786,0.8740694,0.0063328808173537,0.0026809573,0.0026809573,0.005709231
LSTM,5,5,0.87952185,0.86818796,0.8740694,0.87952185,0.0063328808173537,0.011333883,0.011333883,0.005452454
LSTM,5,5,0.8696272,0.8843297,0.87952185,0.8696272,0.0063328808173537,0.014702499,0.014702499,0.009894669
LSTM,5,5,0.8527029,0.86483324,0.8696272,0.8527029,0.0063328808173537,0.01213032,0.01213032,0.016924262
LSTM,5,5,0.84489787,0.8481087,0.8527029,0.84489787,0.0063328808173537,0.0032108426,0.0032108426,0.0078050494
LSTM,5,5,0.8437867,0.8433729,0.84489787,0.8437867,0.0063328808173537,0.00041383505,0.00041383505,0.0011111498
LSTM,5,5,0.85135525,0.8409722,0.8437867,0.85135525,0.0063328808173537,0.0103830695,0.0103830695,0.007568538
LSTM,5,5,0.85452765,0.8470586,0.85135525,0.85452765,0.0063328808173537,0.007469058,0.007469058,0.0031723976
LSTM,5,5,0.85522854,0.8478643,0.85452765,0.85522854,0.0063328808173537,0.007364273,0.007364273,0.000700891
LSTM,5,5,0.8355601,0.84948045,0.85522854,0.8355601,0.0063328808173537,0.013920367,0.013920367,0.01966846
LSTM,5,5,0.8416284,0.8285255,0.8355601,0.8416284,0.0063328808173537,0.013102889,0.013102889,0.0060682893
LSTM,5,5,0.8357602,0.8344861,0.8416284,0.8357602,0.0063328808173537,0.0012740493,0.0012740493,0.0058681965
LSTM,5,5,0.82023066,0.83165216,0.8357602,0.82023066,0.0063328808173537,0.011421502,0.011421502,0.015529513
LSTM,5,5,0.81794864,0.81671405,0.82023066,0.81794864,0.0063328808173537,0.001234591,0.001234591,0.0022820234
LSTM,5,5,0.82139415,0.81474143,0.81794864,0.82139415,0.0063328808173537,0.006652713,0.006652713,0.003445506
LSTM,5,5,0.8328286,0.818301,0.82139415,0.8328286,0.0063328808173537,0.014527559,0.014527559,0.011434436
LSTM,5,5,0.82844985,0.8294144,0.8328286,0.82844985,0.0063328808173537,0.00096458197,0.00096458197,0.004378736
LSTM,5,5,0.821103,0.82409847,0.82844985,0.821103,0.0063328808173537,0.002995491,0.002995491,0.0073468685
LSTM,5,5,0.81731683,0.8165273,0.821103,0.81731683,0.0063328808173537,0.0007895231,0.0007895231,0.0037861466
LSTM,5,5,0.8141091,0.8125737,0.81731683,0.8141091,0.0063328808173537,0.0015354156,0.0015354156,0.0032077432
LSTM,5,5,0.8085135,0.8091708,0.8141091,0.8085135,0.0063328808173537,0.0006572604,0.0006572604,0.005595565
LSTM,5,5,0.8047877,0.8041525,0.8085135,0.8047877,0.0063328808173537,0.0006352067,0.0006352067,0.0037258267
LSTM,5,5,0.7933096,0.7990716,0.8047877,0.7933096,0.0063328808173537,0.005761981,0.005761981,0.011478066
GRU,5,3,0.86238754,0.87369347,0.8802914,0.86238754,0.0063328808173537,0.011305928,0.011305928,0.017903864
GRU,5,3,0.8542888,0.8590024,0.86238754,0.8542888,0.0063328808173537,0.004713595,0.004713595,0.0080987215
GRU,5,3,0.86380047,0.84661007,0.8542888,0.86380047,0.0063328808173537,0.017190397,0.017190397,0.00951165
GRU,5,3,0.85045785,0.86247385,0.86380047,0.85045785,0.0063328808173537,0.012015998,0.012015998,0.013342619
GRU,5,3,0.844327,0.85069036,0.85045785,0.844327,0.0063328808173537,0.006363392,0.006363392,0.006130874
GRU,5,3,0.84462684,0.8446358,0.844327,0.84462684,0.0063328808173537,8.940697e-06,8.940697e-06,0.00029987097
GRU,5,3,0.8458035,0.8421952,0.84462684,0.8458035,0.0063328808173537,0.0036082864,0.0036082864,0.0011766553
GRU,5,3,0.8436774,0.84296703,0.8458035,0.8436774,0.0063328808173537,0.00071036816,0.00071036816,0.0021260977
GRU,5,3,0.8448119,0.8344567,0.8436774,0.8448119,0.0063328808173537,0.010355234,0.010355234,0.0011345148
GRU,5,3,0.84333766,0.83543986,0.8448119,0.84333766,0.0063328808173537,0.007897794,0.007897794,0.0014742613
GRU,5,3,0.823293,0.8338481,0.84333766,0.823293,0.0063328808173537,0.010555148,0.010555148,0.020044684
GRU,5,3,0.8092939,0.8143597,0.823293,0.8092939,0.0063328808173537,0.0050657988,0.0050657988,0.013999045
GRU,5,3,0.79986495,0.80373603,0.8092939,0.79986495,0.0063328808173537,0.0038710833,0.0038710833,0.009428978
GRU,5,3,0.7998536,0.7974344,0.79986495,0.7998536,0.0063328808173537,0.0024192333,0.0024192333,1.13248825e-05
GRU,5,3,0.8244732,0.7985776,0.7998536,0.8244732,0.0063328808173537,0.025895596,0.025895596,0.02461958
GRU,5,3,0.82831514,0.82171726,0.8244732,0.82831514,0.0063328808173537,0.0065978765,0.0065978765,0.0038419366
GRU,5,3,0.82324696,0.8241937,0.82831514,0.82324696,0.0063328808173537,0.0009467602,0.0009467602,0.005068183
GRU,5,3,0.8094152,0.8179241,0.82324696,0.8094152,0.0063328808173537,0.008508861,0.008508861,0.013831735
GRU,5,3,0.8033943,0.80567956,0.8094152,0.8033943,0.0063328808173537,0.002285242,0.002285242,0.0060209036
GRU,5,3,0.804537,0.8027341,0.8033943,0.804537,0.0063328808173537,0.0018029213,0.0018029213,0.0011426806
GRU,5,3,0.79609007,0.8042345,0.804537,0.79609007,0.0063328808173537,0.008144438,0.008144438,0.008446932
GRU,5,3,0.79367363,0.79466736,0.79609007,0.79367363,0.0063328808173537,0.0009937286,0.0009937286,0.002416432
GRU,5,3,0.78867537,0.7881763,0.79367363,0.78867537,0.0063328808173537,0.0004990697,0.0004990697,0.0049982667
GRU,5,5,0.8740694,0.87098503,0.8797786,0.8740694,0.0063328808173537,0.0030843616,0.0030843616,0.005709231
GRU,5,5,0.87952185,0.8705211,0.8740694,0.87952185,0.0063328808173537,0.009000719,0.009000719,0.005452454
GRU,5,5,0.8696272,0.9147704,0.87952185,0.8696272,0.0063328808173537,0.045143247,0.045143247,0.009894669
GRU,5,5,0.8527029,0.8816499,0.8696272,0.8527029,0.0063328808173537,0.028946996,0.028946996,0.016924262
GRU,5,5,0.84489787,0.86039,0.8527029,0.84489787,0.0063328808173537,0.015492141,0.015492141,0.0078050494
GRU,5,5,0.8437867,0.8543935,0.84489787,0.8437867,0.0063328808173537,0.010606766,0.010606766,0.0011111498
GRU,5,5,0.85135525,0.8497503,0.8437867,0.85135525,0.0063328808173537,0.0016049743,0.0016049743,0.007568538
GRU,5,5,0.85452765,0.8527206,0.85135525,0.85452765,0.0063328808173537,0.001807034,0.001807034,0.0031723976
GRU,5,5,0.85522854,0.8463928,0.85452765,0.85522854,0.0063328808173537,0.008835733,0.008835733,0.000700891
GRU,5,5,0.8355601,0.8467427,0.85522854,0.8355601,0.0063328808173537,0.011182606,0.011182606,0.01966846
GRU,5,5,0.8416284,0.8288845,0.8355601,0.8416284,0.0063328808173537,0.01274389,0.01274389,0.0060682893
GRU,5,5,0.8357602,0.8352347,0.8416284,0.8357602,0.0063328808173537,0.00052547455,0.00052547455,0.0058681965
GRU,5,5,0.82023066,0.8299317,0.8357602,0.82023066,0.0063328808173537,0.009701014,0.009701014,0.015529513
GRU,5,5,0.81794864,0.8171432,0.82023066,0.81794864,0.0063328808173537,0.00080543756,0.00080543756,0.0022820234
GRU,5,5,0.82139415,0.8148449,0.81794864,0.82139415,0.0063328808173537,0.006549239,0.006549239,0.003445506
GRU,5,5,0.8328286,0.818004,0.82139415,0.8328286,0.0063328808173537,0.014824569,0.014824569,0.011434436
GRU,5,5,0.82844985,0.8296886,0.8328286,0.82844985,0.0063328808173537,0.0012387633,0.0012387633,0.004378736
GRU,5,5,0.821103,0.82464576,0.82844985,0.821103,0.0063328808173537,0.0035427809,0.0035427809,0.0073468685
GRU,5,5,0.81731683,0.81745225,0.821103,0.81731683,0.0063328808173537,0.00013542175,0.00013542175,0.0037861466
GRU,5,5,0.8141091,0.8150973,0.81731683,0.8141091,0.0063328808173537,0.0009881854,0.0009881854,0.0032077432
GRU,5,5,0.8085135,0.8104392,0.8141091,0.8085135,0.0063328808173537,0.0019257069,0.0019257069,0.005595565
GRU,5,5,0.8047877,0.8037971,0.8085135,0.8047877,0.0063328808173537,0.0009905696,0.0009905696,0.0037258267
GRU,5,5,0.7933096,0.79586184,0.8047877,0.7933096,0.0063328808173537,0.0025522113,0.0025522113,0.011478066
MLP,5,3,0.86238754,0.8697668,0.8802914,0.86238754,0.0063328808173537,0.007379234,0.007379234,0.017903864
MLP,5,3,0.8542888,0.85662866,0.86238754,0.8542888,0.0063328808173537,0.00233984,0.00233984,0.0080987215
MLP,5,3,0.86380047,0.8527171,0.8542888,0.86380047,0.0063328808173537,0.0110833645,0.0110833645,0.00951165
MLP,5,3,0.85045785,0.85195714,0.86380047,0.85045785,0.0063328808173537,0.0014992952,0.0014992952,0.013342619
MLP,5,3,0.844327,0.83592224,0.85045785,0.844327,0.0063328808173537,0.008404732,0.008404732,0.006130874
MLP,5,3,0.84462684,0.84719807,0.844327,0.84462684,0.0063328808173537,0.0025712252,0.0025712252,0.00029987097
MLP,5,3,0.8458035,0.8454114,0.84462684,0.8458035,0.0063328808173537,0.00039207935,0.00039207935,0.0011766553
MLP,5,3,0.8436774,0.8363667,0.8458035,0.8436774,0.0063328808173537,0.0073106885,0.0073106885,0.0021260977
MLP,5,3,0.8448119,0.8374333,0.8436774,0.8448119,0.0063328808173537,0.007378638,0.007378638,0.0011345148
MLP,5,3,0.84333766,0.84029067,0.8448119,0.84333766,0.0063328808173537,0.0030469894,0.0030469894,0.0014742613
MLP,5,3,0.823293,0.83755714,0.84333766,0.823293,0.0063328808173537,0.014264166,0.014264166,0.020044684
MLP,5,3,0.8092939,0.8178385,0.823293,0.8092939,0.0063328808173537,0.008544564,0.008544564,0.013999045
MLP,5,3,0.79986495,0.80380994,0.8092939,0.79986495,0.0063328808173537,0.003944993,0.003944993,0.009428978
MLP,5,3,0.7998536,0.7968999,0.79986495,0.7998536,0.0063328808173537,0.0029537082,0.0029537082,1.13248825e-05
MLP,5,3,0.8244732,0.7964922,0.7998536,0.8244732,0.0063328808173537,0.027980983,0.027980983,0.02461958
MLP,5,3,0.82831514,0.81757945,0.8244732,0.82831514,0.0063328808173537,0.010735691,0.010735691,0.0038419366
MLP,5,3,0.82324696,0.82146186,0.82831514,0.82324696,0.0063328808173537,0.0017850995,0.0017850995,0.005068183
MLP,5,3,0.8094152,0.82382023,0.82324696,0.8094152,0.0063328808173537,0.014405012,0.014405012,0.013831735
MLP,5,3,0.8033943,0.80758095,0.8094152,0.8033943,0.0063328808173537,0.0041866302,0.0041866302,0.0060209036
MLP,5,3,0.804537,0.80237997,0.8033943,0.804537,0.0063328808173537,0.0021570325,0.0021570325,0.0011426806
MLP,5,3,0.79609007,0.8050773,0.804537,0.79609007,0.0063328808173537,0.008987248,0.008987248,0.008446932
MLP,5,3,0.79367363,0.79416865,0.79609007,0.79367363,0.0063328808173537,0.0004950166,0.0004950166,0.002416432
MLP,5,3,0.78867537,0.79399085,0.79367363,0.78867537,0.0063328808173537,0.0053154826,0.0053154826,0.0049982667
MLP,5,5,0.8740694,0.8716086,0.8797786,0.8740694,0.0063328808173537,0.0024607778,0.0024607778,0.005709231
MLP,5,5,0.87952185,0.8664274,0.8740694,0.87952185,0.0063328808173537,0.013094425,0.013094425,0.005452454
MLP,5,5,0.8696272,0.8249118,0.87952185,0.8696272,0.0063328808173537,0.044715405,0.044715405,0.009894669
MLP,5,5,0.8527029,0.89535517,0.8696272,0.8527029,0.0063328808173537,0.04265225,0.04265225,0.016924262
MLP,5,5,0.84489787,0.8077157,0.8527029,0.84489787,0.0063328808173537,0.037182152,0.037182152,0.0078050494
MLP,5,5,0.8437867,0.80406225,0.84489787,0.8437867,0.0063328808173537,0.03972447,0.03972447,0.0011111498
MLP,5,5,0.85135525,0.8364731,0.8437867,0.85135525,0.0063328808173537,0.014882147,0.014882147,0.007568538
MLP,5,5,0.85452765,0.8750108,0.85135525,0.85452765,0.0063328808173537,0.020483136,0.020483136,0.0031723976
MLP,5,5,0.85522854,0.8517029,0.85452765,0.85522854,0.0063328808173537,0.0035256147,0.0035256147,0.000700891
MLP,5,5,0.8355601,0.8479815,0.85522854,0.8355601,0.0063328808173537,0.012421429,0.012421429,0.01966846
MLP,5,5,0.8416284,0.8339597,0.8355601,0.8416284,0.0063328808173537,0.007668674,0.007668674,0.0060682893
MLP,5,5,0.8357602,0.8381446,0.8416284,0.8357602,0.0063328808173537,0.0023844242,0.0023844242,0.0058681965
MLP,5,5,0.82023066,0.8290664,0.8357602,0.82023066,0.0063328808173537,0.008835733,0.008835733,0.015529513
MLP,5,5,0.81794864,0.81796247,0.82023066,0.81794864,0.0063328808173537,1.3828278e-05,1.3828278e-05,0.0022820234
MLP,5,5,0.82139415,0.81701076,0.81794864,0.82139415,0.0063328808173537,0.004383385,0.004383385,0.003445506
MLP,5,5,0.8328286,0.82571435,0.82139415,0.8328286,0.0063328808173537,0.0071142316,0.0071142316,0.011434436
MLP,5,5,0.82844985,0.81540406,0.8328286,0.82844985,0.0063328808173537,0.013045788,0.013045788,0.004378736
MLP,5,5,0.821103,0.8224204,0.82844985,0.821103,0.0063328808173537,0.0013174415,0.0013174415,0.0073468685
MLP,5,5,0.81731683,0.82095903,0.821103,0.81731683,0.0063328808173537,0.0036422014,0.0036422014,0.0037861466
MLP,5,5,0.8141091,0.8144759,0.81731683,0.8141091,0.0063328808173537,0.00036680698,0.00036680698,0.0032077432
MLP,5,5,0.8085135,0.8113444,0.8141091,0.8085135,0.0063328808173537,0.002830863,0.002830863,0.005595565
MLP,5,5,0.8047877,0.80473036,0.8085135,0.8047877,0.0063328808173537,5.733967e-05,5.733967e-05,0.0037258267
MLP,5,5,0.7933096,0.79991424,0.8047877,0.7933096,0.0063328808173537,0.006604612,0.006604612,0.011478066
Seq2Seq,5,3,0.86238754,0.86423916,0.8802914,0.86238754,0.0063328808173537,0.0018516183,0.0018516183,0.017903864
Seq2Seq,5,3,0.8542888,0.8569535,0.86238754,0.8542888,0.0063328808173537,0.0026646852,0.0026646852,0.0080987215
Seq2Seq,5,3,0.86380047,0.84449524,0.8542888,0.86380047,0.0063328808173537,0.01930523,0.01930523,0.00951165
Seq2Seq,5,3,0.85045785,0.85724777,0.86380047,0.85045785,0.0063328808173537,0.0067899227,0.0067899227,0.013342619
Seq2Seq,5,3,0.844327,0.84936744,0.85045785,0.844327,0.0063328808173537,0.005040467,0.005040467,0.006130874
Seq2Seq,5,3,0.84462684,0.84437305,0.844327,0.84462684,0.0063328808173537,0.00025379658,0.00025379658,0.00029987097
Seq2Seq,5,3,0.8458035,0.8437652,0.84462684,0.8458035,0.0063328808173537,0.0020383,0.0020383,0.0011766553
Seq2Seq,5,3,0.8436774,0.846262,0.8458035,0.8436774,0.0063328808173537,0.0025845766,0.0025845766,0.0021260977
Seq2Seq,5,3,0.8448119,0.84043723,0.8436774,0.8448119,0.0063328808173537,0.004374683,0.004374683,0.0011345148
Seq2Seq,5,3,0.84333766,0.8379452,0.8448119,0.84333766,0.0063328808173537,0.005392432,0.005392432,0.0014742613
Seq2Seq,5,3,0.823293,0.836847,0.84333766,0.823293,0.0063328808173537,0.013554037,0.013554037,0.020044684
Seq2Seq,5,3,0.8092939,0.819548,0.823293,0.8092939,0.0063328808173537,0.010254085,0.010254085,0.013999045
Seq2Seq,5,3,0.79986495,0.8064823,0.8092939,0.79986495,0.0063328808173537,0.0066173673,0.0066173673,0.009428978
Seq2Seq,5,3,0.7998536,0.7957512,0.79986495,0.7998536,0.0063328808173537,0.004102409,0.004102409,1.13248825e-05
Seq2Seq,5,3,0.8244732,0.7971371,0.7998536,0.8244732,0.0063328808173537,0.02733612,0.02733612,0.02461958
Seq2Seq,5,3,0.82831514,0.82116884,0.8244732,0.82831514,0.0063328808173537,0.007146299,0.007146299,0.0038419366
Seq2Seq,5,3,0.82324696,0.8220937,0.82831514,0.82324696,0.0063328808173537,0.0011532307,0.0011532307,0.005068183
Seq2Seq,5,3,0.8094152,0.81664103,0.82324696,0.8094152,0.0063328808173537,0.0072258115,0.0072258115,0.013831735
Seq2Seq,5,3,0.8033943,0.80530447,0.8094152,0.8033943,0.0063328808173537,0.00191015,0.00191015,0.0060209036
Seq2Seq,5,3,0.804537,0.8001011,0.8033943,0.804537,0.0063328808173537,0.004435897,0.004435897,0.0011426806
Seq2Seq,5,3,0.79609007,0.80024886,0.804537,0.79609007,0.0063328808173537,0.004158795,0.004158795,0.008446932
Seq2Seq,5,3,0.79367363,0.79253525,0.79609007,0.79367363,0.0063328808173537,0.0011383891,0.0011383891,0.002416432
Seq2Seq,5,3,0.78867537,0.79113865,0.79367363,0.78867537,0.0063328808173537,0.0024632812,0.0024632812,0.0049982667
Seq2Seq,5,5,0.8740694,0.86670744,0.8797786,0.8740694,0.0063328808173537,0.0073619485,0.0073619485,0.005709231
Seq2Seq,5,5,0.87952185,0.86879176,0.8740694,0.87952185,0.0063328808173537,0.010730088,0.010730088,0.005452454
Seq2Seq,5,5,0.8696272,0.8732377,0.87952185,0.8696272,0.0063328808173537,0.0036105514,0.0036105514,0.009894669
Seq2Seq,5,5,0.8527029,0.86093414,0.8696272,0.8527029,0.0063328808173537,0.008231223,0.008231223,0.016924262
Seq2Seq,5,5,0.84489787,0.84866273,0.8527029,0.84489787,0.0063328808173537,0.0037648678,0.0037648678,0.0078050494
Seq2Seq,5,5,0.8437867,0.8464994,0.84489787,0.8437867,0.0063328808173537,0.002712667,0.002712667,0.0011111498
Seq2Seq,5,5,0.85135525,0.84359485,0.8437867,0.85135525,0.0063328808173537,0.0077604055,0.0077604055,0.007568538
Seq2Seq,5,5,0.85452765,0.85024524,0.85135525,0.85452765,0.0063328808173537,0.004282415,0.004282415,0.0031723976
Seq2Seq,5,5,0.85522854,0.85037416,0.85452765,0.85522854,0.0063328808173537,0.004854381,0.004854381,0.000700891
Seq2Seq,5,5,0.8355601,0.8475402,0.85522854,0.8355601,0.0063328808173537,0.011980116,0.011980116,0.01966846
Seq2Seq,5,5,0.8416284,0.83123904,0.8355601,0.8416284,0.0063328808173537,0.010389328,0.010389328,0.0060682893
Seq2Seq,5,5,0.8357602,0.8367217,0.8416284,0.8357602,0.0063328808173537,0.00096154213,0.00096154213,0.0058681965
Seq2Seq,5,5,0.82023066,0.8303402,0.8357602,0.82023066,0.0063328808173537,0.010109544,0.010109544,0.015529513
Seq2Seq,5,5,0.81794864,0.8165311,0.82023066,0.81794864,0.0063328808173537,0.0014175177,0.0014175177,0.0022820234
Seq2Seq,5,5,0.82139415,0.81706107,0.81794864,0.82139415,0.0063328808173537,0.004333079,0.004333079,0.003445506
Seq2Seq,5,5,0.8328286,0.8175427,0.82139415,0.8328286,0.0063328808173537,0.015285909,0.015285909,0.011434436
Seq2Seq,5,5,0.82844985,0.828077,0.8328286,0.82844985,0.0063328808173537,0.00037282705,0.00037282705,0.004378736
Seq2Seq,5,5,0.821103,0.8232464,0.82844985,0.821103,0.0063328808173537,0.0021434426,0.0021434426,0.0073468685
Seq2Seq,5,5,0.81731683,0.8165523,0.821103,0.81731683,0.0063328808173537,0.0007645488,0.0007645488,0.0037861466
Seq2Seq,5,5,0.8141091,0.81376266,0.81731683,0.8141091,0.0063328808173537,0.0003464222,0.0003464222,0.0032077432
Seq2Seq,5,5,0.8085135,0.81135595,0.8141091,0.8085135,0.0063328808173537,0.0028424263,0.0028424263,0.005595565
Seq2Seq,5,5,0.8047877,0.80574226,0.8085135,0.8047877,0.0063328808173537,0.0009545684,0.0009545684,0.0037258267
Seq2Seq,5,5,0.7933096,0.800767,0.8047877,0.7933096,0.0063328808173537,0.0074573755,0.0074573755,0.011478066
Persistence,6,6,0.8901097,0.8960759,0.8960759,0.8901097,0.006489060819149,0.0059661865,0.0059661865,0.0059661865
Persistence,6,6,0.8845384,0.8901097,0.8901097,0.8845384,0.006489060819149,0.0055713058,0.0055713058,0.0055713058
Persistence,6,6,0.88003206,0.8845384,0.8845384,0.88003206,0.006489060819149,0.0045063496,0.0045063496,0.0045063496
Persistence,6,6,0.86393785,0.88003206,0.88003206,0.86393785,0.006489060819149,0.016094208,0.016094208,0.016094208
Persistence,6,6,0.85191804,0.86393785,0.86393785,0.85191804,0.006489060819149,0.012019813,0.012019813,0.012019813
Persistence,6,6,0.84655106,0.85191804,0.85191804,0.84655106,0.006489060819149,0.005366981,0.005366981,0.005366981
Persistence,6,6,0.8410362,0.84655106,0.84655106,0.8410362,0.006489060819149,0.00551486,0.00551486,0.00551486
Persistence,6,6,0.8311087,0.8410362,0.8410362,0.8311087,0.006489060819149,0.009927511,0.009927511,0.009927511
Persistence,6,6,0.826916,0.8311087,0.8311087,0.826916,0.006489060819149,0.00419271,0.00419271,0.00419271
Persistence,6,6,0.8187067,0.826916,0.826916,0.8187067,0.006489060819149,0.008209288,0.008209288,0.008209288
Persistence,6,6,0.8177571,0.8187067,0.8187067,0.8177571,0.006489060819149,0.0009495616,0.0009495616,0.0009495616
Persistence,6,6,0.82221174,0.8177571,0.8177571,0.82221174,0.006489060819149,0.0044546127,0.0044546127,0.0044546127
Persistence,6,6,0.8154538,0.82221174,0.82221174,0.8154538,0.006489060819149,0.006757915,0.006757915,0.006757915
Persistence,6,6,0.80811554,0.8154538,0.8154538,0.80811554,0.006489060819149,0.0073382854,0.0073382854,0.0073382854
Persistence,6,6,0.80867493,0.80811554,0.80811554,0.80867493,0.006489060819149,0.0005593896,0.0005593896,0.0005593896
Persistence,6,6,0.8150423,0.80867493,0.80867493,0.8150423,0.006489060819149,0.0063673854,0.0063673854,0.0063673854
Persistence,6,6,0.8069653,0.8150423,0.8150423,0.8069653,0.006489060819149,0.008077025,0.008077025,0.008077025
Persistence,6,6,0.7971569,0.8069653,0.8069653,0.7971569,0.006489060819149,0.009808421,0.009808421,0.009808421
Persistence,6,6,0.7919337,0.7971569,0.7971569,0.7919337,0.006489060819149,0.005223155,0.005223155,0.005223155
Persistence,6,6,0.78955144,0.7919337,0.7919337,0.78955144,0.006489060819149,0.0023822784,0.0023822784,0.0023822784
Persistence,6,6,0.7982195,0.78955144,0.78955144,0.7982195,0.006489060819149,0.008668065,0.008668065,0.008668065
Persistence,6,6,0.7910288,0.7982195,0.7982195,0.7910288,0.006489060819149,0.0071907043,0.0071907043,0.0071907043
Persistence,6,6,0.79262084,0.7910288,0.7910288,0.79262084,0.006489060819149,0.0015920401,0.0015920401,0.0015920401
Persistence,6,15,0.8724049,0.88199836,0.88199836,0.8724049,0.006489060819149,0.009593487,0.009593487,0.009593487
Persistence,6,15,0.87314415,0.8724049,0.8724049,0.87314415,0.006489060819149,0.0007392764,0.0007392764,0.0007392764
Persistence,6,15,0.85962033,0.87314415,0.87314415,0.85962033,0.006489060819149,0.013523817,0.013523817,0.013523817
Persistence,6,15,0.85267913,0.85962033,0.85962033,0.85267913,0.006489060819149,0.0069411993,0.0069411993,0.0069411993
Persistence,6,15,0.84834564,0.85267913,0.85267913,0.84834564,0.006489060819149,0.004333496,0.004333496,0.004333496
Persistence,6,15,0.8407997,0.84834564,0.84834564,0.8407997,0.006489060819149,0.007545948,0.007545948,0.007545948
Persistence,6,15,0.84251374,0.8407997,0.8407997,0.84251374,0.006489060819149,0.0017140508,0.0017140508,0.0017140508
Persistence,6,15,0.8422961,0.84251374,0.84251374,0.8422961,0.006489060819149,0.00021761656,0.00021761656,0.00021761656
Persistence,6,15,0.8382839,0.8422961,0.8422961,0.8382839,0.006489060819149,0.004012227,0.004012227,0.004012227
Persistence,6,15,0.8357488,0.8382839,0.8382839,0.8357488,0.006489060819149,0.0025351048,0.0025351048,0.0025351048
Persistence,6,15,0.8347425,0.8357488,0.8357488,0.8347425,0.006489060819149,0.0010063052,0.0010063052,0.0010063052
Persistence,6,15,0.8298506,0.8347425,0.8347425,0.8298506,0.006489060819149,0.0048918724,0.0048918724,0.0048918724
Persistence,6,15,0.81573904,0.8298506,0.8298506,0.81573904,0.006489060819149,0.014111578,0.014111578,0.014111578
Persistence,6,15,0.8110497,0.81573904,0.81573904,0.8110497,0.006489060819149,0.004689336,0.004689336,0.004689336
Persistence,6,15,0.8123055,0.8110497,0.8110497,0.8123055,0.006489060819149,0.0012558103,0.0012558103,0.0012558103
Persistence,6,15,0.8074114,0.8123055,0.8123055,0.8074114,0.006489060819149,0.0048941374,0.0048941374,0.0048941374
Persistence,6,15,0.80365896,0.8074114,0.8074114,0.80365896,0.006489060819149,0.0037524104,0.0037524104,0.0037524104
Persistence,6,15,0.80093294,0.80365896,0.80365896,0.80093294,0.006489060819149,0.0027260184,0.0027260184,0.0027260184
Persistence,6,15,0.7892152,0.80093294,0.80093294,0.7892152,0.006489060819149,0.011717737,0.011717737,0.011717737
Persistence,6,15,0.7919648,0.7892152,0.7892152,0.7919648,0.006489060819149,0.0027496219,0.0027496219,0.0027496219
MQAttn-LSTM-VQR,6,6,0.8901097,0.8831193,0.8960759,0.8901097,0.006489060819149,0.0069904327,0.0069904327,0.0059661865
MQAttn-LSTM-VQR,6,6,0.8845384,0.884253,0.8901097,0.8845384,0.006489060819149,0.00028538704,0.00028538704,0.0055713058
MQAttn-LSTM-VQR,6,6,0.88003206,0.8861827,0.8845384,0.88003206,0.006489060819149,0.006150663,0.006150663,0.0045063496
MQAttn-LSTM-VQR,6,6,0.86393785,0.87427855,0.88003206,0.86393785,0.006489060819149,0.010340691,0.010340691,0.016094208
MQAttn-LSTM-VQR,6,6,0.85191804,0.8575961,0.86393785,0.85191804,0.006489060819149,0.0056780577,0.0056780577,0.012019813
MQAttn-LSTM-VQR,6,6,0.84655106,0.85254395,0.85191804,0.84655106,0.006489060819149,0.0059928894,0.0059928894,0.005366981
MQAttn-LSTM-VQR,6,6,0.8410362,0.8445892,0.84655106,0.8410362,0.006489060819149,0.0035529733,0.0035529733,0.00551486
MQAttn-LSTM-VQR,6,6,0.8311087,0.83615655,0.8410362,0.8311087,0.006489060819149,0.0050478578,0.0050478578,0.009927511
MQAttn-LSTM-VQR,6,6,0.826916,0.82702094,0.8311087,0.826916,0.006489060819149,0.00010496378,0.00010496378,0.00419271
MQAttn-LSTM-VQR,6,6,0.8187067,0.8207946,0.826916,0.8187067,0.006489060819149,0.002087891,0.002087891,0.008209288
MQAttn-LSTM-VQR,6,6,0.8177571,0.81245446,0.8187067,0.8177571,0.006489060819149,0.0053026676,0.0053026676,0.0009495616
MQAttn-LSTM-VQR,6,6,0.82221174,0.81223243,0.8177571,0.82221174,0.006489060819149,0.009979308,0.009979308,0.0044546127
MQAttn-LSTM-VQR,6,6,0.8154538,0.8160916,0.82221174,0.8154538,0.006489060819149,0.0006377697,0.0006377697,0.006757915
MQAttn-LSTM-VQR,6,6,0.80811554,0.8150839,0.8154538,0.80811554,0.006489060819149,0.006968379,0.006968379,0.0073382854
MQAttn-LSTM-VQR,6,6,0.80867493,0.8105127,0.80811554,0.80867493,0.006489060819149,0.00183779,0.00183779,0.0005593896
MQAttn-LSTM-VQR,6,6,0.8150423,0.81013197,0.80867493,0.8150423,0.006489060819149,0.00491035,0.00491035,0.0063673854
MQAttn-LSTM-VQR,6,6,0.8069653,0.81476533,0.8150423,0.8069653,0.006489060819149,0.0078000426,0.0078000426,0.008077025
MQAttn-LSTM-VQR,6,6,0.7971569,0.80612874,0.8069653,0.7971569,0.006489060819149,0.00897187,0.00897187,0.009808421
MQAttn-LSTM-VQR,6,6,0.7919337,0.7923767,0.7971569,0.7919337,0.006489060819149,0.00044298172,0.00044298172,0.005223155
MQAttn-LSTM-VQR,6,6,0.78955144,0.7878662,0.7919337,0.78955144,0.006489060819149,0.0016852617,0.0016852617,0.0023822784
MQAttn-LSTM-VQR,6,6,0.7982195,0.7855033,0.78955144,0.7982195,0.006489060819149,0.012716174,0.012716174,0.008668065
MQAttn-LSTM-VQR,6,6,0.7910288,0.7912293,0.7982195,0.7910288,0.006489060819149,0.00020051003,0.00020051003,0.0071907043
MQAttn-LSTM-VQR,6,6,0.79262084,0.78669804,0.7910288,0.79262084,0.006489060819149,0.0059227943,0.0059227943,0.0015920401
MQAttn-LSTM-VQR,6,15,0.8724049,0.8753157,0.88199836,0.8724049,0.006489060819149,0.0029108524,0.0029108524,0.009593487
MQAttn-LSTM-VQR,6,15,0.87314415,0.86689633,0.8724049,0.87314415,0.006489060819149,0.0062478185,0.0062478185,0.0007392764
MQAttn-LSTM-VQR,6,15,0.85962033,0.8682107,0.87314415,0.85962033,0.006489060819149,0.008590341,0.008590341,0.013523817
MQAttn-LSTM-VQR,6,15,0.85267913,0.8525117,0.85962033,0.85267913,0.006489060819149,0.00016742945,0.00016742945,0.0069411993
MQAttn-LSTM-VQR,6,15,0.84834564,0.8481865,0.85267913,0.84834564,0.006489060819149,0.0001591444,0.0001591444,0.004333496
MQAttn-LSTM-VQR,6,15,0.8407997,0.8481659,0.84834564,0.8407997,0.006489060819149,0.00736624,0.00736624,0.007545948
MQAttn-LSTM-VQR,6,15,0.84251374,0.84164715,0.8407997,0.84251374,0.006489060819149,0.00086659193,0.00086659193,0.0017140508
MQAttn-LSTM-VQR,6,15,0.8422961,0.8388007,0.84251374,0.8422961,0.006489060819149,0.0034953952,0.0034953952,0.00021761656
MQAttn-LSTM-VQR,6,15,0.8382839,0.8369745,0.8422961,0.8382839,0.006489060819149,0.0013093948,0.0013093948,0.004012227
MQAttn-LSTM-VQR,6,15,0.8357488,0.83213735,0.8382839,0.8357488,0.006489060819149,0.0036114454,0.0036114454,0.0025351048
MQAttn-LSTM-VQR,6,15,0.8347425,0.8276039,0.8357488,0.8347425,0.006489060819149,0.00713861,0.00713861,0.0010063052
MQAttn-LSTM-VQR,6,15,0.8298506,0.82885426,0.8347425,0.8298506,0.006489060819149,0.0009963512,0.0009963512,0.0048918724
MQAttn-LSTM-VQR,6,15,0.81573904,0.82514894,0.8298506,0.81573904,0.006489060819149,0.0094099045,0.0094099045,0.014111578
MQAttn-LSTM-VQR,6,15,0.8110497,0.81594956,0.81573904,0.8110497,0.006489060819149,0.0048998594,0.0048998594,0.004689336
MQAttn-LSTM-VQR,6,15,0.8123055,0.81237406,0.8110497,0.8123055,0.006489060819149,6.854534e-05,6.854534e-05,0.0012558103
MQAttn-LSTM-VQR,6,15,0.8074114,0.8117669,0.8123055,0.8074114,0.006489060819149,0.00435555,0.00435555,0.0048941374
MQAttn-LSTM-VQR,6,15,0.80365896,0.79793113,0.8074114,0.80365896,0.006489060819149,0.0057278275,0.0057278275,0.0037524104
MQAttn-LSTM-VQR,6,15,0.80093294,0.8007075,0.80365896,0.80093294,0.006489060819149,0.00022542477,0.00022542477,0.0027260184
MQAttn-LSTM-VQR,6,15,0.7892152,0.7977889,0.80093294,0.7892152,0.006489060819149,0.008573711,0.008573711,0.011717737
MQAttn-LSTM-VQR,6,15,0.7919648,0.78592306,0.7892152,0.7919648,0.006489060819149,0.006041765,0.006041765,0.0027496219
MQAttn-LSTM-VQR classical twin,6,6,0.8901097,0.88488185,0.8960759,0.8901097,0.006489060819149,0.005227864,0.005227864,0.0059661865
MQAttn-LSTM-VQR classical twin,6,6,0.8845384,0.8825313,0.8901097,0.8845384,0.006489060819149,0.0020071268,0.0020071268,0.0055713058
MQAttn-LSTM-VQR classical twin,6,6,0.88003206,0.8829444,0.8845384,0.88003206,0.006489060819149,0.0029123425,0.0029123425,0.0045063496
MQAttn-LSTM-VQR classical twin,6,6,0.86393785,0.87914366,0.88003206,0.86393785,0.006489060819149,0.0152058005,0.0152058005,0.016094208
MQAttn-LSTM-VQR classical twin,6,6,0.85191804,0.86146116,0.86393785,0.85191804,0.006489060819149,0.009543121,0.009543121,0.012019813
MQAttn-LSTM-VQR classical twin,6,6,0.84655106,0.85417354,0.85191804,0.84655106,0.006489060819149,0.0076224804,0.0076224804,0.005366981
MQAttn-LSTM-VQR classical twin,6,6,0.8410362,0.84724987,0.84655106,0.8410362,0.006489060819149,0.006213665,0.006213665,0.00551486
MQAttn-LSTM-VQR classical twin,6,6,0.8311087,0.8404686,0.8410362,0.8311087,0.006489060819149,0.009359896,0.009359896,0.009927511
MQAttn-LSTM-VQR classical twin,6,6,0.826916,0.828209,0.8311087,0.826916,0.006489060819149,0.0012930036,0.0012930036,0.00419271
MQAttn-LSTM-VQR classical twin,6,6,0.8187067,0.8194479,0.826916,0.8187067,0.006489060819149,0.00074118376,0.00074118376,0.008209288
MQAttn-LSTM-VQR classical twin,6,6,0.8177571,0.8122185,0.8187067,0.8177571,0.006489060819149,0.0055386424,0.0055386424,0.0009495616
MQAttn-LSTM-VQR classical twin,6,6,0.82221174,0.8144559,0.8177571,0.82221174,0.006489060819149,0.007755816,0.007755816,0.0044546127
MQAttn-LSTM-VQR classical twin,6,6,0.8154538,0.81869185,0.82221174,0.8154538,0.006489060819149,0.0032380223,0.0032380223,0.006757915
MQAttn-LSTM-VQR classical twin,6,6,0.80811554,0.818086,0.8154538,0.80811554,0.006489060819149,0.009970486,0.009970486,0.0073382854
MQAttn-LSTM-VQR classical twin,6,6,0.80867493,0.8109374,0.80811554,0.80867493,0.006489060819149,0.002262473,0.002262473,0.0005593896
MQAttn-LSTM-VQR classical twin,6,6,0.8150423,0.80890507,0.80867493,0.8150423,0.006489060819149,0.006137252,0.006137252,0.0063673854
MQAttn-LSTM-VQR classical twin,6,6,0.8069653,0.8126293,0.8150423,0.8069653,0.006489060819149,0.005663991,0.005663991,0.008077025
MQAttn-LSTM-VQR classical twin,6,6,0.7971569,0.8029489,0.8069653,0.7971569,0.006489060819149,0.0057920218,0.0057920218,0.009808421
MQAttn-LSTM-VQR classical twin,6,6,0.7919337,0.79135275,0.7971569,0.7919337,0.006489060819149,0.0005809665,0.0005809665,0.005223155
MQAttn-LSTM-VQR classical twin,6,6,0.78955144,0.78845376,0.7919337,0.78955144,0.006489060819149,0.0010976791,0.0010976791,0.0023822784
MQAttn-LSTM-VQR classical twin,6,6,0.7982195,0.7885572,0.78955144,0.7982195,0.006489060819149,0.00966233,0.00966233,0.008668065
MQAttn-LSTM-VQR classical twin,6,6,0.7910288,0.7965211,0.7982195,0.7910288,0.006489060819149,0.0054923296,0.0054923296,0.0071907043
MQAttn-LSTM-VQR classical twin,6,6,0.79262084,0.7876333,0.7910288,0.79262084,0.006489060819149,0.004987538,0.004987538,0.0015920401
MQAttn-LSTM-VQR classical twin,6,15,0.8724049,0.87632626,0.88199836,0.8724049,0.006489060819149,0.0039213896,0.0039213896,0.009593487
MQAttn-LSTM-VQR classical twin,6,15,0.87314415,0.86650306,0.8724049,0.87314415,0.006489060819149,0.00664109,0.00664109,0.0007392764
MQAttn-LSTM-VQR classical twin,6,15,0.85962033,0.86810285,0.87314415,0.85962033,0.006489060819149,0.008482516,0.008482516,0.013523817
MQAttn-LSTM-VQR classical twin,6,15,0.85267913,0.8541922,0.85962033,0.85267913,0.006489060819149,0.0015130639,0.0015130639,0.0069411993
MQAttn-LSTM-VQR classical twin,6,15,0.84834564,0.84852123,0.85267913,0.84834564,0.006489060819149,0.00017559528,0.00017559528,0.004333496
MQAttn-LSTM-VQR classical twin,6,15,0.8407997,0.8482874,0.84834564,0.8407997,0.006489060819149,0.0074877143,0.0074877143,0.007545948
MQAttn-LSTM-VQR classical twin,6,15,0.84251374,0.8399199,0.8407997,0.84251374,0.006489060819149,0.0025938153,0.0025938153,0.0017140508
MQAttn-LSTM-VQR classical twin,6,15,0.8422961,0.8399188,0.84251374,0.8422961,0.006489060819149,0.0023773313,0.0023773313,0.00021761656
MQAttn-LSTM-VQR classical twin,6,15,0.8382839,0.8373257,0.8422961,0.8382839,0.006489060819149,0.00095820427,0.00095820427,0.004012227
MQAttn-LSTM-VQR classical twin,6,15,0.8357488,0.8317211,0.8382839,0.8357488,0.006489060819149,0.0040276647,0.0040276647,0.0025351048
MQAttn-LSTM-VQR classical twin,6,15,0.8347425,0.82974917,0.8357488,0.8347425,0.006489060819149,0.0049933195,0.0049933195,0.0010063052
MQAttn-LSTM-VQR classical twin,6,15,0.8298506,0.82816666,0.8347425,0.8298506,0.006489060819149,0.0016839504,0.0016839504,0.0048918724
MQAttn-LSTM-VQR classical twin,6,15,0.81573904,0.82383996,0.8298506,0.81573904,0.006489060819149,0.008100927,0.008100927,0.014111578
MQAttn-LSTM-VQR classical twin,6,15,0.8110497,0.8174576,0.81573904,0.8110497,0.006489060819149,0.0064079165,0.0064079165,0.004689336
MQAttn-LSTM-VQR classical twin,6,15,0.8123055,0.81247455,0.8110497,0.8123055,0.006489060819149,0.00016903877,0.00016903877,0.0012558103
MQAttn-LSTM-VQR classical twin,6,15,0.8074114,0.81003743,0.8123055,0.8074114,0.006489060819149,0.0026260614,0.0026260614,0.0048941374
MQAttn-LSTM-VQR classical twin,6,15,0.80365896,0.8007618,0.8074114,0.80365896,0.006489060819149,0.0028971434,0.0028971434,0.0037524104
MQAttn-LSTM-VQR classical twin,6,15,0.80093294,0.7969596,0.80365896,0.80093294,0.006489060819149,0.003973365,0.003973365,0.0027260184
MQAttn-LSTM-VQR classical twin,6,15,0.7892152,0.79722846,0.80093294,0.7892152,0.006489060819149,0.008013248,0.008013248,0.011717737
MQAttn-LSTM-VQR classical twin,6,15,0.7919648,0.78643084,0.7892152,0.7919648,0.006489060819149,0.0055339932,0.0055339932,0.0027496219
MQAttn-QLSTM-VQR,6,6,0.8901097,0.8897599,0.8960759,0.8901097,0.006489060819149,0.00034981966,0.00034981966,0.0059661865
MQAttn-QLSTM-VQR,6,6,0.8845384,0.8835363,0.8901097,0.8845384,0.006489060819149,0.0010021329,0.0010021329,0.0055713058
MQAttn-QLSTM-VQR,6,6,0.88003206,0.878881,0.8845384,0.88003206,0.006489060819149,0.0011510849,0.0011510849,0.0045063496
MQAttn-QLSTM-VQR,6,6,0.86393785,0.8760211,0.88003206,0.86393785,0.006489060819149,0.012083232,0.012083232,0.016094208
MQAttn-QLSTM-VQR,6,6,0.85191804,0.86194223,0.86393785,0.85191804,0.006489060819149,0.01002419,0.01002419,0.012019813
MQAttn-QLSTM-VQR,6,6,0.84655106,0.84995955,0.85191804,0.84655106,0.006489060819149,0.0034084916,0.0034084916,0.005366981
MQAttn-QLSTM-VQR,6,6,0.8410362,0.8427729,0.84655106,0.8410362,0.006489060819149,0.0017367005,0.0017367005,0.00551486
MQAttn-QLSTM-VQR,6,6,0.8311087,0.8366327,0.8410362,0.8311087,0.006489060819149,0.0055240393,0.0055240393,0.009927511
MQAttn-QLSTM-VQR,6,6,0.826916,0.82634586,0.8311087,0.826916,0.006489060819149,0.0005701184,0.0005701184,0.00419271
MQAttn-QLSTM-VQR,6,6,0.8187067,0.82228726,0.826916,0.8187067,0.006489060819149,0.0035805702,0.0035805702,0.008209288
MQAttn-QLSTM-VQR,6,6,0.8177571,0.81401175,0.8187067,0.8177571,0.006489060819149,0.003745377,0.003745377,0.0009495616
MQAttn-QLSTM-VQR,6,6,0.82221174,0.81384236,0.8177571,0.82221174,0.006489060819149,0.008369386,0.008369386,0.0044546127
MQAttn-QLSTM-VQR,6,6,0.8154538,0.81882477,0.82221174,0.8154538,0.006489060819149,0.0033709407,0.0033709407,0.006757915
MQAttn-QLSTM-VQR,6,6,0.80811554,0.8134609,0.8154538,0.80811554,0.006489060819149,0.0053453445,0.0053453445,0.0073382854
MQAttn-QLSTM-VQR,6,6,0.80867493,0.80602956,0.80811554,0.80867493,0.006489060819149,0.0026453733,0.0026453733,0.0005593896
MQAttn-QLSTM-VQR,6,6,0.8150423,0.80563915,0.80867493,0.8150423,0.006489060819149,0.009403169,0.009403169,0.0063673854
MQAttn-QLSTM-VQR,6,6,0.8069653,0.81081337,0.8150423,0.8069653,0.006489060819149,0.0038480759,0.0038480759,0.008077025
MQAttn-QLSTM-VQR,6,6,0.7971569,0.80318,0.8069653,0.7971569,0.006489060819149,0.006023109,0.006023109,0.009808421
MQAttn-QLSTM-VQR,6,6,0.7919337,0.7932715,0.7971569,0.7919337,0.006489060819149,0.0013377666,0.0013377666,0.005223155
MQAttn-QLSTM-VQR,6,6,0.78955144,0.78803307,0.7919337,0.78955144,0.006489060819149,0.0015183687,0.0015183687,0.0023822784
MQAttn-QLSTM-VQR,6,6,0.7982195,0.78581476,0.78955144,0.7982195,0.006489060819149,0.01240474,0.01240474,0.008668065
MQAttn-QLSTM-VQR,6,6,0.7910288,0.7937629,0.7982195,0.7910288,0.006489060819149,0.0027341247,0.0027341247,0.0071907043
MQAttn-QLSTM-VQR,6,6,0.79262084,0.78702086,0.7910288,0.79262084,0.006489060819149,0.0055999756,0.0055999756,0.0015920401
MQAttn-QLSTM-VQR,6,15,0.8724049,0.8773483,0.88199836,0.8724049,0.006489060819149,0.0049434304,0.0049434304,0.009593487
MQAttn-QLSTM-VQR,6,15,0.87314415,0.8676844,0.8724049,0.87314415,0.006489060819149,0.005459726,0.005459726,0.0007392764
MQAttn-QLSTM-VQR,6,15,0.85962033,0.8668672,0.87314415,0.85962033,0.006489060819149,0.007246852,0.007246852,0.013523817
MQAttn-QLSTM-VQR,6,15,0.85267913,0.8536685,0.85962033,0.85267913,0.006489060819149,0.0009893775,0.0009893775,0.0069411993
MQAttn-QLSTM-VQR,6,15,0.84834564,0.8471112,0.85267913,0.84834564,0.006489060819149,0.0012344122,0.0012344122,0.004333496
MQAttn-QLSTM-VQR,6,15,0.8407997,0.8447824,0.84834564,0.8407997,0.006489060819149,0.0039827228,0.0039827228,0.007545948
MQAttn-QLSTM-VQR,6,15,0.84251374,0.83675677,0.8407997,0.84251374,0.006489060819149,0.005756974,0.005756974,0.0017140508
MQAttn-QLSTM-VQR,6,15,0.8422961,0.8382027,0.84251374,0.8422961,0.006489060819149,0.0040934086,0.0040934086,0.00021761656
MQAttn-QLSTM-VQR,6,15,0.8382839,0.8372768,0.8422961,0.8382839,0.006489060819149,0.0010070801,0.0010070801,0.004012227
MQAttn-QLSTM-VQR,6,15,0.8357488,0.83353806,0.8382839,0.8357488,0.006489060819149,0.0022107363,0.0022107363,0.0025351048
MQAttn-QLSTM-VQR,6,15,0.8347425,0.8304235,0.8357488,0.8347425,0.006489060819149,0.004319012,0.004319012,0.0010063052
MQAttn-QLSTM-VQR,6,15,0.8298506,0.8298273,0.8347425,0.8298506,0.006489060819149,2.3305416e-05,2.3305416e-05,0.0048918724
MQAttn-QLSTM-VQR,6,15,0.81573904,0.8260936,0.8298506,0.81573904,0.006489060819149,0.0103545785,0.0103545785,0.014111578
MQAttn-QLSTM-VQR,6,15,0.8110497,0.8135849,0.81573904,0.8110497,0.006489060819149,0.002535224,0.002535224,0.004689336
MQAttn-QLSTM-VQR,6,15,0.8123055,0.8091254,0.8110497,0.8123055,0.006489060819149,0.0031800866,0.0031800866,0.0012558103
MQAttn-QLSTM-VQR,6,15,0.8074114,0.81012064,0.8123055,0.8074114,0.006489060819149,0.0027092695,0.0027092695,0.0048941374
MQAttn-QLSTM-VQR,6,15,0.80365896,0.8053573,0.8074114,0.80365896,0.006489060819149,0.0016983151,0.0016983151,0.0037524104
MQAttn-QLSTM-VQR,6,15,0.80093294,0.80053186,0.80365896,0.80093294,0.006489060819149,0.00040107965,0.00040107965,0.0027260184
MQAttn-QLSTM-VQR,6,15,0.7892152,0.7974239,0.80093294,0.7892152,0.006489060819149,0.008208692,0.008208692,0.011717737
MQAttn-QLSTM-VQR,6,15,0.7919648,0.78557765,0.7892152,0.7919648,0.006489060819149,0.006387174,0.006387174,0.0027496219
MQAttn-QLSTM-VQR classical twin,6,6,0.8901097,0.88678676,0.8960759,0.8901097,0.006489060819149,0.003322959,0.003322959,0.0059661865
MQAttn-QLSTM-VQR classical twin,6,6,0.8845384,0.88148534,0.8901097,0.8845384,0.006489060819149,0.003053069,0.003053069,0.0055713058
MQAttn-QLSTM-VQR classical twin,6,6,0.88003206,0.87990767,0.8845384,0.88003206,0.006489060819149,0.0001243949,0.0001243949,0.0045063496
MQAttn-QLSTM-VQR classical twin,6,6,0.86393785,0.8761783,0.88003206,0.86393785,0.006489060819149,0.012240469,0.012240469,0.016094208
MQAttn-QLSTM-VQR classical twin,6,6,0.85191804,0.8605546,0.86393785,0.85191804,0.006489060819149,0.008636534,0.008636534,0.012019813
MQAttn-QLSTM-VQR classical twin,6,6,0.84655106,0.85048,0.85191804,0.84655106,0.006489060819149,0.0039289594,0.0039289594,0.005366981
MQAttn-QLSTM-VQR classical twin,6,6,0.8410362,0.84253985,0.84655106,0.8410362,0.006489060819149,0.0015036464,0.0015036464,0.00551486
MQAttn-QLSTM-VQR classical twin,6,6,0.8311087,0.83633995,0.8410362,0.8311087,0.006489060819149,0.0052312613,0.0052312613,0.009927511
MQAttn-QLSTM-VQR classical twin,6,6,0.826916,0.82587534,0.8311087,0.826916,0.006489060819149,0.0010406375,0.0010406375,0.00419271
MQAttn-QLSTM-VQR classical twin,6,6,0.8187067,0.8216625,0.826916,0.8187067,0.006489060819149,0.0029557943,0.0029557943,0.008209288
MQAttn-QLSTM-VQR classical twin,6,6,0.8177571,0.8132861,0.8187067,0.8177571,0.006489060819149,0.004471004,0.004471004,0.0009495616
MQAttn-QLSTM-VQR classical twin,6,6,0.82221174,0.81541055,0.8177571,0.82221174,0.006489060819149,0.006801188,0.006801188,0.0044546127
MQAttn-QLSTM-VQR classical twin,6,6,0.8154538,0.81738406,0.82221174,0.8154538,0.006489060819149,0.0019302368,0.0019302368,0.006757915
MQAttn-QLSTM-VQR classical twin,6,6,0.80811554,0.8124158,0.8154538,0.80811554,0.006489060819149,0.0043002367,0.0043002367,0.0073382854
MQAttn-QLSTM-VQR classical twin,6,6,0.80867493,0.80646425,0.80811554,0.80867493,0.006489060819149,0.0022106767,0.0022106767,0.0005593896
MQAttn-QLSTM-VQR classical twin,6,6,0.8150423,0.8061668,0.80867493,0.8150423,0.006489060819149,0.008875489,0.008875489,0.0063673854
MQAttn-QLSTM-VQR classical twin,6,6,0.8069653,0.8119059,0.8150423,0.8069653,0.006489060819149,0.004940629,0.004940629,0.008077025
MQAttn-QLSTM-VQR classical twin,6,6,0.7971569,0.80383897,0.8069653,0.7971569,0.006489060819149,0.006682098,0.006682098,0.009808421
MQAttn-QLSTM-VQR classical twin,6,6,0.7919337,0.7936291,0.7971569,0.7919337,0.006489060819149,0.0016953945,0.0016953945,0.005223155
MQAttn-QLSTM-VQR classical twin,6,6,0.78955144,0.78803015,0.7919337,0.78955144,0.006489060819149,0.0015212893,0.0015212893,0.0023822784
MQAttn-QLSTM-VQR classical twin,6,6,0.7982195,0.785894,0.78955144,0.7982195,0.006489060819149,0.012325525,0.012325525,0.008668065
MQAttn-QLSTM-VQR classical twin,6,6,0.7910288,0.7930075,0.7982195,0.7910288,0.006489060819149,0.0019786954,0.0019786954,0.0071907043
MQAttn-QLSTM-VQR classical twin,6,6,0.79262084,0.7863414,0.7910288,0.79262084,0.006489060819149,0.006279409,0.006279409,0.0015920401
MQAttn-QLSTM-VQR classical twin,6,15,0.8724049,0.87495005,0.88199836,0.8724049,0.006489060819149,0.002545178,0.002545178,0.009593487
MQAttn-QLSTM-VQR classical twin,6,15,0.87314415,0.8657169,0.8724049,0.87314415,0.006489060819149,0.007427275,0.007427275,0.0007392764
MQAttn-QLSTM-VQR classical twin,6,15,0.85962033,0.86582315,0.87314415,0.85962033,0.006489060819149,0.006202817,0.006202817,0.013523817
MQAttn-QLSTM-VQR classical twin,6,15,0.85267913,0.8547454,0.85962033,0.85267913,0.006489060819149,0.0020662546,0.0020662546,0.0069411993
MQAttn-QLSTM-VQR classical twin,6,15,0.84834564,0.8475788,0.85267913,0.84834564,0.006489060819149,0.00076681376,0.00076681376,0.004333496
MQAttn-QLSTM-VQR classical twin,6,15,0.8407997,0.8465572,0.84834564,0.8407997,0.006489060819149,0.0057575107,0.0057575107,0.007545948
MQAttn-QLSTM-VQR classical twin,6,15,0.84251374,0.83725476,0.8407997,0.84251374,0.006489060819149,0.0052589774,0.0052589774,0.0017140508
MQAttn-QLSTM-VQR classical twin,6,15,0.8422961,0.8382452,0.84251374,0.8422961,0.006489060819149,0.0040509105,0.0040509105,0.00021761656
MQAttn-QLSTM-VQR classical twin,6,15,0.8382839,0.8365626,0.8422961,0.8382839,0.006489060819149,0.0017213225,0.0017213225,0.004012227
MQAttn-QLSTM-VQR classical twin,6,15,0.8357488,0.83308315,0.8382839,0.8357488,0.006489060819149,0.002665639,0.002665639,0.0025351048
MQAttn-QLSTM-VQR classical twin,6,15,0.8347425,0.8293424,0.8357488,0.8347425,0.006489060819149,0.0054000616,0.0054000616,0.0010063052
MQAttn-QLSTM-VQR classical twin,6,15,0.8298506,0.82929516,0.8347425,0.8298506,0.006489060819149,0.0005554557,0.0005554557,0.0048918724
MQAttn-QLSTM-VQR classical twin,6,15,0.81573904,0.82476825,0.8298506,0.81573904,0.006489060819149,0.00902921,0.00902921,0.014111578
MQAttn-QLSTM-VQR classical twin,6,15,0.8110497,0.8128693,0.81573904,0.8110497,0.006489060819149,0.0018196106,0.0018196106,0.004689336
MQAttn-QLSTM-VQR classical twin,6,15,0.8123055,0.8095632,0.8110497,0.8123055,0.006489060819149,0.0027422905,0.0027422905,0.0012558103
MQAttn-QLSTM-VQR classical twin,6,15,0.8074114,0.81004936,0.8123055,0.8074114,0.006489060819149,0.0026379824,0.0026379824,0.0048941374
MQAttn-QLSTM-VQR classical twin,6,15,0.80365896,0.80615115,0.8074114,0.80365896,0.006489060819149,0.0024921894,0.0024921894,0.0037524104
MQAttn-QLSTM-VQR classical twin,6,15,0.80093294,0.8013509,0.80365896,0.80093294,0.006489060819149,0.00041794777,0.00041794777,0.0027260184
MQAttn-QLSTM-VQR classical twin,6,15,0.7892152,0.7979019,0.80093294,0.7892152,0.006489060819149,0.008686721,0.008686721,0.011717737
MQAttn-QLSTM-VQR classical twin,6,15,0.7919648,0.78608763,0.7892152,0.7919648,0.006489060819149,0.005877197,0.005877197,0.0027496219
QLSTM,6,6,0.8901097,0.8888486,0.8960759,0.8901097,0.006489060819149,0.0012611151,0.0012611151,0.0059661865
QLSTM,6,6,0.8845384,0.8835948,0.8901097,0.8845384,0.006489060819149,0.00094360113,0.00094360113,0.0055713058
QLSTM,6,6,0.88003206,0.8787846,0.8845384,0.88003206,0.006489060819149,0.0012474656,0.0012474656,0.0045063496
QLSTM,6,6,0.86393785,0.8755304,0.88003206,0.86393785,0.006489060819149,0.011592567,0.011592567,0.016094208
QLSTM,6,6,0.85191804,0.8612884,0.86393785,0.85191804,0.006489060819149,0.009370387,0.009370387,0.012019813
QLSTM,6,6,0.84655106,0.85135835,0.85191804,0.84655106,0.006489060819149,0.0048072934,0.0048072934,0.005366981
QLSTM,6,6,0.8410362,0.84323376,0.84655106,0.8410362,0.006489060819149,0.0021975636,0.0021975636,0.00551486
QLSTM,6,6,0.8311087,0.83781147,0.8410362,0.8311087,0.006489060819149,0.0067027807,0.0067027807,0.009927511
QLSTM,6,6,0.826916,0.82738894,0.8311087,0.826916,0.006489060819149,0.00047296286,0.00047296286,0.00419271
QLSTM,6,6,0.8187067,0.8225464,0.826916,0.8187067,0.006489060819149,0.0038397312,0.0038397312,0.008209288
QLSTM,6,6,0.8177571,0.81440735,0.8187067,0.8177571,0.006489060819149,0.003349781,0.003349781,0.0009495616
QLSTM,6,6,0.82221174,0.81533986,0.8177571,0.82221174,0.006489060819149,0.006871879,0.006871879,0.0044546127
QLSTM,6,6,0.8154538,0.818236,0.82221174,0.8154538,0.006489060819149,0.002782166,0.002782166,0.006757915
QLSTM,6,6,0.80811554,0.81266695,0.8154538,0.80811554,0.006489060819149,0.0045514107,0.0045514107,0.0073382854
QLSTM,6,6,0.80867493,0.80639786,0.80811554,0.80867493,0.006489060819149,0.0022770762,0.0022770762,0.0005593896
QLSTM,6,6,0.8150423,0.8054212,0.80867493,0.8150423,0.006489060819149,0.009621143,0.009621143,0.0063673854
QLSTM,6,6,0.8069653,0.8110675,0.8150423,0.8069653,0.006489060819149,0.00410223,0.00410223,0.008077025
QLSTM,6,6,0.7971569,0.80317837,0.8069653,0.7971569,0.006489060819149,0.0060214996,0.0060214996,0.009808421
QLSTM,6,6,0.7919337,0.79319483,0.7971569,0.7919337,0.006489060819149,0.0012611151,0.0012611151,0.005223155
QLSTM,6,6,0.78955144,0.78842086,0.7919337,0.78955144,0.006489060819149,0.0011305809,0.0011305809,0.0023822784
QLSTM,6,6,0.7982195,0.7866184,0.78955144,0.7982195,0.006489060819149,0.01160109,0.01160109,0.008668065
QLSTM,6,6,0.7910288,0.79482013,0.7982195,0.7910288,0.006489060819149,0.0037913322,0.0037913322,0.0071907043
QLSTM,6,6,0.79262084,0.78738934,0.7910288,0.79262084,0.006489060819149,0.0052314997,0.0052314997,0.0015920401
QLSTM,6,15,0.8724049,0.8761459,0.88199836,0.8724049,0.006489060819149,0.003741026,0.003741026,0.009593487
QLSTM,6,15,0.87314415,0.86678517,0.8724049,0.87314415,0.006489060819149,0.006358981,0.006358981,0.0007392764
QLSTM,6,15,0.85962033,0.8663344,0.87314415,0.85962033,0.006489060819149,0.006714046,0.006714046,0.013523817
QLSTM,6,15,0.85267913,0.85465044,0.85962033,0.85267913,0.006489060819149,0.0019713044,0.0019713044,0.0069411993
QLSTM,6,15,0.84834564,0.8478492,0.85267913,0.84834564,0.006489060819149,0.0004964471,0.0004964471,0.004333496
QLSTM,6,15,0.8407997,0.84717363,0.84834564,0.8407997,0.006489060819149,0.006373942,0.006373942,0.007545948
QLSTM,6,15,0.84251374,0.83738315,0.8407997,0.84251374,0.006489060819149,0.005130589,0.005130589,0.0017140508
QLSTM,6,15,0.8422961,0.8392366,0.84251374,0.8422961,0.006489060819149,0.0030595064,0.0030595064,0.00021761656
QLSTM,6,15,0.8382839,0.8377743,0.8422961,0.8382839,0.006489060819149,0.0005096197,0.0005096197,0.004012227
QLSTM,6,15,0.8357488,0.8341292,0.8382839,0.8357488,0.006489060819149,0.0016195774,0.0016195774,0.0025351048
QLSTM,6,15,0.8347425,0.83102906,0.8357488,0.8347425,0.006489060819149,0.003713429,0.003713429,0.0010063052
QLSTM,6,15,0.8298506,0.8300423,0.8347425,0.8298506,0.006489060819149,0.00019168854,0.00019168854,0.0048918724
QLSTM,6,15,0.81573904,0.8254518,0.8298506,0.81573904,0.006489060819149,0.009712756,0.009712756,0.014111578
QLSTM,6,15,0.8110497,0.8128388,0.81573904,0.8110497,0.006489060819149,0.001789093,0.001789093,0.004689336
QLSTM,6,15,0.8123055,0.8091528,0.8110497,0.8123055,0.006489060819149,0.003152728,0.003152728,0.0012558103
QLSTM,6,15,0.8074114,0.80874276,0.8123055,0.8074114,0.006489060819149,0.001331389,0.001331389,0.0048941374
QLSTM,6,15,0.80365896,0.8062137,0.8074114,0.80365896,0.006489060819149,0.0025547147,0.0025547147,0.0037524104
QLSTM,6,15,0.80093294,0.79978067,0.80365896,0.80093294,0.006489060819149,0.001152277,0.001152277,0.0027260184
QLSTM,6,15,0.7892152,0.7975938,0.80093294,0.7892152,0.006489060819149,0.008378565,0.008378565,0.011717737
QLSTM,6,15,0.7919648,0.78548235,0.7892152,0.7919648,0.006489060819149,0.006482482,0.006482482,0.0027496219
LSTM,6,6,0.8901097,0.89292735,0.8960759,0.8901097,0.006489060819149,0.0028176308,0.0028176308,0.0059661865
LSTM,6,6,0.8845384,0.8891046,0.8901097,0.8845384,0.006489060819149,0.0045661926,0.0045661926,0.0055713058
LSTM,6,6,0.88003206,0.88546306,0.8845384,0.88003206,0.006489060819149,0.0054309964,0.0054309964,0.0045063496
LSTM,6,6,0.86393785,0.87803704,0.88003206,0.86393785,0.006489060819149,0.014099181,0.014099181,0.016094208
LSTM,6,6,0.85191804,0.8567472,0.86393785,0.85191804,0.006489060819149,0.0048291683,0.0048291683,0.012019813
LSTM,6,6,0.84655106,0.8477478,0.85191804,0.84655106,0.006489060819149,0.001196742,0.001196742,0.005366981
LSTM,6,6,0.8410362,0.8423808,0.84655106,0.8410362,0.006489060819149,0.0013446212,0.0013446212,0.00551486
LSTM,6,6,0.8311087,0.83686596,0.8410362,0.8311087,0.006489060819149,0.0057572722,0.0057572722,0.009927511
LSTM,6,6,0.826916,0.82693845,0.8311087,0.826916,0.006489060819149,2.2470951e-05,2.2470951e-05,0.00419271
LSTM,6,6,0.8187067,0.82274574,0.826916,0.8187067,0.006489060819149,0.004039049,0.004039049,0.008209288
LSTM,6,6,0.8177571,0.81453645,0.8187067,0.8177571,0.006489060819149,0.0032206774,0.0032206774,0.0009495616
LSTM,6,6,0.82221174,0.8135869,0.8177571,0.82221174,0.006489060819149,0.008624852,0.008624852,0.0044546127
LSTM,6,6,0.8154538,0.8180415,0.82221174,0.8154538,0.006489060819149,0.002587676,0.002587676,0.006757915
LSTM,6,6,0.80811554,0.8112836,0.8154538,0.80811554,0.006489060819149,0.0031680465,0.0031680465,0.0073382854
LSTM,6,6,0.80867493,0.8039453,0.80811554,0.80867493,0.006489060819149,0.0047296286,0.0047296286,0.0005593896
LSTM,6,6,0.8150423,0.8045047,0.80867493,0.8150423,0.006489060819149,0.010537624,0.010537624,0.0063673854
LSTM,6,6,0.8069653,0.8108721,0.8150423,0.8069653,0.006489060819149,0.0039067864,0.0039067864,0.008077025
LSTM,6,6,0.7971569,0.80279505,0.8069653,0.7971569,0.006489060819149,0.005638182,0.005638182,0.009808421
LSTM,6,6,0.7919337,0.79298663,0.7971569,0.7919337,0.006489060819149,0.001052916,0.001052916,0.005223155
LSTM,6,6,0.78955144,0.7877635,0.7919337,0.78955144,0.006489060819149,0.0017879605,0.0017879605,0.0023822784
LSTM,6,6,0.7982195,0.7853812,0.78955144,0.7982195,0.006489060819149,0.012838304,0.012838304,0.008668065
LSTM,6,6,0.7910288,0.79404926,0.7982195,0.7910288,0.006489060819149,0.0030204654,0.0030204654,0.0071907043
LSTM,6,6,0.79262084,0.78685856,0.7910288,0.79262084,0.006489060819149,0.005762279,0.005762279,0.0015920401
LSTM,6,15,0.8724049,0.8787272,0.88199836,0.8724049,0.006489060819149,0.0063223243,0.0063223243,0.009593487
LSTM,6,15,0.87314415,0.8693483,0.8724049,0.87314415,0.006489060819149,0.0037958622,0.0037958622,0.0007392764
LSTM,6,15,0.85962033,0.8712754,0.87314415,0.85962033,0.006489060819149,0.011655092,0.011655092,0.013523817
LSTM,6,15,0.85267913,0.8556413,0.85962033,0.85267913,0.006489060819149,0.002962172,0.002962172,0.0069411993
LSTM,6,15,0.84834564,0.8491174,0.85267913,0.84834564,0.006489060819149,0.00077176094,0.00077176094,0.004333496
LSTM,6,15,0.8407997,0.8497518,0.84834564,0.8407997,0.006489060819149,0.008952081,0.008952081,0.007545948
LSTM,6,15,0.84251374,0.83662945,0.8407997,0.84251374,0.006489060819149,0.0058842897,0.0058842897,0.0017140508
LSTM,6,15,0.8422961,0.8383435,0.84251374,0.8422961,0.006489060819149,0.0039526224,0.0039526224,0.00021761656
LSTM,6,15,0.8382839,0.8381259,0.8422961,0.8382839,0.006489060819149,0.00015801191,0.00015801191,0.004012227
LSTM,6,15,0.8357488,0.83411366,0.8382839,0.8357488,0.006489060819149,0.0016351342,0.0016351342,0.0025351048
LSTM,6,15,0.8347425,0.83157855,0.8357488,0.8347425,0.006489060819149,0.0031639338,0.0031639338,0.0010063052
LSTM,6,15,0.8298506,0.83057225,0.8347425,0.8298506,0.006489060819149,0.00072163343,0.00072163343,0.0048918724
LSTM,6,15,0.81573904,0.8256804,0.8298506,0.81573904,0.006489060819149,0.0099413395,0.0099413395,0.014111578
LSTM,6,15,0.8110497,0.8115688,0.81573904,0.8110497,0.006489060819149,0.00051909685,0.00051909685,0.004689336
LSTM,6,15,0.8123055,0.80687946,0.8110497,0.8123055,0.006489060819149,0.005426049,0.005426049,0.0012558103
LSTM,6,15,0.8074114,0.8081353,0.8123055,0.8074114,0.006489060819149,0.0007238984,0.0007238984,0.0048941374
LSTM,6,15,0.80365896,0.80324113,0.8074114,0.80365896,0.006489060819149,0.00041782856,0.00041782856,0.0037524104
LSTM,6,15,0.80093294,0.7994887,0.80365896,0.80093294,0.006489060819149,0.0014442205,0.0014442205,0.0027260184
LSTM,6,15,0.7892152,0.7967627,0.80093294,0.7892152,0.006489060819149,0.0075474977,0.0075474977,0.011717737
LSTM,6,15,0.7919648,0.78504497,0.7892152,0.7919648,0.006489060819149,0.006919861,0.006919861,0.0027496219
GRU,6,6,0.8901097,0.88024604,0.8960759,0.8901097,0.006489060819149,0.009863675,0.009863675,0.0059661865
GRU,6,6,0.8845384,0.87483287,0.8901097,0.8845384,0.006489060819149,0.0097055435,0.0097055435,0.0055713058
GRU,6,6,0.88003206,0.8793956,0.8845384,0.88003206,0.006489060819149,0.0006364584,0.0006364584,0.0045063496
GRU,6,6,0.86393785,0.8769321,0.88003206,0.86393785,0.006489060819149,0.01299423,0.01299423,0.016094208
GRU,6,6,0.85191804,0.85992706,0.86393785,0.85191804,0.006489060819149,0.0080090165,0.0080090165,0.012019813
GRU,6,6,0.84655106,0.85319996,0.85191804,0.84655106,0.006489060819149,0.006648898,0.006648898,0.005366981
GRU,6,6,0.8410362,0.8444077,0.84655106,0.8410362,0.006489060819149,0.0033714771,0.0033714771,0.00551486
GRU,6,6,0.8311087,0.83899873,0.8410362,0.8311087,0.006489060819149,0.007890046,0.007890046,0.009927511
GRU,6,6,0.826916,0.82976395,0.8311087,0.826916,0.006489060819149,0.0028479695,0.0028479695,0.00419271
GRU,6,6,0.8187067,0.8243871,0.826916,0.8187067,0.006489060819149,0.0056803823,0.0056803823,0.008209288
GRU,6,6,0.8177571,0.81447554,0.8187067,0.8177571,0.006489060819149,0.0032815933,0.0032815933,0.0009495616
GRU,6,6,0.82221174,0.8131275,0.8177571,0.82221174,0.006489060819149,0.009084225,0.009084225,0.0044546127
GRU,6,6,0.8154538,0.82277626,0.82221174,0.8154538,0.006489060819149,0.0073224306,0.0073224306,0.006757915
GRU,6,6,0.80811554,0.8155751,0.8154538,0.80811554,0.006489060819149,0.007459581,0.007459581,0.0073382854
GRU,6,6,0.80867493,0.80649716,0.80811554,0.80867493,0.006489060819149,0.002177775,0.002177775,0.0005593896
GRU,6,6,0.8150423,0.8069377,0.80867493,0.8150423,0.006489060819149,0.008104622,0.008104622,0.0063673854
GRU,6,6,0.8069653,0.81041354,0.8150423,0.8069653,0.006489060819149,0.003448248,0.003448248,0.008077025
GRU,6,6,0.7971569,0.8020365,0.8069653,0.7971569,0.006489060819149,0.0048796535,0.0048796535,0.009808421
GRU,6,6,0.7919337,0.794473,0.7971569,0.7919337,0.006489060819149,0.002539277,0.002539277,0.005223155
GRU,6,6,0.78955144,0.7892805,0.7919337,0.78955144,0.006489060819149,0.00027096272,0.00027096272,0.0023822784
GRU,6,6,0.7982195,0.78597254,0.78955144,0.7982195,0.006489060819149,0.012246966,0.012246966,0.008668065
GRU,6,6,0.7910288,0.79359066,0.7982195,0.7910288,0.006489060819149,0.0025618672,0.0025618672,0.0071907043
GRU,6,6,0.79262084,0.7873418,0.7910288,0.79262084,0.006489060819149,0.005279064,0.005279064,0.0015920401
GRU,6,15,0.8724049,0.878888,0.88199836,0.8724049,0.006489060819149,0.0064831376,0.0064831376,0.009593487
GRU,6,15,0.87314415,0.87353945,0.8724049,0.87314415,0.006489060819149,0.000395298,0.000395298,0.0007392764
GRU,6,15,0.85962033,0.8665613,0.87314415,0.85962033,0.006489060819149,0.006940961,0.006940961,0.013523817
GRU,6,15,0.85267913,0.8548829,0.85962033,0.85267913,0.006489060819149,0.0022037625,0.0022037625,0.0069411993
GRU,6,15,0.84834564,0.8430192,0.85267913,0.84834564,0.006489060819149,0.00532645,0.00532645,0.004333496
GRU,6,15,0.8407997,0.85129046,0.84834564,0.8407997,0.006489060819149,0.010490775,0.010490775,0.007545948
GRU,6,15,0.84251374,0.84406227,0.8407997,0.84251374,0.006489060819149,0.0015485287,0.0015485287,0.0017140508
GRU,6,15,0.8422961,0.843341,0.84251374,0.8422961,0.006489060819149,0.0010448694,0.0010448694,0.00021761656
GRU,6,15,0.8382839,0.8421364,0.8422961,0.8382839,0.006489060819149,0.0038524866,0.0038524866,0.004012227
GRU,6,15,0.8357488,0.836468,0.8382839,0.8357488,0.006489060819149,0.00071918964,0.00071918964,0.0025351048
GRU,6,15,0.8347425,0.8287687,0.8357488,0.8347425,0.006489060819149,0.005973816,0.005973816,0.0010063052
GRU,6,15,0.8298506,0.8260428,0.8347425,0.8298506,0.006489060819149,0.0038078427,0.0038078427,0.0048918724
GRU,6,15,0.81573904,0.8256118,0.8298506,0.81573904,0.006489060819149,0.009872794,0.009872794,0.014111578
GRU,6,15,0.8110497,0.8154657,0.81573904,0.8110497,0.006489060819149,0.004415989,0.004415989,0.004689336
GRU,6,15,0.8123055,0.8114793,0.8110497,0.8123055,0.006489060819149,0.0008262396,0.0008262396,0.0012558103
GRU,6,15,0.8074114,0.8169213,0.8123055,0.8074114,0.006489060819149,0.009509921,0.009509921,0.0048941374
GRU,6,15,0.80365896,0.80320936,0.8074114,0.80365896,0.006489060819149,0.00044959784,0.00044959784,0.0037524104
GRU,6,15,0.80093294,0.7999561,0.80365896,0.80093294,0.006489060819149,0.0009768605,0.0009768605,0.0027260184
GRU,6,15,0.7892152,0.79673415,0.80093294,0.7892152,0.006489060819149,0.007518947,0.007518947,0.011717737
GRU,6,15,0.7919648,0.78506815,0.7892152,0.7919648,0.006489060819149,0.0068966746,0.0068966746,0.0027496219
MLP,6,6,0.8901097,0.8854505,0.8960759,0.8901097,0.006489060819149,0.0046592355,0.0046592355,0.0059661865
MLP,6,6,0.8845384,0.8861414,0.8901097,0.8845384,0.006489060819149,0.0016030073,0.0016030073,0.0055713058
MLP,6,6,0.88003206,0.88484263,0.8845384,0.88003206,0.006489060819149,0.0048105717,0.0048105717,0.0045063496
MLP,6,6,0.86393785,0.8748844,0.88003206,0.86393785,0.006489060819149,0.010946572,0.010946572,0.016094208
MLP,6,6,0.85191804,0.8563602,0.86393785,0.85191804,0.006489060819149,0.0044421554,0.0044421554,0.012019813
MLP,6,6,0.84655106,0.8554238,0.85191804,0.84655106,0.006489060819149,0.008872747,0.008872747,0.005366981
MLP,6,6,0.8410362,0.849676,0.84655106,0.8410362,0.006489060819149,0.0086398125,0.0086398125,0.00551486
MLP,6,6,0.8311087,0.8401723,0.8410362,0.8311087,0.006489060819149,0.0090636015,0.0090636015,0.009927511
MLP,6,6,0.826916,0.8258305,0.8311087,0.826916,0.006489060819149,0.0010854602,0.0010854602,0.00419271
MLP,6,6,0.8187067,0.8262628,0.826916,0.8187067,0.006489060819149,0.007556081,0.007556081,0.008209288
MLP,6,6,0.8177571,0.81750995,0.8187067,0.8177571,0.006489060819149,0.00024718046,0.00024718046,0.0009495616
MLP,6,6,0.82221174,0.8195113,0.8177571,0.82221174,0.006489060819149,0.002700448,0.002700448,0.0044546127
MLP,6,6,0.8154538,0.82084274,0.82221174,0.8154538,0.006489060819149,0.0053889155,0.0053889155,0.006757915
MLP,6,6,0.80811554,0.8143642,0.8154538,0.80811554,0.006489060819149,0.006248653,0.006248653,0.0073382854
MLP,6,6,0.80867493,0.8090926,0.80811554,0.80867493,0.006489060819149,0.00041764975,0.00041764975,0.0005593896
MLP,6,6,0.8150423,0.8074502,0.80867493,0.8150423,0.006489060819149,0.0075921416,0.0075921416,0.0063673854
MLP,6,6,0.8069653,0.8111486,0.8150423,0.8069653,0.006489060819149,0.0041832924,0.0041832924,0.008077025
MLP,6,6,0.7971569,0.8027323,0.8069653,0.7971569,0.006489060819149,0.0055754185,0.0055754185,0.009808421
MLP,6,6,0.7919337,0.7988818,0.7971569,0.7919337,0.006489060819149,0.0069481134,0.0069481134,0.005223155
MLP,6,6,0.78955144,0.7895668,0.7919337,0.78955144,0.006489060819149,1.5377998e-05,1.5377998e-05,0.0023822784
MLP,6,6,0.7982195,0.7837582,0.78955144,0.7982195,0.006489060819149,0.014461279,0.014461279,0.008668065
MLP,6,6,0.7910288,0.79042673,0.7982195,0.7910288,0.006489060819149,0.0006020665,0.0006020665,0.0071907043
MLP,6,6,0.79262084,0.78649175,0.7910288,0.79262084,0.006489060819149,0.006129086,0.006129086,0.0015920401
MLP,6,15,0.8724049,0.8895726,0.88199836,0.8724049,0.006489060819149,0.017167747,0.017167747,0.009593487
MLP,6,15,0.87314415,0.8583526,0.8724049,0.87314415,0.006489060819149,0.014791548,0.014791548,0.0007392764
MLP,6,15,0.85962033,0.8605762,0.87314415,0.85962033,0.006489060819149,0.0009558797,0.0009558797,0.013523817
MLP,6,15,0.85267913,0.8371351,0.85962033,0.85267913,0.006489060819149,0.015544057,0.015544057,0.0069411993
MLP,6,15,0.84834564,0.8142165,0.85267913,0.84834564,0.006489060819149,0.034129143,0.034129143,0.004333496
MLP,6,15,0.8407997,0.8408057,0.84834564,0.8407997,0.006489060819149,6.020069e-06,6.020069e-06,0.007545948
MLP,6,15,0.84251374,0.8477434,0.8407997,0.84251374,0.006489060819149,0.005229652,0.005229652,0.0017140508
MLP,6,15,0.8422961,0.8459263,0.84251374,0.8422961,0.006489060819149,0.0036301613,0.0036301613,0.00021761656
MLP,6,15,0.8382839,0.831691,0.8422961,0.8382839,0.006489060819149,0.0065928698,0.0065928698,0.004012227
MLP,6,15,0.8357488,0.8329217,0.8382839,0.8357488,0.006489060819149,0.002827108,0.002827108,0.0025351048
MLP,6,15,0.8347425,0.83013254,0.8357488,0.8347425,0.006489060819149,0.0046099424,0.0046099424,0.0010063052
MLP,6,15,0.8298506,0.8297592,0.8347425,0.8298506,0.006489060819149,9.1433525e-05,9.1433525e-05,0.0048918724
MLP,6,15,0.81573904,0.8257264,0.8298506,0.81573904,0.006489060819149,0.009987354,0.009987354,0.014111578
MLP,6,15,0.8110497,0.81069416,0.81573904,0.8110497,0.006489060819149,0.0003555417,0.0003555417,0.004689336
MLP,6,15,0.8123055,0.8115517,0.8110497,0.8123055,0.006489060819149,0.00075381994,0.00075381994,0.0012558103
MLP,6,15,0.8074114,0.80921733,0.8123055,0.8074114,0.006489060819149,0.0018059611,0.0018059611,0.0048941374
MLP,6,15,0.80365896,0.8089759,0.8074114,0.80365896,0.006489060819149,0.005316913,0.005316913,0.0037524104
MLP,6,15,0.80093294,0.798899,0.80365896,0.80093294,0.006489060819149,0.002033949,0.002033949,0.0027260184
MLP,6,15,0.7892152,0.79701144,0.80093294,0.7892152,0.006489060819149,0.007796228,0.007796228,0.011717737
MLP,6,15,0.7919648,0.78117794,0.7892152,0.7919648,0.006489060819149,0.010786891,0.010786891,0.0027496219
Seq2Seq,6,6,0.8901097,0.8842838,0.8960759,0.8901097,0.006489060819149,0.005825937,0.005825937,0.0059661865
Seq2Seq,6,6,0.8845384,0.88113314,0.8901097,0.8845384,0.006489060819149,0.003405273,0.003405273,0.0055713058
Seq2Seq,6,6,0.88003206,0.8839675,0.8845384,0.88003206,0.006489060819149,0.0039354563,0.0039354563,0.0045063496
Seq2Seq,6,6,0.86393785,0.87613016,0.88003206,0.86393785,0.006489060819149,0.012192309,0.012192309,0.016094208
Seq2Seq,6,6,0.85191804,0.8600695,0.86393785,0.85191804,0.006489060819149,0.008151472,0.008151472,0.012019813
Seq2Seq,6,6,0.84655106,0.85109323,0.85191804,0.84655106,0.006489060819149,0.004542172,0.004542172,0.005366981
Seq2Seq,6,6,0.8410362,0.84682506,0.84655106,0.8410362,0.006489060819149,0.0057888627,0.0057888627,0.00551486
Seq2Seq,6,6,0.8311087,0.8414242,0.8410362,0.8311087,0.006489060819149,0.010315537,0.010315537,0.009927511
Seq2Seq,6,6,0.826916,0.83043575,0.8311087,0.826916,0.006489060819149,0.0035197735,0.0035197735,0.00419271
Seq2Seq,6,6,0.8187067,0.82252365,0.826916,0.8187067,0.006489060819149,0.0038169622,0.0038169622,0.008209288
Seq2Seq,6,6,0.8177571,0.8140348,0.8187067,0.8177571,0.006489060819149,0.00372231,0.00372231,0.0009495616
Seq2Seq,6,6,0.82221174,0.8120384,0.8177571,0.82221174,0.006489060819149,0.010173321,0.010173321,0.0044546127
Seq2Seq,6,6,0.8154538,0.8184096,0.82221174,0.8154538,0.006489060819149,0.0029557943,0.0029557943,0.006757915
Seq2Seq,6,6,0.80811554,0.8146243,0.8154538,0.80811554,0.006489060819149,0.0065087676,0.0065087676,0.0073382854
Seq2Seq,6,6,0.80867493,0.81079084,0.80811554,0.80867493,0.006489060819149,0.0021159053,0.0021159053,0.0005593896
Seq2Seq,6,6,0.8150423,0.80772454,0.80867493,0.8150423,0.006489060819149,0.0073177814,0.0073177814,0.0063673854
Seq2Seq,6,6,0.8069653,0.8123706,0.8150423,0.8069653,0.006489060819149,0.005405307,0.005405307,0.008077025
Seq2Seq,6,6,0.7971569,0.8033735,0.8069653,0.7971569,0.006489060819149,0.0062166452,0.0062166452,0.009808421
Seq2Seq,6,6,0.7919337,0.7952445,0.7971569,0.7919337,0.006489060819149,0.0033107996,0.0033107996,0.005223155
Seq2Seq,6,6,0.78955144,0.7873805,0.7919337,0.78955144,0.006489060819149,0.0021709204,0.0021709204,0.0023822784
Seq2Seq,6,6,0.7982195,0.7866633,0.78955144,0.7982195,0.006489060819149,0.011556208,0.011556208,0.008668065
Seq2Seq,6,6,0.7910288,0.7937429,0.7982195,0.7910288,0.006489060819149,0.0027140975,0.0027140975,0.0071907043
Seq2Seq,6,6,0.79262084,0.78900427,0.7910288,0.79262084,0.006489060819149,0.0036165714,0.0036165714,0.0015920401
Seq2Seq,6,15,0.8724049,0.87623554,0.88199836,0.8724049,0.006489060819149,0.0038306713,0.0038306713,0.009593487
Seq2Seq,6,15,0.87314415,0.8662349,0.8724049,0.87314415,0.006489060819149,0.006909251,0.006909251,0.0007392764
Seq2Seq,6,15,0.85962033,0.8653223,0.87314415,0.85962033,0.006489060819149,0.005701959,0.005701959,0.013523817
Seq2Seq,6,15,0.85267913,0.8497481,0.85962033,0.85267913,0.006489060819149,0.0029310584,0.0029310584,0.0069411993
Seq2Seq,6,15,0.84834564,0.8459592,0.85267913,0.84834564,0.006489060819149,0.0023864508,0.0023864508,0.004333496
Seq2Seq,6,15,0.8407997,0.84768987,0.84834564,0.8407997,0.006489060819149,0.0068901777,0.0068901777,0.007545948
Seq2Seq,6,15,0.84251374,0.8421023,0.8407997,0.84251374,0.006489060819149,0.00041145086,0.00041145086,0.0017140508
Seq2Seq,6,15,0.8422961,0.8435925,0.84251374,0.8422961,0.006489060819149,0.001296401,0.001296401,0.00021761656
Seq2Seq,6,15,0.8382839,0.84138525,0.8422961,0.8382839,0.006489060819149,0.0031013489,0.0031013489,0.004012227
Seq2Seq,6,15,0.8357488,0.8356654,0.8382839,0.8357488,0.006489060819149,8.33869e-05,8.33869e-05,0.0025351048
Seq2Seq,6,15,0.8347425,0.83059967,0.8357488,0.8347425,0.006489060819149,0.004142821,0.004142821,0.0010063052
Seq2Seq,6,15,0.8298506,0.83168924,0.8347425,0.8298506,0.006489060819149,0.0018386245,0.0018386245,0.0048918724
Seq2Seq,6,15,0.81573904,0.8249026,0.8298506,0.81573904,0.006489060819149,0.0091635585,0.0091635585,0.014111578
Seq2Seq,6,15,0.8110497,0.8142788,0.81573904,0.8110497,0.006489060819149,0.0032290816,0.0032290816,0.004689336
Seq2Seq,6,15,0.8123055,0.8119749,0.8110497,0.8123055,0.006489060819149,0.00033062696,0.00033062696,0.0012558103
Seq2Seq,6,15,0.8074114,0.8078588,0.8123055,0.8074114,0.006489060819149,0.00044745207,0.00044745207,0.0048941374
Seq2Seq,6,15,0.80365896,0.80707353,0.8074114,0.80365896,0.006489060819149,0.0034145713,0.0034145713,0.0037524104
Seq2Seq,6,15,0.80093294,0.8011371,0.80365896,0.80093294,0.006489060819149,0.00020414591,0.00020414591,0.0027260184
Seq2Seq,6,15,0.7892152,0.7980425,0.80093294,0.7892152,0.006489060819149,0.008827269,0.008827269,0.011717737
Seq2Seq,6,15,0.7919648,0.7892123,0.7892152,0.7919648,0.006489060819149,0.0027525425,0.0027525425,0.0027496219
Persistence,7,8,0.90064675,0.902237,0.902237,0.90064675,0.0061708488501608,0.0015902519,0.0015902519,0.0015902519
Persistence,7,8,0.88429236,0.90064675,0.90064675,0.88429236,0.0061708488501608,0.016354382,0.016354382,0.016354382
Persistence,7,8,0.87401485,0.88429236,0.88429236,0.87401485,0.0061708488501608,0.01027751,0.01027751,0.01027751
Persistence,7,8,0.87282014,0.87401485,0.87401485,0.87282014,0.0061708488501608,0.0011947155,0.0011947155,0.0011947155
Persistence,7,8,0.8729449,0.87282014,0.87282014,0.8729449,0.0061708488501608,0.00012475252,0.00012475252,0.00012475252
Persistence,7,8,0.8575645,0.8729449,0.8729449,0.8575645,0.0061708488501608,0.015380383,0.015380383,0.015380383
Persistence,7,8,0.84833086,0.8575645,0.8575645,0.84833086,0.0061708488501608,0.009233654,0.009233654,0.009233654
Persistence,7,8,0.82999146,0.84833086,0.84833086,0.82999146,0.0061708488501608,0.018339396,0.018339396,0.018339396
Persistence,7,8,0.82971585,0.82999146,0.82999146,0.82971585,0.0061708488501608,0.00027561188,0.00027561188,0.00027561188
Persistence,7,8,0.8287887,0.82971585,0.82971585,0.8287887,0.0061708488501608,0.00092715025,0.00092715025,0.00092715025
Persistence,7,8,0.82702684,0.8287887,0.8287887,0.82702684,0.0061708488501608,0.0017618537,0.0017618537,0.0017618537
Persistence,7,8,0.8211693,0.82702684,0.82702684,0.8211693,0.0061708488501608,0.0058575273,0.0058575273,0.0058575273
Persistence,7,8,0.81672496,0.8211693,0.8211693,0.81672496,0.0061708488501608,0.0044443607,0.0044443607,0.0044443607
Persistence,7,8,0.8119489,0.81672496,0.81672496,0.8119489,0.0061708488501608,0.0047760606,0.0047760606,0.0047760606
Persistence,7,8,0.80631554,0.8119489,0.8119489,0.80631554,0.0061708488501608,0.005633354,0.005633354,0.005633354
Persistence,7,8,0.8121565,0.80631554,0.80631554,0.8121565,0.0061708488501608,0.005840957,0.005840957,0.005840957
Persistence,7,8,0.8049148,0.8121565,0.8121565,0.8049148,0.0061708488501608,0.007241726,0.007241726,0.007241726
Persistence,7,8,0.7960426,0.8049148,0.8049148,0.7960426,0.0061708488501608,0.008872151,0.008872151,0.008872151
Persistence,7,8,0.7964955,0.7960426,0.7960426,0.7964955,0.0061708488501608,0.0004528761,0.0004528761,0.0004528761
Persistence,7,8,0.79534715,0.7964955,0.7964955,0.79534715,0.0061708488501608,0.0011483431,0.0011483431,0.0011483431
Persistence,7,8,0.79208946,0.79534715,0.79534715,0.79208946,0.0061708488501608,0.0032576919,0.0032576919,0.0032576919
Persistence,7,8,0.78874314,0.79208946,0.79208946,0.78874314,0.0061708488501608,0.003346324,0.003346324,0.003346324
Persistence,7,8,0.78373265,0.78874314,0.78874314,0.78373265,0.0061708488501608,0.0050104856,0.0050104856,0.0050104856
Persistence,7,10,0.8826901,0.8842181,0.8842181,0.8826901,0.0061708488501608,0.0015280247,0.0015280247,0.0015280247
Persistence,7,10,0.87818635,0.8826901,0.8826901,0.87818635,0.0061708488501608,0.004503727,0.004503727,0.004503727
Persistence,7,10,0.88232356,0.87818635,0.87818635,0.88232356,0.0061708488501608,0.004137218,0.004137218,0.004137218
Persistence,7,10,0.86945295,0.88232356,0.88232356,0.86945295,0.0061708488501608,0.01287061,0.01287061,0.01287061
Persistence,7,10,0.86518914,0.86945295,0.86945295,0.86518914,0.0061708488501608,0.0042638183,0.0042638183,0.0042638183
Persistence,7,10,0.8699678,0.86518914,0.86518914,0.8699678,0.0061708488501608,0.004778683,0.004778683,0.004778683
Persistence,7,10,0.8755109,0.8699678,0.8699678,0.8755109,0.0061708488501608,0.005543053,0.005543053,0.005543053
Persistence,7,10,0.8770293,0.8755109,0.8755109,0.8770293,0.0061708488501608,0.0015184283,0.0015184283,0.0015184283
Persistence,7,10,0.8664172,0.8770293,0.8770293,0.8664172,0.0061708488501608,0.010612071,0.010612071,0.010612071
Persistence,7,10,0.8571021,0.8664172,0.8664172,0.8571021,0.0061708488501608,0.009315133,0.009315133,0.009315133
Persistence,7,10,0.84933686,0.8571021,0.8571021,0.84933686,0.0061708488501608,0.0077652335,0.0077652335,0.0077652335
Persistence,7,10,0.83461636,0.84933686,0.84933686,0.83461636,0.0061708488501608,0.0147204995,0.0147204995,0.0147204995
Persistence,7,10,0.8379713,0.83461636,0.83461636,0.8379713,0.0061708488501608,0.0033549666,0.0033549666,0.0033549666
Persistence,7,10,0.8445855,0.8379713,0.8379713,0.8445855,0.0061708488501608,0.0066141486,0.0066141486,0.0066141486
Persistence,7,10,0.8484766,0.8445855,0.8445855,0.8484766,0.0061708488501608,0.0038911104,0.0038911104,0.0038911104
Persistence,7,10,0.8394557,0.8484766,0.8484766,0.8394557,0.0061708488501608,0.009020865,0.009020865,0.009020865
Persistence,7,10,0.82897156,0.8394557,0.8394557,0.82897156,0.0061708488501608,0.010484159,0.010484159,0.010484159
Persistence,7,10,0.8312218,0.82897156,0.82897156,0.8312218,0.0061708488501608,0.0022502542,0.0022502542,0.0022502542
Persistence,7,10,0.82842606,0.8312218,0.8312218,0.82842606,0.0061708488501608,0.0027957559,0.0027957559,0.0027957559
Persistence,7,10,0.82392335,0.82842606,0.82842606,0.82392335,0.0061708488501608,0.0045027137,0.0045027137,0.0045027137
Persistence,7,10,0.8096079,0.82392335,0.82392335,0.8096079,0.0061708488501608,0.014315426,0.014315426,0.014315426
Persistence,7,10,0.8001174,0.8096079,0.8096079,0.8001174,0.0061708488501608,0.00949055,0.00949055,0.00949055
MQAttn-LSTM-VQR,7,8,0.90064675,0.89361,0.902237,0.90064675,0.0061708488501608,0.0070367455,0.0070367455,0.0015902519
MQAttn-LSTM-VQR,7,8,0.88429236,0.8914829,0.90064675,0.88429236,0.0061708488501608,0.0071905255,0.0071905255,0.016354382
MQAttn-LSTM-VQR,7,8,0.87401485,0.8825497,0.88429236,0.87401485,0.0061708488501608,0.008534849,0.008534849,0.01027751
MQAttn-LSTM-VQR,7,8,0.87282014,0.86913663,0.87401485,0.87282014,0.0061708488501608,0.0036835074,0.0036835074,0.0011947155
MQAttn-LSTM-VQR,7,8,0.8729449,0.86810803,0.87282014,0.8729449,0.0061708488501608,0.0048368573,0.0048368573,0.00012475252
MQAttn-LSTM-VQR,7,8,0.8575645,0.87510496,0.8729449,0.8575645,0.0061708488501608,0.017540455,0.017540455,0.015380383
MQAttn-LSTM-VQR,7,8,0.84833086,0.85900986,0.8575645,0.84833086,0.0061708488501608,0.010679007,0.010679007,0.009233654
MQAttn-LSTM-VQR,7,8,0.82999146,0.84696084,0.84833086,0.82999146,0.0061708488501608,0.016969383,0.016969383,0.018339396
MQAttn-LSTM-VQR,7,8,0.82971585,0.8243902,0.82999146,0.82971585,0.0061708488501608,0.005325675,0.005325675,0.00027561188
MQAttn-LSTM-VQR,7,8,0.8287887,0.8225845,0.82971585,0.8287887,0.0061708488501608,0.006204188,0.006204188,0.00092715025
MQAttn-LSTM-VQR,7,8,0.82702684,0.82053745,0.8287887,0.82702684,0.0061708488501608,0.006489396,0.006489396,0.0017618537
MQAttn-LSTM-VQR,7,8,0.8211693,0.81968784,0.82702684,0.8211693,0.0061708488501608,0.0014814734,0.0014814734,0.0058575273
MQAttn-LSTM-VQR,7,8,0.81672496,0.8166038,0.8211693,0.81672496,0.0061708488501608,0.00012117624,0.00012117624,0.0044443607
MQAttn-LSTM-VQR,7,8,0.8119489,0.81367856,0.81672496,0.8119489,0.0061708488501608,0.0017296672,0.0017296672,0.0047760606
MQAttn-LSTM-VQR,7,8,0.80631554,0.8090219,0.8119489,0.80631554,0.0061708488501608,0.002706349,0.002706349,0.005633354
MQAttn-LSTM-VQR,7,8,0.8121565,0.8034484,0.80631554,0.8121565,0.0061708488501608,0.008708119,0.008708119,0.005840957
MQAttn-LSTM-VQR,7,8,0.8049148,0.8077239,0.8121565,0.8049148,0.0061708488501608,0.0028091073,0.0028091073,0.007241726
MQAttn-LSTM-VQR,7,8,0.7960426,0.7999179,0.8049148,0.7960426,0.0061708488501608,0.0038752556,0.0038752556,0.008872151
MQAttn-LSTM-VQR,7,8,0.7964955,0.7901159,0.7960426,0.7964955,0.0061708488501608,0.0063796043,0.0063796043,0.0004528761
MQAttn-LSTM-VQR,7,8,0.79534715,0.7904331,0.7964955,0.79534715,0.0061708488501608,0.0049140453,0.0049140453,0.0011483431
MQAttn-LSTM-VQR,7,8,0.79208946,0.78835946,0.79534715,0.79208946,0.0061708488501608,0.003729999,0.003729999,0.0032576919
MQAttn-LSTM-VQR,7,8,0.78874314,0.78456163,0.79208946,0.78874314,0.0061708488501608,0.0041815042,0.0041815042,0.003346324
MQAttn-LSTM-VQR,7,8,0.78373265,0.7828976,0.78874314,0.78373265,0.0061708488501608,0.0008350611,0.0008350611,0.0050104856
MQAttn-LSTM-VQR,7,10,0.8826901,0.8775459,0.8842181,0.8826901,0.0061708488501608,0.005144179,0.005144179,0.0015280247
MQAttn-LSTM-VQR,7,10,0.87818635,0.87942547,0.8826901,0.87818635,0.0061708488501608,0.001239121,0.001239121,0.004503727
MQAttn-LSTM-VQR,7,10,0.88232356,0.8756287,0.87818635,0.88232356,0.0061708488501608,0.0066948533,0.0066948533,0.004137218
MQAttn-LSTM-VQR,7,10,0.86945295,0.8796337,0.88232356,0.86945295,0.0061708488501608,0.010180771,0.010180771,0.01287061
MQAttn-LSTM-VQR,7,10,0.86518914,0.86537766,0.86945295,0.86518914,0.0061708488501608,0.00018852949,0.00018852949,0.0042638183
MQAttn-LSTM-VQR,7,10,0.8699678,0.86420137,0.86518914,0.8699678,0.0061708488501608,0.0057664514,0.0057664514,0.004778683
MQAttn-LSTM-VQR,7,10,0.8755109,0.8579831,0.8699678,0.8755109,0.0061708488501608,0.01752776,0.01752776,0.005543053
MQAttn-LSTM-VQR,7,10,0.8770293,0.8683446,0.8755109,0.8770293,0.0061708488501608,0.008684695,0.008684695,0.0015184283
MQAttn-LSTM-VQR,7,10,0.8664172,0.867796,0.8770293,0.8664172,0.0061708488501608,0.0013787746,0.0013787746,0.010612071
MQAttn-LSTM-VQR,7,10,0.8571021,0.8569372,0.8664172,0.8571021,0.0061708488501608,0.00016486645,0.00016486645,0.009315133
MQAttn-LSTM-VQR,7,10,0.84933686,0.8487647,0.8571021,0.84933686,0.0061708488501608,0.000572145,0.000572145,0.0077652335
MQAttn-LSTM-VQR,7,10,0.83461636,0.84386706,0.84933686,0.83461636,0.0061708488501608,0.0092507005,0.0092507005,0.0147204995
MQAttn-LSTM-VQR,7,10,0.8379713,0.8312355,0.83461636,0.8379713,0.0061708488501608,0.0067358017,0.0067358017,0.0033549666
MQAttn-LSTM-VQR,7,10,0.8445855,0.83267397,0.8379713,0.8445855,0.0061708488501608,0.011911511,0.011911511,0.0066141486
MQAttn-LSTM-VQR,7,10,0.8484766,0.8385034,0.8445855,0.8484766,0.0061708488501608,0.009973168,0.009973168,0.0038911104
MQAttn-LSTM-VQR,7,10,0.8394557,0.8414864,0.8484766,0.8394557,0.0061708488501608,0.0020306706,0.0020306706,0.009020865
MQAttn-LSTM-VQR,7,10,0.82897156,0.8302107,0.8394557,0.82897156,0.0061708488501608,0.001239121,0.001239121,0.010484159
MQAttn-LSTM-VQR,7,10,0.8312218,0.820914,0.82897156,0.8312218,0.0061708488501608,0.010307848,0.010307848,0.0022502542
MQAttn-LSTM-VQR,7,10,0.82842606,0.82408065,0.8312218,0.82842606,0.0061708488501608,0.004345417,0.004345417,0.0027957559
MQAttn-LSTM-VQR,7,10,0.82392335,0.82174337,0.82842606,0.82392335,0.0061708488501608,0.0021799803,0.0021799803,0.0045027137
MQAttn-LSTM-VQR,7,10,0.8096079,0.81769264,0.82392335,0.8096079,0.0061708488501608,0.008084714,0.008084714,0.014315426
MQAttn-LSTM-VQR,7,10,0.8001174,0.8035779,0.8096079,0.8001174,0.0061708488501608,0.0034605265,0.0034605265,0.00949055
MQAttn-LSTM-VQR classical twin,7,8,0.90064675,0.8921452,0.902237,0.90064675,0.0061708488501608,0.00850153,0.00850153,0.0015902519
MQAttn-LSTM-VQR classical twin,7,8,0.88429236,0.8928941,0.90064675,0.88429236,0.0061708488501608,0.008601725,0.008601725,0.016354382
MQAttn-LSTM-VQR classical twin,7,8,0.87401485,0.868163,0.88429236,0.87401485,0.0061708488501608,0.005851865,0.005851865,0.01027751
MQAttn-LSTM-VQR classical twin,7,8,0.87282014,0.86844987,0.87401485,0.87282014,0.0061708488501608,0.004370272,0.004370272,0.0011947155
MQAttn-LSTM-VQR classical twin,7,8,0.8729449,0.87129444,0.87282014,0.8729449,0.0061708488501608,0.0016504526,0.0016504526,0.00012475252
MQAttn-LSTM-VQR classical twin,7,8,0.8575645,0.8701153,0.8729449,0.8575645,0.0061708488501608,0.012550771,0.012550771,0.015380383
MQAttn-LSTM-VQR classical twin,7,8,0.84833086,0.85556906,0.8575645,0.84833086,0.0061708488501608,0.0072382092,0.0072382092,0.009233654
MQAttn-LSTM-VQR classical twin,7,8,0.82999146,0.8433695,0.84833086,0.82999146,0.0061708488501608,0.013378024,0.013378024,0.018339396
MQAttn-LSTM-VQR classical twin,7,8,0.82971585,0.82585067,0.82999146,0.82971585,0.0061708488501608,0.0038651824,0.0038651824,0.00027561188
MQAttn-LSTM-VQR classical twin,7,8,0.8287887,0.8241931,0.82971585,0.8287887,0.0061708488501608,0.0045955777,0.0045955777,0.00092715025
MQAttn-LSTM-VQR classical twin,7,8,0.82702684,0.8231129,0.8287887,0.82702684,0.0061708488501608,0.003913939,0.003913939,0.0017618537
MQAttn-LSTM-VQR classical twin,7,8,0.8211693,0.824295,0.82702684,0.8211693,0.0061708488501608,0.0031256676,0.0031256676,0.0058575273
MQAttn-LSTM-VQR classical twin,7,8,0.81672496,0.81718737,0.8211693,0.81672496,0.0061708488501608,0.00046241283,0.00046241283,0.0044443607
MQAttn-LSTM-VQR classical twin,7,8,0.8119489,0.8126134,0.81672496,0.8119489,0.0061708488501608,0.0006645322,0.0006645322,0.0047760606
MQAttn-LSTM-VQR classical twin,7,8,0.80631554,0.8070225,0.8119489,0.80631554,0.0061708488501608,0.0007069707,0.0007069707,0.005633354
MQAttn-LSTM-VQR classical twin,7,8,0.8121565,0.79978514,0.80631554,0.8121565,0.0061708488501608,0.012371361,0.012371361,0.005840957
MQAttn-LSTM-VQR classical twin,7,8,0.8049148,0.7989786,0.8121565,0.8049148,0.0061708488501608,0.005936146,0.005936146,0.007241726
MQAttn-LSTM-VQR classical twin,7,8,0.7960426,0.79561037,0.8049148,0.7960426,0.0061708488501608,0.00043225288,0.00043225288,0.008872151
MQAttn-LSTM-VQR classical twin,7,8,0.7964955,0.78998625,0.7960426,0.7964955,0.0061708488501608,0.0065092444,0.0065092444,0.0004528761
MQAttn-LSTM-VQR classical twin,7,8,0.79534715,0.78982407,0.7964955,0.79534715,0.0061708488501608,0.0055230856,0.0055230856,0.0011483431
MQAttn-LSTM-VQR classical twin,7,8,0.79208946,0.78870517,0.79534715,0.79208946,0.0061708488501608,0.0033842921,0.0033842921,0.0032576919
MQAttn-LSTM-VQR classical twin,7,8,0.78874314,0.7884168,0.79208946,0.78874314,0.0061708488501608,0.00032633543,0.00032633543,0.003346324
MQAttn-LSTM-VQR classical twin,7,8,0.78373265,0.782809,0.78874314,0.78373265,0.0061708488501608,0.0009236336,0.0009236336,0.0050104856
MQAttn-LSTM-VQR classical twin,7,10,0.8826901,0.87771064,0.8842181,0.8826901,0.0061708488501608,0.0049794316,0.0049794316,0.0015280247
MQAttn-LSTM-VQR classical twin,7,10,0.87818635,0.8744047,0.8826901,0.87818635,0.0061708488501608,0.0037816167,0.0037816167,0.004503727
MQAttn-LSTM-VQR classical twin,7,10,0.88232356,0.8682485,0.87818635,0.88232356,0.0061708488501608,0.014075041,0.014075041,0.004137218
MQAttn-LSTM-VQR classical twin,7,10,0.86945295,0.8732105,0.88232356,0.86945295,0.0061708488501608,0.0037575364,0.0037575364,0.01287061
MQAttn-LSTM-VQR classical twin,7,10,0.86518914,0.86673915,0.86945295,0.86518914,0.0061708488501608,0.0015500188,0.0015500188,0.0042638183
MQAttn-LSTM-VQR classical twin,7,10,0.8699678,0.8640619,0.86518914,0.8699678,0.0061708488501608,0.005905926,0.005905926,0.004778683
MQAttn-LSTM-VQR classical twin,7,10,0.8755109,0.857134,0.8699678,0.8755109,0.0061708488501608,0.018376887,0.018376887,0.005543053
MQAttn-LSTM-VQR classical twin,7,10,0.8770293,0.87051946,0.8755109,0.8770293,0.0061708488501608,0.0065098405,0.0065098405,0.0015184283
MQAttn-LSTM-VQR classical twin,7,10,0.8664172,0.8710593,0.8770293,0.8664172,0.0061708488501608,0.0046420693,0.0046420693,0.010612071
MQAttn-LSTM-VQR classical twin,7,10,0.8571021,0.8607891,0.8664172,0.8571021,0.0061708488501608,0.0036870241,0.0036870241,0.009315133
MQAttn-LSTM-VQR classical twin,7,10,0.84933686,0.8550358,0.8571021,0.84933686,0.0061708488501608,0.0056989193,0.0056989193,0.0077652335
MQAttn-LSTM-VQR classical twin,7,10,0.83461636,0.84578854,0.84933686,0.83461636,0.0061708488501608,0.011172175,0.011172175,0.0147204995
MQAttn-LSTM-VQR classical twin,7,10,0.8379713,0.8319123,0.83461636,0.8379713,0.0061708488501608,0.0060590506,0.0060590506,0.0033549666
MQAttn-LSTM-VQR classical twin,7,10,0.8445855,0.8351159,0.8379713,0.8445855,0.0061708488501608,0.009469569,0.009469569,0.0066141486
MQAttn-LSTM-VQR classical twin,7,10,0.8484766,0.8415975,0.8445855,0.8484766,0.0061708488501608,0.0068790913,0.0068790913,0.0038911104
MQAttn-LSTM-VQR classical twin,7,10,0.8394557,0.84757066,0.8484766,0.8394557,0.0061708488501608,0.008114934,0.008114934,0.009020865
MQAttn-LSTM-VQR classical twin,7,10,0.82897156,0.8363865,0.8394557,0.82897156,0.0061708488501608,0.007414937,0.007414937,0.010484159
MQAttn-LSTM-VQR classical twin,7,10,0.8312218,0.82695556,0.82897156,0.8312218,0.0061708488501608,0.004266262,0.004266262,0.0022502542
MQAttn-LSTM-VQR classical twin,7,10,0.82842606,0.82931906,0.8312218,0.82842606,0.0061708488501608,0.0008929968,0.0008929968,0.0027957559
MQAttn-LSTM-VQR classical twin,7,10,0.82392335,0.8261795,0.82842606,0.82392335,0.0061708488501608,0.002256155,0.002256155,0.0045027137
MQAttn-LSTM-VQR classical twin,7,10,0.8096079,0.82330656,0.82392335,0.8096079,0.0061708488501608,0.0136986375,0.0136986375,0.014315426
MQAttn-LSTM-VQR classical twin,7,10,0.8001174,0.8085524,0.8096079,0.8001174,0.0061708488501608,0.008435011,0.008435011,0.00949055
MQAttn-QLSTM-VQR,7,8,0.90064675,0.8908292,0.902237,0.90064675,0.0061708488501608,0.009817541,0.009817541,0.0015902519
MQAttn-QLSTM-VQR,7,8,0.88429236,0.8912704,0.90064675,0.88429236,0.0061708488501608,0.006978035,0.006978035,0.016354382
MQAttn-QLSTM-VQR,7,8,0.87401485,0.87370396,0.88429236,0.87401485,0.0061708488501608,0.00031089783,0.00031089783,0.01027751
MQAttn-QLSTM-VQR,7,8,0.87282014,0.8656183,0.87401485,0.87282014,0.0061708488501608,0.0072018504,0.0072018504,0.0011947155
MQAttn-QLSTM-VQR,7,8,0.8729449,0.86690444,0.87282014,0.8729449,0.0061708488501608,0.006040454,0.006040454,0.00012475252
MQAttn-QLSTM-VQR,7,8,0.8575645,0.8691972,0.8729449,0.8575645,0.0061708488501608,0.011632681,0.011632681,0.015380383
MQAttn-QLSTM-VQR,7,8,0.84833086,0.85240406,0.8575645,0.84833086,0.0061708488501608,0.0040732026,0.0040732026,0.009233654
MQAttn-QLSTM-VQR,7,8,0.82999146,0.84267527,0.84833086,0.82999146,0.0061708488501608,0.012683809,0.012683809,0.018339396
MQAttn-QLSTM-VQR,7,8,0.82971585,0.82298535,0.82999146,0.82971585,0.0061708488501608,0.006730497,0.006730497,0.00027561188
MQAttn-QLSTM-VQR,7,8,0.8287887,0.82331866,0.82971585,0.8287887,0.0061708488501608,0.0054700375,0.0054700375,0.00092715025
MQAttn-QLSTM-VQR,7,8,0.82702684,0.8225162,0.8287887,0.82702684,0.0061708488501608,0.004510641,0.004510641,0.0017618537
MQAttn-QLSTM-VQR,7,8,0.8211693,0.8207539,0.82702684,0.8211693,0.0061708488501608,0.00041544437,0.00041544437,0.0058575273
MQAttn-QLSTM-VQR,7,8,0.81672496,0.81639826,0.8211693,0.81672496,0.0061708488501608,0.00032669306,0.00032669306,0.0044443607
MQAttn-QLSTM-VQR,7,8,0.8119489,0.81272906,0.81672496,0.8119489,0.0061708488501608,0.0007801652,0.0007801652,0.0047760606
MQAttn-QLSTM-VQR,7,8,0.80631554,0.8081927,0.8119489,0.80631554,0.0061708488501608,0.0018771291,0.0018771291,0.005633354
MQAttn-QLSTM-VQR,7,8,0.8121565,0.8025339,0.80631554,0.8121565,0.0061708488501608,0.009622574,0.009622574,0.005840957
MQAttn-QLSTM-VQR,7,8,0.8049148,0.80840045,0.8121565,0.8049148,0.0061708488501608,0.0034856796,0.0034856796,0.007241726
MQAttn-QLSTM-VQR,7,8,0.7960426,0.7997608,0.8049148,0.7960426,0.0061708488501608,0.0037181973,0.0037181973,0.008872151
MQAttn-QLSTM-VQR,7,8,0.7964955,0.79015255,0.7960426,0.7964955,0.0061708488501608,0.0063429475,0.0063429475,0.0004528761
MQAttn-QLSTM-VQR,7,8,0.79534715,0.79133874,0.7964955,0.79534715,0.0061708488501608,0.0040084124,0.0040084124,0.0011483431
MQAttn-QLSTM-VQR,7,8,0.79208946,0.7911704,0.79534715,0.79208946,0.0061708488501608,0.000919044,0.000919044,0.0032576919
MQAttn-QLSTM-VQR,7,8,0.78874314,0.7861286,0.79208946,0.78874314,0.0061708488501608,0.0026145577,0.0026145577,0.003346324
MQAttn-QLSTM-VQR,7,8,0.78373265,0.7844999,0.78874314,0.78373265,0.0061708488501608,0.000767231,0.000767231,0.0050104856
MQAttn-QLSTM-VQR,7,10,0.8826901,0.8754838,0.8842181,0.8826901,0.0061708488501608,0.007206261,0.007206261,0.0015280247
MQAttn-QLSTM-VQR,7,10,0.87818635,0.8758697,0.8826901,0.87818635,0.0061708488501608,0.0023166537,0.0023166537,0.004503727
MQAttn-QLSTM-VQR,7,10,0.88232356,0.87290215,0.87818635,0.88232356,0.0061708488501608,0.009421408,0.009421408,0.004137218
MQAttn-QLSTM-VQR,7,10,0.86945295,0.875923,0.88232356,0.86945295,0.0061708488501608,0.0064700246,0.0064700246,0.01287061
MQAttn-QLSTM-VQR,7,10,0.86518914,0.86579746,0.86945295,0.86518914,0.0061708488501608,0.000608325,0.000608325,0.0042638183
MQAttn-QLSTM-VQR,7,10,0.8699678,0.8619956,0.86518914,0.8699678,0.0061708488501608,0.00797224,0.00797224,0.004778683
MQAttn-QLSTM-VQR,7,10,0.8755109,0.8653849,0.8699678,0.8755109,0.0061708488501608,0.010125995,0.010125995,0.005543053
MQAttn-QLSTM-VQR,7,10,0.8770293,0.87005484,0.8755109,0.8770293,0.0061708488501608,0.0069744587,0.0069744587,0.0015184283
MQAttn-QLSTM-VQR,7,10,0.8664172,0.87052214,0.8770293,0.8664172,0.0061708488501608,0.0041049123,0.0041049123,0.010612071
MQAttn-QLSTM-VQR,7,10,0.8571021,0.86033326,0.8664172,0.8571021,0.0061708488501608,0.0032311678,0.0032311678,0.009315133
MQAttn-QLSTM-VQR,7,10,0.84933686,0.8514579,0.8571021,0.84933686,0.0061708488501608,0.0021210313,0.0021210313,0.0077652335
MQAttn-QLSTM-VQR,7,10,0.83461636,0.8443594,0.84933686,0.83461636,0.0061708488501608,0.009743035,0.009743035,0.0147204995
MQAttn-QLSTM-VQR,7,10,0.8379713,0.8308474,0.83461636,0.8379713,0.0061708488501608,0.007123947,0.007123947,0.0033549666
MQAttn-QLSTM-VQR,7,10,0.8445855,0.8339114,0.8379713,0.8445855,0.0061708488501608,0.010674059,0.010674059,0.0066141486
MQAttn-QLSTM-VQR,7,10,0.8484766,0.84107405,0.8445855,0.8484766,0.0061708488501608,0.0074025393,0.0074025393,0.0038911104
MQAttn-QLSTM-VQR,7,10,0.8394557,0.8446676,0.8484766,0.8394557,0.0061708488501608,0.0052118897,0.0052118897,0.009020865
MQAttn-QLSTM-VQR,7,10,0.82897156,0.83530974,0.8394557,0.82897156,0.0061708488501608,0.006338179,0.006338179,0.010484159
MQAttn-QLSTM-VQR,7,10,0.8312218,0.82430553,0.82897156,0.8312218,0.0061708488501608,0.0069162846,0.0069162846,0.0022502542
MQAttn-QLSTM-VQR,7,10,0.82842606,0.82658595,0.8312218,0.82842606,0.0061708488501608,0.0018401146,0.0018401146,0.0027957559
MQAttn-QLSTM-VQR,7,10,0.82392335,0.82351446,0.82842606,0.82392335,0.0061708488501608,0.00040888786,0.00040888786,0.0045027137
MQAttn-QLSTM-VQR,7,10,0.8096079,0.8184013,0.82392335,0.8096079,0.0061708488501608,0.008793354,0.008793354,0.014315426
MQAttn-QLSTM-VQR,7,10,0.8001174,0.8049163,0.8096079,0.8001174,0.0061708488501608,0.0047989488,0.0047989488,0.00949055
MQAttn-QLSTM-VQR classical twin,7,8,0.90064675,0.89599407,0.902237,0.90064675,0.0061708488501608,0.004652679,0.004652679,0.0015902519
MQAttn-QLSTM-VQR classical twin,7,8,0.88429236,0.8924461,0.90064675,0.88429236,0.0061708488501608,0.008153737,0.008153737,0.016354382
MQAttn-QLSTM-VQR classical twin,7,8,0.87401485,0.879795,0.88429236,0.87401485,0.0061708488501608,0.0057801604,0.0057801604,0.01027751
MQAttn-QLSTM-VQR classical twin,7,8,0.87282014,0.86984545,0.87401485,0.87282014,0.0061708488501608,0.002974689,0.002974689,0.0011947155
MQAttn-QLSTM-VQR classical twin,7,8,0.8729449,0.8664026,0.87282014,0.8729449,0.0061708488501608,0.0065422654,0.0065422654,0.00012475252
MQAttn-QLSTM-VQR classical twin,7,8,0.8575645,0.86844873,0.8729449,0.8575645,0.0061708488501608,0.010884225,0.010884225,0.015380383
MQAttn-QLSTM-VQR classical twin,7,8,0.84833086,0.853316,0.8575645,0.84833086,0.0061708488501608,0.0049851537,0.0049851537,0.009233654
MQAttn-QLSTM-VQR classical twin,7,8,0.82999146,0.8435972,0.84833086,0.82999146,0.0061708488501608,0.013605714,0.013605714,0.018339396
MQAttn-QLSTM-VQR classical twin,7,8,0.82971585,0.82604086,0.82999146,0.82971585,0.0061708488501608,0.003674984,0.003674984,0.00027561188
MQAttn-QLSTM-VQR classical twin,7,8,0.8287887,0.82527876,0.82971585,0.8287887,0.0061708488501608,0.0035099387,0.0035099387,0.00092715025
MQAttn-QLSTM-VQR classical twin,7,8,0.82702684,0.8236914,0.8287887,0.82702684,0.0061708488501608,0.0033354163,0.0033354163,0.0017618537
MQAttn-QLSTM-VQR classical twin,7,8,0.8211693,0.8239107,0.82702684,0.8211693,0.0061708488501608,0.0027413964,0.0027413964,0.0058575273
MQAttn-QLSTM-VQR classical twin,7,8,0.81672496,0.8176704,0.8211693,0.81672496,0.0061708488501608,0.0009454489,0.0009454489,0.0044443607
MQAttn-QLSTM-VQR classical twin,7,8,0.8119489,0.8136276,0.81672496,0.8119489,0.0061708488501608,0.0016787052,0.0016787052,0.0047760606
MQAttn-QLSTM-VQR classical twin,7,8,0.80631554,0.808587,0.8119489,0.80631554,0.0061708488501608,0.0022714734,0.0022714734,0.005633354
MQAttn-QLSTM-VQR classical twin,7,8,0.8121565,0.80258316,0.80631554,0.8121565,0.0061708488501608,0.00957334,0.00957334,0.005840957
MQAttn-QLSTM-VQR classical twin,7,8,0.8049148,0.80622053,0.8121565,0.8049148,0.0061708488501608,0.001305759,0.001305759,0.007241726
MQAttn-QLSTM-VQR classical twin,7,8,0.7960426,0.8006895,0.8049148,0.7960426,0.0061708488501608,0.0046468973,0.0046468973,0.008872151
MQAttn-QLSTM-VQR classical twin,7,8,0.7964955,0.79272383,0.7960426,0.7964955,0.0061708488501608,0.0037716627,0.0037716627,0.0004528761
MQAttn-QLSTM-VQR classical twin,7,8,0.79534715,0.7915934,0.7964955,0.79534715,0.0061708488501608,0.0037537813,0.0037537813,0.0011483431
MQAttn-QLSTM-VQR classical twin,7,8,0.79208946,0.79020596,0.79534715,0.79208946,0.0061708488501608,0.0018835068,0.0018835068,0.0032576919
MQAttn-QLSTM-VQR classical twin,7,8,0.78874314,0.7879201,0.79208946,0.78874314,0.0061708488501608,0.00082302094,0.00082302094,0.003346324
MQAttn-QLSTM-VQR classical twin,7,8,0.78373265,0.78440064,0.78874314,0.78373265,0.0061708488501608,0.00066798925,0.00066798925,0.0050104856
MQAttn-QLSTM-VQR classical twin,7,10,0.8826901,0.8788313,0.8842181,0.8826901,0.0061708488501608,0.003858745,0.003858745,0.0015280247
MQAttn-QLSTM-VQR classical twin,7,10,0.87818635,0.87480575,0.8826901,0.87818635,0.0061708488501608,0.0033805966,0.0033805966,0.004503727
MQAttn-QLSTM-VQR classical twin,7,10,0.88232356,0.8688071,0.87818635,0.88232356,0.0061708488501608,0.013516486,0.013516486,0.004137218
MQAttn-QLSTM-VQR classical twin,7,10,0.86945295,0.8746595,0.88232356,0.86945295,0.0061708488501608,0.0052065253,0.0052065253,0.01287061
MQAttn-QLSTM-VQR classical twin,7,10,0.86518914,0.8603771,0.86945295,0.86518914,0.0061708488501608,0.004812062,0.004812062,0.0042638183
MQAttn-QLSTM-VQR classical twin,7,10,0.8699678,0.8601998,0.86518914,0.8699678,0.0061708488501608,0.009768009,0.009768009,0.004778683
MQAttn-QLSTM-VQR classical twin,7,10,0.8755109,0.86285627,0.8699678,0.8755109,0.0061708488501608,0.0126546025,0.0126546025,0.005543053
MQAttn-QLSTM-VQR classical twin,7,10,0.8770293,0.8701232,0.8755109,0.8770293,0.0061708488501608,0.006906092,0.006906092,0.0015184283
MQAttn-QLSTM-VQR classical twin,7,10,0.8664172,0.8728435,0.8770293,0.8664172,0.0061708488501608,0.006426275,0.006426275,0.010612071
MQAttn-QLSTM-VQR classical twin,7,10,0.8571021,0.86157566,0.8664172,0.8571021,0.0061708488501608,0.004473567,0.004473567,0.009315133
MQAttn-QLSTM-VQR classical twin,7,10,0.84933686,0.8530624,0.8571021,0.84933686,0.0061708488501608,0.0037255287,0.0037255287,0.0077652335
MQAttn-QLSTM-VQR classical twin,7,10,0.83461636,0.845394,0.84933686,0.83461636,0.0061708488501608,0.010777652,0.010777652,0.0147204995
MQAttn-QLSTM-VQR classical twin,7,10,0.8379713,0.830412,0.83461636,0.8379713,0.0061708488501608,0.007559359,0.007559359,0.0033549666
MQAttn-QLSTM-VQR classical twin,7,10,0.8445855,0.83510417,0.8379713,0.8445855,0.0061708488501608,0.009481311,0.009481311,0.0066141486
MQAttn-QLSTM-VQR classical twin,7,10,0.8484766,0.8405686,0.8445855,0.8484766,0.0061708488501608,0.007907987,0.007907987,0.0038911104
MQAttn-QLSTM-VQR classical twin,7,10,0.8394557,0.8449578,0.8484766,0.8394557,0.0061708488501608,0.0055021048,0.0055021048,0.009020865
MQAttn-QLSTM-VQR classical twin,7,10,0.82897156,0.8341856,0.8394557,0.82897156,0.0061708488501608,0.0052140355,0.0052140355,0.010484159
MQAttn-QLSTM-VQR classical twin,7,10,0.8312218,0.82410055,0.82897156,0.8312218,0.0061708488501608,0.007121265,0.007121265,0.0022502542
MQAttn-QLSTM-VQR classical twin,7,10,0.82842606,0.82563716,0.8312218,0.82842606,0.0061708488501608,0.0027889013,0.0027889013,0.0027957559
MQAttn-QLSTM-VQR classical twin,7,10,0.82392335,0.82345945,0.82842606,0.82392335,0.0061708488501608,0.00046390295,0.00046390295,0.0045027137
MQAttn-QLSTM-VQR classical twin,7,10,0.8096079,0.81975126,0.82392335,0.8096079,0.0061708488501608,0.01014334,0.01014334,0.014315426
MQAttn-QLSTM-VQR classical twin,7,10,0.8001174,0.8051073,0.8096079,0.8001174,0.0061708488501608,0.004989922,0.004989922,0.00949055
QLSTM,7,8,0.90064675,0.8909012,0.902237,0.90064675,0.0061708488501608,0.009745538,0.009745538,0.0015902519
QLSTM,7,8,0.88429236,0.8901048,0.90064675,0.88429236,0.0061708488501608,0.0058124065,0.0058124065,0.016354382
QLSTM,7,8,0.87401485,0.87488127,0.88429236,0.87401485,0.0061708488501608,0.0008664131,0.0008664131,0.01027751
QLSTM,7,8,0.87282014,0.86512166,0.87401485,0.87282014,0.0061708488501608,0.0076984763,0.0076984763,0.0011947155
QLSTM,7,8,0.8729449,0.864916,0.87282014,0.8729449,0.0061708488501608,0.008028865,0.008028865,0.00012475252
QLSTM,7,8,0.8575645,0.8688469,0.8729449,0.8575645,0.0061708488501608,0.011282384,0.011282384,0.015380383
QLSTM,7,8,0.84833086,0.8523578,0.8575645,0.84833086,0.0061708488501608,0.0040269494,0.0040269494,0.009233654
QLSTM,7,8,0.82999146,0.8442694,0.84833086,0.82999146,0.0061708488501608,0.014277935,0.014277935,0.018339396
QLSTM,7,8,0.82971585,0.8242165,0.82999146,0.82971585,0.0061708488501608,0.005499363,0.005499363,0.00027561188
QLSTM,7,8,0.8287887,0.8235872,0.82971585,0.8287887,0.0061708488501608,0.0052015185,0.0052015185,0.00092715025
QLSTM,7,8,0.82702684,0.8210621,0.8287887,0.82702684,0.0061708488501608,0.005964756,0.005964756,0.0017618537
QLSTM,7,8,0.8211693,0.8192882,0.82702684,0.8211693,0.0061708488501608,0.0018811226,0.0018811226,0.0058575273
QLSTM,7,8,0.81672496,0.81493866,0.8211693,0.81672496,0.0061708488501608,0.0017862916,0.0017862916,0.0044443607
QLSTM,7,8,0.8119489,0.81259316,0.81672496,0.8119489,0.0061708488501608,0.0006442666,0.0006442666,0.0047760606
QLSTM,7,8,0.80631554,0.8081396,0.8119489,0.80631554,0.0061708488501608,0.001824081,0.001824081,0.005633354
QLSTM,7,8,0.8121565,0.8022978,0.80631554,0.8121565,0.0061708488501608,0.009858727,0.009858727,0.005840957
QLSTM,7,8,0.8049148,0.8065638,0.8121565,0.8049148,0.0061708488501608,0.0016490221,0.0016490221,0.007241726
QLSTM,7,8,0.7960426,0.7999252,0.8049148,0.7960426,0.0061708488501608,0.003882587,0.003882587,0.008872151
QLSTM,7,8,0.7964955,0.78866076,0.7960426,0.7964955,0.0061708488501608,0.0078347325,0.0078347325,0.0004528761
QLSTM,7,8,0.79534715,0.7901848,0.7964955,0.79534715,0.0061708488501608,0.0051623583,0.0051623583,0.0011483431
QLSTM,7,8,0.79208946,0.78867924,0.79534715,0.79208946,0.0061708488501608,0.0034102201,0.0034102201,0.0032576919
QLSTM,7,8,0.78874314,0.7836184,0.79208946,0.78874314,0.0061708488501608,0.0051247478,0.0051247478,0.003346324
QLSTM,7,8,0.78373265,0.78128266,0.78874314,0.78373265,0.0061708488501608,0.0024499893,0.0024499893,0.0050104856
QLSTM,7,10,0.8826901,0.87718713,0.8842181,0.8826901,0.0061708488501608,0.005502939,0.005502939,0.0015280247
QLSTM,7,10,0.87818635,0.87666816,0.8826901,0.87818635,0.0061708488501608,0.0015181899,0.0015181899,0.004503727
QLSTM,7,10,0.88232356,0.87563765,0.87818635,0.88232356,0.0061708488501608,0.0066859126,0.0066859126,0.004137218
QLSTM,7,10,0.86945295,0.8780232,0.88232356,0.86945295,0.0061708488501608,0.008570254,0.008570254,0.01287061
QLSTM,7,10,0.86518914,0.8654695,0.86945295,0.86518914,0.0061708488501608,0.00028038025,0.00028038025,0.0042638183
QLSTM,7,10,0.8699678,0.8633025,0.86518914,0.8699678,0.0061708488501608,0.0066652894,0.0066652894,0.004778683
QLSTM,7,10,0.8755109,0.863724,0.8699678,0.8755109,0.0061708488501608,0.011786878,0.011786878,0.005543053
QLSTM,7,10,0.8770293,0.86936533,0.8755109,0.8770293,0.0061708488501608,0.007663965,0.007663965,0.0015184283
QLSTM,7,10,0.8664172,0.86968875,0.8770293,0.8664172,0.0061708488501608,0.0032715201,0.0032715201,0.010612071
QLSTM,7,10,0.8571021,0.858192,0.8664172,0.8571021,0.0061708488501608,0.0010899305,0.0010899305,0.009315133
QLSTM,7,10,0.84933686,0.8492473,0.8571021,0.84933686,0.0061708488501608,8.958578e-05,8.958578e-05,0.0077652335
QLSTM,7,10,0.83461636,0.8427586,0.84933686,0.83461636,0.0061708488501608,0.008142233,0.008142233,0.0147204995
QLSTM,7,10,0.8379713,0.8301653,0.83461636,0.8379713,0.0061708488501608,0.007806003,0.007806003,0.0033549666
QLSTM,7,10,0.8445855,0.83361167,0.8379713,0.8445855,0.0061708488501608,0.010973811,0.010973811,0.0066141486
QLSTM,7,10,0.8484766,0.8400644,0.8445855,0.8484766,0.0061708488501608,0.008412182,0.008412182,0.0038911104
QLSTM,7,10,0.8394557,0.84342986,0.8484766,0.8394557,0.0061708488501608,0.0039741397,0.0039741397,0.009020865
QLSTM,7,10,0.82897156,0.8337995,0.8394557,0.82897156,0.0061708488501608,0.0048279166,0.0048279166,0.010484159
QLSTM,7,10,0.8312218,0.82256067,0.82897156,0.8312218,0.0061708488501608,0.008661151,0.008661151,0.0022502542
QLSTM,7,10,0.82842606,0.8249989,0.8312218,0.82842606,0.0061708488501608,0.0034271479,0.0034271479,0.0027957559
QLSTM,7,10,0.82392335,0.82156014,0.82842606,0.82392335,0.0061708488501608,0.002363205,0.002363205,0.0045027137
QLSTM,7,10,0.8096079,0.8177545,0.82392335,0.8096079,0.0061708488501608,0.008146584,0.008146584,0.014315426
QLSTM,7,10,0.8001174,0.80292803,0.8096079,0.8001174,0.0061708488501608,0.002810657,0.002810657,0.00949055
LSTM,7,8,0.90064675,0.8917938,0.902237,0.90064675,0.0061708488501608,0.008852959,0.008852959,0.0015902519
LSTM,7,8,0.88429236,0.89228934,0.90064675,0.88429236,0.0061708488501608,0.007996976,0.007996976,0.016354382
LSTM,7,8,0.87401485,0.8817022,0.88429236,0.87401485,0.0061708488501608,0.0076873302,0.0076873302,0.01027751
LSTM,7,8,0.87282014,0.87181216,0.87401485,0.87282014,0.0061708488501608,0.0010079741,0.0010079741,0.0011947155
LSTM,7,8,0.8729449,0.86953574,0.87282014,0.8729449,0.0061708488501608,0.0034091473,0.0034091473,0.00012475252
LSTM,7,8,0.8575645,0.8753181,0.8729449,0.8575645,0.0061708488501608,0.017753601,0.017753601,0.015380383
LSTM,7,8,0.84833086,0.86265576,0.8575645,0.84833086,0.0061708488501608,0.0143249035,0.0143249035,0.009233654
LSTM,7,8,0.82999146,0.8504562,0.84833086,0.82999146,0.0061708488501608,0.020464718,0.020464718,0.018339396
LSTM,7,8,0.82971585,0.8279585,0.82999146,0.82971585,0.0061708488501608,0.0017573237,0.0017573237,0.00027561188
LSTM,7,8,0.8287887,0.82427436,0.82971585,0.8287887,0.0061708488501608,0.0045143366,0.0045143366,0.00092715025
LSTM,7,8,0.82702684,0.8233833,0.8287887,0.82702684,0.0061708488501608,0.0036435723,0.0036435723,0.0017618537
LSTM,7,8,0.8211693,0.823569,0.82702684,0.8211693,0.0061708488501608,0.002399683,0.002399683,0.0058575273
LSTM,7,8,0.81672496,0.8171258,0.8211693,0.81672496,0.0061708488501608,0.00040084124,0.00040084124,0.0044443607
LSTM,7,8,0.8119489,0.814198,0.81672496,0.8119489,0.0061708488501608,0.0022491217,0.0022491217,0.0047760606
LSTM,7,8,0.80631554,0.80833846,0.8119489,0.80631554,0.0061708488501608,0.002022922,0.002022922,0.005633354
LSTM,7,8,0.8121565,0.80318874,0.80631554,0.8121565,0.0061708488501608,0.008967757,0.008967757,0.005840957
LSTM,7,8,0.8049148,0.8117599,0.8121565,0.8049148,0.0061708488501608,0.0068451166,0.0068451166,0.007241726
LSTM,7,8,0.7960426,0.8037683,0.8049148,0.7960426,0.0061708488501608,0.007725656,0.007725656,0.008872151
LSTM,7,8,0.7964955,0.79679054,0.7960426,0.7964955,0.0061708488501608,0.000295043,0.000295043,0.0004528761
LSTM,7,8,0.79534715,0.7956768,0.7964955,0.79534715,0.0061708488501608,0.0003296733,0.0003296733,0.0011483431
LSTM,7,8,0.79208946,0.7945849,0.79534715,0.79208946,0.0061708488501608,0.002495408,0.002495408,0.0032576919
LSTM,7,8,0.78874314,0.7952604,0.79208946,0.78874314,0.0061708488501608,0.006517291,0.006517291,0.003346324
LSTM,7,8,0.78373265,0.7868024,0.78874314,0.78373265,0.0061708488501608,0.0030697584,0.0030697584,0.0050104856
LSTM,7,10,0.8826901,0.88080907,0.8842181,0.8826901,0.0061708488501608,0.0018810034,0.0018810034,0.0015280247
LSTM,7,10,0.87818635,0.8806778,0.8826901,0.87818635,0.0061708488501608,0.0024914742,0.0024914742,0.004503727
LSTM,7,10,0.88232356,0.8786986,0.87818635,0.88232356,0.0061708488501608,0.0036249757,0.0036249757,0.004137218
LSTM,7,10,0.86945295,0.87957305,0.88232356,0.86945295,0.0061708488501608,0.010120094,0.010120094,0.01287061
LSTM,7,10,0.86518914,0.8653789,0.86945295,0.86518914,0.0061708488501608,0.00018978119,0.00018978119,0.0042638183
LSTM,7,10,0.8699678,0.8601369,0.86518914,0.8699678,0.0061708488501608,0.009830892,0.009830892,0.004778683
LSTM,7,10,0.8755109,0.86343753,0.8699678,0.8755109,0.0061708488501608,0.012073338,0.012073338,0.005543053
LSTM,7,10,0.8770293,0.87221885,0.8755109,0.8770293,0.0061708488501608,0.0048104525,0.0048104525,0.0015184283
LSTM,7,10,0.8664172,0.8710093,0.8770293,0.8664172,0.0061708488501608,0.004592061,0.004592061,0.010612071
LSTM,7,10,0.8571021,0.859632,0.8664172,0.8571021,0.0061708488501608,0.0025299191,0.0025299191,0.009315133
LSTM,7,10,0.84933686,0.8511309,0.8571021,0.84933686,0.0061708488501608,0.0017940402,0.0017940402,0.0077652335
LSTM,7,10,0.83461636,0.844216,0.84933686,0.83461636,0.0061708488501608,0.009599626,0.009599626,0.0147204995
LSTM,7,10,0.8379713,0.83105165,0.83461636,0.8379713,0.0061708488501608,0.006919682,0.006919682,0.0033549666
LSTM,7,10,0.8445855,0.83428675,0.8379713,0.8445855,0.0061708488501608,0.010298729,0.010298729,0.0066141486
LSTM,7,10,0.8484766,0.8404341,0.8445855,0.8484766,0.0061708488501608,0.008042514,0.008042514,0.0038911104
LSTM,7,10,0.8394557,0.8440502,0.8484766,0.8394557,0.0061708488501608,0.004594505,0.004594505,0.009020865
LSTM,7,10,0.82897156,0.8337343,0.8394557,0.82897156,0.0061708488501608,0.004762709,0.004762709,0.010484159
LSTM,7,10,0.8312218,0.8237721,0.82897156,0.8312218,0.0061708488501608,0.007449746,0.007449746,0.0022502542
LSTM,7,10,0.82842606,0.82634497,0.8312218,0.82842606,0.0061708488501608,0.0020810962,0.0020810962,0.0027957559
LSTM,7,10,0.82392335,0.82428557,0.82842606,0.82392335,0.0061708488501608,0.00036221743,0.00036221743,0.0045027137
LSTM,7,10,0.8096079,0.8199288,0.82392335,0.8096079,0.0061708488501608,0.010320902,0.010320902,0.014315426
LSTM,7,10,0.8001174,0.8063143,0.8096079,0.8001174,0.0061708488501608,0.006196916,0.006196916,0.00949055
GRU,7,8,0.90064675,0.8973055,0.902237,0.90064675,0.0061708488501608,0.0033412576,0.0033412576,0.0015902519
GRU,7,8,0.88429236,0.89571524,0.90064675,0.88429236,0.0061708488501608,0.011422873,0.011422873,0.016354382
GRU,7,8,0.87401485,0.87936085,0.88429236,0.87401485,0.0061708488501608,0.005346,0.005346,0.01027751
GRU,7,8,0.87282014,0.86908334,0.87401485,0.87282014,0.0061708488501608,0.003736794,0.003736794,0.0011947155
GRU,7,8,0.8729449,0.8678886,0.87282014,0.8729449,0.0061708488501608,0.005056262,0.005056262,0.00012475252
GRU,7,8,0.8575645,0.8749899,0.8729449,0.8575645,0.0061708488501608,0.017425418,0.017425418,0.015380383
GRU,7,8,0.84833086,0.85547644,0.8575645,0.84833086,0.0061708488501608,0.0071455836,0.0071455836,0.009233654
GRU,7,8,0.82999146,0.843831,0.84833086,0.82999146,0.0061708488501608,0.013839543,0.013839543,0.018339396
GRU,7,8,0.82971585,0.8201591,0.82999146,0.82971585,0.0061708488501608,0.00955677,0.00955677,0.00027561188
GRU,7,8,0.8287887,0.81618655,0.82971585,0.8287887,0.0061708488501608,0.01260215,0.01260215,0.00092715025
GRU,7,8,0.82702684,0.8240162,0.8287887,0.82702684,0.0061708488501608,0.0030106306,0.0030106306,0.0017618537
GRU,7,8,0.8211693,0.8287477,0.82702684,0.8211693,0.0061708488501608,0.007578373,0.007578373,0.0058575273
GRU,7,8,0.81672496,0.8188779,0.8211693,0.81672496,0.0061708488501608,0.0021529198,0.0021529198,0.0044443607
GRU,7,8,0.8119489,0.8152109,0.81672496,0.8119489,0.0061708488501608,0.0032619834,0.0032619834,0.0047760606
GRU,7,8,0.80631554,0.81023574,0.8119489,0.80631554,0.0061708488501608,0.0039201975,0.0039201975,0.005633354
GRU,7,8,0.8121565,0.8010439,0.80631554,0.8121565,0.0061708488501608,0.011112571,0.011112571,0.005840957
GRU,7,8,0.8049148,0.8214322,0.8121565,0.8049148,0.0061708488501608,0.0165174,0.0165174,0.007241726
GRU,7,8,0.7960426,0.80054796,0.8049148,0.7960426,0.0061708488501608,0.0045053363,0.0045053363,0.008872151
GRU,7,8,0.7964955,0.7864182,0.7960426,0.7964955,0.0061708488501608,0.010077298,0.010077298,0.0004528761
GRU,7,8,0.79534715,0.78671163,0.7964955,0.79534715,0.0061708488501608,0.008635521,0.008635521,0.0011483431
GRU,7,8,0.79208946,0.7833623,0.79534715,0.79208946,0.0061708488501608,0.008727133,0.008727133,0.0032576919
GRU,7,8,0.78874314,0.7806913,0.79208946,0.78874314,0.0061708488501608,0.008051813,0.008051813,0.003346324
GRU,7,8,0.78373265,0.779903,0.78874314,0.78373265,0.0061708488501608,0.003829658,0.003829658,0.0050104856
GRU,7,10,0.8826901,0.8792866,0.8842181,0.8826901,0.0061708488501608,0.0034034848,0.0034034848,0.0015280247
GRU,7,10,0.87818635,0.87775856,0.8826901,0.87818635,0.0061708488501608,0.00042778254,0.00042778254,0.004503727
GRU,7,10,0.88232356,0.87325484,0.87818635,0.88232356,0.0061708488501608,0.0090687275,0.0090687275,0.004137218
GRU,7,10,0.86945295,0.87739205,0.88232356,0.86945295,0.0061708488501608,0.0079391,0.0079391,0.01287061
GRU,7,10,0.86518914,0.86452144,0.86945295,0.86518914,0.0061708488501608,0.00066769123,0.00066769123,0.0042638183
GRU,7,10,0.8699678,0.8538376,0.86518914,0.8699678,0.0061708488501608,0.016130209,0.016130209,0.004778683
GRU,7,10,0.8755109,0.8650363,0.8699678,0.8755109,0.0061708488501608,0.010474563,0.010474563,0.005543053
GRU,7,10,0.8770293,0.87180465,0.8755109,0.8770293,0.0061708488501608,0.005224645,0.005224645,0.0015184283
GRU,7,10,0.8664172,0.8732037,0.8770293,0.8664172,0.0061708488501608,0.0067864656,0.0067864656,0.010612071
GRU,7,10,0.8571021,0.8599402,0.8664172,0.8571021,0.0061708488501608,0.0028380752,0.0028380752,0.009315133
GRU,7,10,0.84933686,0.84862304,0.8571021,0.84933686,0.0061708488501608,0.0007138252,0.0007138252,0.0077652335
GRU,7,10,0.83461636,0.842875,0.84933686,0.83461636,0.0061708488501608,0.008258641,0.008258641,0.0147204995
GRU,7,10,0.8379713,0.83052635,0.83461636,0.8379713,0.0061708488501608,0.0074449778,0.0074449778,0.0033549666
GRU,7,10,0.8445855,0.8385191,0.8379713,0.8445855,0.0061708488501608,0.006066382,0.006066382,0.0066141486
GRU,7,10,0.8484766,0.8462527,0.8445855,0.8484766,0.0061708488501608,0.002223909,0.002223909,0.0038911104
GRU,7,10,0.8394557,0.8498421,0.8484766,0.8394557,0.0061708488501608,0.010386348,0.010386348,0.009020865
GRU,7,10,0.82897156,0.84242004,0.8394557,0.82897156,0.0061708488501608,0.013448477,0.013448477,0.010484159
GRU,7,10,0.8312218,0.82655185,0.82897156,0.8312218,0.0061708488501608,0.0046699643,0.0046699643,0.0022502542
GRU,7,10,0.82842606,0.8230237,0.8312218,0.82842606,0.0061708488501608,0.005402386,0.005402386,0.0027957559
GRU,7,10,0.82392335,0.8157713,0.82842606,0.82392335,0.0061708488501608,0.008152068,0.008152068,0.0045027137
GRU,7,10,0.8096079,0.81313145,0.82392335,0.8096079,0.0061708488501608,0.0035235286,0.0035235286,0.014315426
GRU,7,10,0.8001174,0.7973432,0.8096079,0.8001174,0.0061708488501608,0.002774179,0.002774179,0.00949055
MLP,7,8,0.90064675,0.90066165,0.902237,0.90064675,0.0061708488501608,1.4901161e-05,1.4901161e-05,0.0015902519
MLP,7,8,0.88429236,0.8942169,0.90064675,0.88429236,0.0061708488501608,0.009924531,0.009924531,0.016354382
MLP,7,8,0.87401485,0.87490106,0.88429236,0.87401485,0.0061708488501608,0.00088620186,0.00088620186,0.01027751
MLP,7,8,0.87282014,0.85868466,0.87401485,0.87282014,0.0061708488501608,0.01413548,0.01413548,0.0011947155
MLP,7,8,0.8729449,0.87292755,0.87282014,0.8729449,0.0061708488501608,1.7344952e-05,1.7344952e-05,0.00012475252
MLP,7,8,0.8575645,0.8697149,0.8729449,0.8575645,0.0061708488501608,0.012150407,0.012150407,0.015380383
MLP,7,8,0.84833086,0.8469131,0.8575645,0.84833086,0.0061708488501608,0.0014177561,0.0014177561,0.009233654
MLP,7,8,0.82999146,0.8514234,0.84833086,0.82999146,0.0061708488501608,0.021431923,0.021431923,0.018339396
MLP,7,8,0.82971585,0.8270442,0.82999146,0.82971585,0.0061708488501608,0.002671659,0.002671659,0.00027561188
MLP,7,8,0.8287887,0.833365,0.82971585,0.8287887,0.0061708488501608,0.0045763254,0.0045763254,0.00092715025
MLP,7,8,0.82702684,0.8221599,0.8287887,0.82702684,0.0061708488501608,0.0048669577,0.0048669577,0.0017618537
MLP,7,8,0.8211693,0.81887275,0.82702684,0.8211693,0.0061708488501608,0.002296567,0.002296567,0.0058575273
MLP,7,8,0.81672496,0.8157997,0.8211693,0.81672496,0.0061708488501608,0.0009252429,0.0009252429,0.0044443607
MLP,7,8,0.8119489,0.81275624,0.81672496,0.8119489,0.0061708488501608,0.0008073449,0.0008073449,0.0047760606
MLP,7,8,0.80631554,0.80704767,0.8119489,0.80631554,0.0061708488501608,0.00073212385,0.00073212385,0.005633354
MLP,7,8,0.8121565,0.8063006,0.80631554,0.8121565,0.0061708488501608,0.005855918,0.005855918,0.005840957
MLP,7,8,0.8049148,0.80748296,0.8121565,0.8049148,0.0061708488501608,0.0025681853,0.0025681853,0.007241726
MLP,7,8,0.7960426,0.7963393,0.8049148,0.7960426,0.0061708488501608,0.00029665232,0.00029665232,0.008872151
MLP,7,8,0.7964955,0.7892685,0.7960426,0.7964955,0.0061708488501608,0.0072270036,0.0072270036,0.0004528761
MLP,7,8,0.79534715,0.7923164,0.7964955,0.79534715,0.0061708488501608,0.003030777,0.003030777,0.0011483431
MLP,7,8,0.79208946,0.7937108,0.79534715,0.79208946,0.0061708488501608,0.0016213655,0.0016213655,0.0032576919
MLP,7,8,0.78874314,0.7847599,0.79208946,0.78874314,0.0061708488501608,0.003983259,0.003983259,0.003346324
MLP,7,8,0.78373265,0.7855838,0.78874314,0.78373265,0.0061708488501608,0.0018511415,0.0018511415,0.0050104856
MLP,7,10,0.8826901,0.8804471,0.8842181,0.8826901,0.0061708488501608,0.0022429824,0.0022429824,0.0015280247
MLP,7,10,0.87818635,0.8764829,0.8826901,0.87818635,0.0061708488501608,0.0017034411,0.0017034411,0.004503727
MLP,7,10,0.88232356,0.8829991,0.87818635,0.88232356,0.0061708488501608,0.00067555904,0.00067555904,0.004137218
MLP,7,10,0.86945295,0.8746696,0.88232356,0.86945295,0.0061708488501608,0.005216658,0.005216658,0.01287061
MLP,7,10,0.86518914,0.8853171,0.86945295,0.86518914,0.0061708488501608,0.020127952,0.020127952,0.0042638183
MLP,7,10,0.8699678,0.85930043,0.86518914,0.8699678,0.0061708488501608,0.010667384,0.010667384,0.004778683
MLP,7,10,0.8755109,0.87878144,0.8699678,0.8755109,0.0061708488501608,0.0032705665,0.0032705665,0.005543053
MLP,7,10,0.8770293,0.86885583,0.8755109,0.8770293,0.0061708488501608,0.008173466,0.008173466,0.0015184283
MLP,7,10,0.8664172,0.86280704,0.8770293,0.8664172,0.0061708488501608,0.0036101937,0.0036101937,0.010612071
MLP,7,10,0.8571021,0.8723097,0.8664172,0.8571021,0.0061708488501608,0.015207589,0.015207589,0.009315133
MLP,7,10,0.84933686,0.84934247,0.8571021,0.84933686,0.0061708488501608,5.6028366e-06,5.6028366e-06,0.0077652335
MLP,7,10,0.83461636,0.84282297,0.84933686,0.83461636,0.0061708488501608,0.008206606,0.008206606,0.0147204995
MLP,7,10,0.8379713,0.8311667,0.83461636,0.8379713,0.0061708488501608,0.006804645,0.006804645,0.0033549666
MLP,7,10,0.8445855,0.83684456,0.8379713,0.8445855,0.0061708488501608,0.007740915,0.007740915,0.0066141486
MLP,7,10,0.8484766,0.83735526,0.8445855,0.8484766,0.0061708488501608,0.011121333,0.011121333,0.0038911104
MLP,7,10,0.8394557,0.8351417,0.8484766,0.8394557,0.0061708488501608,0.0043140054,0.0043140054,0.009020865
MLP,7,10,0.82897156,0.82110757,0.8394557,0.82897156,0.0061708488501608,0.007863998,0.007863998,0.010484159
MLP,7,10,0.8312218,0.8235405,0.82897156,0.8312218,0.0061708488501608,0.00768131,0.00768131,0.0022502542
MLP,7,10,0.82842606,0.82710826,0.8312218,0.82842606,0.0061708488501608,0.0013177991,0.0013177991,0.0027957559
MLP,7,10,0.82392335,0.8246156,0.82842606,0.82392335,0.0061708488501608,0.00069224834,0.00069224834,0.0045027137
MLP,7,10,0.8096079,0.8211995,0.82392335,0.8096079,0.0061708488501608,0.011591554,0.011591554,0.014315426
MLP,7,10,0.8001174,0.812515,0.8096079,0.8001174,0.0061708488501608,0.012397647,0.012397647,0.00949055
Seq2Seq,7,8,0.90064675,0.8933436,0.902237,0.90064675,0.0061708488501608,0.0073031187,0.0073031187,0.0015902519
Seq2Seq,7,8,0.88429236,0.89203656,0.90064675,0.88429236,0.0061708488501608,0.007744193,0.007744193,0.016354382
Seq2Seq,7,8,0.87401485,0.87775457,0.88429236,0.87401485,0.0061708488501608,0.0037397146,0.0037397146,0.01027751
Seq2Seq,7,8,0.87282014,0.8718473,0.87401485,0.87282014,0.0061708488501608,0.000972867,0.000972867,0.0011947155
Seq2Seq,7,8,0.8729449,0.86800194,0.87282014,0.8729449,0.0061708488501608,0.0049429536,0.0049429536,0.00012475252
Seq2Seq,7,8,0.8575645,0.87007236,0.8729449,0.8575645,0.0061708488501608,0.012507856,0.012507856,0.015380383
Seq2Seq,7,8,0.84833086,0.8571453,0.8575645,0.84833086,0.0061708488501608,0.008814454,0.008814454,0.009233654
Seq2Seq,7,8,0.82999146,0.8491207,0.84833086,0.82999146,0.0061708488501608,0.019129217,0.019129217,0.018339396
Seq2Seq,7,8,0.82971585,0.8285646,0.82999146,0.82971585,0.0061708488501608,0.0011512637,0.0011512637,0.00027561188
Seq2Seq,7,8,0.8287887,0.82674223,0.82971585,0.8287887,0.0061708488501608,0.0020464659,0.0020464659,0.00092715025
Seq2Seq,7,8,0.82702684,0.822924,0.8287887,0.82702684,0.0061708488501608,0.004102826,0.004102826,0.0017618537
Seq2Seq,7,8,0.8211693,0.8222794,0.82702684,0.8211693,0.0061708488501608,0.0011100769,0.0011100769,0.0058575273
Seq2Seq,7,8,0.81672496,0.81772643,0.8211693,0.81672496,0.0061708488501608,0.0010014772,0.0010014772,0.0044443607
Seq2Seq,7,8,0.8119489,0.8142162,0.81672496,0.8119489,0.0061708488501608,0.002267301,0.002267301,0.0047760606
Seq2Seq,7,8,0.80631554,0.81039184,0.8119489,0.80631554,0.0061708488501608,0.004076302,0.004076302,0.005633354
Seq2Seq,7,8,0.8121565,0.80607486,0.80631554,0.8121565,0.0061708488501608,0.0060816407,0.0060816407,0.005840957
Seq2Seq,7,8,0.8049148,0.81098366,0.8121565,0.8049148,0.0061708488501608,0.0060688853,0.0060688853,0.007241726
Seq2Seq,7,8,0.7960426,0.8024008,0.8049148,0.7960426,0.0061708488501608,0.0063582063,0.0063582063,0.008872151
Seq2Seq,7,8,0.7964955,0.7947893,0.7960426,0.7964955,0.0061708488501608,0.001706183,0.001706183,0.0004528761
Seq2Seq,7,8,0.79534715,0.79337525,0.7964955,0.79534715,0.0061708488501608,0.0019719005,0.0019719005,0.0011483431
Seq2Seq,7,8,0.79208946,0.7948005,0.79534715,0.79208946,0.0061708488501608,0.0027110577,0.0027110577,0.0032576919
Seq2Seq,7,8,0.78874314,0.78898376,0.79208946,0.78874314,0.0061708488501608,0.00024062395,0.00024062395,0.003346324
Seq2Seq,7,8,0.78373265,0.78731436,0.78874314,0.78373265,0.0061708488501608,0.0035817027,0.0035817027,0.0050104856
Seq2Seq,7,10,0.8826901,0.8818456,0.8842181,0.8826901,0.0061708488501608,0.0008444786,0.0008444786,0.0015280247
Seq2Seq,7,10,0.87818635,0.8779911,0.8826901,0.87818635,0.0061708488501608,0.00019526482,0.00019526482,0.004503727
Seq2Seq,7,10,0.88232356,0.87571806,0.87818635,0.88232356,0.0061708488501608,0.006605506,0.006605506,0.004137218
Seq2Seq,7,10,0.86945295,0.87797093,0.88232356,0.86945295,0.0061708488501608,0.008517981,0.008517981,0.01287061
Seq2Seq,7,10,0.86518914,0.86531997,0.86945295,0.86518914,0.0061708488501608,0.0001308322,0.0001308322,0.0042638183
Seq2Seq,7,10,0.8699678,0.8580564,0.86518914,0.8699678,0.0061708488501608,0.011911392,0.011911392,0.004778683
Seq2Seq,7,10,0.8755109,0.858355,0.8699678,0.8755109,0.0061708488501608,0.017155886,0.017155886,0.005543053
Seq2Seq,7,10,0.8770293,0.8660812,0.8755109,0.8770293,0.0061708488501608,0.010948122,0.010948122,0.0015184283
Seq2Seq,7,10,0.8664172,0.8667657,0.8770293,0.8664172,0.0061708488501608,0.00034844875,0.00034844875,0.010612071
Seq2Seq,7,10,0.8571021,0.85681814,0.8664172,0.8571021,0.0061708488501608,0.00028395653,0.00028395653,0.009315133
Seq2Seq,7,10,0.84933686,0.84458476,0.8571021,0.84933686,0.0061708488501608,0.0047520995,0.0047520995,0.0077652335
Seq2Seq,7,10,0.83461636,0.8409075,0.84933686,0.83461636,0.0061708488501608,0.006291151,0.006291151,0.0147204995
Seq2Seq,7,10,0.8379713,0.8264315,0.83461636,0.8379713,0.0061708488501608,0.011539817,0.011539817,0.0033549666
Seq2Seq,7,10,0.8445855,0.8313378,0.8379713,0.8445855,0.0061708488501608,0.013247669,0.013247669,0.0066141486
Seq2Seq,7,10,0.8484766,0.8363438,0.8445855,0.8484766,0.0061708488501608,0.012132764,0.012132764,0.0038911104
Seq2Seq,7,10,0.8394557,0.838715,0.8484766,0.8394557,0.0061708488501608,0.0007407069,0.0007407069,0.009020865
Seq2Seq,7,10,0.82897156,0.82931095,0.8394557,0.82897156,0.0061708488501608,0.00033938885,0.00033938885,0.010484159
Seq2Seq,7,10,0.8312218,0.8215649,0.82897156,0.8312218,0.0061708488501608,0.009656906,0.009656906,0.0022502542
Seq2Seq,7,10,0.82842606,0.82254535,0.8312218,0.82842606,0.0061708488501608,0.0058807135,0.0058807135,0.0027957559
Seq2Seq,7,10,0.82392335,0.8199759,0.82842606,0.82392335,0.0061708488501608,0.003947437,0.003947437,0.0045027137
Seq2Seq,7,10,0.8096079,0.8144948,0.82392335,0.8096079,0.0061708488501608,0.0048868656,0.0048868656,0.014315426
Seq2Seq,7,10,0.8001174,0.803484,0.8096079,0.8001174,0.0061708488501608,0.0033666492,0.0033666492,0.00949055
Persistence,8,12,0.89965,0.9059974,0.9059974,0.89965,0.006418309174478,0.006347418,0.006347418,0.006347418
Persistence,8,12,0.8855096,0.89965,0.89965,0.8855096,0.006418309174478,0.0141403675,0.0141403675,0.0141403675
Persistence,8,12,0.8753226,0.8855096,0.8855096,0.8753226,0.006418309174478,0.01018703,0.01018703,0.01018703
Persistence,8,12,0.87928826,0.8753226,0.8753226,0.87928826,0.006418309174478,0.003965676,0.003965676,0.003965676
Persistence,8,12,0.8807088,0.87928826,0.87928826,0.8807088,0.006418309174478,0.0014205575,0.0014205575,0.0014205575
Persistence,8,12,0.87602335,0.8807088,0.8807088,0.87602335,0.006418309174478,0.0046854615,0.0046854615,0.0046854615
Persistence,8,12,0.8793386,0.87602335,0.87602335,0.8793386,0.006418309174478,0.00331527,0.00331527,0.00331527
Persistence,8,12,0.88145787,0.8793386,0.8793386,0.88145787,0.006418309174478,0.0021192431,0.0021192431,0.0021192431
Persistence,8,12,0.86845046,0.88145787,0.88145787,0.86845046,0.006418309174478,0.013007402,0.013007402,0.013007402
Persistence,8,12,0.8620723,0.86845046,0.86845046,0.8620723,0.006418309174478,0.006378174,0.006378174,0.006378174
Persistence,8,12,0.8507111,0.8620723,0.8620723,0.8507111,0.006418309174478,0.011361182,0.011361182,0.011361182
Persistence,8,12,0.83155227,0.8507111,0.8507111,0.83155227,0.006418309174478,0.01915884,0.01915884,0.01915884
Persistence,8,12,0.84379613,0.83155227,0.83155227,0.84379613,0.006418309174478,0.012243867,0.012243867,0.012243867
Persistence,8,12,0.8285985,0.84379613,0.84379613,0.8285985,0.006418309174478,0.015197635,0.015197635,0.015197635
Persistence,8,12,0.8286263,0.8285985,0.8285985,0.8286263,0.006418309174478,2.7775764e-05,2.7775764e-05,2.7775764e-05
Persistence,8,12,0.8200065,0.8286263,0.8286263,0.8200065,0.006418309174478,0.008619785,0.008619785,0.008619785
Persistence,8,12,0.8169389,0.8200065,0.8200065,0.8169389,0.006418309174478,0.0030676126,0.0030676126,0.0030676126
Persistence,8,12,0.81543,0.8169389,0.8169389,0.81543,0.006418309174478,0.0015088916,0.0015088916,0.0015088916
Persistence,8,12,0.80296576,0.81543,0.81543,0.80296576,0.006418309174478,0.012464225,0.012464225,0.012464225
Persistence,8,12,0.8011042,0.80296576,0.80296576,0.8011042,0.006418309174478,0.0018615723,0.0018615723,0.0018615723
Persistence,8,12,0.7981325,0.8011042,0.8011042,0.7981325,0.006418309174478,0.0029717088,0.0029717088,0.0029717088
Persistence,8,12,0.7875563,0.7981325,0.7981325,0.7875563,0.006418309174478,0.010576189,0.010576189,0.010576189
Persistence,8,12,0.78935623,0.7875563,0.7875563,0.78935623,0.006418309174478,0.0017999411,0.0017999411,0.0017999411
Persistence,8,17,0.88460386,0.8964861,0.8964861,0.88460386,0.006418309174478,0.011882246,0.011882246,0.011882246
Persistence,8,17,0.8785371,0.88460386,0.88460386,0.8785371,0.006418309174478,0.0060667396,0.0060667396,0.0060667396
Persistence,8,17,0.87928426,0.8785371,0.8785371,0.87928426,0.006418309174478,0.0007471442,0.0007471442,0.0007471442
Persistence,8,17,0.87586355,0.87928426,0.87928426,0.87586355,0.006418309174478,0.0034207106,0.0034207106,0.0034207106
Persistence,8,17,0.8702913,0.87586355,0.87586355,0.8702913,0.006418309174478,0.0055722594,0.0055722594,0.0055722594
Persistence,8,17,0.86810833,0.8702913,0.8702913,0.86810833,0.006418309174478,0.0021829605,0.0021829605,0.0021829605
Persistence,8,17,0.8488397,0.86810833,0.86810833,0.8488397,0.006418309174478,0.019268632,0.019268632,0.019268632
Persistence,8,17,0.84749323,0.8488397,0.8488397,0.84749323,0.006418309174478,0.0013464689,0.0013464689,0.0013464689
Persistence,8,17,0.84671694,0.84749323,0.84749323,0.84671694,0.006418309174478,0.0007762909,0.0007762909,0.0007762909
Persistence,8,17,0.8345817,0.84671694,0.84671694,0.8345817,0.006418309174478,0.012135267,0.012135267,0.012135267
Persistence,8,17,0.83772355,0.8345817,0.8345817,0.83772355,0.006418309174478,0.00314188,0.00314188,0.00314188
Persistence,8,17,0.8302204,0.83772355,0.83772355,0.8302204,0.006418309174478,0.007503152,0.007503152,0.007503152
Persistence,8,17,0.8281061,0.8302204,0.8302204,0.8281061,0.006418309174478,0.002114296,0.002114296,0.002114296
Persistence,8,17,0.83286464,0.8281061,0.8281061,0.83286464,0.006418309174478,0.004758537,0.004758537,0.004758537
Persistence,8,17,0.82703626,0.83286464,0.83286464,0.82703626,0.006418309174478,0.0058283806,0.0058283806,0.0058283806
Persistence,8,17,0.82250845,0.82703626,0.82703626,0.82250845,0.006418309174478,0.0045278072,0.0045278072,0.0045278072
Persistence,8,17,0.82237285,0.82250845,0.82250845,0.82237285,0.006418309174478,0.00013560057,0.00013560057,0.00013560057
Persistence,8,17,0.79946065,0.82237285,0.82237285,0.79946065,0.006418309174478,0.022912204,0.022912204,0.022912204
Persistence,8,17,0.79318243,0.79946065,0.79946065,0.79318243,0.006418309174478,0.006278217,0.006278217,0.006278217
Persistence,8,17,0.7925143,0.79318243,0.79318243,0.7925143,0.006418309174478,0.00066810846,0.00066810846,0.00066810846
Persistence,8,17,0.7881266,0.7925143,0.7925143,0.7881266,0.006418309174478,0.0043877363,0.0043877363,0.0043877363
Persistence,8,17,0.78366435,0.7881266,0.7881266,0.78366435,0.006418309174478,0.004462242,0.004462242,0.004462242
MQAttn-LSTM-VQR,8,12,0.89965,0.8980957,0.9059974,0.89965,0.006418309174478,0.0015542507,0.0015542507,0.006347418
MQAttn-LSTM-VQR,8,12,0.8855096,0.89296895,0.89965,0.8855096,0.006418309174478,0.0074593425,0.0074593425,0.0141403675
MQAttn-LSTM-VQR,8,12,0.8753226,0.87970024,0.8855096,0.8753226,0.006418309174478,0.004377663,0.004377663,0.01018703
MQAttn-LSTM-VQR,8,12,0.87928826,0.8685085,0.8753226,0.87928826,0.006418309174478,0.010779738,0.010779738,0.003965676
MQAttn-LSTM-VQR,8,12,0.8807088,0.8739032,0.87928826,0.8807088,0.006418309174478,0.0068055987,0.0068055987,0.0014205575
MQAttn-LSTM-VQR,8,12,0.87602335,0.8780195,0.8807088,0.87602335,0.006418309174478,0.0019961596,0.0019961596,0.0046854615
MQAttn-LSTM-VQR,8,12,0.8793386,0.87282395,0.87602335,0.8793386,0.006418309174478,0.0065146685,0.0065146685,0.00331527
MQAttn-LSTM-VQR,8,12,0.88145787,0.87513274,0.8793386,0.88145787,0.006418309174478,0.0063251257,0.0063251257,0.0021192431
MQAttn-LSTM-VQR,8,12,0.86845046,0.8759282,0.88145787,0.86845046,0.006418309174478,0.0074777603,0.0074777603,0.013007402
MQAttn-LSTM-VQR,8,12,0.8620723,0.8639093,0.86845046,0.8620723,0.006418309174478,0.0018370152,0.0018370152,0.006378174
MQAttn-LSTM-VQR,8,12,0.8507111,0.8550277,0.8620723,0.8507111,0.006418309174478,0.0043165684,0.0043165684,0.011361182
MQAttn-LSTM-VQR,8,12,0.83155227,0.8450554,0.8507111,0.83155227,0.006418309174478,0.013503134,0.013503134,0.01915884
MQAttn-LSTM-VQR,8,12,0.84379613,0.8272463,0.83155227,0.84379613,0.006418309174478,0.016549826,0.016549826,0.012243867
MQAttn-LSTM-VQR,8,12,0.8285985,0.83938533,0.84379613,0.8285985,0.006418309174478,0.010786831,0.010786831,0.015197635
MQAttn-LSTM-VQR,8,12,0.8286263,0.8263675,0.8285985,0.8286263,0.006418309174478,0.0022587776,0.0022587776,2.7775764e-05
MQAttn-LSTM-VQR,8,12,0.8200065,0.8251676,0.8286263,0.8200065,0.006418309174478,0.0051611066,0.0051611066,0.008619785
MQAttn-LSTM-VQR,8,12,0.8169389,0.8158309,0.8200065,0.8169389,0.006418309174478,0.0011079907,0.0011079907,0.0030676126
MQAttn-LSTM-VQR,8,12,0.81543,0.8137935,0.8169389,0.81543,0.006418309174478,0.0016365051,0.0016365051,0.0015088916
MQAttn-LSTM-VQR,8,12,0.80296576,0.81220496,0.81543,0.80296576,0.006418309174478,0.009239197,0.009239197,0.012464225
MQAttn-LSTM-VQR,8,12,0.8011042,0.80031633,0.80296576,0.8011042,0.006418309174478,0.0007878542,0.0007878542,0.0018615723
MQAttn-LSTM-VQR,8,12,0.7981325,0.7976657,0.8011042,0.7981325,0.006418309174478,0.00046676397,0.00046676397,0.0029717088
MQAttn-LSTM-VQR,8,12,0.7875563,0.79503596,0.7981325,0.7875563,0.006418309174478,0.0074796677,0.0074796677,0.010576189
MQAttn-LSTM-VQR,8,12,0.78935623,0.78503656,0.7875563,0.78935623,0.006418309174478,0.004319668,0.004319668,0.0017999411
MQAttn-LSTM-VQR,8,17,0.88460386,0.8898577,0.8964861,0.88460386,0.006418309174478,0.0052538514,0.0052538514,0.011882246
MQAttn-LSTM-VQR,8,17,0.8785371,0.8796256,0.88460386,0.8785371,0.006418309174478,0.0010885,0.0010885,0.0060667396
MQAttn-LSTM-VQR,8,17,0.87928426,0.8740456,0.8785371,0.87928426,0.006418309174478,0.005238652,0.005238652,0.0007471442
MQAttn-LSTM-VQR,8,17,0.87586355,0.872795,0.87928426,0.87586355,0.006418309174478,0.0030685663,0.0030685663,0.0034207106
MQAttn-LSTM-VQR,8,17,0.8702913,0.8707972,0.87586355,0.8702913,0.006418309174478,0.0005059242,0.0005059242,0.0055722594
MQAttn-LSTM-VQR,8,17,0.86810833,0.86916316,0.8702913,0.86810833,0.006418309174478,0.0010548234,0.0010548234,0.0021829605
MQAttn-LSTM-VQR,8,17,0.8488397,0.86470944,0.86810833,0.8488397,0.006418309174478,0.015869737,0.015869737,0.019268632
MQAttn-LSTM-VQR,8,17,0.84749323,0.84521,0.8488397,0.84749323,0.006418309174478,0.0022832155,0.0022832155,0.0013464689
MQAttn-LSTM-VQR,8,17,0.84671694,0.8432762,0.84749323,0.84671694,0.006418309174478,0.0034407377,0.0034407377,0.0007762909
MQAttn-LSTM-VQR,8,17,0.8345817,0.8414317,0.84671694,0.8345817,0.006418309174478,0.006850004,0.006850004,0.012135267
MQAttn-LSTM-VQR,8,17,0.83772355,0.8291627,0.8345817,0.83772355,0.006418309174478,0.008560836,0.008560836,0.00314188
MQAttn-LSTM-VQR,8,17,0.8302204,0.83312565,0.83772355,0.8302204,0.006418309174478,0.0029052496,0.0029052496,0.007503152
MQAttn-LSTM-VQR,8,17,0.8281061,0.8273393,0.8302204,0.8281061,0.006418309174478,0.00076681376,0.00076681376,0.002114296
MQAttn-LSTM-VQR,8,17,0.83286464,0.82647556,0.8281061,0.83286464,0.006418309174478,0.0063890815,0.0063890815,0.004758537
MQAttn-LSTM-VQR,8,17,0.82703626,0.82959783,0.83286464,0.82703626,0.006418309174478,0.0025615692,0.0025615692,0.0058283806
MQAttn-LSTM-VQR,8,17,0.82250845,0.82316774,0.82703626,0.82250845,0.006418309174478,0.000659287,0.000659287,0.0045278072
MQAttn-LSTM-VQR,8,17,0.82237285,0.8188076,0.82250845,0.82237285,0.006418309174478,0.0035652518,0.0035652518,0.00013560057
MQAttn-LSTM-VQR,8,17,0.79946065,0.8192142,0.82237285,0.79946065,0.006418309174478,0.019753575,0.019753575,0.022912204
MQAttn-LSTM-VQR,8,17,0.79318243,0.7965833,0.79946065,0.79318243,0.006418309174478,0.0034008622,0.0034008622,0.006278217
MQAttn-LSTM-VQR,8,17,0.7925143,0.7895658,0.79318243,0.7925143,0.006418309174478,0.0029485226,0.0029485226,0.00066810846
MQAttn-LSTM-VQR,8,17,0.7881266,0.7903255,0.7925143,0.7881266,0.006418309174478,0.0021989346,0.0021989346,0.0043877363
MQAttn-LSTM-VQR,8,17,0.78366435,0.7861801,0.7881266,0.78366435,0.006418309174478,0.0025157332,0.0025157332,0.004462242
MQAttn-LSTM-VQR classical twin,8,12,0.89965,0.897141,0.9059974,0.89965,0.006418309174478,0.002508998,0.002508998,0.006347418
MQAttn-LSTM-VQR classical twin,8,12,0.8855096,0.89550364,0.89965,0.8855096,0.006418309174478,0.00999403,0.00999403,0.0141403675
MQAttn-LSTM-VQR classical twin,8,12,0.8753226,0.8829678,0.8855096,0.8753226,0.006418309174478,0.0076452494,0.0076452494,0.01018703
MQAttn-LSTM-VQR classical twin,8,12,0.87928826,0.8692896,0.8753226,0.87928826,0.006418309174478,0.009998679,0.009998679,0.003965676
MQAttn-LSTM-VQR classical twin,8,12,0.8807088,0.87184954,0.87928826,0.8807088,0.006418309174478,0.008859277,0.008859277,0.0014205575
MQAttn-LSTM-VQR classical twin,8,12,0.87602335,0.87382245,0.8807088,0.87602335,0.006418309174478,0.0022009015,0.0022009015,0.0046854615
MQAttn-LSTM-VQR classical twin,8,12,0.8793386,0.8682142,0.87602335,0.8793386,0.006418309174478,0.011124432,0.011124432,0.00331527
MQAttn-LSTM-VQR classical twin,8,12,0.88145787,0.86899775,0.8793386,0.88145787,0.006418309174478,0.012460113,0.012460113,0.0021192431
MQAttn-LSTM-VQR classical twin,8,12,0.86845046,0.86926985,0.88145787,0.86845046,0.006418309174478,0.00081938505,0.00081938505,0.013007402
MQAttn-LSTM-VQR classical twin,8,12,0.8620723,0.8611622,0.86845046,0.8620723,0.006418309174478,0.0009101033,0.0009101033,0.006378174
MQAttn-LSTM-VQR classical twin,8,12,0.8507111,0.8505583,0.8620723,0.8507111,0.006418309174478,0.00015282631,0.00015282631,0.011361182
MQAttn-LSTM-VQR classical twin,8,12,0.83155227,0.8418088,0.8507111,0.83155227,0.006418309174478,0.010256529,0.010256529,0.01915884
MQAttn-LSTM-VQR classical twin,8,12,0.84379613,0.8260079,0.83155227,0.84379613,0.006418309174478,0.017788231,0.017788231,0.012243867
MQAttn-LSTM-VQR classical twin,8,12,0.8285985,0.8395337,0.84379613,0.8285985,0.006418309174478,0.010935187,0.010935187,0.015197635
MQAttn-LSTM-VQR classical twin,8,12,0.8286263,0.8267694,0.8285985,0.8286263,0.006418309174478,0.0018568635,0.0018568635,2.7775764e-05
MQAttn-LSTM-VQR classical twin,8,12,0.8200065,0.82676643,0.8286263,0.8200065,0.006418309174478,0.0067599416,0.0067599416,0.008619785
MQAttn-LSTM-VQR classical twin,8,12,0.8169389,0.8164054,0.8200065,0.8169389,0.006418309174478,0.00053346157,0.00053346157,0.0030676126
MQAttn-LSTM-VQR classical twin,8,12,0.81543,0.8142323,0.8169389,0.81543,0.006418309174478,0.0011976957,0.0011976957,0.0015088916
MQAttn-LSTM-VQR classical twin,8,12,0.80296576,0.81348574,0.81543,0.80296576,0.006418309174478,0.010519981,0.010519981,0.012464225
MQAttn-LSTM-VQR classical twin,8,12,0.8011042,0.80051637,0.80296576,0.8011042,0.006418309174478,0.000587821,0.000587821,0.0018615723
MQAttn-LSTM-VQR classical twin,8,12,0.7981325,0.79789484,0.8011042,0.7981325,0.006418309174478,0.00023764372,0.00023764372,0.0029717088
MQAttn-LSTM-VQR classical twin,8,12,0.7875563,0.7948509,0.7981325,0.7875563,0.006418309174478,0.0072945952,0.0072945952,0.010576189
MQAttn-LSTM-VQR classical twin,8,12,0.78935623,0.7844125,0.7875563,0.78935623,0.006418309174478,0.0049437284,0.0049437284,0.0017999411
MQAttn-LSTM-VQR classical twin,8,17,0.88460386,0.8896567,0.8964861,0.88460386,0.006418309174478,0.0050528646,0.0050528646,0.011882246
MQAttn-LSTM-VQR classical twin,8,17,0.8785371,0.88080066,0.88460386,0.8785371,0.006418309174478,0.002263546,0.002263546,0.0060667396
MQAttn-LSTM-VQR classical twin,8,17,0.87928426,0.87696856,0.8785371,0.87928426,0.006418309174478,0.0023157,0.0023157,0.0007471442
MQAttn-LSTM-VQR classical twin,8,17,0.87586355,0.87242246,0.87928426,0.87586355,0.006418309174478,0.0034410954,0.0034410954,0.0034207106
MQAttn-LSTM-VQR classical twin,8,17,0.8702913,0.86915684,0.87586355,0.8702913,0.006418309174478,0.0011344552,0.0011344552,0.0055722594
MQAttn-LSTM-VQR classical twin,8,17,0.86810833,0.86999017,0.8702913,0.86810833,0.006418309174478,0.0018818378,0.0018818378,0.0021829605
MQAttn-LSTM-VQR classical twin,8,17,0.8488397,0.86239845,0.86810833,0.8488397,0.006418309174478,0.013558745,0.013558745,0.019268632
MQAttn-LSTM-VQR classical twin,8,17,0.84749323,0.84283674,0.8488397,0.84749323,0.006418309174478,0.0046564937,0.0046564937,0.0013464689
MQAttn-LSTM-VQR classical twin,8,17,0.84671694,0.84266883,0.84749323,0.84671694,0.006418309174478,0.004048109,0.004048109,0.0007762909
MQAttn-LSTM-VQR classical twin,8,17,0.8345817,0.8406407,0.84671694,0.8345817,0.006418309174478,0.0060590506,0.0060590506,0.012135267
MQAttn-LSTM-VQR classical twin,8,17,0.83772355,0.8277307,0.8345817,0.83772355,0.006418309174478,0.009992838,0.009992838,0.00314188
MQAttn-LSTM-VQR classical twin,8,17,0.8302204,0.83309346,0.83772355,0.8302204,0.006418309174478,0.002873063,0.002873063,0.007503152
MQAttn-LSTM-VQR classical twin,8,17,0.8281061,0.8286973,0.8302204,0.8281061,0.006418309174478,0.0005912185,0.0005912185,0.002114296
MQAttn-LSTM-VQR classical twin,8,17,0.83286464,0.8266669,0.8281061,0.83286464,0.006418309174478,0.0061977506,0.0061977506,0.004758537
MQAttn-LSTM-VQR classical twin,8,17,0.82703626,0.8328347,0.83286464,0.82703626,0.006418309174478,0.005798459,0.005798459,0.0058283806
MQAttn-LSTM-VQR classical twin,8,17,0.82250845,0.8255036,0.82703626,0.82250845,0.006418309174478,0.0029951334,0.0029951334,0.0045278072
MQAttn-LSTM-VQR classical twin,8,17,0.82237285,0.8214184,0.82250845,0.82237285,0.006418309174478,0.0009544492,0.0009544492,0.00013560057
MQAttn-LSTM-VQR classical twin,8,17,0.79946065,0.82142466,0.82237285,0.79946065,0.006418309174478,0.021964014,0.021964014,0.022912204
MQAttn-LSTM-VQR classical twin,8,17,0.79318243,0.7944142,0.79946065,0.79318243,0.006418309174478,0.0012317896,0.0012317896,0.006278217
MQAttn-LSTM-VQR classical twin,8,17,0.7925143,0.7881845,0.79318243,0.7925143,0.006418309174478,0.0043298006,0.0043298006,0.00066810846
MQAttn-LSTM-VQR classical twin,8,17,0.7881266,0.7910254,0.7925143,0.7881266,0.006418309174478,0.0028988123,0.0028988123,0.0043877363
MQAttn-LSTM-VQR classical twin,8,17,0.78366435,0.78339505,0.7881266,0.78366435,0.006418309174478,0.00026929379,0.00026929379,0.004462242
MQAttn-QLSTM-VQR,8,12,0.89965,0.8965881,0.9059974,0.89965,0.006418309174478,0.0030618906,0.0030618906,0.006347418
MQAttn-QLSTM-VQR,8,12,0.8855096,0.8915654,0.89965,0.8855096,0.006418309174478,0.0060557723,0.0060557723,0.0141403675
MQAttn-QLSTM-VQR,8,12,0.8753226,0.87902516,0.8855096,0.8753226,0.006418309174478,0.003702581,0.003702581,0.01018703
MQAttn-QLSTM-VQR,8,12,0.87928826,0.8700523,0.8753226,0.87928826,0.006418309174478,0.009235978,0.009235978,0.003965676
MQAttn-QLSTM-VQR,8,12,0.8807088,0.87375665,0.87928826,0.8807088,0.006418309174478,0.0069521666,0.0069521666,0.0014205575
MQAttn-QLSTM-VQR,8,12,0.87602335,0.8758951,0.8807088,0.87602335,0.006418309174478,0.0001282692,0.0001282692,0.0046854615
MQAttn-QLSTM-VQR,8,12,0.8793386,0.87125707,0.87602335,0.8793386,0.006418309174478,0.008081555,0.008081555,0.00331527
MQAttn-QLSTM-VQR,8,12,0.88145787,0.87402165,0.8793386,0.88145787,0.006418309174478,0.007436216,0.007436216,0.0021192431
MQAttn-QLSTM-VQR,8,12,0.86845046,0.8756243,0.88145787,0.86845046,0.006418309174478,0.007173836,0.007173836,0.013007402
MQAttn-QLSTM-VQR,8,12,0.8620723,0.86405027,0.86845046,0.8620723,0.006418309174478,0.0019779801,0.0019779801,0.006378174
MQAttn-QLSTM-VQR,8,12,0.8507111,0.85652554,0.8620723,0.8507111,0.006418309174478,0.005814433,0.005814433,0.011361182
MQAttn-QLSTM-VQR,8,12,0.83155227,0.84626645,0.8507111,0.83155227,0.006418309174478,0.014714181,0.014714181,0.01915884
MQAttn-QLSTM-VQR,8,12,0.84379613,0.8282482,0.83155227,0.84379613,0.006418309174478,0.015547931,0.015547931,0.012243867
MQAttn-QLSTM-VQR,8,12,0.8285985,0.83989143,0.84379613,0.8285985,0.006418309174478,0.011292934,0.011292934,0.015197635
MQAttn-QLSTM-VQR,8,12,0.8286263,0.82646346,0.8285985,0.8286263,0.006418309174478,0.0021628141,0.0021628141,2.7775764e-05
MQAttn-QLSTM-VQR,8,12,0.8200065,0.82529354,0.8286263,0.8200065,0.006418309174478,0.005287051,0.005287051,0.008619785
MQAttn-QLSTM-VQR,8,12,0.8169389,0.81631714,0.8200065,0.8169389,0.006418309174478,0.00062173605,0.00062173605,0.0030676126
MQAttn-QLSTM-VQR,8,12,0.81543,0.81406283,0.8169389,0.81543,0.006418309174478,0.0013671517,0.0013671517,0.0015088916
MQAttn-QLSTM-VQR,8,12,0.80296576,0.81263715,0.81543,0.80296576,0.006418309174478,0.00967139,0.00967139,0.012464225
MQAttn-QLSTM-VQR,8,12,0.8011042,0.8005275,0.80296576,0.8011042,0.006418309174478,0.00057667494,0.00057667494,0.0018615723
MQAttn-QLSTM-VQR,8,12,0.7981325,0.79808766,0.8011042,0.7981325,0.006418309174478,4.4822693e-05,4.4822693e-05,0.0029717088
MQAttn-QLSTM-VQR,8,12,0.7875563,0.79514396,0.7981325,0.7875563,0.006418309174478,0.0075876713,0.0075876713,0.010576189
MQAttn-QLSTM-VQR,8,12,0.78935623,0.7848717,0.7875563,0.78935623,0.006418309174478,0.0044845343,0.0044845343,0.0017999411
MQAttn-QLSTM-VQR,8,17,0.88460386,0.88816136,0.8964861,0.88460386,0.006418309174478,0.0035575032,0.0035575032,0.011882246
MQAttn-QLSTM-VQR,8,17,0.8785371,0.8778853,0.88460386,0.8785371,0.006418309174478,0.0006518364,0.0006518364,0.0060667396
MQAttn-QLSTM-VQR,8,17,0.87928426,0.87398475,0.8785371,0.87928426,0.006418309174478,0.0052995086,0.0052995086,0.0007471442
MQAttn-QLSTM-VQR,8,17,0.87586355,0.8751505,0.87928426,0.87586355,0.006418309174478,0.00071305037,0.00071305037,0.0034207106
MQAttn-QLSTM-VQR,8,17,0.8702913,0.87171197,0.87586355,0.8702913,0.006418309174478,0.0014206767,0.0014206767,0.0055722594
MQAttn-QLSTM-VQR,8,17,0.86810833,0.86568636,0.8702913,0.86810833,0.006418309174478,0.0024219751,0.0024219751,0.0021829605
MQAttn-QLSTM-VQR,8,17,0.8488397,0.86430705,0.86810833,0.8488397,0.006418309174478,0.015467346,0.015467346,0.019268632
MQAttn-QLSTM-VQR,8,17,0.84749323,0.8443723,0.8488397,0.84749323,0.006418309174478,0.0031209588,0.0031209588,0.0013464689
MQAttn-QLSTM-VQR,8,17,0.84671694,0.8430603,0.84749323,0.84671694,0.006418309174478,0.0036566257,0.0036566257,0.0007762909
MQAttn-QLSTM-VQR,8,17,0.8345817,0.8418924,0.84671694,0.8345817,0.006418309174478,0.007310748,0.007310748,0.012135267
MQAttn-QLSTM-VQR,8,17,0.83772355,0.82964736,0.8345817,0.83772355,0.006418309174478,0.008076191,0.008076191,0.00314188
MQAttn-QLSTM-VQR,8,17,0.8302204,0.83337,0.83772355,0.8302204,0.006418309174478,0.003149569,0.003149569,0.007503152
MQAttn-QLSTM-VQR,8,17,0.8281061,0.82634974,0.8302204,0.8281061,0.006418309174478,0.0017563701,0.0017563701,0.002114296
MQAttn-QLSTM-VQR,8,17,0.83286464,0.82587016,0.8281061,0.83286464,0.006418309174478,0.006994486,0.006994486,0.004758537
MQAttn-QLSTM-VQR,8,17,0.82703626,0.8299548,0.83286464,0.82703626,0.006418309174478,0.0029185414,0.0029185414,0.0058283806
MQAttn-QLSTM-VQR,8,17,0.82250845,0.823769,0.82703626,0.82250845,0.006418309174478,0.001260519,0.001260519,0.0045278072
MQAttn-QLSTM-VQR,8,17,0.82237285,0.81941366,0.82250845,0.82237285,0.006418309174478,0.0029591918,0.0029591918,0.00013560057
MQAttn-QLSTM-VQR,8,17,0.79946065,0.81943613,0.82237285,0.79946065,0.006418309174478,0.019975483,0.019975483,0.022912204
MQAttn-QLSTM-VQR,8,17,0.79318243,0.7971641,0.79946065,0.79318243,0.006418309174478,0.00398165,0.00398165,0.006278217
MQAttn-QLSTM-VQR,8,17,0.7925143,0.7901053,0.79318243,0.7925143,0.006418309174478,0.002409041,0.002409041,0.00066810846
MQAttn-QLSTM-VQR,8,17,0.7881266,0.78973615,0.7925143,0.7881266,0.006418309174478,0.0016095638,0.0016095638,0.0043877363
MQAttn-QLSTM-VQR,8,17,0.78366435,0.78607154,0.7881266,0.78366435,0.006418309174478,0.0024071932,0.0024071932,0.004462242
MQAttn-QLSTM-VQR classical twin,8,12,0.89965,0.8993925,0.9059974,0.89965,0.006418309174478,0.00025749207,0.00025749207,0.006347418
MQAttn-QLSTM-VQR classical twin,8,12,0.8855096,0.8935985,0.89965,0.8855096,0.006418309174478,0.008088887,0.008088887,0.0141403675
MQAttn-QLSTM-VQR classical twin,8,12,0.8753226,0.87965155,0.8855096,0.8753226,0.006418309174478,0.004328966,0.004328966,0.01018703
MQAttn-QLSTM-VQR classical twin,8,12,0.87928826,0.86963546,0.8753226,0.87928826,0.006418309174478,0.009652793,0.009652793,0.003965676
MQAttn-QLSTM-VQR classical twin,8,12,0.8807088,0.8739416,0.87928826,0.8807088,0.006418309174478,0.0067672133,0.0067672133,0.0014205575
MQAttn-QLSTM-VQR classical twin,8,12,0.87602335,0.87797433,0.8807088,0.87602335,0.006418309174478,0.0019509792,0.0019509792,0.0046854615
MQAttn-QLSTM-VQR classical twin,8,12,0.8793386,0.8723822,0.87602335,0.8793386,0.006418309174478,0.0069563985,0.0069563985,0.00331527
MQAttn-QLSTM-VQR classical twin,8,12,0.88145787,0.87401587,0.8793386,0.88145787,0.006418309174478,0.0074419975,0.0074419975,0.0021192431
MQAttn-QLSTM-VQR classical twin,8,12,0.86845046,0.8744776,0.88145787,0.86845046,0.006418309174478,0.006027162,0.006027162,0.013007402
MQAttn-QLSTM-VQR classical twin,8,12,0.8620723,0.86099815,0.86845046,0.8620723,0.006418309174478,0.0010741353,0.0010741353,0.006378174
MQAttn-QLSTM-VQR classical twin,8,12,0.8507111,0.8543874,0.8620723,0.8507111,0.006418309174478,0.0036762953,0.0036762953,0.011361182
MQAttn-QLSTM-VQR classical twin,8,12,0.83155227,0.8442013,0.8507111,0.83155227,0.006418309174478,0.012649059,0.012649059,0.01915884
MQAttn-QLSTM-VQR classical twin,8,12,0.84379613,0.82729703,0.83155227,0.84379613,0.006418309174478,0.016499102,0.016499102,0.012243867
MQAttn-QLSTM-VQR classical twin,8,12,0.8285985,0.84064615,0.84379613,0.8285985,0.006418309174478,0.012047648,0.012047648,0.015197635
MQAttn-QLSTM-VQR classical twin,8,12,0.8286263,0.8264511,0.8285985,0.8286263,0.006418309174478,0.0021751523,0.0021751523,2.7775764e-05
MQAttn-QLSTM-VQR classical twin,8,12,0.8200065,0.8265444,0.8286263,0.8200065,0.006418309174478,0.0065379143,0.0065379143,0.008619785
MQAttn-QLSTM-VQR classical twin,8,12,0.8169389,0.8174422,0.8200065,0.8169389,0.006418309174478,0.0005033016,0.0005033016,0.0030676126
MQAttn-QLSTM-VQR classical twin,8,12,0.81543,0.81372875,0.8169389,0.81543,0.006418309174478,0.0017012358,0.0017012358,0.0015088916
MQAttn-QLSTM-VQR classical twin,8,12,0.80296576,0.81169516,0.81543,0.80296576,0.006418309174478,0.008729398,0.008729398,0.012464225
MQAttn-QLSTM-VQR classical twin,8,12,0.8011042,0.7984589,0.80296576,0.8011042,0.006418309174478,0.0026453137,0.0026453137,0.0018615723
MQAttn-QLSTM-VQR classical twin,8,12,0.7981325,0.79623413,0.8011042,0.7981325,0.006418309174478,0.0018983483,0.0018983483,0.0029717088
MQAttn-QLSTM-VQR classical twin,8,12,0.7875563,0.7934246,0.7981325,0.7875563,0.006418309174478,0.0058683157,0.0058683157,0.010576189
MQAttn-QLSTM-VQR classical twin,8,12,0.78935623,0.7836657,0.7875563,0.78935623,0.006418309174478,0.005690515,0.005690515,0.0017999411
MQAttn-QLSTM-VQR classical twin,8,17,0.88460386,0.89048564,0.8964861,0.88460386,0.006418309174478,0.0058817863,0.0058817863,0.011882246
MQAttn-QLSTM-VQR classical twin,8,17,0.8785371,0.87933964,0.88460386,0.8785371,0.006418309174478,0.00080251694,0.00080251694,0.0060667396
MQAttn-QLSTM-VQR classical twin,8,17,0.87928426,0.873975,0.8785371,0.87928426,0.006418309174478,0.0053092837,0.0053092837,0.0007471442
MQAttn-QLSTM-VQR classical twin,8,17,0.87586355,0.8748509,0.87928426,0.87586355,0.006418309174478,0.0010126233,0.0010126233,0.0034207106
MQAttn-QLSTM-VQR classical twin,8,17,0.8702913,0.87135124,0.87586355,0.8702913,0.006418309174478,0.0010599494,0.0010599494,0.0055722594
MQAttn-QLSTM-VQR classical twin,8,17,0.86810833,0.8675499,0.8702913,0.86810833,0.006418309174478,0.0005584359,0.0005584359,0.0021829605
MQAttn-QLSTM-VQR classical twin,8,17,0.8488397,0.8649934,0.86810833,0.8488397,0.006418309174478,0.016153693,0.016153693,0.019268632
MQAttn-QLSTM-VQR classical twin,8,17,0.84749323,0.844207,0.8488397,0.84749323,0.006418309174478,0.0032862425,0.0032862425,0.0013464689
MQAttn-QLSTM-VQR classical twin,8,17,0.84671694,0.84158444,0.84749323,0.84671694,0.006418309174478,0.0051324964,0.0051324964,0.0007762909
MQAttn-QLSTM-VQR classical twin,8,17,0.8345817,0.839918,0.84671694,0.8345817,0.006418309174478,0.0053363442,0.0053363442,0.012135267
MQAttn-QLSTM-VQR classical twin,8,17,0.83772355,0.82751435,0.8345817,0.83772355,0.006418309174478,0.010209203,0.010209203,0.00314188
MQAttn-QLSTM-VQR classical twin,8,17,0.8302204,0.8311786,0.83772355,0.8302204,0.006418309174478,0.00095820427,0.00095820427,0.007503152
MQAttn-QLSTM-VQR classical twin,8,17,0.8281061,0.82566506,0.8302204,0.8281061,0.006418309174478,0.0024410486,0.0024410486,0.002114296
MQAttn-QLSTM-VQR classical twin,8,17,0.83286464,0.8263606,0.8281061,0.83286464,0.006418309174478,0.006504059,0.006504059,0.004758537
MQAttn-QLSTM-VQR classical twin,8,17,0.82703626,0.83092237,0.83286464,0.82703626,0.006418309174478,0.0038861036,0.0038861036,0.0058283806
MQAttn-QLSTM-VQR classical twin,8,17,0.82250845,0.82445294,0.82703626,0.82250845,0.006418309174478,0.0019444823,0.0019444823,0.0045278072
MQAttn-QLSTM-VQR classical twin,8,17,0.82237285,0.8190287,0.82250845,0.82237285,0.006418309174478,0.0033441782,0.0033441782,0.00013560057
MQAttn-QLSTM-VQR classical twin,8,17,0.79946065,0.8179426,0.82237285,0.79946065,0.006418309174478,0.01848197,0.01848197,0.022912204
MQAttn-QLSTM-VQR classical twin,8,17,0.79318243,0.79475415,0.79946065,0.79318243,0.006418309174478,0.0015717149,0.0015717149,0.006278217
MQAttn-QLSTM-VQR classical twin,8,17,0.7925143,0.7887421,0.79318243,0.7925143,0.006418309174478,0.0037721992,0.0037721992,0.00066810846
MQAttn-QLSTM-VQR classical twin,8,17,0.7881266,0.78806156,0.7925143,0.7881266,0.006418309174478,6.502867e-05,6.502867e-05,0.0043877363
MQAttn-QLSTM-VQR classical twin,8,17,0.78366435,0.78418595,0.7881266,0.78366435,0.006418309174478,0.00052160025,0.00052160025,0.004462242
QLSTM,8,12,0.89965,0.89852655,0.9059974,0.89965,0.006418309174478,0.0011234283,0.0011234283,0.006347418
QLSTM,8,12,0.8855096,0.89412785,0.89965,0.8855096,0.006418309174478,0.008618236,0.008618236,0.0141403675
QLSTM,8,12,0.8753226,0.8803882,0.8855096,0.8753226,0.006418309174478,0.00506562,0.00506562,0.01018703
QLSTM,8,12,0.87928826,0.8695964,0.8753226,0.87928826,0.006418309174478,0.009691834,0.009691834,0.003965676
QLSTM,8,12,0.8807088,0.87412226,0.87928826,0.8807088,0.006418309174478,0.0065865517,0.0065865517,0.0014205575
QLSTM,8,12,0.87602335,0.8777853,0.8807088,0.87602335,0.006418309174478,0.0017619729,0.0017619729,0.0046854615
QLSTM,8,12,0.8793386,0.8721624,0.87602335,0.8793386,0.006418309174478,0.0071762204,0.0071762204,0.00331527
QLSTM,8,12,0.88145787,0.87470627,0.8793386,0.88145787,0.006418309174478,0.006751597,0.006751597,0.0021192431
QLSTM,8,12,0.86845046,0.87535626,0.88145787,0.86845046,0.006418309174478,0.006905794,0.006905794,0.013007402
QLSTM,8,12,0.8620723,0.86228204,0.86845046,0.8620723,0.006418309174478,0.00020974874,0.00020974874,0.006378174
QLSTM,8,12,0.8507111,0.8556228,0.8620723,0.8507111,0.006418309174478,0.0049117208,0.0049117208,0.011361182
QLSTM,8,12,0.83155227,0.8453269,0.8507111,0.83155227,0.006418309174478,0.013774633,0.013774633,0.01915884
QLSTM,8,12,0.84379613,0.8272478,0.83155227,0.84379613,0.006418309174478,0.016548336,0.016548336,0.012243867
QLSTM,8,12,0.8285985,0.84056234,0.84379613,0.8285985,0.006418309174478,0.011963844,0.011963844,0.015197635
QLSTM,8,12,0.8286263,0.8264131,0.8285985,0.8286263,0.006418309174478,0.00221318,0.00221318,2.7775764e-05
QLSTM,8,12,0.8200065,0.8271641,0.8286263,0.8200065,0.006418309174478,0.007157624,0.007157624,0.008619785
QLSTM,8,12,0.8169389,0.81796193,0.8200065,0.8169389,0.006418309174478,0.0010230541,0.0010230541,0.0030676126
QLSTM,8,12,0.81543,0.8142727,0.8169389,0.81543,0.006418309174478,0.0011572838,0.0011572838,0.0015088916
QLSTM,8,12,0.80296576,0.8124092,0.81543,0.80296576,0.006418309174478,0.009443462,0.009443462,0.012464225
QLSTM,8,12,0.8011042,0.79903257,0.80296576,0.8011042,0.006418309174478,0.002071619,0.002071619,0.0018615723
QLSTM,8,12,0.7981325,0.7969386,0.8011042,0.7981325,0.006418309174478,0.001193881,0.001193881,0.0029717088
QLSTM,8,12,0.7875563,0.7941174,0.7981325,0.7875563,0.006418309174478,0.0065611005,0.0065611005,0.010576189
QLSTM,8,12,0.78935623,0.783922,0.7875563,0.78935623,0.006418309174478,0.005434215,0.005434215,0.0017999411
QLSTM,8,17,0.88460386,0.8876223,0.8964861,0.88460386,0.006418309174478,0.0030184388,0.0030184388,0.011882246
QLSTM,8,17,0.8785371,0.8779957,0.88460386,0.8785371,0.006418309174478,0.000541389,0.000541389,0.0060667396
QLSTM,8,17,0.87928426,0.8742516,0.8785371,0.87928426,0.006418309174478,0.0050326586,0.0050326586,0.0007471442
QLSTM,8,17,0.87586355,0.8754142,0.87928426,0.87586355,0.006418309174478,0.00044935942,0.00044935942,0.0034207106
QLSTM,8,17,0.8702913,0.8719774,0.87586355,0.8702913,0.006418309174478,0.0016860962,0.0016860962,0.0055722594
QLSTM,8,17,0.86810833,0.86753803,0.8702913,0.86810833,0.006418309174478,0.00057029724,0.00057029724,0.0021829605
QLSTM,8,17,0.8488397,0.86519814,0.86810833,0.8488397,0.006418309174478,0.016358435,0.016358435,0.019268632
QLSTM,8,17,0.84749323,0.84482634,0.8488397,0.84749323,0.006418309174478,0.0026668906,0.0026668906,0.0013464689
QLSTM,8,17,0.84671694,0.8424538,0.84749323,0.84671694,0.006418309174478,0.0042631626,0.0042631626,0.0007762909
QLSTM,8,17,0.8345817,0.8413215,0.84671694,0.8345817,0.006418309174478,0.006739855,0.006739855,0.012135267
QLSTM,8,17,0.83772355,0.82884884,0.8345817,0.83772355,0.006418309174478,0.008874714,0.008874714,0.00314188
QLSTM,8,17,0.8302204,0.83172196,0.83772355,0.8302204,0.006418309174478,0.0015015602,0.0015015602,0.007503152
QLSTM,8,17,0.8281061,0.8251712,0.8302204,0.8281061,0.006418309174478,0.0029349327,0.0029349327,0.002114296
QLSTM,8,17,0.83286464,0.8249423,0.8281061,0.83286464,0.006418309174478,0.007922351,0.007922351,0.004758537
QLSTM,8,17,0.82703626,0.8316003,0.83286464,0.82703626,0.006418309174478,0.004564047,0.004564047,0.0058283806
QLSTM,8,17,0.82250845,0.82552296,0.82703626,0.82250845,0.006418309174478,0.003014505,0.003014505,0.0045278072
QLSTM,8,17,0.82237285,0.8203972,0.82250845,0.82237285,0.006418309174478,0.0019756556,0.0019756556,0.00013560057
QLSTM,8,17,0.79946065,0.8194805,0.82237285,0.79946065,0.006418309174478,0.02001983,0.02001983,0.022912204
QLSTM,8,17,0.79318243,0.79541844,0.79946065,0.79318243,0.006418309174478,0.0022360086,0.0022360086,0.006278217
QLSTM,8,17,0.7925143,0.78916055,0.79318243,0.7925143,0.006418309174478,0.0033537745,0.0033537745,0.00066810846
QLSTM,8,17,0.7881266,0.7888648,0.7925143,0.7881266,0.006418309174478,0.0007382035,0.0007382035,0.0043877363
QLSTM,8,17,0.78366435,0.7843199,0.7881266,0.78366435,0.006418309174478,0.0006555319,0.0006555319,0.004462242
LSTM,8,12,0.89965,0.89373326,0.9059974,0.89965,0.006418309174478,0.0059167147,0.0059167147,0.006347418
LSTM,8,12,0.8855096,0.8905409,0.89965,0.8855096,0.006418309174478,0.0050312877,0.0050312877,0.0141403675
LSTM,8,12,0.8753226,0.87961847,0.8855096,0.8753226,0.006418309174478,0.0042958856,0.0042958856,0.01018703
LSTM,8,12,0.87928826,0.8683719,0.8753226,0.87928826,0.006418309174478,0.010916352,0.010916352,0.003965676
LSTM,8,12,0.8807088,0.87543684,0.87928826,0.8807088,0.006418309174478,0.005271971,0.005271971,0.0014205575
LSTM,8,12,0.87602335,0.8761342,0.8807088,0.87602335,0.006418309174478,0.00011086464,0.00011086464,0.0046854615
LSTM,8,12,0.8793386,0.87041783,0.87602335,0.8793386,0.006418309174478,0.008920789,0.008920789,0.00331527
LSTM,8,12,0.88145787,0.8734281,0.8793386,0.88145787,0.006418309174478,0.008029759,0.008029759,0.0021192431
LSTM,8,12,0.86845046,0.8714803,0.88145787,0.86845046,0.006418309174478,0.0030298233,0.0030298233,0.013007402
LSTM,8,12,0.8620723,0.86081976,0.86845046,0.8620723,0.006418309174478,0.001252532,0.001252532,0.006378174
LSTM,8,12,0.8507111,0.8509407,0.8620723,0.8507111,0.006418309174478,0.00022959709,0.00022959709,0.011361182
LSTM,8,12,0.83155227,0.8439948,0.8507111,0.83155227,0.006418309174478,0.012442529,0.012442529,0.01915884
LSTM,8,12,0.84379613,0.82542104,0.83155227,0.84379613,0.006418309174478,0.018375099,0.018375099,0.012243867
LSTM,8,12,0.8285985,0.83706266,0.84379613,0.8285985,0.006418309174478,0.008464158,0.008464158,0.015197635
LSTM,8,12,0.8286263,0.8255882,0.8285985,0.8286263,0.006418309174478,0.0030380487,0.0030380487,2.7775764e-05
LSTM,8,12,0.8200065,0.825616,0.8286263,0.8200065,0.006418309174478,0.0056095123,0.0056095123,0.008619785
LSTM,8,12,0.8169389,0.8169962,0.8200065,0.8169389,0.006418309174478,5.733967e-05,5.733967e-05,0.0030676126
LSTM,8,12,0.81543,0.8139286,0.8169389,0.81543,0.006418309174478,0.0015013814,0.0015013814,0.0015088916
LSTM,8,12,0.80296576,0.8124197,0.81543,0.80296576,0.006418309174478,0.009453952,0.009453952,0.012464225
LSTM,8,12,0.8011042,0.7999555,0.80296576,0.8011042,0.006418309174478,0.0011487007,0.0011487007,0.0018615723
LSTM,8,12,0.7981325,0.7980939,0.8011042,0.7981325,0.006418309174478,3.8564205e-05,3.8564205e-05,0.0029717088
LSTM,8,12,0.7875563,0.7951222,0.7981325,0.7875563,0.006418309174478,0.0075659156,0.0075659156,0.010576189
LSTM,8,12,0.78935623,0.784546,0.7875563,0.78935623,0.006418309174478,0.004810214,0.004810214,0.0017999411
LSTM,8,17,0.88460386,0.8903007,0.8964861,0.88460386,0.006418309174478,0.005696833,0.005696833,0.011882246
LSTM,8,17,0.8785371,0.88157934,0.88460386,0.8785371,0.006418309174478,0.003042221,0.003042221,0.0060667396
LSTM,8,17,0.87928426,0.87552685,0.8785371,0.87928426,0.006418309174478,0.0037574172,0.0037574172,0.0007471442
LSTM,8,17,0.87586355,0.87432045,0.87928426,0.87586355,0.006418309174478,0.0015431046,0.0015431046,0.0034207106
LSTM,8,17,0.8702913,0.86983085,0.87586355,0.8702913,0.006418309174478,0.00046044588,0.00046044588,0.0055722594
LSTM,8,17,0.86810833,0.867281,0.8702913,0.86810833,0.006418309174478,0.00082731247,0.00082731247,0.0021829605
LSTM,8,17,0.8488397,0.86509806,0.86810833,0.8488397,0.006418309174478,0.016258359,0.016258359,0.019268632
LSTM,8,17,0.84749323,0.8458294,0.8488397,0.84749323,0.006418309174478,0.001663804,0.001663804,0.0013464689
LSTM,8,17,0.84671694,0.84408283,0.84749323,0.84671694,0.006418309174478,0.002634108,0.002634108,0.0007762909
LSTM,8,17,0.8345817,0.84286195,0.84671694,0.8345817,0.006418309174478,0.008280277,0.008280277,0.012135267
LSTM,8,17,0.83772355,0.82938176,0.8345817,0.83772355,0.006418309174478,0.008341789,0.008341789,0.00314188
LSTM,8,17,0.8302204,0.8320831,0.83772355,0.8302204,0.006418309174478,0.0018627048,0.0018627048,0.007503152
LSTM,8,17,0.8281061,0.82485193,0.8302204,0.8281061,0.006418309174478,0.0032541752,0.0032541752,0.002114296
LSTM,8,17,0.83286464,0.8239962,0.8281061,0.83286464,0.006418309174478,0.008868456,0.008868456,0.004758537
LSTM,8,17,0.82703626,0.82985437,0.83286464,0.82703626,0.006418309174478,0.0028181076,0.0028181076,0.0058283806
LSTM,8,17,0.82250845,0.824026,0.82703626,0.82250845,0.006418309174478,0.0015175343,0.0015175343,0.0045278072
LSTM,8,17,0.82237285,0.8194982,0.82250845,0.82237285,0.006418309174478,0.0028746724,0.0028746724,0.00013560057
LSTM,8,17,0.79946065,0.8193626,0.82237285,0.79946065,0.006418309174478,0.019901931,0.019901931,0.022912204
LSTM,8,17,0.79318243,0.7964504,0.79946065,0.79318243,0.006418309174478,0.0032679439,0.0032679439,0.006278217
LSTM,8,17,0.7925143,0.79017216,0.79318243,0.7925143,0.006418309174478,0.0023421645,0.0023421645,0.00066810846
LSTM,8,17,0.7881266,0.78950405,0.7925143,0.7881266,0.006418309174478,0.0013774633,0.0013774633,0.0043877363
LSTM,8,17,0.78366435,0.7851163,0.7881266,0.78366435,0.006418309174478,0.0014519691,0.0014519691,0.004462242
GRU,8,12,0.89965,0.8922891,0.9059974,0.89965,0.006418309174478,0.0073608756,0.0073608756,0.006347418
GRU,8,12,0.8855096,0.89473575,0.89965,0.8855096,0.006418309174478,0.009226143,0.009226143,0.0141403675
GRU,8,12,0.8753226,0.88543266,0.8855096,0.8753226,0.006418309174478,0.01011008,0.01011008,0.01018703
GRU,8,12,0.87928826,0.8707089,0.8753226,0.87928826,0.006418309174478,0.008579373,0.008579373,0.003965676
GRU,8,12,0.8807088,0.8637591,0.87928826,0.8807088,0.006418309174478,0.016949713,0.016949713,0.0014205575
GRU,8,12,0.87602335,0.88471717,0.8807088,0.87602335,0.006418309174478,0.008693814,0.008693814,0.0046854615
GRU,8,12,0.8793386,0.87158674,0.87602335,0.8793386,0.006418309174478,0.007751882,0.007751882,0.00331527
GRU,8,12,0.88145787,0.8773817,0.8793386,0.88145787,0.006418309174478,0.004076183,0.004076183,0.0021192431
GRU,8,12,0.86845046,0.8647699,0.88145787,0.86845046,0.006418309174478,0.0036805868,0.0036805868,0.013007402
GRU,8,12,0.8620723,0.84831214,0.86845046,0.8620723,0.006418309174478,0.0137601495,0.0137601495,0.006378174
GRU,8,12,0.8507111,0.83771783,0.8620723,0.8507111,0.006418309174478,0.012993276,0.012993276,0.011361182
GRU,8,12,0.83155227,0.83555424,0.8507111,0.83155227,0.006418309174478,0.004001975,0.004001975,0.01915884
GRU,8,12,0.84379613,0.82291275,0.83155227,0.84379613,0.006418309174478,0.020883381,0.020883381,0.012243867
GRU,8,12,0.8285985,0.8386705,0.84379613,0.8285985,0.006418309174478,0.010071993,0.010071993,0.015197635
GRU,8,12,0.8286263,0.8232754,0.8285985,0.8286263,0.006418309174478,0.005350888,0.005350888,2.7775764e-05
GRU,8,12,0.8200065,0.82018405,0.8286263,0.8200065,0.006418309174478,0.00017756224,0.00017756224,0.008619785
GRU,8,12,0.8169389,0.8088203,0.8200065,0.8169389,0.006418309174478,0.00811857,0.00811857,0.0030676126
GRU,8,12,0.81543,0.80871767,0.8169389,0.81543,0.006418309174478,0.0067123175,0.0067123175,0.0015088916
GRU,8,12,0.80296576,0.80965906,0.81543,0.80296576,0.006418309174478,0.0066933036,0.0066933036,0.012464225
GRU,8,12,0.8011042,0.80108744,0.80296576,0.8011042,0.006418309174478,1.6748905e-05,1.6748905e-05,0.0018615723
GRU,8,12,0.7981325,0.79979354,0.8011042,0.7981325,0.006418309174478,0.0016610622,0.0016610622,0.0029717088
GRU,8,12,0.7875563,0.7943143,0.7981325,0.7875563,0.006418309174478,0.006758034,0.006758034,0.010576189
GRU,8,12,0.78935623,0.78283244,0.7875563,0.78935623,0.006418309174478,0.006523788,0.006523788,0.0017999411
GRU,8,17,0.88460386,0.88672477,0.8964861,0.88460386,0.006418309174478,0.002120912,0.002120912,0.011882246
GRU,8,17,0.8785371,0.8775023,0.88460386,0.8785371,0.006418309174478,0.0010347962,0.0010347962,0.0060667396
GRU,8,17,0.87928426,0.87816185,0.8785371,0.87928426,0.006418309174478,0.0011224151,0.0011224151,0.0007471442
GRU,8,17,0.87586355,0.87764055,0.87928426,0.87586355,0.006418309174478,0.0017769933,0.0017769933,0.0034207106
GRU,8,17,0.8702913,0.87453556,0.87586355,0.8702913,0.006418309174478,0.004244268,0.004244268,0.0055722594
GRU,8,17,0.86810833,0.8632425,0.8702913,0.86810833,0.006418309174478,0.004865825,0.004865825,0.0021829605
GRU,8,17,0.8488397,0.86986077,0.86810833,0.8488397,0.006418309174478,0.021021068,0.021021068,0.019268632
GRU,8,17,0.84749323,0.84637254,0.8488397,0.84749323,0.006418309174478,0.0011206865,0.0011206865,0.0013464689
GRU,8,17,0.84671694,0.8390966,0.84749323,0.84671694,0.006418309174478,0.0076203346,0.0076203346,0.0007762909
GRU,8,17,0.8345817,0.837972,0.84671694,0.8345817,0.006418309174478,0.0033903122,0.0033903122,0.012135267
GRU,8,17,0.83772355,0.82742995,0.8345817,0.83772355,0.006418309174478,0.010293603,0.010293603,0.00314188
GRU,8,17,0.8302204,0.8248036,0.83772355,0.8302204,0.006418309174478,0.0054168105,0.0054168105,0.007503152
GRU,8,17,0.8281061,0.81455296,0.8302204,0.8281061,0.006418309174478,0.013553143,0.013553143,0.002114296
GRU,8,17,0.83286464,0.8221471,0.8281061,0.83286464,0.006418309174478,0.010717571,0.010717571,0.004758537
GRU,8,17,0.82703626,0.82946455,0.83286464,0.82703626,0.006418309174478,0.0024282932,0.0024282932,0.0058283806
GRU,8,17,0.82250845,0.8188786,0.82703626,0.82250845,0.006418309174478,0.0036298633,0.0036298633,0.0045278072
GRU,8,17,0.82237285,0.8183127,0.82250845,0.82237285,0.006418309174478,0.004060149,0.004060149,0.00013560057
GRU,8,17,0.79946065,0.81960124,0.82237285,0.79946065,0.006418309174478,0.020140588,0.020140588,0.022912204
GRU,8,17,0.79318243,0.80122703,0.79946065,0.79318243,0.006418309174478,0.0080446005,0.0080446005,0.006278217
GRU,8,17,0.7925143,0.7921902,0.79318243,0.7925143,0.006418309174478,0.00032413006,0.00032413006,0.00066810846
GRU,8,17,0.7881266,0.79377365,0.7925143,0.7881266,0.006418309174478,0.0056470633,0.0056470633,0.0043877363
GRU,8,17,0.78366435,0.7844427,0.7881266,0.78366435,0.006418309174478,0.00077837706,0.00077837706,0.004462242
MLP,8,12,0.89965,0.8944046,0.9059974,0.89965,0.006418309174478,0.0052453876,0.0052453876,0.006347418
MLP,8,12,0.8855096,0.8700342,0.89965,0.8855096,0.006418309174478,0.015475392,0.015475392,0.0141403675
MLP,8,12,0.8753226,0.8818358,0.8855096,0.8753226,0.006418309174478,0.006513238,0.006513238,0.01018703
MLP,8,12,0.87928826,0.8518205,0.8753226,0.87928826,0.006418309174478,0.027467728,0.027467728,0.003965676
MLP,8,12,0.8807088,0.83975273,0.87928826,0.8807088,0.006418309174478,0.04095608,0.04095608,0.0014205575
MLP,8,12,0.87602335,0.8597601,0.8807088,0.87602335,0.006418309174478,0.016263247,0.016263247,0.0046854615
MLP,8,12,0.8793386,0.85913986,0.87602335,0.8793386,0.006418309174478,0.020198762,0.020198762,0.00331527
MLP,8,12,0.88145787,0.8792543,0.8793386,0.88145787,0.006418309174478,0.0022035837,0.0022035837,0.0021192431
MLP,8,12,0.86845046,0.8914067,0.88145787,0.86845046,0.006418309174478,0.022956252,0.022956252,0.013007402
MLP,8,12,0.8620723,0.86020696,0.86845046,0.8620723,0.006418309174478,0.0018653274,0.0018653274,0.006378174
MLP,8,12,0.8507111,0.86676407,0.8620723,0.8507111,0.006418309174478,0.016052961,0.016052961,0.011361182
MLP,8,12,0.83155227,0.8625843,0.8507111,0.83155227,0.006418309174478,0.031032026,0.031032026,0.01915884
MLP,8,12,0.84379613,0.8275397,0.83155227,0.84379613,0.006418309174478,0.016256452,0.016256452,0.012243867
MLP,8,12,0.8285985,0.848419,0.84379613,0.8285985,0.006418309174478,0.019820511,0.019820511,0.015197635
MLP,8,12,0.8286263,0.83867043,0.8285985,0.8286263,0.006418309174478,0.0100441575,0.0100441575,2.7775764e-05
MLP,8,12,0.8200065,0.8342414,0.8286263,0.8200065,0.006418309174478,0.0142349005,0.0142349005,0.008619785
MLP,8,12,0.8169389,0.82431436,0.8200065,0.8169389,0.006418309174478,0.0073754787,0.0073754787,0.0030676126
MLP,8,12,0.81543,0.82691437,0.8169389,0.81543,0.006418309174478,0.011484385,0.011484385,0.0015088916
MLP,8,12,0.80296576,0.81404114,0.81543,0.80296576,0.006418309174478,0.011075377,0.011075377,0.012464225
MLP,8,12,0.8011042,0.80542845,0.80296576,0.8011042,0.006418309174478,0.0043242574,0.0043242574,0.0018615723
MLP,8,12,0.7981325,0.80140066,0.8011042,0.7981325,0.006418309174478,0.0032681823,0.0032681823,0.0029717088
MLP,8,12,0.7875563,0.7960551,0.7981325,0.7875563,0.006418309174478,0.008498788,0.008498788,0.010576189
MLP,8,12,0.78935623,0.7883827,0.7875563,0.78935623,0.006418309174478,0.00097352266,0.00097352266,0.0017999411
MLP,8,17,0.88460386,0.89488024,0.8964861,0.88460386,0.006418309174478,0.010276377,0.010276377,0.011882246
MLP,8,17,0.8785371,0.8783685,0.88460386,0.8785371,0.006418309174478,0.00016862154,0.00016862154,0.0060667396
MLP,8,17,0.87928426,0.85892564,0.8785371,0.87928426,0.006418309174478,0.020358622,0.020358622,0.0007471442
MLP,8,17,0.87586355,0.8834161,0.87928426,0.87586355,0.006418309174478,0.007552564,0.007552564,0.0034207106
MLP,8,17,0.8702913,0.87688524,0.87586355,0.8702913,0.006418309174478,0.0065939426,0.0065939426,0.0055722594
MLP,8,17,0.86810833,0.84026426,0.8702913,0.86810833,0.006418309174478,0.027844071,0.027844071,0.0021829605
MLP,8,17,0.8488397,0.869825,0.86810833,0.8488397,0.006418309174478,0.020985305,0.020985305,0.019268632
MLP,8,17,0.84749323,0.8573275,0.8488397,0.84749323,0.006418309174478,0.00983429,0.00983429,0.0013464689
MLP,8,17,0.84671694,0.8439553,0.84749323,0.84671694,0.006418309174478,0.002761662,0.002761662,0.0007762909
MLP,8,17,0.8345817,0.84950924,0.84671694,0.8345817,0.006418309174478,0.014927566,0.014927566,0.012135267
MLP,8,17,0.83772355,0.8258331,0.8345817,0.83772355,0.006418309174478,0.011890471,0.011890471,0.00314188
MLP,8,17,0.8302204,0.8459725,0.83772355,0.8302204,0.006418309174478,0.015752077,0.015752077,0.007503152
MLP,8,17,0.8281061,0.83622396,0.8302204,0.8281061,0.006418309174478,0.008117855,0.008117855,0.002114296
MLP,8,17,0.83286464,0.83538014,0.8281061,0.83286464,0.006418309174478,0.0025154948,0.0025154948,0.004758537
MLP,8,17,0.82703626,0.8468851,0.83286464,0.82703626,0.006418309174478,0.019848824,0.019848824,0.0058283806
MLP,8,17,0.82250845,0.82885784,0.82703626,0.82250845,0.006418309174478,0.006349385,0.006349385,0.0045278072
MLP,8,17,0.82237285,0.81950176,0.82250845,0.82237285,0.006418309174478,0.0028710961,0.0028710961,0.00013560057
MLP,8,17,0.79946065,0.80154103,0.82237285,0.79946065,0.006418309174478,0.002080381,0.002080381,0.022912204
MLP,8,17,0.79318243,0.7969207,0.79946065,0.79318243,0.006418309174478,0.003738284,0.003738284,0.006278217
MLP,8,17,0.7925143,0.79591155,0.79318243,0.7925143,0.006418309174478,0.0033972263,0.0033972263,0.00066810846
MLP,8,17,0.7881266,0.7886892,0.7925143,0.7881266,0.006418309174478,0.00056260824,0.00056260824,0.0043877363
MLP,8,17,0.78366435,0.78454685,0.7881266,0.78366435,0.006418309174478,0.00088250637,0.00088250637,0.004462242
Seq2Seq,8,12,0.89965,0.89426976,0.9059974,0.89965,0.006418309174478,0.0053802133,0.0053802133,0.006347418
Seq2Seq,8,12,0.8855096,0.89010024,0.89965,0.8855096,0.006418309174478,0.0045906305,0.0045906305,0.0141403675
Seq2Seq,8,12,0.8753226,0.8778944,0.8855096,0.8753226,0.006418309174478,0.0025718212,0.0025718212,0.01018703
Seq2Seq,8,12,0.87928826,0.86576474,0.8753226,0.87928826,0.006418309174478,0.013523519,0.013523519,0.003965676
Seq2Seq,8,12,0.8807088,0.8709932,0.87928826,0.8807088,0.006418309174478,0.009715617,0.009715617,0.0014205575
Seq2Seq,8,12,0.87602335,0.87561506,0.8807088,0.87602335,0.006418309174478,0.00040829182,0.00040829182,0.0046854615
Seq2Seq,8,12,0.8793386,0.8722675,0.87602335,0.8793386,0.006418309174478,0.0070711374,0.0070711374,0.00331527
Seq2Seq,8,12,0.88145787,0.87423044,0.8793386,0.88145787,0.006418309174478,0.007227421,0.007227421,0.0021192431
Seq2Seq,8,12,0.86845046,0.87518895,0.88145787,0.86845046,0.006418309174478,0.006738484,0.006738484,0.013007402
Seq2Seq,8,12,0.8620723,0.8625159,0.86845046,0.8620723,0.006418309174478,0.00044363737,0.00044363737,0.006378174
Seq2Seq,8,12,0.8507111,0.85599315,0.8620723,0.8507111,0.006418309174478,0.0052820444,0.0052820444,0.011361182
Seq2Seq,8,12,0.83155227,0.8439295,0.8507111,0.83155227,0.006418309174478,0.012377262,0.012377262,0.01915884
Seq2Seq,8,12,0.84379613,0.8263478,0.83155227,0.84379613,0.006418309174478,0.017448306,0.017448306,0.012243867
Seq2Seq,8,12,0.8285985,0.8402758,0.84379613,0.8285985,0.006418309174478,0.011677325,0.011677325,0.015197635
Seq2Seq,8,12,0.8286263,0.82902366,0.8285985,0.8286263,0.006418309174478,0.00039738417,0.00039738417,2.7775764e-05
Seq2Seq,8,12,0.8200065,0.8267593,0.8286263,0.8200065,0.006418309174478,0.006752789,0.006752789,0.008619785
Seq2Seq,8,12,0.8169389,0.81637806,0.8200065,0.8169389,0.006418309174478,0.0005608201,0.0005608201,0.0030676126
Seq2Seq,8,12,0.81543,0.81281453,0.8169389,0.81543,0.006418309174478,0.0026154518,0.0026154518,0.0015088916
Seq2Seq,8,12,0.80296576,0.8133622,0.81543,0.80296576,0.006418309174478,0.010396421,0.010396421,0.012464225
Seq2Seq,8,12,0.8011042,0.8000665,0.80296576,0.8011042,0.006418309174478,0.0010377169,0.0010377169,0.0018615723
Seq2Seq,8,12,0.7981325,0.7974586,0.8011042,0.7981325,0.006418309174478,0.0006738901,0.0006738901,0.0029717088
Seq2Seq,8,12,0.7875563,0.79442817,0.7981325,0.7875563,0.006418309174478,0.006871879,0.006871879,0.010576189
Seq2Seq,8,12,0.78935623,0.78422725,0.7875563,0.78935623,0.006418309174478,0.0051289797,0.0051289797,0.0017999411
Seq2Seq,8,17,0.88460386,0.8864065,0.8964861,0.88460386,0.006418309174478,0.0018026233,0.0018026233,0.011882246
Seq2Seq,8,17,0.8785371,0.8784898,0.88460386,0.8785371,0.006418309174478,4.7326088e-05,4.7326088e-05,0.0060667396
Seq2Seq,8,17,0.87928426,0.8751912,0.8785371,0.87928426,0.006418309174478,0.004093051,0.004093051,0.0007471442
Seq2Seq,8,17,0.87586355,0.8722155,0.87928426,0.87586355,0.006418309174478,0.0036480427,0.0036480427,0.0034207106
Seq2Seq,8,17,0.8702913,0.868587,0.87586355,0.8702913,0.006418309174478,0.0017042756,0.0017042756,0.0055722594
Seq2Seq,8,17,0.86810833,0.8648611,0.8702913,0.86810833,0.006418309174478,0.003247261,0.003247261,0.0021829605
Seq2Seq,8,17,0.8488397,0.8645297,0.86810833,0.8488397,0.006418309174478,0.015690029,0.015690029,0.019268632
Seq2Seq,8,17,0.84749323,0.84619164,0.8488397,0.84749323,0.006418309174478,0.0013015866,0.0013015866,0.0013464689
Seq2Seq,8,17,0.84671694,0.8448845,0.84749323,0.84671694,0.006418309174478,0.0018324256,0.0018324256,0.0007762909
Seq2Seq,8,17,0.8345817,0.84165865,0.84671694,0.8345817,0.006418309174478,0.0070769787,0.0070769787,0.012135267
Seq2Seq,8,17,0.83772355,0.8298719,0.8345817,0.83772355,0.006418309174478,0.00785166,0.00785166,0.00314188
Seq2Seq,8,17,0.8302204,0.83234704,0.83772355,0.8302204,0.006418309174478,0.0021266341,0.0021266341,0.007503152
Seq2Seq,8,17,0.8281061,0.82231516,0.8302204,0.8281061,0.006418309174478,0.005790949,0.005790949,0.002114296
Seq2Seq,8,17,0.83286464,0.82435924,0.8281061,0.83286464,0.006418309174478,0.008505404,0.008505404,0.004758537
Seq2Seq,8,17,0.82703626,0.83143556,0.83286464,0.82703626,0.006418309174478,0.0043992996,0.0043992996,0.0058283806
Seq2Seq,8,17,0.82250845,0.8237409,0.82703626,0.82250845,0.006418309174478,0.0012324452,0.0012324452,0.0045278072
Seq2Seq,8,17,0.82237285,0.8181842,0.82250845,0.82237285,0.006418309174478,0.004188657,0.004188657,0.00013560057
Seq2Seq,8,17,0.79946065,0.81923103,0.82237285,0.79946065,0.006418309174478,0.019770384,0.019770384,0.022912204
Seq2Seq,8,17,0.79318243,0.7974603,0.79946065,0.79318243,0.006418309174478,0.004277885,0.004277885,0.006278217
Seq2Seq,8,17,0.7925143,0.7900869,0.79318243,0.7925143,0.006418309174478,0.0024273992,0.0024273992,0.00066810846
Seq2Seq,8,17,0.7881266,0.78934824,0.7925143,0.7881266,0.006418309174478,0.0012216568,0.0012216568,0.0043877363
Seq2Seq,8,17,0.78366435,0.7863327,0.7881266,0.78366435,0.006418309174478,0.0026683807,0.0026683807,0.004462242
Persistence,9,1,0.90152186,0.90282935,0.90282935,0.90152186,0.0066467598080635,0.0013074875,0.0013074875,0.0013074875
Persistence,9,1,0.8875078,0.90152186,0.90152186,0.8875078,0.0066467598080635,0.014014065,0.014014065,0.014014065
Persistence,9,1,0.87623525,0.8875078,0.8875078,0.87623525,0.0066467598080635,0.01127255,0.01127255,0.01127255
Persistence,9,1,0.8647164,0.87623525,0.87623525,0.8647164,0.0066467598080635,0.011518836,0.011518836,0.011518836
Persistence,9,1,0.8563263,0.8647164,0.8647164,0.8563263,0.0066467598080635,0.008390129,0.008390129,0.008390129
Persistence,9,1,0.851942,0.8563263,0.8563263,0.851942,0.0066467598080635,0.0043842793,0.0043842793,0.0043842793
Persistence,9,1,0.85325265,0.851942,0.851942,0.85325265,0.0066467598080635,0.0013106465,0.0013106465,0.0013106465
Persistence,9,1,0.85035527,0.85325265,0.85325265,0.85035527,0.0066467598080635,0.0028973818,0.0028973818,0.0028973818
Persistence,9,1,0.8476322,0.85035527,0.85035527,0.8476322,0.0066467598080635,0.0027230382,0.0027230382,0.0027230382
Persistence,9,1,0.84171885,0.8476322,0.8476322,0.84171885,0.0066467598080635,0.005913377,0.005913377,0.005913377
Persistence,9,1,0.8386773,0.84171885,0.84171885,0.8386773,0.0066467598080635,0.0030415654,0.0030415654,0.0030415654
Persistence,9,1,0.837412,0.8386773,0.8386773,0.837412,0.0066467598080635,0.0012652874,0.0012652874,0.0012652874
Persistence,9,1,0.8369826,0.837412,0.837412,0.8369826,0.0066467598080635,0.00042939186,0.00042939186,0.00042939186
Persistence,9,1,0.8270432,0.8369826,0.8369826,0.8270432,0.0066467598080635,0.009939432,0.009939432,0.009939432
Persistence,9,1,0.82566714,0.8270432,0.8270432,0.82566714,0.0066467598080635,0.0013760328,0.0013760328,0.0013760328
Persistence,9,1,0.82726884,0.82566714,0.82566714,0.82726884,0.0066467598080635,0.001601696,0.001601696,0.001601696
Persistence,9,1,0.8133968,0.82726884,0.82726884,0.8133968,0.0066467598080635,0.013872027,0.013872027,0.013872027
Persistence,9,1,0.8097343,0.8133968,0.8133968,0.8097343,0.0066467598080635,0.0036625266,0.0036625266,0.0036625266
Persistence,9,1,0.8073882,0.8097343,0.8097343,0.8073882,0.0066467598080635,0.0023460984,0.0023460984,0.0023460984
Persistence,9,1,0.8055926,0.8073882,0.8073882,0.8055926,0.0066467598080635,0.0017955899,0.0017955899,0.0017955899
Persistence,9,1,0.80232096,0.8055926,0.8055926,0.80232096,0.0066467598080635,0.0032716393,0.0032716393,0.0032716393
Persistence,9,1,0.79296273,0.80232096,0.80232096,0.79296273,0.0066467598080635,0.009358227,0.009358227,0.009358227
Persistence,9,1,0.78846586,0.79296273,0.79296273,0.78846586,0.0066467598080635,0.0044968724,0.0044968724,0.0044968724
Persistence,9,4,0.88166666,0.8841459,0.8841459,0.88166666,0.0066467598080635,0.0024792552,0.0024792552,0.0024792552
Persistence,9,4,0.87332374,0.88166666,0.88166666,0.87332374,0.0066467598080635,0.008342922,0.008342922,0.008342922
Persistence,9,4,0.87643296,0.87332374,0.87332374,0.87643296,0.0066467598080635,0.0031092167,0.0031092167,0.0031092167
Persistence,9,4,0.8645134,0.87643296,0.87643296,0.8645134,0.0066467598080635,0.011919558,0.011919558,0.011919558
Persistence,9,4,0.85882026,0.8645134,0.8645134,0.85882026,0.0066467598080635,0.0056931376,0.0056931376,0.0056931376
Persistence,9,4,0.85634005,0.85882026,0.85882026,0.85634005,0.0066467598080635,0.0024802089,0.0024802089,0.0024802089
Persistence,9,4,0.85419565,0.85634005,0.85634005,0.85419565,0.0066467598080635,0.0021443963,0.0021443963,0.0021443963
Persistence,9,4,0.8502348,0.85419565,0.85419565,0.8502348,0.0066467598080635,0.003960848,0.003960848,0.003960848
Persistence,9,4,0.84026927,0.8502348,0.8502348,0.84026927,0.0066467598080635,0.009965539,0.009965539,0.009965539
Persistence,9,4,0.8402345,0.84026927,0.84026927,0.8402345,0.0066467598080635,3.4749508e-05,3.4749508e-05,3.4749508e-05
Persistence,9,4,0.834485,0.8402345,0.8402345,0.834485,0.0066467598080635,0.0057495236,0.0057495236,0.0057495236
Persistence,9,4,0.8322948,0.834485,0.834485,0.8322948,0.0066467598080635,0.0021901727,0.0021901727,0.0021901727
Persistence,9,4,0.83432955,0.8322948,0.8322948,0.83432955,0.0066467598080635,0.0020347238,0.0020347238,0.0020347238
Persistence,9,4,0.8319402,0.83432955,0.83432955,0.8319402,0.0066467598080635,0.0023893714,0.0023893714,0.0023893714
Persistence,9,4,0.82366824,0.8319402,0.8319402,0.82366824,0.0066467598080635,0.008271933,0.008271933,0.008271933
Persistence,9,4,0.81606257,0.82366824,0.82366824,0.81606257,0.0066467598080635,0.007605672,0.007605672,0.007605672
Persistence,9,4,0.8181406,0.81606257,0.81606257,0.8181406,0.0066467598080635,0.0020780563,0.0020780563,0.0020780563
Persistence,9,4,0.81540626,0.8181406,0.8181406,0.81540626,0.0066467598080635,0.002734363,0.002734363,0.002734363
Persistence,9,4,0.8217398,0.81540626,0.81540626,0.8217398,0.0066467598080635,0.00633353,0.00633353,0.00633353
Persistence,9,4,0.8178603,0.8217398,0.8217398,0.8178603,0.0066467598080635,0.0038794875,0.0038794875,0.0038794875
Persistence,9,4,0.81382936,0.8178603,0.8178603,0.81382936,0.0066467598080635,0.004030943,0.004030943,0.004030943
Persistence,9,4,0.8124174,0.81382936,0.81382936,0.8124174,0.0066467598080635,0.0014119744,0.0014119744,0.0014119744
Persistence,9,4,0.81091505,0.8124174,0.8124174,0.81091505,0.0066467598080635,0.0015023351,0.0015023351,0.0015023351
MQAttn-LSTM-VQR,9,1,0.90152186,0.8924676,0.90282935,0.90152186,0.0066467598080635,0.009054244,0.009054244,0.0013074875
MQAttn-LSTM-VQR,9,1,0.8875078,0.89244646,0.90152186,0.8875078,0.0066467598080635,0.004938662,0.004938662,0.014014065
MQAttn-LSTM-VQR,9,1,0.87623525,0.88085645,0.8875078,0.87623525,0.0066467598080635,0.0046212077,0.0046212077,0.01127255
MQAttn-LSTM-VQR,9,1,0.8647164,0.8693329,0.87623525,0.8647164,0.0066467598080635,0.004616499,0.004616499,0.011518836
MQAttn-LSTM-VQR,9,1,0.8563263,0.8590047,0.8647164,0.8563263,0.0066467598080635,0.0026783943,0.0026783943,0.008390129
MQAttn-LSTM-VQR,9,1,0.851942,0.8550511,0.8563263,0.851942,0.0066467598080635,0.0031090975,0.0031090975,0.0043842793
MQAttn-LSTM-VQR,9,1,0.85325265,0.84920275,0.851942,0.85325265,0.0066467598080635,0.004049897,0.004049897,0.0013106465
MQAttn-LSTM-VQR,9,1,0.85035527,0.8502673,0.85325265,0.85035527,0.0066467598080635,8.7976456e-05,8.7976456e-05,0.0028973818
MQAttn-LSTM-VQR,9,1,0.8476322,0.8454607,0.85035527,0.8476322,0.0066467598080635,0.0021715164,0.0021715164,0.0027230382
MQAttn-LSTM-VQR,9,1,0.84171885,0.8434177,0.8476322,0.84171885,0.0066467598080635,0.0016988516,0.0016988516,0.005913377
MQAttn-LSTM-VQR,9,1,0.8386773,0.83402115,0.84171885,0.8386773,0.0066467598080635,0.004656136,0.004656136,0.0030415654
MQAttn-LSTM-VQR,9,1,0.837412,0.83138514,0.8386773,0.837412,0.0066467598080635,0.006026864,0.006026864,0.0012652874
MQAttn-LSTM-VQR,9,1,0.8369826,0.8323214,0.837412,0.8369826,0.0066467598080635,0.0046612024,0.0046612024,0.00042939186
MQAttn-LSTM-VQR,9,1,0.8270432,0.83501625,0.8369826,0.8270432,0.0066467598080635,0.007973075,0.007973075,0.009939432
MQAttn-LSTM-VQR,9,1,0.82566714,0.827098,0.8270432,0.82566714,0.0066467598080635,0.0014308691,0.0014308691,0.0013760328
MQAttn-LSTM-VQR,9,1,0.82726884,0.82464445,0.82566714,0.82726884,0.0066467598080635,0.0026243925,0.0026243925,0.001601696
MQAttn-LSTM-VQR,9,1,0.8133968,0.8254093,0.82726884,0.8133968,0.0066467598080635,0.012012482,0.012012482,0.013872027
MQAttn-LSTM-VQR,9,1,0.8097343,0.8084916,0.8133968,0.8097343,0.0066467598080635,0.0012426972,0.0012426972,0.0036625266
MQAttn-LSTM-VQR,9,1,0.8073882,0.80340147,0.8097343,0.8073882,0.0066467598080635,0.0039867163,0.0039867163,0.0023460984
MQAttn-LSTM-VQR,9,1,0.8055926,0.80400705,0.8073882,0.8055926,0.0066467598080635,0.0015855432,0.0015855432,0.0017955899
MQAttn-LSTM-VQR,9,1,0.80232096,0.79952574,0.8055926,0.80232096,0.0066467598080635,0.0027952194,0.0027952194,0.0032716393
MQAttn-LSTM-VQR,9,1,0.79296273,0.799046,0.80232096,0.79296273,0.0066467598080635,0.00608325,0.00608325,0.009358227
MQAttn-LSTM-VQR,9,1,0.78846586,0.7890582,0.79296273,0.78846586,0.0066467598080635,0.00059235096,0.00059235096,0.0044968724
MQAttn-LSTM-VQR,9,4,0.88166666,0.8775928,0.8841459,0.88166666,0.0066467598080635,0.0040738583,0.0040738583,0.0024792552
MQAttn-LSTM-VQR,9,4,0.87332374,0.8769629,0.88166666,0.87332374,0.0066467598080635,0.0036391616,0.0036391616,0.008342922
MQAttn-LSTM-VQR,9,4,0.87643296,0.87254584,0.87332374,0.87643296,0.0066467598080635,0.003887117,0.003887117,0.0031092167
MQAttn-LSTM-VQR,9,4,0.8645134,0.87213445,0.87643296,0.8645134,0.0066467598080635,0.00762105,0.00762105,0.011919558
MQAttn-LSTM-VQR,9,4,0.85882026,0.8593227,0.8645134,0.85882026,0.0066467598080635,0.00050246716,0.00050246716,0.0056931376
MQAttn-LSTM-VQR,9,4,0.85634005,0.85831696,0.85882026,0.85634005,0.0066467598080635,0.0019769073,0.0019769073,0.0024802089
MQAttn-LSTM-VQR,9,4,0.85419565,0.8546946,0.85634005,0.85419565,0.0066467598080635,0.0004989505,0.0004989505,0.0021443963
MQAttn-LSTM-VQR,9,4,0.8502348,0.85071903,0.85419565,0.8502348,0.0066467598080635,0.00048422813,0.00048422813,0.003960848
MQAttn-LSTM-VQR,9,4,0.84026927,0.8447351,0.8502348,0.84026927,0.0066467598080635,0.0044658184,0.0044658184,0.009965539
MQAttn-LSTM-VQR,9,4,0.8402345,0.8363426,0.84026927,0.8402345,0.0066467598080635,0.003891945,0.003891945,3.4749508e-05
MQAttn-LSTM-VQR,9,4,0.834485,0.8325025,0.8402345,0.834485,0.0066467598080635,0.00198251,0.00198251,0.0057495236
MQAttn-LSTM-VQR,9,4,0.8322948,0.8280731,0.834485,0.8322948,0.0066467598080635,0.0042217374,0.0042217374,0.0021901727
MQAttn-LSTM-VQR,9,4,0.83432955,0.8272485,0.8322948,0.83432955,0.0066467598080635,0.007081032,0.007081032,0.0020347238
MQAttn-LSTM-VQR,9,4,0.8319402,0.8324182,0.83432955,0.8319402,0.0066467598080635,0.00047802925,0.00047802925,0.0023893714
MQAttn-LSTM-VQR,9,4,0.82366824,0.8316779,0.8319402,0.82366824,0.0066467598080635,0.008009672,0.008009672,0.008271933
MQAttn-LSTM-VQR,9,4,0.81606257,0.8229325,0.82366824,0.81606257,0.0066467598080635,0.006869912,0.006869912,0.007605672
MQAttn-LSTM-VQR,9,4,0.8181406,0.81433284,0.81606257,0.8181406,0.0066467598080635,0.0038077831,0.0038077831,0.0020780563
MQAttn-LSTM-VQR,9,4,0.81540626,0.8129407,0.8181406,0.81540626,0.0066467598080635,0.0024655461,0.0024655461,0.002734363
MQAttn-LSTM-VQR,9,4,0.8217398,0.8114844,0.81540626,0.8217398,0.0066467598080635,0.010255396,0.010255396,0.00633353
MQAttn-LSTM-VQR,9,4,0.8178603,0.81769705,0.8217398,0.8178603,0.0066467598080635,0.00016325712,0.00016325712,0.0038794875
MQAttn-LSTM-VQR,9,4,0.81382936,0.81201494,0.8178603,0.81382936,0.0066467598080635,0.001814425,0.001814425,0.004030943
MQAttn-LSTM-VQR,9,4,0.8124174,0.80584675,0.81382936,0.8124174,0.0066467598080635,0.006570637,0.006570637,0.0014119744
MQAttn-LSTM-VQR,9,4,0.81091505,0.8071221,0.8124174,0.81091505,0.0066467598080635,0.0037929416,0.0037929416,0.0015023351
MQAttn-LSTM-VQR classical twin,9,1,0.90152186,0.890135,0.90282935,0.90152186,0.0066467598080635,0.011386871,0.011386871,0.0013074875
MQAttn-LSTM-VQR classical twin,9,1,0.8875078,0.88967294,0.90152186,0.8875078,0.0066467598080635,0.0021651387,0.0021651387,0.014014065
MQAttn-LSTM-VQR classical twin,9,1,0.87623525,0.8792806,0.8875078,0.87623525,0.0066467598080635,0.00304538,0.00304538,0.01127255
MQAttn-LSTM-VQR classical twin,9,1,0.8647164,0.86958337,0.87623525,0.8647164,0.0066467598080635,0.0048669577,0.0048669577,0.011518836
MQAttn-LSTM-VQR classical twin,9,1,0.8563263,0.8627646,0.8647164,0.8563263,0.0066467598080635,0.006438315,0.006438315,0.008390129
MQAttn-LSTM-VQR classical twin,9,1,0.851942,0.8551229,0.8563263,0.851942,0.0066467598080635,0.003180921,0.003180921,0.0043842793
MQAttn-LSTM-VQR classical twin,9,1,0.85325265,0.8497703,0.851942,0.85325265,0.0066467598080635,0.0034823418,0.0034823418,0.0013106465
MQAttn-LSTM-VQR classical twin,9,1,0.85035527,0.85073555,0.85325265,0.85035527,0.0066467598080635,0.00038027763,0.00038027763,0.0028973818
MQAttn-LSTM-VQR classical twin,9,1,0.8476322,0.84568596,0.85035527,0.8476322,0.0066467598080635,0.0019462705,0.0019462705,0.0027230382
MQAttn-LSTM-VQR classical twin,9,1,0.84171885,0.8423205,0.8476322,0.84171885,0.0066467598080635,0.0006016493,0.0006016493,0.005913377
MQAttn-LSTM-VQR classical twin,9,1,0.8386773,0.8352395,0.84171885,0.8386773,0.0066467598080635,0.0034377575,0.0034377575,0.0030415654
MQAttn-LSTM-VQR classical twin,9,1,0.837412,0.8324434,0.8386773,0.837412,0.0066467598080635,0.0049685836,0.0049685836,0.0012652874
MQAttn-LSTM-VQR classical twin,9,1,0.8369826,0.8298198,0.837412,0.8369826,0.0066467598080635,0.0071628094,0.0071628094,0.00042939186
MQAttn-LSTM-VQR classical twin,9,1,0.8270432,0.8351348,0.8369826,0.8270432,0.0066467598080635,0.008091629,0.008091629,0.009939432
MQAttn-LSTM-VQR classical twin,9,1,0.82566714,0.8268661,0.8270432,0.82566714,0.0066467598080635,0.0011989474,0.0011989474,0.0013760328
MQAttn-LSTM-VQR classical twin,9,1,0.82726884,0.82440275,0.82566714,0.82726884,0.0066467598080635,0.0028660893,0.0028660893,0.001601696
MQAttn-LSTM-VQR classical twin,9,1,0.8133968,0.8254714,0.82726884,0.8133968,0.0066467598080635,0.01207459,0.01207459,0.013872027
MQAttn-LSTM-VQR classical twin,9,1,0.8097343,0.80906314,0.8133968,0.8097343,0.0066467598080635,0.0006711483,0.0006711483,0.0036625266
MQAttn-LSTM-VQR classical twin,9,1,0.8073882,0.805031,0.8097343,0.8073882,0.0066467598080635,0.002357185,0.002357185,0.0023460984
MQAttn-LSTM-VQR classical twin,9,1,0.8055926,0.80516446,0.8073882,0.8055926,0.0066467598080635,0.00042814016,0.00042814016,0.0017955899
MQAttn-LSTM-VQR classical twin,9,1,0.80232096,0.80318403,0.8055926,0.80232096,0.0066467598080635,0.00086307526,0.00086307526,0.0032716393
MQAttn-LSTM-VQR classical twin,9,1,0.79296273,0.799146,0.80232096,0.79296273,0.0066467598080635,0.0061832666,0.0061832666,0.009358227
MQAttn-LSTM-VQR classical twin,9,1,0.78846586,0.78866756,0.79296273,0.78846586,0.0066467598080635,0.00020170212,0.00020170212,0.0044968724
MQAttn-LSTM-VQR classical twin,9,4,0.88166666,0.8816114,0.8841459,0.88166666,0.0066467598080635,5.5253506e-05,5.5253506e-05,0.0024792552
MQAttn-LSTM-VQR classical twin,9,4,0.87332374,0.88024265,0.88166666,0.87332374,0.0066467598080635,0.006918907,0.006918907,0.008342922
MQAttn-LSTM-VQR classical twin,9,4,0.87643296,0.8726744,0.87332374,0.87643296,0.0066467598080635,0.0037585497,0.0037585497,0.0031092167
MQAttn-LSTM-VQR classical twin,9,4,0.8645134,0.8688264,0.87643296,0.8645134,0.0066467598080635,0.004312992,0.004312992,0.011919558
MQAttn-LSTM-VQR classical twin,9,4,0.85882026,0.86456835,0.8645134,0.85882026,0.0066467598080635,0.005748093,0.005748093,0.0056931376
MQAttn-LSTM-VQR classical twin,9,4,0.85634005,0.8573066,0.85882026,0.85634005,0.0066467598080635,0.0009665489,0.0009665489,0.0024802089
MQAttn-LSTM-VQR classical twin,9,4,0.85419565,0.85293025,0.85634005,0.85419565,0.0066467598080635,0.0012654066,0.0012654066,0.0021443963
MQAttn-LSTM-VQR classical twin,9,4,0.8502348,0.8515419,0.85419565,0.8502348,0.0066467598080635,0.0013070703,0.0013070703,0.003960848
MQAttn-LSTM-VQR classical twin,9,4,0.84026927,0.8448442,0.8502348,0.84026927,0.0066467598080635,0.0045749545,0.0045749545,0.009965539
MQAttn-LSTM-VQR classical twin,9,4,0.8402345,0.83483756,0.84026927,0.8402345,0.0066467598080635,0.005396962,0.005396962,3.4749508e-05
MQAttn-LSTM-VQR classical twin,9,4,0.834485,0.83331805,0.8402345,0.834485,0.0066467598080635,0.0011669397,0.0011669397,0.0057495236
MQAttn-LSTM-VQR classical twin,9,4,0.8322948,0.8290895,0.834485,0.8322948,0.0066467598080635,0.0032052994,0.0032052994,0.0021901727
MQAttn-LSTM-VQR classical twin,9,4,0.83432955,0.8254085,0.8322948,0.83432955,0.0066467598080635,0.008921027,0.008921027,0.0020347238
MQAttn-LSTM-VQR classical twin,9,4,0.8319402,0.8312424,0.83432955,0.8319402,0.0066467598080635,0.0006977916,0.0006977916,0.0023893714
MQAttn-LSTM-VQR classical twin,9,4,0.82366824,0.8328151,0.8319402,0.82366824,0.0066467598080635,0.009146869,0.009146869,0.008271933
MQAttn-LSTM-VQR classical twin,9,4,0.81606257,0.82339334,0.82366824,0.81606257,0.0066467598080635,0.0073307753,0.0073307753,0.007605672
MQAttn-LSTM-VQR classical twin,9,4,0.8181406,0.81389946,0.81606257,0.8181406,0.0066467598080635,0.0042411685,0.0042411685,0.0020780563
MQAttn-LSTM-VQR classical twin,9,4,0.81540626,0.81693435,0.8181406,0.81540626,0.0066467598080635,0.0015280843,0.0015280843,0.002734363
MQAttn-LSTM-VQR classical twin,9,4,0.8217398,0.8123697,0.81540626,0.8217398,0.0066467598080635,0.009370089,0.009370089,0.00633353
MQAttn-LSTM-VQR classical twin,9,4,0.8178603,0.82142735,0.8217398,0.8178603,0.0066467598080635,0.00356704,0.00356704,0.0038794875
MQAttn-LSTM-VQR classical twin,9,4,0.81382936,0.8144967,0.8178603,0.81382936,0.0066467598080635,0.0006673336,0.0006673336,0.004030943
MQAttn-LSTM-VQR classical twin,9,4,0.8124174,0.81112796,0.81382936,0.8124174,0.0066467598080635,0.0012894273,0.0012894273,0.0014119744
MQAttn-LSTM-VQR classical twin,9,4,0.81091505,0.80884916,0.8124174,0.81091505,0.0066467598080635,0.002065897,0.002065897,0.0015023351
MQAttn-QLSTM-VQR,9,1,0.90152186,0.89569247,0.90282935,0.90152186,0.0066467598080635,0.005829394,0.005829394,0.0013074875
MQAttn-QLSTM-VQR,9,1,0.8875078,0.8938513,0.90152186,0.8875078,0.0066467598080635,0.006343484,0.006343484,0.014014065
MQAttn-QLSTM-VQR,9,1,0.87623525,0.8804265,0.8875078,0.87623525,0.0066467598080635,0.0041912794,0.0041912794,0.01127255
MQAttn-QLSTM-VQR,9,1,0.8647164,0.8697052,0.87623525,0.8647164,0.0066467598080635,0.0049887896,0.0049887896,0.011518836
MQAttn-QLSTM-VQR,9,1,0.8563263,0.86235464,0.8647164,0.8563263,0.0066467598080635,0.006028354,0.006028354,0.008390129
MQAttn-QLSTM-VQR,9,1,0.851942,0.8525543,0.8563263,0.851942,0.0066467598080635,0.0006123185,0.0006123185,0.0043842793
MQAttn-QLSTM-VQR,9,1,0.85325265,0.8460024,0.851942,0.85325265,0.0066467598080635,0.0072502494,0.0072502494,0.0013106465
MQAttn-QLSTM-VQR,9,1,0.85035527,0.84751326,0.85325265,0.85035527,0.0066467598080635,0.002842009,0.002842009,0.0028973818
MQAttn-QLSTM-VQR,9,1,0.8476322,0.84406763,0.85035527,0.8476322,0.0066467598080635,0.0035645962,0.0035645962,0.0027230382
MQAttn-QLSTM-VQR,9,1,0.84171885,0.84172523,0.8476322,0.84171885,0.0066467598080635,6.377697e-06,6.377697e-06,0.005913377
MQAttn-QLSTM-VQR,9,1,0.8386773,0.8357575,0.84171885,0.8386773,0.0066467598080635,0.0029197931,0.0029197931,0.0030415654
MQAttn-QLSTM-VQR,9,1,0.837412,0.8342661,0.8386773,0.837412,0.0066467598080635,0.0031458735,0.0031458735,0.0012652874
MQAttn-QLSTM-VQR,9,1,0.8369826,0.8343573,0.837412,0.8369826,0.0066467598080635,0.0026252866,0.0026252866,0.00042939186
MQAttn-QLSTM-VQR,9,1,0.8270432,0.83407485,0.8369826,0.8270432,0.0066467598080635,0.007031679,0.007031679,0.009939432
MQAttn-QLSTM-VQR,9,1,0.82566714,0.8249327,0.8270432,0.82566714,0.0066467598080635,0.00073444843,0.00073444843,0.0013760328
MQAttn-QLSTM-VQR,9,1,0.82726884,0.8223242,0.82566714,0.82726884,0.0066467598080635,0.0049446225,0.0049446225,0.001601696
MQAttn-QLSTM-VQR,9,1,0.8133968,0.82573116,0.82726884,0.8133968,0.0066467598080635,0.012334347,0.012334347,0.013872027
MQAttn-QLSTM-VQR,9,1,0.8097343,0.8099518,0.8133968,0.8097343,0.0066467598080635,0.00021749735,0.00021749735,0.0036625266
MQAttn-QLSTM-VQR,9,1,0.8073882,0.8060399,0.8097343,0.8073882,0.0066467598080635,0.0013482571,0.0013482571,0.0023460984
MQAttn-QLSTM-VQR,9,1,0.8055926,0.8047737,0.8073882,0.8055926,0.0066467598080635,0.0008189082,0.0008189082,0.0017955899
MQAttn-QLSTM-VQR,9,1,0.80232096,0.80374885,0.8055926,0.80232096,0.0066467598080635,0.0014278889,0.0014278889,0.0032716393
MQAttn-QLSTM-VQR,9,1,0.79296273,0.7992903,0.80232096,0.79296273,0.0066467598080635,0.0063275695,0.0063275695,0.009358227
MQAttn-QLSTM-VQR,9,1,0.78846586,0.7918802,0.79296273,0.78846586,0.0066467598080635,0.0034143329,0.0034143329,0.0044968724
MQAttn-QLSTM-VQR,9,4,0.88166666,0.87873316,0.8841459,0.88166666,0.0066467598080635,0.0029335022,0.0029335022,0.0024792552
MQAttn-QLSTM-VQR,9,4,0.87332374,0.8775283,0.88166666,0.87332374,0.0066467598080635,0.0042045712,0.0042045712,0.008342922
MQAttn-QLSTM-VQR,9,4,0.87643296,0.8705717,0.87332374,0.87643296,0.0066467598080635,0.0058612823,0.0058612823,0.0031092167
MQAttn-QLSTM-VQR,9,4,0.8645134,0.8698016,0.87643296,0.8645134,0.0066467598080635,0.0052881837,0.0052881837,0.011919558
MQAttn-QLSTM-VQR,9,4,0.85882026,0.8592578,0.8645134,0.85882026,0.0066467598080635,0.0004375577,0.0004375577,0.0056931376
MQAttn-QLSTM-VQR,9,4,0.85634005,0.85332096,0.85882026,0.85634005,0.0066467598080635,0.0030190945,0.0030190945,0.0024802089
MQAttn-QLSTM-VQR,9,4,0.85419565,0.8508136,0.85634005,0.85419565,0.0066467598080635,0.0033820271,0.0033820271,0.0021443963
MQAttn-QLSTM-VQR,9,4,0.8502348,0.8479602,0.85419565,0.8502348,0.0066467598080635,0.0022746325,0.0022746325,0.003960848
MQAttn-QLSTM-VQR,9,4,0.84026927,0.8432383,0.8502348,0.84026927,0.0066467598080635,0.0029690266,0.0029690266,0.009965539
MQAttn-QLSTM-VQR,9,4,0.8402345,0.83486944,0.84026927,0.8402345,0.0066467598080635,0.0053650737,0.0053650737,3.4749508e-05
MQAttn-QLSTM-VQR,9,4,0.834485,0.83409435,0.8402345,0.834485,0.0066467598080635,0.00039064884,0.00039064884,0.0057495236
MQAttn-QLSTM-VQR,9,4,0.8322948,0.8294714,0.834485,0.8322948,0.0066467598080635,0.0028234124,0.0028234124,0.0021901727
MQAttn-QLSTM-VQR,9,4,0.83432955,0.82866216,0.8322948,0.83432955,0.0066467598080635,0.0056673884,0.0056673884,0.0020347238
MQAttn-QLSTM-VQR,9,4,0.8319402,0.8307234,0.83432955,0.8319402,0.0066467598080635,0.0012167692,0.0012167692,0.0023893714
MQAttn-QLSTM-VQR,9,4,0.82366824,0.8287257,0.8319402,0.82366824,0.0066467598080635,0.005057454,0.005057454,0.008271933
MQAttn-QLSTM-VQR,9,4,0.81606257,0.82105416,0.82366824,0.81606257,0.0066467598080635,0.004991591,0.004991591,0.007605672
MQAttn-QLSTM-VQR,9,4,0.8181406,0.8137254,0.81606257,0.8181406,0.0066467598080635,0.004415214,0.004415214,0.0020780563
MQAttn-QLSTM-VQR,9,4,0.81540626,0.81571203,0.8181406,0.81540626,0.0066467598080635,0.00030577183,0.00030577183,0.002734363
MQAttn-QLSTM-VQR,9,4,0.8217398,0.8115109,0.81540626,0.8217398,0.0066467598080635,0.010228872,0.010228872,0.00633353
MQAttn-QLSTM-VQR,9,4,0.8178603,0.8198581,0.8217398,0.8178603,0.0066467598080635,0.0019977689,0.0019977689,0.0038794875
MQAttn-QLSTM-VQR,9,4,0.81382936,0.81599784,0.8178603,0.81382936,0.0066467598080635,0.0021684766,0.0021684766,0.004030943
MQAttn-QLSTM-VQR,9,4,0.8124174,0.8126535,0.81382936,0.8124174,0.0066467598080635,0.000236094,0.000236094,0.0014119744
MQAttn-QLSTM-VQR,9,4,0.81091505,0.80979264,0.8124174,0.81091505,0.0066467598080635,0.0011224151,0.0011224151,0.0015023351
MQAttn-QLSTM-VQR classical twin,9,1,0.90152186,0.89462525,0.90282935,0.90152186,0.0066467598080635,0.006896615,0.006896615,0.0013074875
MQAttn-QLSTM-VQR classical twin,9,1,0.8875078,0.89330554,0.90152186,0.8875078,0.0066467598080635,0.005797744,0.005797744,0.014014065
MQAttn-QLSTM-VQR classical twin,9,1,0.87623525,0.88002026,0.8875078,0.87623525,0.0066467598080635,0.0037850142,0.0037850142,0.01127255
MQAttn-QLSTM-VQR classical twin,9,1,0.8647164,0.87038535,0.87623525,0.8647164,0.0066467598080635,0.005668938,0.005668938,0.011518836
MQAttn-QLSTM-VQR classical twin,9,1,0.8563263,0.8597463,0.8647164,0.8563263,0.0066467598080635,0.0034199953,0.0034199953,0.008390129
MQAttn-QLSTM-VQR classical twin,9,1,0.851942,0.8502907,0.8563263,0.851942,0.0066467598080635,0.0016512871,0.0016512871,0.0043842793
MQAttn-QLSTM-VQR classical twin,9,1,0.85325265,0.8459547,0.851942,0.85325265,0.0066467598080635,0.007297933,0.007297933,0.0013106465
MQAttn-QLSTM-VQR classical twin,9,1,0.85035527,0.846283,0.85325265,0.85035527,0.0066467598080635,0.004072249,0.004072249,0.0028973818
MQAttn-QLSTM-VQR classical twin,9,1,0.8476322,0.84357095,0.85035527,0.8476322,0.0066467598080635,0.0040612817,0.0040612817,0.0027230382
MQAttn-QLSTM-VQR classical twin,9,1,0.84171885,0.8409661,0.8476322,0.84171885,0.0066467598080635,0.00075274706,0.00075274706,0.005913377
MQAttn-QLSTM-VQR classical twin,9,1,0.8386773,0.83578235,0.84171885,0.8386773,0.0066467598080635,0.002894938,0.002894938,0.0030415654
MQAttn-QLSTM-VQR classical twin,9,1,0.837412,0.8331661,0.8386773,0.837412,0.0066467598080635,0.0042458773,0.0042458773,0.0012652874
MQAttn-QLSTM-VQR classical twin,9,1,0.8369826,0.83313185,0.837412,0.8369826,0.0066467598080635,0.003850758,0.003850758,0.00042939186
MQAttn-QLSTM-VQR classical twin,9,1,0.8270432,0.8334339,0.8369826,0.8270432,0.0066467598080635,0.0063907504,0.0063907504,0.009939432
MQAttn-QLSTM-VQR classical twin,9,1,0.82566714,0.82370687,0.8270432,0.82566714,0.0066467598080635,0.0019602776,0.0019602776,0.0013760328
MQAttn-QLSTM-VQR classical twin,9,1,0.82726884,0.8221469,0.82566714,0.82726884,0.0066467598080635,0.0051219463,0.0051219463,0.001601696
MQAttn-QLSTM-VQR classical twin,9,1,0.8133968,0.82324135,0.82726884,0.8133968,0.0066467598080635,0.009844542,0.009844542,0.013872027
MQAttn-QLSTM-VQR classical twin,9,1,0.8097343,0.80900013,0.8133968,0.8097343,0.0066467598080635,0.0007341504,0.0007341504,0.0036625266
MQAttn-QLSTM-VQR classical twin,9,1,0.8073882,0.80521524,0.8097343,0.8073882,0.0066467598080635,0.002172947,0.002172947,0.0023460984
MQAttn-QLSTM-VQR classical twin,9,1,0.8055926,0.8023118,0.8073882,0.8055926,0.0066467598080635,0.0032808185,0.0032808185,0.0017955899
MQAttn-QLSTM-VQR classical twin,9,1,0.80232096,0.8005643,0.8055926,0.80232096,0.0066467598080635,0.0017566681,0.0017566681,0.0032716393
MQAttn-QLSTM-VQR classical twin,9,1,0.79296273,0.79709196,0.80232096,0.79296273,0.0066467598080635,0.004129231,0.004129231,0.009358227
MQAttn-QLSTM-VQR classical twin,9,1,0.78846586,0.7884827,0.79296273,0.78846586,0.0066467598080635,1.6868114e-05,1.6868114e-05,0.0044968724
MQAttn-QLSTM-VQR classical twin,9,4,0.88166666,0.8774386,0.8841459,0.88166666,0.0066467598080635,0.0042280555,0.0042280555,0.0024792552
MQAttn-QLSTM-VQR classical twin,9,4,0.87332374,0.8749551,0.88166666,0.87332374,0.0066467598080635,0.0016313791,0.0016313791,0.008342922
MQAttn-QLSTM-VQR classical twin,9,4,0.87643296,0.8667716,0.87332374,0.87643296,0.0066467598080635,0.0096613765,0.0096613765,0.0031092167
MQAttn-QLSTM-VQR classical twin,9,4,0.8645134,0.8702525,0.87643296,0.8645134,0.0066467598080635,0.005739093,0.005739093,0.011919558
MQAttn-QLSTM-VQR classical twin,9,4,0.85882026,0.8594735,0.8645134,0.85882026,0.0066467598080635,0.0006532669,0.0006532669,0.0056931376
MQAttn-QLSTM-VQR classical twin,9,4,0.85634005,0.8531744,0.85882026,0.85634005,0.0066467598080635,0.0031656623,0.0031656623,0.0024802089
MQAttn-QLSTM-VQR classical twin,9,4,0.85419565,0.85007834,0.85634005,0.85419565,0.0066467598080635,0.00411731,0.00411731,0.0021443963
MQAttn-QLSTM-VQR classical twin,9,4,0.8502348,0.84719884,0.85419565,0.8502348,0.0066467598080635,0.0030359626,0.0030359626,0.003960848
MQAttn-QLSTM-VQR classical twin,9,4,0.84026927,0.84337914,0.8502348,0.84026927,0.0066467598080635,0.0031098723,0.0031098723,0.009965539
MQAttn-QLSTM-VQR classical twin,9,4,0.8402345,0.83383477,0.84026927,0.8402345,0.0066467598080635,0.0063997507,0.0063997507,3.4749508e-05
MQAttn-QLSTM-VQR classical twin,9,4,0.834485,0.83450574,0.8402345,0.834485,0.0066467598080635,2.0742416e-05,2.0742416e-05,0.0057495236
MQAttn-QLSTM-VQR classical twin,9,4,0.8322948,0.82932925,0.834485,0.8322948,0.0066467598080635,0.0029655695,0.0029655695,0.0021901727
MQAttn-QLSTM-VQR classical twin,9,4,0.83432955,0.8282521,0.8322948,0.83432955,0.0066467598080635,0.0060774684,0.0060774684,0.0020347238
MQAttn-QLSTM-VQR classical twin,9,4,0.8319402,0.8308698,0.83432955,0.8319402,0.0066467598080635,0.0010703802,0.0010703802,0.0023893714
MQAttn-QLSTM-VQR classical twin,9,4,0.82366824,0.82851493,0.8319402,0.82366824,0.0066467598080635,0.004846692,0.004846692,0.008271933
MQAttn-QLSTM-VQR classical twin,9,4,0.81606257,0.82010764,0.82366824,0.81606257,0.0066467598080635,0.004045069,0.004045069,0.007605672
MQAttn-QLSTM-VQR classical twin,9,4,0.8181406,0.8123542,0.81606257,0.8181406,0.0066467598080635,0.005786419,0.005786419,0.0020780563
MQAttn-QLSTM-VQR classical twin,9,4,0.81540626,0.81343615,0.8181406,0.81540626,0.0066467598080635,0.0019701123,0.0019701123,0.002734363
MQAttn-QLSTM-VQR classical twin,9,4,0.8217398,0.8102563,0.81540626,0.8217398,0.0066467598080635,0.0114834905,0.0114834905,0.00633353
MQAttn-QLSTM-VQR classical twin,9,4,0.8178603,0.81635225,0.8217398,0.8178603,0.0066467598080635,0.0015080571,0.0015080571,0.0038794875
MQAttn-QLSTM-VQR classical twin,9,4,0.81382936,0.81257194,0.8178603,0.81382936,0.0066467598080635,0.0012574196,0.0012574196,0.004030943
MQAttn-QLSTM-VQR classical twin,9,4,0.8124174,0.8086584,0.81382936,0.8124174,0.0066467598080635,0.003758967,0.003758967,0.0014119744
MQAttn-QLSTM-VQR classical twin,9,4,0.81091505,0.8076133,0.8124174,0.81091505,0.0066467598080635,0.0033017397,0.0033017397,0.0015023351
QLSTM,9,1,0.90152186,0.89690226,0.90282935,0.90152186,0.0066467598080635,0.0046195984,0.0046195984,0.0013074875
QLSTM,9,1,0.8875078,0.8964459,0.90152186,0.8875078,0.0066467598080635,0.008938074,0.008938074,0.014014065
QLSTM,9,1,0.87623525,0.8835033,0.8875078,0.87623525,0.0066467598080635,0.007268071,0.007268071,0.01127255
QLSTM,9,1,0.8647164,0.87182206,0.87623525,0.8647164,0.0066467598080635,0.0071056485,0.0071056485,0.011518836
QLSTM,9,1,0.8563263,0.8589918,0.8647164,0.8563263,0.0066467598080635,0.0026655197,0.0026655197,0.008390129
QLSTM,9,1,0.851942,0.8503955,0.8563263,0.851942,0.0066467598080635,0.0015465021,0.0015465021,0.0043842793
QLSTM,9,1,0.85325265,0.84616345,0.851942,0.85325265,0.0066467598080635,0.0070891976,0.0070891976,0.0013106465
QLSTM,9,1,0.85035527,0.8490901,0.85325265,0.85035527,0.0066467598080635,0.0012651682,0.0012651682,0.0028973818
QLSTM,9,1,0.8476322,0.84483165,0.85035527,0.8476322,0.0066467598080635,0.0028005838,0.0028005838,0.0027230382
QLSTM,9,1,0.84171885,0.8420899,0.8476322,0.84171885,0.0066467598080635,0.0003710389,0.0003710389,0.005913377
QLSTM,9,1,0.8386773,0.83650213,0.84171885,0.8386773,0.0066467598080635,0.0021751523,0.0021751523,0.0030415654
QLSTM,9,1,0.837412,0.83395106,0.8386773,0.837412,0.0066467598080635,0.0034609437,0.0034609437,0.0012652874
QLSTM,9,1,0.8369826,0.8333878,0.837412,0.8369826,0.0066467598080635,0.0035948157,0.0035948157,0.00042939186
QLSTM,9,1,0.8270432,0.8338261,0.8369826,0.8270432,0.0066467598080635,0.006782949,0.006782949,0.009939432
QLSTM,9,1,0.82566714,0.82527286,0.8270432,0.82566714,0.0066467598080635,0.00039428473,0.00039428473,0.0013760328
QLSTM,9,1,0.82726884,0.8233952,0.82566714,0.82726884,0.0066467598080635,0.0038736463,0.0038736463,0.001601696
QLSTM,9,1,0.8133968,0.82634073,0.82726884,0.8133968,0.0066467598080635,0.0129439235,0.0129439235,0.013872027
QLSTM,9,1,0.8097343,0.81155497,0.8133968,0.8097343,0.0066467598080635,0.0018206835,0.0018206835,0.0036625266
QLSTM,9,1,0.8073882,0.8063303,0.8097343,0.8073882,0.0066467598080635,0.0010578632,0.0010578632,0.0023460984
QLSTM,9,1,0.8055926,0.80355406,0.8073882,0.8055926,0.0066467598080635,0.0020385385,0.0020385385,0.0017955899
QLSTM,9,1,0.80232096,0.80192137,0.8055926,0.80232096,0.0066467598080635,0.00039958954,0.00039958954,0.0032716393
QLSTM,9,1,0.79296273,0.79686,0.80232096,0.79296273,0.0066467598080635,0.0038972497,0.0038972497,0.009358227
QLSTM,9,1,0.78846586,0.788244,0.79296273,0.78846586,0.0066467598080635,0.00022184849,0.00022184849,0.0044968724
QLSTM,9,4,0.88166666,0.8791542,0.8841459,0.88166666,0.0066467598080635,0.002512455,0.002512455,0.0024792552
QLSTM,9,4,0.87332374,0.8770512,0.88166666,0.87332374,0.0066467598080635,0.003727436,0.003727436,0.008342922
QLSTM,9,4,0.87643296,0.86891174,0.87332374,0.87643296,0.0066467598080635,0.007521212,0.007521212,0.0031092167
QLSTM,9,4,0.8645134,0.8725378,0.87643296,0.8645134,0.0066467598080635,0.0080243945,0.0080243945,0.011919558
QLSTM,9,4,0.85882026,0.8593795,0.8645134,0.85882026,0.0066467598080635,0.0005592108,0.0005592108,0.0056931376
QLSTM,9,4,0.85634005,0.8546092,0.85882026,0.85634005,0.0066467598080635,0.0017308593,0.0017308593,0.0024802089
QLSTM,9,4,0.85419565,0.85159045,0.85634005,0.85419565,0.0066467598080635,0.0026051998,0.0026051998,0.0021443963
QLSTM,9,4,0.8502348,0.85034627,0.85419565,0.8502348,0.0066467598080635,0.000111460686,0.000111460686,0.003960848
QLSTM,9,4,0.84026927,0.8450356,0.8502348,0.84026927,0.0066467598080635,0.004766345,0.004766345,0.009965539
QLSTM,9,4,0.8402345,0.8350066,0.84026927,0.8402345,0.0066467598080635,0.0052279234,0.0052279234,3.4749508e-05
QLSTM,9,4,0.834485,0.8341005,0.8402345,0.834485,0.0066467598080635,0.00038450956,0.00038450956,0.0057495236
QLSTM,9,4,0.8322948,0.8294107,0.834485,0.8322948,0.0066467598080635,0.0028841496,0.0028841496,0.0021901727
QLSTM,9,4,0.83432955,0.82648635,0.8322948,0.83432955,0.0066467598080635,0.007843196,0.007843196,0.0020347238
QLSTM,9,4,0.8319402,0.82893366,0.83432955,0.8319402,0.0066467598080635,0.003006518,0.003006518,0.0023893714
QLSTM,9,4,0.82366824,0.8271897,0.8319402,0.82366824,0.0066467598080635,0.0035214424,0.0035214424,0.008271933
QLSTM,9,4,0.81606257,0.82238835,0.82366824,0.81606257,0.0066467598080635,0.0063257813,0.0063257813,0.007605672
QLSTM,9,4,0.8181406,0.8146319,0.81606257,0.8181406,0.0066467598080635,0.0035087466,0.0035087466,0.0020780563
QLSTM,9,4,0.81540626,0.8160145,0.8181406,0.81540626,0.0066467598080635,0.0006082654,0.0006082654,0.002734363
QLSTM,9,4,0.8217398,0.8120424,0.81540626,0.8217398,0.0066467598080635,0.009697378,0.009697378,0.00633353
QLSTM,9,4,0.8178603,0.81968343,0.8217398,0.8178603,0.0066467598080635,0.0018231273,0.0018231273,0.0038794875
QLSTM,9,4,0.81382936,0.8129927,0.8178603,0.81382936,0.0066467598080635,0.0008366704,0.0008366704,0.004030943
QLSTM,9,4,0.8124174,0.808425,0.81382936,0.8124174,0.0066467598080635,0.0039923787,0.0039923787,0.0014119744
QLSTM,9,4,0.81091505,0.80599415,0.8124174,0.81091505,0.0066467598080635,0.0049209,0.0049209,0.0015023351
LSTM,9,1,0.90152186,0.8941615,0.90282935,0.90152186,0.0066467598080635,0.007360339,0.007360339,0.0013074875
LSTM,9,1,0.8875078,0.89285403,0.90152186,0.8875078,0.0066467598080635,0.0053462386,0.0053462386,0.014014065
LSTM,9,1,0.87623525,0.88328564,0.8875078,0.87623525,0.0066467598080635,0.007050395,0.007050395,0.01127255
LSTM,9,1,0.8647164,0.8683306,0.87623525,0.8647164,0.0066467598080635,0.0036141872,0.0036141872,0.011518836
LSTM,9,1,0.8563263,0.86343133,0.8647164,0.8563263,0.0066467598080635,0.0071050525,0.0071050525,0.008390129
LSTM,9,1,0.851942,0.8540678,0.8563263,0.851942,0.0066467598080635,0.0021257997,0.0021257997,0.0043842793
LSTM,9,1,0.85325265,0.85117495,0.851942,0.85325265,0.0066467598080635,0.0020776987,0.0020776987,0.0013106465
LSTM,9,1,0.85035527,0.8505729,0.85325265,0.85035527,0.0066467598080635,0.00021761656,0.00021761656,0.0028973818
LSTM,9,1,0.8476322,0.84551746,0.85035527,0.8476322,0.0066467598080635,0.0021147728,0.0021147728,0.0027230382
LSTM,9,1,0.84171885,0.8424202,0.8476322,0.84171885,0.0066467598080635,0.00070136786,0.00070136786,0.005913377
LSTM,9,1,0.8386773,0.8365619,0.84171885,0.8386773,0.0066467598080635,0.0021153688,0.0021153688,0.0030415654
LSTM,9,1,0.837412,0.8323465,0.8386773,0.837412,0.0066467598080635,0.0050655007,0.0050655007,0.0012652874
LSTM,9,1,0.8369826,0.83026385,0.837412,0.8369826,0.0066467598080635,0.006718755,0.006718755,0.00042939186
LSTM,9,1,0.8270432,0.8324435,0.8369826,0.8270432,0.0066467598080635,0.0054003,0.0054003,0.009939432
LSTM,9,1,0.82566714,0.8242694,0.8270432,0.82566714,0.0066467598080635,0.0013977289,0.0013977289,0.0013760328
LSTM,9,1,0.82726884,0.82332844,0.82566714,0.82726884,0.0066467598080635,0.0039404035,0.0039404035,0.001601696
LSTM,9,1,0.8133968,0.82146275,0.82726884,0.8133968,0.0066467598080635,0.008065939,0.008065939,0.013872027
LSTM,9,1,0.8097343,0.81037647,0.8133968,0.8097343,0.0066467598080635,0.00064218044,0.00064218044,0.0036625266
LSTM,9,1,0.8073882,0.80638963,0.8097343,0.8073882,0.0066467598080635,0.0009985566,0.0009985566,0.0023460984
LSTM,9,1,0.8055926,0.80421364,0.8073882,0.8055926,0.0066467598080635,0.0013789535,0.0013789535,0.0017955899
LSTM,9,1,0.80232096,0.801197,0.8055926,0.80232096,0.0066467598080635,0.0011239648,0.0011239648,0.0032716393
LSTM,9,1,0.79296273,0.79698616,0.80232096,0.79296273,0.0066467598080635,0.0040234327,0.0040234327,0.009358227
LSTM,9,1,0.78846586,0.79004025,0.79296273,0.78846586,0.0066467598080635,0.0015743971,0.0015743971,0.0044968724
LSTM,9,4,0.88166666,0.88078386,0.8841459,0.88166666,0.0066467598080635,0.0008828044,0.0008828044,0.0024792552
LSTM,9,4,0.87332374,0.88241947,0.88166666,0.87332374,0.0066467598080635,0.009095728,0.009095728,0.008342922
LSTM,9,4,0.87643296,0.8744742,0.87332374,0.87643296,0.0066467598080635,0.0019587278,0.0019587278,0.0031092167
LSTM,9,4,0.8645134,0.87299013,0.87643296,0.8645134,0.0066467598080635,0.008476734,0.008476734,0.011919558
LSTM,9,4,0.85882026,0.8582512,0.8645134,0.85882026,0.0066467598080635,0.00056904554,0.00056904554,0.0056931376
LSTM,9,4,0.85634005,0.8569623,0.85882026,0.85634005,0.0066467598080635,0.0006222725,0.0006222725,0.0024802089
LSTM,9,4,0.85419565,0.85561466,0.85634005,0.85419565,0.0066467598080635,0.0014190078,0.0014190078,0.0021443963
LSTM,9,4,0.8502348,0.8520853,0.85419565,0.8502348,0.0066467598080635,0.0018504858,0.0018504858,0.003960848
LSTM,9,4,0.84026927,0.8452037,0.8502348,0.84026927,0.0066467598080635,0.00493443,0.00493443,0.009965539
LSTM,9,4,0.8402345,0.83577174,0.84026927,0.8402345,0.0066467598080635,0.0044627786,0.0044627786,3.4749508e-05
LSTM,9,4,0.834485,0.8342113,0.8402345,0.834485,0.0066467598080635,0.00027370453,0.00027370453,0.0057495236
LSTM,9,4,0.8322948,0.82829666,0.834485,0.8322948,0.0066467598080635,0.0039981604,0.0039981604,0.0021901727
LSTM,9,4,0.83432955,0.8256155,0.8322948,0.83432955,0.0066467598080635,0.00871402,0.00871402,0.0020347238
LSTM,9,4,0.8319402,0.8317364,0.83432955,0.8319402,0.0066467598080635,0.00020378828,0.00020378828,0.0023893714
LSTM,9,4,0.82366824,0.8317007,0.8319402,0.82366824,0.0066467598080635,0.008032441,0.008032441,0.008271933
LSTM,9,4,0.81606257,0.82049567,0.82366824,0.81606257,0.0066467598080635,0.0044330955,0.0044330955,0.007605672
LSTM,9,4,0.8181406,0.8095689,0.81606257,0.8181406,0.0066467598080635,0.008571744,0.008571744,0.0020780563
LSTM,9,4,0.81540626,0.8171201,0.8181406,0.81540626,0.0066467598080635,0.0017138124,0.0017138124,0.002734363
LSTM,9,4,0.8217398,0.8118406,0.81540626,0.8217398,0.0066467598080635,0.009899199,0.009899199,0.00633353
LSTM,9,4,0.8178603,0.82186806,0.8217398,0.8178603,0.0066467598080635,0.0040077567,0.0040077567,0.0038794875
LSTM,9,4,0.81382936,0.81347585,0.8178603,0.81382936,0.0066467598080635,0.00035351515,0.00035351515,0.004030943
LSTM,9,4,0.8124174,0.810332,0.81382936,0.8124174,0.0066467598080635,0.0020853877,0.0020853877,0.0014119744
LSTM,9,4,0.81091505,0.80737925,0.8124174,0.81091505,0.0066467598080635,0.0035358071,0.0035358071,0.0015023351
GRU,9,1,0.90152186,0.8946612,0.90282935,0.90152186,0.0066467598080635,0.0068606734,0.0068606734,0.0013074875
GRU,9,1,0.8875078,0.8932472,0.90152186,0.8875078,0.0066467598080635,0.005739391,0.005739391,0.014014065
GRU,9,1,0.87623525,0.8828082,0.8875078,0.87623525,0.0066467598080635,0.006572962,0.006572962,0.01127255
GRU,9,1,0.8647164,0.8715225,0.87623525,0.8647164,0.0066467598080635,0.0068060756,0.0068060756,0.011518836
GRU,9,1,0.8563263,0.8595867,0.8647164,0.8563263,0.0066467598080635,0.0032604337,0.0032604337,0.008390129
GRU,9,1,0.851942,0.8516881,0.8563263,0.851942,0.0066467598080635,0.0002539158,0.0002539158,0.0043842793
GRU,9,1,0.85325265,0.8474432,0.851942,0.85325265,0.0066467598080635,0.0058094263,0.0058094263,0.0013106465
GRU,9,1,0.85035527,0.84875387,0.85325265,0.85035527,0.0066467598080635,0.001601398,0.001601398,0.0028973818
GRU,9,1,0.8476322,0.8458565,0.85035527,0.8476322,0.0066467598080635,0.0017757416,0.0017757416,0.0027230382
GRU,9,1,0.84171885,0.84313345,0.8476322,0.84171885,0.0066467598080635,0.001414597,0.001414597,0.005913377
GRU,9,1,0.8386773,0.8372201,0.84171885,0.8386773,0.0066467598080635,0.0014572144,0.0014572144,0.0030415654
GRU,9,1,0.837412,0.8341785,0.8386773,0.837412,0.0066467598080635,0.0032334924,0.0032334924,0.0012652874
GRU,9,1,0.8369826,0.8329132,0.837412,0.8369826,0.0066467598080635,0.004069388,0.004069388,0.00042939186
GRU,9,1,0.8270432,0.8324838,0.8369826,0.8270432,0.0066467598080635,0.0054406524,0.0054406524,0.009939432
GRU,9,1,0.82566714,0.8225444,0.8270432,0.82566714,0.0066467598080635,0.003122747,0.003122747,0.0013760328
GRU,9,1,0.82726884,0.82116836,0.82566714,0.82726884,0.0066467598080635,0.006100476,0.006100476,0.001601696
GRU,9,1,0.8133968,0.82277006,0.82726884,0.8133968,0.0066467598080635,0.009373248,0.009373248,0.013872027
GRU,9,1,0.8097343,0.80889803,0.8133968,0.8097343,0.0066467598080635,0.00083625317,0.00083625317,0.0036625266
GRU,9,1,0.8073882,0.8052355,0.8097343,0.8073882,0.0066467598080635,0.0021526814,0.0021526814,0.0023460984
GRU,9,1,0.8055926,0.8028894,0.8073882,0.8055926,0.0066467598080635,0.0027031898,0.0027031898,0.0017955899
GRU,9,1,0.80232096,0.8009329,0.8055926,0.80232096,0.0066467598080635,0.001388073,0.001388073,0.0032716393
GRU,9,1,0.79296273,0.7978222,0.80232096,0.79296273,0.0066467598080635,0.0048594475,0.0048594475,0.009358227
GRU,9,1,0.78846586,0.78846395,0.79296273,0.78846586,0.0066467598080635,1.9073486e-06,1.9073486e-06,0.0044968724
GRU,9,4,0.88166666,0.8766618,0.8841459,0.88166666,0.0066467598080635,0.005004883,0.005004883,0.0024792552
GRU,9,4,0.87332374,0.875576,0.88166666,0.87332374,0.0066467598080635,0.0022522807,0.0022522807,0.008342922
GRU,9,4,0.87643296,0.86882496,0.87332374,0.87643296,0.0066467598080635,0.0076079965,0.0076079965,0.0031092167
GRU,9,4,0.8645134,0.8719342,0.87643296,0.8645134,0.0066467598080635,0.0074207783,0.0074207783,0.011919558
GRU,9,4,0.85882026,0.8600146,0.8645134,0.85882026,0.0066467598080635,0.0011943579,0.0011943579,0.0056931376
GRU,9,4,0.85634005,0.8543215,0.85882026,0.85634005,0.0066467598080635,0.002018571,0.002018571,0.0024802089
GRU,9,4,0.85419565,0.8518413,0.85634005,0.85419565,0.0066467598080635,0.0023543835,0.0023543835,0.0021443963
GRU,9,4,0.8502348,0.8496969,0.85419565,0.8502348,0.0066467598080635,0.0005379319,0.0005379319,0.003960848
GRU,9,4,0.84026927,0.845736,0.8502348,0.84026927,0.0066467598080635,0.005466759,0.005466759,0.009965539
GRU,9,4,0.8402345,0.8357705,0.84026927,0.8402345,0.0066467598080635,0.0044640303,0.0044640303,3.4749508e-05
GRU,9,4,0.834485,0.83573574,0.8402345,0.834485,0.0066467598080635,0.0012507439,0.0012507439,0.0057495236
GRU,9,4,0.8322948,0.8299862,0.834485,0.8322948,0.0066467598080635,0.002308607,0.002308607,0.0021901727
GRU,9,4,0.83432955,0.82779604,0.8322948,0.83432955,0.0066467598080635,0.0065335035,0.0065335035,0.0020347238
GRU,9,4,0.8319402,0.82983077,0.83432955,0.8319402,0.0066467598080635,0.0021094084,0.0021094084,0.0023893714
GRU,9,4,0.82366824,0.8274414,0.8319402,0.82366824,0.0066467598080635,0.0037731528,0.0037731528,0.008271933
GRU,9,4,0.81606257,0.81916946,0.82366824,0.81606257,0.0066467598080635,0.003106892,0.003106892,0.007605672
GRU,9,4,0.8181406,0.8115638,0.81606257,0.8181406,0.0066467598080635,0.006576836,0.006576836,0.0020780563
GRU,9,4,0.81540626,0.81364185,0.8181406,0.81540626,0.0066467598080635,0.0017644167,0.0017644167,0.002734363
GRU,9,4,0.8217398,0.8109075,0.81540626,0.8217398,0.0066467598080635,0.01083231,0.01083231,0.00633353
GRU,9,4,0.8178603,0.81691873,0.8217398,0.8178603,0.0066467598080635,0.0009415746,0.0009415746,0.0038794875
GRU,9,4,0.81382936,0.81259274,0.8178603,0.81382936,0.0066467598080635,0.0012366176,0.0012366176,0.004030943
GRU,9,4,0.8124174,0.8077139,0.81382936,0.8124174,0.0066467598080635,0.004703462,0.004703462,0.0014119744
GRU,9,4,0.81091505,0.8079186,0.8124174,0.81091505,0.0066467598080635,0.0029964447,0.0029964447,0.0015023351
MLP,9,1,0.90152186,0.8902734,0.90282935,0.90152186,0.0066467598080635,0.011248469,0.011248469,0.0013074875
MLP,9,1,0.8875078,0.8951084,0.90152186,0.8875078,0.0066467598080635,0.0076006055,0.0076006055,0.014014065
MLP,9,1,0.87623525,0.8721763,0.8875078,0.87623525,0.0066467598080635,0.004058957,0.004058957,0.01127255
MLP,9,1,0.8647164,0.8588712,0.87623525,0.8647164,0.0066467598080635,0.005845189,0.005845189,0.011518836
MLP,9,1,0.8563263,0.857902,0.8647164,0.8563263,0.0066467598080635,0.0015757084,0.0015757084,0.008390129
MLP,9,1,0.851942,0.8517633,0.8563263,0.851942,0.0066467598080635,0.00017869473,0.00017869473,0.0043842793
MLP,9,1,0.85325265,0.8501342,0.851942,0.85325265,0.0066467598080635,0.0031184554,0.0031184554,0.0013106465
MLP,9,1,0.85035527,0.8551315,0.85325265,0.85035527,0.0066467598080635,0.0047762394,0.0047762394,0.0028973818
MLP,9,1,0.8476322,0.85169905,0.85035527,0.8476322,0.0066467598080635,0.004066825,0.004066825,0.0027230382
MLP,9,1,0.84171885,0.8367734,0.8476322,0.84171885,0.0066467598080635,0.004945457,0.004945457,0.005913377
MLP,9,1,0.8386773,0.84828126,0.84171885,0.8386773,0.0066467598080635,0.009603977,0.009603977,0.0030415654
MLP,9,1,0.837412,0.8356083,0.8386773,0.837412,0.0066467598080635,0.0018036962,0.0018036962,0.0012652874
MLP,9,1,0.8369826,0.83134395,0.837412,0.8369826,0.0066467598080635,0.005638659,0.005638659,0.00042939186
MLP,9,1,0.8270432,0.83398443,0.8369826,0.8270432,0.0066467598080635,0.006941259,0.006941259,0.009939432
MLP,9,1,0.82566714,0.8285754,0.8270432,0.82566714,0.0066467598080635,0.0029082298,0.0029082298,0.0013760328
MLP,9,1,0.82726884,0.8355101,0.82566714,0.82726884,0.0066467598080635,0.008241236,0.008241236,0.001601696
MLP,9,1,0.8133968,0.8243754,0.82726884,0.8133968,0.0066467598080635,0.0109785795,0.0109785795,0.013872027
MLP,9,1,0.8097343,0.8224132,0.8133968,0.8097343,0.0066467598080635,0.012678921,0.012678921,0.0036625266
MLP,9,1,0.8073882,0.82636493,0.8097343,0.8073882,0.0066467598080635,0.018976748,0.018976748,0.0023460984
MLP,9,1,0.8055926,0.81432885,0.8073882,0.8055926,0.0066467598080635,0.008736253,0.008736253,0.0017955899
MLP,9,1,0.80232096,0.8013894,0.8055926,0.80232096,0.0066467598080635,0.000931561,0.000931561,0.0032716393
MLP,9,1,0.79296273,0.80349344,0.80232096,0.79296273,0.0066467598080635,0.01053071,0.01053071,0.009358227
MLP,9,1,0.78846586,0.7976341,0.79296273,0.78846586,0.0066467598080635,0.009168267,0.009168267,0.0044968724
MLP,9,4,0.88166666,0.8682671,0.8841459,0.88166666,0.0066467598080635,0.013399541,0.013399541,0.0024792552
MLP,9,4,0.87332374,0.8712689,0.88166666,0.87332374,0.0066467598080635,0.0020548105,0.0020548105,0.008342922
MLP,9,4,0.87643296,0.860279,0.87332374,0.87643296,0.0066467598080635,0.016153932,0.016153932,0.0031092167
MLP,9,4,0.8645134,0.8690451,0.87643296,0.8645134,0.0066467598080635,0.0045316815,0.0045316815,0.011919558
MLP,9,4,0.85882026,0.8590514,0.8645134,0.85882026,0.0066467598080635,0.00023114681,0.00023114681,0.0056931376
MLP,9,4,0.85634005,0.8556024,0.85882026,0.85634005,0.0066467598080635,0.0007376671,0.0007376671,0.0024802089
MLP,9,4,0.85419565,0.8584829,0.85634005,0.85419565,0.0066467598080635,0.004287243,0.004287243,0.0021443963
MLP,9,4,0.8502348,0.851764,0.85419565,0.8502348,0.0066467598080635,0.0015292168,0.0015292168,0.003960848
MLP,9,4,0.84026927,0.84442073,0.8502348,0.84026927,0.0066467598080635,0.0041514635,0.0041514635,0.009965539
MLP,9,4,0.8402345,0.8390894,0.84026927,0.8402345,0.0066467598080635,0.0011451244,0.0011451244,3.4749508e-05
MLP,9,4,0.834485,0.8376741,0.8402345,0.834485,0.0066467598080635,0.003189087,0.003189087,0.0057495236
MLP,9,4,0.8322948,0.8290061,0.834485,0.8322948,0.0066467598080635,0.0032887459,0.0032887459,0.0021901727
MLP,9,4,0.83432955,0.8272526,0.8322948,0.83432955,0.0066467598080635,0.007076919,0.007076919,0.0020347238
MLP,9,4,0.8319402,0.83575416,0.83432955,0.8319402,0.0066467598080635,0.003813982,0.003813982,0.0023893714
MLP,9,4,0.82366824,0.8355687,0.8319402,0.82366824,0.0066467598080635,0.011900485,0.011900485,0.008271933
MLP,9,4,0.81606257,0.83335155,0.82366824,0.81606257,0.0066467598080635,0.017288983,0.017288983,0.007605672
MLP,9,4,0.8181406,0.8125543,0.81606257,0.8181406,0.0066467598080635,0.005586326,0.005586326,0.0020780563
MLP,9,4,0.81540626,0.81627893,0.8181406,0.81540626,0.0066467598080635,0.0008726716,0.0008726716,0.002734363
MLP,9,4,0.8217398,0.8151426,0.81540626,0.8217398,0.0066467598080635,0.006597221,0.006597221,0.00633353
MLP,9,4,0.8178603,0.82403773,0.8217398,0.8178603,0.0066467598080635,0.0061774254,0.0061774254,0.0038794875
MLP,9,4,0.81382936,0.814781,0.8178603,0.81382936,0.0066467598080635,0.00095164776,0.00095164776,0.004030943
MLP,9,4,0.8124174,0.8122216,0.81382936,0.8124174,0.0066467598080635,0.00019580126,0.00019580126,0.0014119744
MLP,9,4,0.81091505,0.8133294,0.8124174,0.81091505,0.0066467598080635,0.0024143457,0.0024143457,0.0015023351
Seq2Seq,9,1,0.90152186,0.89094657,0.90282935,0.90152186,0.0066467598080635,0.0105752945,0.0105752945,0.0013074875
Seq2Seq,9,1,0.8875078,0.89164114,0.90152186,0.8875078,0.0066467598080635,0.0041333437,0.0041333437,0.014014065
Seq2Seq,9,1,0.87623525,0.8837398,0.8875078,0.87623525,0.0066467598080635,0.0075045824,0.0075045824,0.01127255
Seq2Seq,9,1,0.8647164,0.86827976,0.87623525,0.8647164,0.0066467598080635,0.0035633445,0.0035633445,0.011518836
Seq2Seq,9,1,0.8563263,0.8592051,0.8647164,0.8563263,0.0066467598080635,0.0028788447,0.0028788447,0.008390129
Seq2Seq,9,1,0.851942,0.85543305,0.8563263,0.851942,0.0066467598080635,0.003491044,0.003491044,0.0043842793
Seq2Seq,9,1,0.85325265,0.85139626,0.851942,0.85325265,0.0066467598080635,0.0018563867,0.0018563867,0.0013106465
Seq2Seq,9,1,0.85035527,0.8532473,0.85325265,0.85035527,0.0066467598080635,0.0028920174,0.0028920174,0.0028973818
Seq2Seq,9,1,0.8476322,0.8451574,0.85035527,0.8476322,0.0066467598080635,0.0024748445,0.0024748445,0.0027230382
Seq2Seq,9,1,0.84171885,0.8396986,0.8476322,0.84171885,0.0066467598080635,0.0020202398,0.0020202398,0.005913377
Seq2Seq,9,1,0.8386773,0.83501637,0.84171885,0.8386773,0.0066467598080635,0.0036609173,0.0036609173,0.0030415654
Seq2Seq,9,1,0.837412,0.8303651,0.8386773,0.837412,0.0066467598080635,0.0070468783,0.0070468783,0.0012652874
Seq2Seq,9,1,0.8369826,0.82640547,0.837412,0.8369826,0.0066467598080635,0.010577142,0.010577142,0.00042939186
Seq2Seq,9,1,0.8270432,0.8293473,0.8369826,0.8270432,0.0066467598080635,0.0023041368,0.0023041368,0.009939432
Seq2Seq,9,1,0.82566714,0.82330585,0.8270432,0.82566714,0.0066467598080635,0.0023612976,0.0023612976,0.0013760328
Seq2Seq,9,1,0.82726884,0.8205173,0.82566714,0.82726884,0.0066467598080635,0.0067515373,0.0067515373,0.001601696
Seq2Seq,9,1,0.8133968,0.82220393,0.82726884,0.8133968,0.0066467598080635,0.008807123,0.008807123,0.013872027
Seq2Seq,9,1,0.8097343,0.80911475,0.8133968,0.8097343,0.0066467598080635,0.0006195307,0.0006195307,0.0036625266
Seq2Seq,9,1,0.8073882,0.8049091,0.8097343,0.8073882,0.0066467598080635,0.0024790764,0.0024790764,0.0023460984
Seq2Seq,9,1,0.8055926,0.8042731,0.8073882,0.8055926,0.0066467598080635,0.001319468,0.001319468,0.0017955899
Seq2Seq,9,1,0.80232096,0.8016609,0.8055926,0.80232096,0.0066467598080635,0.00066006184,0.00066006184,0.0032716393
Seq2Seq,9,1,0.79296273,0.79821444,0.80232096,0.79296273,0.0066467598080635,0.0052517056,0.0052517056,0.009358227
Seq2Seq,9,1,0.78846586,0.7901214,0.79296273,0.78846586,0.0066467598080635,0.001655519,0.001655519,0.0044968724
Seq2Seq,9,4,0.88166666,0.8750557,0.8841459,0.88166666,0.0066467598080635,0.0066109896,0.0066109896,0.0024792552
Seq2Seq,9,4,0.87332374,0.8735755,0.88166666,0.87332374,0.0066467598080635,0.00025177002,0.00025177002,0.008342922
Seq2Seq,9,4,0.87643296,0.86730796,0.87332374,0.87643296,0.0066467598080635,0.009124994,0.009124994,0.0031092167
Seq2Seq,9,4,0.8645134,0.8670117,0.87643296,0.8645134,0.0066467598080635,0.0024983287,0.0024983287,0.011919558
Seq2Seq,9,4,0.85882026,0.8583263,0.8645134,0.85882026,0.0066467598080635,0.0004939437,0.0004939437,0.0056931376
Seq2Seq,9,4,0.85634005,0.8552547,0.85882026,0.85634005,0.0066467598080635,0.001085341,0.001085341,0.0024802089
Seq2Seq,9,4,0.85419565,0.85404485,0.85634005,0.85419565,0.0066467598080635,0.00015079975,0.00015079975,0.0021443963
Seq2Seq,9,4,0.8502348,0.85221815,0.85419565,0.8502348,0.0066467598080635,0.0019833446,0.0019833446,0.003960848
Seq2Seq,9,4,0.84026927,0.84557694,0.8502348,0.84026927,0.0066467598080635,0.0053076744,0.0053076744,0.009965539
Seq2Seq,9,4,0.8402345,0.8348728,0.84026927,0.8402345,0.0066467598080635,0.005361736,0.005361736,3.4749508e-05
Seq2Seq,9,4,0.834485,0.83105004,0.8402345,0.834485,0.0066467598080635,0.003434956,0.003434956,0.0057495236
Seq2Seq,9,4,0.8322948,0.82641375,0.834485,0.8322948,0.0066467598080635,0.005881071,0.005881071,0.0021901727
Seq2Seq,9,4,0.83432955,0.8218099,0.8322948,0.83432955,0.0066467598080635,0.012519658,0.012519658,0.0020347238
Seq2Seq,9,4,0.8319402,0.82489717,0.83432955,0.8319402,0.0066467598080635,0.007043004,0.007043004,0.0023893714
Seq2Seq,9,4,0.82366824,0.82560587,0.8319402,0.82366824,0.0066467598080635,0.0019376278,0.0019376278,0.008271933
Seq2Seq,9,4,0.81606257,0.819562,0.82366824,0.81606257,0.0066467598080635,0.0034994483,0.0034994483,0.007605672
Seq2Seq,9,4,0.8181406,0.81101716,0.81606257,0.8181406,0.0066467598080635,0.0071234703,0.0071234703,0.0020780563
Seq2Seq,9,4,0.81540626,0.81357837,0.8181406,0.81540626,0.0066467598080635,0.0018278956,0.0018278956,0.002734363
Seq2Seq,9,4,0.8217398,0.81000173,0.81540626,0.8217398,0.0066467598080635,0.011738062,0.011738062,0.00633353
Seq2Seq,9,4,0.8178603,0.8183882,0.8217398,0.8178603,0.0066467598080635,0.00052791834,0.00052791834,0.0038794875
Seq2Seq,9,4,0.81382936,0.8134981,0.8178603,0.81382936,0.0066467598080635,0.00033128262,0.00033128262,0.004030943
Seq2Seq,9,4,0.8124174,0.807759,0.81382936,0.8124174,0.0066467598080635,0.004658401,0.004658401,0.0014119744
Seq2Seq,9,4,0.81091505,0.8070474,0.8124174,0.81091505,0.0066467598080635,0.0038676262,0.0038676262,0.0015023351
Persistence,10,13,0.89387727,0.89579505,0.89579505,0.89387727,0.006376217585057,0.0019177794,0.0019177794,0.0019177794
Persistence,10,13,0.8872821,0.89387727,0.89387727,0.8872821,0.006376217585057,0.0065951943,0.0065951943,0.0065951943
Persistence,10,13,0.8906314,0.8872821,0.8872821,0.8906314,0.006376217585057,0.0033493042,0.0033493042,0.0033493042
Persistence,10,13,0.8858322,0.8906314,0.8906314,0.8858322,0.006376217585057,0.004799187,0.004799187,0.004799187
Persistence,10,13,0.8848437,0.8858322,0.8858322,0.8848437,0.006376217585057,0.0009884834,0.0009884834,0.0009884834
Persistence,10,13,0.8797299,0.8848437,0.8848437,0.8797299,0.006376217585057,0.0051137805,0.0051137805,0.0051137805
Persistence,10,13,0.87848204,0.8797299,0.8797299,0.87848204,0.006376217585057,0.0012478828,0.0012478828,0.0012478828
Persistence,10,13,0.8601056,0.87848204,0.87848204,0.8601056,0.006376217585057,0.01837647,0.01837647,0.01837647
Persistence,10,13,0.8327076,0.8601056,0.8601056,0.8327076,0.006376217585057,0.02739799,0.02739799,0.02739799
Persistence,10,13,0.83351034,0.8327076,0.8327076,0.83351034,0.006376217585057,0.00080275536,0.00080275536,0.00080275536
Persistence,10,13,0.8292711,0.83351034,0.83351034,0.8292711,0.006376217585057,0.004239261,0.004239261,0.004239261
Persistence,10,13,0.82093954,0.8292711,0.8292711,0.82093954,0.006376217585057,0.008331537,0.008331537,0.008331537
Persistence,10,13,0.82007676,0.82093954,0.82093954,0.82007676,0.006376217585057,0.00086277723,0.00086277723,0.00086277723
Persistence,10,13,0.82287234,0.82007676,0.82007676,0.82287234,0.006376217585057,0.002795577,0.002795577,0.002795577
Persistence,10,13,0.82472265,0.82287234,0.82287234,0.82472265,0.006376217585057,0.001850307,0.001850307,0.001850307
Persistence,10,13,0.82127243,0.82472265,0.82472265,0.82127243,0.006376217585057,0.0034502149,0.0034502149,0.0034502149
Persistence,10,13,0.8146525,0.82127243,0.82127243,0.8146525,0.006376217585057,0.0066199303,0.0066199303,0.0066199303
Persistence,10,13,0.81610477,0.8146525,0.8146525,0.81610477,0.006376217585057,0.0014522672,0.0014522672,0.0014522672
Persistence,10,13,0.814834,0.81610477,0.81610477,0.814834,0.006376217585057,0.001270771,0.001270771,0.001270771
Persistence,10,13,0.8079595,0.814834,0.814834,0.8079595,0.006376217585057,0.0068745017,0.0068745017,0.0068745017
Persistence,10,13,0.8021756,0.8079595,0.8079595,0.8021756,0.006376217585057,0.0057839155,0.0057839155,0.0057839155
Persistence,10,13,0.79717004,0.8021756,0.8021756,0.79717004,0.006376217585057,0.0050055385,0.0050055385,0.0050055385
Persistence,10,16,0.8818277,0.8976548,0.8976548,0.8818277,0.006376217585057,0.01582706,0.01582706,0.01582706
Persistence,10,16,0.85351205,0.8818277,0.8818277,0.85351205,0.006376217585057,0.028315663,0.028315663,0.028315663
Persistence,10,16,0.85120857,0.85351205,0.85351205,0.85120857,0.006376217585057,0.002303481,0.002303481,0.002303481
Persistence,10,16,0.85171896,0.85120857,0.85120857,0.85171896,0.006376217585057,0.0005103946,0.0005103946,0.0005103946
Persistence,10,16,0.84525865,0.85171896,0.85171896,0.84525865,0.006376217585057,0.006460309,0.006460309,0.006460309
Persistence,10,16,0.8445039,0.84525865,0.84525865,0.8445039,0.006376217585057,0.0007547736,0.0007547736,0.0007547736
Persistence,10,16,0.8447513,0.8445039,0.8445039,0.8447513,0.006376217585057,0.00024741888,0.00024741888,0.00024741888
Persistence,10,16,0.84667486,0.8447513,0.8447513,0.84667486,0.006376217585057,0.0019235611,0.0019235611,0.0019235611
Persistence,10,16,0.8452644,0.84667486,0.84667486,0.8452644,0.006376217585057,0.0014104843,0.0014104843,0.0014104843
Persistence,10,16,0.8446674,0.8452644,0.8452644,0.8446674,0.006376217585057,0.0005970001,0.0005970001,0.0005970001
Persistence,10,16,0.8422364,0.8446674,0.8446674,0.8422364,0.006376217585057,0.0024309754,0.0024309754,0.0024309754
Persistence,10,16,0.8112598,0.8422364,0.8422364,0.8112598,0.006376217585057,0.030976593,0.030976593,0.030976593
Persistence,10,16,0.8077768,0.8112598,0.8112598,0.8077768,0.006376217585057,0.0034829974,0.0034829974,0.0034829974
Persistence,10,16,0.8203719,0.8077768,0.8077768,0.8203719,0.006376217585057,0.012595117,0.012595117,0.012595117
Persistence,10,16,0.8319933,0.8203719,0.8203719,0.8319933,0.006376217585057,0.011621356,0.011621356,0.011621356
Persistence,10,16,0.8294752,0.8319933,0.8319933,0.8294752,0.006376217585057,0.0025180578,0.0025180578,0.0025180578
Persistence,10,16,0.8219822,0.8294752,0.8294752,0.8219822,0.006376217585057,0.007493019,0.007493019,0.007493019
Persistence,10,16,0.8228044,0.8219822,0.8219822,0.8228044,0.006376217585057,0.00082218647,0.00082218647,0.00082218647
Persistence,10,16,0.8239294,0.8228044,0.8228044,0.8239294,0.006376217585057,0.0011250377,0.0011250377,0.0011250377
Persistence,10,16,0.8179935,0.8239294,0.8239294,0.8179935,0.006376217585057,0.0059359074,0.0059359074,0.0059359074
Persistence,10,16,0.81704307,0.8179935,0.8179935,0.81704307,0.006376217585057,0.00095045567,0.00095045567,0.00095045567
Persistence,10,16,0.8111669,0.81704307,0.81704307,0.8111669,0.006376217585057,0.0058761835,0.0058761835,0.0058761835
Persistence,10,16,0.8044414,0.8111669,0.8111669,0.8044414,0.006376217585057,0.00672549,0.00672549,0.00672549
MQAttn-LSTM-VQR,10,13,0.89387727,0.8924825,0.89579505,0.89387727,0.006376217585057,0.0013947487,0.0013947487,0.0019177794
MQAttn-LSTM-VQR,10,13,0.8872821,0.887481,0.89387727,0.8872821,0.006376217585057,0.0001989007,0.0001989007,0.0065951943
MQAttn-LSTM-VQR,10,13,0.8906314,0.8808463,0.8872821,0.8906314,0.006376217585057,0.009785056,0.009785056,0.0033493042
MQAttn-LSTM-VQR,10,13,0.8858322,0.8820413,0.8906314,0.8858322,0.006376217585057,0.003790915,0.003790915,0.004799187
MQAttn-LSTM-VQR,10,13,0.8848437,0.8764047,0.8858322,0.8848437,0.006376217585057,0.008439004,0.008439004,0.0009884834
MQAttn-LSTM-VQR,10,13,0.8797299,0.87863183,0.8848437,0.8797299,0.006376217585057,0.0010980964,0.0010980964,0.0051137805
MQAttn-LSTM-VQR,10,13,0.87848204,0.8732999,0.8797299,0.87848204,0.006376217585057,0.005182147,0.005182147,0.0012478828
MQAttn-LSTM-VQR,10,13,0.8601056,0.87135464,0.87848204,0.8601056,0.006376217585057,0.011249065,0.011249065,0.01837647
MQAttn-LSTM-VQR,10,13,0.8327076,0.85253346,0.8601056,0.8327076,0.006376217585057,0.019825876,0.019825876,0.02739799
MQAttn-LSTM-VQR,10,13,0.83351034,0.8262046,0.8327076,0.83351034,0.006376217585057,0.0073057413,0.0073057413,0.00080275536
MQAttn-LSTM-VQR,10,13,0.8292711,0.8248493,0.83351034,0.8292711,0.006376217585057,0.0044217706,0.0044217706,0.004239261
MQAttn-LSTM-VQR,10,13,0.82093954,0.82390463,0.8292711,0.82093954,0.006376217585057,0.0029650927,0.0029650927,0.008331537
MQAttn-LSTM-VQR,10,13,0.82007676,0.81771255,0.82093954,0.82007676,0.006376217585057,0.0023642182,0.0023642182,0.00086277723
MQAttn-LSTM-VQR,10,13,0.82287234,0.82122016,0.82007676,0.82287234,0.006376217585057,0.0016521811,0.0016521811,0.002795577
MQAttn-LSTM-VQR,10,13,0.82472265,0.8233528,0.82287234,0.82472265,0.006376217585057,0.001369834,0.001369834,0.001850307
MQAttn-LSTM-VQR,10,13,0.82127243,0.82504165,0.82472265,0.82127243,0.006376217585057,0.003769219,0.003769219,0.0034502149
MQAttn-LSTM-VQR,10,13,0.8146525,0.8165331,0.82127243,0.8146525,0.006376217585057,0.0018805861,0.0018805861,0.0066199303
MQAttn-LSTM-VQR,10,13,0.81610477,0.81056964,0.8146525,0.81610477,0.006376217585057,0.0055351257,0.0055351257,0.0014522672
MQAttn-LSTM-VQR,10,13,0.814834,0.8136425,0.81610477,0.814834,0.006376217585057,0.0011914968,0.0011914968,0.001270771
MQAttn-LSTM-VQR,10,13,0.8079595,0.8103869,0.814834,0.8079595,0.006376217585057,0.0024273992,0.0024273992,0.0068745017
MQAttn-LSTM-VQR,10,13,0.8021756,0.8052953,0.8079595,0.8021756,0.006376217585057,0.003119707,0.003119707,0.0057839155
MQAttn-LSTM-VQR,10,13,0.79717004,0.7971031,0.8021756,0.79717004,0.006376217585057,6.6936016e-05,6.6936016e-05,0.0050055385
MQAttn-LSTM-VQR,10,16,0.8818277,0.8894166,0.8976548,0.8818277,0.006376217585057,0.0075888634,0.0075888634,0.01582706
MQAttn-LSTM-VQR,10,16,0.85351205,0.87545055,0.8818277,0.85351205,0.006376217585057,0.021938503,0.021938503,0.028315663
MQAttn-LSTM-VQR,10,16,0.85120857,0.8438613,0.85351205,0.85120857,0.006376217585057,0.0073472857,0.0073472857,0.002303481
MQAttn-LSTM-VQR,10,16,0.85171896,0.8448905,0.85120857,0.85171896,0.006376217585057,0.006828487,0.006828487,0.0005103946
MQAttn-LSTM-VQR,10,16,0.84525865,0.8457541,0.85171896,0.84525865,0.006376217585057,0.0004954338,0.0004954338,0.006460309
MQAttn-LSTM-VQR,10,16,0.8445039,0.84351254,0.84525865,0.8445039,0.006376217585057,0.0009913445,0.0009913445,0.0007547736
MQAttn-LSTM-VQR,10,16,0.8447513,0.84580356,0.8445039,0.8447513,0.006376217585057,0.0010522604,0.0010522604,0.00024741888
MQAttn-LSTM-VQR,10,16,0.84667486,0.8416291,0.8447513,0.84667486,0.006376217585057,0.0050457716,0.0050457716,0.0019235611
MQAttn-LSTM-VQR,10,16,0.8452644,0.8409465,0.84667486,0.8452644,0.006376217585057,0.0043178797,0.0043178797,0.0014104843
MQAttn-LSTM-VQR,10,16,0.8446674,0.8377729,0.8452644,0.8446674,0.006376217585057,0.0068944693,0.0068944693,0.0005970001
MQAttn-LSTM-VQR,10,16,0.8422364,0.8365448,0.8446674,0.8422364,0.006376217585057,0.005691588,0.005691588,0.0024309754
MQAttn-LSTM-VQR,10,16,0.8112598,0.8356889,0.8422364,0.8112598,0.006376217585057,0.024429083,0.024429083,0.030976593
MQAttn-LSTM-VQR,10,16,0.8077768,0.80531085,0.8112598,0.8077768,0.006376217585057,0.0024659634,0.0024659634,0.0034829974
MQAttn-LSTM-VQR,10,16,0.8203719,0.8037354,0.8077768,0.8203719,0.006376217585057,0.01663655,0.01663655,0.012595117
MQAttn-LSTM-VQR,10,16,0.8319933,0.8173017,0.8203719,0.8319933,0.006376217585057,0.014691591,0.014691591,0.011621356
MQAttn-LSTM-VQR,10,16,0.8294752,0.8310961,0.8319933,0.8294752,0.006376217585057,0.0016208887,0.0016208887,0.0025180578
MQAttn-LSTM-VQR,10,16,0.8219822,0.82696456,0.8294752,0.8219822,0.006376217585057,0.0049823523,0.0049823523,0.007493019
MQAttn-LSTM-VQR,10,16,0.8228044,0.8161899,0.8219822,0.8228044,0.006376217585057,0.0066145062,0.0066145062,0.00082218647
MQAttn-LSTM-VQR,10,16,0.8239294,0.8185638,0.8228044,0.8239294,0.006376217585057,0.00536561,0.00536561,0.0011250377
MQAttn-LSTM-VQR,10,16,0.8179935,0.8192682,0.8239294,0.8179935,0.006376217585057,0.0012747049,0.0012747049,0.0059359074
MQAttn-LSTM-VQR,10,16,0.81704307,0.8155692,0.8179935,0.81704307,0.006376217585057,0.001473844,0.001473844,0.00095045567
MQAttn-LSTM-VQR,10,16,0.8111669,0.81317735,0.81704307,0.8111669,0.006376217585057,0.0020104647,0.0020104647,0.0058761835
MQAttn-LSTM-VQR,10,16,0.8044414,0.80811596,0.8111669,0.8044414,0.006376217585057,0.0036745667,0.0036745667,0.00672549
MQAttn-LSTM-VQR classical twin,10,13,0.89387727,0.88860714,0.89579505,0.89387727,0.006376217585057,0.0052701235,0.0052701235,0.0019177794
MQAttn-LSTM-VQR classical twin,10,13,0.8872821,0.88796145,0.89387727,0.8872821,0.006376217585057,0.00067937374,0.00067937374,0.0065951943
MQAttn-LSTM-VQR classical twin,10,13,0.8906314,0.8803047,0.8872821,0.8906314,0.006376217585057,0.0103266835,0.0103266835,0.0033493042
MQAttn-LSTM-VQR classical twin,10,13,0.8858322,0.8845526,0.8906314,0.8858322,0.006376217585057,0.0012795925,0.0012795925,0.004799187
MQAttn-LSTM-VQR classical twin,10,13,0.8848437,0.8814107,0.8858322,0.8848437,0.006376217585057,0.0034329891,0.0034329891,0.0009884834
MQAttn-LSTM-VQR classical twin,10,13,0.8797299,0.8803521,0.8848437,0.8797299,0.006376217585057,0.0006221533,0.0006221533,0.0051137805
MQAttn-LSTM-VQR classical twin,10,13,0.87848204,0.875056,0.8797299,0.87848204,0.006376217585057,0.0034260154,0.0034260154,0.0012478828
MQAttn-LSTM-VQR classical twin,10,13,0.8601056,0.8737744,0.87848204,0.8601056,0.006376217585057,0.013668835,0.013668835,0.01837647
MQAttn-LSTM-VQR classical twin,10,13,0.8327076,0.85554445,0.8601056,0.8327076,0.006376217585057,0.022836864,0.022836864,0.02739799
MQAttn-LSTM-VQR classical twin,10,13,0.83351034,0.8282348,0.8327076,0.83351034,0.006376217585057,0.0052755475,0.0052755475,0.00080275536
MQAttn-LSTM-VQR classical twin,10,13,0.8292711,0.82923967,0.83351034,0.8292711,0.006376217585057,3.1411648e-05,3.1411648e-05,0.004239261
MQAttn-LSTM-VQR classical twin,10,13,0.82093954,0.8249042,0.8292711,0.82093954,0.006376217585057,0.0039646626,0.0039646626,0.008331537
MQAttn-LSTM-VQR classical twin,10,13,0.82007676,0.8166029,0.82093954,0.82007676,0.006376217585057,0.003473878,0.003473878,0.00086277723
MQAttn-LSTM-VQR classical twin,10,13,0.82287234,0.81552374,0.82007676,0.82287234,0.006376217585057,0.007348597,0.007348597,0.002795577
MQAttn-LSTM-VQR classical twin,10,13,0.82472265,0.8180447,0.82287234,0.82472265,0.006376217585057,0.0066779256,0.0066779256,0.001850307
MQAttn-LSTM-VQR classical twin,10,13,0.82127243,0.8201058,0.82472265,0.82127243,0.006376217585057,0.0011666417,0.0011666417,0.0034502149
MQAttn-LSTM-VQR classical twin,10,13,0.8146525,0.8168003,0.82127243,0.8146525,0.006376217585057,0.0021477938,0.0021477938,0.0066199303
MQAttn-LSTM-VQR classical twin,10,13,0.81610477,0.81001616,0.8146525,0.81610477,0.006376217585057,0.0060886145,0.0060886145,0.0014522672
MQAttn-LSTM-VQR classical twin,10,13,0.814834,0.8115003,0.81610477,0.814834,0.006376217585057,0.0033336878,0.0033336878,0.001270771
MQAttn-LSTM-VQR classical twin,10,13,0.8079595,0.810463,0.814834,0.8079595,0.006376217585057,0.0025035143,0.0025035143,0.0068745017
MQAttn-LSTM-VQR classical twin,10,13,0.8021756,0.8034626,0.8079595,0.8021756,0.006376217585057,0.0012870431,0.0012870431,0.0057839155
MQAttn-LSTM-VQR classical twin,10,13,0.79717004,0.797527,0.8021756,0.79717004,0.006376217585057,0.00035697222,0.00035697222,0.0050055385
MQAttn-LSTM-VQR classical twin,10,16,0.8818277,0.89180744,0.8976548,0.8818277,0.006376217585057,0.009979725,0.009979725,0.01582706
MQAttn-LSTM-VQR classical twin,10,16,0.85351205,0.8759042,0.8818277,0.85351205,0.006376217585057,0.022392154,0.022392154,0.028315663
MQAttn-LSTM-VQR classical twin,10,16,0.85120857,0.8470628,0.85351205,0.85120857,0.006376217585057,0.0041457415,0.0041457415,0.002303481
MQAttn-LSTM-VQR classical twin,10,16,0.85171896,0.84525406,0.85120857,0.85171896,0.006376217585057,0.0064648986,0.0064648986,0.0005103946
MQAttn-LSTM-VQR classical twin,10,16,0.84525865,0.84609777,0.85171896,0.84525865,0.006376217585057,0.0008391142,0.0008391142,0.006460309
MQAttn-LSTM-VQR classical twin,10,16,0.8445039,0.8408993,0.84525865,0.8445039,0.006376217585057,0.003604591,0.003604591,0.0007547736
MQAttn-LSTM-VQR classical twin,10,16,0.8447513,0.84014004,0.8445039,0.8447513,0.006376217585057,0.0046112537,0.0046112537,0.00024741888
MQAttn-LSTM-VQR classical twin,10,16,0.84667486,0.84043807,0.8447513,0.84667486,0.006376217585057,0.0062367916,0.0062367916,0.0019235611
MQAttn-LSTM-VQR classical twin,10,16,0.8452644,0.8422564,0.84667486,0.8452644,0.006376217585057,0.0030079484,0.0030079484,0.0014104843
MQAttn-LSTM-VQR classical twin,10,16,0.8446674,0.8407829,0.8452644,0.8446674,0.006376217585057,0.0038844943,0.0038844943,0.0005970001
MQAttn-LSTM-VQR classical twin,10,16,0.8422364,0.84016037,0.8446674,0.8422364,0.006376217585057,0.0020760298,0.0020760298,0.0024309754
MQAttn-LSTM-VQR classical twin,10,16,0.8112598,0.8378044,0.8422364,0.8112598,0.006376217585057,0.02654457,0.02654457,0.030976593
MQAttn-LSTM-VQR classical twin,10,16,0.8077768,0.8069879,0.8112598,0.8077768,0.006376217585057,0.0007889271,0.0007889271,0.0034829974
MQAttn-LSTM-VQR classical twin,10,16,0.8203719,0.80314416,0.8077768,0.8203719,0.006376217585057,0.017227769,0.017227769,0.012595117
MQAttn-LSTM-VQR classical twin,10,16,0.8319933,0.8155785,0.8203719,0.8319933,0.006376217585057,0.016414762,0.016414762,0.011621356
MQAttn-LSTM-VQR classical twin,10,16,0.8294752,0.8272334,0.8319933,0.8294752,0.006376217585057,0.00224185,0.00224185,0.0025180578
MQAttn-LSTM-VQR classical twin,10,16,0.8219822,0.8249127,0.8294752,0.8219822,0.006376217585057,0.002930522,0.002930522,0.007493019
MQAttn-LSTM-VQR classical twin,10,16,0.8228044,0.8175947,0.8219822,0.8228044,0.006376217585057,0.0052096844,0.0052096844,0.00082218647
MQAttn-LSTM-VQR classical twin,10,16,0.8239294,0.8183247,0.8228044,0.8239294,0.006376217585057,0.005604744,0.005604744,0.0011250377
MQAttn-LSTM-VQR classical twin,10,16,0.8179935,0.8195146,0.8239294,0.8179935,0.006376217585057,0.0015210509,0.0015210509,0.0059359074
MQAttn-LSTM-VQR classical twin,10,16,0.81704307,0.8133604,0.8179935,0.81704307,0.006376217585057,0.003682673,0.003682673,0.00095045567
MQAttn-LSTM-VQR classical twin,10,16,0.8111669,0.8122387,0.81704307,0.8111669,0.006376217585057,0.0010718107,0.0010718107,0.0058761835
MQAttn-LSTM-VQR classical twin,10,16,0.8044414,0.80679786,0.8111669,0.8044414,0.006376217585057,0.0023564696,0.0023564696,0.00672549
MQAttn-QLSTM-VQR,10,13,0.89387727,0.89077157,0.89579505,0.89387727,0.006376217585057,0.0031057,0.0031057,0.0019177794
MQAttn-QLSTM-VQR,10,13,0.8872821,0.88871217,0.89387727,0.8872821,0.006376217585057,0.0014300942,0.0014300942,0.0065951943
MQAttn-QLSTM-VQR,10,13,0.8906314,0.88148606,0.8872821,0.8906314,0.006376217585057,0.009145319,0.009145319,0.0033493042
MQAttn-QLSTM-VQR,10,13,0.8858322,0.8849679,0.8906314,0.8858322,0.006376217585057,0.00086426735,0.00086426735,0.004799187
MQAttn-QLSTM-VQR,10,13,0.8848437,0.8820024,0.8858322,0.8848437,0.006376217585057,0.0028412938,0.0028412938,0.0009884834
MQAttn-QLSTM-VQR,10,13,0.8797299,0.88075256,0.8848437,0.8797299,0.006376217585057,0.0010226369,0.0010226369,0.0051137805
MQAttn-QLSTM-VQR,10,13,0.87848204,0.87526345,0.8797299,0.87848204,0.006376217585057,0.0032185912,0.0032185912,0.0012478828
MQAttn-QLSTM-VQR,10,13,0.8601056,0.8738731,0.87848204,0.8601056,0.006376217585057,0.01376754,0.01376754,0.01837647
MQAttn-QLSTM-VQR,10,13,0.8327076,0.85539216,0.8601056,0.8327076,0.006376217585057,0.022684574,0.022684574,0.02739799
MQAttn-QLSTM-VQR,10,13,0.83351034,0.828194,0.8327076,0.83351034,0.006376217585057,0.005316317,0.005316317,0.00080275536
MQAttn-QLSTM-VQR,10,13,0.8292711,0.82903844,0.83351034,0.8292711,0.006376217585057,0.00023263693,0.00023263693,0.004239261
MQAttn-QLSTM-VQR,10,13,0.82093954,0.8248471,0.8292711,0.82093954,0.006376217585057,0.0039075613,0.0039075613,0.008331537
MQAttn-QLSTM-VQR,10,13,0.82007676,0.81639344,0.82093954,0.82007676,0.006376217585057,0.0036833286,0.0036833286,0.00086277723
MQAttn-QLSTM-VQR,10,13,0.82287234,0.8155534,0.82007676,0.82287234,0.006376217585057,0.007318914,0.007318914,0.002795577
MQAttn-QLSTM-VQR,10,13,0.82472265,0.8183256,0.82287234,0.82472265,0.006376217585057,0.0063970685,0.0063970685,0.001850307
MQAttn-QLSTM-VQR,10,13,0.82127243,0.8203402,0.82472265,0.82127243,0.006376217585057,0.00093221664,0.00093221664,0.0034502149
MQAttn-QLSTM-VQR,10,13,0.8146525,0.8166614,0.82127243,0.8146525,0.006376217585057,0.002008915,0.002008915,0.0066199303
MQAttn-QLSTM-VQR,10,13,0.81610477,0.8099823,0.8146525,0.81610477,0.006376217585057,0.00612247,0.00612247,0.0014522672
MQAttn-QLSTM-VQR,10,13,0.814834,0.8117825,0.81610477,0.814834,0.006376217585057,0.0030515194,0.0030515194,0.001270771
MQAttn-QLSTM-VQR,10,13,0.8079595,0.81081384,0.814834,0.8079595,0.006376217585057,0.0028543472,0.0028543472,0.0068745017
MQAttn-QLSTM-VQR,10,13,0.8021756,0.8038236,0.8079595,0.8021756,0.006376217585057,0.0016480088,0.0016480088,0.0057839155
MQAttn-QLSTM-VQR,10,13,0.79717004,0.7979302,0.8021756,0.79717004,0.006376217585057,0.00076013803,0.00076013803,0.0050055385
MQAttn-QLSTM-VQR,10,16,0.8818277,0.8923026,0.8976548,0.8818277,0.006376217585057,0.010474861,0.010474861,0.01582706
MQAttn-QLSTM-VQR,10,16,0.85351205,0.87635154,0.8818277,0.85351205,0.006376217585057,0.022839487,0.022839487,0.028315663
MQAttn-QLSTM-VQR,10,16,0.85120857,0.8481184,0.85351205,0.85120857,0.006376217585057,0.0030901432,0.0030901432,0.002303481
MQAttn-QLSTM-VQR,10,16,0.85171896,0.84621483,0.85120857,0.85171896,0.006376217585057,0.0055041313,0.0055041313,0.0005103946
MQAttn-QLSTM-VQR,10,16,0.84525865,0.84818584,0.85171896,0.84525865,0.006376217585057,0.002927184,0.002927184,0.006460309
MQAttn-QLSTM-VQR,10,16,0.8445039,0.8423661,0.84525865,0.8445039,0.006376217585057,0.0021377802,0.0021377802,0.0007547736
MQAttn-QLSTM-VQR,10,16,0.8447513,0.84106505,0.8445039,0.8447513,0.006376217585057,0.0036862493,0.0036862493,0.00024741888
MQAttn-QLSTM-VQR,10,16,0.84667486,0.8408687,0.8447513,0.84667486,0.006376217585057,0.005806148,0.005806148,0.0019235611
MQAttn-QLSTM-VQR,10,16,0.8452644,0.84252566,0.84667486,0.8452644,0.006376217585057,0.0027387142,0.0027387142,0.0014104843
MQAttn-QLSTM-VQR,10,16,0.8446674,0.8409726,0.8452644,0.8446674,0.006376217585057,0.0036947727,0.0036947727,0.0005970001
MQAttn-QLSTM-VQR,10,16,0.8422364,0.8404214,0.8446674,0.8422364,0.006376217585057,0.001815021,0.001815021,0.0024309754
MQAttn-QLSTM-VQR,10,16,0.8112598,0.8381287,0.8422364,0.8112598,0.006376217585057,0.02686888,0.02686888,0.030976593
MQAttn-QLSTM-VQR,10,16,0.8077768,0.807019,0.8112598,0.8077768,0.006376217585057,0.00075781345,0.00075781345,0.0034829974
MQAttn-QLSTM-VQR,10,16,0.8203719,0.80321956,0.8077768,0.8203719,0.006376217585057,0.017152369,0.017152369,0.012595117
MQAttn-QLSTM-VQR,10,16,0.8319933,0.8159895,0.8203719,0.8319933,0.006376217585057,0.016003788,0.016003788,0.011621356
MQAttn-QLSTM-VQR,10,16,0.8294752,0.8279343,0.8319933,0.8294752,0.006376217585057,0.0015408993,0.0015408993,0.0025180578
MQAttn-QLSTM-VQR,10,16,0.8219822,0.825298,0.8294752,0.8219822,0.006376217585057,0.0033158064,0.0033158064,0.007493019
MQAttn-QLSTM-VQR,10,16,0.8228044,0.8178062,0.8219822,0.8228044,0.006376217585057,0.004998207,0.004998207,0.00082218647
MQAttn-QLSTM-VQR,10,16,0.8239294,0.818518,0.8228044,0.8239294,0.006376217585057,0.005411446,0.005411446,0.0011250377
MQAttn-QLSTM-VQR,10,16,0.8179935,0.8195047,0.8239294,0.8179935,0.006376217585057,0.0015111566,0.0015111566,0.0059359074
MQAttn-QLSTM-VQR,10,16,0.81704307,0.813715,0.8179935,0.81704307,0.006376217585057,0.003328085,0.003328085,0.00095045567
MQAttn-QLSTM-VQR,10,16,0.8111669,0.8124599,0.81704307,0.8111669,0.006376217585057,0.0012930036,0.0012930036,0.0058761835
MQAttn-QLSTM-VQR,10,16,0.8044414,0.8069497,0.8111669,0.8044414,0.006376217585057,0.0025082827,0.0025082827,0.00672549
MQAttn-QLSTM-VQR classical twin,10,13,0.89387727,0.8894061,0.89579505,0.89387727,0.006376217585057,0.004471183,0.004471183,0.0019177794
MQAttn-QLSTM-VQR classical twin,10,13,0.8872821,0.8868832,0.89387727,0.8872821,0.006376217585057,0.00039887428,0.00039887428,0.0065951943
MQAttn-QLSTM-VQR classical twin,10,13,0.8906314,0.88170177,0.8872821,0.8906314,0.006376217585057,0.00892961,0.00892961,0.0033493042
MQAttn-QLSTM-VQR classical twin,10,13,0.8858322,0.8848439,0.8906314,0.8858322,0.006376217585057,0.0009883046,0.0009883046,0.004799187
MQAttn-QLSTM-VQR classical twin,10,13,0.8848437,0.8807147,0.8858322,0.8848437,0.006376217585057,0.0041289926,0.0041289926,0.0009884834
MQAttn-QLSTM-VQR classical twin,10,13,0.8797299,0.8794342,0.8848437,0.8797299,0.006376217585057,0.00029569864,0.00029569864,0.0051137805
MQAttn-QLSTM-VQR classical twin,10,13,0.87848204,0.8741094,0.8797299,0.87848204,0.006376217585057,0.0043726563,0.0043726563,0.0012478828
MQAttn-QLSTM-VQR classical twin,10,13,0.8601056,0.87284756,0.87848204,0.8601056,0.006376217585057,0.012741983,0.012741983,0.01837647
MQAttn-QLSTM-VQR classical twin,10,13,0.8327076,0.854685,0.8601056,0.8327076,0.006376217585057,0.021977425,0.021977425,0.02739799
MQAttn-QLSTM-VQR classical twin,10,13,0.83351034,0.82784367,0.8327076,0.83351034,0.006376217585057,0.005666673,0.005666673,0.00080275536
MQAttn-QLSTM-VQR classical twin,10,13,0.8292711,0.8285513,0.83351034,0.8292711,0.006376217585057,0.0007197857,0.0007197857,0.004239261
MQAttn-QLSTM-VQR classical twin,10,13,0.82093954,0.8250852,0.8292711,0.82093954,0.006376217585057,0.004145682,0.004145682,0.008331537
MQAttn-QLSTM-VQR classical twin,10,13,0.82007676,0.8169459,0.82093954,0.82007676,0.006376217585057,0.0031308532,0.0031308532,0.00086277723
MQAttn-QLSTM-VQR classical twin,10,13,0.82287234,0.8163949,0.82007676,0.82287234,0.006376217585057,0.0064774156,0.0064774156,0.002795577
MQAttn-QLSTM-VQR classical twin,10,13,0.82472265,0.8189769,0.82287234,0.82472265,0.006376217585057,0.0057457685,0.0057457685,0.001850307
MQAttn-QLSTM-VQR classical twin,10,13,0.82127243,0.82072973,0.82472265,0.82127243,0.006376217585057,0.0005427003,0.0005427003,0.0034502149
MQAttn-QLSTM-VQR classical twin,10,13,0.8146525,0.81674635,0.82127243,0.8146525,0.006376217585057,0.0020938516,0.0020938516,0.0066199303
MQAttn-QLSTM-VQR classical twin,10,13,0.81610477,0.8098977,0.8146525,0.81610477,0.006376217585057,0.006207049,0.006207049,0.0014522672
MQAttn-QLSTM-VQR classical twin,10,13,0.814834,0.8114259,0.81610477,0.814834,0.006376217585057,0.0034080744,0.0034080744,0.001270771
MQAttn-QLSTM-VQR classical twin,10,13,0.8079595,0.8103217,0.814834,0.8079595,0.006376217585057,0.0023621917,0.0023621917,0.0068745017
MQAttn-QLSTM-VQR classical twin,10,13,0.8021756,0.8034154,0.8079595,0.8021756,0.006376217585057,0.0012398362,0.0012398362,0.0057839155
MQAttn-QLSTM-VQR classical twin,10,13,0.79717004,0.79762286,0.8021756,0.79717004,0.006376217585057,0.0004528165,0.0004528165,0.0050055385
MQAttn-QLSTM-VQR classical twin,10,16,0.8818277,0.8904054,0.8976548,0.8818277,0.006376217585057,0.008577704,0.008577704,0.01582706
MQAttn-QLSTM-VQR classical twin,10,16,0.85351205,0.87454265,0.8818277,0.85351205,0.006376217585057,0.021030605,0.021030605,0.028315663
MQAttn-QLSTM-VQR classical twin,10,16,0.85120857,0.84636337,0.85351205,0.85120857,0.006376217585057,0.004845202,0.004845202,0.002303481
MQAttn-QLSTM-VQR classical twin,10,16,0.85171896,0.84474194,0.85120857,0.85171896,0.006376217585057,0.0069770217,0.0069770217,0.0005103946
MQAttn-QLSTM-VQR classical twin,10,16,0.84525865,0.84642094,0.85171896,0.84525865,0.006376217585057,0.0011622906,0.0011622906,0.006460309
MQAttn-QLSTM-VQR classical twin,10,16,0.8445039,0.84038603,0.84525865,0.8445039,0.006376217585057,0.0041178465,0.0041178465,0.0007547736
MQAttn-QLSTM-VQR classical twin,10,16,0.8447513,0.83922935,0.8445039,0.8447513,0.006376217585057,0.005521953,0.005521953,0.00024741888
MQAttn-QLSTM-VQR classical twin,10,16,0.84667486,0.83905524,0.8447513,0.84667486,0.006376217585057,0.0076196194,0.0076196194,0.0019235611
MQAttn-QLSTM-VQR classical twin,10,16,0.8452644,0.8409336,0.84667486,0.8452644,0.006376217585057,0.0043307543,0.0043307543,0.0014104843
MQAttn-QLSTM-VQR classical twin,10,16,0.8446674,0.839519,0.8452644,0.8446674,0.006376217585057,0.005148351,0.005148351,0.0005970001
MQAttn-QLSTM-VQR classical twin,10,16,0.8422364,0.83926994,0.8446674,0.8422364,0.006376217585057,0.0029664636,0.0029664636,0.0024309754
MQAttn-QLSTM-VQR classical twin,10,16,0.8112598,0.8370237,0.8422364,0.8112598,0.006376217585057,0.02576387,0.02576387,0.030976593
MQAttn-QLSTM-VQR classical twin,10,16,0.8077768,0.8066823,0.8112598,0.8077768,0.006376217585057,0.0010945201,0.0010945201,0.0034829974
MQAttn-QLSTM-VQR classical twin,10,16,0.8203719,0.8040084,0.8077768,0.8203719,0.006376217585057,0.016363502,0.016363502,0.012595117
MQAttn-QLSTM-VQR classical twin,10,16,0.8319933,0.81650394,0.8203719,0.8319933,0.006376217585057,0.01548934,0.01548934,0.011621356
MQAttn-QLSTM-VQR classical twin,10,16,0.8294752,0.8280437,0.8319933,0.8294752,0.006376217585057,0.0014315248,0.0014315248,0.0025180578
MQAttn-QLSTM-VQR classical twin,10,16,0.8219822,0.8249257,0.8294752,0.8219822,0.006376217585057,0.0029435158,0.0029435158,0.007493019
MQAttn-QLSTM-VQR classical twin,10,16,0.8228044,0.81705505,0.8219822,0.8228044,0.006376217585057,0.005749345,0.005749345,0.00082218647
MQAttn-QLSTM-VQR classical twin,10,16,0.8239294,0.8176481,0.8228044,0.8239294,0.006376217585057,0.0062813163,0.0062813163,0.0011250377
MQAttn-QLSTM-VQR classical twin,10,16,0.8179935,0.8186381,0.8239294,0.8179935,0.006376217585057,0.0006445646,0.0006445646,0.0059359074
MQAttn-QLSTM-VQR classical twin,10,16,0.81704307,0.81312394,0.8179935,0.81704307,0.006376217585057,0.0039191246,0.0039191246,0.00095045567
MQAttn-QLSTM-VQR classical twin,10,16,0.8111669,0.8118513,0.81704307,0.8111669,0.006376217585057,0.00068444014,0.00068444014,0.0058761835
MQAttn-QLSTM-VQR classical twin,10,16,0.8044414,0.8064386,0.8111669,0.8044414,0.006376217585057,0.0019972324,0.0019972324,0.00672549
QLSTM,10,13,0.89387727,0.8892777,0.89579505,0.89387727,0.006376217585057,0.004599571,0.004599571,0.0019177794
QLSTM,10,13,0.8872821,0.88690907,0.89387727,0.8872821,0.006376217585057,0.00037300587,0.00037300587,0.0065951943
QLSTM,10,13,0.8906314,0.88278073,0.8872821,0.8906314,0.006376217585057,0.007850647,0.007850647,0.0033493042
QLSTM,10,13,0.8858322,0.88653105,0.8906314,0.8858322,0.006376217585057,0.00069886446,0.00069886446,0.004799187
QLSTM,10,13,0.8848437,0.8813695,0.8858322,0.8848437,0.006376217585057,0.0034742355,0.0034742355,0.0009884834
QLSTM,10,13,0.8797299,0.8802024,0.8848437,0.8797299,0.006376217585057,0.00047248602,0.00047248602,0.0051137805
QLSTM,10,13,0.87848204,0.8746325,0.8797299,0.87848204,0.006376217585057,0.003849566,0.003849566,0.0012478828
QLSTM,10,13,0.8601056,0.8725413,0.87848204,0.8601056,0.006376217585057,0.012435734,0.012435734,0.01837647
QLSTM,10,13,0.8327076,0.8542936,0.8601056,0.8327076,0.006376217585057,0.021586,0.021586,0.02739799
QLSTM,10,13,0.83351034,0.82746786,0.8327076,0.83351034,0.006376217585057,0.0060424805,0.0060424805,0.00080275536
QLSTM,10,13,0.8292711,0.82790375,0.83351034,0.8292711,0.006376217585057,0.0013673306,0.0013673306,0.004239261
QLSTM,10,13,0.82093954,0.824723,0.8292711,0.82093954,0.006376217585057,0.0037834644,0.0037834644,0.008331537
QLSTM,10,13,0.82007676,0.8170553,0.82093954,0.82007676,0.006376217585057,0.0030214787,0.0030214787,0.00086277723
QLSTM,10,13,0.82287234,0.816678,0.82007676,0.82287234,0.006376217585057,0.006194353,0.006194353,0.002795577
QLSTM,10,13,0.82472265,0.8187549,0.82287234,0.82472265,0.006376217585057,0.0059677362,0.0059677362,0.001850307
QLSTM,10,13,0.82127243,0.8208588,0.82472265,0.82127243,0.006376217585057,0.00041365623,0.00041365623,0.0034502149
QLSTM,10,13,0.8146525,0.81690747,0.82127243,0.8146525,0.006376217585057,0.002254963,0.002254963,0.0066199303
QLSTM,10,13,0.81610477,0.8100144,0.8146525,0.81610477,0.006376217585057,0.006090343,0.006090343,0.0014522672
QLSTM,10,13,0.814834,0.8115475,0.81610477,0.814834,0.006376217585057,0.003286481,0.003286481,0.001270771
QLSTM,10,13,0.8079595,0.8103597,0.814834,0.8079595,0.006376217585057,0.0024002194,0.0024002194,0.0068745017
QLSTM,10,13,0.8021756,0.80345154,0.8079595,0.8021756,0.006376217585057,0.0012759566,0.0012759566,0.0057839155
QLSTM,10,13,0.79717004,0.7970753,0.8021756,0.79717004,0.006376217585057,9.4771385e-05,9.4771385e-05,0.0050055385
QLSTM,10,16,0.8818277,0.89144653,0.8976548,0.8818277,0.006376217585057,0.009618819,0.009618819,0.01582706
QLSTM,10,16,0.85351205,0.875096,0.8818277,0.85351205,0.006376217585057,0.021583974,0.021583974,0.028315663
QLSTM,10,16,0.85120857,0.8471424,0.85351205,0.85120857,0.006376217585057,0.0040661693,0.0040661693,0.002303481
QLSTM,10,16,0.85171896,0.8455328,0.85120857,0.85171896,0.006376217585057,0.0061861873,0.0061861873,0.0005103946
QLSTM,10,16,0.84525865,0.8464388,0.85171896,0.84525865,0.006376217585057,0.001180172,0.001180172,0.006460309
QLSTM,10,16,0.8445039,0.84223545,0.84525865,0.8445039,0.006376217585057,0.0022684336,0.0022684336,0.0007547736
QLSTM,10,16,0.8447513,0.84105456,0.8445039,0.8447513,0.006376217585057,0.0036967397,0.0036967397,0.00024741888
QLSTM,10,16,0.84667486,0.8406815,0.8447513,0.84667486,0.006376217585057,0.0059933662,0.0059933662,0.0019235611
QLSTM,10,16,0.8452644,0.841641,0.84667486,0.8452644,0.006376217585057,0.0036233664,0.0036233664,0.0014104843
QLSTM,10,16,0.8446674,0.8394419,0.8452644,0.8446674,0.006376217585057,0.0052254796,0.0052254796,0.0005970001
QLSTM,10,16,0.8422364,0.8385039,0.8446674,0.8422364,0.006376217585057,0.0037325025,0.0037325025,0.0024309754
QLSTM,10,16,0.8112598,0.83626664,0.8422364,0.8112598,0.006376217585057,0.02500683,0.02500683,0.030976593
QLSTM,10,16,0.8077768,0.80630404,0.8112598,0.8077768,0.006376217585057,0.0014727712,0.0014727712,0.0034829974
QLSTM,10,16,0.8203719,0.80454546,0.8077768,0.8203719,0.006376217585057,0.015826464,0.015826464,0.012595117
QLSTM,10,16,0.8319933,0.81683105,0.8203719,0.8319933,0.006376217585057,0.01516223,0.01516223,0.011621356
QLSTM,10,16,0.8294752,0.8285848,0.8319933,0.8294752,0.006376217585057,0.0008904338,0.0008904338,0.0025180578
QLSTM,10,16,0.8219822,0.82517433,0.8294752,0.8219822,0.006376217585057,0.0031921268,0.0031921268,0.007493019
QLSTM,10,16,0.8228044,0.81817573,0.8219822,0.8228044,0.006376217585057,0.0046286583,0.0046286583,0.00082218647
QLSTM,10,16,0.8239294,0.81790906,0.8228044,0.8239294,0.006376217585057,0.006020367,0.006020367,0.0011250377
QLSTM,10,16,0.8179935,0.818811,0.8239294,0.8179935,0.006376217585057,0.0008174777,0.0008174777,0.0059359074
QLSTM,10,16,0.81704307,0.8131223,0.8179935,0.81704307,0.006376217585057,0.0039207935,0.0039207935,0.00095045567
QLSTM,10,16,0.8111669,0.8114088,0.81704307,0.8111669,0.006376217585057,0.00024193525,0.00024193525,0.0058761835
QLSTM,10,16,0.8044414,0.80597335,0.8111669,0.8044414,0.006376217585057,0.0015319586,0.0015319586,0.00672549
LSTM,10,13,0.89387727,0.8899155,0.89579505,0.89387727,0.006376217585057,0.003961742,0.003961742,0.0019177794
LSTM,10,13,0.8872821,0.8876566,0.89387727,0.8872821,0.006376217585057,0.0003745556,0.0003745556,0.0065951943
LSTM,10,13,0.8906314,0.88214886,0.8872821,0.8906314,0.006376217585057,0.008482516,0.008482516,0.0033493042
LSTM,10,13,0.8858322,0.88454026,0.8906314,0.8858322,0.006376217585057,0.0012919307,0.0012919307,0.004799187
LSTM,10,13,0.8848437,0.8816811,0.8858322,0.8848437,0.006376217585057,0.0031626225,0.0031626225,0.0009884834
LSTM,10,13,0.8797299,0.88108194,0.8848437,0.8797299,0.006376217585057,0.0013520122,0.0013520122,0.0051137805
LSTM,10,13,0.87848204,0.8753166,0.8797299,0.87848204,0.006376217585057,0.0031654239,0.0031654239,0.0012478828
LSTM,10,13,0.8601056,0.8733013,0.87848204,0.8601056,0.006376217585057,0.013195753,0.013195753,0.01837647
LSTM,10,13,0.8327076,0.8550007,0.8601056,0.8327076,0.006376217585057,0.02229309,0.02229309,0.02739799
LSTM,10,13,0.83351034,0.82805485,0.8327076,0.83351034,0.006376217585057,0.005455494,0.005455494,0.00080275536
LSTM,10,13,0.8292711,0.8285034,0.83351034,0.8292711,0.006376217585057,0.0007677078,0.0007677078,0.004239261
LSTM,10,13,0.82093954,0.82439405,0.8292711,0.82093954,0.006376217585057,0.0034545064,0.0034545064,0.008331537
LSTM,10,13,0.82007676,0.8165487,0.82093954,0.82007676,0.006376217585057,0.0035280585,0.0035280585,0.00086277723
LSTM,10,13,0.82287234,0.8160626,0.82007676,0.82287234,0.006376217585057,0.0068097115,0.0068097115,0.002795577
LSTM,10,13,0.82472265,0.8182915,0.82287234,0.82472265,0.006376217585057,0.0064311624,0.0064311624,0.001850307
LSTM,10,13,0.82127243,0.82034445,0.82472265,0.82127243,0.006376217585057,0.0009279847,0.0009279847,0.0034502149
LSTM,10,13,0.8146525,0.81618685,0.82127243,0.8146525,0.006376217585057,0.0015343428,0.0015343428,0.0066199303
LSTM,10,13,0.81610477,0.8104897,0.8146525,0.81610477,0.006376217585057,0.0056150556,0.0056150556,0.0014522672
LSTM,10,13,0.814834,0.8117157,0.81610477,0.814834,0.006376217585057,0.0031182766,0.0031182766,0.001270771
LSTM,10,13,0.8079595,0.8101457,0.814834,0.8079595,0.006376217585057,0.0021861792,0.0021861792,0.0068745017
LSTM,10,13,0.8021756,0.803711,0.8079595,0.8021756,0.006376217585057,0.0015354156,0.0015354156,0.0057839155
LSTM,10,13,0.79717004,0.7980943,0.8021756,0.79717004,0.006376217585057,0.0009242296,0.0009242296,0.0050055385
LSTM,10,16,0.8818277,0.89055693,0.8976548,0.8818277,0.006376217585057,0.008729219,0.008729219,0.01582706
LSTM,10,16,0.85351205,0.8750269,0.8818277,0.85351205,0.006376217585057,0.021514833,0.021514833,0.028315663
LSTM,10,16,0.85120857,0.84801185,0.85351205,0.85120857,0.006376217585057,0.0031967163,0.0031967163,0.002303481
LSTM,10,16,0.85171896,0.84524035,0.85120857,0.85171896,0.006376217585057,0.0064786077,0.0064786077,0.0005103946
LSTM,10,16,0.84525865,0.8472904,0.85171896,0.84525865,0.006376217585057,0.0020317435,0.0020317435,0.006460309
LSTM,10,16,0.8445039,0.84218246,0.84525865,0.8445039,0.006376217585057,0.002321422,0.002321422,0.0007547736
LSTM,10,16,0.8447513,0.84107864,0.8445039,0.8447513,0.006376217585057,0.0036726594,0.0036726594,0.00024741888
LSTM,10,16,0.84667486,0.8400273,0.8447513,0.84667486,0.006376217585057,0.006647587,0.006647587,0.0019235611
LSTM,10,16,0.8452644,0.841169,0.84667486,0.8452644,0.006376217585057,0.0040953755,0.0040953755,0.0014104843
LSTM,10,16,0.8446674,0.8393711,0.8452644,0.8446674,0.006376217585057,0.00529629,0.00529629,0.0005970001
LSTM,10,16,0.8422364,0.838888,0.8446674,0.8422364,0.006376217585057,0.0033484101,0.0033484101,0.0024309754
LSTM,10,16,0.8112598,0.8369727,0.8422364,0.8112598,0.006376217585057,0.025712907,0.025712907,0.030976593
LSTM,10,16,0.8077768,0.8067291,0.8112598,0.8077768,0.006376217585057,0.0010477304,0.0010477304,0.0034829974
LSTM,10,16,0.8203719,0.8037052,0.8077768,0.8203719,0.006376217585057,0.01666671,0.01666671,0.012595117
LSTM,10,16,0.8319933,0.8164804,0.8203719,0.8319933,0.006376217585057,0.015512884,0.015512884,0.011621356
LSTM,10,16,0.8294752,0.82757705,0.8319933,0.8294752,0.006376217585057,0.0018981695,0.0018981695,0.0025180578
LSTM,10,16,0.8219822,0.8251142,0.8294752,0.8219822,0.006376217585057,0.0031319857,0.0031319857,0.007493019
LSTM,10,16,0.8228044,0.8172193,0.8219822,0.8228044,0.006376217585057,0.0055850744,0.0055850744,0.00082218647
LSTM,10,16,0.8239294,0.81754607,0.8228044,0.8239294,0.006376217585057,0.0063833594,0.0063833594,0.0011250377
LSTM,10,16,0.8179935,0.8186294,0.8239294,0.8179935,0.006376217585057,0.00063586235,0.00063586235,0.0059359074
LSTM,10,16,0.81704307,0.81323826,0.8179935,0.81704307,0.006376217585057,0.003804803,0.003804803,0.00095045567
LSTM,10,16,0.8111669,0.8119259,0.81704307,0.8111669,0.006376217585057,0.00075900555,0.00075900555,0.0058761835
LSTM,10,16,0.8044414,0.8065402,0.8111669,0.8044414,0.006376217585057,0.0020987988,0.0020987988,0.00672549
GRU,10,13,0.89387727,0.8902246,0.89579505,0.89387727,0.006376217585057,0.0036526918,0.0036526918,0.0019177794
GRU,10,13,0.8872821,0.8879768,0.89387727,0.8872821,0.006376217585057,0.00069475174,0.00069475174,0.0065951943
GRU,10,13,0.8906314,0.88105804,0.8872821,0.8906314,0.006376217585057,0.00957334,0.00957334,0.0033493042
GRU,10,13,0.8858322,0.88519454,0.8906314,0.8858322,0.006376217585057,0.0006376505,0.0006376505,0.004799187
GRU,10,13,0.8848437,0.8805592,0.8858322,0.8848437,0.006376217585057,0.004284501,0.004284501,0.0009884834
GRU,10,13,0.8797299,0.8809185,0.8848437,0.8797299,0.006376217585057,0.0011885762,0.0011885762,0.0051137805
GRU,10,13,0.87848204,0.8762014,0.8797299,0.87848204,0.006376217585057,0.0022806525,0.0022806525,0.0012478828
GRU,10,13,0.8601056,0.87495255,0.87848204,0.8601056,0.006376217585057,0.014846981,0.014846981,0.01837647
GRU,10,13,0.8327076,0.85639113,0.8601056,0.8327076,0.006376217585057,0.023683548,0.023683548,0.02739799
GRU,10,13,0.83351034,0.82899964,0.8327076,0.83351034,0.006376217585057,0.0045107007,0.0045107007,0.00080275536
GRU,10,13,0.8292711,0.8293554,0.83351034,0.8292711,0.006376217585057,8.434057e-05,8.434057e-05,0.004239261
GRU,10,13,0.82093954,0.82541287,0.8292711,0.82093954,0.006376217585057,0.0044733286,0.0044733286,0.008331537
GRU,10,13,0.82007676,0.8172546,0.82093954,0.82007676,0.006376217585057,0.0028221607,0.0028221607,0.00086277723
GRU,10,13,0.82287234,0.8169581,0.82007676,0.82287234,0.006376217585057,0.0059142113,0.0059142113,0.002795577
GRU,10,13,0.82472265,0.81977,0.82287234,0.82472265,0.006376217585057,0.004952669,0.004952669,0.001850307
GRU,10,13,0.82127243,0.8217396,0.82472265,0.82127243,0.006376217585057,0.0004671812,0.0004671812,0.0034502149
GRU,10,13,0.8146525,0.8176726,0.82127243,0.8146525,0.006376217585057,0.0030201077,0.0030201077,0.0066199303
GRU,10,13,0.81610477,0.8103338,0.8146525,0.81610477,0.006376217585057,0.0057709813,0.0057709813,0.0014522672
GRU,10,13,0.814834,0.8119764,0.81610477,0.814834,0.006376217585057,0.0028576255,0.0028576255,0.001270771
GRU,10,13,0.8079595,0.81040937,0.814834,0.8079595,0.006376217585057,0.00244987,0.00244987,0.0068745017
GRU,10,13,0.8021756,0.80362076,0.8079595,0.8021756,0.006376217585057,0.0014451742,0.0014451742,0.0057839155
GRU,10,13,0.79717004,0.7970577,0.8021756,0.79717004,0.006376217585057,0.000112354755,0.000112354755,0.0050055385
GRU,10,16,0.8818277,0.8917543,0.8976548,0.8818277,0.006376217585057,0.009926617,0.009926617,0.01582706
GRU,10,16,0.85351205,0.87592727,0.8818277,0.85351205,0.006376217585057,0.02241522,0.02241522,0.028315663
GRU,10,16,0.85120857,0.8476116,0.85351205,0.85120857,0.006376217585057,0.0035969615,0.0035969615,0.002303481
GRU,10,16,0.85171896,0.8453081,0.85120857,0.85171896,0.006376217585057,0.006410837,0.006410837,0.0005103946
GRU,10,16,0.84525865,0.84590626,0.85171896,0.84525865,0.006376217585057,0.00064760447,0.00064760447,0.006460309
GRU,10,16,0.8445039,0.84001833,0.84525865,0.8445039,0.006376217585057,0.0044855475,0.0044855475,0.0007547736
GRU,10,16,0.8447513,0.8402806,0.8445039,0.8447513,0.006376217585057,0.004470706,0.004470706,0.00024741888
GRU,10,16,0.84667486,0.8405539,0.8447513,0.84667486,0.006376217585057,0.00612098,0.00612098,0.0019235611
GRU,10,16,0.8452644,0.84249526,0.84667486,0.8452644,0.006376217585057,0.0027691126,0.0027691126,0.0014104843
GRU,10,16,0.8446674,0.8409417,0.8452644,0.8446674,0.006376217585057,0.003725648,0.003725648,0.0005970001
GRU,10,16,0.8422364,0.8404769,0.8446674,0.8422364,0.006376217585057,0.0017595291,0.0017595291,0.0024309754
GRU,10,16,0.8112598,0.8382035,0.8422364,0.8112598,0.006376217585057,0.026943684,0.026943684,0.030976593
GRU,10,16,0.8077768,0.8068273,0.8112598,0.8077768,0.006376217585057,0.000949502,0.000949502,0.0034829974
GRU,10,16,0.8203719,0.8036063,0.8077768,0.8203719,0.006376217585057,0.016765654,0.016765654,0.012595117
GRU,10,16,0.8319933,0.8162709,0.8203719,0.8319933,0.006376217585057,0.015722394,0.015722394,0.011621356
GRU,10,16,0.8294752,0.8285095,0.8319933,0.8294752,0.006376217585057,0.00096571445,0.00096571445,0.0025180578
GRU,10,16,0.8219822,0.8257979,0.8294752,0.8219822,0.006376217585057,0.0038157105,0.0038157105,0.007493019
GRU,10,16,0.8228044,0.8182673,0.8219822,0.8228044,0.006376217585057,0.0045371056,0.0045371056,0.00082218647
GRU,10,16,0.8239294,0.81882066,0.8228044,0.8239294,0.006376217585057,0.0051087737,0.0051087737,0.0011250377
GRU,10,16,0.8179935,0.81962276,0.8239294,0.8179935,0.006376217585057,0.0016292334,0.0016292334,0.0059359074
GRU,10,16,0.81704307,0.813913,0.8179935,0.81704307,0.006376217585057,0.0031300783,0.0031300783,0.00095045567
GRU,10,16,0.8111669,0.8126121,0.81704307,0.8111669,0.006376217585057,0.0014452338,0.0014452338,0.0058761835
GRU,10,16,0.8044414,0.80670345,0.8111669,0.8044414,0.006376217585057,0.0022620559,0.0022620559,0.00672549
MLP,10,13,0.89387727,0.88669235,0.89579505,0.89387727,0.006376217585057,0.0071849227,0.0071849227,0.0019177794
MLP,10,13,0.8872821,0.8852663,0.89387727,0.8872821,0.006376217585057,0.0020157695,0.0020157695,0.0065951943
MLP,10,13,0.8906314,0.86374295,0.8872821,0.8906314,0.006376217585057,0.02688843,0.02688843,0.0033493042
MLP,10,13,0.8858322,0.86068845,0.8906314,0.8858322,0.006376217585057,0.025143743,0.025143743,0.004799187
MLP,10,13,0.8848437,0.8783948,0.8858322,0.8848437,0.006376217585057,0.0064489245,0.0064489245,0.0009884834
MLP,10,13,0.8797299,0.8858431,0.8848437,0.8797299,0.006376217585057,0.0061131716,0.0061131716,0.0051137805
MLP,10,13,0.87848204,0.87704605,0.8797299,0.87848204,0.006376217585057,0.0014359951,0.0014359951,0.0012478828
MLP,10,13,0.8601056,0.86869544,0.87848204,0.8601056,0.006376217585057,0.008589864,0.008589864,0.01837647
MLP,10,13,0.8327076,0.85108876,0.8601056,0.8327076,0.006376217585057,0.018381178,0.018381178,0.02739799
MLP,10,13,0.83351034,0.8246072,0.8327076,0.83351034,0.006376217585057,0.008903146,0.008903146,0.00080275536
MLP,10,13,0.8292711,0.8262582,0.83351034,0.8292711,0.006376217585057,0.0030128956,0.0030128956,0.004239261
MLP,10,13,0.82093954,0.8243868,0.8292711,0.82093954,0.006376217585057,0.0034472346,0.0034472346,0.008331537
MLP,10,13,0.82007676,0.81786495,0.82093954,0.82007676,0.006376217585057,0.0022118092,0.0022118092,0.00086277723
MLP,10,13,0.82287234,0.81967527,0.82007676,0.82287234,0.006376217585057,0.003197074,0.003197074,0.002795577
MLP,10,13,0.82472265,0.82006806,0.82287234,0.82472265,0.006376217585057,0.0046545863,0.0046545863,0.001850307
MLP,10,13,0.82127243,0.8214897,0.82472265,0.82127243,0.006376217585057,0.00021725893,0.00021725893,0.0034502149
MLP,10,13,0.8146525,0.8130683,0.82127243,0.8146525,0.006376217585057,0.0015842319,0.0015842319,0.0066199303
MLP,10,13,0.81610477,0.8110458,0.8146525,0.81610477,0.006376217585057,0.005058944,0.005058944,0.0014522672
MLP,10,13,0.814834,0.8100218,0.81610477,0.814834,0.006376217585057,0.004812181,0.004812181,0.001270771
MLP,10,13,0.8079595,0.814051,0.814834,0.8079595,0.006376217585057,0.0060914755,0.0060914755,0.0068745017
MLP,10,13,0.8021756,0.80769324,0.8079595,0.8021756,0.006376217585057,0.0055176616,0.0055176616,0.0057839155
MLP,10,13,0.79717004,0.80131775,0.8021756,0.79717004,0.006376217585057,0.0041477084,0.0041477084,0.0050055385
MLP,10,16,0.8818277,0.87954396,0.8976548,0.8818277,0.006376217585057,0.002283752,0.002283752,0.01582706
MLP,10,16,0.85351205,0.87866735,0.8818277,0.85351205,0.006376217585057,0.025155306,0.025155306,0.028315663
MLP,10,16,0.85120857,0.8461636,0.85351205,0.85120857,0.006376217585057,0.0050449967,0.0050449967,0.002303481
MLP,10,16,0.85171896,0.85283434,0.85120857,0.85171896,0.006376217585057,0.0011153817,0.0011153817,0.0005103946
MLP,10,16,0.84525865,0.8440374,0.85171896,0.84525865,0.006376217585057,0.0012212396,0.0012212396,0.006460309
MLP,10,16,0.8445039,0.83884966,0.84525865,0.8445039,0.006376217585057,0.005654216,0.005654216,0.0007547736
MLP,10,16,0.8447513,0.8485871,0.8445039,0.8447513,0.006376217585057,0.0038357973,0.0038357973,0.00024741888
MLP,10,16,0.84667486,0.8436766,0.8447513,0.84667486,0.006376217585057,0.0029982328,0.0029982328,0.0019235611
MLP,10,16,0.8452644,0.84304446,0.84667486,0.8452644,0.006376217585057,0.0022199154,0.0022199154,0.0014104843
MLP,10,16,0.8446674,0.8372561,0.8452644,0.8446674,0.006376217585057,0.007411301,0.007411301,0.0005970001
MLP,10,16,0.8422364,0.8366404,0.8446674,0.8422364,0.006376217585057,0.005595982,0.005595982,0.0024309754
MLP,10,16,0.8112598,0.83592695,0.8422364,0.8112598,0.006376217585057,0.024667144,0.024667144,0.030976593
MLP,10,16,0.8077768,0.8079889,0.8112598,0.8077768,0.006376217585057,0.00021207333,0.00021207333,0.0034829974
MLP,10,16,0.8203719,0.8053476,0.8077768,0.8203719,0.006376217585057,0.015024304,0.015024304,0.012595117
MLP,10,16,0.8319933,0.82170796,0.8203719,0.8319933,0.006376217585057,0.010285318,0.010285318,0.011621356
MLP,10,16,0.8294752,0.8294671,0.8319933,0.8294752,0.006376217585057,8.106232e-06,8.106232e-06,0.0025180578
MLP,10,16,0.8219822,0.823842,0.8294752,0.8219822,0.006376217585057,0.0018597841,0.0018597841,0.007493019
MLP,10,16,0.8228044,0.81602955,0.8219822,0.8228044,0.006376217585057,0.0067748427,0.0067748427,0.00082218647
MLP,10,16,0.8239294,0.8177536,0.8228044,0.8239294,0.006376217585057,0.006175816,0.006175816,0.0011250377
MLP,10,16,0.8179935,0.81776774,0.8239294,0.8179935,0.006376217585057,0.0002257824,0.0002257824,0.0059359074
MLP,10,16,0.81704307,0.8136996,0.8179935,0.81704307,0.006376217585057,0.003343463,0.003343463,0.00095045567
MLP,10,16,0.8111669,0.813319,0.81704307,0.8111669,0.006376217585057,0.002152145,0.002152145,0.0058761835
MLP,10,16,0.8044414,0.8062242,0.8111669,0.8044414,0.006376217585057,0.0017828345,0.0017828345,0.00672549
Seq2Seq,10,13,0.89387727,0.8915192,0.89579505,0.89387727,0.006376217585057,0.002358079,0.002358079,0.0019177794
Seq2Seq,10,13,0.8872821,0.88820654,0.89387727,0.8872821,0.006376217585057,0.00092446804,0.00092446804,0.0065951943
Seq2Seq,10,13,0.8906314,0.8789383,0.8872821,0.8906314,0.006376217585057,0.01169306,0.01169306,0.0033493042
Seq2Seq,10,13,0.8858322,0.88057876,0.8906314,0.8858322,0.006376217585057,0.005253434,0.005253434,0.004799187
Seq2Seq,10,13,0.8848437,0.8784743,0.8858322,0.8848437,0.006376217585057,0.006369412,0.006369412,0.0009884834
Seq2Seq,10,13,0.8797299,0.8775759,0.8848437,0.8797299,0.006376217585057,0.0021540523,0.0021540523,0.0051137805
Seq2Seq,10,13,0.87848204,0.8742353,0.8797299,0.87848204,0.006376217585057,0.0042467713,0.0042467713,0.0012478828
Seq2Seq,10,13,0.8601056,0.86937,0.87848204,0.8601056,0.006376217585057,0.00926441,0.00926441,0.01837647
Seq2Seq,10,13,0.8327076,0.85429996,0.8601056,0.8327076,0.006376217585057,0.021592379,0.021592379,0.02739799
Seq2Seq,10,13,0.83351034,0.8286764,0.8327076,0.83351034,0.006376217585057,0.0048339367,0.0048339367,0.00080275536
Seq2Seq,10,13,0.8292711,0.8282925,0.83351034,0.8292711,0.006376217585057,0.000978589,0.000978589,0.004239261
Seq2Seq,10,13,0.82093954,0.82410556,0.8292711,0.82093954,0.006376217585057,0.00316602,0.00316602,0.008331537
Seq2Seq,10,13,0.82007676,0.8180065,0.82093954,0.82007676,0.006376217585057,0.0020702481,0.0020702481,0.00086277723
Seq2Seq,10,13,0.82287234,0.8194867,0.82007676,0.82287234,0.006376217585057,0.003385663,0.003385663,0.002795577
Seq2Seq,10,13,0.82472265,0.82130235,0.82287234,0.82472265,0.006376217585057,0.0034202933,0.0034202933,0.001850307
Seq2Seq,10,13,0.82127243,0.82216233,0.82472265,0.82127243,0.006376217585057,0.00088989735,0.00088989735,0.0034502149
Seq2Seq,10,13,0.8146525,0.81541353,0.82127243,0.8146525,0.006376217585057,0.0007610321,0.0007610321,0.0066199303
Seq2Seq,10,13,0.81610477,0.81124884,0.8146525,0.81610477,0.006376217585057,0.004855931,0.004855931,0.0014522672
Seq2Seq,10,13,0.814834,0.8127468,0.81610477,0.814834,0.006376217585057,0.0020871758,0.0020871758,0.001270771
Seq2Seq,10,13,0.8079595,0.8103104,0.814834,0.8079595,0.006376217585057,0.0023509264,0.0023509264,0.0068745017
Seq2Seq,10,13,0.8021756,0.8055693,0.8079595,0.8021756,0.006376217585057,0.0033937097,0.0033937097,0.0057839155
Seq2Seq,10,13,0.79717004,0.7993475,0.8021756,0.79717004,0.006376217585057,0.0021774769,0.0021774769,0.0050055385
Seq2Seq,10,16,0.8818277,0.89093095,0.8976548,0.8818277,0.006376217585057,0.009103239,0.009103239,0.01582706
Seq2Seq,10,16,0.85351205,0.8760265,0.8818277,0.85351205,0.006376217585057,0.022514462,0.022514462,0.028315663
Seq2Seq,10,16,0.85120857,0.84912896,0.85351205,0.85120857,0.006376217585057,0.002079606,0.002079606,0.002303481
Seq2Seq,10,16,0.85171896,0.84686595,0.85120857,0.85171896,0.006376217585057,0.00485301,0.00485301,0.0005103946
Seq2Seq,10,16,0.84525865,0.84954745,0.85171896,0.84525865,0.006376217585057,0.0042887926,0.0042887926,0.006460309
Seq2Seq,10,16,0.8445039,0.844775,0.84525865,0.8445039,0.006376217585057,0.00027114153,0.00027114153,0.0007547736
Seq2Seq,10,16,0.8447513,0.8444407,0.8445039,0.8447513,0.006376217585057,0.0003105998,0.0003105998,0.00024741888
Seq2Seq,10,16,0.84667486,0.8433287,0.8447513,0.84667486,0.006376217585057,0.0033461452,0.0033461452,0.0019235611
Seq2Seq,10,16,0.8452644,0.8419829,0.84667486,0.8452644,0.006376217585057,0.003281474,0.003281474,0.0014104843
Seq2Seq,10,16,0.8446674,0.8381548,0.8452644,0.8446674,0.006376217585057,0.0065125823,0.0065125823,0.0005970001
Seq2Seq,10,16,0.8422364,0.8369315,0.8446674,0.8422364,0.006376217585057,0.005304873,0.005304873,0.0024309754
Seq2Seq,10,16,0.8112598,0.83589065,0.8422364,0.8112598,0.006376217585057,0.024630845,0.024630845,0.030976593
Seq2Seq,10,16,0.8077768,0.8083326,0.8112598,0.8077768,0.006376217585057,0.0005558133,0.0005558133,0.0034829974
Seq2Seq,10,16,0.8203719,0.80652726,0.8077768,0.8203719,0.006376217585057,0.013844669,0.013844669,0.012595117
Seq2Seq,10,16,0.8319933,0.8196644,0.8203719,0.8319933,0.006376217585057,0.012328863,0.012328863,0.011621356
Seq2Seq,10,16,0.8294752,0.82929087,0.8319933,0.8294752,0.006376217585057,0.00018435717,0.00018435717,0.0025180578
Seq2Seq,10,16,0.8219822,0.8272191,0.8294752,0.8219822,0.006376217585057,0.0052369237,0.0052369237,0.007493019
Seq2Seq,10,16,0.8228044,0.81677914,0.8219822,0.8228044,0.006376217585057,0.0060252547,0.0060252547,0.00082218647
Seq2Seq,10,16,0.8239294,0.81790835,0.8228044,0.8239294,0.006376217585057,0.0060210824,0.0060210824,0.0011250377
Seq2Seq,10,16,0.8179935,0.81824076,0.8239294,0.8179935,0.006376217585057,0.00024724007,0.00024724007,0.0059359074
Seq2Seq,10,16,0.81704307,0.81452924,0.8179935,0.81704307,0.006376217585057,0.002513826,0.002513826,0.00095045567
Seq2Seq,10,16,0.8111669,0.8121525,0.81704307,0.8111669,0.006376217585057,0.0009856224,0.0009856224,0.0058761835
Seq2Seq,10,16,0.8044414,0.8077899,0.8111669,0.8044414,0.006376217585057,0.0033485293,0.0033485293,0.00672549
