model,fold,veh,y,pred,anchor,raw,naive_train,ae,ae_raw,ae_pers
Persistence,1,2,0.88198084,0.89649385,0.89649385,0.8752713,0.0056309499777853,0.014513016,0.021222532,0.014513016
Persistence,1,2,0.87172556,0.88198084,0.88198084,0.87212044,0.0056309499777853,0.010255277,0.009860396,0.010255277
Persistence,1,2,0.86715025,0.87172556,0.87172556,0.87182397,0.0056309499777853,0.004575312,9.840727e-05,0.004575312
Persistence,1,2,0.8670523,0.86715025,0.86715025,0.8723264,0.0056309499777853,9.793043e-05,0.005176127,9.793043e-05
Persistence,1,2,0.8654877,0.8670523,0.8670523,0.8657995,0.0056309499777853,0.0015646219,0.00125283,0.0015646219
Persistence,1,2,0.8620998,0.8654877,0.8654877,0.86035806,0.0056309499777853,0.0033878684,0.0051296353,0.0033878684
Persistence,1,2,0.860077,0.8620998,0.8620998,0.8612825,0.0056309499777853,0.0020228028,0.0008172989,0.0020228028
Persistence,1,2,0.85320187,0.860077,0.860077,0.85068226,0.0056309499777853,0.0068751574,0.009394765,0.0068751574
Persistence,1,2,0.8461148,0.85320187,0.85320187,0.84458315,0.0056309499777853,0.007087052,0.008618712,0.007087052
Persistence,1,2,0.84197843,0.8461148,0.8461148,0.8434805,0.0056309499777853,0.0041363835,0.0026342869,0.0041363835
Persistence,1,2,0.8389886,0.84197843,0.84197843,0.8406782,0.0056309499777853,0.0029898286,0.0013002157,0.0029898286
Persistence,1,2,0.8298751,0.8389886,0.8389886,0.8257304,0.0056309499777853,0.009113491,0.013258219,0.009113491
Persistence,1,2,0.8178124,0.8298751,0.8298751,0.81345356,0.0056309499777853,0.012062728,0.016421556,0.012062728
Persistence,1,2,0.8125281,0.8178124,0.8178124,0.8163983,0.0056309499777853,0.0052843094,0.0014140606,0.0052843094
Persistence,1,2,0.80962837,0.8125281,0.8125281,0.81351084,0.0056309499777853,0.0028997064,0.0009827614,0.0028997064
Persistence,1,2,0.8125255,0.80962837,0.80962837,0.8176731,0.0056309499777853,0.0028971434,0.00804472,0.0028971434
Persistence,1,2,0.81089014,0.8125255,0.8125255,0.8088941,0.0056309499777853,0.0016353726,0.003631413,0.0016353726
Persistence,1,2,0.80638695,0.81089014,0.81089014,0.8036141,0.0056309499777853,0.0045031905,0.007276058,0.0045031905
Persistence,1,2,0.802703,0.80638695,0.80638695,0.8030973,0.0056309499777853,0.0036839247,0.00328964,0.0036839247
Persistence,1,2,0.8002414,0.802703,0.802703,0.80167353,0.0056309499777853,0.0024616122,0.0010294914,0.0024616122
Persistence,1,2,0.7962754,0.8002414,0.8002414,0.7954083,0.0056309499777853,0.0039660335,0.004833102,0.0039660335
Persistence,1,2,0.79244745,0.7962754,0.7962754,0.7916841,0.0056309499777853,0.0038279295,0.004591286,0.0038279295
Persistence,1,2,0.7893605,0.79244745,0.79244745,0.7898369,0.0056309499777853,0.0030869246,0.0026105642,0.0030869246
Persistence,1,19,0.87176514,0.882705,0.882705,0.8735683,0.0056309499777853,0.0109398365,0.009136677,0.0109398365
Persistence,1,19,0.8643261,0.87176514,0.87176514,0.8690182,0.0056309499777853,0.0074390173,0.0027469397,0.0074390173
Persistence,1,19,0.86521614,0.8643261,0.8643261,0.8727613,0.0056309499777853,0.00089001656,0.00843519,0.00089001656
Persistence,1,19,0.85643786,0.86521614,0.86521614,0.8516162,0.0056309499777853,0.008778274,0.013599932,0.008778274
Persistence,1,19,0.84929764,0.85643786,0.85643786,0.8481611,0.0056309499777853,0.007140219,0.008276761,0.007140219
Persistence,1,19,0.8448716,0.84929764,0.84929764,0.84774715,0.0056309499777853,0.004426062,0.0015504956,0.004426062
Persistence,1,19,0.8443298,0.8448716,0.8448716,0.848996,0.0056309499777853,0.0005418062,0.004124403,0.0005418062
Persistence,1,19,0.84465003,0.8443298,0.8443298,0.84651417,0.0056309499777853,0.00032025576,0.002184391,0.00032025576
Persistence,1,19,0.8473331,0.84465003,0.84465003,0.8491494,0.0056309499777853,0.0026830435,0.004499376,0.0026830435
Persistence,1,19,0.8467591,0.8473331,0.8473331,0.8456575,0.0056309499777853,0.00057399273,0.0016755462,0.00057399273
Persistence,1,19,0.839568,0.8467591,0.8467591,0.8345627,0.0056309499777853,0.007191062,0.012196362,0.007191062
Persistence,1,19,0.8245411,0.839568,0.839568,0.8166507,0.0056309499777853,0.015026927,0.02291733,0.015026927
Persistence,1,19,0.8143626,0.8245411,0.8245411,0.8150793,0.0056309499777853,0.010178506,0.00946182,0.010178506
Persistence,1,19,0.8105752,0.8143626,0.8143626,0.8160987,0.0056309499777853,0.0037873983,0.0017361045,0.0037873983
Persistence,1,19,0.810767,0.8105752,0.8105752,0.8152849,0.0056309499777853,0.00019180775,0.0047097206,0.00019180775
Persistence,1,19,0.81080055,0.810767,0.810767,0.8114515,0.0056309499777853,3.3557415e-05,0.00068449974,3.3557415e-05
Persistence,1,19,0.8047899,0.81080055,0.81080055,0.80045074,0.0056309499777853,0.0060106516,0.01034981,0.0060106516
Persistence,1,19,0.79417217,0.8047899,0.8047899,0.78979313,0.0056309499777853,0.010617733,0.014996767,0.010617733
Persistence,1,19,0.7857069,0.79417217,0.79417217,0.7861868,0.0056309499777853,0.00846529,0.0079853535,0.00846529
Persistence,1,19,0.7845029,0.7857069,0.7857069,0.79020286,0.0056309499777853,0.0012039542,0.0044959784,0.0012039542
Persistence,1,19,0.78591484,0.7845029,0.7845029,0.78965634,0.0056309499777853,0.0014119148,0.0051534176,0.0014119148
Persistence,1,19,0.78457683,0.78591484,0.78591484,0.783259,0.0056309499777853,0.0013380051,0.0026558638,0.0013380051
Persistence,1,19,0.7784937,0.78457683,0.78457683,0.7744164,0.0056309499777853,0.006083131,0.010160446,0.006083131
MQAttn-LSTM-VQR,1,2,0.88198084,0.8911407,0.89649385,0.8752713,0.0056309499777853,0.009159863,0.015869379,0.014513016
MQAttn-LSTM-VQR,1,2,0.87172556,0.8767406,0.88198084,0.87212044,0.0056309499777853,0.0050150156,0.004620135,0.010255277
MQAttn-LSTM-VQR,1,2,0.86715025,0.8664793,0.87172556,0.87182397,0.0056309499777853,0.0006709695,0.005344689,0.004575312
MQAttn-LSTM-VQR,1,2,0.8670523,0.86108065,0.86715025,0.8723264,0.0056309499777853,0.00597167,0.011245728,9.793043e-05
MQAttn-LSTM-VQR,1,2,0.8654877,0.8617492,0.8670523,0.8657995,0.0056309499777853,0.0037385225,0.0040503144,0.0015646219
MQAttn-LSTM-VQR,1,2,0.8620998,0.86269754,0.8654877,0.86035806,0.0056309499777853,0.0005977154,0.0023394823,0.0033878684
MQAttn-LSTM-VQR,1,2,0.860077,0.8597812,0.8620998,0.8612825,0.0056309499777853,0.00029581785,0.0015013218,0.0020228028
MQAttn-LSTM-VQR,1,2,0.85320187,0.85906005,0.860077,0.85068226,0.0056309499777853,0.005858183,0.00837779,0.0068751574
MQAttn-LSTM-VQR,1,2,0.8461148,0.85014033,0.85320187,0.84458315,0.0056309499777853,0.004025519,0.0055571795,0.007087052
MQAttn-LSTM-VQR,1,2,0.84197843,0.84526443,0.8461148,0.8434805,0.0056309499777853,0.003286004,0.0017839074,0.0041363835
MQAttn-LSTM-VQR,1,2,0.8389886,0.8397218,0.84197843,0.8406782,0.0056309499777853,0.00073319674,0.00095641613,0.0029898286
MQAttn-LSTM-VQR,1,2,0.8298751,0.83568966,0.8389886,0.8257304,0.0056309499777853,0.0058145523,0.0099592805,0.009113491
MQAttn-LSTM-VQR,1,2,0.8178124,0.82708913,0.8298751,0.81345356,0.0056309499777853,0.009276748,0.013635576,0.012062728
MQAttn-LSTM-VQR,1,2,0.8125281,0.8182655,0.8178124,0.8163983,0.0056309499777853,0.005737424,0.0018671751,0.0052843094
MQAttn-LSTM-VQR,1,2,0.80962837,0.80975837,0.8125281,0.81351084,0.0056309499777853,0.00012999773,0.00375247,0.0028997064
MQAttn-LSTM-VQR,1,2,0.8125255,0.80667406,0.80962837,0.8176731,0.0056309499777853,0.0058514476,0.010999024,0.0028971434
MQAttn-LSTM-VQR,1,2,0.81089014,0.8094105,0.8125255,0.8088941,0.0056309499777853,0.0014796257,0.00051641464,0.0016353726
MQAttn-LSTM-VQR,1,2,0.80638695,0.80717987,0.81089014,0.8036141,0.0056309499777853,0.0007929206,0.0035657883,0.0045031905
MQAttn-LSTM-VQR,1,2,0.802703,0.80297756,0.80638695,0.8030973,0.0056309499777853,0.000274539,0.00011974573,0.0036839247
MQAttn-LSTM-VQR,1,2,0.8002414,0.79788196,0.802703,0.80167353,0.0056309499777853,0.0023594499,0.0037915707,0.0024616122
MQAttn-LSTM-VQR,1,2,0.7962754,0.7973921,0.8002414,0.7954083,0.0056309499777853,0.001116693,0.0019837618,0.0039660335
MQAttn-LSTM-VQR,1,2,0.79244745,0.79214275,0.7962754,0.7916841,0.0056309499777853,0.00030469894,0.00045865774,0.0038279295
MQAttn-LSTM-VQR,1,2,0.7893605,0.7887175,0.79244745,0.7898369,0.0056309499777853,0.0006430149,0.0011193752,0.0030869246
MQAttn-LSTM-VQR,1,19,0.87176514,0.8765087,0.882705,0.8735683,0.0056309499777853,0.004743576,0.0029404163,0.0109398365
MQAttn-LSTM-VQR,1,19,0.8643261,0.8669259,0.87176514,0.8690182,0.0056309499777853,0.0025997758,0.0020923018,0.0074390173
MQAttn-LSTM-VQR,1,19,0.86521614,0.86019313,0.8643261,0.8727613,0.0056309499777853,0.0050230026,0.012568176,0.00089001656
MQAttn-LSTM-VQR,1,19,0.85643786,0.86117804,0.86521614,0.8516162,0.0056309499777853,0.0047401786,0.009561837,0.008778274
MQAttn-LSTM-VQR,1,19,0.84929764,0.852445,0.85643786,0.8481611,0.0056309499777853,0.0031473637,0.004283905,0.007140219
MQAttn-LSTM-VQR,1,19,0.8448716,0.84637773,0.84929764,0.84774715,0.0056309499777853,0.0015061498,0.0013694167,0.004426062
MQAttn-LSTM-VQR,1,19,0.8443298,0.842499,0.8448716,0.848996,0.0056309499777853,0.0018307567,0.006496966,0.0005418062
MQAttn-LSTM-VQR,1,19,0.84465003,0.8411465,0.8443298,0.84651417,0.0056309499777853,0.0035035014,0.0053676367,0.00032025576
MQAttn-LSTM-VQR,1,19,0.8473331,0.8411572,0.84465003,0.8491494,0.0056309499777853,0.0061758757,0.007992208,0.0026830435
MQAttn-LSTM-VQR,1,19,0.8467591,0.8448616,0.8473331,0.8456575,0.0056309499777853,0.0018974543,0.0007959008,0.00057399273
MQAttn-LSTM-VQR,1,19,0.839568,0.8433553,0.8467591,0.8345627,0.0056309499777853,0.0037872791,0.008792579,0.007191062
MQAttn-LSTM-VQR,1,19,0.8245411,0.8362948,0.839568,0.8166507,0.0056309499777853,0.011753678,0.019644082,0.015026927
MQAttn-LSTM-VQR,1,19,0.8143626,0.82237995,0.8245411,0.8150793,0.0056309499777853,0.008017361,0.007300675,0.010178506
MQAttn-LSTM-VQR,1,19,0.8105752,0.81091523,0.8143626,0.8160987,0.0056309499777853,0.0003400445,0.0051834583,0.0037873983
MQAttn-LSTM-VQR,1,19,0.810767,0.80740166,0.8105752,0.8152849,0.0056309499777853,0.0033653378,0.007883251,0.00019180775
MQAttn-LSTM-VQR,1,19,0.81080055,0.8075674,0.810767,0.8114515,0.0056309499777853,0.0032331347,0.003884077,3.3557415e-05
MQAttn-LSTM-VQR,1,19,0.8047899,0.8080473,0.81080055,0.80045074,0.0056309499777853,0.0032573938,0.0075965524,0.0060106516
MQAttn-LSTM-VQR,1,19,0.79417217,0.8012867,0.8047899,0.78979313,0.0056309499777853,0.0071145296,0.011493564,0.010617733
MQAttn-LSTM-VQR,1,19,0.7857069,0.79044104,0.79417217,0.7861868,0.0056309499777853,0.0047341585,0.004254222,0.00846529
MQAttn-LSTM-VQR,1,19,0.7845029,0.78582376,0.7857069,0.79020286,0.0056309499777853,0.0013208389,0.0043790936,0.0012039542
MQAttn-LSTM-VQR,1,19,0.78591484,0.78390145,0.7845029,0.78965634,0.0056309499777853,0.0020133853,0.005754888,0.0014119148
MQAttn-LSTM-VQR,1,19,0.78457683,0.78278446,0.78591484,0.783259,0.0056309499777853,0.0017923713,0.00047451258,0.0013380051
MQAttn-LSTM-VQR,1,19,0.7784937,0.78104156,0.78457683,0.7744164,0.0056309499777853,0.0025478601,0.0066251755,0.006083131
Persistence,2,9,0.8803733,0.8831095,0.8831095,0.8864931,0.0053380476310849,0.0027362108,0.0033835769,0.0027362108
Persistence,2,9,0.882756,0.8803733,0.8803733,0.8889019,0.0053380476310849,0.0023826957,0.00852859,0.0023826957
Persistence,2,9,0.886451,0.882756,0.882756,0.8892149,0.0053380476310849,0.0036950111,0.0064588785,0.0036950111
Persistence,2,9,0.88154984,0.886451,0.886451,0.8764013,0.0053380476310849,0.0049011707,0.010049701,0.0049011707
Persistence,2,9,0.8746258,0.88154984,0.88154984,0.8715485,0.0053380476310849,0.006924033,0.010001361,0.006924033
Persistence,2,9,0.8661246,0.8746258,0.8746258,0.8645739,0.0053380476310849,0.008501232,0.010051906,0.008501232
Persistence,2,9,0.85735464,0.8661246,0.8661246,0.8566824,0.0053380476310849,0.008769929,0.009442151,0.008769929
Persistence,2,9,0.854717,0.85735464,0.85735464,0.85852975,0.0053380476310849,0.0026376247,0.0011751056,0.0026376247
Persistence,2,9,0.84572226,0.854717,0.854717,0.8420812,0.0053380476310849,0.008994758,0.012635827,0.008994758
Persistence,2,9,0.83779526,0.84572226,0.84572226,0.83690023,0.0053380476310849,0.0079270005,0.008822024,0.0079270005
Persistence,2,9,0.82661873,0.83779526,0.83779526,0.8241729,0.0053380476310849,0.011176527,0.013622344,0.011176527
Persistence,2,9,0.8176615,0.82661873,0.82661873,0.8185275,0.0053380476310849,0.008957207,0.008091211,0.008957207
Persistence,2,9,0.7969155,0.8176615,0.8176615,0.7883405,0.0053380476310849,0.020746052,0.029321015,0.020746052
Persistence,2,9,0.7757072,0.7969155,0.7969155,0.7712677,0.0053380476310849,0.021208286,0.02564776,0.021208286
Persistence,2,9,0.768979,0.7757072,0.7757072,0.7787166,0.0053380476310849,0.0067281723,0.0030094385,0.0067281723
Persistence,2,9,0.76502067,0.768979,0.768979,0.77129984,0.0053380476310849,0.0039583445,0.002320826,0.0039583445
Persistence,2,9,0.76620495,0.76502067,0.76502067,0.7712239,0.0053380476310849,0.0011842847,0.006203234,0.0011842847
Persistence,2,9,0.7646782,0.76620495,0.76620495,0.76391375,0.0053380476310849,0.001526773,0.0022912025,0.001526773
Persistence,2,9,0.7673154,0.7646782,0.7646782,0.7711122,0.0053380476310849,0.0026372075,0.0064340234,0.0026372075
Persistence,2,9,0.7639789,0.7673154,0.7673154,0.76222354,0.0053380476310849,0.0033364892,0.005091846,0.0033364892
Persistence,2,9,0.75282097,0.7639789,0.7639789,0.745776,0.0053380476310849,0.01115793,0.0182029,0.01115793
Persistence,2,9,0.7481179,0.75282097,0.75282097,0.75015444,0.0053380476310849,0.004703045,0.002666533,0.004703045
Persistence,2,9,0.74132943,0.7481179,0.7481179,0.7413376,0.0053380476310849,0.006788492,0.0067803264,0.006788492
Persistence,2,20,0.8844247,0.9020582,0.9020582,0.8760531,0.0053380476310849,0.017633498,0.02600509,0.017633498
Persistence,2,20,0.866854,0.8844247,0.8844247,0.86363304,0.0053380476310849,0.017570674,0.02079165,0.017570674
Persistence,2,20,0.8592364,0.866854,0.866854,0.8655483,0.0053380476310849,0.007617593,0.0013056993,0.007617593
Persistence,2,20,0.8560055,0.8592364,0.8592364,0.8620463,0.0053380476310849,0.0032309294,0.0028098822,0.0032309294
Persistence,2,20,0.85722643,0.8560055,0.8560055,0.86201596,0.0053380476310849,0.0012209415,0.006010473,0.0012209415
Persistence,2,20,0.8595389,0.85722643,0.85722643,0.86153454,0.0053380476310849,0.0023124814,0.0043081045,0.0023124814
Persistence,2,20,0.8614338,0.8595389,0.8595389,0.8626524,0.0053380476310849,0.0018948913,0.0031135082,0.0018948913
Persistence,2,20,0.8597293,0.8614338,0.8614338,0.85832036,0.0053380476310849,0.001704514,0.0031134486,0.001704514
Persistence,2,20,0.85037804,0.8597293,0.8597293,0.84405684,0.0053380476310849,0.0093512535,0.015672445,0.0093512535
Persistence,2,20,0.84093106,0.85037804,0.85037804,0.83841956,0.0053380476310849,0.009446979,0.01195848,0.009446979
Persistence,2,20,0.83409166,0.84093106,0.84093106,0.83552337,0.0053380476310849,0.0068393946,0.005407691,0.0068393946
Persistence,2,20,0.829948,0.83409166,0.83409166,0.8324431,0.0053380476310849,0.0041436553,0.0016485453,0.0041436553
Persistence,2,20,0.8207698,0.829948,0.829948,0.8172143,0.0053380476310849,0.009178221,0.012733698,0.009178221
Persistence,2,20,0.8156705,0.8207698,0.8207698,0.8168435,0.0053380476310849,0.0050992966,0.003926277,0.0050992966
Persistence,2,20,0.81363016,0.8156705,0.8156705,0.8171462,0.0053380476310849,0.0020403266,0.0014756918,0.0020403266
Persistence,2,20,0.79363775,0.81363016,0.81363016,0.78161716,0.0053380476310849,0.019992411,0.032013,0.019992411
Persistence,2,20,0.7725771,0.79363775,0.79363775,0.76613045,0.0053380476310849,0.021060646,0.027507305,0.021060646
Persistence,2,20,0.7664513,0.7725771,0.7725771,0.77593726,0.0053380476310849,0.0061258078,0.0033601522,0.0061258078
Persistence,2,20,0.76507276,0.7664513,0.7664513,0.77329,0.0053380476310849,0.0013785362,0.0068386793,0.0013785362
Persistence,2,20,0.76878285,0.76507276,0.76507276,0.77418756,0.0053380476310849,0.003710091,0.009114802,0.003710091
Persistence,2,20,0.7649053,0.76878285,0.76878285,0.76000977,0.0053380476310849,0.0038775802,0.008773088,0.0038775802
Persistence,2,20,0.7589404,0.7649053,0.7649053,0.75651634,0.0053380476310849,0.005964875,0.0083889365,0.005964875
MQAttn-LSTM-VQR,2,9,0.8803733,0.8719825,0.8831095,0.8864931,0.0053380476310849,0.008390784,0.014510572,0.0027362108
MQAttn-LSTM-VQR,2,9,0.882756,0.87020886,0.8803733,0.8889019,0.0053380476310849,0.012547135,0.01869303,0.0023826957
MQAttn-LSTM-VQR,2,9,0.886451,0.8786776,0.882756,0.8892149,0.0053380476310849,0.0077733994,0.010537267,0.0036950111
MQAttn-LSTM-VQR,2,9,0.88154984,0.88894314,0.886451,0.8764013,0.0053380476310849,0.0073933005,0.012541831,0.0049011707
MQAttn-LSTM-VQR,2,9,0.8746258,0.88185126,0.88154984,0.8715485,0.0053380476310849,0.007225454,0.010302782,0.006924033
MQAttn-LSTM-VQR,2,9,0.8661246,0.8747631,0.8746258,0.8645739,0.0053380476310849,0.008638501,0.010189176,0.008501232
MQAttn-LSTM-VQR,2,9,0.85735464,0.8670618,0.8661246,0.8566824,0.0053380476310849,0.009707153,0.010379374,0.008769929
MQAttn-LSTM-VQR,2,9,0.854717,0.8601269,0.85735464,0.85852975,0.0053380476310849,0.0054098964,0.0015971661,0.0026376247
MQAttn-LSTM-VQR,2,9,0.84572226,0.85351336,0.854717,0.8420812,0.0053380476310849,0.007791102,0.011432171,0.008994758
MQAttn-LSTM-VQR,2,9,0.83779526,0.84152067,0.84572226,0.83690023,0.0053380476310849,0.0037254095,0.004620433,0.0079270005
MQAttn-LSTM-VQR,2,9,0.82661873,0.8311683,0.83779526,0.8241729,0.0053380476310849,0.004549563,0.00699538,0.011176527
MQAttn-LSTM-VQR,2,9,0.8176615,0.82158047,0.82661873,0.8185275,0.0053380476310849,0.003918946,0.00305295,0.008957207
MQAttn-LSTM-VQR,2,9,0.7969155,0.81166714,0.8176615,0.7883405,0.0053380476310849,0.014751673,0.023326635,0.020746052
MQAttn-LSTM-VQR,2,9,0.7757072,0.8012787,0.7969155,0.7712677,0.0053380476310849,0.025571525,0.030010998,0.021208286
MQAttn-LSTM-VQR,2,9,0.768979,0.7748565,0.7757072,0.7787166,0.0053380476310849,0.005877495,0.003860116,0.0067281723
MQAttn-LSTM-VQR,2,9,0.76502067,0.76797235,0.768979,0.77129984,0.0053380476310849,0.0029516816,0.003327489,0.0039583445
MQAttn-LSTM-VQR,2,9,0.76620495,0.7629156,0.76502067,0.7712239,0.0053380476310849,0.003289342,0.008308291,0.0011842847
MQAttn-LSTM-VQR,2,9,0.7646782,0.76270324,0.76620495,0.76391375,0.0053380476310849,0.0019749403,0.0012105107,0.001526773
MQAttn-LSTM-VQR,2,9,0.7673154,0.7598739,0.7646782,0.7711122,0.0053380476310849,0.007441461,0.011238277,0.0026372075
MQAttn-LSTM-VQR,2,9,0.7639789,0.7666408,0.7673154,0.76222354,0.0053380476310849,0.0026618838,0.0044172406,0.0033364892
MQAttn-LSTM-VQR,2,9,0.75282097,0.76237243,0.7639789,0.745776,0.0053380476310849,0.0095514655,0.016596437,0.01115793
MQAttn-LSTM-VQR,2,9,0.7481179,0.7483898,0.75282097,0.75015444,0.0053380476310849,0.00027185678,0.0017646551,0.004703045
MQAttn-LSTM-VQR,2,9,0.74132943,0.7421648,0.7481179,0.7413376,0.0053380476310849,0.0008353591,0.00082719326,0.006788492
MQAttn-LSTM-VQR,2,20,0.8844247,0.89479285,0.9020582,0.8760531,0.0053380476310849,0.010368168,0.01873976,0.017633498
MQAttn-LSTM-VQR,2,20,0.866854,0.87530524,0.8844247,0.86363304,0.0053380476310849,0.008451223,0.011672199,0.017570674
MQAttn-LSTM-VQR,2,20,0.8592364,0.85841644,0.866854,0.8655483,0.0053380476310849,0.0008199811,0.0071318746,0.007617593
MQAttn-LSTM-VQR,2,20,0.8560055,0.8515829,0.8592364,0.8620463,0.0053380476310849,0.004422605,0.010463417,0.0032309294
MQAttn-LSTM-VQR,2,20,0.85722643,0.84842974,0.8560055,0.86201596,0.0053380476310849,0.008796692,0.013586223,0.0012209415
MQAttn-LSTM-VQR,2,20,0.8595389,0.84847736,0.85722643,0.86153454,0.0053380476310849,0.011061549,0.013057172,0.0023124814
MQAttn-LSTM-VQR,2,20,0.8614338,0.8559435,0.8595389,0.8626524,0.0053380476310849,0.005490303,0.00670892,0.0018948913
MQAttn-LSTM-VQR,2,20,0.8597293,0.8603332,0.8614338,0.85832036,0.0053380476310849,0.00060391426,0.0020128489,0.001704514
MQAttn-LSTM-VQR,2,20,0.85037804,0.8562444,0.8597293,0.84405684,0.0053380476310849,0.0058663487,0.0121875405,0.0093512535
MQAttn-LSTM-VQR,2,20,0.84093106,0.8467905,0.85037804,0.83841956,0.0053380476310849,0.0058594346,0.008370936,0.009446979
MQAttn-LSTM-VQR,2,20,0.83409166,0.83504325,0.84093106,0.83552337,0.0053380476310849,0.00095158815,0.0004801154,0.0068393946
MQAttn-LSTM-VQR,2,20,0.829948,0.8290715,0.83409166,0.8324431,0.0053380476310849,0.0008764863,0.0033715963,0.0041436553
MQAttn-LSTM-VQR,2,20,0.8207698,0.8211468,0.829948,0.8172143,0.0053380476310849,0.00037699938,0.003932476,0.009178221
MQAttn-LSTM-VQR,2,20,0.8156705,0.8165669,0.8207698,0.8168435,0.0053380476310849,0.00089639425,0.00027662516,0.0050992966
MQAttn-LSTM-VQR,2,20,0.81363016,0.81501186,0.8156705,0.8171462,0.0053380476310849,0.0013816953,0.0021343231,0.0020403266
MQAttn-LSTM-VQR,2,20,0.79363775,0.8115678,0.81363016,0.78161716,0.0053380476310849,0.01793003,0.029950619,0.019992411
MQAttn-LSTM-VQR,2,20,0.7725771,0.7924544,0.79363775,0.76613045,0.0053380476310849,0.019877315,0.026323974,0.021060646
MQAttn-LSTM-VQR,2,20,0.7664513,0.77130234,0.7725771,0.77593726,0.0053380476310849,0.004851043,0.004634917,0.0061258078
MQAttn-LSTM-VQR,2,20,0.76507276,0.7653245,0.7664513,0.77329,0.0053380476310849,0.00025171041,0.007965505,0.0013785362
MQAttn-LSTM-VQR,2,20,0.76878285,0.7648686,0.76507276,0.77418756,0.0053380476310849,0.003914237,0.009318948,0.003710091
MQAttn-LSTM-VQR,2,20,0.7649053,0.770697,0.76878285,0.76000977,0.0053380476310849,0.0057917237,0.010687232,0.0038775802
MQAttn-LSTM-VQR,2,20,0.7589404,0.7677567,0.7649053,0.75651634,0.0053380476310849,0.008816302,0.011240363,0.005964875
Persistence,3,11,0.8967675,0.90078664,0.90078664,0.89828104,0.0055322190746665,0.004019141,0.0025056005,0.004019141
Persistence,3,11,0.8822605,0.8967675,0.8967675,0.8748538,0.0055322190746665,0.014506996,0.021913707,0.014506996
Persistence,3,11,0.87296396,0.8822605,0.8822605,0.8735511,0.0055322190746665,0.009296536,0.008709431,0.009296536
Persistence,3,11,0.86909604,0.87296396,0.87296396,0.8741989,0.0055322190746665,0.0038679242,0.0012349486,0.0038679242
Persistence,3,11,0.8648739,0.86909604,0.86909604,0.86663264,0.0055322190746665,0.0042221546,0.0024634004,0.0042221546
Persistence,3,11,0.8616147,0.8648739,0.8648739,0.86207616,0.0055322190746665,0.003259182,0.0027977228,0.003259182
Persistence,3,11,0.8603632,0.8616147,0.8616147,0.86188084,0.0055322190746665,0.0012515187,0.00026613474,0.0012515187
Persistence,3,11,0.8559919,0.8603632,0.8603632,0.8551565,0.0055322190746665,0.0043712854,0.005206704,0.0043712854
Persistence,3,11,0.8458905,0.8559919,0.8559919,0.84130627,0.0055322190746665,0.010101378,0.014685631,0.010101378
Persistence,3,11,0.8373931,0.8458905,0.8458905,0.8365026,0.0055322190746665,0.008497417,0.00938791,0.008497417
Persistence,3,11,0.8322948,0.8373931,0.8373931,0.8349689,0.0055322190746665,0.0050982833,0.0024241805,0.0050982833
Persistence,3,11,0.8292321,0.8322948,0.8322948,0.8318545,0.0055322190746665,0.003062725,0.0004402995,0.003062725
Persistence,3,11,0.82466596,0.8292321,0.8292321,0.8238845,0.0055322190746665,0.004566133,0.0053476095,0.004566133
Persistence,3,11,0.82323825,0.82466596,0.82466596,0.82502633,0.0055322190746665,0.00142771,0.00036036968,0.00142771
Persistence,3,11,0.8180579,0.82323825,0.82323825,0.816571,0.0055322190746665,0.005180359,0.0066672564,0.005180359
Persistence,3,11,0.8113696,0.8180579,0.8180579,0.809723,0.0055322190746665,0.006688297,0.008334875,0.006688297
Persistence,3,11,0.8057227,0.8113696,0.8113696,0.80577993,0.0055322190746665,0.0056468844,0.005589664,0.0056468844
Persistence,3,11,0.79833597,0.8057227,0.8057227,0.7971635,0.0055322190746665,0.007386744,0.008559227,0.007386744
Persistence,3,11,0.795983,0.79833597,0.79833597,0.7992884,0.0055322190746665,0.002352953,0.0009524226,0.002352953
Persistence,3,11,0.7936197,0.795983,0.795983,0.7948005,0.0055322190746665,0.0023633242,0.0011824965,0.0023633242
Persistence,3,11,0.78890646,0.7936197,0.7936197,0.7873646,0.0055322190746665,0.0047132373,0.0062550902,0.0047132373
Persistence,3,11,0.7840498,0.78890646,0.78890646,0.78333336,0.0055322190746665,0.004856646,0.005573094,0.004856646
Persistence,3,18,0.8602412,0.86538845,0.86538845,0.86617476,0.0055322190746665,0.0051472783,0.0007863045,0.0051472783
Persistence,3,18,0.8547906,0.8602412,0.8602412,0.8572052,0.0055322190746665,0.0054505467,0.0030359626,0.0054505467
Persistence,3,18,0.8503286,0.8547906,0.8547906,0.85067445,0.0055322190746665,0.0044620037,0.0041161776,0.0044620037
Persistence,3,18,0.8481276,0.8503286,0.8503286,0.8502848,0.0055322190746665,0.0022010207,4.3809414e-05,0.0022010207
Persistence,3,18,0.8426855,0.8481276,0.8481276,0.8421969,0.0055322190746665,0.005442083,0.0059307218,0.005442083
Persistence,3,18,0.8442718,0.8426855,0.8426855,0.8492865,0.0055322190746665,0.0015862584,0.006600976,0.0015862584
Persistence,3,18,0.84443516,0.8442718,0.8442718,0.8452745,0.0055322190746665,0.00016337633,0.0010027289,0.00016337633
Persistence,3,18,0.84160876,0.84443516,0.84443516,0.8395689,0.0055322190746665,0.0028263927,0.0048662424,0.0028263927
Persistence,3,18,0.83503157,0.84160876,0.84160876,0.8315261,0.0055322190746665,0.0065771937,0.010082662,0.0065771937
Persistence,3,18,0.82699,0.83503157,0.83503157,0.8248416,0.0055322190746665,0.008041561,0.0101899505,0.008041561
Persistence,3,18,0.8176627,0.82699,0.82699,0.8162286,0.0055322190746665,0.009327292,0.01076138,0.009327292
Persistence,3,18,0.8105405,0.8176627,0.8176627,0.81128544,0.0055322190746665,0.0071222186,0.0063772798,0.0071222186
Persistence,3,18,0.81091374,0.8105405,0.8105405,0.8165611,0.0055322190746665,0.0003732443,0.0060206056,0.0003732443
Persistence,3,18,0.80017036,0.81091374,0.81091374,0.7939301,0.0055322190746665,0.01074338,0.016983628,0.01074338
Persistence,3,18,0.7893346,0.80017036,0.80017036,0.78623885,0.0055322190746665,0.010835767,0.013931513,0.010835767
Persistence,3,18,0.78920835,0.7893346,0.7893346,0.79670143,0.0055322190746665,0.00012624264,0.007366836,0.00012624264
Persistence,3,18,0.7873986,0.78920835,0.78920835,0.78979886,0.0055322190746665,0.0018097758,0.0005905032,0.0018097758
Persistence,3,18,0.78892237,0.7873986,0.7873986,0.7913971,0.0055322190746665,0.0015237927,0.003998518,0.0015237927
Persistence,3,18,0.7872681,0.78892237,0.78892237,0.78523386,0.0055322190746665,0.0016542673,0.0036885142,0.0016542673
Persistence,3,18,0.7767956,0.7872681,0.7872681,0.7701117,0.0055322190746665,0.0104724765,0.017156422,0.0104724765
Persistence,3,18,0.76847684,0.7767956,0.7767956,0.7681226,0.0055322190746665,0.008318782,0.008673012,0.008318782
Persistence,3,18,0.76000047,0.76847684,0.76847684,0.75985795,0.0055322190746665,0.0084763765,0.008618891,0.0084763765
Persistence,3,18,0.75315213,0.76000047,0.76000047,0.7539911,0.0055322190746665,0.0068483353,0.0060093403,0.0068483353
MQAttn-LSTM-VQR,3,11,0.8967675,0.8889069,0.90078664,0.89828104,0.0055322190746665,0.007860601,0.009374142,0.004019141
MQAttn-LSTM-VQR,3,11,0.8822605,0.8874691,0.8967675,0.8748538,0.0055322190746665,0.0052086115,0.012615323,0.014506996
MQAttn-LSTM-VQR,3,11,0.87296396,0.87255937,0.8822605,0.8735511,0.0055322190746665,0.00040459633,0.0009917021,0.009296536
MQAttn-LSTM-VQR,3,11,0.86909604,0.86249053,0.87296396,0.8741989,0.0055322190746665,0.006605506,0.011708379,0.0038679242
MQAttn-LSTM-VQR,3,11,0.8648739,0.862156,0.86909604,0.86663264,0.0055322190746665,0.0027179122,0.0044766665,0.0042221546
MQAttn-LSTM-VQR,3,11,0.8616147,0.86361337,0.8648739,0.86207616,0.0055322190746665,0.001998663,0.0015372038,0.003259182
MQAttn-LSTM-VQR,3,11,0.8603632,0.86240304,0.8616147,0.86188084,0.0055322190746665,0.0020398498,0.0005221963,0.0012515187
MQAttn-LSTM-VQR,3,11,0.8559919,0.85651106,0.8603632,0.8551565,0.0055322190746665,0.00051915646,0.0013545752,0.0043712854
MQAttn-LSTM-VQR,3,11,0.8458905,0.85106426,0.8559919,0.84130627,0.0055322190746665,0.005173743,0.009757996,0.010101378
MQAttn-LSTM-VQR,3,11,0.8373931,0.8393087,0.8458905,0.8365026,0.0055322190746665,0.0019155741,0.0028060675,0.008497417
MQAttn-LSTM-VQR,3,11,0.8322948,0.824192,0.8373931,0.8349689,0.0055322190746665,0.008102834,0.010776937,0.0050982833
MQAttn-LSTM-VQR,3,11,0.8292321,0.82244706,0.8322948,0.8318545,0.0055322190746665,0.006785035,0.009407461,0.003062725
MQAttn-LSTM-VQR,3,11,0.82466596,0.8219296,0.8292321,0.8238845,0.0055322190746665,0.0027363896,0.0019549131,0.004566133
MQAttn-LSTM-VQR,3,11,0.82323825,0.8154976,0.82466596,0.82502633,0.0055322190746665,0.0077406764,0.009528756,0.00142771
MQAttn-LSTM-VQR,3,11,0.8180579,0.81353056,0.82323825,0.816571,0.0055322190746665,0.0045273304,0.003040433,0.005180359
MQAttn-LSTM-VQR,3,11,0.8113696,0.81068355,0.8180579,0.809723,0.0055322190746665,0.00068604946,0.00096052885,0.006688297
MQAttn-LSTM-VQR,3,11,0.8057227,0.8067599,0.8113696,0.80577993,0.0055322190746665,0.0010371804,0.00097996,0.0056468844
MQAttn-LSTM-VQR,3,11,0.79833597,0.8004709,0.8057227,0.7971635,0.0055322190746665,0.0021349192,0.0033074021,0.007386744
MQAttn-LSTM-VQR,3,11,0.795983,0.79216635,0.79833597,0.7992884,0.0055322190746665,0.0038166642,0.00712204,0.002352953
MQAttn-LSTM-VQR,3,11,0.7936197,0.79045665,0.795983,0.7948005,0.0055322190746665,0.0031630397,0.0043438673,0.0023633242
MQAttn-LSTM-VQR,3,11,0.78890646,0.79178095,0.7936197,0.7873646,0.0055322190746665,0.0028744936,0.0044163465,0.0047132373
MQAttn-LSTM-VQR,3,11,0.7840498,0.7824419,0.78890646,0.78333336,0.0055322190746665,0.0016078949,0.00089144707,0.004856646
MQAttn-LSTM-VQR,3,18,0.8602412,0.85848767,0.86538845,0.86617476,0.0055322190746665,0.001753509,0.007687092,0.0051472783
MQAttn-LSTM-VQR,3,18,0.8547906,0.85653293,0.8602412,0.8572052,0.0055322190746665,0.0017423034,0.0006722808,0.0054505467
MQAttn-LSTM-VQR,3,18,0.8503286,0.85068977,0.8547906,0.85067445,0.0055322190746665,0.00036114454,1.5318394e-05,0.0044620037
MQAttn-LSTM-VQR,3,18,0.8481276,0.8511853,0.8503286,0.8502848,0.0055322190746665,0.0030577183,0.000900507,0.0022010207
MQAttn-LSTM-VQR,3,18,0.8426855,0.8504103,0.8481276,0.8421969,0.0055322190746665,0.007724762,0.008213401,0.005442083
MQAttn-LSTM-VQR,3,18,0.8442718,0.83952564,0.8426855,0.8492865,0.0055322190746665,0.004746139,0.009760857,0.0015862584
MQAttn-LSTM-VQR,3,18,0.84443516,0.842495,0.8442718,0.8452745,0.0055322190746665,0.0019401312,0.0027794838,0.00016337633
MQAttn-LSTM-VQR,3,18,0.84160876,0.84298474,0.84443516,0.8395689,0.0055322190746665,0.0013759732,0.003415823,0.0028263927
MQAttn-LSTM-VQR,3,18,0.83503157,0.8350249,0.84160876,0.8315261,0.0055322190746665,6.67572e-06,0.0034987926,0.0065771937
MQAttn-LSTM-VQR,3,18,0.82699,0.82906806,0.83503157,0.8248416,0.0055322190746665,0.0020780563,0.004226446,0.008041561
MQAttn-LSTM-VQR,3,18,0.8176627,0.820708,0.82699,0.8162286,0.0055322190746665,0.003045261,0.0044793487,0.009327292
MQAttn-LSTM-VQR,3,18,0.8105405,0.8110213,0.8176627,0.81128544,0.0055322190746665,0.00048083067,0.00026410818,0.0071222186
MQAttn-LSTM-VQR,3,18,0.81091374,0.8081446,0.8105405,0.8165611,0.0055322190746665,0.0027691126,0.008416474,0.0003732443
MQAttn-LSTM-VQR,3,18,0.80017036,0.8089057,0.81091374,0.7939301,0.0055322190746665,0.008735359,0.014975607,0.01074338
MQAttn-LSTM-VQR,3,18,0.7893346,0.803709,0.80017036,0.78623885,0.0055322190746665,0.014374375,0.017470121,0.010835767
MQAttn-LSTM-VQR,3,18,0.78920835,0.7926776,0.7893346,0.79670143,0.0055322190746665,0.0034692287,0.00402385,0.00012624264
MQAttn-LSTM-VQR,3,18,0.7873986,0.7887559,0.78920835,0.78979886,0.0055322190746665,0.001357317,0.0010429621,0.0018097758
MQAttn-LSTM-VQR,3,18,0.78892237,0.784496,0.7873986,0.7913971,0.0055322190746665,0.00442636,0.0069010854,0.0015237927
MQAttn-LSTM-VQR,3,18,0.7872681,0.7825318,0.78892237,0.78523386,0.0055322190746665,0.0047363043,0.0027020574,0.0016542673
MQAttn-LSTM-VQR,3,18,0.7767956,0.78605425,0.7872681,0.7701117,0.0055322190746665,0.009258628,0.015942574,0.0104724765
MQAttn-LSTM-VQR,3,18,0.76847684,0.7740864,0.7767956,0.7681226,0.0055322190746665,0.005609572,0.0059638023,0.008318782
MQAttn-LSTM-VQR,3,18,0.76000047,0.7665697,0.76847684,0.75985795,0.0055322190746665,0.0065692067,0.0067117214,0.0084763765
MQAttn-LSTM-VQR,3,18,0.75315213,0.7573427,0.76000047,0.7539911,0.0055322190746665,0.004190564,0.0033515692,0.0068483353
Persistence,4,7,0.8862907,0.8920714,0.8920714,0.8879777,0.0054842215031385,0.005780697,0.0040937066,0.005780697
Persistence,4,7,0.8822545,0.8862907,0.8862907,0.88437545,0.0054842215031385,0.0040362477,0.001915276,0.0040362477
Persistence,4,7,0.87504786,0.8822545,0.8822545,0.8731381,0.0054842215031385,0.007206619,0.009116352,0.007206619
Persistence,4,7,0.8599561,0.87504786,0.87504786,0.8532213,0.0054842215031385,0.015091777,0.021826565,0.015091777
Persistence,4,7,0.84888214,0.8599561,0.8599561,0.8495128,0.0054842215031385,0.011073947,0.01044327,0.011073947
Persistence,4,7,0.8466137,0.84888214,0.84888214,0.85412216,0.0054842215031385,0.0022684336,0.005240023,0.0022684336
Persistence,4,7,0.85430384,0.8466137,0.8466137,0.8645272,0.0054842215031385,0.0076901317,0.01791352,0.0076901317
Persistence,4,7,0.865242,0.85430384,0.85430384,0.8707553,0.0054842215031385,0.010938168,0.016451478,0.010938168
Persistence,4,7,0.86803764,0.865242,0.865242,0.8636861,0.0054842215031385,0.0027956367,0.0015559196,0.0027956367
Persistence,4,7,0.86120874,0.86803764,0.86803764,0.8530257,0.0054842215031385,0.006828904,0.015011966,0.006828904
Persistence,4,7,0.8446959,0.86120874,0.86120874,0.8353551,0.0054842215031385,0.016512811,0.025853634,0.016512811
Persistence,4,7,0.8313005,0.8446959,0.8446959,0.8304859,0.0054842215031385,0.013395429,0.014210045,0.013395429
Persistence,4,7,0.82330114,0.8313005,0.8313005,0.8268595,0.0054842215031385,0.007999361,0.004441023,0.007999361
Persistence,4,7,0.8115089,0.82330114,0.82330114,0.80900556,0.0054842215031385,0.0117922425,0.014295578,0.0117922425
Persistence,4,7,0.81132215,0.8115089,0.8115089,0.8181187,0.0054842215031385,0.00018674135,0.0066097975,0.00018674135
Persistence,4,7,0.81660736,0.81132215,0.81132215,0.82392466,0.0054842215031385,0.0052852035,0.012602508,0.0052852035
Persistence,4,7,0.81998485,0.81660736,0.81660736,0.82161254,0.0054842215031385,0.0033774972,0.005005181,0.0033774972
Persistence,4,7,0.81500256,0.81998485,0.81998485,0.80882174,0.0054842215031385,0.0049822927,0.0111631155,0.0049822927
Persistence,4,7,0.80781275,0.81500256,0.81500256,0.8039217,0.0054842215031385,0.0071898103,0.011080861,0.0071898103
Persistence,4,7,0.8003655,0.80781275,0.80781275,0.8000672,0.0054842215031385,0.0074472427,0.007745564,0.0074472427
Persistence,4,7,0.79685116,0.8003655,0.8003655,0.7997907,0.0054842215031385,0.0035143495,0.0005748272,0.0035143495
Persistence,4,7,0.7983708,0.79685116,0.79685116,0.80243707,0.0054842215031385,0.0015196204,0.005585909,0.0015196204
Persistence,4,7,0.80251235,0.7983708,0.7983708,0.8055832,0.0054842215031385,0.004141569,0.0072124004,0.004141569
Persistence,4,14,0.87774605,0.8921293,0.8921293,0.8733919,0.0054842215031385,0.014383256,0.018737376,0.014383256
Persistence,4,14,0.8687297,0.87774605,0.87774605,0.8714147,0.0054842215031385,0.009016335,0.0063313246,0.009016335
Persistence,4,14,0.8620496,0.8687297,0.8687297,0.86503065,0.0054842215031385,0.006680131,0.0036990643,0.006680131
Persistence,4,14,0.857985,0.8620496,0.8620496,0.8609,0.0054842215031385,0.00406456,0.0011495948,0.00406456
Persistence,4,14,0.84927285,0.857985,0.857985,0.8462889,0.0054842215031385,0.0087121725,0.0116961,0.0087121725
Persistence,4,14,0.8426481,0.84927285,0.84927285,0.84308445,0.0054842215031385,0.0066247582,0.0061883926,0.0066247582
Persistence,4,14,0.84238446,0.8426481,0.8426481,0.84825546,0.0054842215031385,0.00026363134,0.0056073666,0.00026363134
Persistence,4,14,0.8373402,0.84238446,0.84238446,0.83613986,0.0054842215031385,0.0050442815,0.0062446,0.0050442815
Persistence,4,14,0.83305967,0.8373402,0.8373402,0.8323826,0.0054842215031385,0.0042805076,0.0049575567,0.0042805076
Persistence,4,14,0.8295537,0.83305967,0.83305967,0.8300409,0.0054842215031385,0.0035059452,0.0030187964,0.0035059452
Persistence,4,14,0.8224115,0.8295537,0.8295537,0.8205812,0.0054842215031385,0.007142246,0.008972526,0.007142246
Persistence,4,14,0.8182114,0.8224115,0.8224115,0.81962717,0.0054842215031385,0.004200101,0.0027843118,0.004200101
Persistence,4,14,0.8232353,0.8182114,0.8182114,0.8304947,0.0054842215031385,0.0050238967,0.012283325,0.0050238967
Persistence,4,14,0.8268832,0.8232353,0.8232353,0.82889515,0.0054842215031385,0.0036479235,0.0056598783,0.0036479235
Persistence,4,14,0.8287115,0.8268832,0.8268832,0.82766837,0.0054842215031385,0.0018283129,0.000785172,0.0018283129
Persistence,4,14,0.81744623,0.8287115,0.8287115,0.80714804,0.0054842215031385,0.011265278,0.02156347,0.011265278
Persistence,4,14,0.8077257,0.81744623,0.81744623,0.80547124,0.0054842215031385,0.009720504,0.01197499,0.009720504
Persistence,4,14,0.8015311,0.8077257,0.8077257,0.804275,0.0054842215031385,0.006194651,0.0034507513,0.006194651
Persistence,4,14,0.80070364,0.8015311,0.8015311,0.8053121,0.0054842215031385,0.0008274317,0.0037810206,0.0008274317
Persistence,4,14,0.79915076,0.80070364,0.80070364,0.79936844,0.0054842215031385,0.0015528798,0.0013352036,0.0015528798
Persistence,4,14,0.79870003,0.79915076,0.79915076,0.7990799,0.0054842215031385,0.00045073032,7.086992e-05,0.00045073032
Persistence,4,14,0.79869634,0.79870003,0.79870003,0.79998136,0.0054842215031385,3.695488e-06,0.001281321,3.695488e-06
MQAttn-LSTM-VQR,4,7,0.8862907,0.8850758,0.8920714,0.8879777,0.0054842215031385,0.0012149215,0.0029019117,0.005780697
MQAttn-LSTM-VQR,4,7,0.8822545,0.88042283,0.8862907,0.88437545,0.0054842215031385,0.0018316507,0.0039526224,0.0040362477
MQAttn-LSTM-VQR,4,7,0.87504786,0.87585765,0.8822545,0.8731381,0.0054842215031385,0.0008097887,0.0027195215,0.007206619
MQAttn-LSTM-VQR,4,7,0.8599561,0.8690921,0.87504786,0.8532213,0.0054842215031385,0.009136021,0.01587081,0.015091777
MQAttn-LSTM-VQR,4,7,0.84888214,0.8531897,0.8599561,0.8495128,0.0054842215031385,0.004307568,0.0036768913,0.011073947
MQAttn-LSTM-VQR,4,7,0.8466137,0.85067904,0.84888214,0.85412216,0.0054842215031385,0.004065335,0.003443122,0.0022684336
MQAttn-LSTM-VQR,4,7,0.85430384,0.8457183,0.8466137,0.8645272,0.0054842215031385,0.008585513,0.018808901,0.0076901317
MQAttn-LSTM-VQR,4,7,0.865242,0.8518555,0.85430384,0.8707553,0.0054842215031385,0.013386488,0.018899798,0.010938168
MQAttn-LSTM-VQR,4,7,0.86803764,0.86097664,0.865242,0.8636861,0.0054842215031385,0.0070610046,0.0027094483,0.0027956367
MQAttn-LSTM-VQR,4,7,0.86120874,0.8599589,0.86803764,0.8530257,0.0054842215031385,0.0012498498,0.0069332123,0.006828904
MQAttn-LSTM-VQR,4,7,0.8446959,0.8539067,0.86120874,0.8353551,0.0054842215031385,0.009210765,0.018551588,0.016512811
MQAttn-LSTM-VQR,4,7,0.8313005,0.8403888,0.8446959,0.8304859,0.0054842215031385,0.009088278,0.0099028945,0.013395429
MQAttn-LSTM-VQR,4,7,0.82330114,0.82393247,0.8313005,0.8268595,0.0054842215031385,0.0006313324,0.0029270053,0.007999361
MQAttn-LSTM-VQR,4,7,0.8115089,0.8198685,0.82330114,0.80900556,0.0054842215031385,0.008359611,0.0108629465,0.0117922425
MQAttn-LSTM-VQR,4,7,0.81132215,0.81012315,0.8115089,0.8181187,0.0054842215031385,0.001199007,0.007995546,0.00018674135
MQAttn-LSTM-VQR,4,7,0.81660736,0.81217635,0.81132215,0.82392466,0.0054842215031385,0.0044310093,0.011748314,0.0052852035
MQAttn-LSTM-VQR,4,7,0.81998485,0.81179214,0.81660736,0.82161254,0.0054842215031385,0.008192718,0.009820402,0.0033774972
MQAttn-LSTM-VQR,4,7,0.81500256,0.81650114,0.81998485,0.80882174,0.0054842215031385,0.00149858,0.007679403,0.0049822927
MQAttn-LSTM-VQR,4,7,0.80781275,0.8108111,0.81500256,0.8039217,0.0054842215031385,0.002998352,0.006889403,0.0071898103
MQAttn-LSTM-VQR,4,7,0.8003655,0.8044772,0.80781275,0.8000672,0.0054842215031385,0.004111707,0.0044100285,0.0074472427
MQAttn-LSTM-VQR,4,7,0.79685116,0.79771125,0.8003655,0.7997907,0.0054842215031385,0.000860095,0.0020794272,0.0035143495
MQAttn-LSTM-VQR,4,7,0.7983708,0.795083,0.79685116,0.80243707,0.0054842215031385,0.0032877922,0.0073540807,0.0015196204
MQAttn-LSTM-VQR,4,7,0.80251235,0.7947155,0.7983708,0.8055832,0.0054842215031385,0.007796824,0.010867655,0.004141569
MQAttn-LSTM-VQR,4,14,0.87774605,0.8825043,0.8921293,0.8733919,0.0054842215031385,0.004758239,0.009112358,0.014383256
MQAttn-LSTM-VQR,4,14,0.8687297,0.8713962,0.87774605,0.8714147,0.0054842215031385,0.0026664734,1.8537045e-05,0.009016335
MQAttn-LSTM-VQR,4,14,0.8620496,0.8628,0.8687297,0.86503065,0.0054842215031385,0.0007504225,0.0022306442,0.006680131
MQAttn-LSTM-VQR,4,14,0.857985,0.8570787,0.8620496,0.8609,0.0054842215031385,0.0009063482,0.0038213134,0.00406456
MQAttn-LSTM-VQR,4,14,0.84927285,0.8561144,0.857985,0.8462889,0.0054842215031385,0.0068415403,0.009825468,0.0087121725
MQAttn-LSTM-VQR,4,14,0.8426481,0.84721464,0.84927285,0.84308445,0.0054842215031385,0.0045665503,0.0041301847,0.0066247582
MQAttn-LSTM-VQR,4,14,0.84238446,0.8422048,0.8426481,0.84825546,0.0054842215031385,0.0001796484,0.0060506463,0.00026363134
MQAttn-LSTM-VQR,4,14,0.8373402,0.83959025,0.84238446,0.83613986,0.0054842215031385,0.0022500753,0.0034503937,0.0050442815
MQAttn-LSTM-VQR,4,14,0.83305967,0.8332542,0.8373402,0.8323826,0.0054842215031385,0.00019454956,0.0008715987,0.0042805076
MQAttn-LSTM-VQR,4,14,0.8295537,0.82890844,0.83305967,0.8300409,0.0054842215031385,0.0006452799,0.0011324286,0.0035059452
MQAttn-LSTM-VQR,4,14,0.8224115,0.8257942,0.8295537,0.8205812,0.0054842215031385,0.0033827424,0.005213022,0.007142246
MQAttn-LSTM-VQR,4,14,0.8182114,0.8177836,0.8224115,0.81962717,0.0054842215031385,0.00042778254,0.0018435717,0.004200101
MQAttn-LSTM-VQR,4,14,0.8232353,0.8123316,0.8182114,0.8304947,0.0054842215031385,0.0109036565,0.018163085,0.0050238967
MQAttn-LSTM-VQR,4,14,0.8268832,0.82108706,0.8232353,0.82889515,0.0054842215031385,0.0057961345,0.0078080893,0.0036479235
MQAttn-LSTM-VQR,4,14,0.8287115,0.8236841,0.8268832,0.82766837,0.0054842215031385,0.0050274134,0.0039842725,0.0018283129
MQAttn-LSTM-VQR,4,14,0.81744623,0.8260604,0.8287115,0.80714804,0.0054842215031385,0.0086141825,0.018912375,0.011265278
MQAttn-LSTM-VQR,4,14,0.8077257,0.8143567,0.81744623,0.80547124,0.0054842215031385,0.006630957,0.008885443,0.009720504
MQAttn-LSTM-VQR,4,14,0.8015311,0.8045251,0.8077257,0.804275,0.0054842215031385,0.002994001,0.0002501011,0.006194651
MQAttn-LSTM-VQR,4,14,0.80070364,0.7984138,0.8015311,0.8053121,0.0054842215031385,0.0022898316,0.006898284,0.0008274317
MQAttn-LSTM-VQR,4,14,0.79915076,0.7996212,0.80070364,0.79936844,0.0054842215031385,0.00047045946,0.0002527833,0.0015528798
MQAttn-LSTM-VQR,4,14,0.79870003,0.79827994,0.79915076,0.7990799,0.0054842215031385,0.00042009354,0.00079995394,0.00045073032
MQAttn-LSTM-VQR,4,14,0.79869634,0.7940249,0.79870003,0.79998136,0.0054842215031385,0.0046714544,0.005956471,3.695488e-06
Persistence,5,3,0.86380184,0.878641,0.878641,0.86238754,0.0054967519827187,0.014839172,0.016253471,0.014839172
Persistence,5,3,0.85187876,0.86380184,0.86380184,0.8542888,0.0054967519827187,0.011923075,0.0095130205,0.011923075
Persistence,5,3,0.85352826,0.85187876,0.85187876,0.86380047,0.0054967519827187,0.0016494989,0.011921704,0.0016494989
Persistence,5,3,0.85024816,0.85352826,0.85352826,0.85045785,0.0054967519827187,0.0032801032,0.003070414,0.0032801032
Persistence,5,3,0.84553885,0.85024816,0.85024816,0.844327,0.0054967519827187,0.0047093034,0.005921185,0.0047093034
Persistence,5,3,0.8431012,0.84553885,0.84553885,0.84462684,0.0054967519827187,0.0024376512,0.00091201067,0.0024376512
Persistence,5,3,0.84268683,0.8431012,0.8431012,0.8458035,0.0054967519827187,0.0004143715,0.0027022958,0.0004143715
Persistence,5,3,0.84226686,0.84268683,0.84268683,0.8436774,0.0054967519827187,0.00041997433,0.0009905696,0.00041997433
Persistence,5,3,0.8436565,0.84226686,0.84226686,0.8448119,0.0054967519827187,0.0013896227,0.0025450587,0.0013896227
Persistence,5,3,0.8436857,0.8436565,0.8436565,0.84333766,0.0054967519827187,2.9206276e-05,0.00031882524,2.9206276e-05
Persistence,5,3,0.83190763,0.8436857,0.8436857,0.823293,0.0054967519827187,0.011778057,0.020392716,0.011778057
Persistence,5,3,0.81595606,0.83190763,0.83190763,0.8092939,0.0054967519827187,0.015951574,0.022613704,0.015951574
Persistence,5,3,0.8011855,0.81595606,0.81595606,0.79986495,0.0054967519827187,0.014770567,0.016091108,0.014770567
Persistence,5,3,0.7942515,0.8011855,0.8011855,0.7998536,0.0054967519827187,0.006933987,0.0013318658,0.006933987
Persistence,5,3,0.80762786,0.7942515,0.7942515,0.8244732,0.0054967519827187,0.013376355,0.0302217,0.013376355
Persistence,5,3,0.82186174,0.80762786,0.80762786,0.82831514,0.0054967519827187,0.014233887,0.020687282,0.014233887
Persistence,5,3,0.8277441,0.82186174,0.82186174,0.82324696,0.0054967519827187,0.0058823824,0.001385212,0.0058823824
Persistence,5,3,0.82048154,0.8277441,0.8277441,0.8094152,0.0054967519827187,0.0072625875,0.018328905,0.0072625875
Persistence,5,3,0.8091384,0.82048154,0.82048154,0.8033943,0.0054967519827187,0.0113431215,0.017087221,0.0113431215
Persistence,5,3,0.802242,0.8091384,0.8091384,0.804537,0.0054967519827187,0.006896436,0.004601419,0.006896436
Persistence,5,3,0.7957432,0.802242,0.802242,0.79609007,0.0054967519827187,0.006498754,0.0061519146,0.006498754
Persistence,5,3,0.7925288,0.7957432,0.7957432,0.79367363,0.0054967519827187,0.003214419,0.0020695925,0.003214419
Persistence,5,3,0.78882366,0.7925288,0.7925288,0.78867537,0.0054967519827187,0.003705144,0.0038534403,0.003705144
Persistence,5,5,0.8715125,0.88004225,0.88004225,0.8740694,0.0054967519827187,0.008529782,0.0059728622,0.008529782
Persistence,5,5,0.87167877,0.8715125,0.8715125,0.87952185,0.0054967519827187,0.00016629696,0.008009374,0.00016629696
Persistence,5,5,0.8690643,0.87167877,0.87167877,0.8696272,0.0054967519827187,0.0026144981,0.0020515919,0.0026144981
Persistence,5,5,0.85863227,0.8690643,0.8690643,0.8527029,0.0054967519827187,0.010432005,0.016361356,0.010432005
Persistence,5,5,0.8474971,0.85863227,0.85863227,0.84489787,0.0054967519827187,0.011135161,0.0137344,0.011135161
Persistence,5,5,0.8405724,0.8474971,0.8474971,0.8437867,0.0054967519827187,0.006924689,0.0037103891,0.006924689
Persistence,5,5,0.8428812,0.8405724,0.8405724,0.85135525,0.0054967519827187,0.002308786,0.010782838,0.002308786
Persistence,5,5,0.84915835,0.8428812,0.8428812,0.85452765,0.0054967519827187,0.006277144,0.01164645,0.006277144
Persistence,5,5,0.8545028,0.84915835,0.84915835,0.85522854,0.0054967519827187,0.0053444505,0.0060701966,0.0053444505
Persistence,5,5,0.84557265,0.8545028,0.8545028,0.8355601,0.0054967519827187,0.008930147,0.018942714,0.008930147
Persistence,5,5,0.8413325,0.84557265,0.84557265,0.8416284,0.0054967519827187,0.004240155,0.0039442778,0.004240155
Persistence,5,5,0.8356159,0.8413325,0.8413325,0.8357602,0.0054967519827187,0.005716622,0.005572319,0.005716622
Persistence,5,5,0.8246508,0.8356159,0.8356159,0.82023066,0.0054967519827187,0.010965049,0.0153852105,0.010965049
Persistence,5,5,0.8176962,0.8246508,0.8246508,0.81794864,0.0054967519827187,0.0069546103,0.0067021847,0.0069546103
Persistence,5,5,0.81665486,0.8176962,0.8176962,0.82139415,0.0054967519827187,0.0010413527,0.0036979318,0.0010413527
Persistence,5,5,0.82406414,0.81665486,0.81665486,0.8328286,0.0054967519827187,0.0074092746,0.01617372,0.0074092746
Persistence,5,5,0.82814854,0.82406414,0.82406414,0.82844985,0.0054967519827187,0.0040844083,0.0043857098,0.0040844083
Persistence,5,5,0.82623696,0.82814854,0.82814854,0.821103,0.0054967519827187,0.0019115806,0.007045567,0.0019115806
Persistence,5,5,0.820994,0.82623696,0.82623696,0.81731683,0.0054967519827187,0.0052429438,0.008920133,0.0052429438
Persistence,5,5,0.81501365,0.820994,0.820994,0.8141091,0.0054967519827187,0.0059803724,0.0068849325,0.0059803724
Persistence,5,5,0.8089336,0.81501365,0.81501365,0.8085135,0.0054967519827187,0.0060800314,0.006500125,0.0060800314
Persistence,5,5,0.8045314,0.8089336,0.8089336,0.8047877,0.0054967519827187,0.0044022202,0.0041459203,0.0044022202
Persistence,5,5,0.7963531,0.8045314,0.8045314,0.7933096,0.0054967519827187,0.008178294,0.0112217665,0.008178294
MQAttn-LSTM-VQR,5,3,0.86380184,0.8666173,0.878641,0.86238754,0.0054967519827187,0.002815485,0.004229784,0.014839172
MQAttn-LSTM-VQR,5,3,0.85187876,0.8540923,0.86380184,0.8542888,0.0054967519827187,0.0022135377,0.00019651651,0.011923075
MQAttn-LSTM-VQR,5,3,0.85352826,0.8380245,0.85187876,0.86380047,0.0054967519827187,0.015503764,0.025775969,0.0016494989
MQAttn-LSTM-VQR,5,3,0.85024816,0.8450467,0.85352826,0.85045785,0.0054967519827187,0.005201459,0.005411148,0.0032801032
MQAttn-LSTM-VQR,5,3,0.84553885,0.8431139,0.85024816,0.844327,0.0054967519827187,0.0024249554,0.0012130737,0.0047093034
MQAttn-LSTM-VQR,5,3,0.8431012,0.8441876,0.84553885,0.84462684,0.0054967519827187,0.0010864139,0.00043922663,0.0024376512
MQAttn-LSTM-VQR,5,3,0.84268683,0.84154797,0.8431012,0.8458035,0.0054967519827187,0.001138866,0.004255533,0.0004143715
MQAttn-LSTM-VQR,5,3,0.84226686,0.84027773,0.84268683,0.8436774,0.0054967519827187,0.0019891262,0.0033996701,0.00041997433
MQAttn-LSTM-VQR,5,3,0.8436565,0.8377583,0.84226686,0.8448119,0.0054967519827187,0.0058981776,0.0070536137,0.0013896227
MQAttn-LSTM-VQR,5,3,0.8436857,0.8372531,0.8436565,0.84333766,0.0054967519827187,0.006432593,0.0060845613,2.9206276e-05
MQAttn-LSTM-VQR,5,3,0.83190763,0.8359161,0.8436857,0.823293,0.0054967519827187,0.004008472,0.012623131,0.011778057
MQAttn-LSTM-VQR,5,3,0.81595606,0.8259978,0.83190763,0.8092939,0.0054967519827187,0.010041773,0.016703904,0.015951574
MQAttn-LSTM-VQR,5,3,0.8011855,0.8100544,0.81595606,0.79986495,0.0054967519827187,0.008868933,0.010189474,0.014770567
MQAttn-LSTM-VQR,5,3,0.7942515,0.7961247,0.8011855,0.7998536,0.0054967519827187,0.0018731952,0.0037289262,0.006933987
MQAttn-LSTM-VQR,5,3,0.80762786,0.79267085,0.7942515,0.8244732,0.0054967519827187,0.014957011,0.031802356,0.013376355
MQAttn-LSTM-VQR,5,3,0.82186174,0.8062666,0.80762786,0.82831514,0.0054967519827187,0.015595138,0.022048533,0.014233887
MQAttn-LSTM-VQR,5,3,0.8277441,0.8190886,0.82186174,0.82324696,0.0054967519827187,0.008655548,0.0041583776,0.0058823824
MQAttn-LSTM-VQR,5,3,0.82048154,0.82472396,0.8277441,0.8094152,0.0054967519827187,0.00424242,0.015308738,0.0072625875
MQAttn-LSTM-VQR,5,3,0.8091384,0.81772095,0.82048154,0.8033943,0.0054967519827187,0.008582532,0.014326632,0.0113431215
MQAttn-LSTM-VQR,5,3,0.802242,0.8052748,0.8091384,0.804537,0.0054967519827187,0.0030328035,0.0007377863,0.006896436
MQAttn-LSTM-VQR,5,3,0.7957432,0.7988407,0.802242,0.79609007,0.0054967519827187,0.0030974746,0.0027506351,0.006498754
MQAttn-LSTM-VQR,5,3,0.7925288,0.79136163,0.7957432,0.79367363,0.0054967519827187,0.0011671782,0.0023120046,0.003214419
MQAttn-LSTM-VQR,5,3,0.78882366,0.78788435,0.7925288,0.78867537,0.0054967519827187,0.0009393096,0.00079101324,0.003705144
MQAttn-LSTM-VQR,5,5,0.8715125,0.86577207,0.88004225,0.8740694,0.0054967519827187,0.005740404,0.008297324,0.008529782
MQAttn-LSTM-VQR,5,5,0.87167877,0.86386764,0.8715125,0.87952185,0.0054967519827187,0.007811129,0.015654206,0.00016629696
MQAttn-LSTM-VQR,5,5,0.8690643,0.872549,0.87167877,0.8696272,0.0054967519827187,0.003484726,0.0029218197,0.0026144981
MQAttn-LSTM-VQR,5,5,0.85863227,0.8672864,0.8690643,0.8527029,0.0054967519827187,0.008654118,0.014583468,0.010432005
MQAttn-LSTM-VQR,5,5,0.8474971,0.8559061,0.85863227,0.84489787,0.0054967519827187,0.008409023,0.011008263,0.011135161
MQAttn-LSTM-VQR,5,5,0.8405724,0.8504649,0.8474971,0.8437867,0.0054967519827187,0.009892464,0.006678164,0.006924689
MQAttn-LSTM-VQR,5,5,0.8428812,0.84076,0.8405724,0.85135525,0.0054967519827187,0.00212121,0.010595262,0.002308786
MQAttn-LSTM-VQR,5,5,0.84915835,0.84243727,0.8428812,0.85452765,0.0054967519827187,0.0067210793,0.012090385,0.006277144
MQAttn-LSTM-VQR,5,5,0.8545028,0.8435171,0.84915835,0.85522854,0.0054967519827187,0.0109856725,0.011711419,0.0053444505
MQAttn-LSTM-VQR,5,5,0.84557265,0.8489518,0.8545028,0.8355601,0.0054967519827187,0.0033791661,0.013391733,0.008930147
MQAttn-LSTM-VQR,5,5,0.8413325,0.8392202,0.84557265,0.8416284,0.0054967519827187,0.0021122694,0.0024081469,0.004240155
MQAttn-LSTM-VQR,5,5,0.8356159,0.83433175,0.8413325,0.8357602,0.0054967519827187,0.0012841225,0.0014284253,0.005716622
MQAttn-LSTM-VQR,5,5,0.8246508,0.83125836,0.8356159,0.82023066,0.0054967519827187,0.0066075325,0.011027694,0.010965049
MQAttn-LSTM-VQR,5,5,0.8176962,0.82125413,0.8246508,0.81794864,0.0054967519827187,0.0035579205,0.0033054948,0.0069546103
MQAttn-LSTM-VQR,5,5,0.81665486,0.8155808,0.8176962,0.82139415,0.0054967519827187,0.0010740757,0.00581336,0.0010413527
MQAttn-LSTM-VQR,5,5,0.82406414,0.81544226,0.81665486,0.8328286,0.0054967519827187,0.0086218715,0.017386317,0.0074092746
MQAttn-LSTM-VQR,5,5,0.82814854,0.8212272,0.82406414,0.82844985,0.0054967519827187,0.006921351,0.0072226524,0.0040844083
MQAttn-LSTM-VQR,5,5,0.82623696,0.8247067,0.82814854,0.821103,0.0054967519827187,0.0015302896,0.0036036968,0.0019115806
MQAttn-LSTM-VQR,5,5,0.820994,0.82266533,0.82623696,0.81731683,0.0054967519827187,0.0016713142,0.0053485036,0.0052429438
MQAttn-LSTM-VQR,5,5,0.81501365,0.8170682,0.820994,0.8141091,0.0054967519827187,0.002054572,0.0029591322,0.0059803724
MQAttn-LSTM-VQR,5,5,0.8089336,0.81071967,0.81501365,0.8085135,0.0054967519827187,0.0017860532,0.0022061467,0.0060800314
MQAttn-LSTM-VQR,5,5,0.8045314,0.8049193,0.8089336,0.8047877,0.0054967519827187,0.00038790703,0.00013160706,0.0044022202
MQAttn-LSTM-VQR,5,5,0.7963531,0.7990453,0.8045314,0.7933096,0.0054967519827187,0.0026922226,0.0057356954,0.008178294
Persistence,6,6,0.88975173,0.89517194,0.89517194,0.8901097,0.0056627201847732,0.005420208,0.0050622225,0.005420208
Persistence,6,6,0.8844058,0.88975173,0.88975173,0.8845384,0.0056627201847732,0.0053459406,0.0052133203,0.0053459406
Persistence,6,6,0.8796831,0.8844058,0.8844058,0.88003206,0.0056627201847732,0.0047227144,0.004373729,0.0047227144
Persistence,6,6,0.8685219,0.8796831,0.8796831,0.86393785,0.0056627201847732,0.011161149,0.015745223,0.011161149
Persistence,6,6,0.85531336,0.8685219,0.8685219,0.85191804,0.0056627201847732,0.013208568,0.016603887,0.013208568
Persistence,6,6,0.84527916,0.85531336,0.85531336,0.84655106,0.0056627201847732,0.0100342035,0.0087623,0.0100342035
Persistence,6,6,0.8381722,0.84527916,0.84527916,0.8410362,0.0056627201847732,0.00710696,0.0042429566,0.00710696
Persistence,6,6,0.83072233,0.8381722,0.8381722,0.8311087,0.0056627201847732,0.0074498653,0.007063508,0.0074498653
Persistence,6,6,0.8255949,0.83072233,0.83072233,0.826916,0.0056627201847732,0.00512743,0.0038063526,0.00512743
Persistence,6,6,0.8189723,0.8255949,0.8255949,0.8187067,0.0056627201847732,0.0066226125,0.006888211,0.0066226125
Persistence,6,6,0.81530386,0.8189723,0.8189723,0.8177571,0.0056627201847732,0.0036684275,0.0012151599,0.0036684275
Persistence,6,6,0.8170719,0.81530386,0.81530386,0.82221174,0.0056627201847732,0.0017680526,0.0069078803,0.0017680526
Persistence,6,6,0.81581235,0.8170719,0.8170719,0.8154538,0.0056627201847732,0.0012595654,0.0016180873,0.0012595654
Persistence,6,6,0.8110964,0.81581235,0.81581235,0.80811554,0.0056627201847732,0.004715979,0.0076968074,0.004715979
Persistence,6,6,0.8082009,0.8110964,0.8110964,0.80867493,0.0056627201847732,0.0028954744,0.0024214387,0.0028954744
Persistence,6,6,0.81034005,0.8082009,0.8082009,0.8150423,0.0056627201847732,0.002139151,0.006841421,0.002139151
Persistence,6,6,0.80829453,0.81034005,0.81034005,0.8069653,0.0056627201847732,0.0020455122,0.0033747554,0.0020455122
Persistence,6,6,0.80186325,0.80829453,0.80829453,0.7971569,0.0056627201847732,0.0064312816,0.011137664,0.0064312816
Persistence,6,6,0.7943854,0.80186325,0.80186325,0.7919337,0.0056627201847732,0.0074778795,0.009929538,0.0074778795
Persistence,6,6,0.7884783,0.7943854,0.7943854,0.78955144,0.0056627201847732,0.0059070587,0.0048339367,0.0059070587
Persistence,6,6,0.79125845,0.7884783,0.7884783,0.7982195,0.0056627201847732,0.0027801394,0.009741187,0.0027801394
Persistence,6,6,0.7911631,0.79125845,0.79125845,0.7910288,0.0056627201847732,9.536743e-05,0.0002296567,9.536743e-05
Persistence,6,6,0.7923482,0.7911631,0.7911631,0.79262084,0.0056627201847732,0.0011851192,0.0014577508,0.0011851192
Persistence,6,15,0.8717196,0.88120705,0.88120705,0.8724049,0.0056627201847732,0.00948745,0.0088021755,0.00948745
Persistence,6,15,0.8680467,0.8717196,0.8717196,0.87314415,0.0056627201847732,0.0036728978,0.001424551,0.0036728978
Persistence,6,15,0.86082107,0.8680467,0.8680467,0.85962033,0.0056627201847732,0.0072256327,0.008426368,0.0072256327
Persistence,6,15,0.85357535,0.86082107,0.86082107,0.85267913,0.0056627201847732,0.0072457194,0.008141935,0.0072457194
Persistence,6,15,0.84735775,0.85357535,0.85357535,0.84834564,0.0056627201847732,0.006217599,0.0052297115,0.006217599
Persistence,6,15,0.84049565,0.84735775,0.84735775,0.8407997,0.0056627201847732,0.006862104,0.0065580606,0.006862104
Persistence,6,15,0.8387064,0.84049565,0.84049565,0.84251374,0.0056627201847732,0.0017892718,0.002018094,0.0017892718
Persistence,6,15,0.8392511,0.8387064,0.8387064,0.8422961,0.0056627201847732,0.00054472685,0.0035897493,0.00054472685
Persistence,6,15,0.838258,0.8392511,0.8392511,0.8382839,0.0056627201847732,0.000993073,0.00096720457,0.000993073
Persistence,6,15,0.83637214,0.838258,0.838258,0.8357488,0.0056627201847732,0.001885891,0.0025092363,0.001885891
Persistence,6,15,0.8346101,0.83637214,0.83637214,0.8347425,0.0056627201847732,0.0017620325,0.0016296506,0.0017620325
Persistence,6,15,0.83088505,0.8346101,0.8346101,0.8298506,0.0056627201847732,0.0037250519,0.0047594905,0.0037250519
Persistence,6,15,0.8209634,0.83088505,0.83088505,0.81573904,0.0056627201847732,0.00992167,0.015146017,0.00992167
Persistence,6,15,0.8123464,0.8209634,0.8209634,0.8110497,0.0056627201847732,0.008616984,0.009913683,0.008616984
Persistence,6,15,0.8086857,0.8123464,0.8123464,0.8123055,0.0056627201847732,0.0036606789,4.0888786e-05,0.0036606789
Persistence,6,15,0.8055827,0.8086857,0.8086857,0.8074114,0.0056627201847732,0.0031030178,0.0012743473,0.0031030178
Persistence,6,15,0.8031753,0.8055827,0.8055827,0.80365896,0.0056627201847732,0.0024074316,0.0019237399,0.0024074316
Persistence,6,15,0.8008719,0.8031753,0.8031753,0.80093294,0.0056627201847732,0.002303362,0.0022423267,0.002303362
Persistence,6,15,0.79290617,0.8008719,0.8008719,0.7892152,0.0056627201847732,0.007965744,0.011656702,0.007965744
Persistence,6,15,0.78966856,0.79290617,0.79290617,0.7919648,0.0056627201847732,0.003237605,0.00094133615,0.003237605
MQAttn-LSTM-VQR,6,6,0.88975173,0.88437486,0.89517194,0.8901097,0.0056627201847732,0.0053768754,0.005734861,0.005420208
MQAttn-LSTM-VQR,6,6,0.8844058,0.8834993,0.88975173,0.8845384,0.0056627201847732,0.00090646744,0.0010390878,0.0053459406
MQAttn-LSTM-VQR,6,6,0.8796831,0.8798574,0.8844058,0.88003206,0.0056627201847732,0.00017434359,0.00017464161,0.0047227144
MQAttn-LSTM-VQR,6,6,0.8685219,0.8753169,0.8796831,0.86393785,0.0056627201847732,0.006794989,0.011379063,0.011161149
MQAttn-LSTM-VQR,6,6,0.85531336,0.8657817,0.8685219,0.85191804,0.0056627201847732,0.010468364,0.013863683,0.013208568
MQAttn-LSTM-VQR,6,6,0.84527916,0.8525416,0.85531336,0.84655106,0.0056627201847732,0.0072624683,0.005990565,0.0100342035
MQAttn-LSTM-VQR,6,6,0.8381722,0.84298503,0.84527916,0.8410362,0.0056627201847732,0.0048128366,0.0019488335,0.00710696
MQAttn-LSTM-VQR,6,6,0.83072233,0.8339567,0.8381722,0.8311087,0.0056627201847732,0.0032343864,0.0028480291,0.0074498653
MQAttn-LSTM-VQR,6,6,0.8255949,0.82764995,0.83072233,0.826916,0.0056627201847732,0.002055049,0.0007339716,0.00512743
MQAttn-LSTM-VQR,6,6,0.8189723,0.8228397,0.8255949,0.8187067,0.0056627201847732,0.0038673878,0.004132986,0.0066226125
MQAttn-LSTM-VQR,6,6,0.81530386,0.8133851,0.8189723,0.8177571,0.0056627201847732,0.0019187331,0.0043720007,0.0036684275
MQAttn-LSTM-VQR,6,6,0.8170719,0.804016,0.81530386,0.82221174,0.0056627201847732,0.013055921,0.018195748,0.0017680526
MQAttn-LSTM-VQR,6,6,0.81581235,0.81140393,0.8170719,0.8154538,0.0056627201847732,0.004408419,0.004049897,0.0012595654
MQAttn-LSTM-VQR,6,6,0.8110964,0.8116661,0.81581235,0.80811554,0.0056627201847732,0.0005697012,0.0035505295,0.004715979
MQAttn-LSTM-VQR,6,6,0.8082009,0.81093246,0.8110964,0.80867493,0.0056627201847732,0.0027315617,0.002257526,0.0028954744
MQAttn-LSTM-VQR,6,6,0.81034005,0.8096915,0.8082009,0.8150423,0.0056627201847732,0.00064855814,0.005350828,0.002139151
MQAttn-LSTM-VQR,6,6,0.80829453,0.8097116,0.81034005,0.8069653,0.0056627201847732,0.0014170408,0.002746284,0.0020455122
MQAttn-LSTM-VQR,6,6,0.80186325,0.8089832,0.80829453,0.7971569,0.0056627201847732,0.0071199536,0.011826336,0.0064312816
MQAttn-LSTM-VQR,6,6,0.7943854,0.79989105,0.80186325,0.7919337,0.0056627201847732,0.005505681,0.007957339,0.0074778795
MQAttn-LSTM-VQR,6,6,0.7884783,0.7907954,0.7943854,0.78955144,0.0056627201847732,0.002317071,0.0012439489,0.0059070587
MQAttn-LSTM-VQR,6,6,0.79125845,0.7832972,0.7884783,0.7982195,0.0056627201847732,0.007961273,0.014922321,0.0027801394
MQAttn-LSTM-VQR,6,6,0.7911631,0.78511506,0.79125845,0.7910288,0.0056627201847732,0.0060480237,0.0059137344,9.536743e-05
MQAttn-LSTM-VQR,6,6,0.7923482,0.78739476,0.7911631,0.79262084,0.0056627201847732,0.004953444,0.0052260756,0.0011851192
MQAttn-LSTM-VQR,6,15,0.8717196,0.8747138,0.88120705,0.8724049,0.0056627201847732,0.0029941797,0.0023089051,0.00948745
MQAttn-LSTM-VQR,6,15,0.8680467,0.86689407,0.8717196,0.87314415,0.0056627201847732,0.0011526346,0.0062500834,0.0036728978
MQAttn-LSTM-VQR,6,15,0.86082107,0.8579063,0.8680467,0.85962033,0.0056627201847732,0.0029147863,0.0017140508,0.0072256327
MQAttn-LSTM-VQR,6,15,0.85357535,0.8548448,0.86082107,0.85267913,0.0056627201847732,0.0012694597,0.0021656752,0.0072457194
MQAttn-LSTM-VQR,6,15,0.84735775,0.847024,0.85357535,0.84834564,0.0056627201847732,0.0003337264,0.0013216138,0.006217599
MQAttn-LSTM-VQR,6,15,0.84049565,0.8449711,0.84735775,0.8407997,0.0056627201847732,0.0044754744,0.004171431,0.006862104
MQAttn-LSTM-VQR,6,15,0.8387064,0.8403158,0.84049565,0.84251374,0.0056627201847732,0.0016094446,0.0021979213,0.0017892718
MQAttn-LSTM-VQR,6,15,0.8392511,0.8361536,0.8387064,0.8422961,0.0056627201847732,0.0030974746,0.006142497,0.00054472685
MQAttn-LSTM-VQR,6,15,0.838258,0.8362485,0.8392511,0.8382839,0.0056627201847732,0.002009511,0.0020353794,0.000993073
MQAttn-LSTM-VQR,6,15,0.83637214,0.8339695,0.838258,0.8357488,0.0056627201847732,0.0024026632,0.0017793179,0.001885891
MQAttn-LSTM-VQR,6,15,0.8346101,0.8288901,0.83637214,0.8347425,0.0056627201847732,0.0057200193,0.0058524013,0.0017620325
MQAttn-LSTM-VQR,6,15,0.83088505,0.82862264,0.8346101,0.8298506,0.0056627201847732,0.0022624135,0.0012279749,0.0037250519
MQAttn-LSTM-VQR,6,15,0.8209634,0.82407475,0.83088505,0.81573904,0.0056627201847732,0.0031113625,0.00833571,0.00992167
MQAttn-LSTM-VQR,6,15,0.8123464,0.8186191,0.8209634,0.8110497,0.0056627201847732,0.0062726736,0.0075693727,0.008616984
MQAttn-LSTM-VQR,6,15,0.8086857,0.812477,0.8123464,0.8123055,0.0056627201847732,0.0037912726,0.00017148256,0.0036606789
MQAttn-LSTM-VQR,6,15,0.8055827,0.81263715,0.8086857,0.8074114,0.0056627201847732,0.007054448,0.0052257776,0.0031030178
MQAttn-LSTM-VQR,6,15,0.8031753,0.801248,0.8055827,0.80365896,0.0056627201847732,0.0019272566,0.0024109483,0.0024074316
MQAttn-LSTM-VQR,6,15,0.8008719,0.80259347,0.8031753,0.80093294,0.0056627201847732,0.001721561,0.0016605258,0.002303362
MQAttn-LSTM-VQR,6,15,0.79290617,0.7971273,0.8008719,0.7892152,0.0056627201847732,0.0042211413,0.007912099,0.007965744
MQAttn-LSTM-VQR,6,15,0.78966856,0.7876941,0.79290617,0.7919648,0.0056627201847732,0.0019744635,0.0042707324,0.003237605
Persistence,7,8,0.89839995,0.9017133,0.9017133,0.90064675,0.0054476531222462,0.0033133626,0.0010665655,0.0033133626
Persistence,7,8,0.8883719,0.89839995,0.89839995,0.88429236,0.0054476531222462,0.010028064,0.014107585,0.010028064
Persistence,7,8,0.8770479,0.8883719,0.8883719,0.87401485,0.0054476531222462,0.011323988,0.01435703,0.011323988
Persistence,7,8,0.87024885,0.8770479,0.8770479,0.87282014,0.0054476531222462,0.006799042,0.0042277575,0.006799042
Persistence,7,8,0.86803865,0.87024885,0.87024885,0.8729449,0.0054476531222462,0.0022101998,0.0026960373,0.0022101998
Persistence,7,8,0.8603048,0.86803865,0.86803865,0.8575645,0.0054476531222462,0.0077338815,0.010474145,0.0077338815
Persistence,7,8,0.85124344,0.8603048,0.8603048,0.84833086,0.0054476531222462,0.0090613365,0.0119739175,0.0090613365
Persistence,7,8,0.835513,0.85124344,0.85124344,0.82999146,0.0054476531222462,0.01573044,0.021251976,0.01573044
Persistence,7,8,0.8263239,0.835513,0.835513,0.82971585,0.0054476531222462,0.009189069,0.0057971478,0.009189069
Persistence,7,8,0.8229825,0.8263239,0.8263239,0.8287887,0.0054476531222462,0.0033414364,0.0024647713,0.0033414364
Persistence,7,8,0.82302344,0.8229825,0.8229825,0.82702684,0.0054476531222462,4.094839e-05,0.004044354,4.094839e-05
Persistence,7,8,0.82136583,0.82302344,0.82302344,0.8211693,0.0054476531222462,0.0016576052,0.0018541217,0.0016576052
Persistence,7,8,0.8179489,0.82136583,0.82136583,0.81672496,0.0054476531222462,0.0034169555,0.0046408772,0.0034169555
Persistence,7,8,0.8128484,0.8179489,0.8179489,0.8119489,0.0054476531222462,0.0051004887,0.0059999824,0.0051004887
Persistence,7,8,0.80695885,0.8128484,0.8128484,0.80631554,0.0054476531222462,0.005889535,0.006532848,0.005889535
Persistence,7,8,0.80764204,0.80695885,0.80695885,0.8121565,0.0054476531222462,0.00068318844,0.0051976442,0.00068318844
Persistence,7,8,0.8053985,0.80764204,0.80764204,0.8049148,0.0054476531222462,0.0022435188,0.0027272701,0.0022435188
Persistence,7,8,0.7994216,0.8053985,0.8053985,0.7960426,0.0054476531222462,0.0059769154,0.009355903,0.0059769154
Persistence,7,8,0.7958956,0.7994216,0.7994216,0.7964955,0.0054476531222462,0.003526032,0.0029261112,0.003526032
Persistence,7,8,0.79358774,0.7958956,0.7958956,0.79534715,0.0054476531222462,0.0023078322,0.00054842234,0.0023078322
Persistence,7,8,0.7913475,0.79358774,0.79358774,0.79208946,0.0054476531222462,0.0022402406,0.001498282,0.0022402406
Persistence,7,8,0.7890898,0.7913475,0.7913475,0.78874314,0.0054476531222462,0.0022577047,0.0026043653,0.0022577047
Persistence,7,8,0.7851366,0.7890898,0.7890898,0.78373265,0.0054476531222462,0.0039532185,0.0053571463,0.0039532185
Persistence,7,10,0.8812594,0.8877018,0.8877018,0.8826901,0.0054476531222462,0.0064424276,0.0050117373,0.0064424276
Persistence,7,10,0.87596154,0.8812594,0.8812594,0.87818635,0.0054476531222462,0.0052978396,0.0030730367,0.0052978396
Persistence,7,10,0.87697875,0.87596154,0.87596154,0.88232356,0.0054476531222462,0.0010172129,0.006362021,0.0010172129
Persistence,7,10,0.87208104,0.87697875,0.87697875,0.86945295,0.0054476531222462,0.0048977137,0.0075258017,0.0048977137
Persistence,7,10,0.8668421,0.87208104,0.87208104,0.86518914,0.0054476531222462,0.0052389503,0.0068919063,0.0052389503
Persistence,7,10,0.86631876,0.8668421,0.8668421,0.8699678,0.0054476531222462,0.0005233288,0.0031257272,0.0005233288
Persistence,7,10,0.8702149,0.86631876,0.86631876,0.8755109,0.0054476531222462,0.0038961172,0.009192109,0.0038961172
Persistence,7,10,0.8748219,0.8702149,0.8702149,0.8770293,0.0054476531222462,0.004607022,0.00681442,0.004607022
Persistence,7,10,0.8718848,0.8748219,0.8748219,0.8664172,0.0054476531222462,0.0029370785,0.008404672,0.0029370785
Persistence,7,10,0.8632296,0.8718848,0.8718848,0.8571021,0.0054476531222462,0.00865525,0.014782727,0.00865525
Persistence,7,10,0.8524154,0.8632296,0.8632296,0.84933686,0.0054476531222462,0.01081419,0.01389271,0.01081419
Persistence,7,10,0.8381798,0.8524154,0.8524154,0.83461636,0.0054476531222462,0.014235556,0.01779902,0.014235556
Persistence,7,10,0.8331223,0.8381798,0.8381798,0.8379713,0.0054476531222462,0.0050575137,0.00020849705,0.0050575137
Persistence,7,10,0.8365936,0.8331223,0.8331223,0.8445855,0.0054476531222462,0.003471315,0.011463165,0.003471315
Persistence,7,10,0.8432626,0.8365936,0.8365936,0.8484766,0.0054476531222462,0.006668985,0.011882961,0.006668985
Persistence,7,10,0.8430471,0.8432626,0.8432626,0.8394557,0.0054476531222462,0.0002155304,0.003806889,0.0002155304
Persistence,7,10,0.83568525,0.8430471,0.8430471,0.82897156,0.0054476531222462,0.0073618293,0.014075518,0.0073618293
Persistence,7,10,0.8308019,0.83568525,0.83568525,0.8312218,0.0054476531222462,0.004883349,0.004463434,0.004883349
Persistence,7,10,0.82682,0.8308019,0.8308019,0.82842606,0.0054476531222462,0.0039818883,0.0023758411,0.0039818883
Persistence,7,10,0.8235313,0.82682,0.82682,0.82392335,0.0054476531222462,0.0032886863,0.0028966665,0.0032886863
Persistence,7,10,0.8145864,0.8235313,0.8235313,0.8096079,0.0054476531222462,0.008944929,0.013923407,0.008944929
Persistence,7,10,0.8035725,0.8145864,0.8145864,0.8001174,0.0054476531222462,0.011013925,0.0144690275,0.011013925
MQAttn-LSTM-VQR,7,8,0.89839995,0.888652,0.9017133,0.90064675,0.0054476531222462,0.009747922,0.0119947195,0.0033133626
MQAttn-LSTM-VQR,7,8,0.8883719,0.88463354,0.89839995,0.88429236,0.0054476531222462,0.0037383437,0.000341177,0.010028064
MQAttn-LSTM-VQR,7,8,0.8770479,0.88382244,0.8883719,0.87401485,0.0054476531222462,0.0067745447,0.009807587,0.011323988
MQAttn-LSTM-VQR,7,8,0.87024885,0.86986834,0.8770479,0.87282014,0.0054476531222462,0.00038051605,0.0029518008,0.006799042
MQAttn-LSTM-VQR,7,8,0.86803865,0.8634811,0.87024885,0.8729449,0.0054476531222462,0.00455755,0.009463787,0.0022101998
MQAttn-LSTM-VQR,7,8,0.8603048,0.8685539,0.86803865,0.8575645,0.0054476531222462,0.008249104,0.010989368,0.0077338815
MQAttn-LSTM-VQR,7,8,0.85124344,0.86221695,0.8603048,0.84833086,0.0054476531222462,0.010973513,0.013886094,0.0090613365
MQAttn-LSTM-VQR,7,8,0.835513,0.85208946,0.85124344,0.82999146,0.0054476531222462,0.016576469,0.022098005,0.01573044
MQAttn-LSTM-VQR,7,8,0.8263239,0.832294,0.835513,0.82971585,0.0054476531222462,0.005970061,0.0025781393,0.009189069
MQAttn-LSTM-VQR,7,8,0.8229825,0.8192505,0.8263239,0.8287887,0.0054476531222462,0.003731966,0.009538174,0.0033414364
MQAttn-LSTM-VQR,7,8,0.82302344,0.8146753,0.8229825,0.82702684,0.0054476531222462,0.008348167,0.0123515725,4.094839e-05
MQAttn-LSTM-VQR,7,8,0.82136583,0.81460714,0.82302344,0.8211693,0.0054476531222462,0.00675869,0.0065621734,0.0016576052
MQAttn-LSTM-VQR,7,8,0.8179489,0.81424767,0.82136583,0.81672496,0.0054476531222462,0.00370121,0.0024772882,0.0034169555
MQAttn-LSTM-VQR,7,8,0.8128484,0.81262386,0.8179489,0.8119489,0.0054476531222462,0.0002245307,0.000674963,0.0051004887
MQAttn-LSTM-VQR,7,8,0.80695885,0.80862355,0.8128484,0.80631554,0.0054476531222462,0.0016646981,0.002308011,0.005889535
MQAttn-LSTM-VQR,7,8,0.80764204,0.8038062,0.80695885,0.8121565,0.0054476531222462,0.003835857,0.008350313,0.00068318844
MQAttn-LSTM-VQR,7,8,0.8053985,0.8054346,0.80764204,0.8049148,0.0054476531222462,3.606081e-05,0.0005198121,0.0022435188
MQAttn-LSTM-VQR,7,8,0.7994216,0.8016995,0.8053985,0.7960426,0.0054476531222462,0.0022779107,0.005656898,0.0059769154
MQAttn-LSTM-VQR,7,8,0.7958956,0.7940238,0.7994216,0.7964955,0.0054476531222462,0.0018717647,0.0024716854,0.003526032
MQAttn-LSTM-VQR,7,8,0.79358774,0.7905743,0.7958956,0.79534715,0.0054476531222462,0.003013432,0.004772842,0.0023078322
MQAttn-LSTM-VQR,7,8,0.7913475,0.7865285,0.79358774,0.79208946,0.0054476531222462,0.004818976,0.0055609345,0.0022402406
MQAttn-LSTM-VQR,7,8,0.7890898,0.7849277,0.7913475,0.78874314,0.0054476531222462,0.004162073,0.0038154125,0.0022577047
MQAttn-LSTM-VQR,7,8,0.7851366,0.78215855,0.7890898,0.78373265,0.0054476531222462,0.0029780269,0.0015740991,0.0039532185
MQAttn-LSTM-VQR,7,10,0.8812594,0.8787529,0.8877018,0.8826901,0.0054476531222462,0.0025064945,0.003937185,0.0064424276
MQAttn-LSTM-VQR,7,10,0.87596154,0.8747928,0.8812594,0.87818635,0.0054476531222462,0.0011687279,0.0033935308,0.0052978396
MQAttn-LSTM-VQR,7,10,0.87697875,0.8704783,0.87596154,0.88232356,0.0054476531222462,0.0065004826,0.011845291,0.0010172129
MQAttn-LSTM-VQR,7,10,0.87208104,0.8717858,0.87697875,0.86945295,0.0054476531222462,0.0002952218,0.0023328662,0.0048977137
MQAttn-LSTM-VQR,7,10,0.8668421,0.8656869,0.87208104,0.86518914,0.0054476531222462,0.0011551976,0.0004977584,0.0052389503
MQAttn-LSTM-VQR,7,10,0.86631876,0.8632752,0.8668421,0.8699678,0.0054476531222462,0.003043592,0.006692648,0.0005233288
MQAttn-LSTM-VQR,7,10,0.8702149,0.8516193,0.86631876,0.8755109,0.0054476531222462,0.018595576,0.023891568,0.0038961172
MQAttn-LSTM-VQR,7,10,0.8748219,0.8616427,0.8702149,0.8770293,0.0054476531222462,0.013179183,0.015386581,0.004607022
MQAttn-LSTM-VQR,7,10,0.8718848,0.86545885,0.8748219,0.8664172,0.0054476531222462,0.0064259768,0.0009583831,0.0029370785
MQAttn-LSTM-VQR,7,10,0.8632296,0.8614913,0.8718848,0.8571021,0.0054476531222462,0.0017382503,0.0043892264,0.00865525
MQAttn-LSTM-VQR,7,10,0.8524154,0.8521773,0.8632296,0.84933686,0.0054476531222462,0.00023806095,0.0028404593,0.01081419
MQAttn-LSTM-VQR,7,10,0.8381798,0.8440629,0.8524154,0.83461636,0.0054476531222462,0.0058830976,0.009446561,0.014235556
MQAttn-LSTM-VQR,7,10,0.8331223,0.8332168,0.8381798,0.8379713,0.0054476531222462,9.447336e-05,0.0047545433,0.0050575137
MQAttn-LSTM-VQR,7,10,0.8365936,0.826656,0.8331223,0.8445855,0.0054476531222462,0.009937644,0.017929494,0.003471315
MQAttn-LSTM-VQR,7,10,0.8432626,0.82996047,0.8365936,0.8484766,0.0054476531222462,0.013302147,0.018516123,0.006668985
MQAttn-LSTM-VQR,7,10,0.8430471,0.83526486,0.8432626,0.8394557,0.0054476531222462,0.007782221,0.004190862,0.0002155304
MQAttn-LSTM-VQR,7,10,0.83568525,0.8336495,0.8430471,0.82897156,0.0054476531222462,0.002035737,0.0046779513,0.0073618293
MQAttn-LSTM-VQR,7,10,0.8308019,0.8267356,0.83568525,0.8312218,0.0054476531222462,0.0040662885,0.004486203,0.004883349
MQAttn-LSTM-VQR,7,10,0.82682,0.82332605,0.8308019,0.82842606,0.0054476531222462,0.0034939647,0.005100012,0.0039818883
MQAttn-LSTM-VQR,7,10,0.8235313,0.8198766,0.82682,0.82392335,0.0054476531222462,0.0036547184,0.004046738,0.0032886863
MQAttn-LSTM-VQR,7,10,0.8145864,0.81682163,0.8235313,0.8096079,0.0054476531222462,0.0022352338,0.0072137117,0.008944929
MQAttn-LSTM-VQR,7,10,0.8035725,0.8070673,0.8145864,0.8001174,0.0054476531222462,0.0034947991,0.0069499016,0.011013925
Persistence,8,12,0.90002984,0.9059325,0.9059325,0.89965,0.0056117167696356,0.005902648,0.0062825084,0.005902648
Persistence,8,12,0.88923687,0.90002984,0.90002984,0.8855096,0.0056117167696356,0.010792971,0.014520228,0.010792971
Persistence,8,12,0.87767106,0.88923687,0.88923687,0.8753226,0.0056117167696356,0.0115658045,0.013914287,0.0115658045
Persistence,8,12,0.8739828,0.87767106,0.87767106,0.87928826,0.0056117167696356,0.0036882758,0.0016171932,0.0036882758
Persistence,8,12,0.87492675,0.8739828,0.8739828,0.8807088,0.0056117167696356,0.00094395876,0.0067260265,0.00094395876
Persistence,8,12,0.87504387,0.87492675,0.87492675,0.87602335,0.0056117167696356,0.00011712313,0.0010966063,0.00011712313
Persistence,8,12,0.87760997,0.87504387,0.87504387,0.8793386,0.0056117167696356,0.0025660992,0.004294753,0.0025660992
Persistence,8,12,0.8801019,0.87760997,0.87760997,0.88145787,0.0056117167696356,0.002491951,0.003847897,0.002491951
Persistence,8,12,0.8738701,0.8801019,0.8801019,0.86845046,0.0056117167696356,0.0062318444,0.011651456,0.0062318444
Persistence,8,12,0.865847,0.8738701,0.8738701,0.8620723,0.0056117167696356,0.008023083,0.011797786,0.008023083
Persistence,8,12,0.8544704,0.865847,0.865847,0.8507111,0.0056117167696356,0.011376619,0.015135884,0.011376619
Persistence,8,12,0.8372065,0.8544704,0.8544704,0.83155227,0.0056117167696356,0.01726389,0.022918105,0.01726389
Persistence,8,12,0.83504474,0.8372065,0.8372065,0.84379613,0.0056117167696356,0.0021617413,0.006589651,0.0021617413
Persistence,8,12,0.8285201,0.83504474,0.83504474,0.8285985,0.0056117167696356,0.0065246224,0.0064462423,0.0065246224
Persistence,8,12,0.82626516,0.8285201,0.8285201,0.8286263,0.0056117167696356,0.002254963,0.00010615587,0.002254963
Persistence,8,12,0.821249,0.82626516,0.82626516,0.8200065,0.0056117167696356,0.005016148,0.0062586665,0.005016148
Persistence,8,12,0.8166651,0.821249,0.821249,0.8169389,0.0056117167696356,0.004583895,0.004310131,0.004583895
Persistence,8,12,0.8135439,0.8166651,0.8166651,0.81543,0.0056117167696356,0.0031211972,0.0012351274,0.0031211972
Persistence,8,12,0.80594957,0.8135439,0.8135439,0.80296576,0.0056117167696356,0.007594347,0.0105781555,0.007594347
Persistence,8,12,0.8007102,0.80594957,0.80594957,0.8011042,0.0056117167696356,0.0052393675,0.004845381,0.0052393675
Persistence,8,12,0.79671764,0.8007102,0.8007102,0.7981325,0.0056117167696356,0.0039925575,0.002577722,0.0039925575
Persistence,8,12,0.78941154,0.79671764,0.79671764,0.7875563,0.0056117167696356,0.007306099,0.009161353,0.007306099
Persistence,8,12,0.7868462,0.78941154,0.78941154,0.78935623,0.0056117167696356,0.0025653243,5.531311e-05,0.0025653243
Persistence,8,17,0.8863075,0.8947364,0.8947364,0.88460386,0.0056117167696356,0.008428931,0.010132551,0.008428931
Persistence,8,17,0.8787694,0.8863075,0.8863075,0.8785371,0.0056117167696356,0.00753808,0.0077703595,0.00753808
Persistence,8,17,0.8758942,0.8787694,0.8787694,0.87928426,0.0056117167696356,0.0028752089,0.0005148649,0.0028752089
Persistence,8,17,0.87374264,0.8758942,0.8758942,0.87586355,0.0056117167696356,0.0021515489,3.0636787e-05,0.0021515489
Persistence,8,17,0.8705092,0.87374264,0.87374264,0.8702913,0.0056117167696356,0.0032334328,0.0034513474,0.0032334328
Persistence,8,17,0.8679359,0.8705092,0.8705092,0.86810833,0.0056117167696356,0.0025733113,0.002400875,0.0025733113
Persistence,8,17,0.8556565,0.8679359,0.8679359,0.8488397,0.0056117167696356,0.012279391,0.019096196,0.012279391
Persistence,8,17,0.847178,0.8556565,0.8556565,0.84749323,0.0056117167696356,0.008478522,0.008163273,0.008478522
Persistence,8,17,0.84300923,0.847178,0.847178,0.84671694,0.0056117167696356,0.004168749,0.00046104193,0.004168749
Persistence,8,17,0.8357066,0.84300923,0.84300923,0.8345817,0.0056117167696356,0.007302642,0.00842756,0.007302642
Persistence,8,17,0.8343915,0.8357066,0.8357066,0.83772355,0.0056117167696356,0.0013151169,0.0020169616,0.0013151169
Persistence,8,17,0.8306458,0.8343915,0.8343915,0.8302204,0.0056117167696356,0.003745675,0.0041710734,0.003745675
Persistence,8,17,0.8274754,0.8306458,0.8306458,0.8281061,0.0056117167696356,0.003170371,0.0025396943,0.003170371
Persistence,8,17,0.8289869,0.8274754,0.8274754,0.83286464,0.0056117167696356,0.0015114546,0.0053892136,0.0015114546
Persistence,8,17,0.8276623,0.8289869,0.8289869,0.82703626,0.0056117167696356,0.001324594,0.0019506216,0.001324594
Persistence,8,17,0.82433385,0.8276623,0.8276623,0.82250845,0.0056117167696356,0.0033284426,0.005153835,0.0033284426
Persistence,8,17,0.8221723,0.82433385,0.82433385,0.82237285,0.0056117167696356,0.0021615624,0.0019609928,0.0021615624
Persistence,8,17,0.8080104,0.8221723,0.8221723,0.79946065,0.0056117167696356,0.014161885,0.022711635,0.014161885
Persistence,8,17,0.79550105,0.8080104,0.8080104,0.79318243,0.0056117167696356,0.012509346,0.014827967,0.012509346
Persistence,8,17,0.788829,0.79550105,0.79550105,0.7925143,0.0056117167696356,0.0066720247,0.0029867291,0.0066720247
Persistence,8,17,0.78471535,0.788829,0.788829,0.7881266,0.0056117167696356,0.004113674,0.00070244074,0.004113674
Persistence,8,17,0.7820456,0.78471535,0.78471535,0.78366435,0.0056117167696356,0.0026697516,0.0010510087,0.0026697516
MQAttn-LSTM-VQR,8,12,0.90002984,0.896049,0.9059325,0.89965,0.0056117167696356,0.0039808154,0.003600955,0.005902648
MQAttn-LSTM-VQR,8,12,0.88923687,0.8904283,0.90002984,0.8855096,0.0056117167696356,0.0011914372,0.0049186945,0.010792971
MQAttn-LSTM-VQR,8,12,0.87767106,0.8786924,0.88923687,0.8753226,0.0056117167696356,0.0010213256,0.0033698082,0.0115658045
MQAttn-LSTM-VQR,8,12,0.8739828,0.86746174,0.87767106,0.87928826,0.0056117167696356,0.006521046,0.011826515,0.0036882758
MQAttn-LSTM-VQR,8,12,0.87492675,0.86524546,0.8739828,0.8807088,0.0056117167696356,0.009681284,0.015463352,0.00094395876
MQAttn-LSTM-VQR,8,12,0.87504387,0.87260896,0.87492675,0.87602335,0.0056117167696356,0.0024349093,0.0034143925,0.00011712313
MQAttn-LSTM-VQR,8,12,0.87760997,0.8721121,0.87504387,0.8793386,0.0056117167696356,0.005497873,0.0072265267,0.0025660992
MQAttn-LSTM-VQR,8,12,0.8801019,0.8739516,0.87760997,0.88145787,0.0056117167696356,0.0061503053,0.0075062513,0.002491951
MQAttn-LSTM-VQR,8,12,0.8738701,0.8759421,0.8801019,0.86845046,0.0056117167696356,0.0020720363,0.007491648,0.0062318444
MQAttn-LSTM-VQR,8,12,0.865847,0.86911666,0.8738701,0.8620723,0.0056117167696356,0.0032696724,0.007044375,0.008023083
MQAttn-LSTM-VQR,8,12,0.8544704,0.8608849,0.865847,0.8507111,0.0056117167696356,0.0064145327,0.010173798,0.011376619
MQAttn-LSTM-VQR,8,12,0.8372065,0.8487525,0.8544704,0.83155227,0.0056117167696356,0.011546016,0.017200232,0.01726389
MQAttn-LSTM-VQR,8,12,0.83504474,0.8305822,0.8372065,0.84379613,0.0056117167696356,0.00446254,0.0132139325,0.0021617413
MQAttn-LSTM-VQR,8,12,0.8285201,0.83136415,0.83504474,0.8285985,0.0056117167696356,0.0028440356,0.0027656555,0.0065246224
MQAttn-LSTM-VQR,8,12,0.82626516,0.8252623,0.8285201,0.8286263,0.0056117167696356,0.0010028481,0.003363967,0.002254963
MQAttn-LSTM-VQR,8,12,0.821249,0.8219239,0.82626516,0.8200065,0.0056117167696356,0.0006749034,0.0019174218,0.005016148
MQAttn-LSTM-VQR,8,12,0.8166651,0.8189543,0.821249,0.8169389,0.0056117167696356,0.002289176,0.0020154119,0.004583895
MQAttn-LSTM-VQR,8,12,0.8135439,0.81416,0.8166651,0.81543,0.0056117167696356,0.0006160736,0.0012699962,0.0031211972
MQAttn-LSTM-VQR,8,12,0.80594957,0.8092322,0.8135439,0.80296576,0.0056117167696356,0.0032826066,0.006266415,0.007594347
MQAttn-LSTM-VQR,8,12,0.8007102,0.8038148,0.80594957,0.8011042,0.0056117167696356,0.0031046271,0.0027106404,0.0052393675
MQAttn-LSTM-VQR,8,12,0.79671764,0.7976742,0.8007102,0.7981325,0.0056117167696356,0.00095653534,0.0004583001,0.0039925575
MQAttn-LSTM-VQR,8,12,0.78941154,0.7937624,0.79671764,0.7875563,0.0056117167696356,0.004350841,0.006206095,0.007306099
MQAttn-LSTM-VQR,8,12,0.7868462,0.7844419,0.78941154,0.78935623,0.0056117167696356,0.0024043322,0.0049143434,0.0025653243
MQAttn-LSTM-VQR,8,17,0.8863075,0.8868231,0.8947364,0.88460386,0.0056117167696356,0.0005156398,0.0022192597,0.008428931
MQAttn-LSTM-VQR,8,17,0.8787694,0.87938064,0.8863075,0.8785371,0.0056117167696356,0.00061124563,0.00084352493,0.00753808
MQAttn-LSTM-VQR,8,17,0.8758942,0.8708581,0.8787694,0.87928426,0.0056117167696356,0.0050361156,0.008426189,0.0028752089
MQAttn-LSTM-VQR,8,17,0.87374264,0.8696409,0.8758942,0.87586355,0.0056117167696356,0.0041017532,0.0062226653,0.0021515489
MQAttn-LSTM-VQR,8,17,0.8705092,0.8710426,0.87374264,0.8702913,0.0056117167696356,0.00053340197,0.00075131655,0.0032334328
MQAttn-LSTM-VQR,8,17,0.8679359,0.86967033,0.8705092,0.86810833,0.0056117167696356,0.0017344356,0.0015619993,0.0025733113
MQAttn-LSTM-VQR,8,17,0.8556565,0.8635227,0.8679359,0.8488397,0.0056117167696356,0.007866204,0.014683008,0.012279391
MQAttn-LSTM-VQR,8,17,0.847178,0.8527249,0.8556565,0.84749323,0.0056117167696356,0.0055469275,0.0052316785,0.008478522
MQAttn-LSTM-VQR,8,17,0.84300923,0.8432165,0.847178,0.84671694,0.0056117167696356,0.00020724535,0.0035004616,0.004168749
MQAttn-LSTM-VQR,8,17,0.8357066,0.83836627,0.84300923,0.8345817,0.0056117167696356,0.0026596785,0.003784597,0.007302642
MQAttn-LSTM-VQR,8,17,0.8343915,0.83152175,0.8357066,0.83772355,0.0056117167696356,0.0028697252,0.0062018037,0.0013151169
MQAttn-LSTM-VQR,8,17,0.8306458,0.83317226,0.8343915,0.8302204,0.0056117167696356,0.002526462,0.0029518604,0.003745675
MQAttn-LSTM-VQR,8,17,0.8274754,0.82577306,0.8306458,0.8281061,0.0056117167696356,0.0017023683,0.002333045,0.003170371
MQAttn-LSTM-VQR,8,17,0.8289869,0.82058775,0.8274754,0.83286464,0.0056117167696356,0.008399129,0.012276888,0.0015114546
MQAttn-LSTM-VQR,8,17,0.8276623,0.82473165,0.8289869,0.82703626,0.0056117167696356,0.0029306412,0.0023046136,0.001324594
MQAttn-LSTM-VQR,8,17,0.82433385,0.8238117,0.8276623,0.82250845,0.0056117167696356,0.0005221367,0.0013032556,0.0033284426
MQAttn-LSTM-VQR,8,17,0.8221723,0.82087076,0.82433385,0.82237285,0.0056117167696356,0.001301527,0.0015020967,0.0021615624
MQAttn-LSTM-VQR,8,17,0.8080104,0.8184594,0.8221723,0.79946065,0.0056117167696356,0.010448992,0.018998742,0.014161885
MQAttn-LSTM-VQR,8,17,0.79550105,0.8061459,0.8080104,0.79318243,0.0056117167696356,0.010644853,0.012963474,0.012509346
MQAttn-LSTM-VQR,8,17,0.788829,0.7913828,0.79550105,0.7925143,0.0056117167696356,0.002553761,0.0011315346,0.0066720247
MQAttn-LSTM-VQR,8,17,0.78471535,0.78578556,0.788829,0.7881266,0.0056117167696356,0.0010702014,0.002341032,0.004113674
MQAttn-LSTM-VQR,8,17,0.7820456,0.781308,0.78471535,0.78366435,0.0056117167696356,0.0007376075,0.0023563504,0.0026697516
Persistence,9,1,0.8989041,0.90255606,0.90255606,0.90152186,0.0057734414003789,0.0036519766,0.0010342002,0.0036519766
Persistence,9,1,0.89001435,0.8989041,0.8989041,0.8875078,0.0057734414003789,0.008889735,0.011396289,0.008889735
Persistence,9,1,0.87938654,0.89001435,0.89001435,0.87623525,0.0057734414003789,0.010627806,0.013779104,0.010627806
Persistence,9,1,0.8669862,0.87938654,0.87938654,0.8647164,0.0057734414003789,0.012400329,0.014670134,0.012400329
Persistence,9,1,0.8558226,0.8669862,0.8669862,0.8563263,0.0057734414003789,0.011163592,0.010659933,0.011163592
Persistence,9,1,0.84877163,0.8558226,0.8558226,0.851942,0.0057734414003789,0.007050991,0.00388062,0.007050991
Persistence,9,1,0.84787625,0.84877163,0.84877163,0.85325265,0.0057734414003789,0.000895381,0.0044810176,0.000895381
Persistence,9,1,0.84779346,0.84787625,0.84787625,0.85035527,0.0057734414003789,8.279085e-05,0.0024790168,8.279085e-05
Persistence,9,1,0.8471325,0.84779346,0.84779346,0.8476322,0.0057734414003789,0.0006609559,0.00016123056,0.0006609559
Persistence,9,1,0.84348625,0.8471325,0.8471325,0.84171885,0.0057734414003789,0.0036462545,0.0054136515,0.0036462545
Persistence,9,1,0.83930993,0.84348625,0.84348625,0.8386773,0.0057734414003789,0.0041763186,0.0048089623,0.0041763186
Persistence,9,1,0.8363824,0.83930993,0.83930993,0.837412,0.0057734414003789,0.0029275417,0.0018979311,0.0029275417
Persistence,9,1,0.83529115,0.8363824,0.8363824,0.8369826,0.0057734414003789,0.0010912418,0.0006002188,0.0010912418
Persistence,9,1,0.8298793,0.83529115,0.83529115,0.8270432,0.0057734414003789,0.0054118633,0.008247972,0.0054118633
Persistence,9,1,0.8259066,0.8298793,0.8298793,0.82566714,0.0057734414003789,0.003972709,0.004212141,0.003972709
Persistence,9,1,0.8247921,0.8259066,0.8259066,0.82726884,0.0057734414003789,0.0011144876,0.0013622642,0.0011144876
Persistence,9,1,0.81717896,0.8247921,0.8247921,0.8133968,0.0057734414003789,0.0076131225,0.011395276,0.0076131225
Persistence,9,1,0.81082004,0.81717896,0.81717896,0.8097343,0.0057734414003789,0.0063589215,0.0074446797,0.0063589215
Persistence,9,1,0.80628186,0.81082004,0.81082004,0.8073882,0.0057734414003789,0.0045381784,0.0034318566,0.0045381784
Persistence,9,1,0.8034765,0.80628186,0.80628186,0.8055926,0.0057734414003789,0.0028053522,0.0006892681,0.0028053522
Persistence,9,1,0.8013143,0.8034765,0.8034765,0.80232096,0.0057734414003789,0.002162218,0.0011555552,0.002162218
Persistence,9,1,0.79567486,0.8013143,0.8013143,0.79296273,0.0057734414003789,0.005639434,0.008351564,0.005639434
Persistence,9,1,0.78961426,0.79567486,0.79567486,0.78846586,0.0057734414003789,0.0060606003,0.007209003,0.0060606003
Persistence,9,4,0.8781462,0.8829227,0.8829227,0.88166666,0.0057734414003789,0.0047765374,0.0012560487,0.0047765374
Persistence,9,4,0.8723824,0.8781462,0.8781462,0.87332374,0.0057734414003789,0.005763769,0.004822433,0.005763769
Persistence,9,4,0.87242347,0.8723824,0.8723824,0.87643296,0.0057734414003789,4.10676e-05,0.004050553,4.10676e-05
Persistence,9,4,0.86690855,0.87242347,0.87242347,0.8645134,0.0057734414003789,0.0055149198,0.007910073,0.0055149198
Persistence,9,4,0.8603516,0.86690855,0.86690855,0.85882026,0.0057734414003789,0.006556928,0.008088291,0.006556928
Persistence,9,4,0.8554004,0.8603516,0.8603516,0.85634005,0.0057734414003789,0.0049512386,0.0040115714,0.0049512386
Persistence,9,4,0.85226345,0.8554004,0.8554004,0.85419565,0.0057734414003789,0.0031369328,0.0012047291,0.0031369328
Persistence,9,4,0.84939295,0.85226345,0.85226345,0.8502348,0.0057734414003789,0.0028705,0.002028644,0.0028705
Persistence,9,4,0.8430241,0.84939295,0.84939295,0.84026927,0.0057734414003789,0.0063688755,0.009123683,0.0063688755
Persistence,9,4,0.8392495,0.8430241,0.8430241,0.8402345,0.0057734414003789,0.0037745833,0.002789557,0.0037745833
Persistence,9,4,0.8343821,0.8392495,0.8392495,0.834485,0.0057734414003789,0.004867375,0.0047644973,0.004867375
Persistence,9,4,0.8311625,0.8343821,0.8343821,0.8322948,0.0057734414003789,0.0032196045,0.002087295,0.0032196045
Persistence,9,4,0.83146995,0.8311625,0.8311625,0.83432955,0.0057734414003789,0.00030744076,0.0031670332,0.00030744076
Persistence,9,4,0.8312257,0.83146995,0.83146995,0.8319402,0.0057734414003789,0.00024425983,0.00047022104,0.00024425983
Persistence,9,4,0.82662797,0.8312257,0.8312257,0.82366824,0.0057734414003789,0.0045977235,0.0075574517,0.0045977235
Persistence,9,4,0.8193106,0.82662797,0.82662797,0.81606257,0.0057734414003789,0.007317364,0.0105654,0.007317364
Persistence,9,4,0.8160003,0.8193106,0.8193106,0.8181406,0.0057734414003789,0.0033103228,0.0011699796,0.0033103228
Persistence,9,4,0.8135779,0.8160003,0.8160003,0.81540626,0.0057734414003789,0.0024223924,0.0005940199,0.0024223924
Persistence,9,4,0.8171035,0.8135779,0.8135779,0.8217398,0.0057734414003789,0.0035256147,0.008161902,0.0035256147
Persistence,9,4,0.8181894,0.8171035,0.8171035,0.8178603,0.0057734414003789,0.0010858774,0.0007568002,0.0010858774
Persistence,9,4,0.8162481,0.8181894,0.8181894,0.81382936,0.0057734414003789,0.0019412637,0.00436002,0.0019412637
Persistence,9,4,0.81351554,0.8162481,0.8162481,0.8124174,0.0057734414003789,0.002732575,0.003830731,0.002732575
Persistence,9,4,0.8108896,0.81351554,0.81351554,0.81091505,0.0057734414003789,0.0026259422,0.002600491,0.0026259422
MQAttn-LSTM-VQR,9,1,0.8989041,0.8927882,0.90255606,0.90152186,0.0057734414003789,0.0061159134,0.00873369,0.0036519766
MQAttn-LSTM-VQR,9,1,0.89001435,0.89064837,0.8989041,0.8875078,0.0057734414003789,0.0006340146,0.0031405687,0.008889735
MQAttn-LSTM-VQR,9,1,0.87938654,0.88289857,0.89001435,0.87623525,0.0057734414003789,0.0035120249,0.0066633224,0.010627806
MQAttn-LSTM-VQR,9,1,0.8669862,0.8735526,0.87938654,0.8647164,0.0057734414003789,0.0065664053,0.00883621,0.012400329
MQAttn-LSTM-VQR,9,1,0.8558226,0.8595713,0.8669862,0.8563263,0.0057734414003789,0.0037486553,0.003244996,0.011163592
MQAttn-LSTM-VQR,9,1,0.84877163,0.8528854,0.8558226,0.851942,0.0057734414003789,0.0041137934,0.0009434223,0.007050991
MQAttn-LSTM-VQR,9,1,0.84787625,0.8440093,0.84877163,0.85325265,0.0057734414003789,0.0038669705,0.009243369,0.000895381
MQAttn-LSTM-VQR,9,1,0.84779346,0.84484226,0.84787625,0.85035527,0.0057734414003789,0.0029512048,0.0055130124,8.279085e-05
MQAttn-LSTM-VQR,9,1,0.8471325,0.8404414,0.84779346,0.8476322,0.0057734414003789,0.006691098,0.0071908236,0.0006609559
MQAttn-LSTM-VQR,9,1,0.84348625,0.83995503,0.8471325,0.84171885,0.0057734414003789,0.0035312176,0.0017638206,0.0036462545
MQAttn-LSTM-VQR,9,1,0.83930993,0.8313015,0.84348625,0.8386773,0.0057734414003789,0.0080084205,0.007375777,0.0041763186
MQAttn-LSTM-VQR,9,1,0.8363824,0.8312721,0.83930993,0.837412,0.0057734414003789,0.005110264,0.0061398745,0.0029275417
MQAttn-LSTM-VQR,9,1,0.83529115,0.82887775,0.8363824,0.8369826,0.0057734414003789,0.0064134,0.008104861,0.0010912418
MQAttn-LSTM-VQR,9,1,0.8298793,0.828442,0.83529115,0.8270432,0.0057734414003789,0.0014373064,0.0013988018,0.0054118633
MQAttn-LSTM-VQR,9,1,0.8259066,0.82891494,0.8298793,0.82566714,0.0057734414003789,0.0030083656,0.0032477975,0.003972709
MQAttn-LSTM-VQR,9,1,0.8247921,0.8236928,0.8259066,0.82726884,0.0057734414003789,0.0010992885,0.0035760403,0.0011144876
MQAttn-LSTM-VQR,9,1,0.81717896,0.823412,0.8247921,0.8133968,0.0057734414003789,0.0062330365,0.01001519,0.0076131225
MQAttn-LSTM-VQR,9,1,0.81082004,0.81159765,0.81717896,0.8097343,0.0057734414003789,0.0007776022,0.0018633604,0.0063589215
MQAttn-LSTM-VQR,9,1,0.80628186,0.80443895,0.81082004,0.8073882,0.0057734414003789,0.001842916,0.0029492378,0.0045381784
MQAttn-LSTM-VQR,9,1,0.8034765,0.8004501,0.80628186,0.8055926,0.0057734414003789,0.0030264258,0.00514251,0.0028053522
MQAttn-LSTM-VQR,9,1,0.8013143,0.7947405,0.8034765,0.80232096,0.0057734414003789,0.0065737963,0.007580459,0.002162218
MQAttn-LSTM-VQR,9,1,0.79567486,0.7961975,0.8013143,0.79296273,0.0057734414003789,0.0005226135,0.003234744,0.005639434
MQAttn-LSTM-VQR,9,1,0.78961426,0.78953195,0.79567486,0.78846586,0.0057734414003789,8.2314014e-05,0.0010660887,0.0060606003
MQAttn-LSTM-VQR,9,4,0.8781462,0.8747332,0.8829227,0.88166666,0.0057734414003789,0.003412962,0.0069334507,0.0047765374
MQAttn-LSTM-VQR,9,4,0.8723824,0.8711323,0.8781462,0.87332374,0.0057734414003789,0.0012500882,0.0021914244,0.005763769
MQAttn-LSTM-VQR,9,4,0.87242347,0.86775196,0.8723824,0.87643296,0.0057734414003789,0.004671514,0.008680999,4.10676e-05
MQAttn-LSTM-VQR,9,4,0.86690855,0.8674856,0.87242347,0.8645134,0.0057734414003789,0.00057703257,0.0029721856,0.0055149198
MQAttn-LSTM-VQR,9,4,0.8603516,0.8615155,0.86690855,0.85882026,0.0057734414003789,0.0011638999,0.0026952624,0.006556928
MQAttn-LSTM-VQR,9,4,0.8554004,0.85814744,0.8603516,0.85634005,0.0057734414003789,0.0027470589,0.0018073916,0.0049512386
MQAttn-LSTM-VQR,9,4,0.85226345,0.85447145,0.8554004,0.85419565,0.0057734414003789,0.0022079945,0.0002757907,0.0031369328
MQAttn-LSTM-VQR,9,4,0.84939295,0.85022295,0.85226345,0.8502348,0.0057734414003789,0.0008299947,1.1861324e-05,0.0028705
MQAttn-LSTM-VQR,9,4,0.8430241,0.8440348,0.84939295,0.84026927,0.0057734414003789,0.001010716,0.0037655234,0.0063688755
MQAttn-LSTM-VQR,9,4,0.8392495,0.8357435,0.8430241,0.8402345,0.0057734414003789,0.0035060048,0.004491031,0.0037745833
MQAttn-LSTM-VQR,9,4,0.8343821,0.82954526,0.8392495,0.834485,0.0057734414003789,0.0048368573,0.004939735,0.004867375
MQAttn-LSTM-VQR,9,4,0.8311625,0.82711494,0.8343821,0.8322948,0.0057734414003789,0.0040475726,0.005179882,0.0032196045
MQAttn-LSTM-VQR,9,4,0.83146995,0.82466567,0.8311625,0.83432955,0.0057734414003789,0.0068042874,0.00966388,0.00030744076
MQAttn-LSTM-VQR,9,4,0.8312257,0.8269135,0.83146995,0.8319402,0.0057734414003789,0.0043122172,0.005026698,0.00024425983
MQAttn-LSTM-VQR,9,4,0.82662797,0.8308257,0.8312257,0.82366824,0.0057734414003789,0.0041977167,0.007157445,0.0045977235
MQAttn-LSTM-VQR,9,4,0.8193106,0.82442236,0.82662797,0.81606257,0.0057734414003789,0.005111754,0.00835979,0.007317364
MQAttn-LSTM-VQR,9,4,0.8160003,0.8170418,0.8193106,0.8181406,0.0057734414003789,0.0010415316,0.0010988116,0.0033103228
MQAttn-LSTM-VQR,9,4,0.8135779,0.81132174,0.8160003,0.81540626,0.0057734414003789,0.002256155,0.0040845275,0.0024223924
MQAttn-LSTM-VQR,9,4,0.8171035,0.809238,0.8135779,0.8217398,0.0057734414003789,0.0078654885,0.012501776,0.0035256147
MQAttn-LSTM-VQR,9,4,0.8181894,0.81073004,0.8171035,0.8178603,0.0057734414003789,0.0074593425,0.0071302652,0.0010858774
MQAttn-LSTM-VQR,9,4,0.8162481,0.80982107,0.8181894,0.81382936,0.0057734414003789,0.0064270496,0.004008293,0.0019412637
MQAttn-LSTM-VQR,9,4,0.81351554,0.8065158,0.8162481,0.8124174,0.0057734414003789,0.006999731,0.005901575,0.002732575
MQAttn-LSTM-VQR,9,4,0.8108896,0.8046675,0.81351554,0.81091505,0.0057734414003789,0.006222129,0.00624758,0.0026259422
Persistence,10,13,0.8919457,0.8951817,0.8951817,0.89387727,0.005604965146631,0.0032359958,0.0013044477,0.0032359958
Persistence,10,13,0.8873722,0.8919457,0.8919457,0.8872821,0.005604965146631,0.004573524,0.004663646,0.004573524
Persistence,10,13,0.8875275,0.8873722,0.8873722,0.8906314,0.005604965146631,0.0001553297,0.003259182,0.0001553297
Persistence,10,13,0.88580495,0.8875275,0.8875275,0.8858322,0.005604965146631,0.0017225742,0.0016953349,0.0017225742
Persistence,10,13,0.8844818,0.88580495,0.88580495,0.8848437,0.005604965146631,0.0013231635,0.0009612441,0.0013231635
Persistence,10,13,0.88108313,0.8844818,0.8844818,0.8797299,0.005604965146631,0.0033986568,0.004751861,0.0033986568
Persistence,10,13,0.87839246,0.88108313,0.88108313,0.87848204,0.005604965146631,0.0026906729,0.002601087,0.0026906729
Persistence,10,13,0.86665964,0.87839246,0.87839246,0.8601056,0.005604965146631,0.011732817,0.018286884,0.011732817
Persistence,10,13,0.84392476,0.86665964,0.86665964,0.8327076,0.005604965146631,0.02273488,0.033952057,0.02273488
Persistence,10,13,0.8306551,0.84392476,0.84392476,0.83351034,0.005604965146631,0.013269663,0.010414422,0.013269663
Persistence,10,13,0.8231329,0.8306551,0.8306551,0.8292711,0.005604965146631,0.0075222254,0.0013840199,0.0075222254
Persistence,10,13,0.8177814,0.8231329,0.8231329,0.82093954,0.005604965146631,0.005351484,0.0021933317,0.005351484
Persistence,10,13,0.816878,0.8177814,0.8177814,0.82007676,0.005604965146631,0.000903368,0.0022953749,0.000903368
Persistence,10,13,0.8190158,0.816878,0.816878,0.82287234,0.005604965146631,0.0021377802,0.00599432,0.0021377802
Persistence,10,13,0.8217023,0.8190158,0.8190158,0.82472265,0.005604965146631,0.0026865005,0.0057068467,0.0026865005
Persistence,10,13,0.8219545,0.8217023,0.8217023,0.82127243,0.005604965146631,0.00025218725,0.0004298687,0.00025218725
Persistence,10,13,0.81815076,0.8219545,0.8219545,0.8146525,0.005604965146631,0.00380373,0.007301986,0.00380373
Persistence,10,13,0.8158416,0.81815076,0.81815076,0.81610477,0.005604965146631,0.0023091435,0.002045989,0.0023091435
Persistence,10,13,0.813919,0.8158416,0.8158416,0.814834,0.005604965146631,0.0019226074,0.0010076165,0.0019226074
Persistence,10,13,0.80965793,0.813919,0.813919,0.8079595,0.005604965146631,0.0042610765,0.005959511,0.0042610765
Persistence,10,13,0.80422896,0.80965793,0.80965793,0.8021756,0.005604965146631,0.00542897,0.00748235,0.00542897
Persistence,10,13,0.7982522,0.80422896,0.80422896,0.79717004,0.005604965146631,0.0059767365,0.0070589185,0.0059767365
Persistence,10,16,0.883452,0.8934387,0.8934387,0.8818277,0.005604965146631,0.009986699,0.011610985,0.009986699
Persistence,10,16,0.8628266,0.883452,0.883452,0.85351205,0.005604965146631,0.020625412,0.02993995,0.020625412
Persistence,10,16,0.8497043,0.8628266,0.8628266,0.85120857,0.005604965146631,0.013122261,0.011618018,0.013122261
Persistence,10,16,0.8441118,0.8497043,0.8497043,0.85171896,0.005604965146631,0.005592525,0.002014637,0.005592525
Persistence,10,16,0.8407491,0.8441118,0.8441118,0.84525865,0.005604965146631,0.0033627152,0.001146853,0.0033627152
Persistence,10,16,0.84131515,0.8407491,0.8407491,0.8445039,0.005604965146631,0.0005660653,0.0037547946,0.0005660653
Persistence,10,16,0.84279734,0.84131515,0.84131515,0.8447513,0.005604965146631,0.0014821887,0.0034361482,0.0014821887
Persistence,10,16,0.8445251,0.84279734,0.84279734,0.84667486,0.005604965146631,0.0017277598,0.0038775206,0.0017277598
Persistence,10,16,0.84500784,0.8445251,0.8445251,0.8452644,0.005604965146631,0.00048273802,0.0007392764,0.00048273802
Persistence,10,16,0.8450863,0.84500784,0.84500784,0.8446674,0.005604965146631,7.843971e-05,0.00034046173,7.843971e-05
Persistence,10,16,0.8434499,0.8450863,0.8450863,0.8422364,0.005604965146631,0.0016363859,0.0028498769,0.0016363859
Persistence,10,16,0.8245629,0.8434499,0.8434499,0.8112598,0.005604965146631,0.018886983,0.032190084,0.018886983
Persistence,10,16,0.81000364,0.8245629,0.8245629,0.8077768,0.005604965146631,0.014559269,0.016786098,0.014559269
Persistence,10,16,0.80970716,0.81000364,0.81000364,0.8203719,0.005604965146631,0.0002964735,0.010368288,0.0002964735
Persistence,10,16,0.8199276,0.80970716,0.80970716,0.8319933,0.005604965146631,0.010220408,0.022286117,0.010220408
Persistence,10,16,0.82799983,0.8199276,0.8199276,0.8294752,0.005604965146631,0.008072257,0.009547651,0.008072257
Persistence,10,16,0.828294,0.82799983,0.82799983,0.8219822,0.005604965146631,0.00029414892,0.0060176253,0.00029414892
Persistence,10,16,0.82578194,0.828294,0.828294,0.8228044,0.005604965146631,0.0025120378,0.005489588,0.0025120378
Persistence,10,16,0.8233431,0.82578194,0.82578194,0.8239294,0.005604965146631,0.0024388433,0.0018525124,0.0024388433
Persistence,10,16,0.8192738,0.8233431,0.8233431,0.8179935,0.005604965146631,0.0040692687,0.0053495765,0.0040692687
Persistence,10,16,0.8171632,0.8192738,0.8192738,0.81704307,0.005604965146631,0.0021106005,0.0022307634,0.0021106005
Persistence,10,16,0.8129161,0.8171632,0.8171632,0.8111669,0.005604965146631,0.004247129,0.0059963465,0.004247129
Persistence,10,16,0.8064882,0.8129161,0.8129161,0.8044414,0.005604965146631,0.006427884,0.008474708,0.006427884
MQAttn-LSTM-VQR,10,13,0.8919457,0.88932407,0.8951817,0.89387727,0.005604965146631,0.0026216507,0.004553199,0.0032359958
MQAttn-LSTM-VQR,10,13,0.8873722,0.88833326,0.8919457,0.8872821,0.005604965146631,0.0009610653,0.0010511875,0.004573524
MQAttn-LSTM-VQR,10,13,0.8875275,0.88084817,0.8873722,0.8906314,0.005604965146631,0.006679356,0.009783208,0.0001553297
MQAttn-LSTM-VQR,10,13,0.88580495,0.88234556,0.8875275,0.8858322,0.005604965146631,0.003459394,0.0034866333,0.0017225742
MQAttn-LSTM-VQR,10,13,0.8844818,0.8743413,0.88580495,0.8848437,0.005604965146631,0.010140479,0.010502398,0.0013231635
MQAttn-LSTM-VQR,10,13,0.88108313,0.8780672,0.8844818,0.8797299,0.005604965146631,0.0030159354,0.0016627312,0.0033986568
MQAttn-LSTM-VQR,10,13,0.87839246,0.87660027,0.88108313,0.87848204,0.005604965146631,0.0017921925,0.0018817782,0.0026906729
MQAttn-LSTM-VQR,10,13,0.86665964,0.8720698,0.87839246,0.8601056,0.005604965146631,0.005410135,0.011964202,0.011732817
MQAttn-LSTM-VQR,10,13,0.84392476,0.85909766,0.86665964,0.8327076,0.005604965146631,0.015172899,0.026390076,0.02273488
MQAttn-LSTM-VQR,10,13,0.8306551,0.83552635,0.84392476,0.83351034,0.005604965146631,0.004871249,0.002016008,0.013269663
MQAttn-LSTM-VQR,10,13,0.8231329,0.820729,0.8306551,0.8292711,0.005604965146631,0.0024038553,0.008542061,0.0075222254
MQAttn-LSTM-VQR,10,13,0.8177814,0.8158453,0.8231329,0.82093954,0.005604965146631,0.0019360781,0.00509423,0.005351484
MQAttn-LSTM-VQR,10,13,0.816878,0.8132438,0.8177814,0.82007676,0.005604965146631,0.0036342144,0.0068329573,0.000903368
MQAttn-LSTM-VQR,10,13,0.8190158,0.81648034,0.816878,0.82287234,0.005604965146631,0.0025354624,0.006392002,0.0021377802
MQAttn-LSTM-VQR,10,13,0.8217023,0.8197013,0.8190158,0.82472265,0.005604965146631,0.0020009875,0.0050213337,0.0026865005
MQAttn-LSTM-VQR,10,13,0.8219545,0.8226519,0.8217023,0.82127243,0.005604965146631,0.00069743395,0.0013794899,0.00025218725
MQAttn-LSTM-VQR,10,13,0.81815076,0.81984407,0.8219545,0.8146525,0.005604965146631,0.0016933084,0.0051915646,0.00380373
MQAttn-LSTM-VQR,10,13,0.8158416,0.8148046,0.81815076,0.81610477,0.005604965146631,0.0010370016,0.0013001561,0.0023091435
MQAttn-LSTM-VQR,10,13,0.813919,0.8129796,0.8158416,0.814834,0.005604965146631,0.0009394288,0.0018544197,0.0019226074
MQAttn-LSTM-VQR,10,13,0.80965793,0.81020904,0.813919,0.8079595,0.005604965146631,0.00055110455,0.002249539,0.0042610765
MQAttn-LSTM-VQR,10,13,0.80422896,0.80650216,0.80965793,0.8021756,0.005604965146631,0.002273202,0.004326582,0.00542897
MQAttn-LSTM-VQR,10,13,0.7982522,0.79875034,0.80422896,0.79717004,0.005604965146631,0.000498116,0.001580298,0.0059767365
MQAttn-LSTM-VQR,10,16,0.883452,0.8850407,0.8934387,0.8818277,0.005604965146631,0.0015887022,0.0032129884,0.009986699
MQAttn-LSTM-VQR,10,16,0.8628266,0.8779962,0.883452,0.85351205,0.005604965146631,0.0151696205,0.024484158,0.020625412
MQAttn-LSTM-VQR,10,16,0.8497043,0.85474753,0.8628266,0.85120857,0.005604965146631,0.0050432086,0.0035389662,0.013122261
MQAttn-LSTM-VQR,10,16,0.8441118,0.8435263,0.8497043,0.85171896,0.005604965146631,0.0005854964,0.008192658,0.005592525
MQAttn-LSTM-VQR,10,16,0.8407491,0.8336272,0.8441118,0.84525865,0.005604965146631,0.007121861,0.011631429,0.0033627152
MQAttn-LSTM-VQR,10,16,0.84131515,0.83707225,0.8407491,0.8445039,0.005604965146631,0.004242897,0.0074316263,0.0005660653
MQAttn-LSTM-VQR,10,16,0.84279734,0.83831894,0.84131515,0.8447513,0.005604965146631,0.004478395,0.0064323545,0.0014821887
MQAttn-LSTM-VQR,10,16,0.8445251,0.84166133,0.84279734,0.84667486,0.005604965146631,0.0028637648,0.0050135255,0.0017277598
MQAttn-LSTM-VQR,10,16,0.84500784,0.84171516,0.8445251,0.8452644,0.005604965146631,0.0032926798,0.0035492182,0.00048273802
MQAttn-LSTM-VQR,10,16,0.8450863,0.83993226,0.84500784,0.8446674,0.005604965146631,0.0051540136,0.004735112,7.843971e-05
MQAttn-LSTM-VQR,10,16,0.8434499,0.8369949,0.8450863,0.8422364,0.005604965146631,0.006455004,0.0052415133,0.0016363859
MQAttn-LSTM-VQR,10,16,0.8245629,0.83515584,0.8434499,0.8112598,0.005604965146631,0.0105929375,0.023896039,0.018886983
MQAttn-LSTM-VQR,10,16,0.81000364,0.8165604,0.8245629,0.8077768,0.005604965146631,0.0065567493,0.008783579,0.014559269
MQAttn-LSTM-VQR,10,16,0.80970716,0.80457383,0.81000364,0.8203719,0.005604965146631,0.005133331,0.015798092,0.0002964735
MQAttn-LSTM-VQR,10,16,0.8199276,0.80643296,0.80970716,0.8319933,0.005604965146631,0.013494611,0.02556032,0.010220408
MQAttn-LSTM-VQR,10,16,0.82799983,0.8186563,0.8199276,0.8294752,0.005604965146631,0.009343505,0.010818899,0.008072257
MQAttn-LSTM-VQR,10,16,0.828294,0.82624096,0.82799983,0.8219822,0.005604965146631,0.0020530224,0.004258752,0.00029414892
MQAttn-LSTM-VQR,10,16,0.82578194,0.8248007,0.828294,0.8228044,0.005604965146631,0.0009812117,0.0019963384,0.0025120378
MQAttn-LSTM-VQR,10,16,0.8233431,0.8222212,0.82578194,0.8239294,0.005604965146631,0.0011218786,0.0017082095,0.0024388433
MQAttn-LSTM-VQR,10,16,0.8192738,0.821157,0.8233431,0.8179935,0.005604965146631,0.0018831491,0.003163457,0.0040692687
MQAttn-LSTM-VQR,10,16,0.8171632,0.81607735,0.8192738,0.81704307,0.005604965146631,0.0010858774,0.00096571445,0.0021106005
MQAttn-LSTM-VQR,10,16,0.8129161,0.8141832,0.8171632,0.8111669,0.005604965146631,0.0012670755,0.003016293,0.004247129
MQAttn-LSTM-VQR,10,16,0.8064882,0.8086698,0.8129161,0.8044414,0.005604965146631,0.0021815896,0.004228413,0.006427884
