model,fold,veh,y,pred,anchor,raw,naive_train,ae,ae_raw,ae_pers
Persistence,1,3,0.9233131,0.93674636,0.93674636,0.92418945,0.0283980425447225,0.013433278,0.0125569105,0.013433278
Persistence,1,3,0.9324377,0.93510646,0.93510646,0.9403903,0.0283980425447225,0.0026687384,0.0052838326,0.0026687384
Persistence,1,3,0.93935573,0.93414265,0.93414265,0.94073606,0.0283980425447225,0.005213082,0.006593406,0.005213082
Persistence,1,3,0.9430329,0.93110687,0.93110687,0.9405477,0.0283980425447225,0.011926055,0.009440839,0.011926055
Persistence,1,3,0.94072247,0.92935526,0.92935526,0.9355045,0.0283980425447225,0.011367202,0.0061492324,0.011367202
Persistence,1,3,0.9372632,0.92860776,0.92860776,0.9350998,0.0283980425447225,0.008655429,0.0064920187,0.008655429
Persistence,1,3,0.9348753,0.9286086,0.9286086,0.93533576,0.0283980425447225,0.006266713,0.006727159,0.006266713
Persistence,1,3,0.931174,0.92887807,0.92887807,0.92980623,0.0283980425447225,0.0022959113,0.0009281635,0.0022959113
Persistence,1,3,0.9295772,0.92613196,0.92613196,0.93001693,0.0283980425447225,0.003445208,0.0038849711,0.003445208
Persistence,1,3,0.9287688,0.9243155,0.9243155,0.92958266,0.0283980425447225,0.0044533014,0.0052671432,0.0044533014
Persistence,1,3,0.92549235,0.9233131,0.9233131,0.9240699,0.0283980425447225,0.002179265,0.0007568002,0.002179265
Persistence,1,3,0.9239895,0.9324377,0.9324377,0.92460084,0.0283980425447225,0.008448243,0.007836878,0.008448243
Persistence,1,3,0.9228785,0.93935573,0.93935573,0.9234752,0.0283980425447225,0.016477227,0.015880525,0.016477227
Persistence,1,3,0.9196682,0.9430329,0.9430329,0.91841424,0.0283980425447225,0.023364723,0.024618685,0.023364723
Persistence,1,3,0.91804296,0.94072247,0.94072247,0.918581,0.0283980425447225,0.022679508,0.022141457,0.022679508
Persistence,1,3,0.9159304,0.9372632,0.9372632,0.91583616,0.0283980425447225,0.0213328,0.021427035,0.0213328
Persistence,1,3,0.9119433,0.9348753,0.9348753,0.91057354,0.0283980425447225,0.022931993,0.024301767,0.022931993
Persistence,1,3,0.9085056,0.931174,0.931174,0.9082531,0.0283980425447225,0.022668362,0.022920907,0.022668362
Persistence,1,3,0.9055188,0.9295772,0.9295772,0.90580285,0.0283980425447225,0.024058402,0.023774326,0.024058402
Persistence,1,3,0.9027044,0.9287688,0.9287688,0.9030275,0.0283980425447225,0.026064396,0.025741339,0.026064396
Persistence,1,3,0.9037355,0.92549235,0.92549235,0.9066021,0.0283980425447225,0.021756828,0.018890262,0.021756828
Persistence,1,3,0.9032065,0.9239895,0.9239895,0.9031321,0.0283980425447225,0.020782948,0.020857394,0.020782948
Persistence,1,3,0.9000354,0.9228785,0.9228785,0.89791554,0.0283980425447225,0.022843122,0.024962962,0.022843122
Persistence,1,3,0.89506185,0.9196682,0.9196682,0.8929426,0.0283980425447225,0.024606347,0.02672559,0.024606347
Persistence,1,3,0.89043194,0.91804296,0.91804296,0.8901634,0.0283980425447225,0.027611017,0.027879536,0.027611017
Persistence,1,3,0.8981538,0.9159304,0.9159304,0.9075378,0.0283980425447225,0.017776608,0.008392572,0.017776608
Persistence,1,3,0.9049773,0.9119433,0.9119433,0.9078513,0.0283980425447225,0.006965995,0.0040920377,0.006965995
Persistence,1,3,0.9049743,0.9085056,0.9085056,0.9001216,0.0283980425447225,0.0035313368,0.008383989,0.0035313368
Persistence,1,3,0.9004858,0.9055188,0.9055188,0.8952238,0.0283980425447225,0.0050329566,0.010294974,0.0050329566
Persistence,1,3,0.89320314,0.9027044,0.9027044,0.8901715,0.0283980425447225,0.009501278,0.01253289,0.009501278
Persistence,1,3,0.88724357,0.9037355,0.9037355,0.8876644,0.0283980425447225,0.01649195,0.01607114,0.01649195
Persistence,1,3,0.8838144,0.9032065,0.9032065,0.8851315,0.0283980425447225,0.019392133,0.018075049,0.019392133
Persistence,1,3,0.8802966,0.9000354,0.9000354,0.8800405,0.0283980425447225,0.019738793,0.019994855,0.019738793
Persistence,1,3,0.8744477,0.89506185,0.89506185,0.87251437,0.0283980425447225,0.020614147,0.022547483,0.020614147
Persistence,1,3,0.86964315,0.89043194,0.89043194,0.86982286,0.0283980425447225,0.020788789,0.02060908,0.020788789
Persistence,1,3,0.86433333,0.8981538,0.8981538,0.86428213,0.0283980425447225,0.03382045,0.03387165,0.03382045
Persistence,1,3,0.86077255,0.9049773,0.9049773,0.86195016,0.0283980425447225,0.04420477,0.043027163,0.04420477
Persistence,1,3,0.8569255,0.9049743,0.9049743,0.85698944,0.0283980425447225,0.048048794,0.04798484,0.048048794
Persistence,1,3,0.8553339,0.9004858,0.9004858,0.8569851,0.0283980425447225,0.04515189,0.04350072,0.04515189
Persistence,1,3,0.84930956,0.89320314,0.89320314,0.8467858,0.0283980425447225,0.043893576,0.046417356,0.043893576
Persistence,1,3,0.84423184,0.88724357,0.88724357,0.84382886,0.0283980425447225,0.043011725,0.043414712,0.043011725
Persistence,1,3,0.84046274,0.8838144,0.8838144,0.84153724,0.0283980425447225,0.04335165,0.042277157,0.04335165
Persistence,1,3,0.8377034,0.8802966,0.8802966,0.8389635,0.0283980425447225,0.04259318,0.04133308,0.04259318
Persistence,1,3,0.83572984,0.8744477,0.8744477,0.836603,0.0283980425447225,0.038717866,0.037844718,0.038717866
Persistence,1,3,0.8336611,0.86964315,0.86964315,0.83371836,0.0283980425447225,0.035982072,0.035924792,0.035982072
Persistence,1,3,0.8312053,0.86433333,0.86433333,0.8311331,0.0283980425447225,0.033128023,0.033200204,0.033128023
Persistence,1,3,0.82864463,0.86077255,0.86077255,0.82871217,0.0283980425447225,0.032127917,0.032060385,0.032127917
Persistence,1,3,0.8261703,0.8569255,0.8569255,0.8262693,0.0283980425447225,0.030755162,0.030656159,0.030755162
Persistence,1,3,0.82363427,0.8553339,0.8553339,0.82360876,0.0283980425447225,0.031699657,0.03172517,0.031699657
Persistence,1,3,0.818089,0.84930956,0.84930956,0.81578505,0.0283980425447225,0.031220555,0.033524513,0.031220555
Persistence,1,3,0.81197864,0.84423184,0.84423184,0.81060666,0.0283980425447225,0.032253206,0.033625185,0.032253206
Persistence,1,3,0.8074281,0.84046274,0.84046274,0.80821365,0.0283980425447225,0.033034623,0.032249093,0.033034623
Persistence,1,3,0.8055459,0.8377034,0.8377034,0.80791175,0.0283980425447225,0.03215748,0.029791653,0.03215748
Persistence,1,3,0.80594504,0.83572984,0.83572984,0.80836207,0.0283980425447225,0.029784799,0.02736777,0.029784799
Persistence,1,3,0.8054326,0.8336611,0.8336611,0.8054328,0.0283980425447225,0.028228462,0.028228283,0.028228462
Persistence,1,3,0.8022789,0.8312053,0.8312053,0.80033016,0.0283980425447225,0.028926432,0.030875146,0.028926432
Persistence,1,3,0.7987294,0.82864463,0.82864463,0.79795873,0.0283980425447225,0.029915214,0.030685902,0.029915214
Persistence,1,3,0.79684913,0.8261703,0.8261703,0.798109,0.0283980425447225,0.029321194,0.02806133,0.029321194
Persistence,1,3,0.7963717,0.82363427,0.82363427,0.79790324,0.0283980425447225,0.027262568,0.025731027,0.027262568
Persistence,1,3,0.7954084,0.818089,0.818089,0.7953254,0.0283980425447225,0.02268058,0.02276361,0.02268058
Persistence,1,3,0.8051083,0.81197864,0.81197864,0.8129969,0.0283980425447225,0.0068703294,0.0010182858,0.0068703294
Persistence,1,3,0.80884117,0.8074281,0.8074281,0.8078717,0.0283980425447225,0.0014130473,0.00044357777,0.0014130473
Persistence,1,3,0.80748945,0.8055459,0.8055459,0.80283135,0.0283980425447225,0.0019435287,0.0027145743,0.0019435287
Persistence,1,3,0.80217373,0.80594504,0.80594504,0.7974873,0.0283980425447225,0.003771305,0.00845772,0.003771305
Persistence,1,3,0.79651886,0.8054326,0.8054326,0.7952051,0.0283980425447225,0.008913755,0.010227501,0.008913755
Persistence,1,3,0.79199475,0.8022789,0.8022789,0.79267585,0.0283980425447225,0.010284126,0.0096030235,0.010284126
Persistence,1,3,0.78924036,0.7987294,0.7987294,0.78998685,0.0283980425447225,0.009489059,0.008742571,0.009489059
Persistence,1,3,0.78723013,0.79684913,0.79684913,0.7876093,0.0283980425447225,0.009618998,0.009239852,0.009618998
Persistence,1,3,0.78503144,0.7963717,0.7963717,0.7851283,0.0283980425447225,0.0113402605,0.011243403,0.0113402605
Persistence,1,3,0.78253603,0.7954084,0.7954084,0.782491,0.0283980425447225,0.012872398,0.012917399,0.012872398
Persistence,1,3,0.77993685,0.8051083,0.8051083,0.7798777,0.0283980425447225,0.025171459,0.025230587,0.025171459
Persistence,1,3,0.77599007,0.80884117,0.80884117,0.77494884,0.0283980425447225,0.0328511,0.033892334,0.0328511
Persistence,1,3,0.77222395,0.80748945,0.80748945,0.77193856,0.0283980425447225,0.035265505,0.035550892,0.035265505
Persistence,1,3,0.7707939,0.80217373,0.80217373,0.7725094,0.0283980425447225,0.03137982,0.029664338,0.03137982
Persistence,1,3,0.7706384,0.79651886,0.79651886,0.772297,0.0283980425447225,0.025880456,0.024221838,0.025880456
Persistence,1,3,0.7683169,0.79199475,0.79199475,0.76715434,0.0283980425447225,0.023677826,0.024840415,0.023677826
Persistence,1,3,0.7654176,0.78924036,0.78924036,0.7643802,0.0283980425447225,0.023822784,0.024860144,0.023822784
Persistence,1,3,0.76368785,0.78723013,0.78723013,0.764463,0.0283980425447225,0.023542285,0.022767127,0.023542285
Persistence,1,3,0.76311773,0.78503144,0.78503144,0.7645458,0.0283980425447225,0.021913707,0.02048564,0.021913707
Persistence,1,3,0.76200986,0.78253603,0.78253603,0.76195294,0.0283980425447225,0.02052617,0.020583093,0.02052617
Persistence,1,3,0.760172,0.77993685,0.77993685,0.7593338,0.0283980425447225,0.01976484,0.02060306,0.01976484
Persistence,1,3,0.75756514,0.77599007,0.77599007,0.75682414,0.0283980425447225,0.018424928,0.019165933,0.018424928
Persistence,1,3,0.75604296,0.77222395,0.77222395,0.7568025,0.0283980425447225,0.016180992,0.01542145,0.016180992
Persistence,1,3,0.7557496,0.7707939,0.7707939,0.7569735,0.0283980425447225,0.015044332,0.01382041,0.015044332
Persistence,1,3,0.76185095,0.7706384,0.7706384,0.76697993,0.0283980425447225,0.008787453,0.0036584735,0.008787453
Persistence,1,3,0.7677142,0.7683169,0.7683169,0.7695686,0.0283980425447225,0.00060272217,0.0012516975,0.00060272217
Persistence,1,3,0.76657194,0.7654176,0.7654176,0.7618124,0.0283980425447225,0.0011543632,0.003605187,0.0011543632
Persistence,1,3,0.7615486,0.76368785,0.76368785,0.75679064,0.0283980425447225,0.0021392703,0.006897211,0.0021392703
Persistence,1,3,0.75569904,0.76311773,0.76311773,0.75389254,0.0283980425447225,0.007418692,0.00922519,0.007418692
Persistence,1,3,0.75102794,0.76200986,0.76200986,0.75159806,0.0283980425447225,0.010981917,0.010411799,0.010981917
Persistence,1,3,0.7480198,0.760172,0.760172,0.748911,0.0283980425447225,0.012152195,0.011260986,0.012152195
Persistence,1,3,0.7459813,0.75756514,0.75756514,0.74642426,0.0283980425447225,0.011583865,0.011140883,0.011583865
Persistence,1,3,0.74512553,0.75604296,0.75604296,0.7462072,0.0283980425447225,0.010917425,0.00983578,0.010917425
Persistence,1,3,0.7422724,0.7557496,0.7557496,0.74139374,0.0283980425447225,0.013477206,0.014355838,0.013477206
Persistence,1,3,0.7405079,0.76185095,0.76185095,0.74095076,0.0283980425447225,0.021343052,0.02090019,0.021343052
Persistence,1,3,0.7384795,0.7677142,0.7677142,0.73855776,0.0283980425447225,0.029234707,0.029156446,0.029234707
Persistence,1,3,0.73618364,0.76657194,0.76657194,0.7360386,0.0283980425447225,0.030388296,0.030533314,0.030388296
Persistence,1,3,0.73521596,0.7615486,0.7615486,0.736124,0.0283980425447225,0.026332617,0.0254246,0.026332617
Persistence,1,3,0.73362565,0.75569904,0.75569904,0.7335053,0.0283980425447225,0.022073388,0.02219373,0.022073388
Persistence,1,3,0.7314052,0.75102794,0.75102794,0.7308836,0.0283980425447225,0.019622743,0.020144343,0.019622743
Persistence,1,3,0.72882646,0.7480198,0.7480198,0.72834766,0.0283980425447225,0.019193351,0.019672155,0.019193351
Persistence,1,3,0.7259889,0.7459813,0.7459813,0.7256775,0.0283980425447225,0.019992352,0.020303786,0.019992352
Persistence,1,3,0.724707,0.74512553,0.74512553,0.72580796,0.0283980425447225,0.020418525,0.019317567,0.020418525
Persistence,1,3,0.7232036,0.7422724,0.7422724,0.72340804,0.0283980425447225,0.019068778,0.018864334,0.019068778
Persistence,1,3,0.7226833,0.7405079,0.7405079,0.72337854,0.0283980425447225,0.01782459,0.017129362,0.01782459
Persistence,1,3,0.719685,0.7384795,0.7384795,0.71812284,0.0283980425447225,0.018794477,0.020356655,0.018794477
Persistence,1,3,0.71800894,0.73618364,0.73618364,0.7184077,0.0283980425447225,0.018174708,0.017775953,0.018174708
Persistence,1,3,0.7171656,0.73521596,0.73521596,0.7181473,0.0283980425447225,0.018050373,0.017068684,0.018050373
Persistence,1,3,0.718755,0.73362565,0.73362565,0.7209288,0.0283980425447225,0.014870644,0.012696862,0.014870644
Persistence,1,3,0.72310483,0.7314052,0.7314052,0.725932,0.0283980425447225,0.008300364,0.0054731965,0.008300364
Persistence,1,3,0.72465795,0.72882646,0.72882646,0.723569,0.0283980425447225,0.0041685104,0.0052574873,0.0041685104
Persistence,1,3,0.7205285,0.7259889,0.7259889,0.7158155,0.0283980425447225,0.005460441,0.01017344,0.005460441
Persistence,1,3,0.7170407,0.724707,0.724707,0.71590424,0.0283980425447225,0.00766629,0.008802772,0.00766629
Persistence,1,3,0.7132811,0.7232036,0.7232036,0.71312815,0.0283980425447225,0.009922504,0.01007545,0.009922504
Persistence,1,3,0.71165717,0.7226833,0.7226833,0.71304387,0.0283980425447225,0.011026144,0.009639442,0.011026144
Persistence,1,3,0.7103631,0.719685,0.719685,0.71063167,0.0283980425447225,0.009321928,0.0090533495,0.009321928
Persistence,1,3,0.70861834,0.71800894,0.71800894,0.7081636,0.0283980425447225,0.009390593,0.009845316,0.009390593
Persistence,1,3,0.70765144,0.7171656,0.7171656,0.7082891,0.0283980425447225,0.009514153,0.0088765025,0.009514153
Persistence,1,3,0.70574105,0.718755,0.718755,0.7054201,0.0283980425447225,0.013013959,0.01333493,0.013013959
Persistence,1,3,0.7048901,0.72310483,0.72310483,0.7054975,0.0283980425447225,0.018214762,0.017607331,0.018214762
Persistence,1,3,0.7033693,0.72465795,0.72465795,0.7030857,0.0283980425447225,0.021288633,0.021572232,0.021288633
Persistence,1,3,0.7026702,0.7205285,0.7205285,0.7031679,0.0283980425447225,0.017858267,0.017360568,0.017858267
Persistence,1,3,0.7008223,0.7170407,0.7170407,0.7002276,0.0283980425447225,0.016218424,0.0168131,0.016218424
Persistence,1,3,0.7059301,0.7132811,0.7132811,0.7108933,0.0283980425447225,0.0073509812,0.0023878217,0.0073509812
Persistence,1,3,0.7127742,0.71165717,0.71165717,0.71622765,0.0283980425447225,0.0011170506,0.004570484,0.0011170506
MQAttn-LSTM-VQR,1,3,0.9233131,0.9341421,0.93674636,0.92418945,0.0283980425447225,0.0108290315,0.009952664,0.013433278
MQAttn-LSTM-VQR,1,3,0.9324377,0.9328814,0.93510646,0.9403903,0.0283980425447225,0.00044369698,0.007508874,0.0026687384
MQAttn-LSTM-VQR,1,3,0.93935573,0.9319193,0.93414265,0.94073606,0.0283980425447225,0.0074364543,0.008816779,0.005213082
MQAttn-LSTM-VQR,1,3,0.9430329,0.9237759,0.93110687,0.9405477,0.0283980425447225,0.019257009,0.016771793,0.011926055
MQAttn-LSTM-VQR,1,3,0.94072247,0.9275361,0.92935526,0.9355045,0.0283980425447225,0.013186395,0.007968426,0.011367202
MQAttn-LSTM-VQR,1,3,0.9372632,0.92723525,0.92860776,0.9350998,0.0283980425447225,0.010027945,0.007864535,0.008655429
MQAttn-LSTM-VQR,1,3,0.9348753,0.92729294,0.9286086,0.93533576,0.0283980425447225,0.0075823665,0.008042812,0.006266713
MQAttn-LSTM-VQR,1,3,0.931174,0.9272327,0.92887807,0.92980623,0.0283980425447225,0.0039412975,0.0025735497,0.0022959113
MQAttn-LSTM-VQR,1,3,0.9295772,0.9244785,0.92613196,0.93001693,0.0283980425447225,0.0050987005,0.0055384636,0.003445208
MQAttn-LSTM-VQR,1,3,0.9287688,0.92319083,0.9243155,0.92958266,0.0283980425447225,0.0055779815,0.0063918233,0.0044533014
MQAttn-LSTM-VQR,1,3,0.92549235,0.9221275,0.9233131,0.9240699,0.0283980425447225,0.003364861,0.0019423962,0.002179265
MQAttn-LSTM-VQR,1,3,0.9239895,0.92179596,0.9324377,0.92460084,0.0283980425447225,0.0021935105,0.0028048754,0.008448243
MQAttn-LSTM-VQR,1,3,0.9228785,0.9331859,0.93935573,0.9234752,0.0283980425447225,0.010307372,0.0097106695,0.016477227
MQAttn-LSTM-VQR,1,3,0.9196682,0.9372951,0.9430329,0.91841424,0.0283980425447225,0.017626882,0.018880844,0.023364723
MQAttn-LSTM-VQR,1,3,0.91804296,0.9340718,0.94072247,0.918581,0.0283980425447225,0.016028821,0.01549077,0.022679508
MQAttn-LSTM-VQR,1,3,0.9159304,0.9298594,0.9372632,0.91583616,0.0283980425447225,0.013929009,0.014023244,0.0213328
MQAttn-LSTM-VQR,1,3,0.9119433,0.9270326,0.9348753,0.91057354,0.0283980425447225,0.015089273,0.016459048,0.022931993
MQAttn-LSTM-VQR,1,3,0.9085056,0.9233336,0.931174,0.9082531,0.0283980425447225,0.014827967,0.015080512,0.022668362
MQAttn-LSTM-VQR,1,3,0.9055188,0.92150104,0.9295772,0.90580285,0.0283980425447225,0.01598227,0.015698195,0.024058402
MQAttn-LSTM-VQR,1,3,0.9027044,0.9206134,0.9287688,0.9030275,0.0283980425447225,0.01790899,0.017585933,0.026064396
MQAttn-LSTM-VQR,1,3,0.9037355,0.91738534,0.92549235,0.9066021,0.0283980425447225,0.013649821,0.010783255,0.021756828
MQAttn-LSTM-VQR,1,3,0.9032065,0.9160681,0.9239895,0.9031321,0.0283980425447225,0.01286155,0.012935996,0.020782948
MQAttn-LSTM-VQR,1,3,0.9000354,0.8962749,0.9228785,0.89791554,0.0283980425447225,0.003760457,0.0016406178,0.022843122
MQAttn-LSTM-VQR,1,3,0.89506185,0.8914796,0.9196682,0.8929426,0.0283980425447225,0.0035822392,0.001462996,0.024606347
MQAttn-LSTM-VQR,1,3,0.89043194,0.89042515,0.91804296,0.8901634,0.0283980425447225,6.7949295e-06,0.000261724,0.027611017
MQAttn-LSTM-VQR,1,3,0.8981538,0.8904753,0.9159304,0.9075378,0.0283980425447225,0.0076785088,0.017062545,0.017776608
MQAttn-LSTM-VQR,1,3,0.9049773,0.88893515,0.9119433,0.9078513,0.0283980425447225,0.016042173,0.01891613,0.006965995
MQAttn-LSTM-VQR,1,3,0.9049743,0.8866859,0.9085056,0.9001216,0.0283980425447225,0.018288374,0.013435721,0.0035313368
MQAttn-LSTM-VQR,1,3,0.9004858,0.88121915,0.9055188,0.8952238,0.0283980425447225,0.019266665,0.014004648,0.0050329566
MQAttn-LSTM-VQR,1,3,0.89320314,0.8792449,0.9027044,0.8901715,0.0283980425447225,0.013958216,0.010926604,0.009501278
MQAttn-LSTM-VQR,1,3,0.88724357,0.88005567,0.9037355,0.8876644,0.0283980425447225,0.007187903,0.0076087117,0.01649195
MQAttn-LSTM-VQR,1,3,0.8838144,0.87854934,0.9032065,0.8851315,0.0283980425447225,0.005265057,0.006582141,0.019392133
MQAttn-LSTM-VQR,1,3,0.8802966,0.8763125,0.9000354,0.8800405,0.0283980425447225,0.0039840937,0.003728032,0.019738793
MQAttn-LSTM-VQR,1,3,0.8744477,0.8713825,0.89506185,0.87251437,0.0283980425447225,0.0030652285,0.0011318922,0.020614147
MQAttn-LSTM-VQR,1,3,0.86964315,0.8667663,0.89043194,0.86982286,0.0283980425447225,0.0028768778,0.0030565858,0.020788789
MQAttn-LSTM-VQR,1,3,0.86433333,0.8686063,0.8981538,0.86428213,0.0283980425447225,0.0042729974,0.004324198,0.03382045
MQAttn-LSTM-VQR,1,3,0.86077255,0.87898844,0.9049773,0.86195016,0.0283980425447225,0.018215895,0.017038286,0.04420477
MQAttn-LSTM-VQR,1,3,0.8569255,0.87897116,0.9049743,0.85698944,0.0283980425447225,0.022045672,0.021981716,0.048048794
MQAttn-LSTM-VQR,1,3,0.8553339,0.8738671,0.9004858,0.8569851,0.0283980425447225,0.01853317,0.016882002,0.04515189
MQAttn-LSTM-VQR,1,3,0.84930956,0.86643445,0.89320314,0.8467858,0.0283980425447225,0.017124891,0.019648671,0.043893576
MQAttn-LSTM-VQR,1,3,0.84423184,0.86026096,0.88724357,0.84382886,0.0283980425447225,0.01602912,0.016432106,0.043011725
MQAttn-LSTM-VQR,1,3,0.84046274,0.8568938,0.8838144,0.84153724,0.0283980425447225,0.016431034,0.015356541,0.04335165
MQAttn-LSTM-VQR,1,3,0.8377034,0.8531405,0.8802966,0.8389635,0.0283980425447225,0.015437067,0.014176965,0.04259318
MQAttn-LSTM-VQR,1,3,0.83572984,0.8460825,0.8744477,0.836603,0.0283980425447225,0.010352671,0.009479523,0.038717866
MQAttn-LSTM-VQR,1,3,0.8336611,0.8396996,0.86964315,0.83371836,0.0283980425447225,0.0060385466,0.0059812665,0.035982072
MQAttn-LSTM-VQR,1,3,0.8312053,0.83406985,0.86433333,0.8311331,0.0283980425447225,0.0028645396,0.0029367208,0.033128023
MQAttn-LSTM-VQR,1,3,0.82864463,0.8300399,0.86077255,0.82871217,0.0283980425447225,0.0013952851,0.0013277531,0.032127917
MQAttn-LSTM-VQR,1,3,0.8261703,0.825903,0.8569255,0.8262693,0.0283980425447225,0.00026732683,0.00036633015,0.030755162
MQAttn-LSTM-VQR,1,3,0.82363427,0.823683,0.8553339,0.82360876,0.0283980425447225,4.87566e-05,7.426739e-05,0.031699657
MQAttn-LSTM-VQR,1,3,0.818089,0.81672573,0.84930956,0.81578505,0.0283980425447225,0.0013632774,0.0009406805,0.031220555
MQAttn-LSTM-VQR,1,3,0.81197864,0.81152403,0.84423184,0.81060666,0.0283980425447225,0.00045460463,0.0009173751,0.032253206
MQAttn-LSTM-VQR,1,3,0.8074281,0.80740446,0.84046274,0.80821365,0.0283980425447225,2.3663044e-05,0.00080919266,0.033034623
MQAttn-LSTM-VQR,1,3,0.8055459,0.80430806,0.8377034,0.80791175,0.0283980425447225,0.0012378693,0.0036036968,0.03215748
MQAttn-LSTM-VQR,1,3,0.80594504,0.8018027,0.83572984,0.80836207,0.0283980425447225,0.004142344,0.006559372,0.029784799
MQAttn-LSTM-VQR,1,3,0.8054326,0.7994999,0.8336611,0.8054328,0.0283980425447225,0.0059326887,0.0059328675,0.028228462
MQAttn-LSTM-VQR,1,3,0.8022789,0.7969325,0.8312053,0.80033016,0.0283980425447225,0.005346358,0.0033976436,0.028926432
MQAttn-LSTM-VQR,1,3,0.7987294,0.7941567,0.82864463,0.79795873,0.0283980425447225,0.004572749,0.003802061,0.029915214
MQAttn-LSTM-VQR,1,3,0.79684913,0.79177475,0.8261703,0.798109,0.0283980425447225,0.005074382,0.006334245,0.029321194
MQAttn-LSTM-VQR,1,3,0.7963717,0.78931415,0.82363427,0.79790324,0.0283980425447225,0.0070575476,0.008589089,0.027262568
MQAttn-LSTM-VQR,1,3,0.7954084,0.78457296,0.818089,0.7953254,0.0283980425447225,0.010835469,0.0107524395,0.02268058
MQAttn-LSTM-VQR,1,3,0.8051083,0.7798393,0.81197864,0.8129969,0.0283980425447225,0.025269032,0.033157647,0.0068703294
MQAttn-LSTM-VQR,1,3,0.80884117,0.7758691,0.8074281,0.8078717,0.0283980425447225,0.032972097,0.032002628,0.0014130473
MQAttn-LSTM-VQR,1,3,0.80748945,0.77271456,0.8055459,0.80283135,0.0283980425447225,0.0347749,0.030116796,0.0019435287
MQAttn-LSTM-VQR,1,3,0.80217373,0.7712617,0.80594504,0.7974873,0.0283980425447225,0.030912042,0.026225626,0.003771305
MQAttn-LSTM-VQR,1,3,0.79651886,0.7702464,0.8054326,0.7952051,0.0283980425447225,0.026272476,0.02495873,0.008913755
MQAttn-LSTM-VQR,1,3,0.79199475,0.76795256,0.8022789,0.79267585,0.0283980425447225,0.02404219,0.024723291,0.010284126
MQAttn-LSTM-VQR,1,3,0.78924036,0.7658573,0.7987294,0.78998685,0.0283980425447225,0.023383081,0.02412957,0.009489059
MQAttn-LSTM-VQR,1,3,0.78723013,0.7638821,0.79684913,0.7876093,0.0283980425447225,0.023348033,0.023727179,0.009618998
MQAttn-LSTM-VQR,1,3,0.78503144,0.76187396,0.7963717,0.7851283,0.0283980425447225,0.023157477,0.023254335,0.0113402605
MQAttn-LSTM-VQR,1,3,0.78253603,0.76005036,0.7954084,0.782491,0.0283980425447225,0.022485673,0.022440672,0.012872398
MQAttn-LSTM-VQR,1,3,0.77993685,0.7676502,0.8051083,0.7798777,0.0283980425447225,0.012286663,0.012227535,0.025171459
MQAttn-LSTM-VQR,1,3,0.77599007,0.7701037,0.80884117,0.77494884,0.0283980425447225,0.005886376,0.0048451424,0.0328511
MQAttn-LSTM-VQR,1,3,0.77222395,0.7689235,0.80748945,0.77193856,0.0283980425447225,0.0033004284,0.0030150414,0.035265505
MQAttn-LSTM-VQR,1,3,0.7707939,0.76501185,0.80217373,0.7725094,0.0283980425447225,0.005782068,0.007497549,0.03137982
MQAttn-LSTM-VQR,1,3,0.7706384,0.7608089,0.79651886,0.772297,0.0283980425447225,0.009829521,0.01148814,0.025880456
MQAttn-LSTM-VQR,1,3,0.7683169,0.75715625,0.79199475,0.76715434,0.0283980425447225,0.011160672,0.009998083,0.023677826
MQAttn-LSTM-VQR,1,3,0.7654176,0.7548986,0.78924036,0.7643802,0.0283980425447225,0.010518968,0.009481609,0.023822784
MQAttn-LSTM-VQR,1,3,0.76368785,0.7529295,0.78723013,0.764463,0.0283980425447225,0.01075834,0.011533499,0.023542285
MQAttn-LSTM-VQR,1,3,0.76311773,0.75079423,0.78503144,0.7645458,0.0283980425447225,0.012323499,0.013751566,0.021913707
MQAttn-LSTM-VQR,1,3,0.76200986,0.74847484,0.78253603,0.76195294,0.0283980425447225,0.013535023,0.0134781,0.02052617
MQAttn-LSTM-VQR,1,3,0.760172,0.7442043,0.77993685,0.7593338,0.0283980425447225,0.015967727,0.015129507,0.01976484
MQAttn-LSTM-VQR,1,3,0.75756514,0.74010986,0.77599007,0.75682414,0.0283980425447225,0.01745528,0.016714275,0.018424928
MQAttn-LSTM-VQR,1,3,0.75604296,0.73827964,0.77222395,0.7568025,0.0283980425447225,0.017763317,0.018522859,0.016180992
MQAttn-LSTM-VQR,1,3,0.7557496,0.7366009,0.7707939,0.7569735,0.0283980425447225,0.019148707,0.02037263,0.015044332
MQAttn-LSTM-VQR,1,3,0.76185095,0.735225,0.7706384,0.76697993,0.0283980425447225,0.026625931,0.03175491,0.008787453
MQAttn-LSTM-VQR,1,3,0.7677142,0.73361534,0.7683169,0.7695686,0.0283980425447225,0.034098864,0.035953283,0.00060272217
MQAttn-LSTM-VQR,1,3,0.76657194,0.7326006,0.7654176,0.7618124,0.0283980425447225,0.03397131,0.02921176,0.0011543632
MQAttn-LSTM-VQR,1,3,0.7615486,0.73074245,0.76368785,0.75679064,0.0283980425447225,0.030806124,0.026048183,0.0021392703
MQAttn-LSTM-VQR,1,3,0.75569904,0.7290292,0.76311773,0.75389254,0.0283980425447225,0.02666986,0.024863362,0.007418692
MQAttn-LSTM-VQR,1,3,0.75102794,0.7277195,0.76200986,0.75159806,0.0283980425447225,0.023308456,0.023878574,0.010981917
MQAttn-LSTM-VQR,1,3,0.7480198,0.72721326,0.760172,0.748911,0.0283980425447225,0.020806551,0.02169776,0.012152195
MQAttn-LSTM-VQR,1,3,0.7459813,0.72663057,0.75756514,0.74642426,0.0283980425447225,0.019350708,0.01979369,0.011583865
MQAttn-LSTM-VQR,1,3,0.74512553,0.72541964,0.75604296,0.7462072,0.0283980425447225,0.019705892,0.020787537,0.010917425
MQAttn-LSTM-VQR,1,3,0.7422724,0.72350657,0.7557496,0.74139374,0.0283980425447225,0.018765807,0.017887175,0.013477206
MQAttn-LSTM-VQR,1,3,0.7405079,0.72768915,0.76185095,0.74095076,0.0283980425447225,0.012818754,0.013261616,0.021343052
MQAttn-LSTM-VQR,1,3,0.7384795,0.73195845,0.7677142,0.73855776,0.0283980425447225,0.006521046,0.006599307,0.029234707
MQAttn-LSTM-VQR,1,3,0.73618364,0.73094684,0.76657194,0.7360386,0.0283980425447225,0.0052368045,0.0050917864,0.030388296
MQAttn-LSTM-VQR,1,3,0.73521596,0.7290756,0.7615486,0.736124,0.0283980425447225,0.0061403513,0.0070483685,0.026332617
MQAttn-LSTM-VQR,1,3,0.73362565,0.72638744,0.75569904,0.7335053,0.0283980425447225,0.0072382092,0.0071178675,0.022073388
MQAttn-LSTM-VQR,1,3,0.7314052,0.72385955,0.75102794,0.7308836,0.0283980425447225,0.00754565,0.0070240498,0.019622743
MQAttn-LSTM-VQR,1,3,0.72882646,0.7224487,0.7480198,0.72834766,0.0283980425447225,0.0063777566,0.0058989525,0.019193351
MQAttn-LSTM-VQR,1,3,0.7259889,0.7213966,0.7459813,0.7256775,0.0283980425447225,0.0045922995,0.004280865,0.019992352
MQAttn-LSTM-VQR,1,3,0.724707,0.72155684,0.74512553,0.72580796,0.0283980425447225,0.003150165,0.0042511225,0.020418525
MQAttn-LSTM-VQR,1,3,0.7232036,0.7203065,0.7422724,0.72340804,0.0283980425447225,0.0028970838,0.0031015277,0.019068778
MQAttn-LSTM-VQR,1,3,0.7226833,0.71938515,0.7405079,0.72337854,0.0283980425447225,0.0032981634,0.003993392,0.01782459
MQAttn-LSTM-VQR,1,3,0.719685,0.7165348,0.7384795,0.71812284,0.0283980425447225,0.0031502247,0.0015880466,0.018794477
MQAttn-LSTM-VQR,1,3,0.71800894,0.7159108,0.73618364,0.7184077,0.0283980425447225,0.002098143,0.0024968982,0.018174708
MQAttn-LSTM-VQR,1,3,0.7171656,0.71535856,0.73521596,0.7181473,0.0283980425447225,0.001807034,0.0027887225,0.018050373
MQAttn-LSTM-VQR,1,3,0.718755,0.71283334,0.73362565,0.7209288,0.0283980425447225,0.005921662,0.008095443,0.014870644
MQAttn-LSTM-VQR,1,3,0.72310483,0.7113966,0.7314052,0.725932,0.0283980425447225,0.01170826,0.014535427,0.008300364
MQAttn-LSTM-VQR,1,3,0.72465795,0.71149254,0.72882646,0.723569,0.0283980425447225,0.013165414,0.0120764375,0.0041685104
MQAttn-LSTM-VQR,1,3,0.7205285,0.71154904,0.7259889,0.7158155,0.0283980425447225,0.00897944,0.004266441,0.005460441
MQAttn-LSTM-VQR,1,3,0.7170407,0.71092546,0.724707,0.71590424,0.0283980425447225,0.0061152577,0.004978776,0.00766629
MQAttn-LSTM-VQR,1,3,0.7132811,0.7088522,0.7232036,0.71312815,0.0283980425447225,0.004428923,0.0042759776,0.009922504
MQAttn-LSTM-VQR,1,3,0.71165717,0.7093224,0.7226833,0.71304387,0.0283980425447225,0.0023347735,0.0037214756,0.011026144
MQAttn-LSTM-VQR,1,3,0.7103631,0.70929646,0.719685,0.71063167,0.0283980425447225,0.0010666251,0.0013352036,0.009321928
MQAttn-LSTM-VQR,1,3,0.70861834,0.70767367,0.71800894,0.7081636,0.0283980425447225,0.000944674,0.0004899502,0.009390593
MQAttn-LSTM-VQR,1,3,0.70765144,0.7068297,0.7171656,0.7082891,0.0283980425447225,0.00082170963,0.0014593601,0.009514153
MQAttn-LSTM-VQR,1,3,0.70574105,0.7083456,0.718755,0.7054201,0.0283980425447225,0.0026045442,0.0029255152,0.013013959
MQAttn-LSTM-VQR,1,3,0.7048901,0.7089618,0.72310483,0.7054975,0.0283980425447225,0.0040717125,0.0034642816,0.018214762
MQAttn-LSTM-VQR,1,3,0.7033693,0.70986676,0.72465795,0.7030857,0.0283980425447225,0.0064974427,0.0067810416,0.021288633
MQAttn-LSTM-VQR,1,3,0.7026702,0.70887893,0.7205285,0.7031679,0.0283980425447225,0.006208718,0.005711019,0.017858267
MQAttn-LSTM-VQR,1,3,0.7008223,0.7067484,0.7170407,0.7002276,0.0283980425447225,0.005926132,0.0065208077,0.016218424
MQAttn-LSTM-VQR,1,3,0.7059301,0.703219,0.7132811,0.7108933,0.0283980425447225,0.0027111173,0.007674277,0.0073509812
MQAttn-LSTM-VQR,1,3,0.7127742,0.7014442,0.71165717,0.71622765,0.0283980425447225,0.0113300085,0.014783442,0.0011170506
MQAttn-LSTM-VQR classical twin,1,3,0.9233131,0.94759136,0.93674636,0.92418945,0.0283980425447225,0.024278283,0.023401916,0.013433278
MQAttn-LSTM-VQR classical twin,1,3,0.9324377,0.94670963,0.93510646,0.9403903,0.0283980425447225,0.014271915,0.006319344,0.0026687384
MQAttn-LSTM-VQR classical twin,1,3,0.93935573,0.946017,0.93414265,0.94073606,0.0283980425447225,0.006661296,0.0052809715,0.005213082
MQAttn-LSTM-VQR classical twin,1,3,0.9430329,0.923389,0.93110687,0.9405477,0.0283980425447225,0.019643903,0.017158687,0.011926055
MQAttn-LSTM-VQR classical twin,1,3,0.94072247,0.9378482,0.92935526,0.9355045,0.0283980425447225,0.0028742552,0.0023437142,0.011367202
MQAttn-LSTM-VQR classical twin,1,3,0.9372632,0.9400045,0.92860776,0.9350998,0.0283980425447225,0.0027413368,0.004904747,0.008655429
MQAttn-LSTM-VQR classical twin,1,3,0.9348753,0.94013095,0.9286086,0.93533576,0.0283980425447225,0.0052556396,0.0047951937,0.006266713
MQAttn-LSTM-VQR classical twin,1,3,0.931174,0.93904006,0.92887807,0.92980623,0.0283980425447225,0.007866085,0.009233832,0.0022959113
MQAttn-LSTM-VQR classical twin,1,3,0.9295772,0.93667597,0.92613196,0.93001693,0.0283980425447225,0.007098794,0.006659031,0.003445208
MQAttn-LSTM-VQR classical twin,1,3,0.9287688,0.9365547,0.9243155,0.92958266,0.0283980425447225,0.0077858567,0.006972015,0.0044533014
MQAttn-LSTM-VQR classical twin,1,3,0.92549235,0.93383145,0.9233131,0.9240699,0.0283980425447225,0.008339107,0.009761572,0.002179265
MQAttn-LSTM-VQR classical twin,1,3,0.9239895,0.9260812,0.9324377,0.92460084,0.0283980425447225,0.0020917058,0.001480341,0.008448243
MQAttn-LSTM-VQR classical twin,1,3,0.9228785,0.94310826,0.93935573,0.9234752,0.0283980425447225,0.020229757,0.019633055,0.016477227
MQAttn-LSTM-VQR classical twin,1,3,0.9196682,0.94701535,0.9430329,0.91841424,0.0283980425447225,0.027347147,0.02860111,0.023364723
MQAttn-LSTM-VQR classical twin,1,3,0.91804296,0.9429571,0.94072247,0.918581,0.0283980425447225,0.024914145,0.024376094,0.022679508
MQAttn-LSTM-VQR classical twin,1,3,0.9159304,0.9383872,0.9372632,0.91583616,0.0283980425447225,0.022456825,0.02255106,0.0213328
MQAttn-LSTM-VQR classical twin,1,3,0.9119433,0.93422264,0.9348753,0.91057354,0.0283980425447225,0.022279322,0.023649096,0.022931993
MQAttn-LSTM-VQR classical twin,1,3,0.9085056,0.9304536,0.931174,0.9082531,0.0283980425447225,0.02194798,0.022200525,0.022668362
MQAttn-LSTM-VQR classical twin,1,3,0.9055188,0.9286941,0.9295772,0.90580285,0.0283980425447225,0.023175359,0.022891283,0.024058402
MQAttn-LSTM-VQR classical twin,1,3,0.9027044,0.92559844,0.9287688,0.9030275,0.0283980425447225,0.022894025,0.022570968,0.026064396
MQAttn-LSTM-VQR classical twin,1,3,0.9037355,0.9220139,0.92549235,0.9066021,0.0283980425447225,0.01827836,0.015411794,0.021756828
MQAttn-LSTM-VQR classical twin,1,3,0.9032065,0.92004275,0.9239895,0.9031321,0.0283980425447225,0.016836226,0.016910672,0.020782948
MQAttn-LSTM-VQR classical twin,1,3,0.9000354,0.9054635,0.9228785,0.89791554,0.0283980425447225,0.0054281354,0.0075479746,0.022843122
MQAttn-LSTM-VQR classical twin,1,3,0.89506185,0.90191877,0.9196682,0.8929426,0.0283980425447225,0.0068569183,0.0089761615,0.024606347
MQAttn-LSTM-VQR classical twin,1,3,0.89043194,0.89994144,0.91804296,0.8901634,0.0283980425447225,0.009509504,0.009778023,0.027611017
MQAttn-LSTM-VQR classical twin,1,3,0.8981538,0.89796656,0.9159304,0.9075378,0.0283980425447225,0.00018721819,0.009571254,0.017776608
MQAttn-LSTM-VQR classical twin,1,3,0.9049773,0.8936163,0.9119433,0.9078513,0.0283980425447225,0.011361003,0.01423496,0.006965995
MQAttn-LSTM-VQR classical twin,1,3,0.9049743,0.8889646,0.9085056,0.9001216,0.0283980425447225,0.016009688,0.011157036,0.0035313368
MQAttn-LSTM-VQR classical twin,1,3,0.9004858,0.8836283,0.9055188,0.8952238,0.0283980425447225,0.016857505,0.011595488,0.0050329566
MQAttn-LSTM-VQR classical twin,1,3,0.89320314,0.88168776,0.9027044,0.8901715,0.0283980425447225,0.011515379,0.0084837675,0.009501278
MQAttn-LSTM-VQR classical twin,1,3,0.88724357,0.8817811,0.9037355,0.8876644,0.0283980425447225,0.0054624677,0.0058832765,0.01649195
MQAttn-LSTM-VQR classical twin,1,3,0.8838144,0.8796362,0.9032065,0.8851315,0.0283980425447225,0.0041781664,0.00549525,0.019392133
MQAttn-LSTM-VQR classical twin,1,3,0.8802966,0.87726426,0.9000354,0.8800405,0.0283980425447225,0.0030323267,0.0027762651,0.019738793
MQAttn-LSTM-VQR classical twin,1,3,0.8744477,0.8716003,0.89506185,0.87251437,0.0283980425447225,0.002847433,0.00091409683,0.020614147
MQAttn-LSTM-VQR classical twin,1,3,0.86964315,0.86638474,0.89043194,0.86982286,0.0283980425447225,0.003258407,0.0034381151,0.020788789
MQAttn-LSTM-VQR classical twin,1,3,0.86433333,0.87196374,0.8981538,0.86428213,0.0283980425447225,0.007630408,0.007681608,0.03382045
MQAttn-LSTM-VQR classical twin,1,3,0.86077255,0.88402635,0.9049773,0.86195016,0.0283980425447225,0.023253798,0.02207619,0.04420477
MQAttn-LSTM-VQR classical twin,1,3,0.8569255,0.8834484,0.9049743,0.85698944,0.0283980425447225,0.026522934,0.026458979,0.048048794
MQAttn-LSTM-VQR classical twin,1,3,0.8553339,0.8781649,0.9004858,0.8569851,0.0283980425447225,0.022830963,0.021179795,0.04515189
MQAttn-LSTM-VQR classical twin,1,3,0.84930956,0.87015086,0.89320314,0.8467858,0.0283980425447225,0.0208413,0.02336508,0.043893576
MQAttn-LSTM-VQR classical twin,1,3,0.84423184,0.8637638,0.88724357,0.84382886,0.0283980425447225,0.019531965,0.019934952,0.043011725
MQAttn-LSTM-VQR classical twin,1,3,0.84046274,0.86045223,0.8838144,0.84153724,0.0283980425447225,0.01998949,0.018914998,0.04335165
MQAttn-LSTM-VQR classical twin,1,3,0.8377034,0.8556677,0.8802966,0.8389635,0.0283980425447225,0.017964303,0.016704202,0.04259318
MQAttn-LSTM-VQR classical twin,1,3,0.83572984,0.84787756,0.8744477,0.836603,0.0283980425447225,0.012147725,0.011274576,0.038717866
MQAttn-LSTM-VQR classical twin,1,3,0.8336611,0.8417897,0.86964315,0.83371836,0.0283980425447225,0.008128643,0.008071363,0.035982072
MQAttn-LSTM-VQR classical twin,1,3,0.8312053,0.83598757,0.86433333,0.8311331,0.0283980425447225,0.0047822595,0.0048544407,0.033128023
MQAttn-LSTM-VQR classical twin,1,3,0.82864463,0.83174384,0.86077255,0.82871217,0.0283980425447225,0.003099203,0.003031671,0.032127917
MQAttn-LSTM-VQR classical twin,1,3,0.8261703,0.82717675,0.8569255,0.8262693,0.0283980425447225,0.0010064244,0.0009074211,0.030755162
MQAttn-LSTM-VQR classical twin,1,3,0.82363427,0.82537717,0.8553339,0.82360876,0.0283980425447225,0.0017428994,0.0017684102,0.031699657
MQAttn-LSTM-VQR classical twin,1,3,0.818089,0.8183959,0.84930956,0.81578505,0.0283980425447225,0.00030690432,0.0026108623,0.031220555
MQAttn-LSTM-VQR classical twin,1,3,0.81197864,0.8130352,0.84423184,0.81060666,0.0283980425447225,0.0010565519,0.0024285316,0.032253206
MQAttn-LSTM-VQR classical twin,1,3,0.8074281,0.8087903,0.84046274,0.80821365,0.0283980425447225,0.0013622046,0.00057667494,0.033034623
MQAttn-LSTM-VQR classical twin,1,3,0.8055459,0.80587316,0.8377034,0.80791175,0.0283980425447225,0.0003272295,0.002038598,0.03215748
MQAttn-LSTM-VQR classical twin,1,3,0.80594504,0.8034336,0.83572984,0.80836207,0.0283980425447225,0.0025114417,0.0049284697,0.029784799
MQAttn-LSTM-VQR classical twin,1,3,0.8054326,0.8011638,0.8336611,0.8054328,0.0283980425447225,0.004268825,0.004269004,0.028228462
MQAttn-LSTM-VQR classical twin,1,3,0.8022789,0.7985373,0.8312053,0.80033016,0.0283980425447225,0.0037415624,0.0017928481,0.028926432
MQAttn-LSTM-VQR classical twin,1,3,0.7987294,0.7957392,0.82864463,0.79795873,0.0283980425447225,0.0029902458,0.0022195578,0.029915214
MQAttn-LSTM-VQR classical twin,1,3,0.79684913,0.7933505,0.8261703,0.798109,0.0283980425447225,0.0034986138,0.004758477,0.029321194
MQAttn-LSTM-VQR classical twin,1,3,0.7963717,0.7907338,0.82363427,0.79790324,0.0283980425447225,0.005637884,0.0071694255,0.027262568
MQAttn-LSTM-VQR classical twin,1,3,0.7954084,0.7853417,0.818089,0.7953254,0.0283980425447225,0.010066748,0.009983718,0.02268058
MQAttn-LSTM-VQR classical twin,1,3,0.8051083,0.77983147,0.81197864,0.8129969,0.0283980425447225,0.02527684,0.033165455,0.0068703294
MQAttn-LSTM-VQR classical twin,1,3,0.80884117,0.77576274,0.8074281,0.8078717,0.0283980425447225,0.033078432,0.032108963,0.0014130473
MQAttn-LSTM-VQR classical twin,1,3,0.80748945,0.77356213,0.8055459,0.80283135,0.0283980425447225,0.03392732,0.029269218,0.0019435287
MQAttn-LSTM-VQR classical twin,1,3,0.80217373,0.77319396,0.80594504,0.7974873,0.0283980425447225,0.028979778,0.024293363,0.003771305
MQAttn-LSTM-VQR classical twin,1,3,0.79651886,0.772319,0.8054326,0.7952051,0.0283980425447225,0.024199843,0.022886097,0.008913755
MQAttn-LSTM-VQR classical twin,1,3,0.79199475,0.7693282,0.8022789,0.79267585,0.0283980425447225,0.022666574,0.023347676,0.010284126
MQAttn-LSTM-VQR classical twin,1,3,0.78924036,0.7663222,0.7987294,0.78998685,0.0283980425447225,0.022918165,0.023664653,0.009489059
MQAttn-LSTM-VQR classical twin,1,3,0.78723013,0.7647777,0.79684913,0.7876093,0.0283980425447225,0.022452414,0.02283156,0.009618998
MQAttn-LSTM-VQR classical twin,1,3,0.78503144,0.76404554,0.7963717,0.7851283,0.0283980425447225,0.020985901,0.021082759,0.0113402605
MQAttn-LSTM-VQR classical twin,1,3,0.78253603,0.7626965,0.7954084,0.782491,0.0283980425447225,0.019839525,0.019794524,0.012872398
MQAttn-LSTM-VQR classical twin,1,3,0.77993685,0.77057076,0.8051083,0.7798777,0.0283980425447225,0.009366095,0.009306967,0.025171459
MQAttn-LSTM-VQR classical twin,1,3,0.77599007,0.7736372,0.80884117,0.77494884,0.0283980425447225,0.0023528934,0.0013116598,0.0328511
MQAttn-LSTM-VQR classical twin,1,3,0.77222395,0.77235293,0.80748945,0.77193856,0.0283980425447225,0.00012898445,0.0004143715,0.035265505
MQAttn-LSTM-VQR classical twin,1,3,0.7707939,0.76788074,0.80217373,0.7725094,0.0283980425447225,0.002913177,0.0046286583,0.03137982
MQAttn-LSTM-VQR classical twin,1,3,0.7706384,0.7638023,0.79651886,0.772297,0.0283980425447225,0.0068361163,0.008494735,0.025880456
MQAttn-LSTM-VQR classical twin,1,3,0.7683169,0.7600365,0.79199475,0.76715434,0.0283980425447225,0.008280396,0.007117808,0.023677826
MQAttn-LSTM-VQR classical twin,1,3,0.7654176,0.7578243,0.78924036,0.7643802,0.0283980425447225,0.007593274,0.006555915,0.023822784
MQAttn-LSTM-VQR classical twin,1,3,0.76368785,0.75574994,0.78723013,0.764463,0.0283980425447225,0.007937908,0.008713067,0.023542285
MQAttn-LSTM-VQR classical twin,1,3,0.76311773,0.7536781,0.78503144,0.7645458,0.0283980425447225,0.009439647,0.010867715,0.021913707
MQAttn-LSTM-VQR classical twin,1,3,0.76200986,0.7514328,0.78253603,0.76195294,0.0283980425447225,0.010577083,0.01052016,0.02052617
MQAttn-LSTM-VQR classical twin,1,3,0.760172,0.74856573,0.77993685,0.7593338,0.0283980425447225,0.011606276,0.010768056,0.01976484
MQAttn-LSTM-VQR classical twin,1,3,0.75756514,0.7434175,0.77599007,0.75682414,0.0283980425447225,0.014147639,0.013406634,0.018424928
MQAttn-LSTM-VQR classical twin,1,3,0.75604296,0.74237573,0.77222395,0.7568025,0.0283980425447225,0.013667226,0.014426768,0.016180992
MQAttn-LSTM-VQR classical twin,1,3,0.7557496,0.7415112,0.7707939,0.7569735,0.0283980425447225,0.014238358,0.015462279,0.015044332
MQAttn-LSTM-VQR classical twin,1,3,0.76185095,0.7410329,0.7706384,0.76697993,0.0283980425447225,0.020818055,0.025947034,0.008787453
MQAttn-LSTM-VQR classical twin,1,3,0.7677142,0.7389149,0.7683169,0.7695686,0.0283980425447225,0.028799295,0.030653715,0.00060272217
MQAttn-LSTM-VQR classical twin,1,3,0.76657194,0.7366522,0.7654176,0.7618124,0.0283980425447225,0.029919744,0.025160193,0.0011543632
MQAttn-LSTM-VQR classical twin,1,3,0.7615486,0.7350498,0.76368785,0.75679064,0.0283980425447225,0.026498795,0.021740854,0.0021392703
MQAttn-LSTM-VQR classical twin,1,3,0.75569904,0.7343122,0.76311773,0.75389254,0.0283980425447225,0.021386862,0.019580364,0.007418692
MQAttn-LSTM-VQR classical twin,1,3,0.75102794,0.73295873,0.76200986,0.75159806,0.0283980425447225,0.018069208,0.018639326,0.010981917
MQAttn-LSTM-VQR classical twin,1,3,0.7480198,0.7317016,0.760172,0.748911,0.0283980425447225,0.016318202,0.01720941,0.012152195
MQAttn-LSTM-VQR classical twin,1,3,0.7459813,0.7298393,0.75756514,0.74642426,0.0283980425447225,0.016141951,0.016584933,0.011583865
MQAttn-LSTM-VQR classical twin,1,3,0.74512553,0.72904044,0.75604296,0.7462072,0.0283980425447225,0.016085088,0.017166734,0.010917425
MQAttn-LSTM-VQR classical twin,1,3,0.7422724,0.7285711,0.7557496,0.74139374,0.0283980425447225,0.01370126,0.012822628,0.013477206
MQAttn-LSTM-VQR classical twin,1,3,0.7405079,0.73340976,0.76185095,0.74095076,0.0283980425447225,0.0070981383,0.007541001,0.021343052
MQAttn-LSTM-VQR classical twin,1,3,0.7384795,0.7370252,0.7677142,0.73855776,0.0283980425447225,0.0014542937,0.0015325546,0.029234707
MQAttn-LSTM-VQR classical twin,1,3,0.73618364,0.7354612,0.76657194,0.7360386,0.0283980425447225,0.0007224679,0.0005774498,0.030388296
MQAttn-LSTM-VQR classical twin,1,3,0.73521596,0.7318864,0.7615486,0.736124,0.0283980425447225,0.003329575,0.004237592,0.026332617
MQAttn-LSTM-VQR classical twin,1,3,0.73362565,0.72838074,0.75569904,0.7335053,0.0283980425447225,0.0052449107,0.005124569,0.022073388
MQAttn-LSTM-VQR classical twin,1,3,0.7314052,0.7252532,0.75102794,0.7308836,0.0283980425447225,0.006151974,0.005630374,0.019622743
MQAttn-LSTM-VQR classical twin,1,3,0.72882646,0.7233894,0.7480198,0.72834766,0.0283980425447225,0.005437076,0.004958272,0.019193351
MQAttn-LSTM-VQR classical twin,1,3,0.7259889,0.7217764,0.7459813,0.7256775,0.0283980425447225,0.0042124987,0.0039010644,0.019992352
MQAttn-LSTM-VQR classical twin,1,3,0.724707,0.7208466,0.74512553,0.72580796,0.0283980425447225,0.003860414,0.0049613714,0.020418525
MQAttn-LSTM-VQR classical twin,1,3,0.7232036,0.71889603,0.7422724,0.72340804,0.0283980425447225,0.004307568,0.004512012,0.019068778
MQAttn-LSTM-VQR classical twin,1,3,0.7226833,0.71785337,0.7405079,0.72337854,0.0283980425447225,0.004829943,0.0055251718,0.01782459
MQAttn-LSTM-VQR classical twin,1,3,0.719685,0.7147956,0.7384795,0.71812284,0.0283980425447225,0.0048894286,0.0033272505,0.018794477
MQAttn-LSTM-VQR classical twin,1,3,0.71800894,0.7134041,0.73618364,0.7184077,0.0283980425447225,0.0046048164,0.0050035715,0.018174708
MQAttn-LSTM-VQR classical twin,1,3,0.7171656,0.71302307,0.73521596,0.7181473,0.0283980425447225,0.004142523,0.0051242113,0.018050373
MQAttn-LSTM-VQR classical twin,1,3,0.718755,0.7115427,0.73362565,0.7209288,0.0283980425447225,0.007212281,0.009386063,0.014870644
MQAttn-LSTM-VQR classical twin,1,3,0.72310483,0.70997244,0.7314052,0.725932,0.0283980425447225,0.013132393,0.01595956,0.008300364
MQAttn-LSTM-VQR classical twin,1,3,0.72465795,0.7083709,0.72882646,0.723569,0.0283980425447225,0.016287029,0.015198052,0.0041685104
MQAttn-LSTM-VQR classical twin,1,3,0.7205285,0.705707,0.7259889,0.7158155,0.0283980425447225,0.01482147,0.010108471,0.005460441
MQAttn-LSTM-VQR classical twin,1,3,0.7170407,0.70495254,0.724707,0.71590424,0.0283980425447225,0.01208818,0.010951698,0.00766629
MQAttn-LSTM-VQR classical twin,1,3,0.7132811,0.70297474,0.7232036,0.71312815,0.0283980425447225,0.010306358,0.010153413,0.009922504
MQAttn-LSTM-VQR classical twin,1,3,0.71165717,0.70282114,0.7226833,0.71304387,0.0283980425447225,0.008836031,0.010222733,0.011026144
MQAttn-LSTM-VQR classical twin,1,3,0.7103631,0.7009257,0.719685,0.71063167,0.0283980425447225,0.009437382,0.009705961,0.009321928
MQAttn-LSTM-VQR classical twin,1,3,0.70861834,0.6991083,0.71800894,0.7081636,0.0283980425447225,0.00951004,0.009055316,0.009390593
MQAttn-LSTM-VQR classical twin,1,3,0.70765144,0.69795597,0.7171656,0.7082891,0.0283980425447225,0.00969547,0.010333121,0.009514153
MQAttn-LSTM-VQR classical twin,1,3,0.70574105,0.6993806,0.718755,0.7054201,0.0283980425447225,0.0063604712,0.0060395002,0.013013959
MQAttn-LSTM-VQR classical twin,1,3,0.7048901,0.7009366,0.72310483,0.7054975,0.0283980425447225,0.003953457,0.004560888,0.018214762
MQAttn-LSTM-VQR classical twin,1,3,0.7033693,0.7019931,0.72465795,0.7030857,0.0283980425447225,0.0013762116,0.0010926127,0.021288633
MQAttn-LSTM-VQR classical twin,1,3,0.7026702,0.7004215,0.7205285,0.7031679,0.0283980425447225,0.0022487044,0.0027464032,0.017858267
MQAttn-LSTM-VQR classical twin,1,3,0.7008223,0.6982918,0.7170407,0.7002276,0.0283980425447225,0.0025305152,0.0019358397,0.016218424
MQAttn-LSTM-VQR classical twin,1,3,0.7059301,0.6959186,0.7132811,0.7108933,0.0283980425447225,0.010011494,0.014974654,0.0073509812
MQAttn-LSTM-VQR classical twin,1,3,0.7127742,0.69440395,0.71165717,0.71622765,0.0283980425447225,0.01837027,0.021823704,0.0011170506
MQAttn-QLSTM-VQR,1,3,0.9233131,0.944212,0.93674636,0.92418945,0.0283980425447225,0.020898938,0.020022571,0.013433278
MQAttn-QLSTM-VQR,1,3,0.9324377,0.9451828,0.93510646,0.9403903,0.0283980425447225,0.012745082,0.0047925115,0.0026687384
MQAttn-QLSTM-VQR,1,3,0.93935573,0.94515723,0.93414265,0.94073606,0.0283980425447225,0.005801499,0.0044211745,0.005213082
MQAttn-QLSTM-VQR,1,3,0.9430329,0.9127627,0.93110687,0.9405477,0.0283980425447225,0.030270219,0.027785003,0.011926055
MQAttn-QLSTM-VQR,1,3,0.94072247,0.9300049,0.92935526,0.9355045,0.0283980425447225,0.010717571,0.0054996014,0.011367202
MQAttn-QLSTM-VQR,1,3,0.9372632,0.93779784,0.92860776,0.9350998,0.0283980425447225,0.00053465366,0.0026980639,0.008655429
MQAttn-QLSTM-VQR,1,3,0.9348753,0.9407505,0.9286086,0.93533576,0.0283980425447225,0.00587517,0.0054147243,0.006266713
MQAttn-QLSTM-VQR,1,3,0.931174,0.940992,0.92887807,0.92980623,0.0283980425447225,0.0098180175,0.011185765,0.0022959113
MQAttn-QLSTM-VQR,1,3,0.9295772,0.9391909,0.92613196,0.93001693,0.0283980425447225,0.009613752,0.009173989,0.003445208
MQAttn-QLSTM-VQR,1,3,0.9287688,0.9389676,0.9243155,0.92958266,0.0283980425447225,0.010198772,0.00938493,0.0044533014
MQAttn-QLSTM-VQR,1,3,0.92549235,0.9365784,0.9233131,0.9240699,0.0283980425447225,0.011086047,0.012508512,0.002179265
MQAttn-QLSTM-VQR,1,3,0.9239895,0.91769046,0.9324377,0.92460084,0.0283980425447225,0.006299019,0.0069103837,0.008448243
MQAttn-QLSTM-VQR,1,3,0.9228785,0.9352787,0.93935573,0.9234752,0.0283980425447225,0.01240021,0.011803508,0.016477227
MQAttn-QLSTM-VQR,1,3,0.9196682,0.9429356,0.9430329,0.91841424,0.0283980425447225,0.023267388,0.02452135,0.023364723
MQAttn-QLSTM-VQR,1,3,0.91804296,0.94244534,0.94072247,0.918581,0.0283980425447225,0.02440238,0.023864329,0.022679508
MQAttn-QLSTM-VQR,1,3,0.9159304,0.9406996,0.9372632,0.91583616,0.0283980425447225,0.024769187,0.024863422,0.0213328
MQAttn-QLSTM-VQR,1,3,0.9119433,0.9385851,0.9348753,0.91057354,0.0283980425447225,0.026641786,0.02801156,0.022931993
MQAttn-QLSTM-VQR,1,3,0.9085056,0.93508196,0.931174,0.9082531,0.0283980425447225,0.02657634,0.026828885,0.022668362
MQAttn-QLSTM-VQR,1,3,0.9055188,0.93408155,0.9295772,0.90580285,0.0283980425447225,0.028562784,0.028278708,0.024058402
MQAttn-QLSTM-VQR,1,3,0.9027044,0.9315597,0.9287688,0.9030275,0.0283980425447225,0.028855264,0.028532207,0.026064396
MQAttn-QLSTM-VQR,1,3,0.9037355,0.9288841,0.92549235,0.9066021,0.0283980425447225,0.02514857,0.022282004,0.021756828
MQAttn-QLSTM-VQR,1,3,0.9032065,0.9277336,0.9239895,0.9031321,0.0283980425447225,0.024527073,0.02460152,0.020782948
MQAttn-QLSTM-VQR,1,3,0.9000354,0.89610356,0.9228785,0.89791554,0.0283980425447225,0.0039318204,0.0018119812,0.022843122
MQAttn-QLSTM-VQR,1,3,0.89506185,0.88666797,0.9196682,0.8929426,0.0283980425447225,0.008393884,0.0062746406,0.024606347
MQAttn-QLSTM-VQR,1,3,0.89043194,0.8828372,0.91804296,0.8901634,0.0283980425447225,0.007594764,0.0073262453,0.027611017
MQAttn-QLSTM-VQR,1,3,0.8981538,0.88077044,0.9159304,0.9075378,0.0283980425447225,0.017383337,0.026767373,0.017776608
MQAttn-QLSTM-VQR,1,3,0.9049773,0.8767347,0.9119433,0.9078513,0.0283980425447225,0.028242648,0.031116605,0.006965995
MQAttn-QLSTM-VQR,1,3,0.9049743,0.8724694,0.9085056,0.9001216,0.0283980425447225,0.032504857,0.027652204,0.0035313368
MQAttn-QLSTM-VQR,1,3,0.9004858,0.86917615,0.9055188,0.8952238,0.0283980425447225,0.031309664,0.026047647,0.0050329566
MQAttn-QLSTM-VQR,1,3,0.89320314,0.8670275,0.9027044,0.8901715,0.0283980425447225,0.026175618,0.023144007,0.009501278
MQAttn-QLSTM-VQR,1,3,0.88724357,0.8677342,0.9037355,0.8876644,0.0283980425447225,0.019509375,0.019930184,0.01649195
MQAttn-QLSTM-VQR,1,3,0.8838144,0.86631435,0.9032065,0.8851315,0.0283980425447225,0.017500043,0.018817127,0.019392133
MQAttn-QLSTM-VQR,1,3,0.8802966,0.86363465,0.9000354,0.8800405,0.0283980425447225,0.016661942,0.01640588,0.019738793
MQAttn-QLSTM-VQR,1,3,0.8744477,0.85834086,0.89506185,0.87251437,0.0283980425447225,0.016106844,0.014173508,0.020614147
MQAttn-QLSTM-VQR,1,3,0.86964315,0.8536059,0.89043194,0.86982286,0.0283980425447225,0.016037226,0.016216934,0.020788789
MQAttn-QLSTM-VQR,1,3,0.86433333,0.8599479,0.8981538,0.86428213,0.0283980425447225,0.0043854117,0.0043342113,0.03382045
MQAttn-QLSTM-VQR,1,3,0.86077255,0.87293565,0.9049773,0.86195016,0.0283980425447225,0.012163103,0.010985494,0.04420477
MQAttn-QLSTM-VQR,1,3,0.8569255,0.8720554,0.9049743,0.85698944,0.0283980425447225,0.015129924,0.015065968,0.048048794
MQAttn-QLSTM-VQR,1,3,0.8553339,0.86607814,0.9004858,0.8569851,0.0283980425447225,0.010744214,0.009093046,0.04515189
MQAttn-QLSTM-VQR,1,3,0.84930956,0.8579843,0.89320314,0.8467858,0.0283980425447225,0.008674741,0.011198521,0.043893576
MQAttn-QLSTM-VQR,1,3,0.84423184,0.8515885,0.88724357,0.84382886,0.0283980425447225,0.0073566437,0.0077596307,0.043011725
MQAttn-QLSTM-VQR,1,3,0.84046274,0.84823924,0.8838144,0.84153724,0.0283980425447225,0.007776499,0.006702006,0.04335165
MQAttn-QLSTM-VQR,1,3,0.8377034,0.8448248,0.8802966,0.8389635,0.0283980425447225,0.007121384,0.0058612823,0.04259318
MQAttn-QLSTM-VQR,1,3,0.83572984,0.8382764,0.8744477,0.836603,0.0283980425447225,0.0025465488,0.0016734004,0.038717866
MQAttn-QLSTM-VQR,1,3,0.8336611,0.83344704,0.86964315,0.83371836,0.0283980425447225,0.00021404028,0.00027132034,0.035982072
MQAttn-QLSTM-VQR,1,3,0.8312053,0.82877505,0.86433333,0.8311331,0.0283980425447225,0.0024302602,0.002358079,0.033128023
MQAttn-QLSTM-VQR,1,3,0.82864463,0.8252232,0.86077255,0.82871217,0.0283980425447225,0.0034214258,0.0034889579,0.032127917
MQAttn-QLSTM-VQR,1,3,0.8261703,0.82113564,0.8569255,0.8262693,0.0283980425447225,0.005034685,0.0051336884,0.030755162
MQAttn-QLSTM-VQR,1,3,0.82363427,0.8196336,0.8553339,0.82360876,0.0283980425447225,0.0040006638,0.003975153,0.031699657
MQAttn-QLSTM-VQR,1,3,0.818089,0.81373906,0.84930956,0.81578505,0.0283980425447225,0.004349947,0.002045989,0.031220555
MQAttn-QLSTM-VQR,1,3,0.81197864,0.80910176,0.84423184,0.81060666,0.0283980425447225,0.0028768778,0.0015048981,0.032253206
MQAttn-QLSTM-VQR,1,3,0.8074281,0.805404,0.84046274,0.80821365,0.0283980425447225,0.0020241141,0.0028096437,0.033034623
MQAttn-QLSTM-VQR,1,3,0.8055459,0.8030434,0.8377034,0.80791175,0.0283980425447225,0.002502501,0.0048683286,0.03215748
MQAttn-QLSTM-VQR,1,3,0.80594504,0.8010972,0.83572984,0.80836207,0.0283980425447225,0.0048478246,0.0072648525,0.029784799
MQAttn-QLSTM-VQR,1,3,0.8054326,0.7991843,0.8336611,0.8054328,0.0283980425447225,0.0062482953,0.006248474,0.028228462
MQAttn-QLSTM-VQR,1,3,0.8022789,0.79690665,0.8312053,0.80033016,0.0283980425447225,0.0053722262,0.003423512,0.028926432
MQAttn-QLSTM-VQR,1,3,0.7987294,0.79438555,0.82864463,0.79795873,0.0283980425447225,0.0043438673,0.0035731792,0.029915214
MQAttn-QLSTM-VQR,1,3,0.79684913,0.7923967,0.8261703,0.798109,0.0283980425447225,0.0044524074,0.0057122707,0.029321194
MQAttn-QLSTM-VQR,1,3,0.7963717,0.7900305,0.82363427,0.79790324,0.0283980425447225,0.006341219,0.00787276,0.027262568
MQAttn-QLSTM-VQR,1,3,0.7954084,0.78537023,0.818089,0.7953254,0.0283980425447225,0.010038197,0.009955168,0.02268058
MQAttn-QLSTM-VQR,1,3,0.8051083,0.7799824,0.81197864,0.8129969,0.0283980425447225,0.02512592,0.033014536,0.0068703294
MQAttn-QLSTM-VQR,1,3,0.80884117,0.77598494,0.8074281,0.8078717,0.0283980425447225,0.032856226,0.031886756,0.0014130473
MQAttn-QLSTM-VQR,1,3,0.80748945,0.7741136,0.8055459,0.80283135,0.0283980425447225,0.03337586,0.028717756,0.0019435287
MQAttn-QLSTM-VQR,1,3,0.80217373,0.7745029,0.80594504,0.7974873,0.0283980425447225,0.02767086,0.022984445,0.003771305
MQAttn-QLSTM-VQR,1,3,0.79651886,0.7742463,0.8054326,0.7952051,0.0283980425447225,0.022272587,0.02095884,0.008913755
MQAttn-QLSTM-VQR,1,3,0.79199475,0.7717361,0.8022789,0.79267585,0.0283980425447225,0.020258665,0.020939767,0.010284126
MQAttn-QLSTM-VQR,1,3,0.78924036,0.7686924,0.7987294,0.78998685,0.0283980425447225,0.020547986,0.021294475,0.009489059
MQAttn-QLSTM-VQR,1,3,0.78723013,0.7668544,0.79684913,0.7876093,0.0283980425447225,0.020375729,0.020754874,0.009618998
MQAttn-QLSTM-VQR,1,3,0.78503144,0.76637423,0.7963717,0.7851283,0.0283980425447225,0.018657207,0.018754065,0.0113402605
MQAttn-QLSTM-VQR,1,3,0.78253603,0.76559734,0.7954084,0.782491,0.0283980425447225,0.016938686,0.016893685,0.012872398
MQAttn-QLSTM-VQR,1,3,0.77993685,0.7733725,0.8051083,0.7798777,0.0283980425447225,0.0065643787,0.006505251,0.025171459
MQAttn-QLSTM-VQR,1,3,0.77599007,0.7769858,0.80884117,0.77494884,0.0283980425447225,0.0009957552,0.0020369887,0.0328511
MQAttn-QLSTM-VQR,1,3,0.77222395,0.77597684,0.80748945,0.77193856,0.0283980425447225,0.0037528872,0.0040382743,0.035265505
MQAttn-QLSTM-VQR,1,3,0.7707939,0.7715564,0.80217373,0.7725094,0.0283980425447225,0.0007624626,0.00095301867,0.03137982
MQAttn-QLSTM-VQR,1,3,0.7706384,0.76655513,0.79651886,0.772297,0.0283980425447225,0.004083276,0.0057418942,0.025880456
MQAttn-QLSTM-VQR,1,3,0.7683169,0.76258636,0.79199475,0.76715434,0.0283980425447225,0.0057305694,0.0045679808,0.023677826
MQAttn-QLSTM-VQR,1,3,0.7654176,0.7605788,0.78924036,0.7643802,0.0283980425447225,0.0048387647,0.0038014054,0.023822784
MQAttn-QLSTM-VQR,1,3,0.76368785,0.7586791,0.78723013,0.764463,0.0283980425447225,0.005008757,0.0057839155,0.023542285
MQAttn-QLSTM-VQR,1,3,0.76311773,0.7569303,0.78503144,0.7645458,0.0283980425447225,0.006187439,0.0076155066,0.021913707
MQAttn-QLSTM-VQR,1,3,0.76200986,0.75490093,0.78253603,0.76195294,0.0283980425447225,0.007108927,0.0070520043,0.02052617
MQAttn-QLSTM-VQR,1,3,0.760172,0.7523148,0.77993685,0.7593338,0.0283980425447225,0.0078572035,0.0070189834,0.01976484
MQAttn-QLSTM-VQR,1,3,0.75756514,0.749501,0.77599007,0.75682414,0.0283980425447225,0.008064151,0.007323146,0.018424928
MQAttn-QLSTM-VQR,1,3,0.75604296,0.74640477,0.77222395,0.7568025,0.0283980425447225,0.00963819,0.010397732,0.016180992
MQAttn-QLSTM-VQR,1,3,0.7557496,0.7450191,0.7707939,0.7569735,0.0283980425447225,0.010730505,0.011954427,0.015044332
MQAttn-QLSTM-VQR,1,3,0.76185095,0.74468213,0.7706384,0.76697993,0.0283980425447225,0.01716882,0.0222978,0.008787453
MQAttn-QLSTM-VQR,1,3,0.7677142,0.7428756,0.7683169,0.7695686,0.0283980425447225,0.024838626,0.026693046,0.00060272217
MQAttn-QLSTM-VQR,1,3,0.76657194,0.7406316,0.7654176,0.7618124,0.0283980425447225,0.025940359,0.021180809,0.0011543632
MQAttn-QLSTM-VQR,1,3,0.7615486,0.7389842,0.76368785,0.75679064,0.0283980425447225,0.022564352,0.01780641,0.0021392703
MQAttn-QLSTM-VQR,1,3,0.75569904,0.73855585,0.76311773,0.75389254,0.0283980425447225,0.01714319,0.015336692,0.007418692
MQAttn-QLSTM-VQR,1,3,0.75102794,0.73765427,0.76200986,0.75159806,0.0283980425447225,0.013373673,0.013943791,0.010981917
MQAttn-QLSTM-VQR,1,3,0.7480198,0.73626405,0.760172,0.748911,0.0283980425447225,0.0117557645,0.012646973,0.012152195
MQAttn-QLSTM-VQR,1,3,0.7459813,0.73425657,0.75756514,0.74642426,0.0283980425447225,0.01172471,0.012167692,0.011583865
MQAttn-QLSTM-VQR,1,3,0.74512553,0.73298305,0.75604296,0.7462072,0.0283980425447225,0.012142479,0.013224125,0.010917425
MQAttn-QLSTM-VQR,1,3,0.7422724,0.7325531,0.7557496,0.74139374,0.0283980425447225,0.009719253,0.0088406205,0.013477206
MQAttn-QLSTM-VQR,1,3,0.7405079,0.7379935,0.76185095,0.74095076,0.0283980425447225,0.002514422,0.0029572845,0.021343052
MQAttn-QLSTM-VQR,1,3,0.7384795,0.7419617,0.7677142,0.73855776,0.0283980425447225,0.0034822226,0.0034039617,0.029234707
MQAttn-QLSTM-VQR,1,3,0.73618364,0.7411845,0.76657194,0.7360386,0.0283980425447225,0.0050008297,0.005145848,0.030388296
MQAttn-QLSTM-VQR,1,3,0.73521596,0.73750186,0.7615486,0.736124,0.0283980425447225,0.0022858977,0.0013778806,0.026332617
MQAttn-QLSTM-VQR,1,3,0.73362565,0.7327385,0.75569904,0.7335053,0.0283980425447225,0.00088715553,0.00076681376,0.022073388
MQAttn-QLSTM-VQR,1,3,0.7314052,0.7289757,0.75102794,0.7308836,0.0283980425447225,0.0024294853,0.0019078851,0.019622743
MQAttn-QLSTM-VQR,1,3,0.72882646,0.72664815,0.7480198,0.72834766,0.0283980425447225,0.0021783113,0.0016995072,0.019193351
MQAttn-QLSTM-VQR,1,3,0.7259889,0.72510415,0.7459813,0.7256775,0.0283980425447225,0.00088477135,0.0005733371,0.019992352
MQAttn-QLSTM-VQR,1,3,0.724707,0.724619,0.74512553,0.72580796,0.0283980425447225,8.803606e-05,0.0011889935,0.020418525
MQAttn-QLSTM-VQR,1,3,0.7232036,0.72254086,0.7422724,0.72340804,0.0283980425447225,0.00066274405,0.000867188,0.019068778
MQAttn-QLSTM-VQR,1,3,0.7226833,0.7211216,0.7405079,0.72337854,0.0283980425447225,0.0015617013,0.0022569299,0.01782459
MQAttn-QLSTM-VQR,1,3,0.719685,0.7196095,0.7384795,0.71812284,0.0283980425447225,7.5519085e-05,0.001486659,0.018794477
MQAttn-QLSTM-VQR,1,3,0.71800894,0.7178302,0.73618364,0.7184077,0.0283980425447225,0.00017875433,0.0005775094,0.018174708
MQAttn-QLSTM-VQR,1,3,0.7171656,0.7168797,0.73521596,0.7181473,0.0283980425447225,0.00028586388,0.0012675524,0.018050373
MQAttn-QLSTM-VQR,1,3,0.718755,0.71524084,0.73362565,0.7209288,0.0283980425447225,0.0035141706,0.005687952,0.014870644
MQAttn-QLSTM-VQR,1,3,0.72310483,0.713351,0.7314052,0.725932,0.0283980425447225,0.009753823,0.012580991,0.008300364
MQAttn-QLSTM-VQR,1,3,0.72465795,0.71158254,0.72882646,0.723569,0.0283980425447225,0.013075411,0.011986434,0.0041685104
MQAttn-QLSTM-VQR,1,3,0.7205285,0.7094991,0.7259889,0.7158155,0.0283980425447225,0.011029363,0.006316364,0.005460441
MQAttn-QLSTM-VQR,1,3,0.7170407,0.7084283,0.724707,0.71590424,0.0283980425447225,0.008612394,0.0074759126,0.00766629
MQAttn-QLSTM-VQR,1,3,0.7132811,0.7069665,0.7232036,0.71312815,0.0283980425447225,0.0063145757,0.00616163,0.009922504
MQAttn-QLSTM-VQR,1,3,0.71165717,0.7067566,0.7226833,0.71304387,0.0283980425447225,0.0049005747,0.0062872767,0.011026144
MQAttn-QLSTM-VQR,1,3,0.7103631,0.70470953,0.719685,0.71063167,0.0283980425447225,0.00565356,0.0059221387,0.009321928
MQAttn-QLSTM-VQR,1,3,0.70861834,0.70316994,0.71800894,0.7081636,0.0283980425447225,0.005448401,0.004993677,0.009390593
MQAttn-QLSTM-VQR,1,3,0.70765144,0.7023645,0.7171656,0.7082891,0.0283980425447225,0.005286932,0.0059245825,0.009514153
MQAttn-QLSTM-VQR,1,3,0.70574105,0.7040078,0.718755,0.7054201,0.0283980425447225,0.0017332435,0.0014122725,0.013013959
MQAttn-QLSTM-VQR,1,3,0.7048901,0.7075425,0.72310483,0.7054975,0.0283980425447225,0.0026524067,0.0020449758,0.018214762
MQAttn-QLSTM-VQR,1,3,0.7033693,0.70884794,0.72465795,0.7030857,0.0283980425447225,0.0054786205,0.0057622194,0.021288633
MQAttn-QLSTM-VQR,1,3,0.7026702,0.70545274,0.7205285,0.7031679,0.0283980425447225,0.0027825236,0.0022848248,0.017858267
MQAttn-QLSTM-VQR,1,3,0.7008223,0.70237195,0.7170407,0.7002276,0.0283980425447225,0.0015496612,0.0021443367,0.016218424
MQAttn-QLSTM-VQR,1,3,0.7059301,0.69960403,0.7132811,0.7108933,0.0283980425447225,0.0063260794,0.011289239,0.0073509812
MQAttn-QLSTM-VQR,1,3,0.7127742,0.6982836,0.71165717,0.71622765,0.0283980425447225,0.014490604,0.017944038,0.0011170506
MQAttn-QLSTM-VQR classical twin,1,3,0.9233131,0.9510154,0.93674636,0.92418945,0.0283980425447225,0.027702332,0.026825964,0.013433278
MQAttn-QLSTM-VQR classical twin,1,3,0.9324377,0.9512742,0.93510646,0.9403903,0.0283980425447225,0.018836498,0.010883927,0.0026687384
MQAttn-QLSTM-VQR classical twin,1,3,0.93935573,0.95125055,0.93414265,0.94073606,0.0283980425447225,0.011894822,0.010514498,0.005213082
MQAttn-QLSTM-VQR classical twin,1,3,0.9430329,0.9160307,0.93110687,0.9405477,0.0283980425447225,0.027002215,0.024517,0.011926055
MQAttn-QLSTM-VQR classical twin,1,3,0.94072247,0.9305774,0.92935526,0.9355045,0.0283980425447225,0.010145068,0.0049270988,0.011367202
MQAttn-QLSTM-VQR classical twin,1,3,0.9372632,0.9396274,0.92860776,0.9350998,0.0283980425447225,0.0023642182,0.0045276284,0.008655429
MQAttn-QLSTM-VQR classical twin,1,3,0.9348753,0.94379723,0.9286086,0.93533576,0.0283980425447225,0.008921921,0.008461475,0.006266713
MQAttn-QLSTM-VQR classical twin,1,3,0.931174,0.94430405,0.92887807,0.92980623,0.0283980425447225,0.013130069,0.014497817,0.0022959113
MQAttn-QLSTM-VQR classical twin,1,3,0.9295772,0.94278973,0.92613196,0.93001693,0.0283980425447225,0.013212562,0.012772799,0.003445208
MQAttn-QLSTM-VQR classical twin,1,3,0.9287688,0.9427251,0.9243155,0.92958266,0.0283980425447225,0.013956308,0.013142467,0.0044533014
MQAttn-QLSTM-VQR classical twin,1,3,0.92549235,0.940031,0.9233131,0.9240699,0.0283980425447225,0.014538646,0.01596111,0.002179265
MQAttn-QLSTM-VQR classical twin,1,3,0.9239895,0.9224804,0.9324377,0.92460084,0.0283980425447225,0.0015090704,0.0021204352,0.008448243
MQAttn-QLSTM-VQR classical twin,1,3,0.9228785,0.93705,0.93935573,0.9234752,0.0283980425447225,0.014171481,0.013574779,0.016477227
MQAttn-QLSTM-VQR classical twin,1,3,0.9196682,0.945077,0.9430329,0.91841424,0.0283980425447225,0.025408804,0.026662767,0.023364723
MQAttn-QLSTM-VQR classical twin,1,3,0.91804296,0.94466704,0.94072247,0.918581,0.0283980425447225,0.026624084,0.026086032,0.022679508
MQAttn-QLSTM-VQR classical twin,1,3,0.9159304,0.9435076,0.9372632,0.91583616,0.0283980425447225,0.027577221,0.027671456,0.0213328
MQAttn-QLSTM-VQR classical twin,1,3,0.9119433,0.94167304,0.9348753,0.91057354,0.0283980425447225,0.029729724,0.031099498,0.022931993
MQAttn-QLSTM-VQR classical twin,1,3,0.9085056,0.9380491,0.931174,0.9082531,0.0283980425447225,0.02954346,0.029796004,0.022668362
MQAttn-QLSTM-VQR classical twin,1,3,0.9055188,0.9369617,0.9295772,0.90580285,0.0283980425447225,0.03144294,0.031158864,0.024058402
MQAttn-QLSTM-VQR classical twin,1,3,0.9027044,0.93382317,0.9287688,0.9030275,0.0283980425447225,0.03111875,0.030795693,0.026064396
MQAttn-QLSTM-VQR classical twin,1,3,0.9037355,0.9306107,0.92549235,0.9066021,0.0283980425447225,0.026875198,0.024008632,0.021756828
MQAttn-QLSTM-VQR classical twin,1,3,0.9032065,0.9291604,0.9239895,0.9031321,0.0283980425447225,0.025953889,0.026028335,0.020782948
MQAttn-QLSTM-VQR classical twin,1,3,0.9000354,0.89966625,0.9228785,0.89791554,0.0283980425447225,0.00036913157,0.0017507076,0.022843122
MQAttn-QLSTM-VQR classical twin,1,3,0.89506185,0.8869335,0.9196682,0.8929426,0.0283980425447225,0.008128345,0.006009102,0.024606347
MQAttn-QLSTM-VQR classical twin,1,3,0.89043194,0.8815659,0.91804296,0.8901634,0.0283980425447225,0.008866012,0.008597493,0.027611017
MQAttn-QLSTM-VQR classical twin,1,3,0.8981538,0.87829745,0.9159304,0.9075378,0.0283980425447225,0.019856334,0.02924037,0.017776608
MQAttn-QLSTM-VQR classical twin,1,3,0.9049773,0.87402254,0.9119433,0.9078513,0.0283980425447225,0.030954778,0.033828735,0.006965995
MQAttn-QLSTM-VQR classical twin,1,3,0.9049743,0.8704142,0.9085056,0.9001216,0.0283980425447225,0.034560084,0.029707432,0.0035313368
MQAttn-QLSTM-VQR classical twin,1,3,0.9004858,0.8672921,0.9055188,0.8952238,0.0283980425447225,0.033193707,0.02793169,0.0050329566
MQAttn-QLSTM-VQR classical twin,1,3,0.89320314,0.86524516,0.9027044,0.8901715,0.0283980425447225,0.027957976,0.024926364,0.009501278
MQAttn-QLSTM-VQR classical twin,1,3,0.88724357,0.8662217,0.9037355,0.8876644,0.0283980425447225,0.021021843,0.021442652,0.01649195
MQAttn-QLSTM-VQR classical twin,1,3,0.8838144,0.86497515,0.9032065,0.8851315,0.0283980425447225,0.01883924,0.020156324,0.019392133
MQAttn-QLSTM-VQR classical twin,1,3,0.8802966,0.8619721,0.9000354,0.8800405,0.0283980425447225,0.018324494,0.018068433,0.019738793
MQAttn-QLSTM-VQR classical twin,1,3,0.8744477,0.85729575,0.89506185,0.87251437,0.0283980425447225,0.017151952,0.0152186155,0.020614147
MQAttn-QLSTM-VQR classical twin,1,3,0.86964315,0.85295516,0.89043194,0.86982286,0.0283980425447225,0.01668799,0.016867697,0.020788789
MQAttn-QLSTM-VQR classical twin,1,3,0.86433333,0.8596125,0.8981538,0.86428213,0.0283980425447225,0.004720807,0.0046696067,0.03382045
MQAttn-QLSTM-VQR classical twin,1,3,0.86077255,0.86879915,0.9049773,0.86195016,0.0283980425447225,0.0080266,0.006848991,0.04420477
MQAttn-QLSTM-VQR classical twin,1,3,0.8569255,0.8695211,0.9049743,0.85698944,0.0283980425447225,0.012595594,0.012531638,0.048048794
MQAttn-QLSTM-VQR classical twin,1,3,0.8553339,0.86458755,0.9004858,0.8569851,0.0283980425447225,0.009253621,0.007602453,0.04515189
MQAttn-QLSTM-VQR classical twin,1,3,0.84930956,0.8571838,0.89320314,0.8467858,0.0283980425447225,0.00787425,0.01039803,0.043893576
MQAttn-QLSTM-VQR classical twin,1,3,0.84423184,0.85129905,0.88724357,0.84382886,0.0283980425447225,0.0070672035,0.0074701905,0.043011725
MQAttn-QLSTM-VQR classical twin,1,3,0.84046274,0.8481987,0.8838144,0.84153724,0.0283980425447225,0.0077359676,0.0066614747,0.04335165
MQAttn-QLSTM-VQR classical twin,1,3,0.8377034,0.84496516,0.8802966,0.8389635,0.0283980425447225,0.007261753,0.0060016513,0.04259318
MQAttn-QLSTM-VQR classical twin,1,3,0.83572984,0.8390993,0.8744477,0.836603,0.0283980425447225,0.0033694506,0.0024963021,0.038717866
MQAttn-QLSTM-VQR classical twin,1,3,0.8336611,0.83475435,0.86964315,0.83371836,0.0283980425447225,0.0010932684,0.0010359883,0.035982072
MQAttn-QLSTM-VQR classical twin,1,3,0.8312053,0.8300465,0.86433333,0.8311331,0.0283980425447225,0.0011588335,0.0010866523,0.033128023
MQAttn-QLSTM-VQR classical twin,1,3,0.82864463,0.8268619,0.86077255,0.82871217,0.0283980425447225,0.0017827153,0.0018502474,0.032127917
MQAttn-QLSTM-VQR classical twin,1,3,0.8261703,0.8232189,0.8569255,0.8262693,0.0283980425447225,0.0029514432,0.0030504465,0.030755162
MQAttn-QLSTM-VQR classical twin,1,3,0.82363427,0.8216152,0.8553339,0.82360876,0.0283980425447225,0.0020190477,0.001993537,0.031699657
MQAttn-QLSTM-VQR classical twin,1,3,0.818089,0.8161307,0.84930956,0.81578505,0.0283980425447225,0.0019583106,0.00034564734,0.031220555
MQAttn-QLSTM-VQR classical twin,1,3,0.81197864,0.81149673,0.84423184,0.81060666,0.0283980425447225,0.00048190355,0.00089007616,0.032253206
MQAttn-QLSTM-VQR classical twin,1,3,0.8074281,0.80806416,0.84046274,0.80821365,0.0283980425447225,0.00063604116,0.00014948845,0.033034623
MQAttn-QLSTM-VQR classical twin,1,3,0.8055459,0.8056575,0.8377034,0.80791175,0.0283980425447225,0.000111579895,0.0022542477,0.03215748
MQAttn-QLSTM-VQR classical twin,1,3,0.80594504,0.8039094,0.83572984,0.80836207,0.0283980425447225,0.0020356178,0.004452646,0.029784799
MQAttn-QLSTM-VQR classical twin,1,3,0.8054326,0.80201155,0.8336611,0.8054328,0.0283980425447225,0.0034210682,0.003421247,0.028228462
MQAttn-QLSTM-VQR classical twin,1,3,0.8022789,0.7997612,0.8312053,0.80033016,0.0283980425447225,0.0025177002,0.00056898594,0.028926432
MQAttn-QLSTM-VQR classical twin,1,3,0.7987294,0.797384,0.82864463,0.79795873,0.0283980425447225,0.001345396,0.000574708,0.029915214
MQAttn-QLSTM-VQR classical twin,1,3,0.79684913,0.7951926,0.8261703,0.798109,0.0283980425447225,0.0016565323,0.0029163957,0.029321194
MQAttn-QLSTM-VQR classical twin,1,3,0.7963717,0.79291046,0.82363427,0.79790324,0.0283980425447225,0.0034612417,0.004992783,0.027262568
MQAttn-QLSTM-VQR classical twin,1,3,0.7954084,0.7879634,0.818089,0.7953254,0.0283980425447225,0.0074450374,0.007362008,0.02268058
MQAttn-QLSTM-VQR classical twin,1,3,0.8051083,0.78211707,0.81197864,0.8129969,0.0283980425447225,0.02299124,0.030879855,0.0068703294
MQAttn-QLSTM-VQR classical twin,1,3,0.80884117,0.7780313,0.8074281,0.8078717,0.0283980425447225,0.03080988,0.02984041,0.0014130473
MQAttn-QLSTM-VQR classical twin,1,3,0.80748945,0.7765715,0.8055459,0.80283135,0.0283980425447225,0.030917943,0.02625984,0.0019435287
MQAttn-QLSTM-VQR classical twin,1,3,0.80217373,0.7774226,0.80594504,0.7974873,0.0283980425447225,0.024751127,0.020064712,0.003771305
MQAttn-QLSTM-VQR classical twin,1,3,0.79651886,0.77699584,0.8054326,0.7952051,0.0283980425447225,0.019523025,0.018209279,0.008913755
MQAttn-QLSTM-VQR classical twin,1,3,0.79199475,0.77406245,0.8022789,0.79267585,0.0283980425447225,0.017932296,0.018613398,0.010284126
MQAttn-QLSTM-VQR classical twin,1,3,0.78924036,0.77060866,0.7987294,0.78998685,0.0283980425447225,0.018631697,0.019378185,0.009489059
MQAttn-QLSTM-VQR classical twin,1,3,0.78723013,0.7686639,0.79684913,0.7876093,0.0283980425447225,0.01856625,0.018945396,0.009618998
MQAttn-QLSTM-VQR classical twin,1,3,0.78503144,0.7685039,0.7963717,0.7851283,0.0283980425447225,0.016527534,0.016624391,0.0113402605
MQAttn-QLSTM-VQR classical twin,1,3,0.78253603,0.7679065,0.7954084,0.782491,0.0283980425447225,0.014629543,0.014584541,0.012872398
MQAttn-QLSTM-VQR classical twin,1,3,0.77993685,0.7761334,0.8051083,0.7798777,0.0283980425447225,0.003803432,0.0037443042,0.025171459
MQAttn-QLSTM-VQR classical twin,1,3,0.77599007,0.7803699,0.80884117,0.77494884,0.0283980425447225,0.004379809,0.0054210424,0.0328511
MQAttn-QLSTM-VQR classical twin,1,3,0.77222395,0.7790821,0.80748945,0.77193856,0.0283980425447225,0.00685817,0.007143557,0.035265505
MQAttn-QLSTM-VQR classical twin,1,3,0.7707939,0.77415144,0.80217373,0.7725094,0.0283980425447225,0.0033575296,0.0016420484,0.03137982
MQAttn-QLSTM-VQR classical twin,1,3,0.7706384,0.7690394,0.79651886,0.772297,0.0283980425447225,0.0015990138,0.0032576323,0.025880456
MQAttn-QLSTM-VQR classical twin,1,3,0.7683169,0.765043,0.79199475,0.76715434,0.0283980425447225,0.0032739043,0.0021113157,0.023677826
MQAttn-QLSTM-VQR classical twin,1,3,0.7654176,0.7628155,0.78924036,0.7643802,0.0283980425447225,0.0026021004,0.0015647411,0.023822784
MQAttn-QLSTM-VQR classical twin,1,3,0.76368785,0.76101553,0.78723013,0.764463,0.0283980425447225,0.0026723146,0.003447473,0.023542285
MQAttn-QLSTM-VQR classical twin,1,3,0.76311773,0.7588799,0.78503144,0.7645458,0.0283980425447225,0.0042378306,0.0056658983,0.021913707
MQAttn-QLSTM-VQR classical twin,1,3,0.76200986,0.7563257,0.78253603,0.76195294,0.0283980425447225,0.0056841373,0.005627215,0.02052617
MQAttn-QLSTM-VQR classical twin,1,3,0.760172,0.7545147,0.77993685,0.7593338,0.0283980425447225,0.0056573153,0.004819095,0.01976484
MQAttn-QLSTM-VQR classical twin,1,3,0.75756514,0.7513019,0.77599007,0.75682414,0.0283980425447225,0.006263256,0.005522251,0.018424928
MQAttn-QLSTM-VQR classical twin,1,3,0.75604296,0.7480807,0.77222395,0.7568025,0.0283980425447225,0.0079622865,0.008721828,0.016180992
MQAttn-QLSTM-VQR classical twin,1,3,0.7557496,0.7466202,0.7707939,0.7569735,0.0283980425447225,0.009129405,0.010353327,0.015044332
MQAttn-QLSTM-VQR classical twin,1,3,0.76185095,0.746583,0.7706384,0.76697993,0.0283980425447225,0.015267968,0.020396948,0.008787453
MQAttn-QLSTM-VQR classical twin,1,3,0.7677142,0.7444676,0.7683169,0.7695686,0.0283980425447225,0.023246586,0.025101006,0.00060272217
MQAttn-QLSTM-VQR classical twin,1,3,0.76657194,0.74163735,0.7654176,0.7618124,0.0283980425447225,0.02493459,0.02017504,0.0011543632
MQAttn-QLSTM-VQR classical twin,1,3,0.7615486,0.7400133,0.76368785,0.75679064,0.0283980425447225,0.021535277,0.016777337,0.0021392703
MQAttn-QLSTM-VQR classical twin,1,3,0.75569904,0.73966616,0.76311773,0.75389254,0.0283980425447225,0.016032875,0.014226377,0.007418692
MQAttn-QLSTM-VQR classical twin,1,3,0.75102794,0.73887014,0.76200986,0.75159806,0.0283980425447225,0.012157798,0.012727916,0.010981917
MQAttn-QLSTM-VQR classical twin,1,3,0.7480198,0.73710203,0.760172,0.748911,0.0283980425447225,0.010917783,0.011808991,0.012152195
MQAttn-QLSTM-VQR classical twin,1,3,0.7459813,0.7345446,0.75756514,0.74642426,0.0283980425447225,0.011436701,0.011879683,0.011583865
MQAttn-QLSTM-VQR classical twin,1,3,0.74512553,0.733059,0.75604296,0.7462072,0.0283980425447225,0.012066543,0.013148189,0.010917425
MQAttn-QLSTM-VQR classical twin,1,3,0.7422724,0.73298585,0.7557496,0.74139374,0.0283980425447225,0.009286523,0.008407891,0.013477206
MQAttn-QLSTM-VQR classical twin,1,3,0.7405079,0.73849535,0.76185095,0.74095076,0.0283980425447225,0.0020125508,0.0024554133,0.021343052
MQAttn-QLSTM-VQR classical twin,1,3,0.7384795,0.7433229,0.7677142,0.73855776,0.0283980425447225,0.004843414,0.004765153,0.029234707
MQAttn-QLSTM-VQR classical twin,1,3,0.73618364,0.74271053,0.76657194,0.7360386,0.0283980425447225,0.0065268874,0.0066719055,0.030388296
MQAttn-QLSTM-VQR classical twin,1,3,0.73521596,0.7381166,0.7615486,0.736124,0.0283980425447225,0.00290066,0.0019926429,0.026332617
MQAttn-QLSTM-VQR classical twin,1,3,0.73362565,0.7327877,0.75569904,0.7335053,0.0283980425447225,0.0008379221,0.0007175803,0.022073388
MQAttn-QLSTM-VQR classical twin,1,3,0.7314052,0.72876483,0.75102794,0.7308836,0.0283980425447225,0.0026403666,0.0021187663,0.019622743
MQAttn-QLSTM-VQR classical twin,1,3,0.72882646,0.7262024,0.7480198,0.72834766,0.0283980425447225,0.0026240349,0.0021452308,0.019193351
MQAttn-QLSTM-VQR classical twin,1,3,0.7259889,0.724429,0.7459813,0.7256775,0.0283980425447225,0.0015599132,0.0012484789,0.019992352
MQAttn-QLSTM-VQR classical twin,1,3,0.724707,0.72357684,0.74512553,0.72580796,0.0283980425447225,0.0011301637,0.002231121,0.020418525
MQAttn-QLSTM-VQR classical twin,1,3,0.7232036,0.7206716,0.7422724,0.72340804,0.0283980425447225,0.0025320053,0.0027364492,0.019068778
MQAttn-QLSTM-VQR classical twin,1,3,0.7226833,0.71879023,0.7405079,0.72337854,0.0283980425447225,0.0038930774,0.004588306,0.01782459
MQAttn-QLSTM-VQR classical twin,1,3,0.719685,0.71796435,0.7384795,0.71812284,0.0283980425447225,0.0017206669,0.00015848875,0.018794477
MQAttn-QLSTM-VQR classical twin,1,3,0.71800894,0.71569806,0.73618364,0.7184077,0.0283980425447225,0.002310872,0.0027096272,0.018174708
MQAttn-QLSTM-VQR classical twin,1,3,0.7171656,0.7145617,0.73521596,0.7181473,0.0283980425447225,0.0026038885,0.003585577,0.018050373
MQAttn-QLSTM-VQR classical twin,1,3,0.718755,0.7133015,0.73362565,0.7209288,0.0283980425447225,0.005453527,0.0076273084,0.014870644
MQAttn-QLSTM-VQR classical twin,1,3,0.72310483,0.71142083,0.7314052,0.725932,0.0283980425447225,0.0116840005,0.014511168,0.008300364
MQAttn-QLSTM-VQR classical twin,1,3,0.72465795,0.70896244,0.72882646,0.723569,0.0283980425447225,0.015695512,0.014606535,0.0041685104
MQAttn-QLSTM-VQR classical twin,1,3,0.7205285,0.70620334,0.7259889,0.7158155,0.0283980425447225,0.014325142,0.009612143,0.005460441
MQAttn-QLSTM-VQR classical twin,1,3,0.7170407,0.70492744,0.724707,0.71590424,0.0283980425447225,0.012113273,0.010976791,0.00766629
MQAttn-QLSTM-VQR classical twin,1,3,0.7132811,0.7038419,0.7232036,0.71312815,0.0283980425447225,0.00943917,0.009286225,0.009922504
MQAttn-QLSTM-VQR classical twin,1,3,0.71165717,0.70332056,0.7226833,0.71304387,0.0283980425447225,0.008336604,0.009723306,0.011026144
MQAttn-QLSTM-VQR classical twin,1,3,0.7103631,0.70017594,0.719685,0.71063167,0.0283980425447225,0.010187149,0.010455728,0.009321928
MQAttn-QLSTM-VQR classical twin,1,3,0.70861834,0.6986199,0.71800894,0.7081636,0.0283980425447225,0.009998441,0.009543717,0.009390593
MQAttn-QLSTM-VQR classical twin,1,3,0.70765144,0.69809127,0.7171656,0.7082891,0.0283980425447225,0.009560168,0.010197818,0.009514153
MQAttn-QLSTM-VQR classical twin,1,3,0.70574105,0.69955707,0.718755,0.7054201,0.0283980425447225,0.006183982,0.005863011,0.013013959
MQAttn-QLSTM-VQR classical twin,1,3,0.7048901,0.70491105,0.72310483,0.7054975,0.0283980425447225,2.0980835e-05,0.0005864501,0.018214762
MQAttn-QLSTM-VQR classical twin,1,3,0.7033693,0.70577216,0.72465795,0.7030857,0.0283980425447225,0.002402842,0.002686441,0.021288633
MQAttn-QLSTM-VQR classical twin,1,3,0.7026702,0.70129025,0.7205285,0.7031679,0.0283980425447225,0.0013799667,0.0018776655,0.017858267
MQAttn-QLSTM-VQR classical twin,1,3,0.7008223,0.69798326,0.7170407,0.7002276,0.0283980425447225,0.0028390288,0.0022443533,0.016218424
MQAttn-QLSTM-VQR classical twin,1,3,0.7059301,0.6950701,0.7132811,0.7108933,0.0283980425447225,0.010860026,0.015823185,0.0073509812
MQAttn-QLSTM-VQR classical twin,1,3,0.7127742,0.69358855,0.71165717,0.71622765,0.0283980425447225,0.019185662,0.022639096,0.0011170506
QLSTM,1,3,0.9233131,0.9440759,0.93674636,0.92418945,0.0283980425447225,0.020762801,0.019886434,0.013433278
QLSTM,1,3,0.9324377,0.94324213,0.93510646,0.9403903,0.0283980425447225,0.010804415,0.0028518438,0.0026687384
QLSTM,1,3,0.93935573,0.94252956,0.93414265,0.94073606,0.0283980425447225,0.0031738281,0.0017935038,0.005213082
QLSTM,1,3,0.9430329,0.9244602,0.93110687,0.9405477,0.0283980425447225,0.018572748,0.016087532,0.011926055
QLSTM,1,3,0.94072247,0.93008614,0.92935526,0.9355045,0.0283980425447225,0.01063633,0.0054183602,0.011367202
QLSTM,1,3,0.9372632,0.9343433,0.92860776,0.9350998,0.0283980425447225,0.0029199123,0.00075650215,0.008655429
QLSTM,1,3,0.9348753,0.9361323,0.9286086,0.93533576,0.0283980425447225,0.0012570024,0.0007965565,0.006266713
QLSTM,1,3,0.931174,0.9363126,0.92887807,0.92980623,0.0283980425447225,0.0051386356,0.0065063834,0.0022959113
QLSTM,1,3,0.9295772,0.93351805,0.92613196,0.93001693,0.0283980425447225,0.0039408803,0.0035011172,0.003445208
QLSTM,1,3,0.9287688,0.93227977,0.9243155,0.92958266,0.0283980425447225,0.003510952,0.0026971102,0.0044533014
QLSTM,1,3,0.92549235,0.9303383,0.9233131,0.9240699,0.0283980425447225,0.004845977,0.0062684417,0.002179265
QLSTM,1,3,0.9239895,0.92799646,0.9324377,0.92460084,0.0283980425447225,0.004006982,0.003395617,0.008448243
QLSTM,1,3,0.9228785,0.93951786,0.93935573,0.9234752,0.0283980425447225,0.016639352,0.01604265,0.016477227
QLSTM,1,3,0.9196682,0.9461342,0.9430329,0.91841424,0.0283980425447225,0.026466012,0.027719975,0.023364723
QLSTM,1,3,0.91804296,0.9449256,0.94072247,0.918581,0.0283980425447225,0.026882648,0.026344597,0.022679508
QLSTM,1,3,0.9159304,0.9421213,0.9372632,0.91583616,0.0283980425447225,0.026190937,0.026285172,0.0213328
QLSTM,1,3,0.9119433,0.9398067,0.9348753,0.91057354,0.0283980425447225,0.027863383,0.029233158,0.022931993
QLSTM,1,3,0.9085056,0.9357662,0.931174,0.9082531,0.0283980425447225,0.027260602,0.027513146,0.022668362
QLSTM,1,3,0.9055188,0.93429005,0.9295772,0.90580285,0.0283980425447225,0.028771281,0.028487206,0.024058402
QLSTM,1,3,0.9027044,0.9324725,0.9287688,0.9030275,0.0283980425447225,0.02976811,0.029445052,0.026064396
QLSTM,1,3,0.9037355,0.9289515,0.92549235,0.9066021,0.0283980425447225,0.025215983,0.022349417,0.021756828
QLSTM,1,3,0.9032065,0.927372,0.9239895,0.9031321,0.0283980425447225,0.024165452,0.024239898,0.020782948
QLSTM,1,3,0.9000354,0.90993845,0.9228785,0.89791554,0.0283980425447225,0.009903073,0.0120229125,0.022843122
QLSTM,1,3,0.89506185,0.89930594,0.9196682,0.8929426,0.0283980425447225,0.004244089,0.0063633323,0.024606347
QLSTM,1,3,0.89043194,0.8936019,0.91804296,0.8901634,0.0283980425447225,0.0031699538,0.0034384727,0.027611017
QLSTM,1,3,0.8981538,0.8902872,0.9159304,0.9075378,0.0283980425447225,0.007866561,0.017250597,0.017776608
QLSTM,1,3,0.9049773,0.8858228,0.9119433,0.9078513,0.0283980425447225,0.019154549,0.022028506,0.006965995
QLSTM,1,3,0.9049743,0.8814299,0.9085056,0.9001216,0.0283980425447225,0.023544371,0.018691719,0.0035313368
QLSTM,1,3,0.9004858,0.8764083,0.9055188,0.8952238,0.0283980425447225,0.024077535,0.018815517,0.0050329566
QLSTM,1,3,0.89320314,0.8739213,0.9027044,0.8901715,0.0283980425447225,0.019281864,0.016250253,0.009501278
QLSTM,1,3,0.88724357,0.8750808,0.9037355,0.8876644,0.0283980425447225,0.012162745,0.012583554,0.01649195
QLSTM,1,3,0.8838144,0.8739418,0.9032065,0.8851315,0.0283980425447225,0.009872615,0.011189699,0.019392133
QLSTM,1,3,0.8802966,0.8714459,0.9000354,0.8800405,0.0283980425447225,0.008850694,0.008594632,0.019738793
QLSTM,1,3,0.8744477,0.866214,0.89506185,0.87251437,0.0283980425447225,0.008233726,0.0063003898,0.020614147
QLSTM,1,3,0.86964315,0.8612571,0.89043194,0.86982286,0.0283980425447225,0.0083860755,0.0085657835,0.020788789
QLSTM,1,3,0.86433333,0.86544,0.8981538,0.86428213,0.0283980425447225,0.0011066794,0.0011578798,0.03382045
QLSTM,1,3,0.86077255,0.8760026,0.9049773,0.86195016,0.0283980425447225,0.01523006,0.014052451,0.04420477
QLSTM,1,3,0.8569255,0.87712055,0.9049743,0.85698944,0.0283980425447225,0.020195067,0.020131111,0.048048794
QLSTM,1,3,0.8553339,0.8723355,0.9004858,0.8569851,0.0283980425447225,0.01700157,0.015350401,0.04515189
QLSTM,1,3,0.84930956,0.86440736,0.89320314,0.8467858,0.0283980425447225,0.015097797,0.017621577,0.043893576
QLSTM,1,3,0.84423184,0.8577794,0.88724357,0.84382886,0.0283980425447225,0.01354754,0.013950527,0.043011725
QLSTM,1,3,0.84046274,0.85377437,0.8838144,0.84153724,0.0283980425447225,0.0133116245,0.012237132,0.04335165
QLSTM,1,3,0.8377034,0.8501735,0.8802966,0.8389635,0.0283980425447225,0.012470067,0.011209965,0.04259318
QLSTM,1,3,0.83572984,0.8435265,0.8744477,0.836603,0.0283980425447225,0.007796645,0.0069234967,0.038717866
QLSTM,1,3,0.8336611,0.83779275,0.86964315,0.83371836,0.0283980425447225,0.0041316748,0.0040743947,0.035982072
QLSTM,1,3,0.8312053,0.832765,0.86433333,0.8311331,0.0283980425447225,0.0015596747,0.001631856,0.033128023
QLSTM,1,3,0.82864463,0.8291801,0.86077255,0.82871217,0.0283980425447225,0.0005354881,0.00046795607,0.032127917
QLSTM,1,3,0.8261703,0.825127,0.8569255,0.8262693,0.0283980425447225,0.0010433197,0.001142323,0.030755162
QLSTM,1,3,0.82363427,0.82331073,0.8553339,0.82360876,0.0283980425447225,0.000323534,0.00029802322,0.031699657
QLSTM,1,3,0.818089,0.8168361,0.84930956,0.81578505,0.0283980425447225,0.0012528896,0.0010510683,0.031220555
QLSTM,1,3,0.81197864,0.8119919,0.84423184,0.81060666,0.0283980425447225,1.3232231e-05,0.001385212,0.032253206
QLSTM,1,3,0.8074281,0.80812067,0.84046274,0.80821365,0.0283980425447225,0.00069254637,9.2983246e-05,0.033034623
QLSTM,1,3,0.8055459,0.8054989,0.8377034,0.80791175,0.0283980425447225,4.7028065e-05,0.0024128556,0.03215748
QLSTM,1,3,0.80594504,0.8034341,0.83572984,0.80836207,0.0283980425447225,0.0025109649,0.004927993,0.029784799
QLSTM,1,3,0.8054326,0.8014065,0.8336611,0.8054328,0.0283980425447225,0.004026115,0.0040262938,0.028228462
QLSTM,1,3,0.8022789,0.7989887,0.8312053,0.80033016,0.0283980425447225,0.0032901764,0.0013414621,0.028926432
QLSTM,1,3,0.7987294,0.7963246,0.82864463,0.79795873,0.0283980425447225,0.002404809,0.0016341209,0.029915214
QLSTM,1,3,0.79684913,0.794114,0.8261703,0.798109,0.0283980425447225,0.002735138,0.0039950013,0.029321194
QLSTM,1,3,0.7963717,0.79167503,0.82363427,0.79790324,0.0283980425447225,0.004696667,0.0062282085,0.027262568
QLSTM,1,3,0.7954084,0.78665096,0.818089,0.7953254,0.0283980425447225,0.008757472,0.008674443,0.02268058
QLSTM,1,3,0.8051083,0.7810212,0.81197864,0.8129969,0.0283980425447225,0.024087131,0.031975746,0.0068703294
QLSTM,1,3,0.80884117,0.7767858,0.8074281,0.8078717,0.0283980425447225,0.032055378,0.031085908,0.0014130473
QLSTM,1,3,0.80748945,0.7746313,0.8055459,0.80283135,0.0283980425447225,0.032858133,0.02820003,0.0019435287
QLSTM,1,3,0.80217373,0.7749769,0.80594504,0.7974873,0.0283980425447225,0.027196825,0.02251041,0.003771305
QLSTM,1,3,0.79651886,0.77472687,0.8054326,0.7952051,0.0283980425447225,0.021791995,0.020478249,0.008913755
QLSTM,1,3,0.79199475,0.77218276,0.8022789,0.79267585,0.0283980425447225,0.019811988,0.02049309,0.010284126
QLSTM,1,3,0.78924036,0.769034,0.7987294,0.78998685,0.0283980425447225,0.020206332,0.02095282,0.009489059
QLSTM,1,3,0.78723013,0.766885,0.79684913,0.7876093,0.0283980425447225,0.020345151,0.020724297,0.009618998
QLSTM,1,3,0.78503144,0.7662523,0.7963717,0.7851283,0.0283980425447225,0.018779159,0.018876016,0.0113402605
QLSTM,1,3,0.78253603,0.7654895,0.7954084,0.782491,0.0283980425447225,0.017046511,0.01700151,0.012872398
QLSTM,1,3,0.77993685,0.7736985,0.8051083,0.7798777,0.0283980425447225,0.0062383413,0.0061792135,0.025171459
QLSTM,1,3,0.77599007,0.7776531,0.80884117,0.77494884,0.0283980425447225,0.0016630292,0.0027042627,0.0328511
QLSTM,1,3,0.77222395,0.7764693,0.80748945,0.77193856,0.0283980425447225,0.004245341,0.004530728,0.035265505
QLSTM,1,3,0.7707939,0.77171856,0.80217373,0.7725094,0.0283980425447225,0.00092464685,0.0007908344,0.03137982
QLSTM,1,3,0.7706384,0.76680267,0.79651886,0.772297,0.0283980425447225,0.0038357377,0.005494356,0.025880456
QLSTM,1,3,0.7683169,0.76267236,0.79199475,0.76715434,0.0283980425447225,0.00564456,0.0044819713,0.023677826
QLSTM,1,3,0.7654176,0.760564,0.78924036,0.7643802,0.0283980425447225,0.0048535466,0.0038161874,0.023822784
QLSTM,1,3,0.76368785,0.75863886,0.78723013,0.764463,0.0283980425447225,0.0050489902,0.0058241487,0.023542285
QLSTM,1,3,0.76311773,0.7566424,0.78503144,0.7645458,0.0283980425447225,0.0064753294,0.007903397,0.021913707
QLSTM,1,3,0.76200986,0.75428724,0.78253603,0.76195294,0.0283980425447225,0.007722616,0.0076656938,0.02052617
QLSTM,1,3,0.760172,0.7518718,0.77993685,0.7593338,0.0283980425447225,0.008300185,0.007461965,0.01976484
QLSTM,1,3,0.75756514,0.7484502,0.77599007,0.75682414,0.0283980425447225,0.009114921,0.008373916,0.018424928
QLSTM,1,3,0.75604296,0.7463705,0.77222395,0.7568025,0.0283980425447225,0.009672463,0.010432005,0.016180992
QLSTM,1,3,0.7557496,0.74466294,0.7707939,0.7569735,0.0283980425447225,0.011086643,0.0123105645,0.015044332
QLSTM,1,3,0.76185095,0.7443121,0.7706384,0.76697993,0.0283980425447225,0.017538846,0.022667825,0.008787453
QLSTM,1,3,0.7677142,0.7425043,0.7683169,0.7695686,0.0283980425447225,0.025209904,0.027064323,0.00060272217
QLSTM,1,3,0.76657194,0.7401801,0.7654176,0.7618124,0.0283980425447225,0.026391864,0.021632314,0.0011543632
QLSTM,1,3,0.7615486,0.738472,0.76368785,0.75679064,0.0283980425447225,0.023076594,0.018318653,0.0021392703
QLSTM,1,3,0.75569904,0.73796064,0.76311773,0.75389254,0.0283980425447225,0.017738402,0.015931904,0.007418692
QLSTM,1,3,0.75102794,0.73721266,0.76200986,0.75159806,0.0283980425447225,0.013815284,0.014385402,0.010981917
QLSTM,1,3,0.7480198,0.7358296,0.760172,0.748911,0.0283980425447225,0.012190223,0.013081431,0.012152195
QLSTM,1,3,0.7459813,0.7337519,0.75756514,0.74642426,0.0283980425447225,0.012229383,0.012672365,0.011583865
QLSTM,1,3,0.74512553,0.73231477,0.75604296,0.7462072,0.0283980425447225,0.012810767,0.013892412,0.010917425
QLSTM,1,3,0.7422724,0.73189574,0.7557496,0.74139374,0.0283980425447225,0.010376632,0.009498,0.013477206
QLSTM,1,3,0.7405079,0.73727435,0.76185095,0.74095076,0.0283980425447225,0.003233552,0.0036764145,0.021343052
QLSTM,1,3,0.7384795,0.74155957,0.7677142,0.73855776,0.0283980425447225,0.00308007,0.0030018091,0.029234707
QLSTM,1,3,0.73618364,0.74096066,0.76657194,0.7360386,0.0283980425447225,0.0047770143,0.0049220324,0.030388296
QLSTM,1,3,0.73521596,0.73706484,0.7615486,0.736124,0.0283980425447225,0.0018488765,0.0009408593,0.026332617
QLSTM,1,3,0.73362565,0.73223805,0.75569904,0.7335053,0.0283980425447225,0.0013875961,0.0012672544,0.022073388
QLSTM,1,3,0.7314052,0.7285156,0.75102794,0.7308836,0.0283980425447225,0.0028895736,0.0023679733,0.019622743
QLSTM,1,3,0.72882646,0.72622335,0.7480198,0.72834766,0.0283980425447225,0.0026031137,0.0021243095,0.019193351
QLSTM,1,3,0.7259889,0.7246882,0.7459813,0.7256775,0.0283980425447225,0.0013007522,0.0009893179,0.019992352
QLSTM,1,3,0.724707,0.7241224,0.74512553,0.72580796,0.0283980425447225,0.00058460236,0.0016855597,0.020418525
QLSTM,1,3,0.7232036,0.72174627,0.7422724,0.72340804,0.0283980425447225,0.0014573336,0.0016617775,0.019068778
QLSTM,1,3,0.7226833,0.7201148,0.7405079,0.72337854,0.0283980425447225,0.0025684834,0.003263712,0.01782459
QLSTM,1,3,0.719685,0.7187917,0.7384795,0.71812284,0.0283980425447225,0.0008932948,0.0006688833,0.018794477
QLSTM,1,3,0.71800894,0.7175546,0.73618364,0.7184077,0.0283980425447225,0.0004543066,0.0008530617,0.018174708
QLSTM,1,3,0.7171656,0.7162955,0.73521596,0.7181473,0.0283980425447225,0.0008701086,0.0018517971,0.018050373
QLSTM,1,3,0.718755,0.71468043,0.73362565,0.7209288,0.0283980425447225,0.0040745735,0.006248355,0.014870644
QLSTM,1,3,0.72310483,0.71309185,0.7314052,0.725932,0.0283980425447225,0.010012984,0.012840152,0.008300364
QLSTM,1,3,0.72465795,0.7113817,0.72882646,0.723569,0.0283980425447225,0.013276279,0.012187302,0.0041685104
QLSTM,1,3,0.7205285,0.7092096,0.7259889,0.7158155,0.0283980425447225,0.011318862,0.0066058636,0.005460441
QLSTM,1,3,0.7170407,0.7078874,0.724707,0.71590424,0.0283980425447225,0.0091533065,0.008016825,0.00766629
QLSTM,1,3,0.7132811,0.7065371,0.7232036,0.71312815,0.0283980425447225,0.0067439675,0.006591022,0.009922504
QLSTM,1,3,0.71165717,0.7062592,0.7226833,0.71304387,0.0283980425447225,0.0053979754,0.0067846775,0.011026144
QLSTM,1,3,0.7103631,0.70406395,0.719685,0.71063167,0.0283980425447225,0.006299138,0.0065677166,0.009321928
QLSTM,1,3,0.70861834,0.7022816,0.71800894,0.7081636,0.0283980425447225,0.0063367486,0.0058820248,0.009390593
QLSTM,1,3,0.70765144,0.70144844,0.7171656,0.7082891,0.0283980425447225,0.006202996,0.0068406463,0.009514153
QLSTM,1,3,0.70574105,0.70291793,0.718755,0.7054201,0.0283980425447225,0.0028231144,0.0025021434,0.013013959
QLSTM,1,3,0.7048901,0.7067079,0.72310483,0.7054975,0.0283980425447225,0.0018178225,0.0012103915,0.018214762
QLSTM,1,3,0.7033693,0.70837575,0.72465795,0.7030857,0.0283980425447225,0.0050064325,0.0052900314,0.021288633
QLSTM,1,3,0.7026702,0.704866,0.7205285,0.7031679,0.0283980425447225,0.0021957755,0.0016980767,0.017858267
QLSTM,1,3,0.7008223,0.7018006,0.7170407,0.7002276,0.0283980425447225,0.000978291,0.0015729666,0.016218424
QLSTM,1,3,0.7059301,0.69913894,0.7132811,0.7108933,0.0283980425447225,0.0067911744,0.011754334,0.0073509812
QLSTM,1,3,0.7127742,0.69788796,0.71165717,0.71622765,0.0283980425447225,0.01488626,0.018339694,0.0011170506
LSTM,1,3,0.9233131,0.9268056,0.93674636,0.92418945,0.0283980425447225,0.0034925342,0.002616167,0.013433278
LSTM,1,3,0.9324377,0.92502165,0.93510646,0.9403903,0.0283980425447225,0.0074160695,0.01536864,0.0026687384
LSTM,1,3,0.93935573,0.92392284,0.93414265,0.94073606,0.0283980425447225,0.015432894,0.016813219,0.005213082
LSTM,1,3,0.9430329,0.92616504,0.93110687,0.9405477,0.0283980425447225,0.016867876,0.01438266,0.011926055
LSTM,1,3,0.94072247,0.9203182,0.92935526,0.9355045,0.0283980425447225,0.02040428,0.01518631,0.011367202
LSTM,1,3,0.9372632,0.9188524,0.92860776,0.9350998,0.0283980425447225,0.018410802,0.016247392,0.008655429
LSTM,1,3,0.9348753,0.91878235,0.9286086,0.93533576,0.0283980425447225,0.016092956,0.016553402,0.006266713
LSTM,1,3,0.931174,0.9198741,0.92887807,0.92980623,0.0283980425447225,0.011299908,0.00993216,0.0022959113
LSTM,1,3,0.9295772,0.9168795,0.92613196,0.93001693,0.0283980425447225,0.012697697,0.01313746,0.003445208
LSTM,1,3,0.9287688,0.9145477,0.9243155,0.92958266,0.0283980425447225,0.014221132,0.015034974,0.0044533014
LSTM,1,3,0.92549235,0.91417766,0.9233131,0.9240699,0.0283980425447225,0.01131469,0.009892225,0.002179265
LSTM,1,3,0.9239895,0.93029284,0.9324377,0.92460084,0.0283980425447225,0.00630337,0.005692005,0.008448243
LSTM,1,3,0.9228785,0.93468034,0.93935573,0.9234752,0.0283980425447225,0.011801839,0.011205137,0.016477227
LSTM,1,3,0.9196682,0.93809843,0.9430329,0.91841424,0.0283980425447225,0.018430233,0.019684196,0.023364723
LSTM,1,3,0.91804296,0.9366897,0.94072247,0.918581,0.0283980425447225,0.018646717,0.018108666,0.022679508
LSTM,1,3,0.9159304,0.93336296,0.9372632,0.91583616,0.0283980425447225,0.01743257,0.017526805,0.0213328
LSTM,1,3,0.9119433,0.9315731,0.9348753,0.91057354,0.0283980425447225,0.019629776,0.02099955,0.022931993
LSTM,1,3,0.9085056,0.9282747,0.931174,0.9082531,0.0283980425447225,0.019769073,0.020021617,0.022668362
LSTM,1,3,0.9055188,0.9268642,0.9295772,0.90580285,0.0283980425447225,0.021345437,0.02106136,0.024058402
LSTM,1,3,0.9027044,0.92707443,0.9287688,0.9030275,0.0283980425447225,0.024370015,0.024046957,0.026064396
LSTM,1,3,0.9037355,0.92403436,0.92549235,0.9066021,0.0283980425447225,0.020298839,0.017432272,0.021756828
LSTM,1,3,0.9032065,0.9226961,0.9239895,0.9031321,0.0283980425447225,0.019489586,0.019564033,0.020782948
LSTM,1,3,0.9000354,0.9127971,0.9228785,0.89791554,0.0283980425447225,0.012761712,0.014881551,0.022843122
LSTM,1,3,0.89506185,0.9027703,0.9196682,0.8929426,0.0283980425447225,0.0077084303,0.009827673,0.024606347
LSTM,1,3,0.89043194,0.8957921,0.91804296,0.8901634,0.0283980425447225,0.005360186,0.005628705,0.027611017
LSTM,1,3,0.8981538,0.8903308,0.9159304,0.9075378,0.0283980425447225,0.00782299,0.017207026,0.017776608
LSTM,1,3,0.9049773,0.8853488,0.9119433,0.9078513,0.0283980425447225,0.019628525,0.022502482,0.006965995
LSTM,1,3,0.9049743,0.88168335,0.9085056,0.9001216,0.0283980425447225,0.023290932,0.01843828,0.0035313368
LSTM,1,3,0.9004858,0.8772555,0.9055188,0.8952238,0.0283980425447225,0.023230314,0.017968297,0.0050329566
LSTM,1,3,0.89320314,0.87361467,0.9027044,0.8901715,0.0283980425447225,0.01958847,0.016556859,0.009501278
LSTM,1,3,0.88724357,0.8741983,0.9037355,0.8876644,0.0283980425447225,0.013045251,0.01346606,0.01649195
LSTM,1,3,0.8838144,0.8740907,0.9032065,0.8851315,0.0283980425447225,0.009723723,0.011040807,0.019392133
LSTM,1,3,0.8802966,0.8710449,0.9000354,0.8800405,0.0283980425447225,0.009251714,0.008995652,0.019738793
LSTM,1,3,0.8744477,0.86651075,0.89506185,0.87251437,0.0283980425447225,0.0079369545,0.0060036182,0.020614147
LSTM,1,3,0.86964315,0.8620558,0.89043194,0.86982286,0.0283980425447225,0.0075873733,0.0077670813,0.020788789
LSTM,1,3,0.86433333,0.8694122,0.8981538,0.86428213,0.0283980425447225,0.005078852,0.0051300526,0.03382045
LSTM,1,3,0.86077255,0.87138665,0.9049773,0.86195016,0.0283980425447225,0.010614097,0.009436488,0.04420477
LSTM,1,3,0.8569255,0.8721586,0.9049743,0.85698944,0.0283980425447225,0.015233099,0.015169144,0.048048794
LSTM,1,3,0.8553339,0.8692151,0.9004858,0.8569851,0.0283980425447225,0.013881147,0.012229979,0.04515189
LSTM,1,3,0.84930956,0.8628513,0.89320314,0.8467858,0.0283980425447225,0.013541758,0.016065538,0.043893576
LSTM,1,3,0.84423184,0.8575798,0.88724357,0.84382886,0.0283980425447225,0.013347983,0.01375097,0.043011725
LSTM,1,3,0.84046274,0.85368615,0.8838144,0.84153724,0.0283980425447225,0.01322341,0.012148917,0.04335165
LSTM,1,3,0.8377034,0.8496413,0.8802966,0.8389635,0.0283980425447225,0.011937916,0.0106778145,0.04259318
LSTM,1,3,0.83572984,0.8437715,0.8744477,0.836603,0.0283980425447225,0.00804168,0.0071685314,0.038717866
LSTM,1,3,0.8336611,0.8375327,0.86964315,0.83371836,0.0283980425447225,0.0038716197,0.0038143396,0.035982072
LSTM,1,3,0.8312053,0.8318316,0.86433333,0.8311331,0.0283980425447225,0.000626266,0.0006984472,0.033128023
LSTM,1,3,0.82864463,0.8281147,0.86077255,0.82871217,0.0283980425447225,0.0005299449,0.00059747696,0.032127917
LSTM,1,3,0.8261703,0.82434744,0.8569255,0.8262693,0.0283980425447225,0.0018228889,0.0019218922,0.030755162
LSTM,1,3,0.82363427,0.8230475,0.8553339,0.82360876,0.0283980425447225,0.0005867481,0.00056123734,0.031699657
LSTM,1,3,0.818089,0.81603914,0.84930956,0.81578505,0.0283980425447225,0.0020498633,0.0002540946,0.031220555
LSTM,1,3,0.81197864,0.8109589,0.84423184,0.81060666,0.0283980425447225,0.0010197163,0.00035226345,0.032253206
LSTM,1,3,0.8074281,0.8071816,0.84046274,0.80821365,0.0283980425447225,0.0002465248,0.0010320544,0.033034623
LSTM,1,3,0.8055459,0.80435175,0.8377034,0.80791175,0.0283980425447225,0.001194179,0.0035600066,0.03215748
LSTM,1,3,0.80594504,0.8022849,0.83572984,0.80836207,0.0283980425447225,0.0036601424,0.0060771704,0.029784799
LSTM,1,3,0.8054326,0.8005264,0.8336611,0.8054328,0.0283980425447225,0.004906237,0.004906416,0.028228462
LSTM,1,3,0.8022789,0.79838055,0.8312053,0.80033016,0.0283980425447225,0.0038983226,0.0019496083,0.028926432
LSTM,1,3,0.7987294,0.79639477,0.82864463,0.79795873,0.0283980425447225,0.0023346543,0.0015639663,0.029915214
LSTM,1,3,0.79684913,0.7940609,0.8261703,0.798109,0.0283980425447225,0.0027882457,0.004048109,0.029321194
LSTM,1,3,0.7963717,0.79190093,0.82363427,0.79790324,0.0283980425447225,0.0044707656,0.006002307,0.027262568
LSTM,1,3,0.7954084,0.78658766,0.818089,0.7953254,0.0283980425447225,0.008820772,0.008737743,0.02268058
LSTM,1,3,0.8051083,0.78174233,0.81197864,0.8129969,0.0283980425447225,0.023365974,0.03125459,0.0068703294
LSTM,1,3,0.80884117,0.77800846,0.8074281,0.8078717,0.0283980425447225,0.030832708,0.029863238,0.0014130473
LSTM,1,3,0.80748945,0.7770102,0.8055459,0.80283135,0.0283980425447225,0.030479252,0.02582115,0.0019435287
LSTM,1,3,0.80217373,0.7771118,0.80594504,0.7974873,0.0283980425447225,0.025061905,0.02037549,0.003771305
LSTM,1,3,0.79651886,0.7766282,0.8054326,0.7952051,0.0283980425447225,0.019890666,0.01857692,0.008913755
LSTM,1,3,0.79199475,0.7733259,0.8022789,0.79267585,0.0283980425447225,0.01866883,0.019349933,0.010284126
LSTM,1,3,0.78924036,0.770712,0.7987294,0.78998685,0.0283980425447225,0.018528342,0.01927483,0.009489059
LSTM,1,3,0.78723013,0.7702126,0.79684913,0.7876093,0.0283980425447225,0.017017543,0.017396688,0.009618998
LSTM,1,3,0.78503144,0.7697704,0.7963717,0.7851283,0.0283980425447225,0.015261054,0.015357912,0.0113402605
LSTM,1,3,0.78253603,0.7685152,0.7954084,0.782491,0.0283980425447225,0.014020801,0.013975799,0.012872398
LSTM,1,3,0.77993685,0.7772263,0.8051083,0.7798777,0.0283980425447225,0.0027105212,0.0026513934,0.025171459
LSTM,1,3,0.77599007,0.7790739,0.80884117,0.77494884,0.0283980425447225,0.003083825,0.0041250587,0.0328511
LSTM,1,3,0.77222395,0.77777046,0.80748945,0.77193856,0.0283980425447225,0.00554651,0.0058318973,0.035265505
LSTM,1,3,0.7707939,0.7731168,0.80217373,0.7725094,0.0283980425447225,0.0023229122,0.00060743093,0.03137982
LSTM,1,3,0.7706384,0.76858574,0.79651886,0.772297,0.0283980425447225,0.0020526648,0.0037112832,0.025880456
LSTM,1,3,0.7683169,0.76508224,0.79199475,0.76715434,0.0283980425447225,0.0032346845,0.0020720959,0.023677826
LSTM,1,3,0.7654176,0.76232016,0.78924036,0.7643802,0.0283980425447225,0.003097415,0.0020600557,0.023822784
LSTM,1,3,0.76368785,0.76091415,0.78723013,0.764463,0.0283980425447225,0.0027737021,0.0035488605,0.023542285
LSTM,1,3,0.76311773,0.75937283,0.78503144,0.7645458,0.0283980425447225,0.0037449002,0.005172968,0.021913707
LSTM,1,3,0.76200986,0.7576632,0.78253603,0.76195294,0.0283980425447225,0.0043466687,0.0042897463,0.02052617
LSTM,1,3,0.760172,0.7548887,0.77993685,0.7593338,0.0283980425447225,0.005283296,0.004445076,0.01976484
LSTM,1,3,0.75756514,0.75303954,0.77599007,0.75682414,0.0283980425447225,0.004525602,0.003784597,0.018424928
LSTM,1,3,0.75604296,0.7501588,0.77222395,0.7568025,0.0283980425447225,0.0058841705,0.0066437125,0.016180992
LSTM,1,3,0.7557496,0.7490811,0.7707939,0.7569735,0.0283980425447225,0.006668508,0.00789243,0.015044332
LSTM,1,3,0.76185095,0.7485165,0.7706384,0.76697993,0.0283980425447225,0.013334453,0.018463433,0.008787453
LSTM,1,3,0.7677142,0.7457557,0.7683169,0.7695686,0.0283980425447225,0.02195853,0.02381295,0.00060272217
LSTM,1,3,0.76657194,0.7432178,0.7654176,0.7618124,0.0283980425447225,0.023354113,0.018594563,0.0011543632
LSTM,1,3,0.7615486,0.7429239,0.76368785,0.75679064,0.0283980425447225,0.018624663,0.013866723,0.0021392703
LSTM,1,3,0.75569904,0.742441,0.76311773,0.75389254,0.0283980425447225,0.01325804,0.011451542,0.007418692
LSTM,1,3,0.75102794,0.74067146,0.76200986,0.75159806,0.0283980425447225,0.010356486,0.010926604,0.010981917
LSTM,1,3,0.7480198,0.73912936,0.760172,0.748911,0.0283980425447225,0.00889045,0.009781659,0.012152195
LSTM,1,3,0.7459813,0.73724085,0.75756514,0.74642426,0.0283980425447225,0.008740425,0.009183407,0.011583865
LSTM,1,3,0.74512553,0.73676175,0.75604296,0.7462072,0.0283980425447225,0.008363783,0.009445429,0.010917425
LSTM,1,3,0.7422724,0.7367191,0.7557496,0.74139374,0.0283980425447225,0.005553305,0.004674673,0.013477206
LSTM,1,3,0.7405079,0.74177724,0.76185095,0.74095076,0.0283980425447225,0.0012693405,0.000826478,0.021343052
LSTM,1,3,0.7384795,0.74714005,0.7677142,0.73855776,0.0283980425447225,0.008660555,0.008582294,0.029234707
LSTM,1,3,0.73618364,0.74498284,0.76657194,0.7360386,0.0283980425447225,0.008799195,0.008944213,0.030388296
LSTM,1,3,0.73521596,0.7399611,0.7615486,0.736124,0.0283980425447225,0.004745126,0.0038371086,0.026332617
LSTM,1,3,0.73362565,0.73524815,0.75569904,0.7335053,0.0283980425447225,0.001622498,0.0017428398,0.022073388
LSTM,1,3,0.7314052,0.73135114,0.75102794,0.7308836,0.0283980425447225,5.4061413e-05,0.00046753883,0.019622743
LSTM,1,3,0.72882646,0.7291355,0.7480198,0.72834766,0.0283980425447225,0.00030905008,0.0007878542,0.019193351
LSTM,1,3,0.7259889,0.7276671,0.7459813,0.7256775,0.0283980425447225,0.0016781688,0.001989603,0.019992352
LSTM,1,3,0.724707,0.7270144,0.74512553,0.72580796,0.0283980425447225,0.002307415,0.0012064576,0.020418525
LSTM,1,3,0.7232036,0.72458583,0.7422724,0.72340804,0.0283980425447225,0.0013822317,0.0011777878,0.019068778
LSTM,1,3,0.7226833,0.7229437,0.7405079,0.72337854,0.0283980425447225,0.0002604127,0.00043481588,0.01782459
LSTM,1,3,0.719685,0.7209153,0.7384795,0.71812284,0.0283980425447225,0.0012302995,0.0027924776,0.018794477
LSTM,1,3,0.71800894,0.71861947,0.73618364,0.7184077,0.0283980425447225,0.0006105304,0.0002117753,0.018174708
LSTM,1,3,0.7171656,0.7176518,0.73521596,0.7181473,0.0283980425447225,0.0004861951,0.0004954934,0.018050373
LSTM,1,3,0.718755,0.7160615,0.73362565,0.7209288,0.0283980425447225,0.002693534,0.0048673153,0.014870644
LSTM,1,3,0.72310483,0.713841,0.7314052,0.725932,0.0283980425447225,0.0092638135,0.012090981,0.008300364
LSTM,1,3,0.72465795,0.7112623,0.72882646,0.723569,0.0283980425447225,0.013395667,0.01230669,0.0041685104
LSTM,1,3,0.7205285,0.70842475,0.7259889,0.7158155,0.0283980425447225,0.012103736,0.0073907375,0.005460441
LSTM,1,3,0.7170407,0.70714283,0.724707,0.71590424,0.0283980425447225,0.009897888,0.008761406,0.00766629
LSTM,1,3,0.7132811,0.7056394,0.7232036,0.71312815,0.0283980425447225,0.007641673,0.0074887276,0.009922504
LSTM,1,3,0.71165717,0.70511913,0.7226833,0.71304387,0.0283980425447225,0.0065380335,0.007924736,0.011026144
LSTM,1,3,0.7103631,0.70212084,0.719685,0.71063167,0.0283980425447225,0.0082422495,0.008510828,0.009321928
LSTM,1,3,0.70861834,0.70044476,0.71800894,0.7081636,0.0283980425447225,0.008173585,0.007718861,0.009390593
LSTM,1,3,0.70765144,0.6996014,0.7171656,0.7082891,0.0283980425447225,0.0080500245,0.008687675,0.009514153
LSTM,1,3,0.70574105,0.7011908,0.718755,0.7054201,0.0283980425447225,0.0045502186,0.0042292476,0.013013959
LSTM,1,3,0.7048901,0.70554066,0.72310483,0.7054975,0.0283980425447225,0.0006505847,4.3153763e-05,0.018214762
LSTM,1,3,0.7033693,0.7070938,0.72465795,0.7030857,0.0283980425447225,0.0037244558,0.0040080547,0.021288633
LSTM,1,3,0.7026702,0.7029643,0.7205285,0.7031679,0.0283980425447225,0.00029408932,0.00020360947,0.017858267
LSTM,1,3,0.7008223,0.69947654,0.7170407,0.7002276,0.0283980425447225,0.0013457537,0.0007510781,0.016218424
LSTM,1,3,0.7059301,0.6957169,0.7132811,0.7108933,0.0283980425447225,0.010213196,0.015176356,0.0073509812
LSTM,1,3,0.7127742,0.694093,0.71165717,0.71622765,0.0283980425447225,0.018681228,0.022134662,0.0011170506
GRU,1,3,0.9233131,0.9597886,0.93674636,0.92418945,0.0283980425447225,0.03647554,0.035599172,0.013433278
GRU,1,3,0.9324377,0.9602438,0.93510646,0.9403903,0.0283980425447225,0.027806103,0.019853532,0.0026687384
GRU,1,3,0.93935573,0.9586577,0.93414265,0.94073606,0.0283980425447225,0.019301951,0.017921627,0.005213082
GRU,1,3,0.9430329,0.9365544,0.93110687,0.9405477,0.0283980425447225,0.006478548,0.0039933324,0.011926055
GRU,1,3,0.94072247,0.948247,0.92935526,0.9355045,0.0283980425447225,0.00752455,0.012742519,0.011367202
GRU,1,3,0.9372632,0.9527594,0.92860776,0.9350998,0.0283980425447225,0.015496194,0.017659605,0.008655429
GRU,1,3,0.9348753,0.9536927,0.9286086,0.93533576,0.0283980425447225,0.018817365,0.01835692,0.006266713
GRU,1,3,0.931174,0.95291036,0.92887807,0.92980623,0.0283980425447225,0.021736383,0.023104131,0.0022959113
GRU,1,3,0.9295772,0.9496974,0.92613196,0.93001693,0.0283980425447225,0.020120203,0.01968044,0.003445208
GRU,1,3,0.9287688,0.95062435,0.9243155,0.92958266,0.0283980425447225,0.021855533,0.021041691,0.0044533014
GRU,1,3,0.92549235,0.94749993,0.9233131,0.9240699,0.0283980425447225,0.022007585,0.02343005,0.002179265
GRU,1,3,0.9239895,0.93022996,0.9324377,0.92460084,0.0283980425447225,0.006240487,0.0056291223,0.008448243
GRU,1,3,0.9228785,0.9511242,0.93935573,0.9234752,0.0283980425447225,0.028245687,0.027648985,0.016477227
GRU,1,3,0.9196682,0.9580048,0.9430329,0.91841424,0.0283980425447225,0.038336575,0.039590538,0.023364723
GRU,1,3,0.91804296,0.9561987,0.94072247,0.918581,0.0283980425447225,0.038155735,0.037617683,0.022679508
GRU,1,3,0.9159304,0.95219594,0.9372632,0.91583616,0.0283980425447225,0.036265552,0.036359787,0.0213328
GRU,1,3,0.9119433,0.9486352,0.9348753,0.91057354,0.0283980425447225,0.036691904,0.03806168,0.022931993
GRU,1,3,0.9085056,0.94411796,0.931174,0.9082531,0.0283980425447225,0.035612345,0.03586489,0.022668362
GRU,1,3,0.9055188,0.94213897,0.9295772,0.90580285,0.0283980425447225,0.0366202,0.036336124,0.024058402
GRU,1,3,0.9027044,0.9396305,0.9287688,0.9030275,0.0283980425447225,0.03692609,0.036603034,0.026064396
GRU,1,3,0.9037355,0.9367675,0.92549235,0.9066021,0.0283980425447225,0.033032,0.030165434,0.021756828
GRU,1,3,0.9032065,0.93513036,0.9239895,0.9031321,0.0283980425447225,0.03192383,0.031998277,0.020782948
GRU,1,3,0.9000354,0.90317595,0.9228785,0.89791554,0.0283980425447225,0.0031405687,0.005260408,0.022843122
GRU,1,3,0.89506185,0.90218264,0.9196682,0.8929426,0.0283980425447225,0.007120788,0.009240031,0.024606347
GRU,1,3,0.89043194,0.9035996,0.91804296,0.8901634,0.0283980425447225,0.013167679,0.013436198,0.027611017
GRU,1,3,0.8981538,0.9044776,0.9159304,0.9075378,0.0283980425447225,0.0063238144,0.0030602217,0.017776608
GRU,1,3,0.9049773,0.90212554,0.9119433,0.9078513,0.0283980425447225,0.0028517842,0.0057257414,0.006965995
GRU,1,3,0.9049743,0.8959644,0.9085056,0.9001216,0.0283980425447225,0.009009898,0.004157245,0.0035313368
GRU,1,3,0.9004858,0.89075786,0.9055188,0.8952238,0.0283980425447225,0.009727955,0.0044659376,0.0050329566
GRU,1,3,0.89320314,0.8881892,0.9027044,0.8901715,0.0283980425447225,0.0050139427,0.0019823313,0.009501278
GRU,1,3,0.88724357,0.88843125,0.9037355,0.8876644,0.0283980425447225,0.0011876822,0.00076687336,0.01649195
GRU,1,3,0.8838144,0.8871489,0.9032065,0.8851315,0.0283980425447225,0.0033345222,0.0020174384,0.019392133
GRU,1,3,0.8802966,0.8842857,0.9000354,0.8800405,0.0283980425447225,0.0039891005,0.004245162,0.019738793
GRU,1,3,0.8744477,0.8794083,0.89506185,0.87251437,0.0283980425447225,0.0049605966,0.006893933,0.020614147
GRU,1,3,0.86964315,0.87453955,0.89043194,0.86982286,0.0283980425447225,0.0048964024,0.0047166944,0.020788789
GRU,1,3,0.86433333,0.8808516,0.8981538,0.86428213,0.0283980425447225,0.016518295,0.016569495,0.03382045
GRU,1,3,0.86077255,0.8842009,0.9049773,0.86195016,0.0283980425447225,0.02342832,0.022250712,0.04420477
GRU,1,3,0.8569255,0.88511,0.9049743,0.85698944,0.0283980425447225,0.028184533,0.028120577,0.048048794
GRU,1,3,0.8553339,0.8825333,0.9004858,0.8569851,0.0283980425447225,0.027199388,0.02554822,0.04515189
GRU,1,3,0.84930956,0.876578,0.89320314,0.8467858,0.0283980425447225,0.02726841,0.02979219,0.043893576
GRU,1,3,0.84423184,0.87148064,0.88724357,0.84382886,0.0283980425447225,0.0272488,0.027651787,0.043011725
GRU,1,3,0.84046274,0.86884403,0.8838144,0.84153724,0.0283980425447225,0.028381288,0.027306795,0.04335165
GRU,1,3,0.8377034,0.86402977,0.8802966,0.8389635,0.0283980425447225,0.026326358,0.025066257,0.04259318
GRU,1,3,0.83572984,0.8576703,0.8744477,0.836603,0.0283980425447225,0.02194047,0.021067321,0.038717866
GRU,1,3,0.8336611,0.8509941,0.86964315,0.83371836,0.0283980425447225,0.01733303,0.01727575,0.035982072
GRU,1,3,0.8312053,0.84528214,0.86433333,0.8311331,0.0283980425447225,0.014076829,0.01414901,0.033128023
GRU,1,3,0.82864463,0.84120375,0.86077255,0.82871217,0.0283980425447225,0.012559116,0.012491584,0.032127917
GRU,1,3,0.8261703,0.8367743,0.8569255,0.8262693,0.0283980425447225,0.010603964,0.010504961,0.030755162
GRU,1,3,0.82363427,0.83509266,0.8553339,0.82360876,0.0283980425447225,0.011458397,0.011483908,0.031699657
GRU,1,3,0.818089,0.8282796,0.84930956,0.81578505,0.0283980425447225,0.010190606,0.012494564,0.031220555
GRU,1,3,0.81197864,0.8232573,0.84423184,0.81060666,0.0283980425447225,0.011278689,0.012650669,0.032253206
GRU,1,3,0.8074281,0.8191729,0.84046274,0.80821365,0.0283980425447225,0.011744797,0.010959268,0.033034623
GRU,1,3,0.8055459,0.8162857,0.8377034,0.80791175,0.0283980425447225,0.010739803,0.008373976,0.03215748
GRU,1,3,0.80594504,0.8137292,0.83572984,0.80836207,0.0283980425447225,0.007784188,0.00536716,0.029784799
GRU,1,3,0.8054326,0.8114124,0.8336611,0.8054328,0.0283980425447225,0.0059797764,0.0059795976,0.028228462
GRU,1,3,0.8022789,0.80888844,0.8312053,0.80033016,0.0283980425447225,0.006609559,0.008558273,0.028926432
GRU,1,3,0.7987294,0.8062002,0.82864463,0.79795873,0.0283980425447225,0.0074707866,0.008241475,0.029915214
GRU,1,3,0.79684913,0.8040732,0.8261703,0.798109,0.0283980425447225,0.007224083,0.0059642196,0.029321194
GRU,1,3,0.7963717,0.80155885,0.82363427,0.79790324,0.0283980425447225,0.005187154,0.0036556125,0.027262568
GRU,1,3,0.7954084,0.7967554,0.818089,0.7953254,0.0283980425447225,0.0013469458,0.001429975,0.02268058
GRU,1,3,0.8051083,0.79237777,0.81197864,0.8129969,0.0283980425447225,0.012730539,0.020619154,0.0068703294
GRU,1,3,0.80884117,0.78864205,0.8074281,0.8078717,0.0283980425447225,0.02019912,0.01922965,0.0014130473
GRU,1,3,0.80748945,0.78584087,0.8055459,0.80283135,0.0283980425447225,0.021648586,0.016990483,0.0019435287
GRU,1,3,0.80217373,0.78428257,0.80594504,0.7974873,0.0283980425447225,0.017891169,0.013204753,0.003771305
GRU,1,3,0.79651886,0.7833799,0.8054326,0.7952051,0.0283980425447225,0.01313895,0.011825204,0.008913755
GRU,1,3,0.79199475,0.7810254,0.8022789,0.79267585,0.0283980425447225,0.010969341,0.011650443,0.010284126
GRU,1,3,0.78924036,0.7788771,0.7987294,0.78998685,0.0283980425447225,0.010363281,0.011109769,0.009489059
GRU,1,3,0.78723013,0.77763766,0.79684913,0.7876093,0.0283980425447225,0.0095924735,0.009971619,0.009618998
GRU,1,3,0.78503144,0.7762366,0.7963717,0.7851283,0.0283980425447225,0.008794844,0.008891702,0.0113402605
GRU,1,3,0.78253603,0.7743929,0.7954084,0.782491,0.0283980425447225,0.008143127,0.008098125,0.012872398
GRU,1,3,0.77993685,0.78171545,0.8051083,0.7798777,0.0283980425447225,0.0017786026,0.0018377304,0.025171459
GRU,1,3,0.77599007,0.78338426,0.80884117,0.77494884,0.0283980425447225,0.0073941946,0.008435428,0.0328511
GRU,1,3,0.77222395,0.782465,0.80748945,0.77193856,0.0283980425447225,0.010241032,0.010526419,0.035265505
GRU,1,3,0.7707939,0.77922183,0.80217373,0.7725094,0.0283980425447225,0.008427918,0.0067124367,0.03137982
GRU,1,3,0.7706384,0.77566785,0.79651886,0.772297,0.0283980425447225,0.00502944,0.0033708215,0.025880456
GRU,1,3,0.7683169,0.77197915,0.79199475,0.76715434,0.0283980425447225,0.0036622286,0.004824817,0.023677826
GRU,1,3,0.7654176,0.77012086,0.78924036,0.7643802,0.0283980425447225,0.0047032833,0.0057406425,0.023822784
GRU,1,3,0.76368785,0.7675604,0.78723013,0.764463,0.0283980425447225,0.0038725734,0.003097415,0.023542285
GRU,1,3,0.76311773,0.76552224,0.78503144,0.7645458,0.0283980425447225,0.002404511,0.0009764433,0.021913707
GRU,1,3,0.76200986,0.7633798,0.78253603,0.76195294,0.0283980425447225,0.0013699532,0.0014268756,0.02052617
GRU,1,3,0.760172,0.7597112,0.77993685,0.7593338,0.0283980425447225,0.0004608035,0.0003774166,0.01976484
GRU,1,3,0.75756514,0.75444126,0.77599007,0.75682414,0.0283980425447225,0.0031238794,0.0023828745,0.018424928
GRU,1,3,0.75604296,0.7552242,0.77222395,0.7568025,0.0283980425447225,0.0008187294,0.0015782714,0.016180992
GRU,1,3,0.7557496,0.75320613,0.7707939,0.7569735,0.0283980425447225,0.0025434494,0.0037673712,0.015044332
GRU,1,3,0.76185095,0.75155497,0.7706384,0.76697993,0.0283980425447225,0.010295987,0.015424967,0.008787453
GRU,1,3,0.7677142,0.7494063,0.7683169,0.7695686,0.0283980425447225,0.018307924,0.020162344,0.00060272217
GRU,1,3,0.76657194,0.7478845,0.7654176,0.7618124,0.0283980425447225,0.018687427,0.013927877,0.0011543632
GRU,1,3,0.7615486,0.7461612,0.76368785,0.75679064,0.0283980425447225,0.015387356,0.0106294155,0.0021392703
GRU,1,3,0.75569904,0.74533796,0.76311773,0.75389254,0.0283980425447225,0.010361075,0.008554578,0.007418692
GRU,1,3,0.75102794,0.74385476,0.76200986,0.75159806,0.0283980425447225,0.0071731806,0.007743299,0.010981917
GRU,1,3,0.7480198,0.74244595,0.760172,0.748911,0.0283980425447225,0.0055738688,0.0064650774,0.012152195
GRU,1,3,0.7459813,0.74108803,0.75756514,0.74642426,0.0283980425447225,0.0048932433,0.005336225,0.011583865
GRU,1,3,0.74512553,0.7400953,0.75604296,0.7462072,0.0283980425447225,0.005030215,0.0061118603,0.010917425
GRU,1,3,0.7422724,0.7392148,0.7557496,0.74139374,0.0283980425447225,0.003057599,0.002178967,0.013477206
GRU,1,3,0.7405079,0.74341553,0.76185095,0.74095076,0.0283980425447225,0.0029076338,0.0024647713,0.021343052
GRU,1,3,0.7384795,0.7474984,0.7677142,0.73855776,0.0283980425447225,0.009018898,0.008940637,0.029234707
GRU,1,3,0.73618364,0.7466033,0.76657194,0.7360386,0.0283980425447225,0.010419667,0.010564685,0.030388296
GRU,1,3,0.73521596,0.74371105,0.7615486,0.736124,0.0283980425447225,0.008495092,0.0075870752,0.026332617
GRU,1,3,0.73362565,0.73974,0.75569904,0.7335053,0.0283980425447225,0.0061143637,0.0062347054,0.022073388
GRU,1,3,0.7314052,0.7364582,0.75102794,0.7308836,0.0283980425447225,0.0050529838,0.005574584,0.019622743
GRU,1,3,0.72882646,0.7339853,0.7480198,0.72834766,0.0283980425447225,0.0051588416,0.0056376457,0.019193351
GRU,1,3,0.7259889,0.7324359,0.7459813,0.7256775,0.0283980425447225,0.0064469576,0.006758392,0.019992352
GRU,1,3,0.724707,0.73187953,0.74512553,0.72580796,0.0283980425447225,0.007172525,0.0060715675,0.020418525
GRU,1,3,0.7232036,0.72984385,0.7422724,0.72340804,0.0283980425447225,0.0066402555,0.0064358115,0.019068778
GRU,1,3,0.7226833,0.72870404,0.7405079,0.72337854,0.0283980425447225,0.006020725,0.005325496,0.01782459
GRU,1,3,0.719685,0.7249321,0.7384795,0.71812284,0.0283980425447225,0.0052470565,0.0068092346,0.018794477
GRU,1,3,0.71800894,0.72502506,0.73618364,0.7184077,0.0283980425447225,0.0070161223,0.0066173673,0.018174708
GRU,1,3,0.7171656,0.7240903,0.73521596,0.7181473,0.0283980425447225,0.006924689,0.0059430003,0.018050373
GRU,1,3,0.718755,0.721635,0.73362565,0.7209288,0.0283980425447225,0.0028799772,0.00070619583,0.014870644
GRU,1,3,0.72310483,0.7194669,0.7314052,0.725932,0.0283980425447225,0.00363791,0.0064650774,0.008300364
GRU,1,3,0.72465795,0.7182389,0.72882646,0.723569,0.0283980425447225,0.0064190626,0.0053300858,0.0041685104
GRU,1,3,0.7205285,0.7169249,0.7259889,0.7158155,0.0283980425447225,0.0036035776,0.0011094213,0.005460441
GRU,1,3,0.7170407,0.7160562,0.724707,0.71590424,0.0283980425447225,0.0009844899,0.00015199184,0.00766629
GRU,1,3,0.7132811,0.7142048,0.7232036,0.71312815,0.0283980425447225,0.0009236932,0.0010766387,0.009922504
GRU,1,3,0.71165717,0.7136595,0.7226833,0.71304387,0.0283980425447225,0.0020023584,0.0006156564,0.011026144
GRU,1,3,0.7103631,0.7123299,0.719685,0.71063167,0.0283980425447225,0.001966834,0.0016982555,0.009321928
GRU,1,3,0.70861834,0.71120423,0.71800894,0.7081636,0.0283980425447225,0.002585888,0.0030406117,0.009390593
GRU,1,3,0.70765144,0.7100119,0.7171656,0.7082891,0.0283980425447225,0.0023604631,0.0017228127,0.009514153
GRU,1,3,0.70574105,0.7111267,0.718755,0.7054201,0.0283980425447225,0.0053856373,0.0057066083,0.013013959
GRU,1,3,0.7048901,0.7119627,0.72310483,0.7054975,0.0283980425447225,0.0070726275,0.0064651966,0.018214762
GRU,1,3,0.7033693,0.71476305,0.72465795,0.7030857,0.0283980425447225,0.011393726,0.011677325,0.021288633
GRU,1,3,0.7026702,0.7120637,0.7205285,0.7031679,0.0283980425447225,0.009393513,0.008895814,0.017858267
GRU,1,3,0.7008223,0.70970815,0.7170407,0.7002276,0.0283980425447225,0.00888586,0.009480536,0.016218424
GRU,1,3,0.7059301,0.7062677,0.7132811,0.7108933,0.0283980425447225,0.0003376007,0.004625559,0.0073509812
GRU,1,3,0.7127742,0.7058623,0.71165717,0.71622765,0.0283980425447225,0.0069119334,0.010365367,0.0011170506
MLP,1,3,0.9233131,0.94988006,0.93674636,0.92418945,0.0283980425447225,0.026566982,0.025690615,0.013433278
MLP,1,3,0.9324377,0.95081145,0.93510646,0.9403903,0.0283980425447225,0.018373728,0.010421157,0.0026687384
MLP,1,3,0.93935573,0.9504807,0.93414265,0.94073606,0.0283980425447225,0.0111249685,0.009744644,0.005213082
MLP,1,3,0.9430329,0.93546957,0.93110687,0.9405477,0.0283980425447225,0.0075633526,0.005078137,0.011926055
MLP,1,3,0.94072247,0.9382442,0.92935526,0.9355045,0.0283980425447225,0.002478242,0.0027397275,0.011367202
MLP,1,3,0.9372632,0.9494362,0.92860776,0.9350998,0.0283980425447225,0.012172997,0.014336407,0.008655429
MLP,1,3,0.9348753,0.94777524,0.9286086,0.93533576,0.0283980425447225,0.012899935,0.012439489,0.006266713
MLP,1,3,0.931174,0.94799757,0.92887807,0.92980623,0.0283980425447225,0.01682359,0.018191338,0.0022959113
MLP,1,3,0.9295772,0.9265956,0.92613196,0.93001693,0.0283980425447225,0.0029815435,0.0034213066,0.003445208
MLP,1,3,0.9287688,0.9404787,0.9243155,0.92958266,0.0283980425447225,0.011709869,0.010896027,0.0044533014
MLP,1,3,0.92549235,0.93885094,0.9233131,0.9240699,0.0283980425447225,0.013358593,0.014781058,0.002179265
MLP,1,3,0.9239895,0.9393978,0.9324377,0.92460084,0.0283980425447225,0.015408337,0.014796972,0.008448243
MLP,1,3,0.9228785,0.9462047,0.93935573,0.9234752,0.0283980425447225,0.023326218,0.022729516,0.016477227
MLP,1,3,0.9196682,0.9561991,0.9430329,0.91841424,0.0283980425447225,0.036530912,0.037784874,0.023364723
MLP,1,3,0.91804296,0.951328,0.94072247,0.918581,0.0283980425447225,0.03328502,0.03274697,0.022679508
MLP,1,3,0.9159304,0.952008,0.9372632,0.91583616,0.0283980425447225,0.03607762,0.036171854,0.0213328
MLP,1,3,0.9119433,0.9353097,0.9348753,0.91057354,0.0283980425447225,0.023366392,0.024736166,0.022931993
MLP,1,3,0.9085056,0.9393795,0.931174,0.9082531,0.0283980425447225,0.030873895,0.03112644,0.022668362
MLP,1,3,0.9055188,0.93921506,0.9295772,0.90580285,0.0283980425447225,0.033696294,0.033412218,0.024058402
MLP,1,3,0.9027044,0.9371664,0.9287688,0.9030275,0.0283980425447225,0.034461975,0.034138918,0.026064396
MLP,1,3,0.9037355,0.93345094,0.92549235,0.9066021,0.0283980425447225,0.029715419,0.026848853,0.021756828
MLP,1,3,0.9032065,0.9322749,0.9239895,0.9031321,0.0283980425447225,0.02906835,0.029142797,0.020782948
MLP,1,3,0.9000354,0.9241021,0.9228785,0.89791554,0.0283980425447225,0.024066746,0.026186585,0.022843122
MLP,1,3,0.89506185,0.9023999,0.9196682,0.8929426,0.0283980425447225,0.007338047,0.00945729,0.024606347
MLP,1,3,0.89043194,0.90060043,0.91804296,0.8901634,0.0283980425447225,0.010168493,0.010437012,0.027611017
MLP,1,3,0.8981538,0.90510994,0.9159304,0.9075378,0.0283980425447225,0.00695616,0.002427876,0.017776608
MLP,1,3,0.9049773,0.9050565,0.9119433,0.9078513,0.0283980425447225,7.915497e-05,0.0027948022,0.006965995
MLP,1,3,0.9049743,0.8881606,0.9085056,0.9001216,0.0283980425447225,0.016813695,0.011961043,0.0035313368
MLP,1,3,0.9004858,0.88361627,0.9055188,0.8952238,0.0283980425447225,0.016869545,0.011607528,0.0050329566
MLP,1,3,0.89320314,0.88158756,0.9027044,0.8901715,0.0283980425447225,0.011615574,0.008583963,0.009501278
MLP,1,3,0.88724357,0.88299954,0.9037355,0.8876644,0.0283980425447225,0.0042440295,0.0046648383,0.01649195
MLP,1,3,0.8838144,0.8822086,0.9032065,0.8851315,0.0283980425447225,0.0016058087,0.0029228926,0.019392133
MLP,1,3,0.8802966,0.878481,0.9000354,0.8800405,0.0283980425447225,0.0018156171,0.0015595555,0.019738793
MLP,1,3,0.8744477,0.8726144,0.89506185,0.87251437,0.0283980425447225,0.0018333197,0.000100016594,0.020614147
MLP,1,3,0.86964315,0.8680085,0.89043194,0.86982286,0.0283980425447225,0.0016346574,0.0018143654,0.020788789
MLP,1,3,0.86433333,0.87398463,0.8981538,0.86428213,0.0283980425447225,0.009651303,0.009702504,0.03382045
MLP,1,3,0.86077255,0.8736272,0.9049773,0.86195016,0.0283980425447225,0.012854636,0.011677027,0.04420477
MLP,1,3,0.8569255,0.8761631,0.9049743,0.85698944,0.0283980425447225,0.019237638,0.019173682,0.048048794
MLP,1,3,0.8553339,0.8697273,0.9004858,0.8569851,0.0283980425447225,0.014393389,0.012742221,0.04515189
MLP,1,3,0.84930956,0.86757004,0.89320314,0.8467858,0.0283980425447225,0.018260479,0.020784259,0.043893576
MLP,1,3,0.84423184,0.8631901,0.88724357,0.84382886,0.0283980425447225,0.01895827,0.019361258,0.043011725
MLP,1,3,0.84046274,0.8641512,0.8838144,0.84153724,0.0283980425447225,0.023688436,0.022613943,0.04335165
MLP,1,3,0.8377034,0.85943997,0.8802966,0.8389635,0.0283980425447225,0.021736562,0.02047646,0.04259318
MLP,1,3,0.83572984,0.85223633,0.8744477,0.836603,0.0283980425447225,0.016506493,0.015633345,0.038717866
MLP,1,3,0.8336611,0.846147,0.86964315,0.83371836,0.0283980425447225,0.012485921,0.012428641,0.035982072
MLP,1,3,0.8312053,0.84083056,0.86433333,0.8311331,0.0283980425447225,0.009625256,0.009697437,0.033128023
MLP,1,3,0.82864463,0.8362532,0.86077255,0.82871217,0.0283980425447225,0.0076085925,0.0075410604,0.032127917
MLP,1,3,0.8261703,0.83176035,0.8569255,0.8262693,0.0283980425447225,0.0055900216,0.0054910183,0.030755162
MLP,1,3,0.82363427,0.82944965,0.8553339,0.82360876,0.0283980425447225,0.005815387,0.0058408976,0.031699657
MLP,1,3,0.818089,0.82264245,0.84930956,0.81578505,0.0283980425447225,0.0045534372,0.006857395,0.031220555
MLP,1,3,0.81197864,0.81748503,0.84423184,0.81060666,0.0283980425447225,0.0055063963,0.006878376,0.032253206
MLP,1,3,0.8074281,0.8128545,0.84046274,0.80821365,0.0283980425447225,0.005426407,0.0046408772,0.033034623
MLP,1,3,0.8055459,0.80931675,0.8377034,0.80791175,0.0283980425447225,0.0037708282,0.0014050007,0.03215748
MLP,1,3,0.80594504,0.80725914,0.83572984,0.80836207,0.0283980425447225,0.0013141036,0.0011029243,0.029784799
MLP,1,3,0.8054326,0.8042753,0.8336611,0.8054328,0.0283980425447225,0.0011573434,0.0011575222,0.028228462
MLP,1,3,0.8022789,0.8018493,0.8312053,0.80033016,0.0283980425447225,0.00042957067,0.0015191436,0.028926432
MLP,1,3,0.7987294,0.7992669,0.82864463,0.79795873,0.0283980425447225,0.0005374551,0.0013081431,0.029915214
MLP,1,3,0.79684913,0.7971537,0.8261703,0.798109,0.0283980425447225,0.00030457973,0.00095528364,0.029321194
MLP,1,3,0.7963717,0.79465365,0.82363427,0.79790324,0.0283980425447225,0.0017180443,0.0032495856,0.027262568
MLP,1,3,0.7954084,0.78956,0.818089,0.7953254,0.0283980425447225,0.0058484077,0.0057653785,0.02268058
MLP,1,3,0.8051083,0.78530425,0.81197864,0.8129969,0.0283980425447225,0.01980406,0.027692676,0.0068703294
MLP,1,3,0.80884117,0.78123796,0.8074281,0.8078717,0.0283980425447225,0.027603209,0.02663374,0.0014130473
MLP,1,3,0.80748945,0.7797911,0.8055459,0.80283135,0.0283980425447225,0.027698338,0.023040235,0.0019435287
MLP,1,3,0.80217373,0.77866393,0.80594504,0.7974873,0.0283980425447225,0.0235098,0.018823385,0.003771305
MLP,1,3,0.79651886,0.7766045,0.8054326,0.7952051,0.0283980425447225,0.019914389,0.018600643,0.008913755
MLP,1,3,0.79199475,0.772332,0.8022789,0.79267585,0.0283980425447225,0.019662738,0.02034384,0.010284126
MLP,1,3,0.78924036,0.7699727,0.7987294,0.78998685,0.0283980425447225,0.019267678,0.020014167,0.009489059
MLP,1,3,0.78723013,0.7703796,0.79684913,0.7876093,0.0283980425447225,0.016850531,0.017229676,0.009618998
MLP,1,3,0.78503144,0.7703672,0.7963717,0.7851283,0.0283980425447225,0.014664233,0.01476109,0.0113402605
MLP,1,3,0.78253603,0.7687653,0.7954084,0.782491,0.0283980425447225,0.013770759,0.013725758,0.012872398
MLP,1,3,0.77993685,0.77573806,0.8051083,0.7798777,0.0283980425447225,0.0041987896,0.004139662,0.025171459
MLP,1,3,0.77599007,0.7736172,0.80884117,0.77494884,0.0283980425447225,0.002372861,0.0013316274,0.0328511
MLP,1,3,0.77222395,0.7720976,0.80748945,0.77193856,0.0283980425447225,0.00012636185,0.00015902519,0.035265505
MLP,1,3,0.7707939,0.7688614,0.80217373,0.7725094,0.0283980425447225,0.0019325018,0.003647983,0.03137982
MLP,1,3,0.7706384,0.76704586,0.79651886,0.772297,0.0283980425447225,0.0035925508,0.005251169,0.025880456
MLP,1,3,0.7683169,0.76602125,0.79199475,0.76715434,0.0283980425447225,0.002295673,0.0011330843,0.023677826
MLP,1,3,0.7654176,0.7656729,0.78924036,0.7643802,0.0283980425447225,0.0002553463,0.0012927055,0.023822784
MLP,1,3,0.76368785,0.7624961,0.78723013,0.764463,0.0283980425447225,0.0011917353,0.0019668937,0.023542285
MLP,1,3,0.76311773,0.76033807,0.78503144,0.7645458,0.0283980425447225,0.0027796626,0.0042077303,0.021913707
MLP,1,3,0.76200986,0.7584825,0.78253603,0.76195294,0.0283980425447225,0.0035273433,0.0034704208,0.02052617
MLP,1,3,0.760172,0.7559935,0.77993685,0.7593338,0.0283980425447225,0.004178524,0.003340304,0.01976484
MLP,1,3,0.75756514,0.7502017,0.77599007,0.75682414,0.0283980425447225,0.0073634386,0.0066224337,0.018424928
MLP,1,3,0.75604296,0.7559373,0.77222395,0.7568025,0.0283980425447225,0.000105679035,0.000865221,0.016180992
MLP,1,3,0.7557496,0.74949324,0.7707939,0.7569735,0.0283980425447225,0.006256342,0.0074802637,0.015044332
MLP,1,3,0.76185095,0.74917793,0.7706384,0.76697993,0.0283980425447225,0.01267302,0.017802,0.008787453
MLP,1,3,0.7677142,0.74454826,0.7683169,0.7695686,0.0283980425447225,0.023165941,0.025020361,0.00060272217
MLP,1,3,0.76657194,0.7409398,0.7654176,0.7618124,0.0283980425447225,0.025632143,0.020872593,0.0011543632
MLP,1,3,0.7615486,0.74349856,0.76368785,0.75679064,0.0283980425447225,0.018050015,0.013292074,0.0021392703
MLP,1,3,0.75569904,0.7435963,0.76311773,0.75389254,0.0283980425447225,0.012102723,0.010296226,0.007418692
MLP,1,3,0.75102794,0.7422371,0.76200986,0.75159806,0.0283980425447225,0.008790851,0.009360969,0.010981917
MLP,1,3,0.7480198,0.73994625,0.760172,0.748911,0.0283980425447225,0.008073568,0.008964777,0.012152195
MLP,1,3,0.7459813,0.73810196,0.75756514,0.74642426,0.0283980425447225,0.007879317,0.0083222985,0.011583865
MLP,1,3,0.74512553,0.7379008,0.75604296,0.7462072,0.0283980425447225,0.0072247386,0.008306384,0.010917425
MLP,1,3,0.7422724,0.738474,0.7557496,0.74139374,0.0283980425447225,0.0037983656,0.0029197335,0.013477206
MLP,1,3,0.7405079,0.74273914,0.76185095,0.74095076,0.0283980425447225,0.0022312403,0.0017883778,0.021343052
MLP,1,3,0.7384795,0.7458302,0.7677142,0.73855776,0.0283980425447225,0.007350683,0.0072724223,0.029234707
MLP,1,3,0.73618364,0.7424628,0.76657194,0.7360386,0.0283980425447225,0.0062791705,0.0064241886,0.030388296
MLP,1,3,0.73521596,0.73861146,0.7615486,0.736124,0.0283980425447225,0.0033954978,0.0024874806,0.026332617
MLP,1,3,0.73362565,0.73672426,0.75569904,0.7335053,0.0283980425447225,0.003098607,0.0032189488,0.022073388
MLP,1,3,0.7314052,0.7349566,0.75102794,0.7308836,0.0283980425447225,0.0035514235,0.004073024,0.019622743
MLP,1,3,0.72882646,0.73412114,0.7480198,0.72834766,0.0283980425447225,0.0052946806,0.0057734847,0.019193351
MLP,1,3,0.7259889,0.7333014,0.7459813,0.7256775,0.0283980425447225,0.0073124766,0.007623911,0.019992352
MLP,1,3,0.724707,0.731628,0.74512553,0.72580796,0.0283980425447225,0.0069209933,0.005820036,0.020418525
MLP,1,3,0.7232036,0.7285832,0.7422724,0.72340804,0.0283980425447225,0.005379617,0.0051751733,0.019068778
MLP,1,3,0.7226833,0.7273924,0.7405079,0.72337854,0.0283980425447225,0.004709065,0.0040138364,0.01782459
MLP,1,3,0.719685,0.7253316,0.7384795,0.71812284,0.0283980425447225,0.0056465864,0.0072087646,0.018794477
MLP,1,3,0.71800894,0.7275023,0.73618364,0.7184077,0.0283980425447225,0.009493351,0.009094596,0.018174708
MLP,1,3,0.7171656,0.722145,0.73521596,0.7181473,0.0283980425447225,0.0049794316,0.003997743,0.018050373
MLP,1,3,0.718755,0.7158082,0.73362565,0.7209288,0.0283980425447225,0.002946794,0.0051205754,0.014870644
MLP,1,3,0.72310483,0.71659774,0.7314052,0.725932,0.0283980425447225,0.0065070987,0.009334266,0.008300364
MLP,1,3,0.72465795,0.7146733,0.72882646,0.723569,0.0283980425447225,0.009984672,0.008895695,0.0041685104
MLP,1,3,0.7205285,0.7118025,0.7259889,0.7158155,0.0283980425447225,0.008726001,0.004013002,0.005460441
MLP,1,3,0.7170407,0.71254915,0.724707,0.71590424,0.0283980425447225,0.0044915676,0.0033550858,0.00766629
MLP,1,3,0.7132811,0.71198285,0.7232036,0.71312815,0.0283980425447225,0.0012982488,0.0011453032,0.009922504
MLP,1,3,0.71165717,0.7092588,0.7226833,0.71304387,0.0283980425447225,0.0023983717,0.0037850738,0.011026144
MLP,1,3,0.7103631,0.7054419,0.719685,0.71063167,0.0283980425447225,0.004921198,0.0051897764,0.009321928
MLP,1,3,0.70861834,0.7044906,0.71800894,0.7081636,0.0283980425447225,0.004127741,0.003673017,0.009390593
MLP,1,3,0.70765144,0.70482224,0.7171656,0.7082891,0.0283980425447225,0.002829194,0.0034668446,0.009514153
MLP,1,3,0.70574105,0.704726,0.718755,0.7054201,0.0283980425447225,0.0010150671,0.0006940961,0.013013959
MLP,1,3,0.7048901,0.70275444,0.72310483,0.7054975,0.0283980425447225,0.0021356344,0.0027430654,0.018214762
MLP,1,3,0.7033693,0.70896494,0.72465795,0.7030857,0.0283980425447225,0.0055956244,0.0058792233,0.021288633
MLP,1,3,0.7026702,0.70048285,0.7205285,0.7031679,0.0283980425447225,0.0021873713,0.00268507,0.017858267
MLP,1,3,0.7008223,0.69769734,0.7170407,0.7002276,0.0283980425447225,0.0031249523,0.0025302768,0.016218424
MLP,1,3,0.7059301,0.70083594,0.7132811,0.7108933,0.0283980425447225,0.0050941706,0.01005733,0.0073509812
MLP,1,3,0.7127742,0.70294005,0.71165717,0.71622765,0.0283980425447225,0.00983417,0.013287604,0.0011170506
Seq2Seq,1,3,0.9233131,0.9492005,0.93674636,0.92418945,0.0283980425447225,0.02588743,0.025011063,0.013433278
Seq2Seq,1,3,0.9324377,0.9481374,0.93510646,0.9403903,0.0283980425447225,0.015699685,0.0077471137,0.0026687384
Seq2Seq,1,3,0.93935573,0.94704765,0.93414265,0.94073606,0.0283980425447225,0.00769192,0.0063115954,0.005213082
Seq2Seq,1,3,0.9430329,0.9408104,0.93110687,0.9405477,0.0283980425447225,0.002222538,0.00026267767,0.011926055
Seq2Seq,1,3,0.94072247,0.9412117,0.92935526,0.9355045,0.0283980425447225,0.0004892349,0.0057072043,0.011367202
Seq2Seq,1,3,0.9372632,0.9412979,0.92860776,0.9350998,0.0283980425447225,0.004034698,0.006198108,0.008655429
Seq2Seq,1,3,0.9348753,0.9409665,0.9286086,0.93533576,0.0283980425447225,0.0060911775,0.0056307316,0.006266713
Seq2Seq,1,3,0.931174,0.93948156,0.92887807,0.92980623,0.0283980425447225,0.008307576,0.009675324,0.0022959113
Seq2Seq,1,3,0.9295772,0.93419677,0.92613196,0.93001693,0.0283980425447225,0.0046195984,0.0041798353,0.003445208
Seq2Seq,1,3,0.9287688,0.93778485,0.9243155,0.92958266,0.0283980425447225,0.009016037,0.008202195,0.0044533014
Seq2Seq,1,3,0.92549235,0.93640333,0.9233131,0.9240699,0.0283980425447225,0.010910988,0.012333453,0.002179265
Seq2Seq,1,3,0.9239895,0.9364145,0.9324377,0.92460084,0.0283980425447225,0.012425005,0.011813641,0.008448243
Seq2Seq,1,3,0.9228785,0.94337976,0.93935573,0.9234752,0.0283980425447225,0.020501256,0.019904554,0.016477227
Seq2Seq,1,3,0.9196682,0.94670933,0.9430329,0.91841424,0.0283980425447225,0.027041137,0.0282951,0.023364723
Seq2Seq,1,3,0.91804296,0.9424869,0.94072247,0.918581,0.0283980425447225,0.024443924,0.023905873,0.022679508
Seq2Seq,1,3,0.9159304,0.9366115,0.9372632,0.91583616,0.0283980425447225,0.020681083,0.020775318,0.0213328
Seq2Seq,1,3,0.9119433,0.93088835,0.9348753,0.91057354,0.0283980425447225,0.018945038,0.020314813,0.022931993
Seq2Seq,1,3,0.9085056,0.93066907,0.931174,0.9082531,0.0283980425447225,0.02216345,0.022415996,0.022668362
Seq2Seq,1,3,0.9055188,0.92858624,0.9295772,0.90580285,0.0283980425447225,0.023067474,0.022783399,0.024058402
Seq2Seq,1,3,0.9027044,0.9265134,0.9287688,0.9030275,0.0283980425447225,0.023808956,0.023485899,0.026064396
Seq2Seq,1,3,0.9037355,0.9230619,0.92549235,0.9066021,0.0283980425447225,0.019326389,0.016459823,0.021756828
Seq2Seq,1,3,0.9032065,0.92122716,0.9239895,0.9031321,0.0283980425447225,0.01802063,0.018095076,0.020782948
Seq2Seq,1,3,0.9000354,0.9138387,0.9228785,0.89791554,0.0283980425447225,0.013803303,0.015923142,0.022843122
Seq2Seq,1,3,0.89506185,0.9003868,0.9196682,0.8929426,0.0283980425447225,0.0053249598,0.007444203,0.024606347
Seq2Seq,1,3,0.89043194,0.8944946,0.91804296,0.8901634,0.0283980425447225,0.0040626526,0.0043311715,0.027611017
Seq2Seq,1,3,0.8981538,0.8949037,0.9159304,0.9075378,0.0283980425447225,0.0032500625,0.0126340985,0.017776608
Seq2Seq,1,3,0.9049773,0.8957389,0.9119433,0.9078513,0.0283980425447225,0.009238422,0.012112379,0.006965995
Seq2Seq,1,3,0.9049743,0.8939222,0.9085056,0.9001216,0.0283980425447225,0.011052072,0.0061994195,0.0035313368
Seq2Seq,1,3,0.9004858,0.89021534,0.9055188,0.8952238,0.0283980425447225,0.010270476,0.005008459,0.0050329566
Seq2Seq,1,3,0.89320314,0.88798964,0.9027044,0.8901715,0.0283980425447225,0.005213499,0.0021818876,0.009501278
Seq2Seq,1,3,0.88724357,0.8889842,0.9037355,0.8876644,0.0283980425447225,0.0017406344,0.0013198256,0.01649195
Seq2Seq,1,3,0.8838144,0.8879884,0.9032065,0.8851315,0.0283980425447225,0.004173994,0.0028569102,0.019392133
Seq2Seq,1,3,0.8802966,0.8849864,0.9000354,0.8800405,0.0283980425447225,0.0046898127,0.004945874,0.019738793
Seq2Seq,1,3,0.8744477,0.88003695,0.89506185,0.87251437,0.0283980425447225,0.0055892467,0.007522583,0.020614147
Seq2Seq,1,3,0.86964315,0.8760511,0.89043194,0.86982286,0.0283980425447225,0.006407976,0.006228268,0.020788789
Seq2Seq,1,3,0.86433333,0.8783747,0.8981538,0.86428213,0.0283980425447225,0.014041364,0.014092565,0.03382045
Seq2Seq,1,3,0.86077255,0.8777077,0.9049773,0.86195016,0.0283980425447225,0.01693517,0.01575756,0.04420477
Seq2Seq,1,3,0.8569255,0.8792894,0.9049743,0.85698944,0.0283980425447225,0.022363901,0.022299945,0.048048794
Seq2Seq,1,3,0.8553339,0.8767081,0.9004858,0.8569851,0.0283980425447225,0.021374166,0.019722998,0.04515189
Seq2Seq,1,3,0.84930956,0.87119794,0.89320314,0.8467858,0.0283980425447225,0.021888375,0.024412155,0.043893576
Seq2Seq,1,3,0.84423184,0.8669577,0.88724357,0.84382886,0.0283980425447225,0.02272588,0.023128867,0.043011725
Seq2Seq,1,3,0.84046274,0.8671865,0.8838144,0.84153724,0.0283980425447225,0.026723742,0.02564925,0.04335165
Seq2Seq,1,3,0.8377034,0.8654502,0.8802966,0.8389635,0.0283980425447225,0.027746797,0.026486695,0.04259318
Seq2Seq,1,3,0.83572984,0.85984707,0.8744477,0.836603,0.0283980425447225,0.024117231,0.023244083,0.038717866
Seq2Seq,1,3,0.8336611,0.85040265,0.86964315,0.83371836,0.0283980425447225,0.016741574,0.016684294,0.035982072
Seq2Seq,1,3,0.8312053,0.84454995,0.86433333,0.8311331,0.0283980425447225,0.0133446455,0.013416827,0.033128023
Seq2Seq,1,3,0.82864463,0.8411283,0.86077255,0.82871217,0.0283980425447225,0.012483656,0.012416124,0.032127917
Seq2Seq,1,3,0.8261703,0.8379544,0.8569255,0.8262693,0.0283980425447225,0.011784077,0.011685073,0.030755162
Seq2Seq,1,3,0.82363427,0.83450055,0.8553339,0.82360876,0.0283980425447225,0.010866284,0.010891795,0.031699657
Seq2Seq,1,3,0.818089,0.8263132,0.84930956,0.81578505,0.0283980425447225,0.008224189,0.010528147,0.031220555
Seq2Seq,1,3,0.81197864,0.8223397,0.84423184,0.81060666,0.0283980425447225,0.010361075,0.011733055,0.032253206
Seq2Seq,1,3,0.8074281,0.8185393,0.84046274,0.80821365,0.0283980425447225,0.0111112,0.01032567,0.033034623
Seq2Seq,1,3,0.8055459,0.8145618,0.8377034,0.80791175,0.0283980425447225,0.009015858,0.0066500306,0.03215748
Seq2Seq,1,3,0.80594504,0.81178427,0.83572984,0.80836207,0.0283980425447225,0.0058392286,0.0034222007,0.029784799
Seq2Seq,1,3,0.8054326,0.8089197,0.8336611,0.8054328,0.0283980425447225,0.0034871101,0.0034869313,0.028228462
Seq2Seq,1,3,0.8022789,0.80625474,0.8312053,0.80033016,0.0283980425447225,0.003975868,0.0059245825,0.028926432
Seq2Seq,1,3,0.7987294,0.80330503,0.82864463,0.79795873,0.0283980425447225,0.00457561,0.005346298,0.029915214
Seq2Seq,1,3,0.79684913,0.8010739,0.8261703,0.798109,0.0283980425447225,0.004224777,0.0029649138,0.029321194
Seq2Seq,1,3,0.7963717,0.798914,0.82363427,0.79790324,0.0283980425447225,0.002542317,0.0010107756,0.027262568
Seq2Seq,1,3,0.7954084,0.7951921,0.818089,0.7953254,0.0283980425447225,0.00021630526,0.00013327599,0.02268058
Seq2Seq,1,3,0.8051083,0.79286826,0.81197864,0.8129969,0.0283980425447225,0.012240052,0.020128667,0.0068703294
Seq2Seq,1,3,0.80884117,0.7887693,0.8074281,0.8078717,0.0283980425447225,0.020071864,0.019102395,0.0014130473
Seq2Seq,1,3,0.80748945,0.7855433,0.8055459,0.80283135,0.0283980425447225,0.021946132,0.01728803,0.0019435287
Seq2Seq,1,3,0.80217373,0.7814436,0.80594504,0.7974873,0.0283980425447225,0.020730138,0.016043723,0.003771305
Seq2Seq,1,3,0.79651886,0.77963036,0.8054326,0.7952051,0.0283980425447225,0.0168885,0.015574753,0.008913755
Seq2Seq,1,3,0.79199475,0.7768104,0.8022789,0.79267585,0.0283980425447225,0.015184343,0.015865445,0.010284126
Seq2Seq,1,3,0.78924036,0.7758564,0.7987294,0.78998685,0.0283980425447225,0.013383985,0.014130473,0.009489059
Seq2Seq,1,3,0.78723013,0.77415097,0.79684913,0.7876093,0.0283980425447225,0.013079166,0.013458312,0.009618998
Seq2Seq,1,3,0.78503144,0.77130944,0.7963717,0.7851283,0.0283980425447225,0.0137220025,0.01381886,0.0113402605
Seq2Seq,1,3,0.78253603,0.76898426,0.7954084,0.782491,0.0283980425447225,0.013551772,0.01350677,0.012872398
Seq2Seq,1,3,0.77993685,0.77280456,0.8051083,0.7798777,0.0283980425447225,0.007132292,0.007073164,0.025171459
Seq2Seq,1,3,0.77599007,0.7690955,0.80884117,0.77494884,0.0283980425447225,0.0068945885,0.005853355,0.0328511
Seq2Seq,1,3,0.77222395,0.76840043,0.80748945,0.77193856,0.0283980425447225,0.0038235188,0.0035381317,0.035265505
Seq2Seq,1,3,0.7707939,0.76780033,0.80217373,0.7725094,0.0283980425447225,0.0029935837,0.004709065,0.03137982
Seq2Seq,1,3,0.7706384,0.76756585,0.79651886,0.772297,0.0283980425447225,0.0030725598,0.0047311783,0.025880456
Seq2Seq,1,3,0.7683169,0.7677485,0.79199475,0.76715434,0.0283980425447225,0.0005684495,0.0005941391,0.023677826
Seq2Seq,1,3,0.7654176,0.76664555,0.78924036,0.7643802,0.0283980425447225,0.0012279749,0.0022653341,0.023822784
Seq2Seq,1,3,0.76368785,0.7644082,0.78723013,0.764463,0.0283980425447225,0.00072032213,5.4836273e-05,0.023542285
Seq2Seq,1,3,0.76311773,0.7617171,0.78503144,0.7645458,0.0283980425447225,0.0014006495,0.0028287172,0.021913707
Seq2Seq,1,3,0.76200986,0.76013887,0.78253603,0.76195294,0.0283980425447225,0.0018709898,0.0018140674,0.02052617
Seq2Seq,1,3,0.760172,0.7534191,0.77993685,0.7593338,0.0283980425447225,0.006752908,0.005914688,0.01976484
Seq2Seq,1,3,0.75756514,0.7456048,0.77599007,0.75682414,0.0283980425447225,0.011960328,0.011219323,0.018424928
Seq2Seq,1,3,0.75604296,0.7500068,0.77222395,0.7568025,0.0283980425447225,0.0060361624,0.0067957044,0.016180992
Seq2Seq,1,3,0.7557496,0.7492261,0.7707939,0.7569735,0.0283980425447225,0.00652349,0.0077474117,0.015044332
Seq2Seq,1,3,0.76185095,0.7473619,0.7706384,0.76697993,0.0283980425447225,0.014489055,0.019618034,0.008787453
Seq2Seq,1,3,0.7677142,0.74608624,0.7683169,0.7695686,0.0283980425447225,0.021627963,0.023482382,0.00060272217
Seq2Seq,1,3,0.76657194,0.7387009,0.7654176,0.7618124,0.0283980425447225,0.027871013,0.023111463,0.0011543632
Seq2Seq,1,3,0.7615486,0.74153763,0.76368785,0.75679064,0.0283980425447225,0.020010948,0.015253007,0.0021392703
Seq2Seq,1,3,0.75569904,0.7390282,0.76311773,0.75389254,0.0283980425447225,0.016670823,0.0148643255,0.007418692
Seq2Seq,1,3,0.75102794,0.7374045,0.76200986,0.75159806,0.0283980425447225,0.013623416,0.014193535,0.010981917
Seq2Seq,1,3,0.7480198,0.7375062,0.760172,0.748911,0.0283980425447225,0.010513604,0.011404812,0.012152195
Seq2Seq,1,3,0.7459813,0.7360663,0.75756514,0.74642426,0.0283980425447225,0.009914994,0.010357976,0.011583865
Seq2Seq,1,3,0.74512553,0.7346714,0.75604296,0.7462072,0.0283980425447225,0.010454118,0.011535764,0.010917425
Seq2Seq,1,3,0.7422724,0.7333976,0.7557496,0.74139374,0.0283980425447225,0.008874774,0.007996142,0.013477206
Seq2Seq,1,3,0.7405079,0.7361693,0.76185095,0.74095076,0.0283980425447225,0.004338622,0.0047814846,0.021343052
Seq2Seq,1,3,0.7384795,0.73620695,0.7677142,0.73855776,0.0283980425447225,0.0022725463,0.0023508072,0.029234707
Seq2Seq,1,3,0.73618364,0.7337841,0.76657194,0.7360386,0.0283980425447225,0.0023995638,0.0022545457,0.030388296
Seq2Seq,1,3,0.73521596,0.7341293,0.7615486,0.736124,0.0283980425447225,0.0010866523,0.0019946694,0.026332617
Seq2Seq,1,3,0.73362565,0.73415047,0.75569904,0.7335053,0.0283980425447225,0.0005248189,0.0006451607,0.022073388
Seq2Seq,1,3,0.7314052,0.7332725,0.75102794,0.7308836,0.0283980425447225,0.0018672943,0.0023888946,0.019622743
Seq2Seq,1,3,0.72882646,0.73205197,0.7480198,0.72834766,0.0283980425447225,0.0032255054,0.0037043095,0.019193351
Seq2Seq,1,3,0.7259889,0.7310259,0.7459813,0.7256775,0.0283980425447225,0.00503695,0.0053483844,0.019992352
Seq2Seq,1,3,0.724707,0.72906464,0.74512553,0.72580796,0.0283980425447225,0.004357636,0.0032566786,0.020418525
Seq2Seq,1,3,0.7232036,0.725955,0.7422724,0.72340804,0.0283980425447225,0.00275141,0.002546966,0.019068778
Seq2Seq,1,3,0.7226833,0.7243024,0.7405079,0.72337854,0.0283980425447225,0.0016191006,0.000923872,0.01782459
Seq2Seq,1,3,0.719685,0.7178114,0.7384795,0.71812284,0.0283980425447225,0.0018736124,0.00031143427,0.018794477
Seq2Seq,1,3,0.71800894,0.71852404,0.73618364,0.7184077,0.0283980425447225,0.00051510334,0.00011634827,0.018174708
Seq2Seq,1,3,0.7171656,0.717892,0.73521596,0.7181473,0.0283980425447225,0.0007264018,0.0002552867,0.018050373
Seq2Seq,1,3,0.718755,0.71598184,0.73362565,0.7209288,0.0283980425447225,0.0027731657,0.004946947,0.014870644
Seq2Seq,1,3,0.72310483,0.7149655,0.7314052,0.725932,0.0283980425447225,0.008139312,0.01096648,0.008300364
Seq2Seq,1,3,0.72465795,0.7129508,0.72882646,0.723569,0.0283980425447225,0.011707127,0.01061815,0.0041685104
Seq2Seq,1,3,0.7205285,0.7109238,0.7259889,0.7158155,0.0283980425447225,0.009604692,0.0048916936,0.005460441
Seq2Seq,1,3,0.7170407,0.710377,0.724707,0.71590424,0.0283980425447225,0.0066637397,0.005527258,0.00766629
Seq2Seq,1,3,0.7132811,0.70932037,0.7232036,0.71312815,0.0283980425447225,0.0039607286,0.0038077831,0.009922504
Seq2Seq,1,3,0.71165717,0.7083836,0.7226833,0.71304387,0.0283980425447225,0.0032735467,0.0046602488,0.011026144
Seq2Seq,1,3,0.7103631,0.7051662,0.719685,0.71063167,0.0283980425447225,0.0051968694,0.005465448,0.009321928
Seq2Seq,1,3,0.70861834,0.7030023,0.71800894,0.7081636,0.0283980425447225,0.005616069,0.005161345,0.009390593
Seq2Seq,1,3,0.70765144,0.7021143,0.7171656,0.7082891,0.0283980425447225,0.0055371523,0.006174803,0.009514153
Seq2Seq,1,3,0.70574105,0.70338523,0.718755,0.7054201,0.0283980425447225,0.002355814,0.002034843,0.013013959
Seq2Seq,1,3,0.7048901,0.6982518,0.72310483,0.7054975,0.0283980425447225,0.0066382885,0.0072457194,0.018214762
Seq2Seq,1,3,0.7033693,0.7011291,0.72465795,0.7030857,0.0283980425447225,0.0022402406,0.0019566417,0.021288633
Seq2Seq,1,3,0.7026702,0.7003047,0.7205285,0.7031679,0.0283980425447225,0.0023655295,0.0028632283,0.017858267
Seq2Seq,1,3,0.7008223,0.70005816,0.7170407,0.7002276,0.0283980425447225,0.00076413155,0.000169456,0.016218424
Seq2Seq,1,3,0.7059301,0.6983158,0.7132811,0.7108933,0.0283980425447225,0.0076143146,0.012577474,0.0073509812
Seq2Seq,1,3,0.7127742,0.6988607,0.71165717,0.71622765,0.0283980425447225,0.013913512,0.017366946,0.0011170506
Persistence,2,9,0.6655007,0.71985507,0.71985507,0.6625767,0.0261766891926527,0.05435437,0.057278395,0.05435437
Persistence,2,9,0.6549825,0.7143315,0.7143315,0.6555972,0.0261766891926527,0.059349,0.058734298,0.059349
Persistence,2,9,0.643466,0.7093908,0.7093908,0.64245784,0.0261766891926527,0.06592482,0.066932976,0.06592482
Persistence,2,9,0.63743114,0.7017831,0.7017831,0.6408596,0.0261766891926527,0.064351976,0.060923517,0.064351976
Persistence,2,9,0.62982273,0.6944658,0.6944658,0.63000256,0.0261766891926527,0.064643085,0.06446326,0.064643085
Persistence,2,9,0.62846136,0.6960654,0.6960654,0.6330352,0.0261766891926527,0.067604065,0.06303024,0.067604065
Persistence,2,9,0.62229055,0.69907105,0.69907105,0.6206795,0.0261766891926527,0.0767805,0.07839155,0.0767805
Persistence,2,9,0.615911,0.6966045,0.6966045,0.6149437,0.0261766891926527,0.08069348,0.08166081,0.08069348
Persistence,2,9,0.61209536,0.6898885,0.6898885,0.6140443,0.0261766891926527,0.07779312,0.07584417,0.07779312
Persistence,2,9,0.60694766,0.67897487,0.67897487,0.60699284,0.0261766891926527,0.07202721,0.071982026,0.07202721
Persistence,2,9,0.60580075,0.6655007,0.6655007,0.6086717,0.0261766891926527,0.059699953,0.056828976,0.059699953
Persistence,2,9,0.60355675,0.6549825,0.6549825,0.6036723,0.0261766891926527,0.051425755,0.05131018,0.051425755
Persistence,2,9,0.59711206,0.643466,0.643466,0.59402025,0.0261766891926527,0.046353936,0.04944575,0.046353936
Persistence,2,9,0.59268415,0.63743114,0.63743114,0.5931524,0.0261766891926527,0.044746995,0.04427874,0.044746995
Persistence,2,9,0.61213887,0.62982273,0.62982273,0.6306968,0.0261766891926527,0.017683864,0.0008740425,0.017683864
Persistence,2,9,0.62766594,0.62846136,0.62846136,0.6324123,0.0261766891926527,0.000795424,0.0039509535,0.000795424
Persistence,2,9,0.63170946,0.62229055,0.62229055,0.62332475,0.0261766891926527,0.009418905,0.0010342002,0.009418905
Persistence,2,9,0.6267816,0.615911,0.615911,0.6166962,0.0261766891926527,0.010870576,0.000785172,0.010870576
Persistence,2,9,0.614062,0.61209536,0.61209536,0.6064625,0.0261766891926527,0.0019666553,0.0056328773,0.0019666553
Persistence,2,9,0.6016182,0.60694766,0.60694766,0.5999553,0.0261766891926527,0.0053294897,0.00699234,0.0053294897
Persistence,2,9,0.5937303,0.60580075,0.60580075,0.59512794,0.0261766891926527,0.012070477,0.010672808,0.012070477
Persistence,2,9,0.5912052,0.60355675,0.60355675,0.5946282,0.0261766891926527,0.0123515725,0.008928537,0.0123515725
Persistence,2,9,0.5851127,0.59711206,0.59711206,0.58353484,0.0261766891926527,0.011999369,0.013577223,0.011999369
Persistence,2,9,0.58050644,0.59268415,0.59268415,0.5807674,0.0261766891926527,0.012177706,0.011916757,0.012177706
Persistence,2,9,0.5766738,0.61213887,0.61213887,0.5777782,0.0261766891926527,0.03546506,0.034360647,0.03546506
Persistence,2,9,0.5733461,0.62766594,0.62766594,0.57442623,0.0261766891926527,0.05431986,0.053239703,0.05431986
Persistence,2,9,0.5708839,0.63170946,0.63170946,0.5717865,0.0261766891926527,0.060825527,0.059922934,0.060825527
Persistence,2,9,0.56974226,0.6267816,0.6267816,0.5709008,0.0261766891926527,0.05703932,0.055880785,0.05703932
Persistence,2,9,0.5678824,0.614062,0.614062,0.56802934,0.0261766891926527,0.046179593,0.046032667,0.046179593
Persistence,2,9,0.5635548,0.6016182,0.6016182,0.56181824,0.0261766891926527,0.038063347,0.03979993,0.038063347
Persistence,2,9,0.56349754,0.5937303,0.5937303,0.56602496,0.0261766891926527,0.030232728,0.027705312,0.030232728
Persistence,2,9,0.5599026,0.5912052,0.5912052,0.5585051,0.0261766891926527,0.03130257,0.03270006,0.03130257
Persistence,2,9,0.5588717,0.5851127,0.5851127,0.5600215,0.0261766891926527,0.026241004,0.025091171,0.026241004
Persistence,2,9,0.55481136,0.58050644,0.58050644,0.55298865,0.0261766891926527,0.025695086,0.027517796,0.025695086
Persistence,2,9,0.5765808,0.5766738,0.5766738,0.59539515,0.0261766891926527,9.2983246e-05,0.018721342,9.2983246e-05
Persistence,2,9,0.59504056,0.5733461,0.5733461,0.6006194,0.0261766891926527,0.021694481,0.027273297,0.021694481
Persistence,2,9,0.6027003,0.5708839,0.5708839,0.5953455,0.0261766891926527,0.031816363,0.024461567,0.031816363
Persistence,2,9,0.5994195,0.56974226,0.56974226,0.5882188,0.0261766891926527,0.029677212,0.018476546,0.029677212
Persistence,2,9,0.58916235,0.5678824,0.5678824,0.5814055,0.0261766891926527,0.021279931,0.013523102,0.021279931
Persistence,2,9,0.5780577,0.5635548,0.5635548,0.57580763,0.0261766891926527,0.014502883,0.012252808,0.014502883
Persistence,2,9,0.5751563,0.56349754,0.56349754,0.5791837,0.0261766891926527,0.011658728,0.015686154,0.011658728
Persistence,2,9,0.5791027,0.5599026,0.5599026,0.5846143,0.0261766891926527,0.019200087,0.024711668,0.019200087
Persistence,2,9,0.5800025,0.5588717,0.5588717,0.57940745,0.0261766891926527,0.0211308,0.020535767,0.0211308
Persistence,2,9,0.5760963,0.55481136,0.55481136,0.5719794,0.0261766891926527,0.021284938,0.017168045,0.021284938
Persistence,2,9,0.5711192,0.5765808,0.5765808,0.56919706,0.0261766891926527,0.005461633,0.007383764,0.005461633
Persistence,2,9,0.59147,0.59504056,0.59504056,0.6106551,0.0261766891926527,0.0035705566,0.015614569,0.0035705566
Persistence,2,9,0.6014812,0.6027003,0.6027003,0.60155314,0.0261766891926527,0.0012190938,0.001147151,0.0012190938
Persistence,2,9,0.60316616,0.5994195,0.5994195,0.59485734,0.0261766891926527,0.0037466884,0.0045621395,0.0037466884
Persistence,2,9,0.59736717,0.58916235,0.58916235,0.58871126,0.0261766891926527,0.008204818,0.00045108795,0.008204818
Persistence,2,9,0.5852345,0.5780577,0.5780577,0.5792215,0.0261766891926527,0.0071768165,0.0011637807,0.0071768165
Persistence,2,9,0.5770084,0.5751563,0.5751563,0.57835436,0.0261766891926527,0.0018521547,0.0031980872,0.0018521547
MQAttn-LSTM-VQR,2,9,0.6655007,0.6747277,0.71985507,0.6625767,0.0261766891926527,0.009226978,0.012151003,0.05435437
MQAttn-LSTM-VQR,2,9,0.6549825,0.6693054,0.7143315,0.6555972,0.0261766891926527,0.014322877,0.013708174,0.059349
MQAttn-LSTM-VQR,2,9,0.643466,0.6645767,0.7093908,0.64245784,0.0261766891926527,0.021110713,0.022118866,0.06592482
MQAttn-LSTM-VQR,2,9,0.63743114,0.6574469,0.7017831,0.6408596,0.0261766891926527,0.020015776,0.016587317,0.064351976
MQAttn-LSTM-VQR,2,9,0.62982273,0.65024704,0.6944658,0.63000256,0.0261766891926527,0.020424306,0.02024448,0.064643085
MQAttn-LSTM-VQR,2,9,0.62846136,0.65233034,0.6960654,0.6330352,0.0261766891926527,0.023868978,0.019295156,0.067604065
MQAttn-LSTM-VQR,2,9,0.62229055,0.6557559,0.69907105,0.6206795,0.0261766891926527,0.033465326,0.03507638,0.0767805
MQAttn-LSTM-VQR,2,9,0.615911,0.6538479,0.6966045,0.6149437,0.0261766891926527,0.037936866,0.03890419,0.08069348
MQAttn-LSTM-VQR,2,9,0.61209536,0.6473725,0.6898885,0.6140443,0.0261766891926527,0.03527713,0.033328176,0.07779312
MQAttn-LSTM-VQR,2,9,0.60694766,0.63662356,0.67897487,0.60699284,0.0261766891926527,0.029675901,0.02963072,0.07202721
MQAttn-LSTM-VQR,2,9,0.60580075,0.6232789,0.6655007,0.6086717,0.0261766891926527,0.017478168,0.014607191,0.059699953
MQAttn-LSTM-VQR,2,9,0.60355675,0.6131382,0.6549825,0.6036723,0.0261766891926527,0.009581447,0.009465873,0.051425755
MQAttn-LSTM-VQR,2,9,0.59711206,0.60191846,0.643466,0.59402025,0.0261766891926527,0.0048063993,0.0078982115,0.046353936
MQAttn-LSTM-VQR,2,9,0.59268415,0.59611523,0.63743114,0.5931524,0.0261766891926527,0.0034310818,0.0029628277,0.044746995
MQAttn-LSTM-VQR,2,9,0.61213887,0.58852416,0.62982273,0.6306968,0.0261766891926527,0.023614705,0.04217261,0.017683864
MQAttn-LSTM-VQR,2,9,0.62766594,0.5873199,0.62846136,0.6324123,0.0261766891926527,0.040346026,0.045092404,0.000795424
MQAttn-LSTM-VQR,2,9,0.63170946,0.5809961,0.62229055,0.62332475,0.0261766891926527,0.05071336,0.042328656,0.009418905
MQAttn-LSTM-VQR,2,9,0.6267816,0.57447517,0.615911,0.6166962,0.0261766891926527,0.052306414,0.04222101,0.010870576
MQAttn-LSTM-VQR,2,9,0.614062,0.5706849,0.61209536,0.6064625,0.0261766891926527,0.0433771,0.03577757,0.0019666553
MQAttn-LSTM-VQR,2,9,0.6016182,0.5653808,0.60694766,0.5999553,0.0261766891926527,0.03623736,0.03457451,0.0053294897
MQAttn-LSTM-VQR,2,9,0.5937303,0.5642538,0.60580075,0.59512794,0.0261766891926527,0.029476464,0.030874133,0.012070477
MQAttn-LSTM-VQR,2,9,0.5912052,0.5621123,0.60355675,0.5946282,0.0261766891926527,0.029092908,0.032515943,0.0123515725
MQAttn-LSTM-VQR,2,9,0.5851127,0.5555981,0.59711206,0.58353484,0.0261766891926527,0.02951461,0.027936757,0.011999369
MQAttn-LSTM-VQR,2,9,0.58050644,0.55115104,0.59268415,0.5807674,0.0261766891926527,0.029355407,0.029616356,0.012177706
MQAttn-LSTM-VQR,2,9,0.5766738,0.5705603,0.61213887,0.5777782,0.0261766891926527,0.006113529,0.0072179437,0.03546506
MQAttn-LSTM-VQR,2,9,0.5733461,0.58626455,0.62766594,0.57442623,0.0261766891926527,0.012918472,0.011838317,0.05431986
MQAttn-LSTM-VQR,2,9,0.5708839,0.59075594,0.63170946,0.5717865,0.0261766891926527,0.01987201,0.018969417,0.060825527
MQAttn-LSTM-VQR,2,9,0.56974226,0.5859883,0.6267816,0.5709008,0.0261766891926527,0.01624602,0.015087485,0.05703932
MQAttn-LSTM-VQR,2,9,0.5678824,0.57303065,0.614062,0.56802934,0.0261766891926527,0.005148232,0.0050013065,0.046179593
MQAttn-LSTM-VQR,2,9,0.5635548,0.5602514,0.6016182,0.56181824,0.0261766891926527,0.0033034086,0.0015668273,0.038063347
MQAttn-LSTM-VQR,2,9,0.56349754,0.55203676,0.5937303,0.56602496,0.0261766891926527,0.011460781,0.013988197,0.030232728
MQAttn-LSTM-VQR,2,9,0.5599026,0.54941547,0.5912052,0.5585051,0.0261766891926527,0.010487139,0.009089649,0.03130257
MQAttn-LSTM-VQR,2,9,0.5588717,0.54340625,0.5851127,0.5600215,0.0261766891926527,0.015465438,0.016615272,0.026241004
MQAttn-LSTM-VQR,2,9,0.55481136,0.53868467,0.58050644,0.55298865,0.0261766891926527,0.016126692,0.014303982,0.025695086
MQAttn-LSTM-VQR,2,9,0.5765808,0.5348203,0.5766738,0.59539515,0.0261766891926527,0.041760504,0.06057483,9.2983246e-05
MQAttn-LSTM-VQR,2,9,0.59504056,0.5313783,0.5733461,0.6006194,0.0261766891926527,0.06366223,0.06924105,0.021694481
MQAttn-LSTM-VQR,2,9,0.6027003,0.5289498,0.5708839,0.5953455,0.0261766891926527,0.073750496,0.0663957,0.031816363
MQAttn-LSTM-VQR,2,9,0.5994195,0.5276535,0.56974226,0.5882188,0.0261766891926527,0.07176596,0.060565293,0.029677212
MQAttn-LSTM-VQR,2,9,0.58916235,0.5259176,0.5678824,0.5814055,0.0261766891926527,0.06324476,0.05548793,0.021279931
MQAttn-LSTM-VQR,2,9,0.5780577,0.52141917,0.5635548,0.57580763,0.0261766891926527,0.05663854,0.054388463,0.014502883
MQAttn-LSTM-VQR,2,9,0.5751563,0.52130306,0.56349754,0.5791837,0.0261766891926527,0.053853214,0.05788064,0.011658728
MQAttn-LSTM-VQR,2,9,0.5791027,0.51779884,0.5599026,0.5846143,0.0261766891926527,0.061303854,0.066815436,0.019200087
MQAttn-LSTM-VQR,2,9,0.5800025,0.51684195,0.5588717,0.57940745,0.0261766891926527,0.06316054,0.062565506,0.0211308
MQAttn-LSTM-VQR,2,9,0.5760963,0.51281756,0.55481136,0.5719794,0.0261766891926527,0.063278735,0.059161842,0.021284938
MQAttn-LSTM-VQR,2,9,0.5711192,0.5350473,0.5765808,0.56919706,0.0261766891926527,0.036071897,0.034149766,0.005461633
MQAttn-LSTM-VQR,2,9,0.59147,0.55302113,0.59504056,0.6106551,0.0261766891926527,0.03844887,0.057633996,0.0035705566
MQAttn-LSTM-VQR,2,9,0.6014812,0.56112784,0.6027003,0.60155314,0.0261766891926527,0.040353358,0.0404253,0.0012190938
MQAttn-LSTM-VQR,2,9,0.60316616,0.5580879,0.5994195,0.59485734,0.0261766891926527,0.045078278,0.03676945,0.0037466884
MQAttn-LSTM-VQR,2,9,0.59736717,0.5477437,0.58916235,0.58871126,0.0261766891926527,0.04962349,0.040967584,0.008204818
MQAttn-LSTM-VQR,2,9,0.5852345,0.53636116,0.5780577,0.5792215,0.0261766891926527,0.048873365,0.04286033,0.0071768165
MQAttn-LSTM-VQR,2,9,0.5770084,0.5333153,0.5751563,0.57835436,0.0261766891926527,0.043693125,0.045039058,0.0018521547
MQAttn-LSTM-VQR classical twin,2,9,0.6655007,0.66580963,0.71985507,0.6625767,0.0261766891926527,0.00030893087,0.003232956,0.05435437
MQAttn-LSTM-VQR classical twin,2,9,0.6549825,0.6627807,0.7143315,0.6555972,0.0261766891926527,0.007798195,0.007183492,0.059349
MQAttn-LSTM-VQR classical twin,2,9,0.643466,0.65829873,0.7093908,0.64245784,0.0261766891926527,0.014832735,0.015840888,0.06592482
MQAttn-LSTM-VQR classical twin,2,9,0.63743114,0.651899,0.7017831,0.6408596,0.0261766891926527,0.014467835,0.011039376,0.064351976
MQAttn-LSTM-VQR classical twin,2,9,0.62982273,0.6452621,0.6944658,0.63000256,0.0261766891926527,0.015439391,0.015259564,0.064643085
MQAttn-LSTM-VQR classical twin,2,9,0.62846136,0.6481326,0.6960654,0.6330352,0.0261766891926527,0.019671261,0.015097439,0.067604065
MQAttn-LSTM-VQR classical twin,2,9,0.62229055,0.65132684,0.69907105,0.6206795,0.0261766891926527,0.029036283,0.030647337,0.0767805
MQAttn-LSTM-VQR classical twin,2,9,0.615911,0.6484063,0.6966045,0.6149437,0.0261766891926527,0.03249532,0.033462644,0.08069348
MQAttn-LSTM-VQR classical twin,2,9,0.61209536,0.6419134,0.6898885,0.6140443,0.0261766891926527,0.029818058,0.027869105,0.07779312
MQAttn-LSTM-VQR classical twin,2,9,0.60694766,0.6320118,0.67897487,0.60699284,0.0261766891926527,0.02506411,0.02501893,0.07202721
MQAttn-LSTM-VQR classical twin,2,9,0.60580075,0.61996186,0.6655007,0.6086717,0.0261766891926527,0.01416111,0.011290133,0.059699953
MQAttn-LSTM-VQR classical twin,2,9,0.60355675,0.61024666,0.6549825,0.6036723,0.0261766891926527,0.006689906,0.0065743327,0.051425755
MQAttn-LSTM-VQR classical twin,2,9,0.59711206,0.6002172,0.643466,0.59402025,0.0261766891926527,0.0031051636,0.0061969757,0.046353936
MQAttn-LSTM-VQR classical twin,2,9,0.59268415,0.59498656,0.63743114,0.5931524,0.0261766891926527,0.0023024082,0.0018341541,0.044746995
MQAttn-LSTM-VQR classical twin,2,9,0.61213887,0.58723444,0.62982273,0.6306968,0.0261766891926527,0.02490443,0.043462336,0.017683864
MQAttn-LSTM-VQR classical twin,2,9,0.62766594,0.58715546,0.62846136,0.6324123,0.0261766891926527,0.040510476,0.045256853,0.000795424
MQAttn-LSTM-VQR classical twin,2,9,0.63170946,0.58139217,0.62229055,0.62332475,0.0261766891926527,0.050317287,0.041932583,0.009418905
MQAttn-LSTM-VQR classical twin,2,9,0.6267816,0.5747938,0.615911,0.6166962,0.0261766891926527,0.051987767,0.041902363,0.010870576
MQAttn-LSTM-VQR classical twin,2,9,0.614062,0.57122076,0.61209536,0.6064625,0.0261766891926527,0.042841256,0.035241723,0.0019666553
MQAttn-LSTM-VQR classical twin,2,9,0.6016182,0.56551915,0.60694766,0.5999553,0.0261766891926527,0.036099017,0.034436166,0.0053294897
MQAttn-LSTM-VQR classical twin,2,9,0.5937303,0.56525743,0.60580075,0.59512794,0.0261766891926527,0.02847284,0.02987051,0.012070477
MQAttn-LSTM-VQR classical twin,2,9,0.5912052,0.56312364,0.60355675,0.5946282,0.0261766891926527,0.028081536,0.03150457,0.0123515725
MQAttn-LSTM-VQR classical twin,2,9,0.5851127,0.55676204,0.59711206,0.58353484,0.0261766891926527,0.028350651,0.026772797,0.011999369
MQAttn-LSTM-VQR classical twin,2,9,0.58050644,0.5524809,0.59268415,0.5807674,0.0261766891926527,0.028025568,0.028286517,0.012177706
MQAttn-LSTM-VQR classical twin,2,9,0.5766738,0.5709359,0.61213887,0.5777782,0.0261766891926527,0.0057379007,0.006842315,0.03546506
MQAttn-LSTM-VQR classical twin,2,9,0.5733461,0.5873022,0.62766594,0.57442623,0.0261766891926527,0.01395613,0.012875974,0.05431986
MQAttn-LSTM-VQR classical twin,2,9,0.5708839,0.5911398,0.63170946,0.5717865,0.0261766891926527,0.020255864,0.01935327,0.060825527
MQAttn-LSTM-VQR classical twin,2,9,0.56974226,0.5857521,0.6267816,0.5709008,0.0261766891926527,0.016009867,0.014851332,0.05703932
MQAttn-LSTM-VQR classical twin,2,9,0.5678824,0.5729963,0.614062,0.56802934,0.0261766891926527,0.0051138997,0.0049669743,0.046179593
MQAttn-LSTM-VQR classical twin,2,9,0.5635548,0.5603111,0.6016182,0.56181824,0.0261766891926527,0.0032437444,0.001507163,0.038063347
MQAttn-LSTM-VQR classical twin,2,9,0.56349754,0.5520752,0.5937303,0.56602496,0.0261766891926527,0.011422336,0.013949752,0.030232728
MQAttn-LSTM-VQR classical twin,2,9,0.5599026,0.5503706,0.5912052,0.5585051,0.0261766891926527,0.009532034,0.008134544,0.03130257
MQAttn-LSTM-VQR classical twin,2,9,0.5588717,0.54491895,0.5851127,0.5600215,0.0261766891926527,0.013952732,0.015102565,0.026241004
MQAttn-LSTM-VQR classical twin,2,9,0.55481136,0.5400555,0.58050644,0.55298865,0.0261766891926527,0.014755845,0.012933135,0.025695086
MQAttn-LSTM-VQR classical twin,2,9,0.5765808,0.5361505,0.5766738,0.59539515,0.0261766891926527,0.040430307,0.059244633,9.2983246e-05
MQAttn-LSTM-VQR classical twin,2,9,0.59504056,0.53248894,0.5733461,0.6006194,0.0261766891926527,0.06255162,0.06813043,0.021694481
MQAttn-LSTM-VQR classical twin,2,9,0.6027003,0.5309226,0.5708839,0.5953455,0.0261766891926527,0.0717777,0.064422905,0.031816363
MQAttn-LSTM-VQR classical twin,2,9,0.5994195,0.53010815,0.56974226,0.5882188,0.0261766891926527,0.06931132,0.058110654,0.029677212
MQAttn-LSTM-VQR classical twin,2,9,0.58916235,0.5284643,0.5678824,0.5814055,0.0261766891926527,0.060698032,0.052941203,0.021279931
MQAttn-LSTM-VQR classical twin,2,9,0.5780577,0.52326113,0.5635548,0.57580763,0.0261766891926527,0.054796576,0.0525465,0.014502883
MQAttn-LSTM-VQR classical twin,2,9,0.5751563,0.52299523,0.56349754,0.5791837,0.0261766891926527,0.052161038,0.056188464,0.011658728
MQAttn-LSTM-VQR classical twin,2,9,0.5791027,0.52058125,0.5599026,0.5846143,0.0261766891926527,0.05852145,0.06403303,0.019200087
MQAttn-LSTM-VQR classical twin,2,9,0.5800025,0.5192968,0.5588717,0.57940745,0.0261766891926527,0.06070566,0.06011063,0.0211308
MQAttn-LSTM-VQR classical twin,2,9,0.5760963,0.5154245,0.55481136,0.5719794,0.0261766891926527,0.060671806,0.056554914,0.021284938
MQAttn-LSTM-VQR classical twin,2,9,0.5711192,0.5356872,0.5765808,0.56919706,0.0261766891926527,0.03543198,0.03350985,0.005461633
MQAttn-LSTM-VQR classical twin,2,9,0.59147,0.55526316,0.59504056,0.6106551,0.0261766891926527,0.03620684,0.055391967,0.0035705566
MQAttn-LSTM-VQR classical twin,2,9,0.6014812,0.5634326,0.6027003,0.60155314,0.0261766891926527,0.038048625,0.038120568,0.0012190938
MQAttn-LSTM-VQR classical twin,2,9,0.60316616,0.5597997,0.5994195,0.59485734,0.0261766891926527,0.04336649,0.035057664,0.0037466884
MQAttn-LSTM-VQR classical twin,2,9,0.59736717,0.549163,0.58916235,0.58871126,0.0261766891926527,0.048204184,0.039548278,0.008204818
MQAttn-LSTM-VQR classical twin,2,9,0.5852345,0.5372421,0.5780577,0.5792215,0.0261766891926527,0.04799241,0.041979373,0.0071768165
MQAttn-LSTM-VQR classical twin,2,9,0.5770084,0.5336735,0.5751563,0.57835436,0.0261766891926527,0.0433349,0.044680834,0.0018521547
MQAttn-QLSTM-VQR,2,9,0.6655007,0.66216254,0.71985507,0.6625767,0.0261766891926527,0.0033381581,0.00041413307,0.05435437
MQAttn-QLSTM-VQR,2,9,0.6549825,0.6583891,0.7143315,0.6555972,0.0261766891926527,0.0034065843,0.0027918816,0.059349
MQAttn-QLSTM-VQR,2,9,0.643466,0.65509075,0.7093908,0.64245784,0.0261766891926527,0.0116247535,0.012632906,0.06592482
MQAttn-QLSTM-VQR,2,9,0.63743114,0.64981306,0.7017831,0.6408596,0.0261766891926527,0.012381911,0.008953452,0.064351976
MQAttn-QLSTM-VQR,2,9,0.62982273,0.6438623,0.6944658,0.63000256,0.0261766891926527,0.014039576,0.013859749,0.064643085
MQAttn-QLSTM-VQR,2,9,0.62846136,0.6474581,0.6960654,0.6330352,0.0261766891926527,0.018996716,0.0144228935,0.067604065
MQAttn-QLSTM-VQR,2,9,0.62229055,0.6462453,0.69907105,0.6206795,0.0261766891926527,0.02395475,0.025565803,0.0767805
MQAttn-QLSTM-VQR,2,9,0.615911,0.64464545,0.6966045,0.6149437,0.0261766891926527,0.028734446,0.02970177,0.08069348
MQAttn-QLSTM-VQR,2,9,0.61209536,0.6394373,0.6898885,0.6140443,0.0261766891926527,0.027341962,0.02539301,0.07779312
MQAttn-QLSTM-VQR,2,9,0.60694766,0.6311805,0.67897487,0.60699284,0.0261766891926527,0.024232864,0.024187684,0.07202721
MQAttn-QLSTM-VQR,2,9,0.60580075,0.6233418,0.6655007,0.6086717,0.0261766891926527,0.01754105,0.014670074,0.059699953
MQAttn-QLSTM-VQR,2,9,0.60355675,0.6170127,0.6549825,0.6036723,0.0261766891926527,0.013455927,0.013340354,0.051425755
MQAttn-QLSTM-VQR,2,9,0.59711206,0.6146459,0.643466,0.59402025,0.0261766891926527,0.017533839,0.02062565,0.046353936
MQAttn-QLSTM-VQR,2,9,0.59268415,0.61629546,0.63743114,0.5931524,0.0261766891926527,0.023611307,0.023143053,0.044746995
MQAttn-QLSTM-VQR,2,9,0.61213887,0.61387545,0.62982273,0.6306968,0.0261766891926527,0.0017365813,0.016821325,0.017683864
MQAttn-QLSTM-VQR,2,9,0.62766594,0.6156534,0.62846136,0.6324123,0.0261766891926527,0.012012541,0.016758919,0.000795424
MQAttn-QLSTM-VQR,2,9,0.63170946,0.61464924,0.62229055,0.62332475,0.0261766891926527,0.01706022,0.008675516,0.009418905
MQAttn-QLSTM-VQR,2,9,0.6267816,0.612724,0.615911,0.6166962,0.0261766891926527,0.014057577,0.0039721727,0.010870576
MQAttn-QLSTM-VQR,2,9,0.614062,0.6113744,0.61209536,0.6064625,0.0261766891926527,0.002687633,0.0049118996,0.0019666553
MQAttn-QLSTM-VQR,2,9,0.6016182,0.6091763,0.60694766,0.5999553,0.0261766891926527,0.0075581074,0.009220958,0.0053294897
MQAttn-QLSTM-VQR,2,9,0.5937303,0.60841507,0.60580075,0.59512794,0.0261766891926527,0.014684796,0.013287127,0.012070477
MQAttn-QLSTM-VQR,2,9,0.5912052,0.60693455,0.60355675,0.5946282,0.0261766891926527,0.015729368,0.012306333,0.0123515725
MQAttn-QLSTM-VQR,2,9,0.5851127,0.601706,0.59711206,0.58353484,0.0261766891926527,0.016593337,0.018171191,0.011999369
MQAttn-QLSTM-VQR,2,9,0.58050644,0.5985233,0.59268415,0.5807674,0.0261766891926527,0.018016875,0.017755926,0.012177706
MQAttn-QLSTM-VQR,2,9,0.5766738,0.6181293,0.61213887,0.5777782,0.0261766891926527,0.041455507,0.040351093,0.03546506
MQAttn-QLSTM-VQR,2,9,0.5733461,0.62363577,0.62766594,0.57442623,0.0261766891926527,0.05028969,0.049209535,0.05431986
MQAttn-QLSTM-VQR,2,9,0.5708839,0.6234752,0.63170946,0.5717865,0.0261766891926527,0.052591264,0.05168867,0.060825527
MQAttn-QLSTM-VQR,2,9,0.56974226,0.6203669,0.6267816,0.5709008,0.0261766891926527,0.05062461,0.049466074,0.05703932
MQAttn-QLSTM-VQR,2,9,0.5678824,0.61051816,0.614062,0.56802934,0.0261766891926527,0.04263574,0.042488813,0.046179593
MQAttn-QLSTM-VQR,2,9,0.5635548,0.60328925,0.6016182,0.56181824,0.0261766891926527,0.039734423,0.041471004,0.038063347
MQAttn-QLSTM-VQR,2,9,0.56349754,0.59873265,0.5937303,0.56602496,0.0261766891926527,0.035235107,0.03270769,0.030232728
MQAttn-QLSTM-VQR,2,9,0.5599026,0.5972851,0.5912052,0.5585051,0.0261766891926527,0.037382483,0.038779974,0.03130257
MQAttn-QLSTM-VQR,2,9,0.5588717,0.59215844,0.5851127,0.5600215,0.0261766891926527,0.03328675,0.032136917,0.026241004
MQAttn-QLSTM-VQR,2,9,0.55481136,0.58830327,0.58050644,0.55298865,0.0261766891926527,0.03349191,0.03531462,0.025695086
MQAttn-QLSTM-VQR,2,9,0.5765808,0.5849962,0.5766738,0.59539515,0.0261766891926527,0.008415401,0.010398924,9.2983246e-05
MQAttn-QLSTM-VQR,2,9,0.59504056,0.5825406,0.5733461,0.6006194,0.0261766891926527,0.012499988,0.018078804,0.021694481
MQAttn-QLSTM-VQR,2,9,0.6027003,0.58005804,0.5708839,0.5953455,0.0261766891926527,0.022642255,0.015287459,0.031816363
MQAttn-QLSTM-VQR,2,9,0.5994195,0.5795169,0.56974226,0.5882188,0.0261766891926527,0.019902587,0.0087019205,0.029677212
MQAttn-QLSTM-VQR,2,9,0.58916235,0.5776361,0.5678824,0.5814055,0.0261766891926527,0.011526227,0.0037693977,0.021279931
MQAttn-QLSTM-VQR,2,9,0.5780577,0.57353663,0.5635548,0.57580763,0.0261766891926527,0.004521072,0.0022709966,0.014502883
MQAttn-QLSTM-VQR,2,9,0.5751563,0.57413954,0.56349754,0.5791837,0.0261766891926527,0.001016736,0.0050441623,0.011658728
MQAttn-QLSTM-VQR,2,9,0.5791027,0.5700328,0.5599026,0.5846143,0.0261766891926527,0.00906992,0.0145815015,0.019200087
MQAttn-QLSTM-VQR,2,9,0.5800025,0.5690794,0.5588717,0.57940745,0.0261766891926527,0.010923088,0.010328054,0.0211308
MQAttn-QLSTM-VQR,2,9,0.5760963,0.56513125,0.55481136,0.5719794,0.0261766891926527,0.010965049,0.0068481565,0.021284938
MQAttn-QLSTM-VQR,2,9,0.5711192,0.58716804,0.5765808,0.56919706,0.0261766891926527,0.016048849,0.01797098,0.005461633
MQAttn-QLSTM-VQR,2,9,0.59147,0.6030778,0.59504056,0.6106551,0.0261766891926527,0.011607826,0.0075773,0.0035705566
MQAttn-QLSTM-VQR,2,9,0.6014812,0.609442,0.6027003,0.60155314,0.0261766891926527,0.007960796,0.007888854,0.0012190938
MQAttn-QLSTM-VQR,2,9,0.60316616,0.60603756,0.5994195,0.59485734,0.0261766891926527,0.0028713942,0.011180222,0.0037466884
MQAttn-QLSTM-VQR,2,9,0.59736717,0.5962234,0.58916235,0.58871126,0.0261766891926527,0.0011437535,0.007512152,0.008204818
MQAttn-QLSTM-VQR,2,9,0.5852345,0.5857762,0.5780577,0.5792215,0.0261766891926527,0.000541687,0.006554723,0.0071768165
MQAttn-QLSTM-VQR,2,9,0.5770084,0.58404434,0.5751563,0.57835436,0.0261766891926527,0.007035911,0.0056899786,0.0018521547
MQAttn-QLSTM-VQR classical twin,2,9,0.6655007,0.6738559,0.71985507,0.6625767,0.0261766891926527,0.0083552,0.011279225,0.05435437
MQAttn-QLSTM-VQR classical twin,2,9,0.6549825,0.66849566,0.7143315,0.6555972,0.0261766891926527,0.013513148,0.012898445,0.059349
MQAttn-QLSTM-VQR classical twin,2,9,0.643466,0.66414934,0.7093908,0.64245784,0.0261766891926527,0.020683348,0.021691501,0.06592482
MQAttn-QLSTM-VQR classical twin,2,9,0.63743114,0.6564111,0.7017831,0.6408596,0.0261766891926527,0.018979967,0.0155515075,0.064351976
MQAttn-QLSTM-VQR classical twin,2,9,0.62982273,0.6491947,0.6944658,0.63000256,0.0261766891926527,0.019371986,0.01919216,0.064643085
MQAttn-QLSTM-VQR classical twin,2,9,0.62846136,0.65010333,0.6960654,0.6330352,0.0261766891926527,0.02164197,0.017068148,0.067604065
MQAttn-QLSTM-VQR classical twin,2,9,0.62229055,0.6528531,0.69907105,0.6206795,0.0261766891926527,0.03056252,0.032173574,0.0767805
MQAttn-QLSTM-VQR classical twin,2,9,0.615911,0.6509499,0.6966045,0.6149437,0.0261766891926527,0.03503889,0.036006212,0.08069348
MQAttn-QLSTM-VQR classical twin,2,9,0.61209536,0.64425516,0.6898885,0.6140443,0.0261766891926527,0.032159805,0.030210853,0.07779312
MQAttn-QLSTM-VQR classical twin,2,9,0.60694766,0.6334175,0.67897487,0.60699284,0.0261766891926527,0.026469827,0.026424646,0.07202721
MQAttn-QLSTM-VQR classical twin,2,9,0.60580075,0.6200075,0.6655007,0.6086717,0.0261766891926527,0.014206767,0.01133579,0.059699953
MQAttn-QLSTM-VQR classical twin,2,9,0.60355675,0.6090733,0.6549825,0.6036723,0.0261766891926527,0.005516529,0.0054009557,0.051425755
MQAttn-QLSTM-VQR classical twin,2,9,0.59711206,0.5981201,0.643466,0.59402025,0.0261766891926527,0.0010080338,0.004099846,0.046353936
MQAttn-QLSTM-VQR classical twin,2,9,0.59268415,0.5923746,0.63743114,0.5931524,0.0261766891926527,0.00030952692,0.000777781,0.044746995
MQAttn-QLSTM-VQR classical twin,2,9,0.61213887,0.5845549,0.62982273,0.6306968,0.0261766891926527,0.027583957,0.046141863,0.017683864
MQAttn-QLSTM-VQR classical twin,2,9,0.62766594,0.5835271,0.62846136,0.6324123,0.0261766891926527,0.04413885,0.048885226,0.000795424
MQAttn-QLSTM-VQR classical twin,2,9,0.63170946,0.57761806,0.62229055,0.62332475,0.0261766891926527,0.054091394,0.04570669,0.009418905
MQAttn-QLSTM-VQR classical twin,2,9,0.6267816,0.571439,0.615911,0.6166962,0.0261766891926527,0.055342555,0.04525715,0.010870576
MQAttn-QLSTM-VQR classical twin,2,9,0.614062,0.56768936,0.61209536,0.6064625,0.0261766891926527,0.046372652,0.03877312,0.0019666553
MQAttn-QLSTM-VQR classical twin,2,9,0.6016182,0.5623898,0.60694766,0.5999553,0.0261766891926527,0.03922838,0.03756553,0.0053294897
MQAttn-QLSTM-VQR classical twin,2,9,0.5937303,0.56148523,0.60580075,0.59512794,0.0261766891926527,0.03224504,0.03364271,0.012070477
MQAttn-QLSTM-VQR classical twin,2,9,0.5912052,0.5592966,0.60355675,0.5946282,0.0261766891926527,0.03190857,0.035331607,0.0123515725
MQAttn-QLSTM-VQR classical twin,2,9,0.5851127,0.55303466,0.59711206,0.58353484,0.0261766891926527,0.032078028,0.030500174,0.011999369
MQAttn-QLSTM-VQR classical twin,2,9,0.58050644,0.548711,0.59268415,0.5807674,0.0261766891926527,0.031795442,0.03205639,0.012177706
MQAttn-QLSTM-VQR classical twin,2,9,0.5766738,0.56778556,0.61213887,0.5777782,0.0261766891926527,0.008888245,0.009992659,0.03546506
MQAttn-QLSTM-VQR classical twin,2,9,0.5733461,0.5828176,0.62766594,0.57442623,0.0261766891926527,0.009471536,0.00839138,0.05431986
MQAttn-QLSTM-VQR classical twin,2,9,0.5708839,0.5870943,0.63170946,0.5717865,0.0261766891926527,0.016210377,0.015307784,0.060825527
MQAttn-QLSTM-VQR classical twin,2,9,0.56974226,0.5822067,0.6267816,0.5709008,0.0261766891926527,0.012464464,0.011305928,0.05703932
MQAttn-QLSTM-VQR classical twin,2,9,0.5678824,0.5695866,0.614062,0.56802934,0.0261766891926527,0.0017041564,0.001557231,0.046179593
MQAttn-QLSTM-VQR classical twin,2,9,0.5635548,0.5574781,0.6016182,0.56181824,0.0261766891926527,0.006076753,0.004340172,0.038063347
MQAttn-QLSTM-VQR classical twin,2,9,0.56349754,0.54941845,0.5937303,0.56602496,0.0261766891926527,0.014079094,0.01660651,0.030232728
MQAttn-QLSTM-VQR classical twin,2,9,0.5599026,0.5473707,0.5912052,0.5585051,0.0261766891926527,0.012531936,0.011134446,0.03130257
MQAttn-QLSTM-VQR classical twin,2,9,0.5588717,0.5414098,0.5851127,0.5600215,0.0261766891926527,0.017461896,0.01861173,0.026241004
MQAttn-QLSTM-VQR classical twin,2,9,0.55481136,0.53715247,0.58050644,0.55298865,0.0261766891926527,0.01765889,0.01583618,0.025695086
MQAttn-QLSTM-VQR classical twin,2,9,0.5765808,0.53348684,0.5766738,0.59539515,0.0261766891926527,0.04309398,0.061908305,9.2983246e-05
MQAttn-QLSTM-VQR classical twin,2,9,0.59504056,0.52994335,0.5733461,0.6006194,0.0261766891926527,0.06509721,0.07067603,0.021694481
MQAttn-QLSTM-VQR classical twin,2,9,0.6027003,0.5277225,0.5708839,0.5953455,0.0261766891926527,0.074977815,0.06762302,0.031816363
MQAttn-QLSTM-VQR classical twin,2,9,0.5994195,0.526756,0.56974226,0.5882188,0.0261766891926527,0.072663486,0.06146282,0.029677212
MQAttn-QLSTM-VQR classical twin,2,9,0.58916235,0.52483696,0.5678824,0.5814055,0.0261766891926527,0.06432539,0.056568563,0.021279931
MQAttn-QLSTM-VQR classical twin,2,9,0.5780577,0.5209597,0.5635548,0.57580763,0.0261766891926527,0.05709803,0.054847956,0.014502883
MQAttn-QLSTM-VQR classical twin,2,9,0.5751563,0.5205413,0.56349754,0.5791837,0.0261766891926527,0.05461496,0.058642387,0.011658728
MQAttn-QLSTM-VQR classical twin,2,9,0.5791027,0.51706433,0.5599026,0.5846143,0.0261766891926527,0.062038362,0.067549944,0.019200087
MQAttn-QLSTM-VQR classical twin,2,9,0.5800025,0.5161779,0.5588717,0.57940745,0.0261766891926527,0.063824594,0.06322956,0.0211308
MQAttn-QLSTM-VQR classical twin,2,9,0.5760963,0.51217234,0.55481136,0.5719794,0.0261766891926527,0.063923955,0.059807062,0.021284938
MQAttn-QLSTM-VQR classical twin,2,9,0.5711192,0.53350765,0.5765808,0.56919706,0.0261766891926527,0.037611544,0.035689414,0.005461633
MQAttn-QLSTM-VQR classical twin,2,9,0.59147,0.55129385,0.59504056,0.6106551,0.0261766891926527,0.040176153,0.05936128,0.0035705566
MQAttn-QLSTM-VQR classical twin,2,9,0.6014812,0.5590472,0.6027003,0.60155314,0.0261766891926527,0.042433977,0.04250592,0.0012190938
MQAttn-QLSTM-VQR classical twin,2,9,0.60316616,0.55576926,0.5994195,0.59485734,0.0261766891926527,0.0473969,0.03908807,0.0037466884
MQAttn-QLSTM-VQR classical twin,2,9,0.59736717,0.54564697,0.58916235,0.58871126,0.0261766891926527,0.051720202,0.043064296,0.008204818
MQAttn-QLSTM-VQR classical twin,2,9,0.5852345,0.53503555,0.5780577,0.5792215,0.0261766891926527,0.050198972,0.044185936,0.0071768165
MQAttn-QLSTM-VQR classical twin,2,9,0.5770084,0.531732,0.5751563,0.57835436,0.0261766891926527,0.045276403,0.046622336,0.0018521547
QLSTM,2,9,0.6655007,0.67521995,0.71985507,0.6625767,0.0261766891926527,0.009719253,0.012643278,0.05435437
QLSTM,2,9,0.6549825,0.670624,0.7143315,0.6555972,0.0261766891926527,0.01564151,0.015026808,0.059349
QLSTM,2,9,0.643466,0.66556394,0.7093908,0.64245784,0.0261766891926527,0.022097945,0.023106098,0.06592482
QLSTM,2,9,0.63743114,0.65860957,0.7017831,0.6408596,0.0261766891926527,0.021178424,0.017749965,0.064351976
QLSTM,2,9,0.62982273,0.65171045,0.6944658,0.63000256,0.0261766891926527,0.02188772,0.021707892,0.064643085
QLSTM,2,9,0.62846136,0.6549653,0.6960654,0.6330352,0.0261766891926527,0.02650392,0.021930099,0.067604065
QLSTM,2,9,0.62229055,0.6575334,0.69907105,0.6206795,0.0261766891926527,0.035242856,0.03685391,0.0767805
QLSTM,2,9,0.615911,0.6546951,0.6966045,0.6149437,0.0261766891926527,0.038784087,0.03975141,0.08069348
QLSTM,2,9,0.61209536,0.6482251,0.6898885,0.6140443,0.0261766891926527,0.036129773,0.03418082,0.07779312
QLSTM,2,9,0.60694766,0.63771737,0.67897487,0.60699284,0.0261766891926527,0.030769706,0.030724525,0.07202721
QLSTM,2,9,0.60580075,0.62494135,0.6655007,0.6086717,0.0261766891926527,0.019140601,0.016269624,0.059699953
QLSTM,2,9,0.60355675,0.61572355,0.6549825,0.6036723,0.0261766891926527,0.012166798,0.012051225,0.051425755
QLSTM,2,9,0.59711206,0.6046501,0.643466,0.59402025,0.0261766891926527,0.0075380206,0.010629833,0.046353936
QLSTM,2,9,0.59268415,0.59903604,0.63743114,0.5931524,0.0261766891926527,0.006351888,0.005883634,0.044746995
QLSTM,2,9,0.61213887,0.59245086,0.62982273,0.6306968,0.0261766891926527,0.01968801,0.038245916,0.017683864
QLSTM,2,9,0.62766594,0.59098065,0.62846136,0.6324123,0.0261766891926527,0.036685288,0.041431665,0.000795424
QLSTM,2,9,0.63170946,0.58498585,0.62229055,0.62332475,0.0261766891926527,0.046723604,0.0383389,0.009418905
QLSTM,2,9,0.6267816,0.5788311,0.615911,0.6166962,0.0261766891926527,0.047950506,0.037865102,0.010870576
QLSTM,2,9,0.614062,0.5752212,0.61209536,0.6064625,0.0261766891926527,0.03884083,0.031241298,0.0019666553
QLSTM,2,9,0.6016182,0.5708075,0.60694766,0.5999553,0.0261766891926527,0.030810654,0.029147804,0.0053294897
QLSTM,2,9,0.5937303,0.56940156,0.60580075,0.59512794,0.0261766891926527,0.024328709,0.025726378,0.012070477
QLSTM,2,9,0.5912052,0.5672808,0.60355675,0.5946282,0.0261766891926527,0.02392435,0.027347386,0.0123515725
QLSTM,2,9,0.5851127,0.56094676,0.59711206,0.58353484,0.0261766891926527,0.024165928,0.022588074,0.011999369
QLSTM,2,9,0.58050644,0.55669653,0.59268415,0.5807674,0.0261766891926527,0.02380991,0.024070859,0.012177706
QLSTM,2,9,0.5766738,0.5766707,0.61213887,0.5777782,0.0261766891926527,3.0994415e-06,0.0011075139,0.03546506
QLSTM,2,9,0.5733461,0.5914016,0.62766594,0.57442623,0.0261766891926527,0.018055499,0.016975343,0.05431986
QLSTM,2,9,0.5708839,0.5947522,0.63170946,0.5717865,0.0261766891926527,0.023868263,0.02296567,0.060825527
QLSTM,2,9,0.56974226,0.5898416,0.6267816,0.5709008,0.0261766891926527,0.020099342,0.018940806,0.05703932
QLSTM,2,9,0.5678824,0.5771665,0.614062,0.56802934,0.0261766891926527,0.009284079,0.009137154,0.046179593
QLSTM,2,9,0.5635548,0.56495625,0.6016182,0.56181824,0.0261766891926527,0.0014014244,0.0031380057,0.038063347
QLSTM,2,9,0.56349754,0.5579437,0.5937303,0.56602496,0.0261766891926527,0.0055538416,0.008081257,0.030232728
QLSTM,2,9,0.5599026,0.5552112,0.5912052,0.5585051,0.0261766891926527,0.004691422,0.0032939315,0.03130257
QLSTM,2,9,0.5588717,0.5492327,0.5851127,0.5600215,0.0261766891926527,0.009638965,0.010788798,0.026241004
QLSTM,2,9,0.55481136,0.54476047,0.58050644,0.55298865,0.0261766891926527,0.010050893,0.008228183,0.025695086
QLSTM,2,9,0.5765808,0.5411075,0.5766738,0.59539515,0.0261766891926527,0.035473347,0.054287672,9.2983246e-05
QLSTM,2,9,0.59504056,0.53846514,0.5733461,0.6006194,0.0261766891926527,0.056575418,0.062154233,0.021694481
QLSTM,2,9,0.6027003,0.53574014,0.5708839,0.5953455,0.0261766891926527,0.066960156,0.05960536,0.031816363
QLSTM,2,9,0.5994195,0.5346922,0.56974226,0.5882188,0.0261766891926527,0.06472725,0.05352658,0.029677212
QLSTM,2,9,0.58916235,0.5328656,0.5678824,0.5814055,0.0261766891926527,0.056296766,0.048539937,0.021279931
QLSTM,2,9,0.5780577,0.5284896,0.5635548,0.57580763,0.0261766891926527,0.049568117,0.04731804,0.014502883
QLSTM,2,9,0.5751563,0.5291115,0.56349754,0.5791837,0.0261766891926527,0.046044767,0.050072193,0.011658728
QLSTM,2,9,0.5791027,0.5250985,0.5599026,0.5846143,0.0261766891926527,0.054004192,0.059515774,0.019200087
QLSTM,2,9,0.5800025,0.524087,0.5588717,0.57940745,0.0261766891926527,0.055915475,0.05532044,0.0211308
QLSTM,2,9,0.5760963,0.52003485,0.55481136,0.5719794,0.0261766891926527,0.056061447,0.051944554,0.021284938
QLSTM,2,9,0.5711192,0.54269385,0.5765808,0.56919706,0.0261766891926527,0.028425336,0.026503205,0.005461633
QLSTM,2,9,0.59147,0.5603354,0.59504056,0.6106551,0.0261766891926527,0.031134605,0.05031973,0.0035705566
QLSTM,2,9,0.6014812,0.5671398,0.6027003,0.60155314,0.0261766891926527,0.034341395,0.034413338,0.0012190938
QLSTM,2,9,0.60316616,0.5635886,0.5994195,0.59485734,0.0261766891926527,0.039577544,0.031268716,0.0037466884
QLSTM,2,9,0.59736717,0.5532788,0.58916235,0.58871126,0.0261766891926527,0.044088364,0.035432458,0.008204818
QLSTM,2,9,0.5852345,0.54212093,0.5780577,0.5792215,0.0261766891926527,0.04311359,0.037100554,0.0071768165
QLSTM,2,9,0.5770084,0.54009736,0.5751563,0.57835436,0.0261766891926527,0.03691107,0.038257003,0.0018521547
LSTM,2,9,0.6655007,0.66567445,0.71985507,0.6625767,0.0261766891926527,0.00017374754,0.0030977726,0.05435437
LSTM,2,9,0.6549825,0.66168046,0.7143315,0.6555972,0.0261766891926527,0.0066979527,0.00608325,0.059349
LSTM,2,9,0.643466,0.6575201,0.7093908,0.64245784,0.0261766891926527,0.01405412,0.015062273,0.06592482
LSTM,2,9,0.63743114,0.6508291,0.7017831,0.6408596,0.0261766891926527,0.013397932,0.009969473,0.064351976
LSTM,2,9,0.62982273,0.64476234,0.6944658,0.63000256,0.0261766891926527,0.014939606,0.014759779,0.064643085
LSTM,2,9,0.62846136,0.64896274,0.6960654,0.6330352,0.0261766891926527,0.020501375,0.015927553,0.067604065
LSTM,2,9,0.62229055,0.65097606,0.69907105,0.6206795,0.0261766891926527,0.02868551,0.030296564,0.0767805
LSTM,2,9,0.615911,0.6479528,0.6966045,0.6149437,0.0261766891926527,0.032041788,0.033009112,0.08069348
LSTM,2,9,0.61209536,0.6418245,0.6898885,0.6140443,0.0261766891926527,0.029729128,0.027780175,0.07779312
LSTM,2,9,0.60694766,0.63275117,0.67897487,0.60699284,0.0261766891926527,0.025803506,0.025758326,0.07202721
LSTM,2,9,0.60580075,0.6241251,0.6655007,0.6086717,0.0261766891926527,0.018324375,0.015453398,0.059699953
LSTM,2,9,0.60355675,0.62292475,0.6549825,0.6036723,0.0261766891926527,0.019367993,0.01925242,0.051425755
LSTM,2,9,0.59711206,0.62105095,0.643466,0.59402025,0.0261766891926527,0.023938894,0.027030706,0.046353936
LSTM,2,9,0.59268415,0.62101555,0.63743114,0.5931524,0.0261766891926527,0.028331399,0.027863145,0.044746995
LSTM,2,9,0.61213887,0.6195706,0.62982273,0.6306968,0.0261766891926527,0.0074317455,0.011126161,0.017683864
LSTM,2,9,0.62766594,0.6199567,0.62846136,0.6324123,0.0261766891926527,0.0077092648,0.012455642,0.000795424
LSTM,2,9,0.63170946,0.6160754,0.62229055,0.62332475,0.0261766891926527,0.01563406,0.0072493553,0.009418905
LSTM,2,9,0.6267816,0.6120304,0.615911,0.6166962,0.0261766891926527,0.014751196,0.004665792,0.010870576
LSTM,2,9,0.614062,0.6099518,0.61209536,0.6064625,0.0261766891926527,0.004110217,0.0034893155,0.0019666553
LSTM,2,9,0.6016182,0.60756636,0.60694766,0.5999553,0.0261766891926527,0.005948186,0.0076110363,0.0053294897
LSTM,2,9,0.5937303,0.6065041,0.60580075,0.59512794,0.0261766891926527,0.012773812,0.0113761425,0.012070477
LSTM,2,9,0.5912052,0.6050374,0.60355675,0.5946282,0.0261766891926527,0.0138322115,0.010409176,0.0123515725
LSTM,2,9,0.5851127,0.5994447,0.59711206,0.58353484,0.0261766891926527,0.014331996,0.01590985,0.011999369
LSTM,2,9,0.58050644,0.5957866,0.59268415,0.5807674,0.0261766891926527,0.0152801275,0.015019178,0.012177706
LSTM,2,9,0.5766738,0.61524093,0.61213887,0.5777782,0.0261766891926527,0.038567126,0.03746271,0.03546506
LSTM,2,9,0.5733461,0.62860006,0.62766594,0.57442623,0.0261766891926527,0.055253983,0.054173827,0.05431986
LSTM,2,9,0.5708839,0.62961626,0.63170946,0.5717865,0.0261766891926527,0.05873233,0.057829738,0.060825527
LSTM,2,9,0.56974226,0.6237852,0.6267816,0.5709008,0.0261766891926527,0.054042935,0.0528844,0.05703932
LSTM,2,9,0.5678824,0.6119186,0.614062,0.56802934,0.0261766891926527,0.04403621,0.043889284,0.046179593
LSTM,2,9,0.5635548,0.60127175,0.6016182,0.56181824,0.0261766891926527,0.037716925,0.039453506,0.038063347
LSTM,2,9,0.56349754,0.59631246,0.5937303,0.56602496,0.0261766891926527,0.03281492,0.030287504,0.030232728
LSTM,2,9,0.5599026,0.59419096,0.5912052,0.5585051,0.0261766891926527,0.034288347,0.035685837,0.03130257
LSTM,2,9,0.5588717,0.58914363,0.5851127,0.5600215,0.0261766891926527,0.030271947,0.029122114,0.026241004
LSTM,2,9,0.55481136,0.58515346,0.58050644,0.55298865,0.0261766891926527,0.030342102,0.032164812,0.025695086
LSTM,2,9,0.5765808,0.5819501,0.5766738,0.59539515,0.0261766891926527,0.0053693056,0.01344502,9.2983246e-05
LSTM,2,9,0.59504056,0.5799659,0.5733461,0.6006194,0.0261766891926527,0.01507467,0.020653486,0.021694481
LSTM,2,9,0.6027003,0.576993,0.5708839,0.5953455,0.0261766891926527,0.025707304,0.018352509,0.031816363
LSTM,2,9,0.5994195,0.57588965,0.56974226,0.5882188,0.0261766891926527,0.023529828,0.012329161,0.029677212
LSTM,2,9,0.58916235,0.5742703,0.5678824,0.5814055,0.0261766891926527,0.014892042,0.0071352124,0.021279931
LSTM,2,9,0.5780577,0.5699256,0.5635548,0.57580763,0.0261766891926527,0.0081321,0.0058820248,0.014502883
LSTM,2,9,0.5751563,0.57092446,0.56349754,0.5791837,0.0261766891926527,0.0042318106,0.008259237,0.011658728
LSTM,2,9,0.5791027,0.5668398,0.5599026,0.5846143,0.0261766891926527,0.012262881,0.017774463,0.019200087
LSTM,2,9,0.5800025,0.56583256,0.5588717,0.57940745,0.0261766891926527,0.014169931,0.013574898,0.0211308
LSTM,2,9,0.5760963,0.5619982,0.55481136,0.5719794,0.0261766891926527,0.014098108,0.009981215,0.021284938
LSTM,2,9,0.5711192,0.58352697,0.5765808,0.56919706,0.0261766891926527,0.01240778,0.01432991,0.005461633
LSTM,2,9,0.59147,0.601589,0.59504056,0.6106551,0.0261766891926527,0.010119021,0.009066105,0.0035705566
LSTM,2,9,0.6014812,0.60732245,0.6027003,0.60155314,0.0261766891926527,0.005841255,0.0057693124,0.0012190938
LSTM,2,9,0.60316616,0.60340756,0.5994195,0.59485734,0.0261766891926527,0.00024139881,0.008550227,0.0037466884
LSTM,2,9,0.59736717,0.5931725,0.58916235,0.58871126,0.0261766891926527,0.004194677,0.004461229,0.008204818
LSTM,2,9,0.5852345,0.5824678,0.5780577,0.5792215,0.0261766891926527,0.0027667284,0.0032463074,0.0071768165
LSTM,2,9,0.5770084,0.5812018,0.5751563,0.57835436,0.0261766891926527,0.0041933656,0.002847433,0.0018521547
GRU,2,9,0.6655007,0.67011833,0.71985507,0.6625767,0.0261766891926527,0.0046176314,0.0075416565,0.05435437
GRU,2,9,0.6549825,0.66563296,0.7143315,0.6555972,0.0261766891926527,0.010650456,0.010035753,0.059349
GRU,2,9,0.643466,0.6614119,0.7093908,0.64245784,0.0261766891926527,0.017945886,0.018954039,0.06592482
GRU,2,9,0.63743114,0.6554582,0.7017831,0.6408596,0.0261766891926527,0.018027067,0.014598608,0.064351976
GRU,2,9,0.62982273,0.64937437,0.6944658,0.63000256,0.0261766891926527,0.019551635,0.019371808,0.064643085
GRU,2,9,0.62846136,0.651707,0.6960654,0.6330352,0.0261766891926527,0.023245633,0.01867181,0.067604065
GRU,2,9,0.62229055,0.6540549,0.69907105,0.6206795,0.0261766891926527,0.03176433,0.033375382,0.0767805
GRU,2,9,0.615911,0.651788,0.6966045,0.6149437,0.0261766891926527,0.03587699,0.036844313,0.08069348
GRU,2,9,0.61209536,0.64606106,0.6898885,0.6140443,0.0261766891926527,0.033965707,0.032016754,0.07779312
GRU,2,9,0.60694766,0.6366948,0.67897487,0.60699284,0.0261766891926527,0.029747128,0.029701948,0.07202721
GRU,2,9,0.60580075,0.6252893,0.6655007,0.6086717,0.0261766891926527,0.019488573,0.016617596,0.059699953
GRU,2,9,0.60355675,0.6165655,0.6549825,0.6036723,0.0261766891926527,0.013008773,0.0128932,0.051425755
GRU,2,9,0.59711206,0.6064962,0.643466,0.59402025,0.0261766891926527,0.009384155,0.012475967,0.046353936
GRU,2,9,0.59268415,0.6017211,0.63743114,0.5931524,0.0261766891926527,0.009036958,0.008568704,0.044746995
GRU,2,9,0.61213887,0.59571254,0.62982273,0.6306968,0.0261766891926527,0.016426325,0.03498423,0.017683864
GRU,2,9,0.62766594,0.5947256,0.62846136,0.6324123,0.0261766891926527,0.032940328,0.037686706,0.000795424
GRU,2,9,0.63170946,0.5895345,0.62229055,0.62332475,0.0261766891926527,0.042174935,0.03379023,0.009418905
GRU,2,9,0.6267816,0.5842224,0.615911,0.6166962,0.0261766891926527,0.042559206,0.032473803,0.010870576
GRU,2,9,0.614062,0.58111674,0.61209536,0.6064625,0.0261766891926527,0.032945275,0.025345743,0.0019666553
GRU,2,9,0.6016182,0.57716286,0.60694766,0.5999553,0.0261766891926527,0.024455309,0.022792459,0.0053294897
GRU,2,9,0.5937303,0.5759149,0.60580075,0.59512794,0.0261766891926527,0.017815351,0.01921302,0.012070477
GRU,2,9,0.5912052,0.57407427,0.60355675,0.5946282,0.0261766891926527,0.017130911,0.020553946,0.0123515725
GRU,2,9,0.5851127,0.5683427,0.59711206,0.58353484,0.0261766891926527,0.016770005,0.015192151,0.011999369
GRU,2,9,0.58050644,0.56463456,0.59268415,0.5807674,0.0261766891926527,0.015871882,0.016132832,0.012177706
GRU,2,9,0.5766738,0.58289456,0.61213887,0.5777782,0.0261766891926527,0.006220758,0.0051163435,0.03546506
GRU,2,9,0.5733461,0.59645814,0.62766594,0.57442623,0.0261766891926527,0.023112059,0.022031903,0.05431986
GRU,2,9,0.5708839,0.59925354,0.63170946,0.5717865,0.0261766891926527,0.028369606,0.027467012,0.060825527
GRU,2,9,0.56974226,0.5941842,0.6267816,0.5709008,0.0261766891926527,0.024441957,0.023283422,0.05703932
GRU,2,9,0.5678824,0.5826566,0.614062,0.56802934,0.0261766891926527,0.014774203,0.014627278,0.046179593
GRU,2,9,0.5635548,0.57165104,0.6016182,0.56181824,0.0261766891926527,0.008096218,0.009832799,0.038063347
GRU,2,9,0.56349754,0.5654682,0.5937303,0.56602496,0.0261766891926527,0.0019706488,0.000556767,0.030232728
GRU,2,9,0.5599026,0.5631086,0.5912052,0.5585051,0.0261766891926527,0.0032060146,0.004603505,0.03130257
GRU,2,9,0.5588717,0.5579577,0.5851127,0.5600215,0.0261766891926527,0.0009139776,0.0020638108,0.026241004
GRU,2,9,0.55481136,0.554063,0.58050644,0.55298865,0.0261766891926527,0.0007483363,0.0010743737,0.025695086
GRU,2,9,0.5765808,0.550978,0.5766738,0.59539515,0.0261766891926527,0.025602818,0.044417143,9.2983246e-05
GRU,2,9,0.59504056,0.54886067,0.5733461,0.6006194,0.0261766891926527,0.04617989,0.051758707,0.021694481
GRU,2,9,0.6027003,0.5462083,0.5708839,0.5953455,0.0261766891926527,0.05649197,0.049137175,0.031816363
GRU,2,9,0.5994195,0.54535025,0.56974226,0.5882188,0.0261766891926527,0.05406922,0.042868555,0.029677212
GRU,2,9,0.58916235,0.5439541,0.5678824,0.5814055,0.0261766891926527,0.045208275,0.037451446,0.021279931
GRU,2,9,0.5780577,0.5399565,0.5635548,0.57580763,0.0261766891926527,0.038101196,0.03585112,0.014502883
GRU,2,9,0.5751563,0.5407657,0.56349754,0.5791837,0.0261766891926527,0.03439057,0.038417995,0.011658728
GRU,2,9,0.5791027,0.5370616,0.5599026,0.5846143,0.0261766891926527,0.042041123,0.047552705,0.019200087
GRU,2,9,0.5800025,0.5363006,0.5588717,0.57940745,0.0261766891926527,0.043701887,0.043106854,0.0211308
GRU,2,9,0.5760963,0.53276044,0.55481136,0.5719794,0.0261766891926527,0.043335855,0.039218962,0.021284938
GRU,2,9,0.5711192,0.5514854,0.5765808,0.56919706,0.0261766891926527,0.01963377,0.01771164,0.005461633
GRU,2,9,0.59147,0.5686632,0.59504056,0.6106551,0.0261766891926527,0.022806823,0.04199195,0.0035705566
GRU,2,9,0.6014812,0.57472795,0.6027003,0.60155314,0.0261766891926527,0.026753247,0.02682519,0.0012190938
GRU,2,9,0.60316616,0.57124233,0.5994195,0.59485734,0.0261766891926527,0.03192383,0.023615003,0.0037466884
GRU,2,9,0.59736717,0.5617577,0.58916235,0.58871126,0.0261766891926527,0.035609484,0.026953578,0.008204818
GRU,2,9,0.5852345,0.5518942,0.5780577,0.5792215,0.0261766891926527,0.033340335,0.0273273,0.0071768165
GRU,2,9,0.5770084,0.5505774,0.5751563,0.57835436,0.0261766891926527,0.026431024,0.027776957,0.0018521547
MLP,2,9,0.6655007,0.66499305,0.71985507,0.6625767,0.0261766891926527,0.00050765276,0.0024163723,0.05435437
MLP,2,9,0.6549825,0.66033274,0.7143315,0.6555972,0.0261766891926527,0.005350232,0.0047355294,0.059349
MLP,2,9,0.643466,0.65704906,0.7093908,0.64245784,0.0261766891926527,0.013583064,0.014591217,0.06592482
MLP,2,9,0.63743114,0.6503168,0.7017831,0.6408596,0.0261766891926527,0.01288563,0.009457171,0.064351976
MLP,2,9,0.62982273,0.64177024,0.6944658,0.63000256,0.0261766891926527,0.011947513,0.011767685,0.064643085
MLP,2,9,0.62846136,0.6458254,0.6960654,0.6330352,0.0261766891926527,0.017364025,0.012790203,0.067604065
MLP,2,9,0.62229055,0.6484426,0.69907105,0.6206795,0.0261766891926527,0.026152074,0.027763128,0.0767805
MLP,2,9,0.615911,0.6499834,0.6966045,0.6149437,0.0261766891926527,0.0340724,0.035039723,0.08069348
MLP,2,9,0.61209536,0.64126843,0.6898885,0.6140443,0.0261766891926527,0.029173076,0.027224123,0.07779312
MLP,2,9,0.60694766,0.630302,0.67897487,0.60699284,0.0261766891926527,0.023354352,0.023309171,0.07202721
MLP,2,9,0.60580075,0.6184563,0.6655007,0.6086717,0.0261766891926527,0.012655556,0.009784579,0.059699953
MLP,2,9,0.60355675,0.6145914,0.6549825,0.6036723,0.0261766891926527,0.0110346675,0.010919094,0.051425755
MLP,2,9,0.59711206,0.6035175,0.643466,0.59402025,0.0261766891926527,0.006405413,0.009497225,0.046353936
MLP,2,9,0.59268415,0.60363185,0.63743114,0.5931524,0.0261766891926527,0.010947704,0.01047945,0.044746995
MLP,2,9,0.61213887,0.6032177,0.62982273,0.6306968,0.0261766891926527,0.008921146,0.027479053,0.017683864
MLP,2,9,0.62766594,0.59966046,0.62846136,0.6324123,0.0261766891926527,0.02800548,0.03275186,0.000795424
MLP,2,9,0.63170946,0.60318446,0.62229055,0.62332475,0.0261766891926527,0.028524995,0.02014029,0.009418905
MLP,2,9,0.6267816,0.5983266,0.615911,0.6166962,0.0261766891926527,0.02845496,0.018369555,0.010870576
MLP,2,9,0.614062,0.5959207,0.61209536,0.6064625,0.0261766891926527,0.01814133,0.010541797,0.0019666553
MLP,2,9,0.6016182,0.59614134,0.60694766,0.5999553,0.0261766891926527,0.0054768324,0.003813982,0.0053294897
MLP,2,9,0.5937303,0.5920566,0.60580075,0.59512794,0.0261766891926527,0.0016736984,0.0030713677,0.012070477
MLP,2,9,0.5912052,0.59508383,0.60355675,0.5946282,0.0261766891926527,0.003878653,0.0004556179,0.0123515725
MLP,2,9,0.5851127,0.58829015,0.59711206,0.58353484,0.0261766891926527,0.003177464,0.004755318,0.011999369
MLP,2,9,0.58050644,0.58534825,0.59268415,0.5807674,0.0261766891926527,0.0048418045,0.0045808554,0.012177706
MLP,2,9,0.5766738,0.60714185,0.61213887,0.5777782,0.0261766891926527,0.030468047,0.029363632,0.03546506
MLP,2,9,0.5733461,0.6168026,0.62766594,0.57442623,0.0261766891926527,0.043456495,0.04237634,0.05431986
MLP,2,9,0.5708839,0.6215139,0.63170946,0.5717865,0.0261766891926527,0.050629973,0.04972738,0.060825527
MLP,2,9,0.56974226,0.61354506,0.6267816,0.5709008,0.0261766891926527,0.043802798,0.042644262,0.05703932
MLP,2,9,0.5678824,0.6025063,0.614062,0.56802934,0.0261766891926527,0.03462386,0.034476936,0.046179593
MLP,2,9,0.5635548,0.5895748,0.6016182,0.56181824,0.0261766891926527,0.02601999,0.027756572,0.038063347
MLP,2,9,0.56349754,0.58396274,0.5937303,0.56602496,0.0261766891926527,0.020465195,0.01793778,0.030232728
MLP,2,9,0.5599026,0.580538,0.5912052,0.5585051,0.0261766891926527,0.020635366,0.022032857,0.03130257
MLP,2,9,0.5588717,0.58088076,0.5851127,0.5600215,0.0261766891926527,0.022009075,0.020859241,0.026241004
MLP,2,9,0.55481136,0.5782714,0.58050644,0.55298865,0.0261766891926527,0.02346003,0.02528274,0.025695086
MLP,2,9,0.5765808,0.57615536,0.5766738,0.59539515,0.0261766891926527,0.00042545795,0.019239783,9.2983246e-05
MLP,2,9,0.59504056,0.5772752,0.5733461,0.6006194,0.0261766891926527,0.017765343,0.02334416,0.021694481
MLP,2,9,0.6027003,0.57284313,0.5708839,0.5953455,0.0261766891926527,0.029857159,0.022502363,0.031816363
MLP,2,9,0.5994195,0.5778103,0.56974226,0.5882188,0.0261766891926527,0.021609187,0.010408521,0.029677212
MLP,2,9,0.58916235,0.57454365,0.5678824,0.5814055,0.0261766891926527,0.014618695,0.0068618655,0.021279931
MLP,2,9,0.5780577,0.5730509,0.5635548,0.57580763,0.0261766891926527,0.00500679,0.0027567148,0.014502883
MLP,2,9,0.5751563,0.57473445,0.56349754,0.5791837,0.0261766891926527,0.00042182207,0.0044492483,0.011658728
MLP,2,9,0.5791027,0.5687624,0.5599026,0.5846143,0.0261766891926527,0.010340273,0.015851855,0.019200087
MLP,2,9,0.5800025,0.5733043,0.5588717,0.57940745,0.0261766891926527,0.006698191,0.006103158,0.0211308
MLP,2,9,0.5760963,0.5656668,0.55481136,0.5719794,0.0261766891926527,0.0104295015,0.0063126087,0.021284938
MLP,2,9,0.5711192,0.5908554,0.5765808,0.56919706,0.0261766891926527,0.01973623,0.021658361,0.005461633
MLP,2,9,0.59147,0.60218215,0.59504056,0.6106551,0.0261766891926527,0.010712147,0.008472979,0.0035705566
MLP,2,9,0.6014812,0.60935014,0.6027003,0.60155314,0.0261766891926527,0.007868946,0.007797003,0.0012190938
MLP,2,9,0.60316616,0.6021967,0.5994195,0.59485734,0.0261766891926527,0.00096946955,0.0073393583,0.0037466884
MLP,2,9,0.59736717,0.5935265,0.58916235,0.58871126,0.0261766891926527,0.003840685,0.004815221,0.008204818
MLP,2,9,0.5852345,0.58007437,0.5780577,0.5792215,0.0261766891926527,0.005160153,0.00085288286,0.0071768165
MLP,2,9,0.5770084,0.5776107,0.5751563,0.57835436,0.0261766891926527,0.00060224533,0.00074368715,0.0018521547
Seq2Seq,2,9,0.6655007,0.6693512,0.71985507,0.6625767,0.0261766891926527,0.0038505197,0.0067745447,0.05435437
Seq2Seq,2,9,0.6549825,0.66585827,0.7143315,0.6555972,0.0261766891926527,0.0108757615,0.010261059,0.059349
Seq2Seq,2,9,0.643466,0.6608467,0.7093908,0.64245784,0.0261766891926527,0.017380714,0.018388867,0.06592482
Seq2Seq,2,9,0.63743114,0.6536872,0.7017831,0.6408596,0.0261766891926527,0.016256034,0.012827575,0.064351976
Seq2Seq,2,9,0.62982273,0.6467079,0.6944658,0.63000256,0.0261766891926527,0.016885161,0.016705334,0.064643085
Seq2Seq,2,9,0.62846136,0.65066355,0.6960654,0.6330352,0.0261766891926527,0.022202194,0.017628372,0.067604065
Seq2Seq,2,9,0.62229055,0.65265167,0.69907105,0.6206795,0.0261766891926527,0.030361116,0.03197217,0.0767805
Seq2Seq,2,9,0.615911,0.6502413,0.6966045,0.6149437,0.0261766891926527,0.03433031,0.035297632,0.08069348
Seq2Seq,2,9,0.61209536,0.64399284,0.6898885,0.6140443,0.0261766891926527,0.031897485,0.029948533,0.07779312
Seq2Seq,2,9,0.60694766,0.6336141,0.67897487,0.60699284,0.0261766891926527,0.026666462,0.026621282,0.07202721
Seq2Seq,2,9,0.60580075,0.6212191,0.6655007,0.6086717,0.0261766891926527,0.015418351,0.012547374,0.059699953
Seq2Seq,2,9,0.60355675,0.6103333,0.6549825,0.6036723,0.0261766891926527,0.0067765713,0.006660998,0.051425755
Seq2Seq,2,9,0.59711206,0.5999611,0.643466,0.59402025,0.0261766891926527,0.0028490424,0.0059408545,0.046353936
Seq2Seq,2,9,0.59268415,0.5952467,0.63743114,0.5931524,0.0261766891926527,0.002562523,0.0020942688,0.044746995
Seq2Seq,2,9,0.61213887,0.58933455,0.62982273,0.6306968,0.0261766891926527,0.02280432,0.041362226,0.017683864
Seq2Seq,2,9,0.62766594,0.5885905,0.62846136,0.6324123,0.0261766891926527,0.039075434,0.04382181,0.000795424
Seq2Seq,2,9,0.63170946,0.5840541,0.62229055,0.62332475,0.0261766891926527,0.047655344,0.03927064,0.009418905
Seq2Seq,2,9,0.6267816,0.57860726,0.615911,0.6166962,0.0261766891926527,0.04817432,0.038088918,0.010870576
Seq2Seq,2,9,0.614062,0.57547057,0.61209536,0.6064625,0.0261766891926527,0.038591444,0.030991912,0.0019666553
Seq2Seq,2,9,0.6016182,0.57252574,0.60694766,0.5999553,0.0261766891926527,0.029092431,0.02742958,0.0053294897
Seq2Seq,2,9,0.5937303,0.5702815,0.60580075,0.59512794,0.0261766891926527,0.023448765,0.024846435,0.012070477
Seq2Seq,2,9,0.5912052,0.5686585,0.60355675,0.5946282,0.0261766891926527,0.022546709,0.025969744,0.0123515725
Seq2Seq,2,9,0.5851127,0.56314266,0.59711206,0.58353484,0.0261766891926527,0.021970034,0.02039218,0.011999369
Seq2Seq,2,9,0.58050644,0.5594457,0.59268415,0.5807674,0.0261766891926527,0.021060765,0.021321714,0.012177706
Seq2Seq,2,9,0.5766738,0.58127457,0.61213887,0.5777782,0.0261766891926527,0.0046007633,0.0034963489,0.03546506
Seq2Seq,2,9,0.5733461,0.5936728,0.62766594,0.57442623,0.0261766891926527,0.020326734,0.019246578,0.05431986
Seq2Seq,2,9,0.5708839,0.5971323,0.63170946,0.5717865,0.0261766891926527,0.026248395,0.025345802,0.060825527
Seq2Seq,2,9,0.56974226,0.5926068,0.6267816,0.5709008,0.0261766891926527,0.02286452,0.021705985,0.05703932
Seq2Seq,2,9,0.5678824,0.580357,0.614062,0.56802934,0.0261766891926527,0.0124745965,0.012327671,0.046179593
Seq2Seq,2,9,0.5635548,0.56869674,0.6016182,0.56181824,0.0261766891926527,0.005141914,0.006878495,0.038063347
Seq2Seq,2,9,0.56349754,0.56014127,0.5937303,0.56602496,0.0261766891926527,0.003356278,0.0058836937,0.030232728
Seq2Seq,2,9,0.5599026,0.5571048,0.5912052,0.5585051,0.0261766891926527,0.0027977824,0.0014002919,0.03130257
Seq2Seq,2,9,0.5588717,0.5518134,0.5851127,0.5600215,0.0261766891926527,0.007058263,0.008208096,0.026241004
Seq2Seq,2,9,0.55481136,0.54833275,0.58050644,0.55298865,0.0261766891926527,0.0064786077,0.0046558976,0.025695086
Seq2Seq,2,9,0.5765808,0.5458948,0.5766738,0.59539515,0.0261766891926527,0.03068602,0.049500346,9.2983246e-05
Seq2Seq,2,9,0.59504056,0.5452939,0.5733461,0.6006194,0.0261766891926527,0.049746633,0.05532545,0.021694481
Seq2Seq,2,9,0.6027003,0.54130715,0.5708839,0.5953455,0.0261766891926527,0.06139314,0.054038346,0.031816363
Seq2Seq,2,9,0.5994195,0.54085696,0.56974226,0.5882188,0.0261766891926527,0.058562517,0.04736185,0.029677212
Seq2Seq,2,9,0.58916235,0.5395483,0.5678824,0.5814055,0.0261766891926527,0.04961407,0.041857243,0.021279931
Seq2Seq,2,9,0.5780577,0.5362487,0.5635548,0.57580763,0.0261766891926527,0.041809022,0.039558947,0.014502883
Seq2Seq,2,9,0.5751563,0.5386227,0.56349754,0.5791837,0.0261766891926527,0.036533594,0.04056102,0.011658728
Seq2Seq,2,9,0.5791027,0.5327667,0.5599026,0.5846143,0.0261766891926527,0.046335995,0.051847577,0.019200087
Seq2Seq,2,9,0.5800025,0.53214,0.5588717,0.57940745,0.0261766891926527,0.04786247,0.047267437,0.0211308
Seq2Seq,2,9,0.5760963,0.528183,0.55481136,0.5719794,0.0261766891926527,0.047913313,0.04379642,0.021284938
Seq2Seq,2,9,0.5711192,0.5528521,0.5765808,0.56919706,0.0261766891926527,0.018267095,0.016344965,0.005461633
Seq2Seq,2,9,0.59147,0.56944954,0.59504056,0.6106551,0.0261766891926527,0.02202046,0.041205585,0.0035705566
Seq2Seq,2,9,0.6014812,0.5741029,0.6027003,0.60155314,0.0261766891926527,0.02737832,0.027450264,0.0012190938
Seq2Seq,2,9,0.60316616,0.5711427,0.5994195,0.59485734,0.0261766891926527,0.03202349,0.023714662,0.0037466884
Seq2Seq,2,9,0.59736717,0.5615954,0.58916235,0.58871126,0.0261766891926527,0.035771787,0.027115881,0.008204818
Seq2Seq,2,9,0.5852345,0.5529098,0.5780577,0.5792215,0.0261766891926527,0.03232473,0.026311696,0.0071768165
Seq2Seq,2,9,0.5770084,0.54686594,0.5751563,0.57835436,0.0261766891926527,0.030142486,0.03148842,0.0018521547
Persistence,3,5,0.8306902,0.8517722,0.8517722,0.8303355,0.0261766891926527,0.021081984,0.021436691,0.021081984
Persistence,3,5,0.8272855,0.8479295,0.8479295,0.82653224,0.0261766891926527,0.02064395,0.021397233,0.02064395
Persistence,3,5,0.8245944,0.84588766,0.84588766,0.824977,0.0261766891926527,0.021293283,0.02091068,0.021293283
Persistence,3,5,0.8325516,0.84355783,0.84355783,0.8406489,0.0261766891926527,0.011006236,0.002908945,0.011006236
Persistence,3,5,0.83559513,0.84226376,0.84226376,0.835026,0.0261766891926527,0.0066686273,0.0072377324,0.0066686273
Persistence,3,5,0.83618826,0.8396837,0.8396837,0.8335909,0.0261766891926527,0.0034954548,0.006092787,0.0034954548
Persistence,3,5,0.8324645,0.8371279,0.8371279,0.8284433,0.0261766891926527,0.004663408,0.008684635,0.004663408
Persistence,3,5,0.8256596,0.8354327,0.8354327,0.822491,0.0261766891926527,0.009773135,0.012941718,0.009773135
Persistence,3,5,0.81982565,0.836003,0.836003,0.8196073,0.0261766891926527,0.016177356,0.016395688,0.016177356
Persistence,3,5,0.8180808,0.8329167,0.8329167,0.82053,0.0261766891926527,0.014835894,0.01238668,0.014835894
Persistence,3,5,0.81516784,0.8306902,0.8306902,0.81493366,0.0261766891926527,0.015522361,0.015756547,0.015522361
Persistence,3,5,0.8123032,0.8272855,0.8272855,0.81192684,0.0261766891926527,0.014982343,0.015358686,0.014982343
Persistence,3,5,0.8082532,0.8245944,0.8245944,0.80729663,0.0261766891926527,0.01634115,0.017297745,0.01634115
Persistence,3,5,0.8039162,0.8325516,0.8325516,0.80360204,0.0261766891926527,0.028635383,0.028949559,0.028635383
Persistence,3,5,0.80021334,0.83559513,0.83559513,0.8006332,0.0261766891926527,0.035381794,0.03496194,0.035381794
Persistence,3,5,0.7951479,0.83618826,0.83618826,0.79410505,0.0261766891926527,0.04104036,0.042083204,0.04104036
Persistence,3,5,0.7926011,0.8324645,0.8324645,0.79399276,0.0261766891926527,0.039863408,0.03847176,0.039863408
Persistence,3,5,0.7896191,0.8256596,0.8256596,0.7899583,0.0261766891926527,0.036040485,0.035701275,0.036040485
Persistence,3,5,0.7844208,0.81982565,0.81982565,0.78279734,0.0261766891926527,0.03540486,0.037028313,0.03540486
Persistence,3,5,0.7700042,0.8180808,0.8180808,0.76230097,0.0261766891926527,0.04807657,0.055779815,0.04807657
Persistence,3,5,0.7602597,0.81516784,0.81516784,0.7607637,0.0261766891926527,0.054908156,0.05440414,0.054908156
Persistence,3,5,0.7541636,0.8123032,0.8123032,0.7577662,0.0261766891926527,0.058139563,0.054537,0.058139563
Persistence,3,5,0.7498456,0.8082532,0.8082532,0.75221246,0.0261766891926527,0.058407605,0.056040764,0.058407605
Persistence,3,5,0.7480959,0.8039162,0.8039162,0.75007534,0.0261766891926527,0.055820286,0.053840876,0.055820286
Persistence,3,5,0.7448916,0.80021334,0.80021334,0.7445056,0.0261766891926527,0.055321753,0.055707753,0.055321753
Persistence,3,5,0.7407487,0.7951479,0.7951479,0.7405075,0.0261766891926527,0.054399192,0.054640412,0.054399192
Persistence,3,5,0.7373877,0.7926011,0.7926011,0.738131,0.0261766891926527,0.05521339,0.05447012,0.05521339
Persistence,3,5,0.73336273,0.7896191,0.7896191,0.73312753,0.0261766891926527,0.056256354,0.056491554,0.056256354
Persistence,3,5,0.72960824,0.7844208,0.7844208,0.72966415,0.0261766891926527,0.05481255,0.05475664,0.05481255
Persistence,3,5,0.7241428,0.7700042,0.7700042,0.72285205,0.0261766891926527,0.045861423,0.04715216,0.045861423
Persistence,3,5,0.71971875,0.7602597,0.7602597,0.7200343,0.0261766891926527,0.040540934,0.040225387,0.040540934
Persistence,3,5,0.7147117,0.7541636,0.7541636,0.7145157,0.0261766891926527,0.039451897,0.039647937,0.039451897
Persistence,3,5,0.7041333,0.7498456,0.7498456,0.6997205,0.0261766891926527,0.04571235,0.050125122,0.04571235
Persistence,3,5,0.69715947,0.7480959,0.7480959,0.6979818,0.0261766891926527,0.05093646,0.050114155,0.05093646
Persistence,3,5,0.6934021,0.7448916,0.7448916,0.6964892,0.0261766891926527,0.051489472,0.04840237,0.051489472
Persistence,3,5,0.6875114,0.7407487,0.7407487,0.6870386,0.0261766891926527,0.05323732,0.053710103,0.05323732
Persistence,3,5,0.6854912,0.7373877,0.7373877,0.68762463,0.0261766891926527,0.051896513,0.049763083,0.051896513
Persistence,3,5,0.68005925,0.73336273,0.73336273,0.6784438,0.0261766891926527,0.05330348,0.054918945,0.05330348
Persistence,3,5,0.67357844,0.72960824,0.72960824,0.67246604,0.0261766891926527,0.056029797,0.057142198,0.056029797
Persistence,3,5,0.6682152,0.7241428,0.7241428,0.6687346,0.0261766891926527,0.055927575,0.05540818,0.055927575
MQAttn-LSTM-VQR,3,5,0.8306902,0.82469064,0.8517722,0.8303355,0.0261766891926527,0.005999565,0.005644858,0.021081984
MQAttn-LSTM-VQR,3,5,0.8272855,0.8225772,0.8479295,0.82653224,0.0261766891926527,0.0047083497,0.003955066,0.02064395
MQAttn-LSTM-VQR,3,5,0.8245944,0.82069814,0.84588766,0.824977,0.0261766891926527,0.0038962364,0.0042788386,0.021293283
MQAttn-LSTM-VQR,3,5,0.8325516,0.8133707,0.84355783,0.8406489,0.0261766891926527,0.019180894,0.027278185,0.011006236
MQAttn-LSTM-VQR,3,5,0.83559513,0.81427926,0.84226376,0.835026,0.0261766891926527,0.021315873,0.020746768,0.0066686273
MQAttn-LSTM-VQR,3,5,0.83618826,0.8121793,0.8396837,0.8335909,0.0261766891926527,0.02400893,0.021411598,0.0034954548
MQAttn-LSTM-VQR,3,5,0.8324645,0.81021065,0.8371279,0.8284433,0.0261766891926527,0.022253871,0.018232644,0.004663408
MQAttn-LSTM-VQR,3,5,0.8256596,0.808543,0.8354327,0.822491,0.0261766891926527,0.017116547,0.013947964,0.009773135
MQAttn-LSTM-VQR,3,5,0.81982565,0.8043766,0.836003,0.8196073,0.0261766891926527,0.015449047,0.015230715,0.016177356
MQAttn-LSTM-VQR,3,5,0.8180808,0.80420053,0.8329167,0.82053,0.0261766891926527,0.013880253,0.016329467,0.014835894
MQAttn-LSTM-VQR,3,5,0.81516784,0.80277914,0.8306902,0.81493366,0.0261766891926527,0.012388706,0.01215452,0.015522361
MQAttn-LSTM-VQR,3,5,0.8123032,0.79945606,0.8272855,0.81192684,0.0261766891926527,0.0128471255,0.012470782,0.014982343
MQAttn-LSTM-VQR,3,5,0.8082532,0.7971996,0.8245944,0.80729663,0.0261766891926527,0.011053622,0.010097027,0.01634115
MQAttn-LSTM-VQR,3,5,0.8039162,0.8001084,0.8325516,0.80360204,0.0261766891926527,0.0038078427,0.0034936666,0.028635383
MQAttn-LSTM-VQR,3,5,0.80021334,0.80301714,0.83559513,0.8006332,0.0261766891926527,0.0028038025,0.0023839474,0.035381794
MQAttn-LSTM-VQR,3,5,0.7951479,0.8078003,0.83618826,0.79410505,0.0261766891926527,0.012652397,0.01369524,0.04104036
MQAttn-LSTM-VQR,3,5,0.7926011,0.8058594,0.8324645,0.79399276,0.0261766891926527,0.013258278,0.011866629,0.039863408
MQAttn-LSTM-VQR,3,5,0.7896191,0.79955333,0.8256596,0.7899583,0.0261766891926527,0.009934247,0.0095950365,0.036040485
MQAttn-LSTM-VQR,3,5,0.7844208,0.79414135,0.81982565,0.78279734,0.0261766891926527,0.009720564,0.011344016,0.03540486
MQAttn-LSTM-VQR,3,5,0.7700042,0.7879652,0.8180808,0.76230097,0.0261766891926527,0.017960966,0.02566421,0.04807657
MQAttn-LSTM-VQR,3,5,0.7602597,0.7889676,0.81516784,0.7607637,0.0261766891926527,0.028707922,0.028203905,0.054908156
MQAttn-LSTM-VQR,3,5,0.7541636,0.7873469,0.8123032,0.7577662,0.0261766891926527,0.033183277,0.029580712,0.058139563
MQAttn-LSTM-VQR,3,5,0.7498456,0.7832237,0.8082532,0.75221246,0.0261766891926527,0.033378065,0.031011224,0.058407605
MQAttn-LSTM-VQR,3,5,0.7480959,0.7797427,0.8039162,0.75007534,0.0261766891926527,0.031646788,0.029667377,0.055820286
MQAttn-LSTM-VQR,3,5,0.7448916,0.77627057,0.80021334,0.7445056,0.0261766891926527,0.031378984,0.031764984,0.055321753
MQAttn-LSTM-VQR,3,5,0.7407487,0.771212,0.7951479,0.7405075,0.0261766891926527,0.030463278,0.030704498,0.054399192
MQAttn-LSTM-VQR,3,5,0.7373877,0.76938295,0.7926011,0.738131,0.0261766891926527,0.031995237,0.031251967,0.05521339
MQAttn-LSTM-VQR,3,5,0.73336273,0.767413,0.7896191,0.73312753,0.0261766891926527,0.034050286,0.034285486,0.056256354
MQAttn-LSTM-VQR,3,5,0.72960824,0.7627376,0.7844208,0.72966415,0.0261766891926527,0.033129334,0.033073425,0.05481255
MQAttn-LSTM-VQR,3,5,0.7241428,0.722834,0.7700042,0.72285205,0.0261766891926527,0.0013087988,1.8060207e-05,0.045861423
MQAttn-LSTM-VQR,3,5,0.71971875,0.69730973,0.7602597,0.7200343,0.0261766891926527,0.022409022,0.022724569,0.040540934
MQAttn-LSTM-VQR,3,5,0.7147117,0.68655175,0.7541636,0.7145157,0.0261766891926527,0.028159976,0.027963936,0.039451897
MQAttn-LSTM-VQR,3,5,0.7041333,0.6820622,0.7498456,0.6997205,0.0261766891926527,0.022071064,0.017658293,0.04571235
MQAttn-LSTM-VQR,3,5,0.69715947,0.68027914,0.7480959,0.6979818,0.0261766891926527,0.016880333,0.01770264,0.05093646
MQAttn-LSTM-VQR,3,5,0.6934021,0.6772105,0.7448916,0.6964892,0.0261766891926527,0.016191602,0.019278705,0.051489472
MQAttn-LSTM-VQR,3,5,0.6875114,0.6728835,0.7407487,0.6870386,0.0261766891926527,0.014627874,0.01415509,0.05323732
MQAttn-LSTM-VQR,3,5,0.6854912,0.66949207,0.7373877,0.68762463,0.0261766891926527,0.015999138,0.018132567,0.051896513
MQAttn-LSTM-VQR,3,5,0.68005925,0.6654671,0.73336273,0.6784438,0.0261766891926527,0.014592171,0.012976706,0.05330348
MQAttn-LSTM-VQR,3,5,0.67357844,0.66170365,0.72960824,0.67246604,0.0261766891926527,0.011874795,0.0107623935,0.056029797
MQAttn-LSTM-VQR,3,5,0.6682152,0.6564567,0.7241428,0.6687346,0.0261766891926527,0.011758506,0.012277901,0.055927575
MQAttn-LSTM-VQR classical twin,3,5,0.8306902,0.82803035,0.8517722,0.8303355,0.0261766891926527,0.0026598573,0.00230515,0.021081984
MQAttn-LSTM-VQR classical twin,3,5,0.8272855,0.8260845,0.8479295,0.82653224,0.0261766891926527,0.0012010336,0.0004477501,0.02064395
MQAttn-LSTM-VQR classical twin,3,5,0.8245944,0.8249738,0.84588766,0.824977,0.0261766891926527,0.00037944317,3.1590462e-06,0.021293283
MQAttn-LSTM-VQR classical twin,3,5,0.8325516,0.8132117,0.84355783,0.8406489,0.0261766891926527,0.01933992,0.02743721,0.011006236
MQAttn-LSTM-VQR classical twin,3,5,0.83559513,0.8161372,0.84226376,0.835026,0.0261766891926527,0.019457936,0.018888831,0.0066686273
MQAttn-LSTM-VQR classical twin,3,5,0.83618826,0.81597847,0.8396837,0.8335909,0.0261766891926527,0.02020979,0.017612457,0.0034954548
MQAttn-LSTM-VQR classical twin,3,5,0.8324645,0.8144819,0.8371279,0.8284433,0.0261766891926527,0.017982602,0.013961375,0.004663408
MQAttn-LSTM-VQR classical twin,3,5,0.8256596,0.81474924,0.8354327,0.822491,0.0261766891926527,0.010910332,0.0077417493,0.009773135
MQAttn-LSTM-VQR classical twin,3,5,0.81982565,0.80647945,0.836003,0.8196073,0.0261766891926527,0.013346195,0.013127863,0.016177356
MQAttn-LSTM-VQR classical twin,3,5,0.8180808,0.8075622,0.8329167,0.82053,0.0261766891926527,0.0105186105,0.012967825,0.014835894
MQAttn-LSTM-VQR classical twin,3,5,0.81516784,0.80700856,0.8306902,0.81493366,0.0261766891926527,0.00815928,0.007925093,0.015522361
MQAttn-LSTM-VQR classical twin,3,5,0.8123032,0.80439204,0.8272855,0.81192684,0.0261766891926527,0.007911146,0.007534802,0.014982343
MQAttn-LSTM-VQR classical twin,3,5,0.8082532,0.80201095,0.8245944,0.80729663,0.0261766891926527,0.0062422752,0.0052856803,0.01634115
MQAttn-LSTM-VQR classical twin,3,5,0.8039162,0.80256337,0.8325516,0.80360204,0.0261766891926527,0.0013528466,0.0010386705,0.028635383
MQAttn-LSTM-VQR classical twin,3,5,0.80021334,0.80415636,0.83559513,0.8006332,0.0261766891926527,0.003943026,0.003523171,0.035381794
MQAttn-LSTM-VQR classical twin,3,5,0.7951479,0.8111037,0.83618826,0.79410505,0.0261766891926527,0.015955806,0.016998649,0.04104036
MQAttn-LSTM-VQR classical twin,3,5,0.7926011,0.8103844,0.8324645,0.79399276,0.0261766891926527,0.017783284,0.016391635,0.039863408
MQAttn-LSTM-VQR classical twin,3,5,0.7896191,0.8043174,0.8256596,0.7899583,0.0261766891926527,0.014698327,0.014359117,0.036040485
MQAttn-LSTM-VQR classical twin,3,5,0.7844208,0.80160755,0.81982565,0.78279734,0.0261766891926527,0.01718676,0.018810213,0.03540486
MQAttn-LSTM-VQR classical twin,3,5,0.7700042,0.79322827,0.8180808,0.76230097,0.0261766891926527,0.023224056,0.0309273,0.04807657
MQAttn-LSTM-VQR classical twin,3,5,0.7602597,0.797207,0.81516784,0.7607637,0.0261766891926527,0.03694731,0.036443293,0.054908156
MQAttn-LSTM-VQR classical twin,3,5,0.7541636,0.7969408,0.8123032,0.7577662,0.0261766891926527,0.04277718,0.039174616,0.058139563
MQAttn-LSTM-VQR classical twin,3,5,0.7498456,0.79358214,0.8082532,0.75221246,0.0261766891926527,0.043736517,0.041369677,0.058407605
MQAttn-LSTM-VQR classical twin,3,5,0.7480959,0.7889707,0.8039162,0.75007534,0.0261766891926527,0.04087478,0.03889537,0.055820286
MQAttn-LSTM-VQR classical twin,3,5,0.7448916,0.7856377,0.80021334,0.7445056,0.0261766891926527,0.040746093,0.041132092,0.055321753
MQAttn-LSTM-VQR classical twin,3,5,0.7407487,0.7817567,0.7951479,0.7405075,0.0261766891926527,0.041007996,0.041249216,0.054399192
MQAttn-LSTM-VQR classical twin,3,5,0.7373877,0.7806492,0.7926011,0.738131,0.0261766891926527,0.04326147,0.0425182,0.05521339
MQAttn-LSTM-VQR classical twin,3,5,0.73336273,0.7790986,0.7896191,0.73312753,0.0261766891926527,0.045735836,0.045971036,0.056256354
MQAttn-LSTM-VQR classical twin,3,5,0.72960824,0.7741664,0.7844208,0.72966415,0.0261766891926527,0.044558167,0.04450226,0.05481255
MQAttn-LSTM-VQR classical twin,3,5,0.7241428,0.7239184,0.7700042,0.72285205,0.0261766891926527,0.00022441149,0.0010663271,0.045861423
MQAttn-LSTM-VQR classical twin,3,5,0.71971875,0.7021726,0.7602597,0.7200343,0.0261766891926527,0.017546177,0.017861724,0.040540934
MQAttn-LSTM-VQR classical twin,3,5,0.7147117,0.6927903,0.7541636,0.7145157,0.0261766891926527,0.021921396,0.021725357,0.039451897
MQAttn-LSTM-VQR classical twin,3,5,0.7041333,0.6868684,0.7498456,0.6997205,0.0261766891926527,0.017264843,0.012852073,0.04571235
MQAttn-LSTM-VQR classical twin,3,5,0.69715947,0.6848741,0.7480959,0.6979818,0.0261766891926527,0.012285352,0.013107657,0.05093646
MQAttn-LSTM-VQR classical twin,3,5,0.6934021,0.6746755,0.7448916,0.6964892,0.0261766891926527,0.018726587,0.02181369,0.051489472
MQAttn-LSTM-VQR classical twin,3,5,0.6875114,0.676308,0.7407487,0.6870386,0.0261766891926527,0.011203408,0.010730624,0.05323732
MQAttn-LSTM-VQR classical twin,3,5,0.6854912,0.6738021,0.7373877,0.68762463,0.0261766891926527,0.0116891265,0.013822556,0.051896513
MQAttn-LSTM-VQR classical twin,3,5,0.68005925,0.67006457,0.73336273,0.6784438,0.0261766891926527,0.009994686,0.008379221,0.05330348
MQAttn-LSTM-VQR classical twin,3,5,0.67357844,0.6683866,0.72960824,0.67246604,0.0261766891926527,0.0051918626,0.004079461,0.056029797
MQAttn-LSTM-VQR classical twin,3,5,0.6682152,0.6561102,0.7241428,0.6687346,0.0261766891926527,0.012104988,0.012624383,0.055927575
MQAttn-QLSTM-VQR,3,5,0.8306902,0.82414395,0.8517722,0.8303355,0.0261766891926527,0.006546259,0.0061915517,0.021081984
MQAttn-QLSTM-VQR,3,5,0.8272855,0.8211724,0.8479295,0.82653224,0.0261766891926527,0.006113112,0.0053598285,0.02064395
MQAttn-QLSTM-VQR,3,5,0.8245944,0.8197957,0.84588766,0.824977,0.0261766891926527,0.0047986507,0.005181253,0.021293283
MQAttn-QLSTM-VQR,3,5,0.8325516,0.8112093,0.84355783,0.8406489,0.0261766891926527,0.021342278,0.029439569,0.011006236
MQAttn-QLSTM-VQR,3,5,0.83559513,0.81340045,0.84226376,0.835026,0.0261766891926527,0.022194684,0.021625578,0.0066686273
MQAttn-QLSTM-VQR,3,5,0.83618826,0.81182885,0.8396837,0.8335909,0.0261766891926527,0.024359405,0.021762073,0.0034954548
MQAttn-QLSTM-VQR,3,5,0.8324645,0.81078285,0.8371279,0.8284433,0.0261766891926527,0.021681666,0.017660439,0.004663408
MQAttn-QLSTM-VQR,3,5,0.8256596,0.8092339,0.8354327,0.822491,0.0261766891926527,0.01642567,0.013257086,0.009773135
MQAttn-QLSTM-VQR,3,5,0.81982565,0.80414706,0.836003,0.8196073,0.0261766891926527,0.015678585,0.015460253,0.016177356
MQAttn-QLSTM-VQR,3,5,0.8180808,0.80598414,0.8329167,0.82053,0.0261766891926527,0.012096643,0.014545858,0.014835894
MQAttn-QLSTM-VQR,3,5,0.81516784,0.8031447,0.8306902,0.81493366,0.0261766891926527,0.012023151,0.011788964,0.015522361
MQAttn-QLSTM-VQR,3,5,0.8123032,0.80034345,0.8272855,0.81192684,0.0261766891926527,0.011959732,0.011583388,0.014982343
MQAttn-QLSTM-VQR,3,5,0.8082532,0.7986059,0.8245944,0.80729663,0.0261766891926527,0.00964731,0.008690715,0.01634115
MQAttn-QLSTM-VQR,3,5,0.8039162,0.80000895,0.8325516,0.80360204,0.0261766891926527,0.0039072633,0.0035930872,0.028635383
MQAttn-QLSTM-VQR,3,5,0.80021334,0.8034487,0.83559513,0.8006332,0.0261766891926527,0.0032353401,0.002815485,0.035381794
MQAttn-QLSTM-VQR,3,5,0.7951479,0.8084184,0.83618826,0.79410505,0.0261766891926527,0.013270497,0.01431334,0.04104036
MQAttn-QLSTM-VQR,3,5,0.7926011,0.8056225,0.8324645,0.79399276,0.0261766891926527,0.0130214095,0.01162976,0.039863408
MQAttn-QLSTM-VQR,3,5,0.7896191,0.79980284,0.8256596,0.7899583,0.0261766891926527,0.010183752,0.009844542,0.036040485
MQAttn-QLSTM-VQR,3,5,0.7844208,0.79526484,0.81982565,0.78279734,0.0261766891926527,0.010844052,0.012467504,0.03540486
MQAttn-QLSTM-VQR,3,5,0.7700042,0.788677,0.8180808,0.76230097,0.0261766891926527,0.018672764,0.026376009,0.04807657
MQAttn-QLSTM-VQR,3,5,0.7602597,0.79168916,0.81516784,0.7607637,0.0261766891926527,0.03142947,0.030925453,0.054908156
MQAttn-QLSTM-VQR,3,5,0.7541636,0.79034567,0.8123032,0.7577662,0.0261766891926527,0.036182046,0.03257948,0.058139563
MQAttn-QLSTM-VQR,3,5,0.7498456,0.7861903,0.8082532,0.75221246,0.0261766891926527,0.036344647,0.033977807,0.058407605
MQAttn-QLSTM-VQR,3,5,0.7480959,0.78269166,0.8039162,0.75007534,0.0261766891926527,0.034595728,0.032616317,0.055820286
MQAttn-QLSTM-VQR,3,5,0.7448916,0.77905,0.80021334,0.7445056,0.0261766891926527,0.03415841,0.03454441,0.055321753
MQAttn-QLSTM-VQR,3,5,0.7407487,0.77385545,0.7951479,0.7405075,0.0261766891926527,0.033106744,0.033347964,0.054399192
MQAttn-QLSTM-VQR,3,5,0.7373877,0.77209604,0.7926011,0.738131,0.0261766891926527,0.03470832,0.03396505,0.05521339
MQAttn-QLSTM-VQR,3,5,0.73336273,0.7703203,0.7896191,0.73312753,0.0261766891926527,0.036957562,0.037192762,0.056256354
MQAttn-QLSTM-VQR,3,5,0.72960824,0.76553255,0.7844208,0.72966415,0.0261766891926527,0.035924315,0.035868406,0.05481255
MQAttn-QLSTM-VQR,3,5,0.7241428,0.71889603,0.7700042,0.72285205,0.0261766891926527,0.0052467585,0.00395602,0.045861423
MQAttn-QLSTM-VQR,3,5,0.71971875,0.69920486,0.7602597,0.7200343,0.0261766891926527,0.020513892,0.02082944,0.040540934
MQAttn-QLSTM-VQR,3,5,0.7147117,0.68987703,0.7541636,0.7145157,0.0261766891926527,0.024834692,0.024638653,0.039451897
MQAttn-QLSTM-VQR,3,5,0.7041333,0.6851347,0.7498456,0.6997205,0.0261766891926527,0.018998563,0.014585793,0.04571235
MQAttn-QLSTM-VQR,3,5,0.69715947,0.6831566,0.7480959,0.6979818,0.0261766891926527,0.01400286,0.014825165,0.05093646
MQAttn-QLSTM-VQR,3,5,0.6934021,0.6798611,0.7448916,0.6964892,0.0261766891926527,0.013540983,0.016628087,0.051489472
MQAttn-QLSTM-VQR,3,5,0.6875114,0.6758269,0.7407487,0.6870386,0.0261766891926527,0.011684477,0.011211693,0.05323732
MQAttn-QLSTM-VQR,3,5,0.6854912,0.6725622,0.7373877,0.68762463,0.0261766891926527,0.012929022,0.015062451,0.051896513
MQAttn-QLSTM-VQR,3,5,0.68005925,0.6686345,0.73336273,0.6784438,0.0261766891926527,0.01142478,0.009809315,0.05330348
MQAttn-QLSTM-VQR,3,5,0.67357844,0.6650521,0.72960824,0.67246604,0.0261766891926527,0.008526325,0.0074139237,0.056029797
MQAttn-QLSTM-VQR,3,5,0.6682152,0.65960443,0.7241428,0.6687346,0.0261766891926527,0.008610785,0.00913018,0.055927575
MQAttn-QLSTM-VQR classical twin,3,5,0.8306902,0.82203114,0.8517722,0.8303355,0.0261766891926527,0.008659065,0.0083043575,0.021081984
MQAttn-QLSTM-VQR classical twin,3,5,0.8272855,0.81984967,0.8479295,0.82653224,0.0261766891926527,0.0074358582,0.0066825747,0.02064395
MQAttn-QLSTM-VQR classical twin,3,5,0.8245944,0.81916845,0.84588766,0.824977,0.0261766891926527,0.00542593,0.0058085322,0.021293283
MQAttn-QLSTM-VQR classical twin,3,5,0.8325516,0.8128209,0.84355783,0.8406489,0.0261766891926527,0.019730687,0.027827978,0.011006236
MQAttn-QLSTM-VQR classical twin,3,5,0.83559513,0.8112131,0.84226376,0.835026,0.0261766891926527,0.024382055,0.02381295,0.0066686273
MQAttn-QLSTM-VQR classical twin,3,5,0.83618826,0.81064916,0.8396837,0.8335909,0.0261766891926527,0.0255391,0.022941768,0.0034954548
MQAttn-QLSTM-VQR classical twin,3,5,0.8324645,0.80994576,0.8371279,0.8284433,0.0261766891926527,0.022518754,0.018497527,0.004663408
MQAttn-QLSTM-VQR classical twin,3,5,0.8256596,0.80925393,0.8354327,0.822491,0.0261766891926527,0.016405642,0.013237059,0.009773135
MQAttn-QLSTM-VQR classical twin,3,5,0.81982565,0.8074846,0.836003,0.8196073,0.0261766891926527,0.0123410225,0.012122691,0.016177356
MQAttn-QLSTM-VQR classical twin,3,5,0.8180808,0.8051733,0.8329167,0.82053,0.0261766891926527,0.012907505,0.0153567195,0.014835894
MQAttn-QLSTM-VQR classical twin,3,5,0.81516784,0.8009372,0.8306902,0.81493366,0.0261766891926527,0.014230669,0.013996482,0.015522361
MQAttn-QLSTM-VQR classical twin,3,5,0.8123032,0.79888046,0.8272855,0.81192684,0.0261766891926527,0.013422728,0.013046384,0.014982343
MQAttn-QLSTM-VQR classical twin,3,5,0.8082532,0.79707986,0.8245944,0.80729663,0.0261766891926527,0.0111733675,0.010216773,0.01634115
MQAttn-QLSTM-VQR classical twin,3,5,0.8039162,0.80263466,0.8325516,0.80360204,0.0261766891926527,0.0012815595,0.0009673834,0.028635383
MQAttn-QLSTM-VQR classical twin,3,5,0.80021334,0.80627996,0.83559513,0.8006332,0.0261766891926527,0.0060666203,0.005646765,0.035381794
MQAttn-QLSTM-VQR classical twin,3,5,0.7951479,0.8070717,0.83618826,0.79410505,0.0261766891926527,0.01192379,0.012966633,0.04104036
MQAttn-QLSTM-VQR classical twin,3,5,0.7926011,0.80349326,0.8324645,0.79399276,0.0261766891926527,0.010892153,0.009500504,0.039863408
MQAttn-QLSTM-VQR classical twin,3,5,0.7896191,0.7973302,0.8256596,0.7899583,0.0261766891926527,0.0077111125,0.0073719025,0.036040485
MQAttn-QLSTM-VQR classical twin,3,5,0.7844208,0.7940855,0.81982565,0.78279734,0.0261766891926527,0.009664714,0.011288166,0.03540486
MQAttn-QLSTM-VQR classical twin,3,5,0.7700042,0.7925109,0.8180808,0.76230097,0.0261766891926527,0.022506714,0.030209959,0.04807657
MQAttn-QLSTM-VQR classical twin,3,5,0.7602597,0.7911751,0.81516784,0.7607637,0.0261766891926527,0.03091544,0.030411422,0.054908156
MQAttn-QLSTM-VQR classical twin,3,5,0.7541636,0.7897356,0.8123032,0.7577662,0.0261766891926527,0.035571992,0.031969428,0.058139563
MQAttn-QLSTM-VQR classical twin,3,5,0.7498456,0.7851776,0.8082532,0.75221246,0.0261766891926527,0.035331964,0.032965124,0.058407605
MQAttn-QLSTM-VQR classical twin,3,5,0.7480959,0.7809145,0.8039162,0.75007534,0.0261766891926527,0.032818556,0.030839145,0.055820286
MQAttn-QLSTM-VQR classical twin,3,5,0.7448916,0.77644485,0.80021334,0.7445056,0.0261766891926527,0.03155327,0.031939268,0.055321753
MQAttn-QLSTM-VQR classical twin,3,5,0.7407487,0.7719135,0.7951479,0.7405075,0.0261766891926527,0.031164825,0.031406045,0.054399192
MQAttn-QLSTM-VQR classical twin,3,5,0.7373877,0.7709591,0.7926011,0.738131,0.0261766891926527,0.033571362,0.032828093,0.05521339
MQAttn-QLSTM-VQR classical twin,3,5,0.73336273,0.769519,0.7896191,0.73312753,0.0261766891926527,0.036156237,0.036391437,0.056256354
MQAttn-QLSTM-VQR classical twin,3,5,0.72960824,0.7641157,0.7844208,0.72966415,0.0261766891926527,0.034507453,0.034451544,0.05481255
MQAttn-QLSTM-VQR classical twin,3,5,0.7241428,0.7322035,0.7700042,0.72285205,0.0261766891926527,0.008060694,0.009351432,0.045861423
MQAttn-QLSTM-VQR classical twin,3,5,0.71971875,0.7064787,0.7602597,0.7200343,0.0261766891926527,0.013240039,0.013555586,0.040540934
MQAttn-QLSTM-VQR classical twin,3,5,0.7147117,0.69333524,0.7541636,0.7145157,0.0261766891926527,0.02137649,0.02118045,0.039451897
MQAttn-QLSTM-VQR classical twin,3,5,0.7041333,0.68542206,0.7498456,0.6997205,0.0261766891926527,0.01871121,0.014298439,0.04571235
MQAttn-QLSTM-VQR classical twin,3,5,0.69715947,0.68161345,0.7480959,0.6979818,0.0261766891926527,0.015546024,0.01636833,0.05093646
MQAttn-QLSTM-VQR classical twin,3,5,0.6934021,0.6766082,0.7448916,0.6964892,0.0261766891926527,0.016793907,0.01988101,0.051489472
MQAttn-QLSTM-VQR classical twin,3,5,0.6875114,0.67377394,0.7407487,0.6870386,0.0261766891926527,0.01373744,0.013264656,0.05323732
MQAttn-QLSTM-VQR classical twin,3,5,0.6854912,0.6718075,0.7373877,0.68762463,0.0261766891926527,0.013683677,0.015817106,0.051896513
MQAttn-QLSTM-VQR classical twin,3,5,0.68005925,0.6688024,0.73336273,0.6784438,0.0261766891926527,0.011256874,0.009641409,0.05330348
MQAttn-QLSTM-VQR classical twin,3,5,0.67357844,0.6663524,0.72960824,0.67246604,0.0261766891926527,0.00722605,0.0061136484,0.056029797
MQAttn-QLSTM-VQR classical twin,3,5,0.6682152,0.6603459,0.7241428,0.6687346,0.0261766891926527,0.007869303,0.008388698,0.055927575
QLSTM,3,5,0.8306902,0.82175153,0.8517722,0.8303355,0.0261766891926527,0.00893867,0.008583963,0.021081984
QLSTM,3,5,0.8272855,0.81956375,0.8479295,0.82653224,0.0261766891926527,0.0077217817,0.006968498,0.02064395
QLSTM,3,5,0.8245944,0.8184496,0.84588766,0.824977,0.0261766891926527,0.006144762,0.0065273643,0.021293283
QLSTM,3,5,0.8325516,0.8118477,0.84355783,0.8406489,0.0261766891926527,0.020703912,0.028801203,0.011006236
QLSTM,3,5,0.83559513,0.81197345,0.84226376,0.835026,0.0261766891926527,0.023621678,0.023052573,0.0066686273
QLSTM,3,5,0.83618826,0.81061274,0.8396837,0.8335909,0.0261766891926527,0.025575519,0.022978187,0.0034954548
QLSTM,3,5,0.8324645,0.8095195,0.8371279,0.8284433,0.0261766891926527,0.022944987,0.01892376,0.004663408
QLSTM,3,5,0.8256596,0.80828273,0.8354327,0.822491,0.0261766891926527,0.01737684,0.014208257,0.009773135
QLSTM,3,5,0.81982565,0.8049407,0.836003,0.8196073,0.0261766891926527,0.014884949,0.014666617,0.016177356
QLSTM,3,5,0.8180808,0.80439174,0.8329167,0.82053,0.0261766891926527,0.013689041,0.016138256,0.014835894
QLSTM,3,5,0.81516784,0.8023266,0.8306902,0.81493366,0.0261766891926527,0.012841225,0.012607038,0.015522361
QLSTM,3,5,0.8123032,0.79961634,0.8272855,0.81192684,0.0261766891926527,0.012686849,0.012310505,0.014982343
QLSTM,3,5,0.8082532,0.79782224,0.8245944,0.80729663,0.0261766891926527,0.010430992,0.009474397,0.01634115
QLSTM,3,5,0.8039162,0.80094117,0.8325516,0.80360204,0.0261766891926527,0.0029750466,0.0026608706,0.028635383
QLSTM,3,5,0.80021334,0.8035313,0.83559513,0.8006332,0.0261766891926527,0.0033179522,0.002898097,0.035381794
QLSTM,3,5,0.7951479,0.8070556,0.83618826,0.79410505,0.0261766891926527,0.011907697,0.01295054,0.04104036
QLSTM,3,5,0.7926011,0.8049219,0.8324645,0.79399276,0.0261766891926527,0.0123208165,0.010929167,0.039863408
QLSTM,3,5,0.7896191,0.799317,0.8256596,0.7899583,0.0261766891926527,0.009697914,0.009358704,0.036040485
QLSTM,3,5,0.7844208,0.79501927,0.81982565,0.78279734,0.0261766891926527,0.010598481,0.012221932,0.03540486
QLSTM,3,5,0.7700042,0.7905356,0.8180808,0.76230097,0.0261766891926527,0.020531416,0.02823466,0.04807657
QLSTM,3,5,0.7602597,0.791173,0.81516784,0.7607637,0.0261766891926527,0.030913293,0.030409276,0.054908156
QLSTM,3,5,0.7541636,0.79017913,0.8123032,0.7577662,0.0261766891926527,0.03601551,0.032412946,0.058139563
QLSTM,3,5,0.7498456,0.78644204,0.8082532,0.75221246,0.0261766891926527,0.036596417,0.034229577,0.058407605
QLSTM,3,5,0.7480959,0.78252816,0.8039162,0.75007534,0.0261766891926527,0.034432232,0.03245282,0.055820286
QLSTM,3,5,0.7448916,0.7784921,0.80021334,0.7445056,0.0261766891926527,0.03360051,0.03398651,0.055321753
QLSTM,3,5,0.7407487,0.7734197,0.7951479,0.7405075,0.0261766891926527,0.032670975,0.032912195,0.054399192
QLSTM,3,5,0.7373877,0.7718452,0.7926011,0.738131,0.0261766891926527,0.034457505,0.033714235,0.05521339
QLSTM,3,5,0.73336273,0.77012575,0.7896191,0.73312753,0.0261766891926527,0.036763012,0.036998212,0.056256354
QLSTM,3,5,0.72960824,0.76522523,0.7844208,0.72966415,0.0261766891926527,0.035616994,0.035561085,0.05481255
QLSTM,3,5,0.7241428,0.72026813,0.7700042,0.72285205,0.0261766891926527,0.0038746595,0.002583921,0.045861423
QLSTM,3,5,0.71971875,0.70165807,0.7602597,0.7200343,0.0261766891926527,0.018060684,0.018376231,0.040540934
QLSTM,3,5,0.7147117,0.691555,0.7541636,0.7145157,0.0261766891926527,0.023156703,0.022960663,0.039451897
QLSTM,3,5,0.7041333,0.6853088,0.7498456,0.6997205,0.0261766891926527,0.018824458,0.014411688,0.04571235
QLSTM,3,5,0.69715947,0.68272156,0.7480959,0.6979818,0.0261766891926527,0.014437914,0.01526022,0.05093646
QLSTM,3,5,0.6934021,0.6786111,0.7448916,0.6964892,0.0261766891926527,0.014791012,0.017878115,0.051489472
QLSTM,3,5,0.6875114,0.6752239,0.7407487,0.6870386,0.0261766891926527,0.0122874975,0.0118147135,0.05323732
QLSTM,3,5,0.6854912,0.67219824,0.7373877,0.68762463,0.0261766891926527,0.013292968,0.015426397,0.051896513
QLSTM,3,5,0.68005925,0.6684602,0.73336273,0.6784438,0.0261766891926527,0.011599064,0.009983599,0.05330348
QLSTM,3,5,0.67357844,0.6654397,0.72960824,0.67246604,0.0261766891926527,0.008138716,0.0070263147,0.056029797
QLSTM,3,5,0.6682152,0.6596218,0.7241428,0.6687346,0.0261766891926527,0.00859344,0.009112835,0.055927575
LSTM,3,5,0.8306902,0.8260179,0.8517722,0.8303355,0.0261766891926527,0.004672289,0.0043175817,0.021081984
LSTM,3,5,0.8272855,0.8237809,0.8479295,0.82653224,0.0261766891926527,0.003504634,0.0027513504,0.02064395
LSTM,3,5,0.8245944,0.8225621,0.84588766,0.824977,0.0261766891926527,0.00203228,0.0024148822,0.021293283
LSTM,3,5,0.8325516,0.81713974,0.84355783,0.8406489,0.0261766891926527,0.015411854,0.023509145,0.011006236
LSTM,3,5,0.83559513,0.8154365,0.84226376,0.835026,0.0261766891926527,0.020158648,0.019589543,0.0066686273
LSTM,3,5,0.83618826,0.81352776,0.8396837,0.8335909,0.0261766891926527,0.022660494,0.020063162,0.0034954548
LSTM,3,5,0.8324645,0.8116182,0.8371279,0.8284433,0.0261766891926527,0.020846307,0.01682508,0.004663408
LSTM,3,5,0.8256596,0.81100404,0.8354327,0.822491,0.0261766891926527,0.01465553,0.011486948,0.009773135
LSTM,3,5,0.81982565,0.8090668,0.836003,0.8196073,0.0261766891926527,0.010758877,0.010540545,0.016177356
LSTM,3,5,0.8180808,0.80612326,0.8329167,0.82053,0.0261766891926527,0.011957526,0.014406741,0.014835894
LSTM,3,5,0.81516784,0.8042885,0.8306902,0.81493366,0.0261766891926527,0.010879338,0.010645151,0.015522361
LSTM,3,5,0.8123032,0.80132455,0.8272855,0.81192684,0.0261766891926527,0.010978639,0.010602295,0.014982343
LSTM,3,5,0.8082532,0.79885685,0.8245944,0.80729663,0.0261766891926527,0.009396374,0.008439779,0.01634115
LSTM,3,5,0.8039162,0.8041573,0.8325516,0.80360204,0.0261766891926527,0.00024110079,0.00055527687,0.028635383
LSTM,3,5,0.80021334,0.80606776,0.83559513,0.8006332,0.0261766891926527,0.005854428,0.0054345727,0.035381794
LSTM,3,5,0.7951479,0.8082439,0.83618826,0.79410505,0.0261766891926527,0.013095975,0.014138818,0.04104036
LSTM,3,5,0.7926011,0.8061977,0.8324645,0.79399276,0.0261766891926527,0.013596594,0.012204945,0.039863408
LSTM,3,5,0.7896191,0.79995894,0.8256596,0.7899583,0.0261766891926527,0.010339856,0.010000646,0.036040485
LSTM,3,5,0.7844208,0.7953674,0.81982565,0.78279734,0.0261766891926527,0.010946631,0.012570083,0.03540486
LSTM,3,5,0.7700042,0.79251176,0.8180808,0.76230097,0.0261766891926527,0.022507548,0.030210793,0.04807657
LSTM,3,5,0.7602597,0.79028213,0.81516784,0.7607637,0.0261766891926527,0.030022442,0.029518425,0.054908156
LSTM,3,5,0.7541636,0.7883221,0.8123032,0.7577662,0.0261766891926527,0.03415847,0.030555904,0.058139563
LSTM,3,5,0.7498456,0.78450704,0.8082532,0.75221246,0.0261766891926527,0.034661412,0.03229457,0.058407605
LSTM,3,5,0.7480959,0.77982587,0.8039162,0.75007534,0.0261766891926527,0.031729937,0.029750526,0.055820286
LSTM,3,5,0.7448916,0.7755737,0.80021334,0.7445056,0.0261766891926527,0.030682087,0.031068087,0.055321753
LSTM,3,5,0.7407487,0.77066135,0.7951479,0.7405075,0.0261766891926527,0.02991265,0.03015387,0.054399192
LSTM,3,5,0.7373877,0.76840365,0.7926011,0.738131,0.0261766891926527,0.031015933,0.030272663,0.05521339
LSTM,3,5,0.73336273,0.7657285,0.7896191,0.73312753,0.0261766891926527,0.03236574,0.03260094,0.056256354
LSTM,3,5,0.72960824,0.7605364,0.7844208,0.72966415,0.0261766891926527,0.030928135,0.030872226,0.05481255
LSTM,3,5,0.7241428,0.7399686,0.7700042,0.72285205,0.0261766891926527,0.015825808,0.017116547,0.045861423
LSTM,3,5,0.71971875,0.70873725,0.7602597,0.7200343,0.0261766891926527,0.0109815,0.011297047,0.040540934
LSTM,3,5,0.7147117,0.69466126,0.7541636,0.7145157,0.0261766891926527,0.020050466,0.019854426,0.039451897
LSTM,3,5,0.7041333,0.6875082,0.7498456,0.6997205,0.0261766891926527,0.016625047,0.012212276,0.04571235
LSTM,3,5,0.69715947,0.6850206,0.7480959,0.6979818,0.0261766891926527,0.012138844,0.012961149,0.05093646
LSTM,3,5,0.6934021,0.6828806,0.7448916,0.6964892,0.0261766891926527,0.010521531,0.0136086345,0.051489472
LSTM,3,5,0.6875114,0.6785693,0.7407487,0.6870386,0.0261766891926527,0.008942068,0.008469284,0.05323732
LSTM,3,5,0.6854912,0.67566,0.7373877,0.68762463,0.0261766891926527,0.00983119,0.011964619,0.051896513
LSTM,3,5,0.68005925,0.67201066,0.73336273,0.6784438,0.0261766891926527,0.008048594,0.0064331293,0.05330348
LSTM,3,5,0.67357844,0.66943777,0.72960824,0.67246604,0.0261766891926527,0.004140675,0.0030282736,0.056029797
LSTM,3,5,0.6682152,0.66600853,0.7241428,0.6687346,0.0261766891926527,0.0022066832,0.002726078,0.055927575
GRU,3,5,0.8306902,0.80618083,0.8517722,0.8303355,0.0261766891926527,0.02450937,0.024154663,0.021081984
GRU,3,5,0.8272855,0.8246642,0.8479295,0.82653224,0.0261766891926527,0.0026213527,0.0018680692,0.02064395
GRU,3,5,0.8245944,0.82411873,0.84588766,0.824977,0.0261766891926527,0.00047564507,0.0008582473,0.021293283
GRU,3,5,0.8325516,0.82577837,0.84355783,0.8406489,0.0261766891926527,0.0067732334,0.014870524,0.011006236
GRU,3,5,0.83559513,0.8174125,0.84226376,0.835026,0.0261766891926527,0.018182635,0.01761353,0.0066686273
GRU,3,5,0.83618826,0.81619513,0.8396837,0.8335909,0.0261766891926527,0.019993126,0.017395794,0.0034954548
GRU,3,5,0.8324645,0.8133879,0.8371279,0.8284433,0.0261766891926527,0.019076645,0.015055418,0.004663408
GRU,3,5,0.8256596,0.8120976,0.8354327,0.822491,0.0261766891926527,0.013561964,0.010393381,0.009773135
GRU,3,5,0.81982565,0.8158636,0.836003,0.8196073,0.0261766891926527,0.00396204,0.0037437081,0.016177356
GRU,3,5,0.8180808,0.8088025,0.8329167,0.82053,0.0261766891926527,0.009278297,0.011727512,0.014835894
GRU,3,5,0.81516784,0.80610913,0.8306902,0.81493366,0.0261766891926527,0.009058714,0.008824527,0.015522361
GRU,3,5,0.8123032,0.8032145,0.8272855,0.81192684,0.0261766891926527,0.009088695,0.008712351,0.014982343
GRU,3,5,0.8082532,0.8002467,0.8245944,0.80729663,0.0261766891926527,0.008006513,0.007049918,0.01634115
GRU,3,5,0.8039162,0.812037,0.8325516,0.80360204,0.0261766891926527,0.008120775,0.008434951,0.028635383
GRU,3,5,0.80021334,0.81644195,0.83559513,0.8006332,0.0261766891926527,0.016228616,0.015808761,0.035381794
GRU,3,5,0.7951479,0.8085308,0.83618826,0.79410505,0.0261766891926527,0.013382912,0.014425755,0.04104036
GRU,3,5,0.7926011,0.8038492,0.8324645,0.79399276,0.0261766891926527,0.011248112,0.0098564625,0.039863408
GRU,3,5,0.7896191,0.7975253,0.8256596,0.7899583,0.0261766891926527,0.0079061985,0.0075669885,0.036040485
GRU,3,5,0.7844208,0.7921158,0.81982565,0.78279734,0.0261766891926527,0.0076950192,0.009318471,0.03540486
GRU,3,5,0.7700042,0.8007373,0.8180808,0.76230097,0.0261766891926527,0.030733109,0.038436353,0.04807657
GRU,3,5,0.7602597,0.79430056,0.81516784,0.7607637,0.0261766891926527,0.03404087,0.03353685,0.054908156
GRU,3,5,0.7541636,0.79074454,0.8123032,0.7577662,0.0261766891926527,0.03658092,0.032978356,0.058139563
GRU,3,5,0.7498456,0.78625405,0.8082532,0.75221246,0.0261766891926527,0.036408424,0.034041584,0.058407605
GRU,3,5,0.7480959,0.78204274,0.8039162,0.75007534,0.0261766891926527,0.033946812,0.0319674,0.055820286
GRU,3,5,0.7448916,0.77817404,0.80021334,0.7445056,0.0261766891926527,0.03328246,0.03366846,0.055321753
GRU,3,5,0.7407487,0.7786765,0.7951479,0.7405075,0.0261766891926527,0.037927806,0.038169026,0.054399192
GRU,3,5,0.7373877,0.7760439,0.7926011,0.738131,0.0261766891926527,0.038656175,0.037912905,0.05521339
GRU,3,5,0.73336273,0.77276504,0.7896191,0.73312753,0.0261766891926527,0.039402306,0.039637506,0.056256354
GRU,3,5,0.72960824,0.7680325,0.7844208,0.72966415,0.0261766891926527,0.038424253,0.038368344,0.05481255
GRU,3,5,0.7241428,0.705536,0.7700042,0.72285205,0.0261766891926527,0.018606782,0.017316043,0.045861423
GRU,3,5,0.71971875,0.70354164,0.7602597,0.7200343,0.0261766891926527,0.016177118,0.016492665,0.040540934
GRU,3,5,0.7147117,0.6953579,0.7541636,0.7145157,0.0261766891926527,0.019353807,0.019157767,0.039451897
GRU,3,5,0.7041333,0.6887444,0.7498456,0.6997205,0.0261766891926527,0.015388846,0.010976076,0.04571235
GRU,3,5,0.69715947,0.6885811,0.7480959,0.6979818,0.0261766891926527,0.00857836,0.009400666,0.05093646
GRU,3,5,0.6934021,0.6803451,0.7448916,0.6964892,0.0261766891926527,0.0130569935,0.016144097,0.051489472
GRU,3,5,0.6875114,0.6812086,0.7407487,0.6870386,0.0261766891926527,0.006302774,0.00582999,0.05323732
GRU,3,5,0.6854912,0.6799014,0.7373877,0.68762463,0.0261766891926527,0.005589783,0.0077232122,0.051896513
GRU,3,5,0.68005925,0.6763544,0.73336273,0.6784438,0.0261766891926527,0.003704846,0.0020893812,0.05330348
GRU,3,5,0.67357844,0.67510486,0.72960824,0.67246604,0.0261766891926527,0.0015264153,0.0026388168,0.056029797
GRU,3,5,0.6682152,0.6633915,0.7241428,0.6687346,0.0261766891926527,0.0048237443,0.005343139,0.055927575
MLP,3,5,0.8306902,0.85290414,0.8517722,0.8303355,0.0261766891926527,0.022213936,0.022568643,0.021081984
MLP,3,5,0.8272855,0.81610054,0.8479295,0.82653224,0.0261766891926527,0.01118499,0.010431707,0.02064395
MLP,3,5,0.8245944,0.80729425,0.84588766,0.824977,0.0261766891926527,0.017300129,0.017682731,0.021293283
MLP,3,5,0.8325516,0.82211185,0.84355783,0.8406489,0.0261766891926527,0.0104397535,0.018537045,0.011006236
MLP,3,5,0.83559513,0.80491865,0.84226376,0.835026,0.0261766891926527,0.030676484,0.030107379,0.0066686273
MLP,3,5,0.83618826,0.8058318,0.8396837,0.8335909,0.0261766891926527,0.030356467,0.027759135,0.0034954548
MLP,3,5,0.8324645,0.82136536,0.8371279,0.8284433,0.0261766891926527,0.01109916,0.0070779324,0.004663408
MLP,3,5,0.8256596,0.8111304,0.8354327,0.822491,0.0261766891926527,0.014529169,0.011360586,0.009773135
MLP,3,5,0.81982565,0.80025417,0.836003,0.8196073,0.0261766891926527,0.019571483,0.019353151,0.016177356
MLP,3,5,0.8180808,0.8004038,0.8329167,0.82053,0.0261766891926527,0.01767701,0.020126224,0.014835894
MLP,3,5,0.81516784,0.7935628,0.8306902,0.81493366,0.0261766891926527,0.021605015,0.021370828,0.015522361
MLP,3,5,0.8123032,0.8092464,0.8272855,0.81192684,0.0261766891926527,0.0030567646,0.0026804209,0.014982343
MLP,3,5,0.8082532,0.80284625,0.8245944,0.80729663,0.0261766891926527,0.0054069757,0.004450381,0.01634115
MLP,3,5,0.8039162,0.7940383,0.8325516,0.80360204,0.0261766891926527,0.00987792,0.009563744,0.028635383
MLP,3,5,0.80021334,0.8032156,0.83559513,0.8006332,0.0261766891926527,0.003002286,0.0025824308,0.035381794
MLP,3,5,0.7951479,0.7947669,0.83618826,0.79410505,0.0261766891926527,0.0003809929,0.00066185,0.04104036
MLP,3,5,0.7926011,0.80769354,0.8324645,0.79399276,0.0261766891926527,0.0150924325,0.013700783,0.039863408
MLP,3,5,0.7896191,0.7975223,0.8256596,0.7899583,0.0261766891926527,0.007903218,0.0075640082,0.036040485
MLP,3,5,0.7844208,0.78578043,0.81982565,0.78279734,0.0261766891926527,0.0013596416,0.0029830933,0.03540486
MLP,3,5,0.7700042,0.7861688,0.8180808,0.76230097,0.0261766891926527,0.0161646,0.023867846,0.04807657
MLP,3,5,0.7602597,0.7825409,0.81516784,0.7607637,0.0261766891926527,0.02228123,0.021777213,0.054908156
MLP,3,5,0.7541636,0.7769865,0.8123032,0.7577662,0.0261766891926527,0.022822857,0.019220293,0.058139563
MLP,3,5,0.7498456,0.7852888,0.8082532,0.75221246,0.0261766891926527,0.035443187,0.033076346,0.058407605
MLP,3,5,0.7480959,0.78020823,0.8039162,0.75007534,0.0261766891926527,0.0321123,0.03013289,0.055820286
MLP,3,5,0.7448916,0.7607063,0.80021334,0.7445056,0.0261766891926527,0.015814722,0.016200721,0.055321753
MLP,3,5,0.7407487,0.76787704,0.7951479,0.7405075,0.0261766891926527,0.027128339,0.027369559,0.054399192
MLP,3,5,0.7373877,0.76846707,0.7926011,0.738131,0.0261766891926527,0.031079352,0.030336082,0.05521339
MLP,3,5,0.73336273,0.76402307,0.7896191,0.73312753,0.0261766891926527,0.030660331,0.030895531,0.056256354
MLP,3,5,0.72960824,0.75640136,0.7844208,0.72966415,0.0261766891926527,0.026793122,0.026737213,0.05481255
MLP,3,5,0.7241428,0.7617822,0.7700042,0.72285205,0.0261766891926527,0.03763944,0.038930178,0.045861423
MLP,3,5,0.71971875,0.76370764,0.7602597,0.7200343,0.0261766891926527,0.043988883,0.043673337,0.040540934
MLP,3,5,0.7147117,0.7717164,0.7541636,0.7145157,0.0261766891926527,0.05700469,0.05720073,0.039451897
MLP,3,5,0.7041333,0.69162625,0.7498456,0.6997205,0.0261766891926527,0.012507021,0.008094251,0.04571235
MLP,3,5,0.69715947,0.70822483,0.7480959,0.6979818,0.0261766891926527,0.011065364,0.010243058,0.05093646
MLP,3,5,0.6934021,0.70506155,0.7448916,0.6964892,0.0261766891926527,0.011659443,0.00857234,0.051489472
MLP,3,5,0.6875114,0.7057171,0.7407487,0.6870386,0.0261766891926527,0.018205702,0.018678486,0.05323732
MLP,3,5,0.6854912,0.7014785,0.7373877,0.68762463,0.0261766891926527,0.015987277,0.013853848,0.051896513
MLP,3,5,0.68005925,0.7031864,0.73336273,0.6784438,0.0261766891926527,0.023127139,0.024742603,0.05330348
MLP,3,5,0.67357844,0.6983286,0.72960824,0.67246604,0.0261766891926527,0.024750173,0.025862575,0.056029797
MLP,3,5,0.6682152,0.69259953,0.7241428,0.6687346,0.0261766891926527,0.02438432,0.023864925,0.055927575
Seq2Seq,3,5,0.8306902,0.8073882,0.8517722,0.8303355,0.0261766891926527,0.023302019,0.022947311,0.021081984
Seq2Seq,3,5,0.8272855,0.82332265,0.8479295,0.82653224,0.0261766891926527,0.0039628744,0.003209591,0.02064395
Seq2Seq,3,5,0.8245944,0.82405746,0.84588766,0.824977,0.0261766891926527,0.00053691864,0.00091952085,0.021293283
Seq2Seq,3,5,0.8325516,0.82087296,0.84355783,0.8406489,0.0261766891926527,0.011678636,0.019775927,0.011006236
Seq2Seq,3,5,0.83559513,0.81705064,0.84226376,0.835026,0.0261766891926527,0.018544495,0.01797539,0.0066686273
Seq2Seq,3,5,0.83618826,0.8201944,0.8396837,0.8335909,0.0261766891926527,0.015993834,0.013396502,0.0034954548
Seq2Seq,3,5,0.8324645,0.8153553,0.8371279,0.8284433,0.0261766891926527,0.017109215,0.013087988,0.004663408
Seq2Seq,3,5,0.8256596,0.81124556,0.8354327,0.822491,0.0261766891926527,0.014414012,0.0112454295,0.009773135
Seq2Seq,3,5,0.81982565,0.80826694,0.836003,0.8196073,0.0261766891926527,0.0115587115,0.01134038,0.016177356
Seq2Seq,3,5,0.8180808,0.8101242,0.8329167,0.82053,0.0261766891926527,0.007956564,0.010405779,0.014835894
Seq2Seq,3,5,0.81516784,0.8068127,0.8306902,0.81493366,0.0261766891926527,0.008355141,0.008120954,0.015522361
Seq2Seq,3,5,0.8123032,0.8030311,0.8272855,0.81192684,0.0261766891926527,0.009272099,0.008895755,0.014982343
Seq2Seq,3,5,0.8082532,0.79835814,0.8245944,0.80729663,0.0261766891926527,0.009895086,0.008938491,0.01634115
Seq2Seq,3,5,0.8039162,0.8036547,0.8325516,0.80360204,0.0261766891926527,0.00026154518,5.26309e-05,0.028635383
Seq2Seq,3,5,0.80021334,0.81191325,0.83559513,0.8006332,0.0261766891926527,0.011699915,0.01128006,0.035381794
Seq2Seq,3,5,0.7951479,0.8078997,0.83618826,0.79410505,0.0261766891926527,0.012751818,0.013794661,0.04104036
Seq2Seq,3,5,0.7926011,0.80153215,0.8324645,0.79399276,0.0261766891926527,0.008931041,0.0075393915,0.039863408
Seq2Seq,3,5,0.7896191,0.79221267,0.8256596,0.7899583,0.0261766891926527,0.002593577,0.0022543669,0.036040485
Seq2Seq,3,5,0.7844208,0.7831936,0.81982565,0.78279734,0.0261766891926527,0.0012272,0.00039625168,0.03540486
Seq2Seq,3,5,0.7700042,0.79348326,0.8180808,0.76230097,0.0261766891926527,0.023479044,0.03118229,0.04807657
Seq2Seq,3,5,0.7602597,0.79549325,0.81516784,0.7607637,0.0261766891926527,0.035233557,0.03472954,0.054908156
Seq2Seq,3,5,0.7541636,0.79158753,0.8123032,0.7577662,0.0261766891926527,0.03742391,0.033821344,0.058139563
Seq2Seq,3,5,0.7498456,0.7853614,0.8082532,0.75221246,0.0261766891926527,0.035515785,0.033148944,0.058407605
Seq2Seq,3,5,0.7480959,0.779271,0.8039162,0.75007534,0.0261766891926527,0.031175077,0.029195666,0.055820286
Seq2Seq,3,5,0.7448916,0.77117985,0.80021334,0.7445056,0.0261766891926527,0.026288271,0.02667427,0.055321753
Seq2Seq,3,5,0.7407487,0.7793073,0.7951479,0.7405075,0.0261766891926527,0.038558602,0.038799822,0.054399192
Seq2Seq,3,5,0.7373877,0.7764363,0.7926011,0.738131,0.0261766891926527,0.039048612,0.038305342,0.05521339
Seq2Seq,3,5,0.73336273,0.7719249,0.7896191,0.73312753,0.0261766891926527,0.03856218,0.03879738,0.056256354
Seq2Seq,3,5,0.72960824,0.7655452,0.7844208,0.72966415,0.0261766891926527,0.03593695,0.035881042,0.05481255
Seq2Seq,3,5,0.7241428,0.71495545,0.7700042,0.72285205,0.0261766891926527,0.009187341,0.007896602,0.045861423
Seq2Seq,3,5,0.71971875,0.69974756,0.7602597,0.7200343,0.0261766891926527,0.019971192,0.020286739,0.040540934
Seq2Seq,3,5,0.7147117,0.6911,0.7541636,0.7145157,0.0261766891926527,0.023611724,0.023415685,0.039451897
Seq2Seq,3,5,0.7041333,0.68448454,0.7498456,0.6997205,0.0261766891926527,0.01964873,0.0152359605,0.04571235
Seq2Seq,3,5,0.69715947,0.6807371,0.7480959,0.6979818,0.0261766891926527,0.016422391,0.017244697,0.05093646
Seq2Seq,3,5,0.6934021,0.67627674,0.7448916,0.6964892,0.0261766891926527,0.017125368,0.020212471,0.051489472
Seq2Seq,3,5,0.6875114,0.67400163,0.7407487,0.6870386,0.0261766891926527,0.01350975,0.013036966,0.05323732
Seq2Seq,3,5,0.6854912,0.67104995,0.7373877,0.68762463,0.0261766891926527,0.014441252,0.01657468,0.051896513
Seq2Seq,3,5,0.68005925,0.6672409,0.73336273,0.6784438,0.0261766891926527,0.0128183365,0.011202872,0.05330348
Seq2Seq,3,5,0.67357844,0.66444665,0.72960824,0.67246604,0.0261766891926527,0.009131789,0.008019388,0.056029797
Seq2Seq,3,5,0.6682152,0.6572333,0.7241428,0.6687346,0.0261766891926527,0.010981917,0.011501312,0.055927575
Persistence,4,10,0.67143685,0.72258544,0.72258544,0.67201114,0.0267963595688343,0.051148593,0.050574303,0.051148593
Persistence,4,10,0.660945,0.72017837,0.72017837,0.65920526,0.0267963595688343,0.059233367,0.060973108,0.059233367
Persistence,4,10,0.6539612,0.71694916,0.71694916,0.65563637,0.0267963595688343,0.06298798,0.061312795,0.06298798
Persistence,4,10,0.6474527,0.7109098,0.7109098,0.6485086,0.0267963595688343,0.06345707,0.062401175,0.06345707
Persistence,4,10,0.645787,0.7079577,0.7079577,0.64976096,0.0267963595688343,0.062170684,0.058196723,0.062170684
Persistence,4,10,0.64161384,0.70693827,0.70693827,0.6413077,0.0267963595688343,0.065324426,0.065630555,0.065324426
Persistence,4,10,0.63775796,0.70337564,0.70337564,0.6376445,0.0267963595688343,0.06561768,0.06573111,0.06561768
Persistence,4,10,0.63536024,0.69804263,0.69804263,0.63677865,0.0267963595688343,0.06268239,0.06126398,0.06268239
Persistence,4,10,0.63061374,0.69005895,0.69005895,0.6297057,0.0267963595688343,0.059445202,0.06035322,0.059445202
Persistence,4,10,0.62938815,0.67966247,0.67966247,0.6315816,0.0267963595688343,0.050274312,0.04808086,0.050274312
Persistence,4,10,0.62564594,0.67143685,0.67143685,0.62458587,0.0267963595688343,0.04579091,0.04685098,0.04579091
Persistence,4,10,0.6193655,0.660945,0.660945,0.6169922,0.0267963595688343,0.041579485,0.043952823,0.041579485
Persistence,4,10,0.617507,0.6539612,0.6539612,0.620016,0.0267963595688343,0.0364542,0.033945203,0.0364542
Persistence,4,10,0.6355626,0.6474527,0.6474527,0.6518543,0.0267963595688343,0.011890113,0.0044015646,0.011890113
Persistence,4,10,0.6520978,0.645787,0.645787,0.657528,0.0267963595688343,0.0063108206,0.0117409825,0.0063108206
Persistence,4,10,0.6543725,0.64161384,0.64161384,0.6444369,0.0267963595688343,0.012758672,0.0028230548,0.012758672
Persistence,4,10,0.65154666,0.63775796,0.63775796,0.6438569,0.0267963595688343,0.0137887,0.006098926,0.0137887
Persistence,4,10,0.64057904,0.63536024,0.63536024,0.633669,0.0267963595688343,0.005218804,0.0016912222,0.005218804
Persistence,4,10,0.62825054,0.63061374,0.63061374,0.6252972,0.0267963595688343,0.002363205,0.0053165555,0.002363205
Persistence,4,10,0.6221551,0.62938815,0.62938815,0.62435657,0.0267963595688343,0.0072330832,0.0050315857,0.0072330832
Persistence,4,10,0.62061644,0.62564594,0.62564594,0.62400115,0.0267963595688343,0.0050294995,0.0016447902,0.0050294995
Persistence,4,10,0.61611825,0.6193655,0.6193655,0.6150448,0.0267963595688343,0.003247261,0.0043207407,0.003247261
Persistence,4,10,0.61242574,0.617507,0.617507,0.61220986,0.0267963595688343,0.0050812364,0.0052971244,0.0050812364
Persistence,4,10,0.6089151,0.6355626,0.6355626,0.6093342,0.0267963595688343,0.026647508,0.026228428,0.026647508
Persistence,4,10,0.60306585,0.6520978,0.6520978,0.60189325,0.0267963595688343,0.049031973,0.050204575,0.049031973
Persistence,4,10,0.6006719,0.6543725,0.6543725,0.60260457,0.0267963595688343,0.053700626,0.051767945,0.053700626
Persistence,4,10,0.5976076,0.65154666,0.65154666,0.5977873,0.0267963595688343,0.053939044,0.053759336,0.053939044
Persistence,4,10,0.5944383,0.64057904,0.64057904,0.59442484,0.0267963595688343,0.04614073,0.0461542,0.04614073
Persistence,4,10,0.5938451,0.62825054,0.62825054,0.59578025,0.0267963595688343,0.03440541,0.032470286,0.03440541
Persistence,4,10,0.5888172,0.6221551,0.6221551,0.58632934,0.0267963595688343,0.03333789,0.03582573,0.03333789
Persistence,4,10,0.5890858,0.62061644,0.62061644,0.5920567,0.0267963595688343,0.03153062,0.028559744,0.03153062
Persistence,4,10,0.5825772,0.61611825,0.61611825,0.57884127,0.0267963595688343,0.033541024,0.037276983,0.033541024
Persistence,4,10,0.6075648,0.61242574,0.61242574,0.62967795,0.0267963595688343,0.0048609376,0.017252207,0.0048609376
Persistence,4,10,0.6273772,0.6089151,0.6089151,0.63294166,0.0267963595688343,0.018462121,0.024026573,0.018462121
Persistence,4,10,0.63339037,0.60306585,0.60306585,0.6236299,0.0267963595688343,0.030324519,0.02056408,0.030324519
Persistence,4,10,0.62850726,0.6006719,0.6006719,0.61640435,0.0267963595688343,0.02783537,0.015732467,0.02783537
Persistence,4,10,0.62074745,0.5976076,0.5976076,0.6159796,0.0267963595688343,0.023139834,0.018372,0.023139834
Persistence,4,10,0.6116094,0.5944383,0.5944383,0.61039287,0.0267963595688343,0.017171085,0.015954554,0.017171085
Persistence,4,10,0.6102395,0.5938451,0.5938451,0.6137721,0.0267963595688343,0.016394377,0.019926965,0.016394377
Persistence,4,10,0.61483413,0.5888172,0.5888172,0.6193394,0.0267963595688343,0.02601695,0.030522227,0.02601695
Persistence,4,10,0.61543506,0.5890858,0.5890858,0.6141789,0.0267963595688343,0.026349247,0.025093079,0.026349247
Persistence,4,10,0.609925,0.5825772,0.5825772,0.60477406,0.0267963595688343,0.027347744,0.02219683,0.027347744
Persistence,4,10,0.6052356,0.6075648,0.6075648,0.6041071,0.0267963595688343,0.0023292303,0.003457725,0.0023292303
Persistence,4,10,0.62849325,0.6273772,0.6273772,0.64993674,0.0267963595688343,0.0011160374,0.022559524,0.0011160374
Persistence,4,10,0.6369796,0.63339037,0.63339037,0.63456106,0.0267963595688343,0.003589213,0.0011706948,0.003589213
Persistence,4,10,0.6372413,0.62850726,0.62850726,0.62775725,0.0267963595688343,0.008734047,0.00075000525,0.008734047
Persistence,4,10,0.63276875,0.62074745,0.62074745,0.62599385,0.0267963595688343,0.012021303,0.005246401,0.012021303
Persistence,4,10,0.6229601,0.6116094,0.6116094,0.6187491,0.0267963595688343,0.011350691,0.007139683,0.011350691
Persistence,4,10,0.6129441,0.6102395,0.6102395,0.6115637,0.0267963595688343,0.0027046204,0.0013241768,0.0027046204
MQAttn-LSTM-VQR,4,10,0.67143685,0.65600985,0.72258544,0.67201114,0.0267963595688343,0.015426993,0.016001284,0.051148593
MQAttn-LSTM-VQR,4,10,0.660945,0.6542369,0.72017837,0.65920526,0.0267963595688343,0.0067080855,0.004968345,0.059233367
MQAttn-LSTM-VQR,4,10,0.6539612,0.65216094,0.71694916,0.65563637,0.0267963595688343,0.0018002391,0.0034754276,0.06298798
MQAttn-LSTM-VQR,4,10,0.6474527,0.64667386,0.7109098,0.6485086,0.0267963595688343,0.0007788539,0.0018347502,0.06345707
MQAttn-LSTM-VQR,4,10,0.645787,0.64230007,0.7079577,0.64976096,0.0267963595688343,0.0034869313,0.007460892,0.062170684
MQAttn-LSTM-VQR,4,10,0.64161384,0.63923717,0.70693827,0.6413077,0.0267963595688343,0.0023766756,0.0020705462,0.065324426
MQAttn-LSTM-VQR,4,10,0.63775796,0.6381634,0.70337564,0.6376445,0.0267963595688343,0.0004054308,0.00051885843,0.06561768
MQAttn-LSTM-VQR,4,10,0.63536024,0.6345971,0.69804263,0.63677865,0.0267963595688343,0.00076311827,0.00218153,0.06268239
MQAttn-LSTM-VQR,4,10,0.63061374,0.6270341,0.69005895,0.6297057,0.0267963595688343,0.0035796165,0.0026715994,0.059445202
MQAttn-LSTM-VQR,4,10,0.62938815,0.61754483,0.67966247,0.6315816,0.0267963595688343,0.011843324,0.014036775,0.050274312
MQAttn-LSTM-VQR,4,10,0.62564594,0.6103523,0.67143685,0.62458587,0.0267963595688343,0.015293658,0.014233589,0.04579091
MQAttn-LSTM-VQR,4,10,0.6193655,0.6027938,0.660945,0.6169922,0.0267963595688343,0.0165717,0.014198363,0.041579485
MQAttn-LSTM-VQR,4,10,0.617507,0.5969934,0.6539612,0.620016,0.0267963595688343,0.020513594,0.023022592,0.0364542
MQAttn-LSTM-VQR,4,10,0.6355626,0.58984333,0.6474527,0.6518543,0.0267963595688343,0.045719266,0.062010944,0.011890113
MQAttn-LSTM-VQR,4,10,0.6520978,0.5893758,0.645787,0.657528,0.0267963595688343,0.06272203,0.06815219,0.0063108206
MQAttn-LSTM-VQR,4,10,0.6543725,0.5863811,0.64161384,0.6444369,0.0267963595688343,0.067991436,0.058055818,0.012758672
MQAttn-LSTM-VQR,4,10,0.65154666,0.5857303,0.63775796,0.6438569,0.0267963595688343,0.06581634,0.05812657,0.0137887
MQAttn-LSTM-VQR,4,10,0.64057904,0.584671,0.63536024,0.633669,0.0267963595688343,0.055908024,0.048998,0.005218804
MQAttn-LSTM-VQR,4,10,0.62825054,0.5786846,0.63061374,0.6252972,0.0267963595688343,0.04956591,0.04661256,0.002363205
MQAttn-LSTM-VQR,4,10,0.6221551,0.58029324,0.62938815,0.62435657,0.0267963595688343,0.041861832,0.04406333,0.0072330832
MQAttn-LSTM-VQR,4,10,0.62061644,0.5772176,0.62564594,0.62400115,0.0267963595688343,0.043398857,0.046783566,0.0050294995
MQAttn-LSTM-VQR,4,10,0.61611825,0.57187015,0.6193655,0.6150448,0.0267963595688343,0.044248104,0.043174624,0.003247261
MQAttn-LSTM-VQR,4,10,0.61242574,0.57092005,0.617507,0.61220986,0.0267963595688343,0.041505694,0.041289806,0.0050812364
MQAttn-LSTM-VQR,4,10,0.6089151,0.5865529,0.6355626,0.6093342,0.0267963595688343,0.022362173,0.022781253,0.026647508
MQAttn-LSTM-VQR,4,10,0.60306585,0.6012622,0.6520978,0.60189325,0.0267963595688343,0.0018036366,0.0006310344,0.049031973
MQAttn-LSTM-VQR,4,10,0.6006719,0.6035077,0.6543725,0.60260457,0.0267963595688343,0.0028358102,0.0009031296,0.053700626
MQAttn-LSTM-VQR,4,10,0.5976076,0.60048425,0.65154666,0.5977873,0.0267963595688343,0.0028766394,0.0026969314,0.053939044
MQAttn-LSTM-VQR,4,10,0.5944383,0.5890654,0.64057904,0.59442484,0.0267963595688343,0.0053729415,0.005359471,0.04614073
MQAttn-LSTM-VQR,4,10,0.5938451,0.57706904,0.62825054,0.59578025,0.0267963595688343,0.016776085,0.01871121,0.03440541
MQAttn-LSTM-VQR,4,10,0.5888172,0.57136554,0.6221551,0.58632934,0.0267963595688343,0.017451644,0.014963806,0.03333789
MQAttn-LSTM-VQR,4,10,0.5890858,0.5738309,0.62061644,0.5920567,0.0267963595688343,0.015254915,0.01822579,0.03153062
MQAttn-LSTM-VQR,4,10,0.5825772,0.5712479,0.61611825,0.57884127,0.0267963595688343,0.011329353,0.0075933933,0.033541024
MQAttn-LSTM-VQR,4,10,0.6075648,0.5701088,0.61242574,0.62967795,0.0267963595688343,0.037456036,0.05956918,0.0048609376
MQAttn-LSTM-VQR,4,10,0.6273772,0.5678079,0.6089151,0.63294166,0.0267963595688343,0.0595693,0.06513375,0.018462121
MQAttn-LSTM-VQR,4,10,0.63339037,0.56006354,0.60306585,0.6236299,0.0267963595688343,0.073326826,0.06356639,0.030324519
MQAttn-LSTM-VQR,4,10,0.62850726,0.5615178,0.6006719,0.61640435,0.0267963595688343,0.06698948,0.05488658,0.02783537
MQAttn-LSTM-VQR,4,10,0.62074745,0.5602266,0.5976076,0.6159796,0.0267963595688343,0.060520828,0.055752993,0.023139834
MQAttn-LSTM-VQR,4,10,0.6116094,0.55819684,0.5944383,0.61039287,0.0267963595688343,0.053412557,0.052196026,0.017171085
MQAttn-LSTM-VQR,4,10,0.6102395,0.55532455,0.5938451,0.6137721,0.0267963595688343,0.05491495,0.05844754,0.016394377
MQAttn-LSTM-VQR,4,10,0.61483413,0.5515669,0.5888172,0.6193394,0.0267963595688343,0.06326723,0.06777251,0.02601695
MQAttn-LSTM-VQR,4,10,0.61543506,0.55590737,0.5890858,0.6141789,0.0267963595688343,0.059527695,0.058271527,0.026349247
MQAttn-LSTM-VQR,4,10,0.609925,0.5512604,0.5825772,0.60477406,0.0267963595688343,0.05866456,0.053513646,0.027347744
MQAttn-LSTM-VQR,4,10,0.6052356,0.5734037,0.6075648,0.6041071,0.0267963595688343,0.03183186,0.030703366,0.0023292303
MQAttn-LSTM-VQR,4,10,0.62849325,0.5867204,0.6273772,0.64993674,0.0267963595688343,0.041772842,0.06321633,0.0011160374
MQAttn-LSTM-VQR,4,10,0.6369796,0.5954211,0.63339037,0.63456106,0.0267963595688343,0.041558504,0.039139986,0.003589213
MQAttn-LSTM-VQR,4,10,0.6372413,0.5892259,0.62850726,0.62775725,0.0267963595688343,0.048015416,0.038531363,0.008734047
MQAttn-LSTM-VQR,4,10,0.63276875,0.580944,0.62074745,0.62599385,0.0267963595688343,0.05182475,0.045049846,0.012021303
MQAttn-LSTM-VQR,4,10,0.6229601,0.5707431,0.6116094,0.6187491,0.0267963595688343,0.052217007,0.048005998,0.011350691
MQAttn-LSTM-VQR,4,10,0.6129441,0.56945056,0.6102395,0.6115637,0.0267963595688343,0.04349357,0.042113125,0.0027046204
MQAttn-LSTM-VQR classical twin,4,10,0.67143685,0.6516361,0.72258544,0.67201114,0.0267963595688343,0.019800723,0.020375013,0.051148593
MQAttn-LSTM-VQR classical twin,4,10,0.660945,0.64883816,0.72017837,0.65920526,0.0267963595688343,0.012106836,0.0103670955,0.059233367
MQAttn-LSTM-VQR classical twin,4,10,0.6539612,0.6442887,0.71694916,0.65563637,0.0267963595688343,0.009672463,0.0113476515,0.06298798
MQAttn-LSTM-VQR classical twin,4,10,0.6474527,0.64047545,0.7109098,0.6485086,0.0267963595688343,0.00697726,0.008033156,0.06345707
MQAttn-LSTM-VQR classical twin,4,10,0.645787,0.6432972,0.7079577,0.64976096,0.0267963595688343,0.0024898052,0.006463766,0.062170684
MQAttn-LSTM-VQR classical twin,4,10,0.64161384,0.63953555,0.70693827,0.6413077,0.0267963595688343,0.0020782948,0.0017721653,0.065324426
MQAttn-LSTM-VQR classical twin,4,10,0.63775796,0.63477284,0.70337564,0.6376445,0.0267963595688343,0.0029851198,0.0028716922,0.06561768
MQAttn-LSTM-VQR classical twin,4,10,0.63536024,0.6314184,0.69804263,0.63677865,0.0267963595688343,0.003941834,0.0053602457,0.06268239
MQAttn-LSTM-VQR classical twin,4,10,0.63061374,0.62505877,0.69005895,0.6297057,0.0267963595688343,0.005554974,0.004646957,0.059445202
MQAttn-LSTM-VQR classical twin,4,10,0.62938815,0.6170768,0.67966247,0.6315816,0.0267963595688343,0.012311339,0.01450479,0.050274312
MQAttn-LSTM-VQR classical twin,4,10,0.62564594,0.61353606,0.67143685,0.62458587,0.0267963595688343,0.012109876,0.011049807,0.04579091
MQAttn-LSTM-VQR classical twin,4,10,0.6193655,0.60405743,0.660945,0.6169922,0.0267963595688343,0.015308082,0.012934744,0.041579485
MQAttn-LSTM-VQR classical twin,4,10,0.617507,0.60141003,0.6539612,0.620016,0.0267963595688343,0.01609695,0.018605947,0.0364542
MQAttn-LSTM-VQR classical twin,4,10,0.6355626,0.6032894,0.6474527,0.6518543,0.0267963595688343,0.032273173,0.04856485,0.011890113
MQAttn-LSTM-VQR classical twin,4,10,0.6520978,0.6007883,0.645787,0.657528,0.0267963595688343,0.051309526,0.056739688,0.0063108206
MQAttn-LSTM-VQR classical twin,4,10,0.6543725,0.59875226,0.64161384,0.6444369,0.0267963595688343,0.055620253,0.045684636,0.012758672
MQAttn-LSTM-VQR classical twin,4,10,0.65154666,0.59839267,0.63775796,0.6438569,0.0267963595688343,0.05315399,0.045464218,0.0137887
MQAttn-LSTM-VQR classical twin,4,10,0.64057904,0.59871554,0.63536024,0.633669,0.0267963595688343,0.0418635,0.034953475,0.005218804
MQAttn-LSTM-VQR classical twin,4,10,0.62825054,0.60119486,0.63061374,0.6252972,0.0267963595688343,0.02705568,0.02410233,0.002363205
MQAttn-LSTM-VQR classical twin,4,10,0.6221551,0.59780866,0.62938815,0.62435657,0.0267963595688343,0.024346411,0.026547909,0.0072330832
MQAttn-LSTM-VQR classical twin,4,10,0.62061644,0.5959281,0.62564594,0.62400115,0.0267963595688343,0.024688363,0.028073072,0.0050294995
MQAttn-LSTM-VQR classical twin,4,10,0.61611825,0.5916604,0.6193655,0.6150448,0.0267963595688343,0.024457872,0.023384392,0.003247261
MQAttn-LSTM-VQR classical twin,4,10,0.61242574,0.5924649,0.617507,0.61220986,0.0267963595688343,0.01996082,0.019744933,0.0050812364
MQAttn-LSTM-VQR classical twin,4,10,0.6089151,0.61542326,0.6355626,0.6093342,0.0267963595688343,0.0065081716,0.0060890913,0.026647508
MQAttn-LSTM-VQR classical twin,4,10,0.60306585,0.62103117,0.6520978,0.60189325,0.0267963595688343,0.017965317,0.019137919,0.049031973
MQAttn-LSTM-VQR classical twin,4,10,0.6006719,0.6151281,0.6543725,0.60260457,0.0267963595688343,0.0144562125,0.012523532,0.053700626
MQAttn-LSTM-VQR classical twin,4,10,0.5976076,0.6127962,0.65154666,0.5977873,0.0267963595688343,0.015188575,0.015008867,0.053939044
MQAttn-LSTM-VQR classical twin,4,10,0.5944383,0.6013149,0.64057904,0.59442484,0.0267963595688343,0.006876588,0.0068900585,0.04614073
MQAttn-LSTM-VQR classical twin,4,10,0.5938451,0.59318167,0.62825054,0.59578025,0.0267963595688343,0.0006634593,0.0025985837,0.03440541
MQAttn-LSTM-VQR classical twin,4,10,0.5888172,0.5965418,0.6221551,0.58632934,0.0267963595688343,0.0077246428,0.010212481,0.03333789
MQAttn-LSTM-VQR classical twin,4,10,0.5890858,0.592792,0.62061644,0.5920567,0.0267963595688343,0.0037061572,0.0007352829,0.03153062
MQAttn-LSTM-VQR classical twin,4,10,0.5825772,0.5906488,0.61611825,0.57884127,0.0267963595688343,0.008071542,0.011807501,0.033541024
MQAttn-LSTM-VQR classical twin,4,10,0.6075648,0.5904995,0.61242574,0.62967795,0.0267963595688343,0.017065287,0.03917843,0.0048609376
MQAttn-LSTM-VQR classical twin,4,10,0.6273772,0.5903661,0.6089151,0.63294166,0.0267963595688343,0.037011087,0.04257554,0.018462121
MQAttn-LSTM-VQR classical twin,4,10,0.63339037,0.5925021,0.60306585,0.6236299,0.0267963595688343,0.04088825,0.03112781,0.030324519
MQAttn-LSTM-VQR classical twin,4,10,0.62850726,0.58660144,0.6006719,0.61640435,0.0267963595688343,0.04190582,0.029802918,0.02783537
MQAttn-LSTM-VQR classical twin,4,10,0.62074745,0.5837829,0.5976076,0.6159796,0.0267963595688343,0.036964536,0.0321967,0.023139834
MQAttn-LSTM-VQR classical twin,4,10,0.6116094,0.58347607,0.5944383,0.61039287,0.0267963595688343,0.028133333,0.026916802,0.017171085
MQAttn-LSTM-VQR classical twin,4,10,0.6102395,0.59132487,0.5938451,0.6137721,0.0267963595688343,0.01891464,0.022447228,0.016394377
MQAttn-LSTM-VQR classical twin,4,10,0.61483413,0.5792446,0.5888172,0.6193394,0.0267963595688343,0.035589516,0.040094793,0.02601695
MQAttn-LSTM-VQR classical twin,4,10,0.61543506,0.58189046,0.5890858,0.6141789,0.0267963595688343,0.0335446,0.032288432,0.026349247
MQAttn-LSTM-VQR classical twin,4,10,0.609925,0.5752875,0.5825772,0.60477406,0.0267963595688343,0.03463745,0.029486537,0.027347744
MQAttn-LSTM-VQR classical twin,4,10,0.6052356,0.61114097,0.6075648,0.6041071,0.0267963595688343,0.00590539,0.0070338845,0.0023292303
MQAttn-LSTM-VQR classical twin,4,10,0.62849325,0.6146182,0.6273772,0.64993674,0.0267963595688343,0.013875067,0.035318553,0.0011160374
MQAttn-LSTM-VQR classical twin,4,10,0.6369796,0.6089036,0.63339037,0.63456106,0.0267963595688343,0.028075993,0.025657475,0.003589213
MQAttn-LSTM-VQR classical twin,4,10,0.6372413,0.6026744,0.62850726,0.62775725,0.0267963595688343,0.03456688,0.025082827,0.008734047
MQAttn-LSTM-VQR classical twin,4,10,0.63276875,0.5956751,0.62074745,0.62599385,0.0267963595688343,0.03709364,0.030318737,0.012021303
MQAttn-LSTM-VQR classical twin,4,10,0.6229601,0.5892554,0.6116094,0.6187491,0.0267963595688343,0.033704698,0.02949369,0.011350691
MQAttn-LSTM-VQR classical twin,4,10,0.6129441,0.5986808,0.6102395,0.6115637,0.0267963595688343,0.014263332,0.012882888,0.0027046204
MQAttn-QLSTM-VQR,4,10,0.67143685,0.6570659,0.72258544,0.67201114,0.0267963595688343,0.014370918,0.014945209,0.051148593
MQAttn-QLSTM-VQR,4,10,0.660945,0.6549452,0.72017837,0.65920526,0.0267963595688343,0.0059998035,0.004260063,0.059233367
MQAttn-QLSTM-VQR,4,10,0.6539612,0.6529945,0.71694916,0.65563637,0.0267963595688343,0.0009666681,0.0026418567,0.06298798
MQAttn-QLSTM-VQR,4,10,0.6474527,0.64869756,0.7109098,0.6485086,0.0267963595688343,0.001244843,0.00018894672,0.06345707
MQAttn-QLSTM-VQR,4,10,0.645787,0.64728457,0.7079577,0.64976096,0.0267963595688343,0.0014975667,0.0024763942,0.062170684
MQAttn-QLSTM-VQR,4,10,0.64161384,0.64527404,0.70693827,0.6413077,0.0267963595688343,0.003660202,0.0039663315,0.065324426
MQAttn-QLSTM-VQR,4,10,0.63775796,0.64303166,0.70337564,0.6376445,0.0267963595688343,0.0052736998,0.0053871274,0.06561768
MQAttn-QLSTM-VQR,4,10,0.63536024,0.63962156,0.69804263,0.63677865,0.0267963595688343,0.004261315,0.0028429031,0.06268239
MQAttn-QLSTM-VQR,4,10,0.63061374,0.63396424,0.69005895,0.6297057,0.0267963595688343,0.0033504963,0.0042585135,0.059445202
MQAttn-QLSTM-VQR,4,10,0.62938815,0.6271138,0.67966247,0.6315816,0.0267963595688343,0.0022743344,0.0044677854,0.050274312
MQAttn-QLSTM-VQR,4,10,0.62564594,0.62232494,0.67143685,0.62458587,0.0267963595688343,0.003320992,0.0022609234,0.04579091
MQAttn-QLSTM-VQR,4,10,0.6193655,0.61610556,0.660945,0.6169922,0.0267963595688343,0.0032599568,0.0008866191,0.041579485
MQAttn-QLSTM-VQR,4,10,0.617507,0.6130461,0.6539612,0.620016,0.0267963595688343,0.004460871,0.006969869,0.0364542
MQAttn-QLSTM-VQR,4,10,0.6355626,0.61106396,0.6474527,0.6518543,0.0267963595688343,0.024498641,0.04079032,0.011890113
MQAttn-QLSTM-VQR,4,10,0.6520978,0.6110629,0.645787,0.657528,0.0267963595688343,0.041034937,0.0464651,0.0063108206
MQAttn-QLSTM-VQR,4,10,0.6543725,0.6090238,0.64161384,0.6444369,0.0267963595688343,0.045348704,0.035413086,0.012758672
MQAttn-QLSTM-VQR,4,10,0.65154666,0.608083,0.63775796,0.6438569,0.0267963595688343,0.043463647,0.035773873,0.0137887
MQAttn-QLSTM-VQR,4,10,0.64057904,0.607858,0.63536024,0.633669,0.0267963595688343,0.032721043,0.025811017,0.005218804
MQAttn-QLSTM-VQR,4,10,0.62825054,0.6066608,0.63061374,0.6252972,0.0267963595688343,0.021589756,0.018636405,0.002363205
MQAttn-QLSTM-VQR,4,10,0.6221551,0.6054585,0.62938815,0.62435657,0.0267963595688343,0.016696572,0.01889807,0.0072330832
MQAttn-QLSTM-VQR,4,10,0.62061644,0.60316044,0.62564594,0.62400115,0.0267963595688343,0.017455995,0.020840704,0.0050294995
MQAttn-QLSTM-VQR,4,10,0.61611825,0.5988072,0.6193655,0.6150448,0.0267963595688343,0.017311037,0.016237557,0.003247261
MQAttn-QLSTM-VQR,4,10,0.61242574,0.598629,0.617507,0.61220986,0.0267963595688343,0.013796747,0.013580859,0.0050812364
MQAttn-QLSTM-VQR,4,10,0.6089151,0.615959,0.6355626,0.6093342,0.0267963595688343,0.007043898,0.006624818,0.026647508
MQAttn-QLSTM-VQR,4,10,0.60306585,0.6231593,0.6520978,0.60189325,0.0267963595688343,0.020093441,0.021266043,0.049031973
MQAttn-QLSTM-VQR,4,10,0.6006719,0.62150407,0.6543725,0.60260457,0.0267963595688343,0.020832181,0.0188995,0.053700626
MQAttn-QLSTM-VQR,4,10,0.5976076,0.61876243,0.65154666,0.5977873,0.0267963595688343,0.02115482,0.020975113,0.053939044
MQAttn-QLSTM-VQR,4,10,0.5944383,0.6099557,0.64057904,0.59442484,0.0267963595688343,0.015517414,0.015530884,0.04614073
MQAttn-QLSTM-VQR,4,10,0.5938451,0.60232794,0.62825054,0.59578025,0.0267963595688343,0.008482814,0.0065476894,0.03440541
MQAttn-QLSTM-VQR,4,10,0.5888172,0.6003524,0.6221551,0.58632934,0.0267963595688343,0.011535227,0.014023066,0.03333789
MQAttn-QLSTM-VQR,4,10,0.5890858,0.60015976,0.62061644,0.5920567,0.0267963595688343,0.011073947,0.008103073,0.03153062
MQAttn-QLSTM-VQR,4,10,0.5825772,0.59759265,0.61611825,0.57884127,0.0267963595688343,0.015015423,0.018751383,0.033541024
MQAttn-QLSTM-VQR,4,10,0.6075648,0.59659463,0.61242574,0.62967795,0.0267963595688343,0.010970175,0.03308332,0.0048609376
MQAttn-QLSTM-VQR,4,10,0.6273772,0.59507173,0.6089151,0.63294166,0.0267963595688343,0.03230548,0.03786993,0.018462121
MQAttn-QLSTM-VQR,4,10,0.63339037,0.5917842,0.60306585,0.6236299,0.0267963595688343,0.041606188,0.03184575,0.030324519
MQAttn-QLSTM-VQR,4,10,0.62850726,0.58879983,0.6006719,0.61640435,0.0267963595688343,0.039707422,0.02760452,0.02783537
MQAttn-QLSTM-VQR,4,10,0.62074745,0.58685946,0.5976076,0.6159796,0.0267963595688343,0.033887982,0.029120147,0.023139834
MQAttn-QLSTM-VQR,4,10,0.6116094,0.58566815,0.5944383,0.61039287,0.0267963595688343,0.025941253,0.024724722,0.017171085
MQAttn-QLSTM-VQR,4,10,0.6102395,0.586607,0.5938451,0.6137721,0.0267963595688343,0.023632526,0.027165115,0.016394377
MQAttn-QLSTM-VQR,4,10,0.61483413,0.5806199,0.5888172,0.6193394,0.0267963595688343,0.03421426,0.038719535,0.02601695
MQAttn-QLSTM-VQR,4,10,0.61543506,0.58175886,0.5890858,0.6141789,0.0267963595688343,0.033676207,0.03242004,0.026349247
MQAttn-QLSTM-VQR,4,10,0.609925,0.5764466,0.5825772,0.60477406,0.0267963595688343,0.03347838,0.028327465,0.027347744
MQAttn-QLSTM-VQR,4,10,0.6052356,0.5990619,0.6075648,0.6041071,0.0267963595688343,0.0061736703,0.0050451756,0.0023292303
MQAttn-QLSTM-VQR,4,10,0.62849325,0.6112414,0.6273772,0.64993674,0.0267963595688343,0.01725185,0.038695335,0.0011160374
MQAttn-QLSTM-VQR,4,10,0.6369796,0.61280024,0.63339037,0.63456106,0.0267963595688343,0.02417934,0.021760821,0.003589213
MQAttn-QLSTM-VQR,4,10,0.6372413,0.6076059,0.62850726,0.62775725,0.0267963595688343,0.02963543,0.020151377,0.008734047
MQAttn-QLSTM-VQR,4,10,0.63276875,0.60141164,0.62074745,0.62599385,0.0267963595688343,0.03135711,0.024582207,0.012021303
MQAttn-QLSTM-VQR,4,10,0.6229601,0.59525144,0.6116094,0.6187491,0.0267963595688343,0.02770865,0.023497641,0.011350691
MQAttn-QLSTM-VQR,4,10,0.6129441,0.5968596,0.6102395,0.6115637,0.0267963595688343,0.016084552,0.014704108,0.0027046204
MQAttn-QLSTM-VQR classical twin,4,10,0.67143685,0.6557239,0.72258544,0.67201114,0.0267963595688343,0.015712917,0.016287208,0.051148593
MQAttn-QLSTM-VQR classical twin,4,10,0.660945,0.6522466,0.72017837,0.65920526,0.0267963595688343,0.008698404,0.0069586635,0.059233367
MQAttn-QLSTM-VQR classical twin,4,10,0.6539612,0.6510642,0.71694916,0.65563637,0.0267963595688343,0.0028969646,0.004572153,0.06298798
MQAttn-QLSTM-VQR classical twin,4,10,0.6474527,0.64605826,0.7109098,0.6485086,0.0267963595688343,0.0013944507,0.002450347,0.06345707
MQAttn-QLSTM-VQR classical twin,4,10,0.645787,0.6412282,0.7079577,0.64976096,0.0267963595688343,0.0045588017,0.0085327625,0.062170684
MQAttn-QLSTM-VQR classical twin,4,10,0.64161384,0.6383062,0.70693827,0.6413077,0.0267963595688343,0.0033076406,0.003001511,0.065324426
MQAttn-QLSTM-VQR classical twin,4,10,0.63775796,0.6371153,0.70337564,0.6376445,0.0267963595688343,0.0006426573,0.00052922964,0.06561768
MQAttn-QLSTM-VQR classical twin,4,10,0.63536024,0.63299435,0.69804263,0.63677865,0.0267963595688343,0.0023658872,0.003784299,0.06268239
MQAttn-QLSTM-VQR classical twin,4,10,0.63061374,0.625681,0.69005895,0.6297057,0.0267963595688343,0.004932761,0.004024744,0.059445202
MQAttn-QLSTM-VQR classical twin,4,10,0.62938815,0.6170296,0.67966247,0.6315816,0.0267963595688343,0.012358546,0.014551997,0.050274312
MQAttn-QLSTM-VQR classical twin,4,10,0.62564594,0.6117661,0.67143685,0.62458587,0.0267963595688343,0.013879836,0.012819767,0.04579091
MQAttn-QLSTM-VQR classical twin,4,10,0.6193655,0.6093464,0.660945,0.6169922,0.0267963595688343,0.010019124,0.007645786,0.041579485
MQAttn-QLSTM-VQR classical twin,4,10,0.617507,0.6086164,0.6539612,0.620016,0.0267963595688343,0.008890569,0.011399567,0.0364542
MQAttn-QLSTM-VQR classical twin,4,10,0.6355626,0.605775,0.6474527,0.6518543,0.0267963595688343,0.0297876,0.046079278,0.011890113
MQAttn-QLSTM-VQR classical twin,4,10,0.6520978,0.6086026,0.645787,0.657528,0.0267963595688343,0.043495238,0.0489254,0.0063108206
MQAttn-QLSTM-VQR classical twin,4,10,0.6543725,0.6068056,0.64161384,0.6444369,0.0267963595688343,0.04756689,0.037631273,0.012758672
MQAttn-QLSTM-VQR classical twin,4,10,0.65154666,0.6075608,0.63775796,0.6438569,0.0267963595688343,0.043985844,0.03629607,0.0137887
MQAttn-QLSTM-VQR classical twin,4,10,0.64057904,0.60851467,0.63536024,0.633669,0.0267963595688343,0.03206438,0.025154352,0.005218804
MQAttn-QLSTM-VQR classical twin,4,10,0.62825054,0.60708576,0.63061374,0.6252972,0.0267963595688343,0.021164775,0.018211424,0.002363205
MQAttn-QLSTM-VQR classical twin,4,10,0.6221551,0.60700464,0.62938815,0.62435657,0.0267963595688343,0.015150428,0.017351925,0.0072330832
MQAttn-QLSTM-VQR classical twin,4,10,0.62061644,0.6045646,0.62564594,0.62400115,0.0267963595688343,0.016051829,0.019436538,0.0050294995
MQAttn-QLSTM-VQR classical twin,4,10,0.61611825,0.60058296,0.6193655,0.6150448,0.0267963595688343,0.015535295,0.014461815,0.003247261
MQAttn-QLSTM-VQR classical twin,4,10,0.61242574,0.6015824,0.617507,0.61220986,0.0267963595688343,0.010843337,0.010627449,0.0050812364
MQAttn-QLSTM-VQR classical twin,4,10,0.6089151,0.6187446,0.6355626,0.6093342,0.0267963595688343,0.009829521,0.009410441,0.026647508
MQAttn-QLSTM-VQR classical twin,4,10,0.60306585,0.61841565,0.6520978,0.60189325,0.0267963595688343,0.015349805,0.016522408,0.049031973
MQAttn-QLSTM-VQR classical twin,4,10,0.6006719,0.617441,0.6543725,0.60260457,0.0267963595688343,0.016769111,0.014836431,0.053700626
MQAttn-QLSTM-VQR classical twin,4,10,0.5976076,0.6176349,0.65154666,0.5977873,0.0267963595688343,0.02002728,0.019847572,0.053939044
MQAttn-QLSTM-VQR classical twin,4,10,0.5944383,0.60993254,0.64057904,0.59442484,0.0267963595688343,0.015494227,0.015507698,0.04614073
MQAttn-QLSTM-VQR classical twin,4,10,0.5938451,0.6037655,0.62825054,0.59578025,0.0267963595688343,0.009920359,0.007985234,0.03440541
MQAttn-QLSTM-VQR classical twin,4,10,0.5888172,0.6013202,0.6221551,0.58632934,0.0267963595688343,0.012503028,0.014990866,0.03333789
MQAttn-QLSTM-VQR classical twin,4,10,0.5890858,0.6022534,0.62061644,0.5920567,0.0267963595688343,0.01316756,0.010196686,0.03153062
MQAttn-QLSTM-VQR classical twin,4,10,0.5825772,0.60060936,0.61611825,0.57884127,0.0267963595688343,0.018032134,0.021768093,0.033541024
MQAttn-QLSTM-VQR classical twin,4,10,0.6075648,0.6003705,0.61242574,0.62967795,0.0267963595688343,0.0071942806,0.029307425,0.0048609376
MQAttn-QLSTM-VQR classical twin,4,10,0.6273772,0.5992238,0.6089151,0.63294166,0.0267963595688343,0.02815342,0.03371787,0.018462121
MQAttn-QLSTM-VQR classical twin,4,10,0.63339037,0.5964046,0.60306585,0.6236299,0.0267963595688343,0.036985755,0.027225316,0.030324519
MQAttn-QLSTM-VQR classical twin,4,10,0.62850726,0.5948785,0.6006719,0.61640435,0.0267963595688343,0.03362876,0.02152586,0.02783537
MQAttn-QLSTM-VQR classical twin,4,10,0.62074745,0.59341365,0.5976076,0.6159796,0.0267963595688343,0.027333796,0.02256596,0.023139834
MQAttn-QLSTM-VQR classical twin,4,10,0.6116094,0.5921328,0.5944383,0.61039287,0.0267963595688343,0.019476593,0.018260062,0.017171085
MQAttn-QLSTM-VQR classical twin,4,10,0.6102395,0.5934982,0.5938451,0.6137721,0.0267963595688343,0.016741335,0.020273924,0.016394377
MQAttn-QLSTM-VQR classical twin,4,10,0.61483413,0.58849883,0.5888172,0.6193394,0.0267963595688343,0.026335299,0.030840576,0.02601695
MQAttn-QLSTM-VQR classical twin,4,10,0.61543506,0.58933157,0.5890858,0.6141789,0.0267963595688343,0.026103497,0.024847329,0.026349247
MQAttn-QLSTM-VQR classical twin,4,10,0.609925,0.58508646,0.5825772,0.60477406,0.0267963595688343,0.024838507,0.019687593,0.027347744
MQAttn-QLSTM-VQR classical twin,4,10,0.6052356,0.61059266,0.6075648,0.6041071,0.0267963595688343,0.0053570867,0.0064855814,0.0023292303
MQAttn-QLSTM-VQR classical twin,4,10,0.62849325,0.61285806,0.6273772,0.64993674,0.0267963595688343,0.015635192,0.03707868,0.0011160374
MQAttn-QLSTM-VQR classical twin,4,10,0.6369796,0.61508596,0.63339037,0.63456106,0.0267963595688343,0.02189362,0.019475102,0.003589213
MQAttn-QLSTM-VQR classical twin,4,10,0.6372413,0.6108295,0.62850726,0.62775725,0.0267963595688343,0.026411831,0.016927779,0.008734047
MQAttn-QLSTM-VQR classical twin,4,10,0.63276875,0.60542506,0.62074745,0.62599385,0.0267963595688343,0.02734369,0.020568788,0.012021303
MQAttn-QLSTM-VQR classical twin,4,10,0.6229601,0.5995138,0.6116094,0.6187491,0.0267963595688343,0.023446262,0.019235253,0.011350691
MQAttn-QLSTM-VQR classical twin,4,10,0.6129441,0.6009893,0.6102395,0.6115637,0.0267963595688343,0.011954844,0.0105744,0.0027046204
QLSTM,4,10,0.67143685,0.6557721,0.72258544,0.67201114,0.0267963595688343,0.015664756,0.016239047,0.051148593
QLSTM,4,10,0.660945,0.6536351,0.72017837,0.65920526,0.0267963595688343,0.0073099136,0.0055701733,0.059233367
QLSTM,4,10,0.6539612,0.6530056,0.71694916,0.65563637,0.0267963595688343,0.00095558167,0.0026307702,0.06298798
QLSTM,4,10,0.6474527,0.64912194,0.7109098,0.6485086,0.0267963595688343,0.0016692281,0.0006133318,0.06345707
QLSTM,4,10,0.645787,0.64684707,0.7079577,0.64976096,0.0267963595688343,0.0010600686,0.0029138923,0.062170684
QLSTM,4,10,0.64161384,0.6444802,0.70693827,0.6413077,0.0267963595688343,0.0028663874,0.0031725168,0.065324426
QLSTM,4,10,0.63775796,0.6436109,0.70337564,0.6376445,0.0267963595688343,0.0058529377,0.0059663653,0.06561768
QLSTM,4,10,0.63536024,0.64060825,0.69804263,0.63677865,0.0267963595688343,0.00524801,0.0038295984,0.06268239
QLSTM,4,10,0.63061374,0.63504946,0.69005895,0.6297057,0.0267963595688343,0.004435718,0.005343735,0.059445202
QLSTM,4,10,0.62938815,0.62802535,0.67966247,0.6315816,0.0267963595688343,0.0013628006,0.0035562515,0.050274312
QLSTM,4,10,0.62564594,0.6212398,0.67143685,0.62458587,0.0267963595688343,0.004406154,0.0033460855,0.04579091
QLSTM,4,10,0.6193655,0.6158015,0.660945,0.6169922,0.0267963595688343,0.0035640001,0.0011906624,0.041579485
QLSTM,4,10,0.617507,0.61283284,0.6539612,0.620016,0.0267963595688343,0.0046741366,0.0071831346,0.0364542
QLSTM,4,10,0.6355626,0.6087103,0.6474527,0.6518543,0.0267963595688343,0.02685231,0.043143988,0.011890113
QLSTM,4,10,0.6520978,0.610068,0.645787,0.657528,0.0267963595688343,0.042029798,0.04745996,0.0063108206
QLSTM,4,10,0.6543725,0.6078463,0.64161384,0.6444369,0.0267963595688343,0.046526194,0.036590576,0.012758672
QLSTM,4,10,0.65154666,0.60703355,0.63775796,0.6438569,0.0267963595688343,0.044513106,0.036823332,0.0137887
QLSTM,4,10,0.64057904,0.6071266,0.63536024,0.633669,0.0267963595688343,0.03345245,0.026542425,0.005218804
QLSTM,4,10,0.62825054,0.60464954,0.63061374,0.6252972,0.0267963595688343,0.023600996,0.020647645,0.002363205
QLSTM,4,10,0.6221551,0.60447454,0.62938815,0.62435657,0.0267963595688343,0.017680526,0.019882023,0.0072330832
QLSTM,4,10,0.62061644,0.6020229,0.62564594,0.62400115,0.0267963595688343,0.01859355,0.02197826,0.0050294995
QLSTM,4,10,0.61611825,0.5977535,0.6193655,0.6150448,0.0267963595688343,0.018364727,0.017291248,0.003247261
QLSTM,4,10,0.61242574,0.59800035,0.617507,0.61220986,0.0267963595688343,0.014425397,0.014209509,0.0050812364
QLSTM,4,10,0.6089151,0.6143408,0.6355626,0.6093342,0.0267963595688343,0.0054256916,0.0050066113,0.026647508
QLSTM,4,10,0.60306585,0.6197089,0.6520978,0.60189325,0.0267963595688343,0.016643047,0.01781565,0.049031973
QLSTM,4,10,0.6006719,0.6195396,0.6543725,0.60260457,0.0267963595688343,0.018867731,0.01693505,0.053700626
QLSTM,4,10,0.5976076,0.61820287,0.65154666,0.5977873,0.0267963595688343,0.020595253,0.020415545,0.053939044
QLSTM,4,10,0.5944383,0.6097237,0.64057904,0.59442484,0.0267963595688343,0.015285373,0.015298843,0.04614073
QLSTM,4,10,0.5938451,0.6023197,0.62825054,0.59578025,0.0267963595688343,0.008474588,0.006539464,0.03440541
QLSTM,4,10,0.5888172,0.5987461,0.6221551,0.58632934,0.0267963595688343,0.009928942,0.01241678,0.03333789
QLSTM,4,10,0.5890858,0.599559,0.62061644,0.5920567,0.0267963595688343,0.010473192,0.0075023174,0.03153062
QLSTM,4,10,0.5825772,0.59723806,0.61611825,0.57884127,0.0267963595688343,0.014660835,0.018396795,0.033541024
QLSTM,4,10,0.6075648,0.5964763,0.61242574,0.62967795,0.0267963595688343,0.0110884905,0.033201635,0.0048609376
QLSTM,4,10,0.6273772,0.59513307,0.6089151,0.63294166,0.0267963595688343,0.032244146,0.037808597,0.018462121
QLSTM,4,10,0.63339037,0.590977,0.60306585,0.6236299,0.0267963595688343,0.042413354,0.032652915,0.030324519
QLSTM,4,10,0.62850726,0.5893311,0.6006719,0.61640435,0.0267963595688343,0.039176166,0.027073264,0.02783537
QLSTM,4,10,0.62074745,0.5877601,0.5976076,0.6159796,0.0267963595688343,0.032987356,0.028219521,0.023139834
QLSTM,4,10,0.6116094,0.58680135,0.5944383,0.61039287,0.0267963595688343,0.02480805,0.023591518,0.017171085
QLSTM,4,10,0.6102395,0.586829,0.5938451,0.6137721,0.0267963595688343,0.0234105,0.026943088,0.016394377
QLSTM,4,10,0.61483413,0.58200717,0.5888172,0.6193394,0.0267963595688343,0.03282696,0.037332237,0.02601695
QLSTM,4,10,0.61543506,0.5831826,0.5890858,0.6141789,0.0267963595688343,0.03225249,0.030996323,0.026349247
QLSTM,4,10,0.609925,0.5784246,0.5825772,0.60477406,0.0267963595688343,0.0315004,0.026349485,0.027347744
QLSTM,4,10,0.6052356,0.60124546,0.6075648,0.6041071,0.0267963595688343,0.0039901137,0.002861619,0.0023292303
QLSTM,4,10,0.62849325,0.6086805,0.6273772,0.64993674,0.0267963595688343,0.019812763,0.04125625,0.0011160374
QLSTM,4,10,0.6369796,0.61194146,0.63339037,0.63456106,0.0267963595688343,0.025038123,0.022619605,0.003589213
QLSTM,4,10,0.6372413,0.6076518,0.62850726,0.62775725,0.0267963595688343,0.029589474,0.020105422,0.008734047
QLSTM,4,10,0.63276875,0.6022456,0.62074745,0.62599385,0.0267963595688343,0.030523121,0.023748219,0.012021303
QLSTM,4,10,0.6229601,0.59661674,0.6116094,0.6187491,0.0267963595688343,0.026343346,0.022132337,0.011350691
QLSTM,4,10,0.6129441,0.5966402,0.6102395,0.6115637,0.0267963595688343,0.016303897,0.014923453,0.0027046204
LSTM,4,10,0.67143685,0.66236234,0.72258544,0.67201114,0.0267963595688343,0.009074509,0.0096488,0.051148593
LSTM,4,10,0.660945,0.6602525,0.72017837,0.65920526,0.0267963595688343,0.00069248676,0.0010472536,0.059233367
LSTM,4,10,0.6539612,0.65886796,0.71694916,0.65563637,0.0267963595688343,0.0049067736,0.003231585,0.06298798
LSTM,4,10,0.6474527,0.6533568,0.7109098,0.6485086,0.0267963595688343,0.0059040785,0.004848182,0.06345707
LSTM,4,10,0.645787,0.64937377,0.7079577,0.64976096,0.0267963595688343,0.003586769,0.00038719177,0.062170684
LSTM,4,10,0.64161384,0.64867264,0.70693827,0.6413077,0.0267963595688343,0.0070587993,0.0073649287,0.065324426
LSTM,4,10,0.63775796,0.6465933,0.70337564,0.6376445,0.0267963595688343,0.008835316,0.008948743,0.06561768
LSTM,4,10,0.63536024,0.6418983,0.69804263,0.63677865,0.0267963595688343,0.0065380335,0.0051196218,0.06268239
LSTM,4,10,0.63061374,0.6348024,0.69005895,0.6297057,0.0267963595688343,0.004188657,0.005096674,0.059445202
LSTM,4,10,0.62938815,0.62525153,0.67966247,0.6315816,0.0267963595688343,0.004136622,0.006330073,0.050274312
LSTM,4,10,0.62564594,0.61632764,0.67143685,0.62458587,0.0267963595688343,0.009318292,0.0082582235,0.04579091
LSTM,4,10,0.6193655,0.6080722,0.660945,0.6169922,0.0267963595688343,0.011293292,0.008919954,0.041579485
LSTM,4,10,0.617507,0.6020172,0.6539612,0.620016,0.0267963595688343,0.015489757,0.017998755,0.0364542
LSTM,4,10,0.6355626,0.59534115,0.6474527,0.6518543,0.0267963595688343,0.040221453,0.05651313,0.011890113
LSTM,4,10,0.6520978,0.5957826,0.645787,0.657528,0.0267963595688343,0.056315243,0.061745405,0.0063108206
LSTM,4,10,0.6543725,0.5926734,0.64161384,0.6444369,0.0267963595688343,0.061699092,0.051763475,0.012758672
LSTM,4,10,0.65154666,0.5901638,0.63775796,0.6438569,0.0267963595688343,0.06138283,0.053693056,0.0137887
LSTM,4,10,0.64057904,0.58927214,0.63536024,0.633669,0.0267963595688343,0.051306903,0.044396877,0.005218804
LSTM,4,10,0.62825054,0.58507025,0.63061374,0.6252972,0.0267963595688343,0.043180287,0.040226936,0.002363205
LSTM,4,10,0.6221551,0.5861695,0.62938815,0.62435657,0.0267963595688343,0.03598559,0.038187087,0.0072330832
LSTM,4,10,0.62061644,0.5839036,0.62564594,0.62400115,0.0267963595688343,0.036712825,0.040097535,0.0050294995
LSTM,4,10,0.61611825,0.5801571,0.6193655,0.6150448,0.0267963595688343,0.03596115,0.03488767,0.003247261
LSTM,4,10,0.61242574,0.5806978,0.617507,0.61220986,0.0267963595688343,0.03172797,0.03151208,0.0050812364
LSTM,4,10,0.6089151,0.5987534,0.6355626,0.6093342,0.0267963595688343,0.010161698,0.010580778,0.026647508
LSTM,4,10,0.60306585,0.61057013,0.6520978,0.60189325,0.0267963595688343,0.0075042844,0.008676887,0.049031973
LSTM,4,10,0.6006719,0.61054546,0.6543725,0.60260457,0.0267963595688343,0.009873569,0.007940888,0.053700626
LSTM,4,10,0.5976076,0.6066171,0.65154666,0.5977873,0.0267963595688343,0.0090094805,0.0088297725,0.053939044
LSTM,4,10,0.5944383,0.59531707,0.64057904,0.59442484,0.0267963595688343,0.0008787513,0.0008922219,0.04614073
LSTM,4,10,0.5938451,0.58391935,0.62825054,0.59578025,0.0267963595688343,0.009925783,0.011860907,0.03440541
LSTM,4,10,0.5888172,0.5772835,0.6221551,0.58632934,0.0267963595688343,0.011533678,0.009045839,0.03333789
LSTM,4,10,0.5890858,0.580251,0.62061644,0.5920567,0.0267963595688343,0.008834839,0.011805713,0.03153062
LSTM,4,10,0.5825772,0.57930905,0.61611825,0.57884127,0.0267963595688343,0.0032681823,0.00046777725,0.033541024
LSTM,4,10,0.6075648,0.57561654,0.61242574,0.62967795,0.0267963595688343,0.03194827,0.054061413,0.0048609376
LSTM,4,10,0.6273772,0.5721059,0.6089151,0.63294166,0.0267963595688343,0.055271327,0.06083578,0.018462121
LSTM,4,10,0.63339037,0.56758696,0.60306585,0.6236299,0.0267963595688343,0.06580341,0.05604297,0.030324519
LSTM,4,10,0.62850726,0.57045233,0.6006719,0.61640435,0.0267963595688343,0.058054924,0.045952022,0.02783537
LSTM,4,10,0.62074745,0.57296246,0.5976076,0.6159796,0.0267963595688343,0.047784984,0.04301715,0.023139834
LSTM,4,10,0.6116094,0.5760183,0.5944383,0.61039287,0.0267963595688343,0.035591125,0.034374595,0.017171085
LSTM,4,10,0.6102395,0.5811176,0.5938451,0.6137721,0.0267963595688343,0.029121935,0.032654524,0.016394377
LSTM,4,10,0.61483413,0.57729244,0.5888172,0.6193394,0.0267963595688343,0.037541687,0.042046964,0.02601695
LSTM,4,10,0.61543506,0.57994,0.5890858,0.6141789,0.0267963595688343,0.035495043,0.034238875,0.026349247
LSTM,4,10,0.609925,0.5758886,0.5825772,0.60477406,0.0267963595688343,0.034036398,0.028885484,0.027347744
LSTM,4,10,0.6052356,0.6037528,0.6075648,0.6041071,0.0267963595688343,0.0014827847,0.00035429,0.0023292303
LSTM,4,10,0.62849325,0.61265785,0.6273772,0.64993674,0.0267963595688343,0.015835404,0.03727889,0.0011160374
LSTM,4,10,0.6369796,0.6091612,0.63339037,0.63456106,0.0267963595688343,0.027818382,0.025399864,0.003589213
LSTM,4,10,0.6372413,0.59833544,0.62850726,0.62775725,0.0267963595688343,0.03890586,0.029421806,0.008734047
LSTM,4,10,0.63276875,0.5861388,0.62074745,0.62599385,0.0267963595688343,0.046629965,0.039855063,0.012021303
LSTM,4,10,0.6229601,0.5748002,0.6116094,0.6187491,0.0267963595688343,0.048159897,0.04394889,0.011350691
LSTM,4,10,0.6129441,0.5734303,0.6102395,0.6115637,0.0267963595688343,0.039513826,0.038133383,0.0027046204
GRU,4,10,0.67143685,0.64687,0.72258544,0.67201114,0.0267963595688343,0.02456683,0.02514112,0.051148593
GRU,4,10,0.660945,0.6435771,0.72017837,0.65920526,0.0267963595688343,0.0173679,0.015628159,0.059233367
GRU,4,10,0.6539612,0.6416013,0.71694916,0.65563637,0.0267963595688343,0.012359858,0.014035046,0.06298798
GRU,4,10,0.6474527,0.63762003,0.7109098,0.6485086,0.0267963595688343,0.00983268,0.0108885765,0.06345707
GRU,4,10,0.645787,0.6370128,0.7079577,0.64976096,0.0267963595688343,0.008774221,0.012748182,0.062170684
GRU,4,10,0.64161384,0.63217914,0.70693827,0.6413077,0.0267963595688343,0.0094347,0.009128571,0.065324426
GRU,4,10,0.63775796,0.6300451,0.70337564,0.6376445,0.0267963595688343,0.007712841,0.0075994134,0.06561768
GRU,4,10,0.63536024,0.62764686,0.69804263,0.63677865,0.0267963595688343,0.0077133775,0.009131789,0.06268239
GRU,4,10,0.63061374,0.6224049,0.69005895,0.6297057,0.0267963595688343,0.008208871,0.0073008537,0.059445202
GRU,4,10,0.62938815,0.61566436,0.67966247,0.6315816,0.0267963595688343,0.013723791,0.015917242,0.050274312
GRU,4,10,0.62564594,0.6107383,0.67143685,0.62458587,0.0267963595688343,0.014907658,0.0138475895,0.04579091
GRU,4,10,0.6193655,0.6038263,0.660945,0.6169922,0.0267963595688343,0.015539229,0.013165891,0.041579485
GRU,4,10,0.617507,0.59982795,0.6539612,0.620016,0.0267963595688343,0.017679036,0.020188034,0.0364542
GRU,4,10,0.6355626,0.5978419,0.6474527,0.6518543,0.0267963595688343,0.03772068,0.05401236,0.011890113
GRU,4,10,0.6520978,0.5952709,0.645787,0.657528,0.0267963595688343,0.05682695,0.06225711,0.0063108206
GRU,4,10,0.6543725,0.5931083,0.64161384,0.6444369,0.0267963595688343,0.061264217,0.0513286,0.012758672
GRU,4,10,0.65154666,0.5926482,0.63775796,0.6438569,0.0267963595688343,0.05889845,0.051208675,0.0137887
GRU,4,10,0.64057904,0.5925842,0.63536024,0.633669,0.0267963595688343,0.047994852,0.041084826,0.005218804
GRU,4,10,0.62825054,0.59276843,0.63061374,0.6252972,0.0267963595688343,0.03548211,0.032528758,0.002363205
GRU,4,10,0.6221551,0.59012216,0.62938815,0.62435657,0.0267963595688343,0.032032907,0.034234405,0.0072330832
GRU,4,10,0.62061644,0.58786255,0.62564594,0.62400115,0.0267963595688343,0.032753885,0.036138594,0.0050294995
GRU,4,10,0.61611825,0.5846352,0.6193655,0.6150448,0.0267963595688343,0.031483054,0.030409575,0.003247261
GRU,4,10,0.61242574,0.5846834,0.617507,0.61220986,0.0267963595688343,0.027742326,0.027526438,0.0050812364
GRU,4,10,0.6089151,0.6014868,0.6355626,0.6093342,0.0267963595688343,0.0074282885,0.007847369,0.026647508
GRU,4,10,0.60306585,0.60252774,0.6520978,0.60189325,0.0267963595688343,0.00053811073,0.00063449144,0.049031973
GRU,4,10,0.6006719,0.6019767,0.6543725,0.60260457,0.0267963595688343,0.0013048053,0.0006278753,0.053700626
GRU,4,10,0.5976076,0.60280555,0.65154666,0.5977873,0.0267963595688343,0.0051979423,0.0050182343,0.053939044
GRU,4,10,0.5944383,0.595607,0.64057904,0.59442484,0.0267963595688343,0.0011686683,0.0011821389,0.04614073
GRU,4,10,0.5938451,0.59032094,0.62825054,0.59578025,0.0267963595688343,0.0035241842,0.0054593086,0.03440541
GRU,4,10,0.5888172,0.5894809,0.6221551,0.58632934,0.0267963595688343,0.0006636977,0.003151536,0.03333789
GRU,4,10,0.5890858,0.5875438,0.62061644,0.5920567,0.0267963595688343,0.0015420318,0.004512906,0.03153062
GRU,4,10,0.5825772,0.5835802,0.61611825,0.57884127,0.0267963595688343,0.0010029674,0.004738927,0.033541024
GRU,4,10,0.6075648,0.5848645,0.61242574,0.62967795,0.0267963595688343,0.02270031,0.044813454,0.0048609376
GRU,4,10,0.6273772,0.58394784,0.6089151,0.63294166,0.0267963595688343,0.043429375,0.048993826,0.018462121
GRU,4,10,0.63339037,0.5824262,0.60306585,0.6236299,0.0267963595688343,0.050964177,0.041203737,0.030324519
GRU,4,10,0.62850726,0.5783507,0.6006719,0.61640435,0.0267963595688343,0.050156534,0.03805363,0.02783537
GRU,4,10,0.62074745,0.57549715,0.5976076,0.6159796,0.0267963595688343,0.045250297,0.04048246,0.023139834
GRU,4,10,0.6116094,0.5748904,0.5944383,0.61039287,0.0267963595688343,0.036719024,0.035502493,0.017171085
GRU,4,10,0.6102395,0.5742972,0.5938451,0.6137721,0.0267963595688343,0.035942316,0.039474905,0.016394377
GRU,4,10,0.61483413,0.56926924,0.5888172,0.6193394,0.0267963595688343,0.04556489,0.050070167,0.02601695
GRU,4,10,0.61543506,0.5695379,0.5890858,0.6141789,0.0267963595688343,0.045897186,0.044641018,0.026349247
GRU,4,10,0.609925,0.5630293,0.5825772,0.60477406,0.0267963595688343,0.046895683,0.04174477,0.027347744
GRU,4,10,0.6052356,0.58801687,0.6075648,0.6041071,0.0267963595688343,0.017218709,0.016090214,0.0023292303
GRU,4,10,0.62849325,0.59481144,0.6273772,0.64993674,0.0267963595688343,0.03368181,0.055125296,0.0011160374
GRU,4,10,0.6369796,0.59460235,0.63339037,0.63456106,0.0267963595688343,0.042377234,0.039958715,0.003589213
GRU,4,10,0.6372413,0.59244245,0.62850726,0.62775725,0.0267963595688343,0.04479885,0.0353148,0.008734047
GRU,4,10,0.63276875,0.5895267,0.62074745,0.62599385,0.0267963595688343,0.043242037,0.036467135,0.012021303
GRU,4,10,0.6229601,0.5865772,0.6116094,0.6187491,0.0267963595688343,0.036382914,0.032171905,0.011350691
GRU,4,10,0.6129441,0.5886889,0.6102395,0.6115637,0.0267963595688343,0.024255216,0.022874773,0.0027046204
MLP,4,10,0.67143685,0.63146484,0.72258544,0.67201114,0.0267963595688343,0.039972007,0.040546298,0.051148593
MLP,4,10,0.660945,0.629913,0.72017837,0.65920526,0.0267963595688343,0.031032026,0.029292285,0.059233367
MLP,4,10,0.6539612,0.63121146,0.71694916,0.65563637,0.0267963595688343,0.022749722,0.02442491,0.06298798
MLP,4,10,0.6474527,0.6261425,0.7109098,0.6485086,0.0267963595688343,0.02131021,0.022366107,0.06345707
MLP,4,10,0.645787,0.6259214,0.7079577,0.64976096,0.0267963595688343,0.019865572,0.023839533,0.062170684
MLP,4,10,0.64161384,0.6260811,0.70693827,0.6413077,0.0267963595688343,0.015532732,0.015226603,0.065324426
MLP,4,10,0.63775796,0.62454146,0.70337564,0.6376445,0.0267963595688343,0.0132164955,0.013103068,0.06561768
MLP,4,10,0.63536024,0.6205685,0.69804263,0.63677865,0.0267963595688343,0.014791727,0.016210139,0.06268239
MLP,4,10,0.63061374,0.62146634,0.69005895,0.6297057,0.0267963595688343,0.009147406,0.0082393885,0.059445202
MLP,4,10,0.62938815,0.6142251,0.67966247,0.6315816,0.0267963595688343,0.015163064,0.017356515,0.050274312
MLP,4,10,0.62564594,0.60582656,0.67143685,0.62458587,0.0267963595688343,0.019819379,0.01875931,0.04579091
MLP,4,10,0.6193655,0.60410404,0.660945,0.6169922,0.0267963595688343,0.015261471,0.0128881335,0.041579485
MLP,4,10,0.617507,0.6021303,0.6539612,0.620016,0.0267963595688343,0.015376687,0.017885685,0.0364542
MLP,4,10,0.6355626,0.59393287,0.6474527,0.6518543,0.0267963595688343,0.04162973,0.05792141,0.011890113
MLP,4,10,0.6520978,0.5982275,0.645787,0.657528,0.0267963595688343,0.05387032,0.059300482,0.0063108206
MLP,4,10,0.6543725,0.59510297,0.64161384,0.6444369,0.0267963595688343,0.059269547,0.04933393,0.012758672
MLP,4,10,0.65154666,0.59296757,0.63775796,0.6438569,0.0267963595688343,0.058579087,0.050889313,0.0137887
MLP,4,10,0.64057904,0.59628713,0.63536024,0.633669,0.0267963595688343,0.044291914,0.037381887,0.005218804
MLP,4,10,0.62825054,0.59098077,0.63061374,0.6252972,0.0267963595688343,0.03726977,0.03431642,0.002363205
MLP,4,10,0.6221551,0.5933898,0.62938815,0.62435657,0.0267963595688343,0.028765261,0.030966759,0.0072330832
MLP,4,10,0.62061644,0.59358877,0.62564594,0.62400115,0.0267963595688343,0.027027667,0.030412376,0.0050294995
MLP,4,10,0.61611825,0.5821664,0.6193655,0.6150448,0.0267963595688343,0.03395188,0.0328784,0.003247261
MLP,4,10,0.61242574,0.5866837,0.617507,0.61220986,0.0267963595688343,0.025742054,0.025526166,0.0050812364
MLP,4,10,0.6089151,0.60055494,0.6355626,0.6093342,0.0267963595688343,0.0083601475,0.008779228,0.026647508
MLP,4,10,0.60306585,0.6121572,0.6520978,0.60189325,0.0267963595688343,0.009091377,0.010263979,0.049031973
MLP,4,10,0.6006719,0.6104258,0.6543725,0.60260457,0.0267963595688343,0.009753883,0.007821202,0.053700626
MLP,4,10,0.5976076,0.6092386,0.65154666,0.5977873,0.0267963595688343,0.011631012,0.011451304,0.053939044
MLP,4,10,0.5944383,0.6076077,0.64057904,0.59442484,0.0267963595688343,0.013169408,0.0131828785,0.04614073
MLP,4,10,0.5938451,0.5958601,0.62825054,0.59578025,0.0267963595688343,0.0020149946,7.9870224e-05,0.03440541
MLP,4,10,0.5888172,0.5837197,0.6221551,0.58632934,0.0267963595688343,0.0050975084,0.0026096702,0.03333789
MLP,4,10,0.5890858,0.58955306,0.62061644,0.5920567,0.0267963595688343,0.0004672408,0.0025036335,0.03153062
MLP,4,10,0.5825772,0.59106195,0.61611825,0.57884127,0.0267963595688343,0.008484721,0.012220681,0.033541024
MLP,4,10,0.6075648,0.5799475,0.61242574,0.62967795,0.0267963595688343,0.027617335,0.04973048,0.0048609376
MLP,4,10,0.6273772,0.5874072,0.6089151,0.63294166,0.0267963595688343,0.03997004,0.04553449,0.018462121
MLP,4,10,0.63339037,0.5775863,0.60306585,0.6236299,0.0267963595688343,0.055804074,0.046043634,0.030324519
MLP,4,10,0.62850726,0.58252317,0.6006719,0.61640435,0.0267963595688343,0.04598409,0.033881187,0.02783537
MLP,4,10,0.62074745,0.5875332,0.5976076,0.6159796,0.0267963595688343,0.03321427,0.028446436,0.023139834
MLP,4,10,0.6116094,0.576118,0.5944383,0.61039287,0.0267963595688343,0.035491407,0.034274876,0.017171085
MLP,4,10,0.6102395,0.5812527,0.5938451,0.6137721,0.0267963595688343,0.028986812,0.0325194,0.016394377
MLP,4,10,0.61483413,0.5742483,0.5888172,0.6193394,0.0267963595688343,0.040585816,0.045091093,0.02601695
MLP,4,10,0.61543506,0.5867327,0.5890858,0.6141789,0.0267963595688343,0.028702378,0.02744621,0.026349247
MLP,4,10,0.609925,0.56721777,0.5825772,0.60477406,0.0267963595688343,0.042707205,0.03755629,0.027347744
MLP,4,10,0.6052356,0.6049432,0.6075648,0.6041071,0.0267963595688343,0.00029236078,0.00083613396,0.0023292303
MLP,4,10,0.62849325,0.60123676,0.6273772,0.64993674,0.0267963595688343,0.027256489,0.048699975,0.0011160374
MLP,4,10,0.6369796,0.61492765,0.63339037,0.63456106,0.0267963595688343,0.02205193,0.019633412,0.003589213
MLP,4,10,0.6372413,0.59274167,0.62850726,0.62775725,0.0267963595688343,0.044499636,0.035015583,0.008734047
MLP,4,10,0.63276875,0.6008011,0.62074745,0.62599385,0.0267963595688343,0.03196764,0.025192738,0.012021303
MLP,4,10,0.6229601,0.59216166,0.6116094,0.6187491,0.0267963595688343,0.030798435,0.026587427,0.011350691
MLP,4,10,0.6129441,0.5832536,0.6102395,0.6115637,0.0267963595688343,0.029690504,0.02831006,0.0027046204
Seq2Seq,4,10,0.67143685,0.6566527,0.72258544,0.67201114,0.0267963595688343,0.014784157,0.015358448,0.051148593
Seq2Seq,4,10,0.660945,0.65440065,0.72017837,0.65920526,0.0267963595688343,0.0065443516,0.004804611,0.059233367
Seq2Seq,4,10,0.6539612,0.65062267,0.71694916,0.65563637,0.0267963595688343,0.0033385158,0.0050137043,0.06298798
Seq2Seq,4,10,0.6474527,0.6443765,0.7109098,0.6485086,0.0267963595688343,0.0030761957,0.004132092,0.06345707
Seq2Seq,4,10,0.645787,0.6440043,0.7079577,0.64976096,0.0267963595688343,0.0017827153,0.005756676,0.062170684
Seq2Seq,4,10,0.64161384,0.6400457,0.70693827,0.6413077,0.0267963595688343,0.0015681386,0.0012620091,0.065324426
Seq2Seq,4,10,0.63775796,0.6378138,0.70337564,0.6376445,0.0267963595688343,5.5849552e-05,0.00016927719,0.06561768
Seq2Seq,4,10,0.63536024,0.6350231,0.69804263,0.63677865,0.0267963595688343,0.00033712387,0.0017555356,0.06268239
Seq2Seq,4,10,0.63061374,0.62891555,0.69005895,0.6297057,0.0267963595688343,0.0016981959,0.0007901788,0.059445202
Seq2Seq,4,10,0.62938815,0.62126684,0.67966247,0.6315816,0.0267963595688343,0.008121312,0.010314763,0.050274312
Seq2Seq,4,10,0.62564594,0.61695576,0.67143685,0.62458587,0.0267963595688343,0.008690178,0.00763011,0.04579091
Seq2Seq,4,10,0.6193655,0.61085624,0.660945,0.6169922,0.0267963595688343,0.008509278,0.0061359406,0.041579485
Seq2Seq,4,10,0.617507,0.60764384,0.6539612,0.620016,0.0267963595688343,0.009863138,0.012372136,0.0364542
Seq2Seq,4,10,0.6355626,0.6066548,0.6474527,0.6518543,0.0267963595688343,0.028907776,0.045199454,0.011890113
Seq2Seq,4,10,0.6520978,0.6051017,0.645787,0.657528,0.0267963595688343,0.046996117,0.05242628,0.0063108206
Seq2Seq,4,10,0.6543725,0.6022633,0.64161384,0.6444369,0.0267963595688343,0.05210924,0.042173624,0.012758672
Seq2Seq,4,10,0.65154666,0.6016022,0.63775796,0.6438569,0.0267963595688343,0.04994446,0.042254686,0.0137887
Seq2Seq,4,10,0.64057904,0.6011682,0.63536024,0.633669,0.0267963595688343,0.03941083,0.032500803,0.005218804
Seq2Seq,4,10,0.62825054,0.60093284,0.63061374,0.6252972,0.0267963595688343,0.027317703,0.024364352,0.002363205
Seq2Seq,4,10,0.6221551,0.59970444,0.62938815,0.62435657,0.0267963595688343,0.022450626,0.024652123,0.0072330832
Seq2Seq,4,10,0.62061644,0.59793824,0.62564594,0.62400115,0.0267963595688343,0.022678196,0.026062906,0.0050294995
Seq2Seq,4,10,0.61611825,0.594944,0.6193655,0.6150448,0.0267963595688343,0.021174252,0.020100772,0.003247261
Seq2Seq,4,10,0.61242574,0.5951384,0.617507,0.61220986,0.0267963595688343,0.017287374,0.017071486,0.0050812364
Seq2Seq,4,10,0.6089151,0.61154246,0.6355626,0.6093342,0.0267963595688343,0.0026273727,0.0022082925,0.026647508
Seq2Seq,4,10,0.60306585,0.6149769,0.6520978,0.60189325,0.0267963595688343,0.011911035,0.013083637,0.049031973
Seq2Seq,4,10,0.6006719,0.6139912,0.6543725,0.60260457,0.0267963595688343,0.0133193135,0.011386633,0.053700626
Seq2Seq,4,10,0.5976076,0.6127771,0.65154666,0.5977873,0.0267963595688343,0.015169501,0.014989793,0.053939044
Seq2Seq,4,10,0.5944383,0.6035612,0.64057904,0.59442484,0.0267963595688343,0.009122908,0.009136379,0.04614073
Seq2Seq,4,10,0.5938451,0.5969625,0.62825054,0.59578025,0.0267963595688343,0.0031173825,0.0011822581,0.03440541
Seq2Seq,4,10,0.5888172,0.5970539,0.6221551,0.58632934,0.0267963595688343,0.008236706,0.0107245445,0.03333789
Seq2Seq,4,10,0.5890858,0.5973691,0.62061644,0.5920567,0.0267963595688343,0.0082832575,0.005312383,0.03153062
Seq2Seq,4,10,0.5825772,0.5941979,0.61611825,0.57884127,0.0267963595688343,0.0116207,0.01535666,0.033541024
Seq2Seq,4,10,0.6075648,0.5940185,0.61242574,0.62967795,0.0267963595688343,0.013546288,0.035659432,0.0048609376
Seq2Seq,4,10,0.6273772,0.5928151,0.6089151,0.63294166,0.0267963595688343,0.03456211,0.040126562,0.018462121
Seq2Seq,4,10,0.63339037,0.5909636,0.60306585,0.6236299,0.0267963595688343,0.042426765,0.032666326,0.030324519
Seq2Seq,4,10,0.62850726,0.5894892,0.6006719,0.61640435,0.0267963595688343,0.039018035,0.026915133,0.02783537
Seq2Seq,4,10,0.62074745,0.5875837,0.5976076,0.6159796,0.0267963595688343,0.033163726,0.028395891,0.023139834
Seq2Seq,4,10,0.6116094,0.58892715,0.5944383,0.61039287,0.0267963595688343,0.02268225,0.021465719,0.017171085
Seq2Seq,4,10,0.6102395,0.5905528,0.5938451,0.6137721,0.0267963595688343,0.019686699,0.023219287,0.016394377
Seq2Seq,4,10,0.61483413,0.5840922,0.5888172,0.6193394,0.0267963595688343,0.03074193,0.035247207,0.02601695
Seq2Seq,4,10,0.61543506,0.5861678,0.5890858,0.6141789,0.0267963595688343,0.029267251,0.028011084,0.026349247
Seq2Seq,4,10,0.609925,0.5812671,0.5825772,0.60477406,0.0267963595688343,0.028657854,0.02350694,0.027347744
Seq2Seq,4,10,0.6052356,0.6079574,0.6075648,0.6041071,0.0267963595688343,0.002721846,0.0038503408,0.0023292303
Seq2Seq,4,10,0.62849325,0.6092763,0.6273772,0.64993674,0.0267963595688343,0.019216955,0.04066044,0.0011160374
Seq2Seq,4,10,0.6369796,0.60833955,0.63339037,0.63456106,0.0267963595688343,0.028640032,0.026221514,0.003589213
Seq2Seq,4,10,0.6372413,0.6037809,0.62850726,0.62775725,0.0267963595688343,0.03346038,0.023976326,0.008734047
Seq2Seq,4,10,0.63276875,0.59878165,0.62074745,0.62599385,0.0267963595688343,0.033987105,0.027212203,0.012021303
Seq2Seq,4,10,0.6229601,0.5933772,0.6116094,0.6187491,0.0267963595688343,0.029582918,0.02537191,0.011350691
Seq2Seq,4,10,0.6129441,0.5944169,0.6102395,0.6115637,0.0267963595688343,0.01852721,0.017146766,0.0027046204
Persistence,5,2,0.93134665,0.9827057,0.9827057,0.9337946,0.0262615103274583,0.051359057,0.048911095,0.051359057
Persistence,5,2,0.96307224,0.976738,0.976738,0.98981327,0.0262615103274583,0.013665736,0.013075292,0.013665736
Persistence,5,2,0.97942007,0.9712403,0.9712403,0.97877496,0.0262615103274583,0.008179784,0.0075346828,0.008179784
Persistence,5,2,0.98394865,0.96665436,0.96665436,0.9729075,0.0262615103274583,0.017294288,0.0062531233,0.017294288
Persistence,5,2,0.97547203,0.96182895,0.96182895,0.96212304,0.0262615103274583,0.013643086,0.00029408932,0.013643086
Persistence,5,2,0.9718438,0.95612735,0.95612735,0.9729906,0.0262615103274583,0.015716434,0.016863227,0.015716434
Persistence,5,2,0.9573021,0.9504476,0.9504476,0.950704,0.0262615103274583,0.0068544745,0.00025635958,0.0068544745
Persistence,5,2,0.94398457,0.9447089,0.9447089,0.93933713,0.0262615103274583,0.00072431564,0.0053717494,0.00072431564
Persistence,5,2,0.93407935,0.9390951,0.9390951,0.9341531,0.0262615103274583,0.005015731,0.004942,0.005015731
Persistence,5,2,0.92589295,0.93364197,0.93364197,0.9280122,0.0262615103274583,0.007749021,0.005629778,0.007749021
Persistence,5,2,0.9201677,0.93134665,0.93134665,0.9225999,0.0262615103274583,0.01117897,0.008746743,0.01117897
Persistence,5,2,0.92255485,0.96307224,0.96307224,0.92861444,0.0262615103274583,0.04051739,0.034457803,0.04051739
Persistence,5,2,0.93265456,0.97942007,0.97942007,0.94111586,0.0262615103274583,0.046765506,0.03830421,0.046765506
Persistence,5,2,0.9274995,0.98394865,0.98394865,0.91962546,0.0262615103274583,0.056449175,0.06432319,0.056449175
Persistence,5,2,0.91696924,0.97547203,0.97547203,0.9092698,0.0262615103274583,0.058502793,0.06620222,0.058502793
Persistence,5,2,0.90772235,0.9718438,0.9718438,0.9067385,0.0262615103274583,0.064121425,0.06510526,0.064121425
Persistence,5,2,0.8981052,0.9573021,0.9573021,0.8985509,0.0262615103274583,0.05919689,0.058751166,0.05919689
Persistence,5,2,0.8900203,0.94398457,0.94398457,0.89050233,0.0262615103274583,0.053964257,0.053482234,0.053964257
Persistence,5,2,0.8845981,0.93407935,0.93407935,0.8855065,0.0262615103274583,0.049481273,0.04857284,0.049481273
Persistence,5,2,0.87652063,0.92589295,0.92589295,0.8751457,0.0262615103274583,0.049372315,0.050747275,0.049372315
Persistence,5,2,0.86930573,0.9201677,0.9201677,0.86974627,0.0262615103274583,0.050861955,0.050421417,0.050861955
Persistence,5,2,0.87068725,0.92255485,0.92255485,0.87733835,0.0262615103274583,0.051867604,0.0452165,0.051867604
Persistence,5,2,0.8767287,0.93265456,0.93265456,0.88296956,0.0262615103274583,0.055925846,0.049685,0.055925846
Persistence,5,2,0.87252915,0.9274995,0.9274995,0.86689436,0.0262615103274583,0.054970324,0.06060511,0.054970324
Persistence,5,2,0.8631894,0.91696924,0.91696924,0.8566629,0.0262615103274583,0.05377984,0.06030631,0.05377984
Persistence,5,2,0.8531946,0.90772235,0.90772235,0.8512039,0.0262615103274583,0.05452776,0.056518435,0.05452776
Persistence,5,2,0.88221025,0.8981052,0.8981052,0.91185975,0.0262615103274583,0.01589495,0.013754547,0.01589495
Persistence,5,2,0.90051365,0.8900203,0.8900203,0.9040642,0.0262615103274583,0.010493338,0.014043868,0.010493338
Persistence,5,2,0.90215105,0.8845981,0.8845981,0.88788056,0.0262615103274583,0.017552972,0.0032824874,0.017552972
Persistence,5,2,0.8888434,0.87652063,0.87652063,0.8723705,0.0262615103274583,0.0123227835,0.004150152,0.0123227835
Persistence,5,2,0.8710276,0.86930573,0.86930573,0.8646035,0.0262615103274583,0.001721859,0.0047022104,0.001721859
Persistence,5,2,0.85421973,0.87068725,0.87068725,0.85405433,0.0262615103274583,0.016467512,0.016632915,0.016467512
Persistence,5,2,0.84550387,0.8767287,0.8767287,0.84879774,0.0262615103274583,0.031224847,0.027930975,0.031224847
Persistence,5,2,0.8394441,0.87252915,0.87252915,0.84103173,0.0262615103274583,0.03308505,0.03149742,0.03308505
Persistence,5,2,0.83435744,0.8631894,0.8631894,0.8357384,0.0262615103274583,0.028831959,0.027450979,0.028831959
Persistence,5,2,0.8294004,0.8531946,0.8531946,0.83037955,0.0262615103274583,0.023794174,0.022815049,0.023794174
Persistence,5,2,0.8247748,0.88221025,0.88221025,0.8255605,0.0262615103274583,0.057435453,0.056649745,0.057435453
Persistence,5,2,0.8198581,0.90051365,0.90051365,0.82006747,0.0262615103274583,0.080655575,0.08044618,0.080655575
Persistence,5,2,0.814683,0.90215105,0.90215105,0.8146,0.0262615103274583,0.08746803,0.08755106,0.08746803
Persistence,5,2,0.8065836,0.8888434,0.8888434,0.8044248,0.0262615103274583,0.082259834,0.084418595,0.082259834
Persistence,5,2,0.8008227,0.8710276,0.8710276,0.8017622,0.0262615103274583,0.07020491,0.069265366,0.07020491
Persistence,5,2,0.7972698,0.85421973,0.85421973,0.7994856,0.0262615103274583,0.056949914,0.05473411,0.056949914
Persistence,5,2,0.7933367,0.84550387,0.84550387,0.79381365,0.0262615103274583,0.052167177,0.05169022,0.052167177
Persistence,5,2,0.7906517,0.8394441,0.8394441,0.79148597,0.0262615103274583,0.04879242,0.047958136,0.04879242
Persistence,5,2,0.785228,0.83435744,0.83435744,0.7835688,0.0262615103274583,0.049129426,0.05078864,0.049129426
Persistence,5,2,0.78053665,0.8294004,0.8294004,0.7806723,0.0262615103274583,0.04886377,0.04872811,0.04886377
Persistence,5,2,0.77556604,0.8247748,0.8247748,0.7755856,0.0262615103274583,0.04920876,0.04918921,0.04920876
Persistence,5,2,0.7705098,0.8198581,0.8198581,0.7703371,0.0262615103274583,0.049348295,0.04952097,0.049348295
Persistence,5,2,0.76532817,0.814683,0.814683,0.76507854,0.0262615103274583,0.04935485,0.049604475,0.04935485
Persistence,5,2,0.7614681,0.8065836,0.8065836,0.7623283,0.0262615103274583,0.04511547,0.044255257,0.04511547
Persistence,5,2,0.7571596,0.8008227,0.8008227,0.7572746,0.0262615103274583,0.043663085,0.043548048,0.043663085
Persistence,5,2,0.75393057,0.7972698,0.7972698,0.7546958,0.0262615103274583,0.043339252,0.042574048,0.043339252
Persistence,5,2,0.7512756,0.7933367,0.7933367,0.7519987,0.0262615103274583,0.04206109,0.041337967,0.04206109
Persistence,5,2,0.74736863,0.7906517,0.7906517,0.7467601,0.0262615103274583,0.043283045,0.04389161,0.043283045
Persistence,5,2,0.7437978,0.785228,0.785228,0.74381614,0.0262615103274583,0.041430235,0.041411877,0.041430235
Persistence,5,2,0.74690235,0.78053665,0.78053665,0.752038,0.0262615103274583,0.033634305,0.02849865,0.033634305
Persistence,5,2,0.74554735,0.77556604,0.77556604,0.7443797,0.0262615103274583,0.030018687,0.031186342,0.030018687
Persistence,5,2,0.7418337,0.7705098,0.7705098,0.73913896,0.0262615103274583,0.028676093,0.03137082,0.028676093
Persistence,5,2,0.7392819,0.76532817,0.76532817,0.73923,0.0262615103274583,0.026046276,0.026098192,0.026046276
Persistence,5,2,0.73631316,0.7614681,0.7614681,0.73660743,0.0262615103274583,0.025154948,0.02486068,0.025154948
Persistence,5,2,0.73353076,0.7571596,0.7571596,0.7337583,0.0262615103274583,0.02362883,0.02340132,0.02362883
Persistence,5,2,0.7282065,0.75393057,0.75393057,0.72581464,0.0262615103274583,0.025724053,0.028115928,0.025724053
Persistence,5,2,0.72518593,0.7512756,0.7512756,0.72596186,0.0262615103274583,0.026089668,0.025313735,0.026089668
Persistence,5,2,0.7225502,0.74736863,0.74736863,0.7235742,0.0262615103274583,0.02481842,0.023794413,0.02481842
Persistence,5,2,0.7217798,0.7437978,0.7437978,0.7234269,0.0262615103274583,0.022017956,0.0203709,0.022017956
Persistence,5,2,0.72068644,0.74690235,0.74690235,0.7208371,0.0262615103274583,0.02621591,0.02606523,0.02621591
Persistence,5,2,0.7501107,0.74554735,0.74554735,0.77319515,0.0262615103274583,0.0045633316,0.027647793,0.0045633316
Persistence,5,2,0.7612592,0.7418337,0.7418337,0.75735277,0.0262615103274583,0.019425511,0.015519083,0.019425511
Persistence,5,2,0.7611814,0.7392819,0.7392819,0.7494893,0.0262615103274583,0.021899521,0.010207415,0.021899521
Persistence,5,2,0.7521893,0.73631316,0.73631316,0.7415555,0.0262615103274583,0.015876114,0.0052423477,0.015876114
Persistence,5,2,0.7404233,0.73353076,0.73353076,0.7364832,0.0262615103274583,0.006892562,0.0029524565,0.006892562
Persistence,5,2,0.73072666,0.7282065,0.7282065,0.7313802,0.0262615103274583,0.002520144,0.003173709,0.002520144
Persistence,5,2,0.724988,0.72518593,0.72518593,0.72591823,0.0262615103274583,0.00019794703,0.00073230267,0.00019794703
Persistence,5,2,0.7219528,0.7225502,0.7225502,0.72343355,0.0262615103274583,0.00059741735,0.00088334084,0.00059741735
Persistence,5,2,0.7194381,0.7217798,0.7217798,0.7206902,0.0262615103274583,0.0023417473,0.0010896325,0.0023417473
Persistence,5,2,0.71584094,0.72068644,0.72068644,0.7156054,0.0262615103274583,0.0048455,0.0050810575,0.0048455
Persistence,5,2,0.71274304,0.7501107,0.7501107,0.71301234,0.0262615103274583,0.037367642,0.03709835,0.037367642
Persistence,5,2,0.7098413,0.7612592,0.7612592,0.7102438,0.0262615103274583,0.051417887,0.051015377,0.051417887
Persistence,5,2,0.70872307,0.7611814,0.7611814,0.71035033,0.0262615103274583,0.052458346,0.05083108,0.052458346
Persistence,5,2,0.7119103,0.7521893,0.7521893,0.7157788,0.0262615103274583,0.04027897,0.03641045,0.04027897
Persistence,5,2,0.7099378,0.7404233,0.7404233,0.70750785,0.0262615103274583,0.03048551,0.032915473,0.03048551
Persistence,5,2,0.7068607,0.73072666,0.73072666,0.7048656,0.0262615103274583,0.023865938,0.025861084,0.023865938
Persistence,5,2,0.7032559,0.724988,0.724988,0.7024587,0.0262615103274583,0.021732092,0.022529304,0.021732092
Persistence,5,2,0.6984351,0.7219528,0.7219528,0.6975821,0.0262615103274583,0.023517668,0.02437067,0.023517668
Persistence,5,2,0.69599587,0.7194381,0.7194381,0.6972672,0.0262615103274583,0.023442209,0.022170901,0.023442209
Persistence,5,2,0.6940967,0.71584094,0.71584094,0.6946586,0.0262615103274583,0.021744251,0.021182358,0.021744251
Persistence,5,2,0.69193715,0.71274304,0.71274304,0.69191897,0.0262615103274583,0.020805895,0.020824075,0.020805895
Persistence,5,2,0.6894953,0.7098413,0.7098413,0.689303,0.0262615103274583,0.020345986,0.02053833,0.020345986
Persistence,5,2,0.68696916,0.70872307,0.70872307,0.68688,0.0262615103274583,0.021753907,0.021843076,0.021753907
Persistence,5,2,0.6842152,0.7119103,0.7119103,0.684129,0.0262615103274583,0.02769512,0.027781308,0.02769512
Persistence,5,2,0.6816145,0.7099378,0.7099378,0.6816512,0.0262615103274583,0.028323293,0.028286636,0.028323293
Persistence,5,2,0.6790481,0.7068607,0.7068607,0.6790483,0.0262615103274583,0.0278126,0.027812421,0.0278126
Persistence,5,2,0.6765644,0.7032559,0.7032559,0.67663455,0.0262615103274583,0.026691496,0.026621342,0.026691496
Persistence,5,2,0.68431157,0.6984351,0.6984351,0.69208026,0.0262615103274583,0.014123559,0.0063548684,0.014123559
Persistence,5,2,0.69620407,0.69599587,0.69599587,0.7025734,0.0262615103274583,0.00020819902,0.0065775514,0.00020819902
Persistence,5,2,0.69623005,0.6940967,0.6940967,0.6893595,0.0262615103274583,0.0021333694,0.0047371984,0.0021333694
Persistence,5,2,0.6911054,0.69193715,0.69193715,0.6841329,0.0262615103274583,0.0008317232,0.0078042746,0.0008317232
Persistence,5,2,0.6827044,0.6894953,0.6894953,0.6786576,0.0262615103274583,0.006790936,0.010837734,0.006790936
Persistence,5,2,0.67578703,0.68696916,0.68696916,0.6762467,0.0262615103274583,0.011182129,0.010722458,0.011182129
Persistence,5,2,0.6719287,0.6842152,0.6842152,0.673705,0.0262615103274583,0.012286484,0.010510206,0.012286484
Persistence,5,2,0.66857076,0.6816145,0.6816145,0.66850376,0.0262615103274583,0.013043761,0.013110757,0.013043761
Persistence,5,2,0.6655201,0.6790481,0.6790481,0.66561764,0.0262615103274583,0.013528049,0.013430476,0.013528049
Persistence,5,2,0.6625517,0.6765644,0.6765644,0.6629652,0.0262615103274583,0.014012694,0.013599217,0.014012694
Persistence,5,2,0.6600963,0.68431157,0.68431157,0.6607894,0.0262615103274583,0.024215281,0.023522198,0.024215281
Persistence,5,2,0.6592119,0.69620407,0.69620407,0.6606125,0.0262615103274583,0.036992192,0.035591543,0.036992192
Persistence,5,2,0.65776217,0.69623005,0.69623005,0.6578243,0.0262615103274583,0.038467884,0.038405776,0.038467884
Persistence,5,2,0.65865237,0.6911054,0.6911054,0.6604513,0.0262615103274583,0.03245306,0.030654132,0.03245306
Persistence,5,2,0.6564999,0.6827044,0.6827044,0.65505934,0.0262615103274583,0.026204467,0.027645051,0.026204467
Persistence,5,2,0.6537166,0.67578703,0.67578703,0.6526081,0.0262615103274583,0.022070408,0.023178935,0.022070408
Persistence,5,2,0.6506799,0.6719287,0.6719287,0.6502031,0.0262615103274583,0.021248817,0.021725595,0.021248817
Persistence,5,2,0.64909303,0.66857076,0.66857076,0.6501179,0.0262615103274583,0.019477725,0.018452883,0.019477725
Persistence,5,2,0.64572656,0.6655201,0.6655201,0.64475334,0.0262615103274583,0.01979351,0.020766735,0.01979351
Persistence,5,2,0.6412068,0.6625517,0.6625517,0.6396265,0.0262615103274583,0.0213449,0.022925198,0.0213449
Persistence,5,2,0.63865733,0.6600963,0.6600963,0.6396039,0.0262615103274583,0.021438956,0.020492375,0.021438956
Persistence,5,2,0.63629943,0.6592119,0.6592119,0.6370637,0.0262615103274583,0.022912443,0.022148192,0.022912443
Persistence,5,2,0.6326952,0.65776217,0.65776217,0.63188195,0.0262615103274583,0.025066972,0.025880218,0.025066972
Persistence,5,2,0.62802434,0.65865237,0.65865237,0.62662995,0.0262615103274583,0.030628026,0.032022417,0.030628026
Persistence,5,2,0.6254358,0.6564999,0.6564999,0.62661564,0.0262615103274583,0.031064093,0.029884279,0.031064093
Persistence,5,2,0.6231032,0.6537166,0.6537166,0.62404376,0.0262615103274583,0.030613422,0.029672861,0.030613422
Persistence,5,2,0.6240852,0.6506799,0.6506799,0.6267177,0.0262615103274583,0.026594698,0.0239622,0.026594698
Persistence,5,2,0.6239492,0.64909303,0.64909303,0.6239881,0.0262615103274583,0.025143802,0.02510494,0.025143802
Persistence,5,2,0.6194005,0.64572656,0.64572656,0.61606014,0.0262615103274583,0.02632606,0.029666424,0.02632606
Persistence,5,2,0.6147615,0.6412068,0.6412068,0.61355686,0.0262615103274583,0.02644533,0.027649939,0.02644533
Persistence,5,2,0.6106143,0.63865733,0.63865733,0.6108699,0.0262615103274583,0.028043032,0.027787447,0.028043032
Persistence,5,2,0.60587925,0.63629943,0.63629943,0.60555136,0.0262615103274583,0.030420184,0.03074807,0.030420184
Persistence,5,2,0.60241365,0.6326952,0.6326952,0.602808,0.0262615103274583,0.030281544,0.0298872,0.030281544
Persistence,5,2,0.5997848,0.62802434,0.62802434,0.6004468,0.0262615103274583,0.028239548,0.02757752,0.028239548
Persistence,5,2,0.595854,0.6254358,0.6254358,0.5952952,0.0262615103274583,0.029581845,0.030140638,0.029581845
Persistence,5,2,0.5924603,0.6231032,0.6231032,0.5925896,0.0262615103274583,0.030642927,0.030513585,0.030642927
Persistence,5,2,0.5894672,0.6240852,0.6240852,0.58983535,0.0262615103274583,0.03461796,0.034249842,0.03461796
Persistence,5,2,0.58391094,0.6239492,0.6239492,0.58220047,0.0262615103274583,0.040038288,0.041748762,0.040038288
Persistence,5,2,0.57938826,0.6194005,0.6194005,0.57939875,0.0262615103274583,0.04001224,0.04000175,0.04001224
Persistence,5,2,0.58200186,0.6147615,0.6147615,0.58748746,0.0262615103274583,0.032759607,0.027274013,0.032759607
Persistence,5,2,0.58798075,0.6106143,0.6106143,0.59283763,0.0262615103274583,0.022633553,0.017776668,0.022633553
MQAttn-LSTM-VQR,5,2,0.93134665,0.97041357,0.9827057,0.9337946,0.0262615103274583,0.03906691,0.036618948,0.051359057
MQAttn-LSTM-VQR,5,2,0.96307224,0.9639559,0.976738,0.98981327,0.0262615103274583,0.00088363886,0.025857389,0.013665736
MQAttn-LSTM-VQR,5,2,0.97942007,0.9583225,0.9712403,0.97877496,0.0262615103274583,0.02109754,0.02045244,0.008179784
MQAttn-LSTM-VQR,5,2,0.98394865,0.94914615,0.96665436,0.9729075,0.0262615103274583,0.034802496,0.023761332,0.017294288
MQAttn-LSTM-VQR,5,2,0.97547203,0.94978863,0.96182895,0.96212304,0.0262615103274583,0.025683403,0.012334406,0.013643086
MQAttn-LSTM-VQR,5,2,0.9718438,0.94469094,0.95612735,0.9729906,0.0262615103274583,0.027152836,0.02829963,0.015716434
MQAttn-LSTM-VQR,5,2,0.9573021,0.93402916,0.9504476,0.950704,0.0262615103274583,0.023272932,0.016674817,0.0068544745
MQAttn-LSTM-VQR,5,2,0.94398457,0.93156284,0.9447089,0.93933713,0.0262615103274583,0.012421727,0.0077742934,0.00072431564
MQAttn-LSTM-VQR,5,2,0.93407935,0.92353,0.9390951,0.9341531,0.0262615103274583,0.0105493665,0.010623097,0.005015731
MQAttn-LSTM-VQR,5,2,0.92589295,0.9200036,0.93364197,0.9280122,0.0262615103274583,0.005889356,0.008008599,0.007749021
MQAttn-LSTM-VQR,5,2,0.9201677,0.917178,0.93134665,0.9225999,0.0262615103274583,0.0029897094,0.0054219365,0.01117897
MQAttn-LSTM-VQR,5,2,0.92255485,0.94792247,0.96307224,0.92861444,0.0262615103274583,0.025367618,0.01930803,0.04051739
MQAttn-LSTM-VQR,5,2,0.93265456,0.96963364,0.97942007,0.94111586,0.0262615103274583,0.03697908,0.028517783,0.046765506
MQAttn-LSTM-VQR,5,2,0.9274995,0.9738556,0.98394865,0.91962546,0.0262615103274583,0.04635614,0.054230154,0.056449175
MQAttn-LSTM-VQR,5,2,0.91696924,0.9630658,0.97547203,0.9092698,0.0262615103274583,0.046096563,0.053795993,0.058502793
MQAttn-LSTM-VQR,5,2,0.90772235,0.9577755,0.9718438,0.9067385,0.0262615103274583,0.05005312,0.051036954,0.064121425
MQAttn-LSTM-VQR,5,2,0.8981052,0.9409727,0.9573021,0.8985509,0.0262615103274583,0.04286748,0.04242176,0.05919689
MQAttn-LSTM-VQR,5,2,0.8900203,0.9282049,0.94398457,0.89050233,0.0262615103274583,0.038184583,0.03770256,0.053964257
MQAttn-LSTM-VQR,5,2,0.8845981,0.9202123,0.93407935,0.8855065,0.0262615103274583,0.035614252,0.034705818,0.049481273
MQAttn-LSTM-VQR,5,2,0.87652063,0.9105352,0.92589295,0.8751457,0.0262615103274583,0.034014583,0.035389543,0.049372315
MQAttn-LSTM-VQR,5,2,0.86930573,0.90249956,0.9201677,0.86974627,0.0262615103274583,0.033193827,0.03275329,0.050861955
MQAttn-LSTM-VQR,5,2,0.87068725,0.90615594,0.92255485,0.87733835,0.0262615103274583,0.035468698,0.028817594,0.051867604
MQAttn-LSTM-VQR,5,2,0.8767287,0.9035088,0.93265456,0.88296956,0.0262615103274583,0.026780069,0.020539224,0.055925846
MQAttn-LSTM-VQR,5,2,0.87252915,0.8970468,0.9274995,0.86689436,0.0262615103274583,0.024517655,0.03015244,0.054970324
MQAttn-LSTM-VQR,5,2,0.8631894,0.8867132,0.91696924,0.8566629,0.0262615103274583,0.023523808,0.030050278,0.05377984
MQAttn-LSTM-VQR,5,2,0.8531946,0.87833667,0.90772235,0.8512039,0.0262615103274583,0.025142074,0.02713275,0.05452776
MQAttn-LSTM-VQR,5,2,0.88221025,0.8681839,0.8981052,0.91185975,0.0262615103274583,0.014026344,0.04367584,0.01589495
MQAttn-LSTM-VQR,5,2,0.90051365,0.8603475,0.8900203,0.9040642,0.0262615103274583,0.04016614,0.04371667,0.010493338
MQAttn-LSTM-VQR,5,2,0.90215105,0.854994,0.8845981,0.88788056,0.0262615103274583,0.04715705,0.032886565,0.017552972
MQAttn-LSTM-VQR,5,2,0.8888434,0.8479135,0.87652063,0.8723705,0.0262615103274583,0.040929914,0.024456978,0.0123227835
MQAttn-LSTM-VQR,5,2,0.8710276,0.84104574,0.86930573,0.8646035,0.0262615103274583,0.029981852,0.023557782,0.001721859
MQAttn-LSTM-VQR,5,2,0.85421973,0.84206396,0.87068725,0.85405433,0.0262615103274583,0.012155771,0.011990368,0.016467512
MQAttn-LSTM-VQR,5,2,0.84550387,0.8485504,0.8767287,0.84879774,0.0262615103274583,0.0030465126,0.00024735928,0.031224847
MQAttn-LSTM-VQR,5,2,0.8394441,0.84450245,0.87252915,0.84103173,0.0262615103274583,0.005058348,0.0034707189,0.03308505
MQAttn-LSTM-VQR,5,2,0.83435744,0.8352078,0.8631894,0.8357384,0.0262615103274583,0.00085037947,0.00053060055,0.028831959
MQAttn-LSTM-VQR,5,2,0.8294004,0.8258654,0.8531946,0.83037955,0.0262615103274583,0.0035350323,0.004514158,0.023794174
MQAttn-LSTM-VQR,5,2,0.8247748,0.8554828,0.88221025,0.8255605,0.0262615103274583,0.030708015,0.029922307,0.057435453
MQAttn-LSTM-VQR,5,2,0.8198581,0.8723021,0.90051365,0.82006747,0.0262615103274583,0.05244404,0.05223465,0.080655575
MQAttn-LSTM-VQR,5,2,0.814683,0.8729997,0.90215105,0.8146,0.0262615103274583,0.058316708,0.058399737,0.08746803
MQAttn-LSTM-VQR,5,2,0.8065836,0.860068,0.8888434,0.8044248,0.0262615103274583,0.05348444,0.0556432,0.082259834
MQAttn-LSTM-VQR,5,2,0.8008227,0.84243596,0.8710276,0.8017622,0.0262615103274583,0.04161328,0.040673733,0.07020491
MQAttn-LSTM-VQR,5,2,0.7972698,0.82641447,0.85421973,0.7994856,0.0262615103274583,0.029144645,0.026928842,0.056949914
MQAttn-LSTM-VQR,5,2,0.7933367,0.8176069,0.84550387,0.79381365,0.0262615103274583,0.024270236,0.02379328,0.052167177
MQAttn-LSTM-VQR,5,2,0.7906517,0.8127228,0.8394441,0.79148597,0.0262615103274583,0.022071123,0.021236837,0.04879242
MQAttn-LSTM-VQR,5,2,0.785228,0.80815494,0.83435744,0.7835688,0.0262615103274583,0.022926927,0.024586141,0.049129426
MQAttn-LSTM-VQR,5,2,0.78053665,0.80287313,0.8294004,0.7806723,0.0262615103274583,0.022336483,0.022200823,0.04886377
MQAttn-LSTM-VQR,5,2,0.77556604,0.7970317,0.8247748,0.7755856,0.0262615103274583,0.02146566,0.021446109,0.04920876
MQAttn-LSTM-VQR,5,2,0.7705098,0.7906507,0.8198581,0.7703371,0.0262615103274583,0.020140946,0.02031362,0.049348295
MQAttn-LSTM-VQR,5,2,0.76532817,0.78633296,0.814683,0.76507854,0.0262615103274583,0.021004796,0.02125442,0.04935485
MQAttn-LSTM-VQR,5,2,0.7614681,0.77878284,0.8065836,0.7623283,0.0262615103274583,0.017314732,0.016454518,0.04511547
MQAttn-LSTM-VQR,5,2,0.7571596,0.77574813,0.8008227,0.7572746,0.0262615103274583,0.018588543,0.018473506,0.043663085
MQAttn-LSTM-VQR,5,2,0.75393057,0.7730724,0.7972698,0.7546958,0.0262615103274583,0.019141853,0.018376648,0.043339252
MQAttn-LSTM-VQR,5,2,0.7512756,0.7704054,0.7933367,0.7519987,0.0262615103274583,0.019129813,0.01840669,0.04206109
MQAttn-LSTM-VQR,5,2,0.74736863,0.767935,0.7906517,0.7467601,0.0262615103274583,0.020566344,0.021174908,0.043283045
MQAttn-LSTM-VQR,5,2,0.7437978,0.7639301,0.785228,0.74381614,0.0262615103274583,0.020132303,0.020113945,0.041430235
MQAttn-LSTM-VQR,5,2,0.74690235,0.75982165,0.78053665,0.752038,0.0262615103274583,0.012919307,0.0077836514,0.033634305
MQAttn-LSTM-VQR,5,2,0.74554735,0.7554559,0.77556604,0.7443797,0.0262615103274583,0.009908557,0.011076212,0.030018687
MQAttn-LSTM-VQR,5,2,0.7418337,0.7509094,0.7705098,0.73913896,0.0262615103274583,0.009075701,0.011770427,0.028676093
MQAttn-LSTM-VQR,5,2,0.7392819,0.7466179,0.76532817,0.73923,0.0262615103274583,0.0073360205,0.007387936,0.026046276
MQAttn-LSTM-VQR,5,2,0.73631316,0.74338603,0.7614681,0.73660743,0.0262615103274583,0.007072866,0.006778598,0.025154948
MQAttn-LSTM-VQR,5,2,0.73353076,0.7396337,0.7571596,0.7337583,0.0262615103274583,0.0061029196,0.0058754086,0.02362883
MQAttn-LSTM-VQR,5,2,0.7282065,0.7370842,0.75393057,0.72581464,0.0262615103274583,0.008877695,0.011269569,0.025724053
MQAttn-LSTM-VQR,5,2,0.72518593,0.73497623,0.7512756,0.72596186,0.0262615103274583,0.009790301,0.009014368,0.026089668
MQAttn-LSTM-VQR,5,2,0.7225502,0.73162097,0.74736863,0.7235742,0.0262615103274583,0.009070754,0.008046746,0.02481842
MQAttn-LSTM-VQR,5,2,0.7217798,0.7284597,0.7437978,0.7234269,0.0262615103274583,0.0066798925,0.0050328374,0.022017956
MQAttn-LSTM-VQR,5,2,0.72068644,0.7306757,0.74690235,0.7208371,0.0262615103274583,0.009989262,0.009838581,0.02621591
MQAttn-LSTM-VQR,5,2,0.7501107,0.7308271,0.74554735,0.77319515,0.0262615103274583,0.019283593,0.042368054,0.0045633316
MQAttn-LSTM-VQR,5,2,0.7612592,0.7275795,0.7418337,0.75735277,0.0262615103274583,0.033679724,0.029773295,0.019425511
MQAttn-LSTM-VQR,5,2,0.7611814,0.725189,0.7392819,0.7494893,0.0262615103274583,0.035992444,0.024300337,0.021899521
MQAttn-LSTM-VQR,5,2,0.7521893,0.72224444,0.73631316,0.7415555,0.0262615103274583,0.029944837,0.01931107,0.015876114
MQAttn-LSTM-VQR,5,2,0.7404233,0.7202295,0.73353076,0.7364832,0.0262615103274583,0.020193815,0.01625371,0.006892562
MQAttn-LSTM-VQR,5,2,0.73072666,0.7153667,0.7282065,0.7313802,0.0262615103274583,0.015359938,0.016013503,0.002520144
MQAttn-LSTM-VQR,5,2,0.724988,0.71319044,0.72518593,0.72591823,0.0262615103274583,0.011797547,0.012727797,0.00019794703
MQAttn-LSTM-VQR,5,2,0.7219528,0.7110941,0.7225502,0.72343355,0.0262615103274583,0.010858715,0.012339473,0.00059741735
MQAttn-LSTM-VQR,5,2,0.7194381,0.7102171,0.7217798,0.7206902,0.0262615103274583,0.009220958,0.0104730725,0.0023417473
MQAttn-LSTM-VQR,5,2,0.71584094,0.70908564,0.72068644,0.7156054,0.0262615103274583,0.0067552924,0.006519735,0.0048455
MQAttn-LSTM-VQR,5,2,0.71274304,0.7359115,0.7501107,0.71301234,0.0262615103274583,0.023168445,0.02289915,0.037367642
MQAttn-LSTM-VQR,5,2,0.7098413,0.7444849,0.7612592,0.7102438,0.0262615103274583,0.03464359,0.03424108,0.051417887
MQAttn-LSTM-VQR,5,2,0.70872307,0.74570274,0.7611814,0.71035033,0.0262615103274583,0.036979675,0.03535241,0.052458346
MQAttn-LSTM-VQR,5,2,0.7119103,0.73773944,0.7521893,0.7157788,0.0262615103274583,0.025829136,0.021960616,0.04027897
MQAttn-LSTM-VQR,5,2,0.7099378,0.7272458,0.7404233,0.70750785,0.0262615103274583,0.017307997,0.019737959,0.03048551
MQAttn-LSTM-VQR,5,2,0.7068607,0.7178471,0.73072666,0.7048656,0.0262615103274583,0.010986388,0.012981534,0.023865938
MQAttn-LSTM-VQR,5,2,0.7032559,0.71283567,0.724988,0.7024587,0.0262615103274583,0.009579778,0.01037699,0.021732092
MQAttn-LSTM-VQR,5,2,0.6984351,0.71005297,0.7219528,0.6975821,0.0262615103274583,0.011617839,0.012470841,0.023517668
MQAttn-LSTM-VQR,5,2,0.69599587,0.70809597,0.7194381,0.6972672,0.0262615103274583,0.0121001005,0.010828793,0.023442209
MQAttn-LSTM-VQR,5,2,0.6940967,0.7047695,0.71584094,0.6946586,0.0262615103274583,0.010672808,0.010110915,0.021744251
MQAttn-LSTM-VQR,5,2,0.69193715,0.70206726,0.71274304,0.69191897,0.0262615103274583,0.010130107,0.010148287,0.020805895
MQAttn-LSTM-VQR,5,2,0.6894953,0.699546,0.7098413,0.689303,0.0262615103274583,0.010050654,0.010242999,0.020345986
MQAttn-LSTM-VQR,5,2,0.68696916,0.6988453,0.70872307,0.68688,0.0262615103274583,0.011876166,0.011965334,0.021753907
MQAttn-LSTM-VQR,5,2,0.6842152,0.69999087,0.7119103,0.684129,0.0262615103274583,0.01577568,0.015861869,0.02769512
MQAttn-LSTM-VQR,5,2,0.6816145,0.6991625,0.7099378,0.6816512,0.0262615103274583,0.017547965,0.017511308,0.028323293
MQAttn-LSTM-VQR,5,2,0.6790481,0.69689107,0.7068607,0.6790483,0.0262615103274583,0.017842948,0.01784277,0.0278126
MQAttn-LSTM-VQR,5,2,0.6765644,0.69377434,0.7032559,0.67663455,0.0262615103274583,0.017209947,0.017139792,0.026691496
MQAttn-LSTM-VQR,5,2,0.68431157,0.6894005,0.6984351,0.69208026,0.0262615103274583,0.0050889254,0.0026797652,0.014123559
MQAttn-LSTM-VQR,5,2,0.69620407,0.68698263,0.69599587,0.7025734,0.0262615103274583,0.009221435,0.015590787,0.00020819902
MQAttn-LSTM-VQR,5,2,0.69623005,0.6853959,0.6940967,0.6893595,0.0262615103274583,0.0108341575,0.0039635897,0.0021333694
MQAttn-LSTM-VQR,5,2,0.6911054,0.68405074,0.69193715,0.6841329,0.0262615103274583,0.0070546865,8.21352e-05,0.0008317232
MQAttn-LSTM-VQR,5,2,0.6827044,0.6816271,0.6894953,0.6786576,0.0262615103274583,0.0010772943,0.0029695034,0.006790936
MQAttn-LSTM-VQR,5,2,0.67578703,0.67919564,0.68696916,0.6762467,0.0262615103274583,0.0034086108,0.0029489398,0.011182129
MQAttn-LSTM-VQR,5,2,0.6719287,0.67684853,0.6842152,0.673705,0.0262615103274583,0.004919827,0.003143549,0.012286484
MQAttn-LSTM-VQR,5,2,0.66857076,0.67472845,0.6816145,0.66850376,0.0262615103274583,0.0061576962,0.006224692,0.013043761
MQAttn-LSTM-VQR,5,2,0.6655201,0.67279595,0.6790481,0.66561764,0.0262615103274583,0.0072758794,0.0071783066,0.013528049
MQAttn-LSTM-VQR,5,2,0.6625517,0.66981643,0.6765644,0.6629652,0.0262615103274583,0.0072647333,0.006851256,0.014012694
MQAttn-LSTM-VQR,5,2,0.6600963,0.67742085,0.68431157,0.6607894,0.0262615103274583,0.017324567,0.016631484,0.024215281
MQAttn-LSTM-VQR,5,2,0.6592119,0.68719876,0.69620407,0.6606125,0.0262615103274583,0.027986884,0.026586235,0.036992192
MQAttn-LSTM-VQR,5,2,0.65776217,0.6869061,0.69623005,0.6578243,0.0262615103274583,0.02914393,0.029081821,0.038467884
MQAttn-LSTM-VQR,5,2,0.65865237,0.68311656,0.6911054,0.6604513,0.0262615103274583,0.02446419,0.022665262,0.03245306
MQAttn-LSTM-VQR,5,2,0.6564999,0.675829,0.6827044,0.65505934,0.0262615103274583,0.019329071,0.020769656,0.026204467
MQAttn-LSTM-VQR,5,2,0.6537166,0.6691516,0.67578703,0.6526081,0.0262615103274583,0.01543498,0.016543508,0.022070408
MQAttn-LSTM-VQR,5,2,0.6506799,0.6658529,0.6719287,0.6502031,0.0262615103274583,0.015173018,0.015649796,0.021248817
MQAttn-LSTM-VQR,5,2,0.64909303,0.6625976,0.66857076,0.6501179,0.0262615103274583,0.013504565,0.0124797225,0.019477725
MQAttn-LSTM-VQR,5,2,0.64572656,0.65985477,0.6655201,0.64475334,0.0262615103274583,0.014128208,0.015101433,0.01979351
MQAttn-LSTM-VQR,5,2,0.6412068,0.65735734,0.6625517,0.6396265,0.0262615103274583,0.016150534,0.017730832,0.0213449
MQAttn-LSTM-VQR,5,2,0.63865733,0.65518075,0.6600963,0.6396039,0.0262615103274583,0.01652342,0.015576839,0.021438956
MQAttn-LSTM-VQR,5,2,0.63629943,0.6542087,0.6592119,0.6370637,0.0262615103274583,0.017909288,0.017145038,0.022912443
MQAttn-LSTM-VQR,5,2,0.6326952,0.6531465,0.65776217,0.63188195,0.0262615103274583,0.020451307,0.021264553,0.025066972
MQAttn-LSTM-VQR,5,2,0.62802434,0.65434253,0.65865237,0.62662995,0.0262615103274583,0.026318192,0.027712584,0.030628026
MQAttn-LSTM-VQR,5,2,0.6254358,0.65132135,0.6564999,0.62661564,0.0262615103274583,0.025885522,0.024705708,0.031064093
MQAttn-LSTM-VQR,5,2,0.6231032,0.6490446,0.6537166,0.62404376,0.0262615103274583,0.025941372,0.02500081,0.030613422
MQAttn-LSTM-VQR,5,2,0.6240852,0.6465321,0.6506799,0.6267177,0.0262615103274583,0.02244693,0.019814432,0.026594698
MQAttn-LSTM-VQR,5,2,0.6239492,0.6445028,0.64909303,0.6239881,0.0262615103274583,0.020553589,0.020514727,0.025143802
MQAttn-LSTM-VQR,5,2,0.6194005,0.64129704,0.64572656,0.61606014,0.0262615103274583,0.021896541,0.025236905,0.02632606
MQAttn-LSTM-VQR,5,2,0.6147615,0.63727283,0.6412068,0.61355686,0.0262615103274583,0.022511363,0.023715973,0.02644533
MQAttn-LSTM-VQR,5,2,0.6106143,0.63522315,0.63865733,0.6108699,0.0262615103274583,0.02460885,0.024353266,0.028043032
MQAttn-LSTM-VQR,5,2,0.60587925,0.6329136,0.63629943,0.60555136,0.0262615103274583,0.027034342,0.027362227,0.030420184
MQAttn-LSTM-VQR,5,2,0.60241365,0.6295442,0.6326952,0.602808,0.0262615103274583,0.027130544,0.0267362,0.030281544
MQAttn-LSTM-VQR,5,2,0.5997848,0.6258128,0.62802434,0.6004468,0.0262615103274583,0.026028037,0.025366008,0.028239548
MQAttn-LSTM-VQR,5,2,0.595854,0.6231086,0.6254358,0.5952952,0.0262615103274583,0.027254641,0.027813435,0.029581845
MQAttn-LSTM-VQR,5,2,0.5924603,0.62058914,0.6231032,0.5925896,0.0262615103274583,0.028128862,0.02799952,0.030642927
MQAttn-LSTM-VQR,5,2,0.5894672,0.62171245,0.6240852,0.58983535,0.0262615103274583,0.03224522,0.0318771,0.03461796
MQAttn-LSTM-VQR,5,2,0.58391094,0.6203902,0.6239492,0.58220047,0.0262615103274583,0.036479235,0.03818971,0.040038288
MQAttn-LSTM-VQR,5,2,0.57938826,0.6165494,0.6194005,0.57939875,0.0262615103274583,0.03716111,0.03715062,0.04001224
MQAttn-LSTM-VQR,5,2,0.58200186,0.612265,0.6147615,0.58748746,0.0262615103274583,0.030263126,0.024777532,0.032759607
MQAttn-LSTM-VQR,5,2,0.58798075,0.60841364,0.6106143,0.59283763,0.0262615103274583,0.02043289,0.015576005,0.022633553
MQAttn-LSTM-VQR classical twin,5,2,0.93134665,0.9832846,0.9827057,0.9337946,0.0262615103274583,0.051937938,0.049489975,0.051359057
MQAttn-LSTM-VQR classical twin,5,2,0.96307224,0.9755213,0.976738,0.98981327,0.0262615103274583,0.012449086,0.014291942,0.013665736
MQAttn-LSTM-VQR classical twin,5,2,0.97942007,0.9689472,0.9712403,0.97877496,0.0262615103274583,0.010472894,0.009827793,0.008179784
MQAttn-LSTM-VQR classical twin,5,2,0.98394865,0.9212575,0.96665436,0.9729075,0.0262615103274583,0.06269115,0.051649988,0.017294288
MQAttn-LSTM-VQR classical twin,5,2,0.97547203,0.95979893,0.96182895,0.96212304,0.0262615103274583,0.015673101,0.0023241043,0.013643086
MQAttn-LSTM-VQR classical twin,5,2,0.9718438,0.95479554,0.95612735,0.9729906,0.0262615103274583,0.01704824,0.018195033,0.015716434
MQAttn-LSTM-VQR classical twin,5,2,0.9573021,0.9339227,0.9504476,0.950704,0.0262615103274583,0.023379385,0.01678127,0.0068544745
MQAttn-LSTM-VQR classical twin,5,2,0.94398457,0.9367875,0.9447089,0.93933713,0.0262615103274583,0.007197082,0.0025496483,0.00072431564
MQAttn-LSTM-VQR classical twin,5,2,0.93407935,0.9212775,0.9390951,0.9341531,0.0262615103274583,0.012801826,0.012875557,0.005015731
MQAttn-LSTM-VQR classical twin,5,2,0.92589295,0.9223401,0.93364197,0.9280122,0.0262615103274583,0.003552854,0.005672097,0.007749021
MQAttn-LSTM-VQR classical twin,5,2,0.9201677,0.9174821,0.93134665,0.9225999,0.0262615103274583,0.0026856065,0.0051178336,0.01117897
MQAttn-LSTM-VQR classical twin,5,2,0.92255485,0.92967784,0.96307224,0.92861444,0.0262615103274583,0.0071229935,0.0010634065,0.04051739
MQAttn-LSTM-VQR classical twin,5,2,0.93265456,0.9841243,0.97942007,0.94111586,0.0262615103274583,0.051469743,0.043008447,0.046765506
MQAttn-LSTM-VQR classical twin,5,2,0.9274995,0.98639464,0.98394865,0.91962546,0.0262615103274583,0.05889517,0.06676918,0.056449175
MQAttn-LSTM-VQR classical twin,5,2,0.91696924,0.97016346,0.97547203,0.9092698,0.0262615103274583,0.053194225,0.060893655,0.058502793
MQAttn-LSTM-VQR classical twin,5,2,0.90772235,0.9574823,0.9718438,0.9067385,0.0262615103274583,0.049759924,0.05074376,0.064121425
MQAttn-LSTM-VQR classical twin,5,2,0.8981052,0.9316342,0.9573021,0.8985509,0.0262615103274583,0.033528984,0.03308326,0.05919689
MQAttn-LSTM-VQR classical twin,5,2,0.8900203,0.9174714,0.94398457,0.89050233,0.0262615103274583,0.027451098,0.026969075,0.053964257
MQAttn-LSTM-VQR classical twin,5,2,0.8845981,0.9145118,0.93407935,0.8855065,0.0262615103274583,0.029913723,0.02900529,0.049481273
MQAttn-LSTM-VQR classical twin,5,2,0.87652063,0.8977927,0.92589295,0.8751457,0.0262615103274583,0.021272063,0.022647023,0.049372315
MQAttn-LSTM-VQR classical twin,5,2,0.86930573,0.882456,0.9201677,0.86974627,0.0262615103274583,0.013150275,0.012709737,0.050861955
MQAttn-LSTM-VQR classical twin,5,2,0.87068725,0.8872361,0.92255485,0.87733835,0.0262615103274583,0.016548872,0.0098977685,0.051867604
MQAttn-LSTM-VQR classical twin,5,2,0.8767287,0.9101378,0.93265456,0.88296956,0.0262615103274583,0.03340906,0.027168214,0.055925846
MQAttn-LSTM-VQR classical twin,5,2,0.87252915,0.9140504,0.9274995,0.86689436,0.0262615103274583,0.04152125,0.047156036,0.054970324
MQAttn-LSTM-VQR classical twin,5,2,0.8631894,0.9056097,0.91696924,0.8566629,0.0262615103274583,0.042420328,0.048946798,0.05377984
MQAttn-LSTM-VQR classical twin,5,2,0.8531946,0.8947006,0.90772235,0.8512039,0.0262615103274583,0.041505992,0.04349667,0.05452776
MQAttn-LSTM-VQR classical twin,5,2,0.88221025,0.8877837,0.8981052,0.91185975,0.0262615103274583,0.0055734515,0.024076045,0.01589495
MQAttn-LSTM-VQR classical twin,5,2,0.90051365,0.8815073,0.8900203,0.9040642,0.0262615103274583,0.019006371,0.022556901,0.010493338
MQAttn-LSTM-VQR classical twin,5,2,0.90215105,0.877898,0.8845981,0.88788056,0.0262615103274583,0.02425307,0.009982586,0.017552972
MQAttn-LSTM-VQR classical twin,5,2,0.8888434,0.86921847,0.87652063,0.8723705,0.0262615103274583,0.019624949,0.0031520128,0.0123227835
MQAttn-LSTM-VQR classical twin,5,2,0.8710276,0.86158425,0.86930573,0.8646035,0.0262615103274583,0.009443343,0.0030192733,0.001721859
MQAttn-LSTM-VQR classical twin,5,2,0.85421973,0.866109,0.87068725,0.85405433,0.0262615103274583,0.011889279,0.012054682,0.016467512
MQAttn-LSTM-VQR classical twin,5,2,0.84550387,0.8743023,0.8767287,0.84879774,0.0262615103274583,0.028798461,0.02550459,0.031224847
MQAttn-LSTM-VQR classical twin,5,2,0.8394441,0.8663858,0.87252915,0.84103173,0.0262615103274583,0.026941717,0.025354087,0.03308505
MQAttn-LSTM-VQR classical twin,5,2,0.83435744,0.8604343,0.8631894,0.8357384,0.0262615103274583,0.026076853,0.024695873,0.028831959
MQAttn-LSTM-VQR classical twin,5,2,0.8294004,0.8504145,0.8531946,0.83037955,0.0262615103274583,0.021014094,0.020034969,0.023794174
MQAttn-LSTM-VQR classical twin,5,2,0.8247748,0.87179995,0.88221025,0.8255605,0.0262615103274583,0.047025144,0.046239436,0.057435453
MQAttn-LSTM-VQR classical twin,5,2,0.8198581,0.8788131,0.90051365,0.82006747,0.0262615103274583,0.058955014,0.058745623,0.080655575
MQAttn-LSTM-VQR classical twin,5,2,0.814683,0.8890017,0.90215105,0.8146,0.0262615103274583,0.07431871,0.074401736,0.08746803
MQAttn-LSTM-VQR classical twin,5,2,0.8065836,0.87975127,0.8888434,0.8044248,0.0262615103274583,0.07316768,0.07532644,0.082259834
MQAttn-LSTM-VQR classical twin,5,2,0.8008227,0.865334,0.8710276,0.8017622,0.0262615103274583,0.0645113,0.06357175,0.07020491
MQAttn-LSTM-VQR classical twin,5,2,0.7972698,0.8490845,0.85421973,0.7994856,0.0262615103274583,0.051814675,0.049598873,0.056949914
MQAttn-LSTM-VQR classical twin,5,2,0.7933367,0.84281677,0.84550387,0.79381365,0.0262615103274583,0.04948008,0.049003124,0.052167177
MQAttn-LSTM-VQR classical twin,5,2,0.7906517,0.83459526,0.8394441,0.79148597,0.0262615103274583,0.043943584,0.043109298,0.04879242
MQAttn-LSTM-VQR classical twin,5,2,0.785228,0.83058566,0.83435744,0.7835688,0.0262615103274583,0.045357645,0.04701686,0.049129426
MQAttn-LSTM-VQR classical twin,5,2,0.78053665,0.8266944,0.8294004,0.7806723,0.0262615103274583,0.046157777,0.046022117,0.04886377
MQAttn-LSTM-VQR classical twin,5,2,0.77556604,0.82328314,0.8247748,0.7755856,0.0262615103274583,0.047717094,0.047697544,0.04920876
MQAttn-LSTM-VQR classical twin,5,2,0.7705098,0.81811213,0.8198581,0.7703371,0.0262615103274583,0.047602355,0.04777503,0.049348295
MQAttn-LSTM-VQR classical twin,5,2,0.76532817,0.8131498,0.814683,0.76507854,0.0262615103274583,0.04782164,0.048071265,0.04935485
MQAttn-LSTM-VQR classical twin,5,2,0.7614681,0.8048881,0.8065836,0.7623283,0.0262615103274583,0.043420017,0.042559803,0.04511547
MQAttn-LSTM-VQR classical twin,5,2,0.7571596,0.7993319,0.8008227,0.7572746,0.0262615103274583,0.042172313,0.042057276,0.043663085
MQAttn-LSTM-VQR classical twin,5,2,0.75393057,0.7959911,0.7972698,0.7546958,0.0262615103274583,0.042060554,0.04129535,0.043339252
MQAttn-LSTM-VQR classical twin,5,2,0.7512756,0.7907584,0.7933367,0.7519987,0.0262615103274583,0.039482772,0.03875965,0.04206109
MQAttn-LSTM-VQR classical twin,5,2,0.74736863,0.7879858,0.7906517,0.7467601,0.0262615103274583,0.040617168,0.04122573,0.043283045
MQAttn-LSTM-VQR classical twin,5,2,0.7437978,0.78242075,0.785228,0.74381614,0.0262615103274583,0.038622975,0.038604617,0.041430235
MQAttn-LSTM-VQR classical twin,5,2,0.74690235,0.7776125,0.78053665,0.752038,0.0262615103274583,0.03071016,0.025574505,0.033634305
MQAttn-LSTM-VQR classical twin,5,2,0.74554735,0.77248895,0.77556604,0.7443797,0.0262615103274583,0.026941597,0.028109252,0.030018687
MQAttn-LSTM-VQR classical twin,5,2,0.7418337,0.76709175,0.7705098,0.73913896,0.0262615103274583,0.025258064,0.02795279,0.028676093
MQAttn-LSTM-VQR classical twin,5,2,0.7392819,0.76127034,0.76532817,0.73923,0.0262615103274583,0.021988451,0.022040367,0.026046276
MQAttn-LSTM-VQR classical twin,5,2,0.73631316,0.75673425,0.7614681,0.73660743,0.0262615103274583,0.020421088,0.02012682,0.025154948
MQAttn-LSTM-VQR classical twin,5,2,0.73353076,0.7516574,0.7571596,0.7337583,0.0262615103274583,0.018126667,0.017899156,0.02362883
MQAttn-LSTM-VQR classical twin,5,2,0.7282065,0.7475492,0.75393057,0.72581464,0.0262615103274583,0.01934266,0.021734536,0.025724053
MQAttn-LSTM-VQR classical twin,5,2,0.72518593,0.744063,0.7512756,0.72596186,0.0262615103274583,0.018877089,0.018101156,0.026089668
MQAttn-LSTM-VQR classical twin,5,2,0.7225502,0.7393993,0.74736863,0.7235742,0.0262615103274583,0.0168491,0.015825093,0.02481842
MQAttn-LSTM-VQR classical twin,5,2,0.7217798,0.7356849,0.7437978,0.7234269,0.0262615103274583,0.013905048,0.012257993,0.022017956
MQAttn-LSTM-VQR classical twin,5,2,0.72068644,0.7397588,0.74690235,0.7208371,0.0262615103274583,0.019072354,0.018921673,0.02621591
MQAttn-LSTM-VQR classical twin,5,2,0.7501107,0.73658866,0.74554735,0.77319515,0.0262615103274583,0.013522029,0.03660649,0.0045633316
MQAttn-LSTM-VQR classical twin,5,2,0.7612592,0.73214734,0.7418337,0.75735277,0.0262615103274583,0.029111862,0.025205433,0.019425511
MQAttn-LSTM-VQR classical twin,5,2,0.7611814,0.7284378,0.7392819,0.7494893,0.0262615103274583,0.032743633,0.021051526,0.021899521
MQAttn-LSTM-VQR classical twin,5,2,0.7521893,0.7258232,0.73631316,0.7415555,0.0262615103274583,0.026366055,0.015732288,0.015876114
MQAttn-LSTM-VQR classical twin,5,2,0.7404233,0.72217965,0.73353076,0.7364832,0.0262615103274583,0.01824367,0.014303565,0.006892562
MQAttn-LSTM-VQR classical twin,5,2,0.73072666,0.7163549,0.7282065,0.7313802,0.0262615103274583,0.014371753,0.015025318,0.002520144
MQAttn-LSTM-VQR classical twin,5,2,0.724988,0.71193814,0.72518593,0.72591823,0.0262615103274583,0.013049841,0.013980091,0.00019794703
MQAttn-LSTM-VQR classical twin,5,2,0.7219528,0.7086334,0.7225502,0.72343355,0.0262615103274583,0.013319373,0.014800131,0.00059741735
MQAttn-LSTM-VQR classical twin,5,2,0.7194381,0.7079275,0.7217798,0.7206902,0.0262615103274583,0.011510551,0.012762666,0.0023417473
MQAttn-LSTM-VQR classical twin,5,2,0.71584094,0.7067987,0.72068644,0.7156054,0.0262615103274583,0.009042263,0.0088067055,0.0048455
MQAttn-LSTM-VQR classical twin,5,2,0.71274304,0.7425426,0.7501107,0.71301234,0.0262615103274583,0.02979958,0.029530287,0.037367642
MQAttn-LSTM-VQR classical twin,5,2,0.7098413,0.75388503,0.7612592,0.7102438,0.0262615103274583,0.04404372,0.04364121,0.051417887
MQAttn-LSTM-VQR classical twin,5,2,0.70872307,0.7525771,0.7611814,0.71035033,0.0262615103274583,0.043854058,0.04222679,0.052458346
MQAttn-LSTM-VQR classical twin,5,2,0.7119103,0.742517,0.7521893,0.7157788,0.0262615103274583,0.030606687,0.026738167,0.04027897
MQAttn-LSTM-VQR classical twin,5,2,0.7099378,0.7287494,0.7404233,0.70750785,0.0262615103274583,0.018811584,0.021241546,0.03048551
MQAttn-LSTM-VQR classical twin,5,2,0.7068607,0.7191211,0.73072666,0.7048656,0.0262615103274583,0.012260377,0.014255524,0.023865938
MQAttn-LSTM-VQR classical twin,5,2,0.7032559,0.71196854,0.724988,0.7024587,0.0262615103274583,0.008712649,0.0095098615,0.021732092
MQAttn-LSTM-VQR classical twin,5,2,0.6984351,0.7087256,0.7219528,0.6975821,0.0262615103274583,0.010290444,0.011143446,0.023517668
MQAttn-LSTM-VQR classical twin,5,2,0.69599587,0.7052794,0.7194381,0.6972672,0.0262615103274583,0.009283543,0.008012235,0.023442209
MQAttn-LSTM-VQR classical twin,5,2,0.6940967,0.7013253,0.71584094,0.6946586,0.0262615103274583,0.007228613,0.00666672,0.021744251
MQAttn-LSTM-VQR classical twin,5,2,0.69193715,0.6974448,0.71274304,0.69191897,0.0262615103274583,0.005507648,0.0055258274,0.020805895
MQAttn-LSTM-VQR classical twin,5,2,0.6894953,0.693916,0.7098413,0.689303,0.0262615103274583,0.0044206977,0.004613042,0.020345986
MQAttn-LSTM-VQR classical twin,5,2,0.68696916,0.69205624,0.70872307,0.68688,0.0262615103274583,0.0050870776,0.005176246,0.021753907
MQAttn-LSTM-VQR classical twin,5,2,0.6842152,0.6987631,0.7119103,0.684129,0.0262615103274583,0.014547884,0.014634073,0.02769512
MQAttn-LSTM-VQR classical twin,5,2,0.6816145,0.69490504,0.7099378,0.6816512,0.0262615103274583,0.0132905245,0.013253868,0.028323293
MQAttn-LSTM-VQR classical twin,5,2,0.6790481,0.6901733,0.7068607,0.6790483,0.0262615103274583,0.011125207,0.011125028,0.0278126
MQAttn-LSTM-VQR classical twin,5,2,0.6765644,0.68586105,0.7032559,0.67663455,0.0262615103274583,0.009296656,0.009226501,0.026691496
MQAttn-LSTM-VQR classical twin,5,2,0.68431157,0.68019235,0.6984351,0.69208026,0.0262615103274583,0.0041192174,0.011887908,0.014123559
MQAttn-LSTM-VQR classical twin,5,2,0.69620407,0.67761606,0.69599587,0.7025734,0.0262615103274583,0.018588006,0.024957359,0.00020819902
MQAttn-LSTM-VQR classical twin,5,2,0.69623005,0.67521983,0.6940967,0.6893595,0.0262615103274583,0.02101022,0.014139652,0.0021333694
MQAttn-LSTM-VQR classical twin,5,2,0.6911054,0.6714973,0.69193715,0.6841329,0.0262615103274583,0.01960814,0.012635589,0.0008317232
MQAttn-LSTM-VQR classical twin,5,2,0.6827044,0.6688199,0.6894953,0.6786576,0.0262615103274583,0.013884485,0.009837687,0.006790936
MQAttn-LSTM-VQR classical twin,5,2,0.67578703,0.6661071,0.68696916,0.6762467,0.0262615103274583,0.0096799135,0.010139585,0.011182129
MQAttn-LSTM-VQR classical twin,5,2,0.6719287,0.66250235,0.6842152,0.673705,0.0262615103274583,0.009426355,0.011202633,0.012286484
MQAttn-LSTM-VQR classical twin,5,2,0.66857076,0.6590665,0.6816145,0.66850376,0.0262615103274583,0.009504259,0.009437263,0.013043761
MQAttn-LSTM-VQR classical twin,5,2,0.6655201,0.65509737,0.6790481,0.66561764,0.0262615103274583,0.010422707,0.010520279,0.013528049
MQAttn-LSTM-VQR classical twin,5,2,0.6625517,0.6536767,0.6765644,0.6629652,0.0262615103274583,0.008875012,0.00928849,0.014012694
MQAttn-LSTM-VQR classical twin,5,2,0.6600963,0.66162175,0.68431157,0.6607894,0.0262615103274583,0.0015254617,0.00083237886,0.024215281
MQAttn-LSTM-VQR classical twin,5,2,0.6592119,0.67873657,0.69620407,0.6606125,0.0262615103274583,0.019524693,0.018124044,0.036992192
MQAttn-LSTM-VQR classical twin,5,2,0.65776217,0.6786318,0.69623005,0.6578243,0.0262615103274583,0.020869613,0.020807505,0.038467884
MQAttn-LSTM-VQR classical twin,5,2,0.65865237,0.6708747,0.6911054,0.6604513,0.0262615103274583,0.01222235,0.010423422,0.03245306
MQAttn-LSTM-VQR classical twin,5,2,0.6564999,0.66031164,0.6827044,0.65505934,0.0262615103274583,0.003811717,0.0052523017,0.026204467
MQAttn-LSTM-VQR classical twin,5,2,0.6537166,0.65259796,0.67578703,0.6526081,0.0262615103274583,0.00111866,1.013279e-05,0.022070408
MQAttn-LSTM-VQR classical twin,5,2,0.6506799,0.6479342,0.6719287,0.6502031,0.0262615103274583,0.002745688,0.0022689104,0.021248817
MQAttn-LSTM-VQR classical twin,5,2,0.64909303,0.6440788,0.66857076,0.6501179,0.0262615103274583,0.0050142407,0.006039083,0.019477725
MQAttn-LSTM-VQR classical twin,5,2,0.64572656,0.6402736,0.6655201,0.64475334,0.0262615103274583,0.0054529905,0.004479766,0.01979351
MQAttn-LSTM-VQR classical twin,5,2,0.6412068,0.6361651,0.6625517,0.6396265,0.0262615103274583,0.0050417185,0.0034614205,0.0213449
MQAttn-LSTM-VQR classical twin,5,2,0.63865733,0.6332487,0.6600963,0.6396039,0.0262615103274583,0.0054086447,0.006355226,0.021438956
MQAttn-LSTM-VQR classical twin,5,2,0.63629943,0.63217026,0.6592119,0.6370637,0.0262615103274583,0.0041291714,0.004893422,0.022912443
MQAttn-LSTM-VQR classical twin,5,2,0.6326952,0.62999886,0.65776217,0.63188195,0.0262615103274583,0.0026963353,0.0018830895,0.025066972
MQAttn-LSTM-VQR classical twin,5,2,0.62802434,0.63010484,0.65865237,0.62662995,0.0262615103274583,0.0020805001,0.0034748912,0.030628026
MQAttn-LSTM-VQR classical twin,5,2,0.6254358,0.63032776,0.6564999,0.62661564,0.0262615103274583,0.004891932,0.0037121177,0.031064093
MQAttn-LSTM-VQR classical twin,5,2,0.6231032,0.6262713,0.6537166,0.62404376,0.0262615103274583,0.003168106,0.0022275448,0.030613422
MQAttn-LSTM-VQR classical twin,5,2,0.6240852,0.62242776,0.6506799,0.6267177,0.0262615103274583,0.0016574264,0.004289925,0.026594698
MQAttn-LSTM-VQR classical twin,5,2,0.6239492,0.6214036,0.64909303,0.6239881,0.0262615103274583,0.0025456548,0.002584517,0.025143802
MQAttn-LSTM-VQR classical twin,5,2,0.6194005,0.61750454,0.64572656,0.61606014,0.0262615103274583,0.0018959641,0.0014443994,0.02632606
MQAttn-LSTM-VQR classical twin,5,2,0.6147615,0.6118417,0.6412068,0.61355686,0.0262615103274583,0.0029197931,0.0017151833,0.02644533
MQAttn-LSTM-VQR classical twin,5,2,0.6106143,0.6079296,0.63865733,0.6108699,0.0262615103274583,0.0026847124,0.0029402971,0.028043032
MQAttn-LSTM-VQR classical twin,5,2,0.60587925,0.60553926,0.63629943,0.60555136,0.0262615103274583,0.0003399849,1.2099743e-05,0.030420184
MQAttn-LSTM-VQR classical twin,5,2,0.60241365,0.6012528,0.6326952,0.602808,0.0262615103274583,0.0011608601,0.0015552044,0.030281544
MQAttn-LSTM-VQR classical twin,5,2,0.5997848,0.59410155,0.62802434,0.6004468,0.0262615103274583,0.0056832433,0.006345272,0.028239548
MQAttn-LSTM-VQR classical twin,5,2,0.595854,0.59160644,0.6254358,0.5952952,0.0262615103274583,0.004247546,0.0036887527,0.029581845
MQAttn-LSTM-VQR classical twin,5,2,0.5924603,0.5898391,0.6231032,0.5925896,0.0262615103274583,0.0026211739,0.002750516,0.030642927
MQAttn-LSTM-VQR classical twin,5,2,0.5894672,0.59041315,0.6240852,0.58983535,0.0262615103274583,0.0009459257,0.0005778074,0.03461796
MQAttn-LSTM-VQR classical twin,5,2,0.58391094,0.59345186,0.6239492,0.58220047,0.0262615103274583,0.0095409155,0.01125139,0.040038288
MQAttn-LSTM-VQR classical twin,5,2,0.57938826,0.58719945,0.6194005,0.57939875,0.0262615103274583,0.0078111887,0.0078006983,0.04001224
MQAttn-LSTM-VQR classical twin,5,2,0.58200186,0.5814698,0.6147615,0.58748746,0.0262615103274583,0.00053209066,0.006017685,0.032759607
MQAttn-LSTM-VQR classical twin,5,2,0.58798075,0.5765621,0.6106143,0.59283763,0.0262615103274583,0.011418641,0.016275525,0.022633553
MQAttn-QLSTM-VQR,5,2,0.93134665,0.9727386,0.9827057,0.9337946,0.0262615103274583,0.04139197,0.038944006,0.051359057
MQAttn-QLSTM-VQR,5,2,0.96307224,0.9670189,0.976738,0.98981327,0.0262615103274583,0.003946662,0.022794366,0.013665736
MQAttn-QLSTM-VQR,5,2,0.97942007,0.96145177,0.9712403,0.97877496,0.0262615103274583,0.017968297,0.017323196,0.008179784
MQAttn-QLSTM-VQR,5,2,0.98394865,0.95316917,0.96665436,0.9729075,0.0262615103274583,0.030779481,0.019738317,0.017294288
MQAttn-QLSTM-VQR,5,2,0.97547203,0.95317113,0.96182895,0.96212304,0.0262615103274583,0.022300899,0.008951902,0.013643086
MQAttn-QLSTM-VQR,5,2,0.9718438,0.94801694,0.95612735,0.9729906,0.0262615103274583,0.023826838,0.02497363,0.015716434
MQAttn-QLSTM-VQR,5,2,0.9573021,0.93947107,0.9504476,0.950704,0.0262615103274583,0.017831028,0.011232913,0.0068544745
MQAttn-QLSTM-VQR,5,2,0.94398457,0.9351762,0.9447089,0.93933713,0.0262615103274583,0.008808374,0.0041609406,0.00072431564
MQAttn-QLSTM-VQR,5,2,0.93407935,0.9281869,0.9390951,0.9341531,0.0262615103274583,0.0058924556,0.0059661865,0.005015731
MQAttn-QLSTM-VQR,5,2,0.92589295,0.92387235,0.93364197,0.9280122,0.0262615103274583,0.0020205975,0.0041398406,0.007749021
MQAttn-QLSTM-VQR,5,2,0.9201677,0.9214416,0.93134665,0.9225999,0.0262615103274583,0.0012739301,0.0011582971,0.01117897
MQAttn-QLSTM-VQR,5,2,0.92255485,0.9513517,0.96307224,0.92861444,0.0262615103274583,0.028796852,0.022737265,0.04051739
MQAttn-QLSTM-VQR,5,2,0.93265456,0.9712779,0.97942007,0.94111586,0.0262615103274583,0.038623333,0.030162036,0.046765506
MQAttn-QLSTM-VQR,5,2,0.9274995,0.9757912,0.98394865,0.91962546,0.0262615103274583,0.048291743,0.056165755,0.056449175
MQAttn-QLSTM-VQR,5,2,0.91696924,0.96540195,0.97547203,0.9092698,0.0262615103274583,0.048432708,0.056132138,0.058502793
MQAttn-QLSTM-VQR,5,2,0.90772235,0.95988834,0.9718438,0.9067385,0.0262615103274583,0.052165985,0.05314982,0.064121425
MQAttn-QLSTM-VQR,5,2,0.8981052,0.94334126,0.9573021,0.8985509,0.0262615103274583,0.04523605,0.044790328,0.05919689
MQAttn-QLSTM-VQR,5,2,0.8900203,0.9298725,0.94398457,0.89050233,0.0262615103274583,0.039852202,0.03937018,0.053964257
MQAttn-QLSTM-VQR,5,2,0.8845981,0.9214783,0.93407935,0.8855065,0.0262615103274583,0.036880195,0.03597176,0.049481273
MQAttn-QLSTM-VQR,5,2,0.87652063,0.9127305,0.92589295,0.8751457,0.0262615103274583,0.03620988,0.03758484,0.049372315
MQAttn-QLSTM-VQR,5,2,0.86930573,0.90522146,0.9201677,0.86974627,0.0262615103274583,0.035915732,0.035475194,0.050861955
MQAttn-QLSTM-VQR,5,2,0.87068725,0.9080541,0.92255485,0.87733835,0.0262615103274583,0.037366867,0.030715764,0.051867604
MQAttn-QLSTM-VQR,5,2,0.8767287,0.9065955,0.93265456,0.88296956,0.0262615103274583,0.029866815,0.02362597,0.055925846
MQAttn-QLSTM-VQR,5,2,0.87252915,0.8975806,0.9274995,0.86689436,0.0262615103274583,0.025051475,0.03068626,0.054970324
MQAttn-QLSTM-VQR,5,2,0.8631894,0.8849576,0.91696924,0.8566629,0.0262615103274583,0.021768212,0.028294683,0.05377984
MQAttn-QLSTM-VQR,5,2,0.8531946,0.87494135,0.90772235,0.8512039,0.0262615103274583,0.021746755,0.02373743,0.05452776
MQAttn-QLSTM-VQR,5,2,0.88221025,0.86482036,0.8981052,0.91185975,0.0262615103274583,0.017389894,0.04703939,0.01589495
MQAttn-QLSTM-VQR,5,2,0.90051365,0.8561499,0.8900203,0.9040642,0.0262615103274583,0.044363737,0.047914267,0.010493338
MQAttn-QLSTM-VQR,5,2,0.90215105,0.85036063,0.8845981,0.88788056,0.0262615103274583,0.051790416,0.03751993,0.017552972
MQAttn-QLSTM-VQR,5,2,0.8888434,0.8423521,0.87652063,0.8723705,0.0262615103274583,0.046491325,0.03001839,0.0123227835
MQAttn-QLSTM-VQR,5,2,0.8710276,0.8355121,0.86930573,0.8646035,0.0262615103274583,0.035515487,0.029091418,0.001721859
MQAttn-QLSTM-VQR,5,2,0.85421973,0.83669,0.87068725,0.85405433,0.0262615103274583,0.017529726,0.017364323,0.016467512
MQAttn-QLSTM-VQR,5,2,0.84550387,0.8421379,0.8767287,0.84879774,0.0262615103274583,0.0033659935,0.0066598654,0.031224847
MQAttn-QLSTM-VQR,5,2,0.8394441,0.8379723,0.87252915,0.84103173,0.0262615103274583,0.0014718175,0.0030594468,0.03308505
MQAttn-QLSTM-VQR,5,2,0.83435744,0.8282069,0.8631894,0.8357384,0.0262615103274583,0.0061505437,0.0075315237,0.028831959
MQAttn-QLSTM-VQR,5,2,0.8294004,0.81804436,0.8531946,0.83037955,0.0262615103274583,0.011356056,0.012335181,0.023794174
MQAttn-QLSTM-VQR,5,2,0.8247748,0.84806955,0.88221025,0.8255605,0.0262615103274583,0.023294747,0.022509038,0.057435453
MQAttn-QLSTM-VQR,5,2,0.8198581,0.8688699,0.90051365,0.82006747,0.0262615103274583,0.049011827,0.048802435,0.080655575
MQAttn-QLSTM-VQR,5,2,0.814683,0.8699722,0.90215105,0.8146,0.0262615103274583,0.05528921,0.05537224,0.08746803
MQAttn-QLSTM-VQR,5,2,0.8065836,0.85617435,0.8888434,0.8044248,0.0262615103274583,0.049590766,0.051749527,0.082259834
MQAttn-QLSTM-VQR,5,2,0.8008227,0.83769226,0.8710276,0.8017622,0.0262615103274583,0.036869586,0.035930037,0.07020491
MQAttn-QLSTM-VQR,5,2,0.7972698,0.8207174,0.85421973,0.7994856,0.0262615103274583,0.023447573,0.02123177,0.056949914
MQAttn-QLSTM-VQR,5,2,0.7933367,0.81166196,0.84550387,0.79381365,0.0262615103274583,0.01832527,0.017848313,0.052167177
MQAttn-QLSTM-VQR,5,2,0.7906517,0.8055252,0.8394441,0.79148597,0.0262615103274583,0.014873505,0.014039218,0.04879242
MQAttn-QLSTM-VQR,5,2,0.785228,0.80024356,0.83435744,0.7835688,0.0262615103274583,0.0150155425,0.016674757,0.049129426
MQAttn-QLSTM-VQR,5,2,0.78053665,0.79512125,0.8294004,0.7806723,0.0262615103274583,0.014584601,0.014448941,0.04886377
MQAttn-QLSTM-VQR,5,2,0.77556604,0.7903776,0.8247748,0.7755856,0.0262615103274583,0.014811575,0.014792025,0.04920876
MQAttn-QLSTM-VQR,5,2,0.7705098,0.7858003,0.8198581,0.7703371,0.0262615103274583,0.015290499,0.015463173,0.049348295
MQAttn-QLSTM-VQR,5,2,0.76532817,0.7805947,0.814683,0.76507854,0.0262615103274583,0.015266538,0.015516162,0.04935485
MQAttn-QLSTM-VQR,5,2,0.7614681,0.77314186,0.8065836,0.7623283,0.0262615103274583,0.0116737485,0.010813534,0.04511547
MQAttn-QLSTM-VQR,5,2,0.7571596,0.76718193,0.8008227,0.7572746,0.0262615103274583,0.010022342,0.009907305,0.043663085
MQAttn-QLSTM-VQR,5,2,0.75393057,0.7638548,0.7972698,0.7546958,0.0262615103274583,0.009924233,0.0091590285,0.043339252
MQAttn-QLSTM-VQR,5,2,0.7512756,0.76043516,0.7933367,0.7519987,0.0262615103274583,0.009159565,0.008436441,0.04206109
MQAttn-QLSTM-VQR,5,2,0.74736863,0.75800955,0.7906517,0.7467601,0.0262615103274583,0.010640919,0.011249483,0.043283045
MQAttn-QLSTM-VQR,5,2,0.7437978,0.75265664,0.785228,0.74381614,0.0262615103274583,0.00885886,0.008840501,0.041430235
MQAttn-QLSTM-VQR,5,2,0.74690235,0.74815667,0.78053665,0.752038,0.0262615103274583,0.0012543201,0.0038813353,0.033634305
MQAttn-QLSTM-VQR,5,2,0.74554735,0.7441732,0.77556604,0.7443797,0.0262615103274583,0.0013741255,0.00020647049,0.030018687
MQAttn-QLSTM-VQR,5,2,0.7418337,0.73942065,0.7705098,0.73913896,0.0262615103274583,0.0024130344,0.00028169155,0.028676093
MQAttn-QLSTM-VQR,5,2,0.7392819,0.7343254,0.76532817,0.73923,0.0262615103274583,0.004956484,0.004904568,0.026046276
MQAttn-QLSTM-VQR,5,2,0.73631316,0.73057,0.7614681,0.73660743,0.0262615103274583,0.005743146,0.006037414,0.025154948
MQAttn-QLSTM-VQR,5,2,0.73353076,0.72737324,0.7571596,0.7337583,0.0262615103274583,0.0061575174,0.0063850284,0.02362883
MQAttn-QLSTM-VQR,5,2,0.7282065,0.7248212,0.75393057,0.72581464,0.0262615103274583,0.0033853054,0.0009934306,0.025724053
MQAttn-QLSTM-VQR,5,2,0.72518593,0.7228652,0.7512756,0.72596186,0.0262615103274583,0.0023207068,0.00309664,0.026089668
MQAttn-QLSTM-VQR,5,2,0.7225502,0.7204455,0.74736863,0.7235742,0.0262615103274583,0.0021046996,0.0031287074,0.02481842
MQAttn-QLSTM-VQR,5,2,0.7217798,0.7173283,0.7437978,0.7234269,0.0262615103274583,0.0044515133,0.0060985684,0.022017956
MQAttn-QLSTM-VQR,5,2,0.72068644,0.71882665,0.74690235,0.7208371,0.0262615103274583,0.0018597841,0.0020104647,0.02621591
MQAttn-QLSTM-VQR,5,2,0.7501107,0.71841896,0.74554735,0.77319515,0.0262615103274583,0.03169173,0.05477619,0.0045633316
MQAttn-QLSTM-VQR,5,2,0.7612592,0.71528286,0.7418337,0.75735277,0.0262615103274583,0.04597634,0.042069912,0.019425511
MQAttn-QLSTM-VQR,5,2,0.7611814,0.7128547,0.7392819,0.7494893,0.0262615103274583,0.04832673,0.036634624,0.021899521
MQAttn-QLSTM-VQR,5,2,0.7521893,0.71109116,0.73631316,0.7415555,0.0262615103274583,0.041098118,0.030464351,0.015876114
MQAttn-QLSTM-VQR,5,2,0.7404233,0.7120489,0.73353076,0.7364832,0.0262615103274583,0.028374434,0.024434328,0.006892562
MQAttn-QLSTM-VQR,5,2,0.73072666,0.707388,0.7282065,0.7313802,0.0262615103274583,0.023338675,0.02399224,0.002520144
MQAttn-QLSTM-VQR,5,2,0.724988,0.70309395,0.72518593,0.72591823,0.0262615103274583,0.021894038,0.022824287,0.00019794703
MQAttn-QLSTM-VQR,5,2,0.7219528,0.70199114,0.7225502,0.72343355,0.0262615103274583,0.019961655,0.021442413,0.00059741735
MQAttn-QLSTM-VQR,5,2,0.7194381,0.70316595,0.7217798,0.7206902,0.0262615103274583,0.016272128,0.017524242,0.0023417473
MQAttn-QLSTM-VQR,5,2,0.71584094,0.7011364,0.72068644,0.7156054,0.0262615103274583,0.0147045255,0.014468968,0.0048455
MQAttn-QLSTM-VQR,5,2,0.71274304,0.7259811,0.7501107,0.71301234,0.0262615103274583,0.013238072,0.012968779,0.037367642
MQAttn-QLSTM-VQR,5,2,0.7098413,0.73536867,0.7612592,0.7102438,0.0262615103274583,0.025527358,0.025124848,0.051417887
MQAttn-QLSTM-VQR,5,2,0.70872307,0.7344132,0.7611814,0.71035033,0.0262615103274583,0.025690138,0.024062872,0.052458346
MQAttn-QLSTM-VQR,5,2,0.7119103,0.72729063,0.7521893,0.7157788,0.0262615103274583,0.015380323,0.011511803,0.04027897
MQAttn-QLSTM-VQR,5,2,0.7099378,0.7171713,0.7404233,0.70750785,0.0262615103274583,0.0072335005,0.009663463,0.03048551
MQAttn-QLSTM-VQR,5,2,0.7068607,0.7101486,0.73072666,0.7048656,0.0262615103274583,0.0032878518,0.005282998,0.023865938
MQAttn-QLSTM-VQR,5,2,0.7032559,0.7037266,0.724988,0.7024587,0.0262615103274583,0.00047069788,0.00126791,0.021732092
MQAttn-QLSTM-VQR,5,2,0.6984351,0.70186937,0.7219528,0.6975821,0.0262615103274583,0.0034342408,0.004287243,0.023517668
MQAttn-QLSTM-VQR,5,2,0.69599587,0.7003201,0.7194381,0.6972672,0.0262615103274583,0.0043242574,0.00305295,0.023442209
MQAttn-QLSTM-VQR,5,2,0.6940967,0.69693786,0.71584094,0.6946586,0.0262615103274583,0.0028411746,0.0022792816,0.021744251
MQAttn-QLSTM-VQR,5,2,0.69193715,0.69723856,0.71274304,0.69191897,0.0262615103274583,0.005301416,0.0053195953,0.020805895
MQAttn-QLSTM-VQR,5,2,0.6894953,0.6934883,0.7098413,0.689303,0.0262615103274583,0.0039929748,0.004185319,0.020345986
MQAttn-QLSTM-VQR,5,2,0.68696916,0.6934074,0.70872307,0.68688,0.0262615103274583,0.0064382553,0.006527424,0.021753907
MQAttn-QLSTM-VQR,5,2,0.6842152,0.69558674,0.7119103,0.684129,0.0262615103274583,0.011371553,0.011457741,0.02769512
MQAttn-QLSTM-VQR,5,2,0.6816145,0.6943619,0.7099378,0.6816512,0.0262615103274583,0.012747407,0.01271075,0.028323293
MQAttn-QLSTM-VQR,5,2,0.6790481,0.6931279,0.7068607,0.6790483,0.0262615103274583,0.01407975,0.014079571,0.0278126
MQAttn-QLSTM-VQR,5,2,0.6765644,0.6894088,0.7032559,0.67663455,0.0262615103274583,0.012844384,0.012774229,0.026691496
MQAttn-QLSTM-VQR,5,2,0.68431157,0.6862793,0.6984351,0.69208026,0.0262615103274583,0.0019677281,0.0058009624,0.014123559
MQAttn-QLSTM-VQR,5,2,0.69620407,0.68448573,0.69599587,0.7025734,0.0262615103274583,0.011718333,0.018087685,0.00020819902
MQAttn-QLSTM-VQR,5,2,0.69623005,0.6839086,0.6940967,0.6893595,0.0262615103274583,0.012321472,0.0054509044,0.0021333694
MQAttn-QLSTM-VQR,5,2,0.6911054,0.6835157,0.69193715,0.6841329,0.0262615103274583,0.007589698,0.0006171465,0.0008317232
MQAttn-QLSTM-VQR,5,2,0.6827044,0.6805152,0.6894953,0.6786576,0.0262615103274583,0.0021891594,0.0018576384,0.006790936
MQAttn-QLSTM-VQR,5,2,0.67578703,0.67905414,0.68696916,0.6762467,0.0262615103274583,0.0032671094,0.0028074384,0.011182129
MQAttn-QLSTM-VQR,5,2,0.6719287,0.67637116,0.6842152,0.673705,0.0262615103274583,0.0044424534,0.0026661754,0.012286484
MQAttn-QLSTM-VQR,5,2,0.66857076,0.67543465,0.6816145,0.66850376,0.0262615103274583,0.006863892,0.0069308877,0.013043761
MQAttn-QLSTM-VQR,5,2,0.6655201,0.6733751,0.6790481,0.66561764,0.0262615103274583,0.007855058,0.007757485,0.013528049
MQAttn-QLSTM-VQR,5,2,0.6625517,0.67003983,0.6765644,0.6629652,0.0262615103274583,0.0074881315,0.007074654,0.014012694
MQAttn-QLSTM-VQR,5,2,0.6600963,0.67820585,0.68431157,0.6607894,0.0262615103274583,0.01810956,0.017416477,0.024215281
MQAttn-QLSTM-VQR,5,2,0.6592119,0.68870836,0.69620407,0.6606125,0.0262615103274583,0.029496491,0.028095841,0.036992192
MQAttn-QLSTM-VQR,5,2,0.65776217,0.6876687,0.69623005,0.6578243,0.0262615103274583,0.029906511,0.029844403,0.038467884
MQAttn-QLSTM-VQR,5,2,0.65865237,0.68381685,0.6911054,0.6604513,0.0262615103274583,0.025164485,0.023365557,0.03245306
MQAttn-QLSTM-VQR,5,2,0.6564999,0.6761633,0.6827044,0.65505934,0.0262615103274583,0.019663393,0.021103978,0.026204467
MQAttn-QLSTM-VQR,5,2,0.6537166,0.6700064,0.67578703,0.6526081,0.0262615103274583,0.01628977,0.017398298,0.022070408
MQAttn-QLSTM-VQR,5,2,0.6506799,0.6672648,0.6719287,0.6502031,0.0262615103274583,0.016584933,0.01706171,0.021248817
MQAttn-QLSTM-VQR,5,2,0.64909303,0.6641954,0.66857076,0.6501179,0.0262615103274583,0.0151023865,0.014077544,0.019477725
MQAttn-QLSTM-VQR,5,2,0.64572656,0.6619235,0.6655201,0.64475334,0.0262615103274583,0.016196966,0.01717019,0.01979351
MQAttn-QLSTM-VQR,5,2,0.6412068,0.65934217,0.6625517,0.6396265,0.0262615103274583,0.018135369,0.019715667,0.0213449
MQAttn-QLSTM-VQR,5,2,0.63865733,0.6569703,0.6600963,0.6396039,0.0262615103274583,0.01831299,0.01736641,0.021438956
MQAttn-QLSTM-VQR,5,2,0.63629943,0.65601707,0.6592119,0.6370637,0.0262615103274583,0.019717634,0.018953383,0.022912443
MQAttn-QLSTM-VQR,5,2,0.6326952,0.6549094,0.65776217,0.63188195,0.0262615103274583,0.022214174,0.02302742,0.025066972
MQAttn-QLSTM-VQR,5,2,0.62802434,0.6557295,0.65865237,0.62662995,0.0262615103274583,0.027705133,0.029099524,0.030628026
MQAttn-QLSTM-VQR,5,2,0.6254358,0.6536225,0.6564999,0.62661564,0.0262615103274583,0.028186679,0.027006865,0.031064093
MQAttn-QLSTM-VQR,5,2,0.6231032,0.6511142,0.6537166,0.62404376,0.0262615103274583,0.028011024,0.027070463,0.030613422
MQAttn-QLSTM-VQR,5,2,0.6240852,0.64811814,0.6506799,0.6267177,0.0262615103274583,0.02403295,0.021400452,0.026594698
MQAttn-QLSTM-VQR,5,2,0.6239492,0.64657974,0.64909303,0.6239881,0.0262615103274583,0.022630513,0.02259165,0.025143802
MQAttn-QLSTM-VQR,5,2,0.6194005,0.64334935,0.64572656,0.61606014,0.0262615103274583,0.023948848,0.027289212,0.02632606
MQAttn-QLSTM-VQR,5,2,0.6147615,0.63887453,0.6412068,0.61355686,0.0262615103274583,0.024113059,0.025317669,0.02644533
MQAttn-QLSTM-VQR,5,2,0.6106143,0.636426,0.63865733,0.6108699,0.0262615103274583,0.025811672,0.025556087,0.028043032
MQAttn-QLSTM-VQR,5,2,0.60587925,0.6339437,0.63629943,0.60555136,0.0262615103274583,0.02806443,0.028392315,0.030420184
MQAttn-QLSTM-VQR,5,2,0.60241365,0.63030136,0.6326952,0.602808,0.0262615103274583,0.027887702,0.027493358,0.030281544
MQAttn-QLSTM-VQR,5,2,0.5997848,0.6254512,0.62802434,0.6004468,0.0262615103274583,0.025666416,0.025004387,0.028239548
MQAttn-QLSTM-VQR,5,2,0.595854,0.623076,0.6254358,0.5952952,0.0262615103274583,0.027222037,0.02778083,0.029581845
MQAttn-QLSTM-VQR,5,2,0.5924603,0.6207655,0.6231032,0.5925896,0.0262615103274583,0.028305233,0.02817589,0.030642927
MQAttn-QLSTM-VQR,5,2,0.5894672,0.6214787,0.6240852,0.58983535,0.0262615103274583,0.03201145,0.03164333,0.03461796
MQAttn-QLSTM-VQR,5,2,0.58391094,0.62104607,0.6239492,0.58220047,0.0262615103274583,0.037135124,0.0388456,0.040038288
MQAttn-QLSTM-VQR,5,2,0.57938826,0.6163186,0.6194005,0.57939875,0.0262615103274583,0.036930323,0.036919832,0.04001224
MQAttn-QLSTM-VQR,5,2,0.58200186,0.6109924,0.6147615,0.58748746,0.0262615103274583,0.028990507,0.023504913,0.032759607
MQAttn-QLSTM-VQR,5,2,0.58798075,0.60701257,0.6106143,0.59283763,0.0262615103274583,0.019031823,0.014174938,0.022633553
MQAttn-QLSTM-VQR classical twin,5,2,0.93134665,0.97912097,0.9827057,0.9337946,0.0262615103274583,0.047774315,0.045326352,0.051359057
MQAttn-QLSTM-VQR classical twin,5,2,0.96307224,0.97372514,0.976738,0.98981327,0.0262615103274583,0.0106529,0.016088128,0.013665736
MQAttn-QLSTM-VQR classical twin,5,2,0.97942007,0.9679691,0.9712403,0.97877496,0.0262615103274583,0.011450946,0.010805845,0.008179784
MQAttn-QLSTM-VQR classical twin,5,2,0.98394865,0.95939666,0.96665436,0.9729075,0.0262615103274583,0.024551988,0.013510823,0.017294288
MQAttn-QLSTM-VQR classical twin,5,2,0.97547203,0.95688903,0.96182895,0.96212304,0.0262615103274583,0.018583,0.005234003,0.013643086
MQAttn-QLSTM-VQR classical twin,5,2,0.9718438,0.95160925,0.95612735,0.9729906,0.0262615103274583,0.020234525,0.021381319,0.015716434
MQAttn-QLSTM-VQR classical twin,5,2,0.9573021,0.94561195,0.9504476,0.950704,0.0262615103274583,0.01169014,0.005092025,0.0068544745
MQAttn-QLSTM-VQR classical twin,5,2,0.94398457,0.93990993,0.9447089,0.93933713,0.0262615103274583,0.004074633,0.00057280064,0.00072431564
MQAttn-QLSTM-VQR classical twin,5,2,0.93407935,0.9337858,0.9390951,0.9341531,0.0262615103274583,0.00029355288,0.00036728382,0.005015731
MQAttn-QLSTM-VQR classical twin,5,2,0.92589295,0.92831975,0.93364197,0.9280122,0.0262615103274583,0.002426803,0.00030755997,0.007749021
MQAttn-QLSTM-VQR classical twin,5,2,0.9201677,0.9257972,0.93134665,0.9225999,0.0262615103274583,0.0056295395,0.0031973124,0.01117897
MQAttn-QLSTM-VQR classical twin,5,2,0.92255485,0.9545975,0.96307224,0.92861444,0.0262615103274583,0.032042623,0.025983036,0.04051739
MQAttn-QLSTM-VQR classical twin,5,2,0.93265456,0.97437817,0.97942007,0.94111586,0.0262615103274583,0.04172361,0.033262312,0.046765506
MQAttn-QLSTM-VQR classical twin,5,2,0.9274995,0.97944736,0.98394865,0.91962546,0.0262615103274583,0.05194789,0.059821904,0.056449175
MQAttn-QLSTM-VQR classical twin,5,2,0.91696924,0.9706171,0.97547203,0.9092698,0.0262615103274583,0.053647876,0.061347306,0.058502793
MQAttn-QLSTM-VQR classical twin,5,2,0.90772235,0.9661827,0.9718438,0.9067385,0.0262615103274583,0.058460355,0.05944419,0.064121425
MQAttn-QLSTM-VQR classical twin,5,2,0.8981052,0.9505079,0.9573021,0.8985509,0.0262615103274583,0.052402675,0.05195695,0.05919689
MQAttn-QLSTM-VQR classical twin,5,2,0.8900203,0.9362572,0.94398457,0.89050233,0.0262615103274583,0.046236873,0.04575485,0.053964257
MQAttn-QLSTM-VQR classical twin,5,2,0.8845981,0.9259048,0.93407935,0.8855065,0.0262615103274583,0.041306734,0.0403983,0.049481273
MQAttn-QLSTM-VQR classical twin,5,2,0.87652063,0.9167919,0.92589295,0.8751457,0.0262615103274583,0.040271282,0.041646242,0.049372315
MQAttn-QLSTM-VQR classical twin,5,2,0.86930573,0.9100354,0.9201677,0.86974627,0.0262615103274583,0.040729642,0.040289104,0.050861955
MQAttn-QLSTM-VQR classical twin,5,2,0.87068725,0.9119971,0.92255485,0.87733835,0.0262615103274583,0.041309834,0.03465873,0.051867604
MQAttn-QLSTM-VQR classical twin,5,2,0.8767287,0.9114109,0.93265456,0.88296956,0.0262615103274583,0.034682214,0.02844137,0.055925846
MQAttn-QLSTM-VQR classical twin,5,2,0.87252915,0.9002358,0.9274995,0.86689436,0.0262615103274583,0.027706623,0.033341408,0.054970324
MQAttn-QLSTM-VQR classical twin,5,2,0.8631894,0.8874026,0.91696924,0.8566629,0.0262615103274583,0.024213195,0.030739665,0.05377984
MQAttn-QLSTM-VQR classical twin,5,2,0.8531946,0.87709564,0.90772235,0.8512039,0.0262615103274583,0.023901045,0.025891721,0.05452776
MQAttn-QLSTM-VQR classical twin,5,2,0.88221025,0.8665917,0.8981052,0.91185975,0.0262615103274583,0.015618563,0.04526806,0.01589495
MQAttn-QLSTM-VQR classical twin,5,2,0.90051365,0.85752356,0.8900203,0.9040642,0.0262615103274583,0.04299009,0.046540618,0.010493338
MQAttn-QLSTM-VQR classical twin,5,2,0.90215105,0.85137105,0.8845981,0.88788056,0.0262615103274583,0.05078,0.036509514,0.017552972
MQAttn-QLSTM-VQR classical twin,5,2,0.8888434,0.8432107,0.87652063,0.8723705,0.0262615103274583,0.04563272,0.029159784,0.0123227835
MQAttn-QLSTM-VQR classical twin,5,2,0.8710276,0.83615315,0.86930573,0.8646035,0.0262615103274583,0.03487444,0.02845037,0.001721859
MQAttn-QLSTM-VQR classical twin,5,2,0.85421973,0.83714175,0.87068725,0.85405433,0.0262615103274583,0.017077982,0.01691258,0.016467512
MQAttn-QLSTM-VQR classical twin,5,2,0.84550387,0.84234977,0.8767287,0.84879774,0.0262615103274583,0.003154099,0.006447971,0.031224847
MQAttn-QLSTM-VQR classical twin,5,2,0.8394441,0.83826584,0.87252915,0.84103173,0.0262615103274583,0.0011782646,0.002765894,0.03308505
MQAttn-QLSTM-VQR classical twin,5,2,0.83435744,0.82845765,0.8631894,0.8357384,0.0262615103274583,0.005899787,0.007280767,0.028831959
MQAttn-QLSTM-VQR classical twin,5,2,0.8294004,0.8180875,0.8531946,0.83037955,0.0262615103274583,0.011312902,0.0122920275,0.023794174
MQAttn-QLSTM-VQR classical twin,5,2,0.8247748,0.8481152,0.88221025,0.8255605,0.0262615103274583,0.023340404,0.022554696,0.057435453
MQAttn-QLSTM-VQR classical twin,5,2,0.8198581,0.8698095,0.90051365,0.82006747,0.0262615103274583,0.049951434,0.049742043,0.080655575
MQAttn-QLSTM-VQR classical twin,5,2,0.814683,0.8717403,0.90215105,0.8146,0.0262615103274583,0.05705726,0.05714029,0.08746803
MQAttn-QLSTM-VQR classical twin,5,2,0.8065836,0.85783863,0.8888434,0.8044248,0.0262615103274583,0.051255047,0.05341381,0.082259834
MQAttn-QLSTM-VQR classical twin,5,2,0.8008227,0.8389815,0.8710276,0.8017622,0.0262615103274583,0.038158834,0.037219286,0.07020491
MQAttn-QLSTM-VQR classical twin,5,2,0.7972698,0.82137567,0.85421973,0.7994856,0.0262615103274583,0.024105847,0.021890044,0.056949914
MQAttn-QLSTM-VQR classical twin,5,2,0.7933367,0.81199646,0.84550387,0.79381365,0.0262615103274583,0.01865977,0.018182814,0.052167177
MQAttn-QLSTM-VQR classical twin,5,2,0.7906517,0.80547667,0.8394441,0.79148597,0.0262615103274583,0.014824986,0.0139907,0.04879242
MQAttn-QLSTM-VQR classical twin,5,2,0.785228,0.7999692,0.83435744,0.7835688,0.0262615103274583,0.014741182,0.016400397,0.049129426
MQAttn-QLSTM-VQR classical twin,5,2,0.78053665,0.7946212,0.8294004,0.7806723,0.0262615103274583,0.014084578,0.013948917,0.04886377
MQAttn-QLSTM-VQR classical twin,5,2,0.77556604,0.7896939,0.8247748,0.7755856,0.0262615103274583,0.0141278505,0.0141083,0.04920876
MQAttn-QLSTM-VQR classical twin,5,2,0.7705098,0.7849182,0.8198581,0.7703371,0.0262615103274583,0.01440841,0.014581084,0.049348295
MQAttn-QLSTM-VQR classical twin,5,2,0.76532817,0.77957183,0.814683,0.76507854,0.0262615103274583,0.014243662,0.014493287,0.04935485
MQAttn-QLSTM-VQR classical twin,5,2,0.7614681,0.77139664,0.8065836,0.7623283,0.0262615103274583,0.0099285245,0.00906831,0.04511547
MQAttn-QLSTM-VQR classical twin,5,2,0.7571596,0.765256,0.8008227,0.7572746,0.0262615103274583,0.008096397,0.00798136,0.043663085
MQAttn-QLSTM-VQR classical twin,5,2,0.75393057,0.7615413,0.7972698,0.7546958,0.0262615103274583,0.0076107383,0.006845534,0.043339252
MQAttn-QLSTM-VQR classical twin,5,2,0.7512756,0.7577596,0.7933367,0.7519987,0.0262615103274583,0.006483972,0.0057608485,0.04206109
MQAttn-QLSTM-VQR classical twin,5,2,0.74736863,0.7550748,0.7906517,0.7467601,0.0262615103274583,0.0077061653,0.008314729,0.043283045
MQAttn-QLSTM-VQR classical twin,5,2,0.7437978,0.749406,0.785228,0.74381614,0.0262615103274583,0.005608201,0.005589843,0.041430235
MQAttn-QLSTM-VQR classical twin,5,2,0.74690235,0.7444882,0.78053665,0.752038,0.0262615103274583,0.002414167,0.0075498223,0.033634305
MQAttn-QLSTM-VQR classical twin,5,2,0.74554735,0.74026215,0.77556604,0.7443797,0.0262615103274583,0.0052852035,0.0041175485,0.030018687
MQAttn-QLSTM-VQR classical twin,5,2,0.7418337,0.7359832,0.7705098,0.73913896,0.0262615103274583,0.005850494,0.003155768,0.028676093
MQAttn-QLSTM-VQR classical twin,5,2,0.7392819,0.73143095,0.76532817,0.73923,0.0262615103274583,0.007850945,0.0077990294,0.026046276
MQAttn-QLSTM-VQR classical twin,5,2,0.73631316,0.7281351,0.7614681,0.73660743,0.0262615103274583,0.008178055,0.008472323,0.025154948
MQAttn-QLSTM-VQR classical twin,5,2,0.73353076,0.7251085,0.7571596,0.7337583,0.0262615103274583,0.0084222555,0.008649766,0.02362883
MQAttn-QLSTM-VQR classical twin,5,2,0.7282065,0.7228465,0.75393057,0.72581464,0.0262615103274583,0.0053600073,0.0029681325,0.025724053
MQAttn-QLSTM-VQR classical twin,5,2,0.72518593,0.72107327,0.7512756,0.72596186,0.0262615103274583,0.004112661,0.004888594,0.026089668
MQAttn-QLSTM-VQR classical twin,5,2,0.7225502,0.71857285,0.74736863,0.7235742,0.0262615103274583,0.0039773583,0.005001366,0.02481842
MQAttn-QLSTM-VQR classical twin,5,2,0.7217798,0.7157146,0.7437978,0.7234269,0.0262615103274583,0.0060652494,0.0077123046,0.022017956
MQAttn-QLSTM-VQR classical twin,5,2,0.72068644,0.7179191,0.74690235,0.7208371,0.0262615103274583,0.0027673244,0.002918005,0.02621591
MQAttn-QLSTM-VQR classical twin,5,2,0.7501107,0.71711767,0.74554735,0.77319515,0.0262615103274583,0.03299302,0.05607748,0.0045633316
MQAttn-QLSTM-VQR classical twin,5,2,0.7612592,0.7139773,0.7418337,0.75735277,0.0262615103274583,0.04728192,0.043375492,0.019425511
MQAttn-QLSTM-VQR classical twin,5,2,0.7611814,0.7118593,0.7392819,0.7494893,0.0262615103274583,0.04932213,0.03763002,0.021899521
MQAttn-QLSTM-VQR classical twin,5,2,0.7521893,0.71028477,0.73631316,0.7415555,0.0262615103274583,0.04190451,0.031270742,0.015876114
MQAttn-QLSTM-VQR classical twin,5,2,0.7404233,0.71029353,0.73353076,0.7364832,0.0262615103274583,0.03012979,0.026189685,0.006892562
MQAttn-QLSTM-VQR classical twin,5,2,0.73072666,0.70594865,0.7282065,0.7313802,0.0262615103274583,0.024778008,0.025431573,0.002520144
MQAttn-QLSTM-VQR classical twin,5,2,0.724988,0.7023138,0.72518593,0.72591823,0.0262615103274583,0.022674203,0.023604453,0.00019794703
MQAttn-QLSTM-VQR classical twin,5,2,0.7219528,0.700813,0.7225502,0.72343355,0.0262615103274583,0.0211398,0.022620559,0.00059741735
MQAttn-QLSTM-VQR classical twin,5,2,0.7194381,0.7018465,0.7217798,0.7206902,0.0262615103274583,0.017591596,0.01884371,0.0023417473
MQAttn-QLSTM-VQR classical twin,5,2,0.71584094,0.70060295,0.72068644,0.7156054,0.0262615103274583,0.015237987,0.0150024295,0.0048455
MQAttn-QLSTM-VQR classical twin,5,2,0.71274304,0.726702,0.7501107,0.71301234,0.0262615103274583,0.013958931,0.013689637,0.037367642
MQAttn-QLSTM-VQR classical twin,5,2,0.7098413,0.7357652,0.7612592,0.7102438,0.0262615103274583,0.025923908,0.025521398,0.051417887
MQAttn-QLSTM-VQR classical twin,5,2,0.70872307,0.73445845,0.7611814,0.71035033,0.0262615103274583,0.025735378,0.024108112,0.052458346
MQAttn-QLSTM-VQR classical twin,5,2,0.7119103,0.7264464,0.7521893,0.7157788,0.0262615103274583,0.014536083,0.0106675625,0.04027897
MQAttn-QLSTM-VQR classical twin,5,2,0.7099378,0.71582836,0.7404233,0.70750785,0.0262615103274583,0.005890548,0.00832051,0.03048551
MQAttn-QLSTM-VQR classical twin,5,2,0.7068607,0.70823646,0.73072666,0.7048656,0.0262615103274583,0.0013757348,0.003370881,0.023865938
MQAttn-QLSTM-VQR classical twin,5,2,0.7032559,0.7026404,0.724988,0.7024587,0.0262615103274583,0.00061547756,0.00018173456,0.021732092
MQAttn-QLSTM-VQR classical twin,5,2,0.6984351,0.70084137,0.7219528,0.6975821,0.0262615103274583,0.0024062395,0.0032592416,0.023517668
MQAttn-QLSTM-VQR classical twin,5,2,0.69599587,0.6993873,0.7194381,0.6972672,0.0262615103274583,0.0033914447,0.0021201372,0.023442209
MQAttn-QLSTM-VQR classical twin,5,2,0.6940967,0.6963101,0.71584094,0.6946586,0.0262615103274583,0.0022134185,0.0016515255,0.021744251
MQAttn-QLSTM-VQR classical twin,5,2,0.69193715,0.6957651,0.71274304,0.69191897,0.0262615103274583,0.0038279295,0.003846109,0.020805895
MQAttn-QLSTM-VQR classical twin,5,2,0.6894953,0.69268334,0.7098413,0.689303,0.0262615103274583,0.003188014,0.0033803582,0.020345986
MQAttn-QLSTM-VQR classical twin,5,2,0.68696916,0.69239086,0.70872307,0.68688,0.0262615103274583,0.005421698,0.0055108666,0.021753907
MQAttn-QLSTM-VQR classical twin,5,2,0.6842152,0.69557256,0.7119103,0.684129,0.0262615103274583,0.011357367,0.011443555,0.02769512
MQAttn-QLSTM-VQR classical twin,5,2,0.6816145,0.6941158,0.7099378,0.6816512,0.0262615103274583,0.012501299,0.0124646425,0.028323293
MQAttn-QLSTM-VQR classical twin,5,2,0.6790481,0.69232506,0.7068607,0.6790483,0.0262615103274583,0.013276935,0.013276756,0.0278126
MQAttn-QLSTM-VQR classical twin,5,2,0.6765644,0.68870443,0.7032559,0.67663455,0.0262615103274583,0.012140036,0.012069881,0.026691496
MQAttn-QLSTM-VQR classical twin,5,2,0.68431157,0.68537134,0.6984351,0.69208026,0.0262615103274583,0.0010597706,0.00670892,0.014123559
MQAttn-QLSTM-VQR classical twin,5,2,0.69620407,0.6838784,0.69599587,0.7025734,0.0262615103274583,0.0123256445,0.018694997,0.00020819902
MQAttn-QLSTM-VQR classical twin,5,2,0.69623005,0.6833225,0.6940967,0.6893595,0.0262615103274583,0.012907565,0.006036997,0.0021333694
MQAttn-QLSTM-VQR classical twin,5,2,0.6911054,0.6826478,0.69193715,0.6841329,0.0262615103274583,0.008457601,0.0014850497,0.0008317232
MQAttn-QLSTM-VQR classical twin,5,2,0.6827044,0.68018633,0.6894953,0.6786576,0.0262615103274583,0.0025180578,0.0015287399,0.006790936
MQAttn-QLSTM-VQR classical twin,5,2,0.67578703,0.67889875,0.68696916,0.6762467,0.0262615103274583,0.00311172,0.002652049,0.011182129
MQAttn-QLSTM-VQR classical twin,5,2,0.6719287,0.67635626,0.6842152,0.673705,0.0262615103274583,0.004427552,0.0026512742,0.012286484
MQAttn-QLSTM-VQR classical twin,5,2,0.66857076,0.67530185,0.6816145,0.66850376,0.0262615103274583,0.006731093,0.0067980886,0.013043761
MQAttn-QLSTM-VQR classical twin,5,2,0.6655201,0.67342454,0.6790481,0.66561764,0.0262615103274583,0.00790447,0.007806897,0.013528049
MQAttn-QLSTM-VQR classical twin,5,2,0.6625517,0.6705392,0.6765644,0.6629652,0.0262615103274583,0.007987499,0.007574022,0.014012694
MQAttn-QLSTM-VQR classical twin,5,2,0.6600963,0.6788791,0.68431157,0.6607894,0.0262615103274583,0.018782794,0.018089712,0.024215281
MQAttn-QLSTM-VQR classical twin,5,2,0.6592119,0.6895439,0.69620407,0.6606125,0.0262615103274583,0.030332029,0.02893138,0.036992192
MQAttn-QLSTM-VQR classical twin,5,2,0.65776217,0.68854827,0.69623005,0.6578243,0.0262615103274583,0.030786097,0.030723989,0.038467884
MQAttn-QLSTM-VQR classical twin,5,2,0.65865237,0.68396544,0.6911054,0.6604513,0.0262615103274583,0.02531308,0.023514152,0.03245306
MQAttn-QLSTM-VQR classical twin,5,2,0.6564999,0.6760901,0.6827044,0.65505934,0.0262615103274583,0.019590199,0.021030784,0.026204467
MQAttn-QLSTM-VQR classical twin,5,2,0.6537166,0.66997755,0.67578703,0.6526081,0.0262615103274583,0.016260922,0.01736945,0.022070408
MQAttn-QLSTM-VQR classical twin,5,2,0.6506799,0.6675518,0.6719287,0.6502031,0.0262615103274583,0.01687193,0.017348707,0.021248817
MQAttn-QLSTM-VQR classical twin,5,2,0.64909303,0.6648775,0.66857076,0.6501179,0.0262615103274583,0.015784442,0.0147596,0.019477725
MQAttn-QLSTM-VQR classical twin,5,2,0.64572656,0.6636685,0.6655201,0.64475334,0.0262615103274583,0.017941952,0.018915176,0.01979351
MQAttn-QLSTM-VQR classical twin,5,2,0.6412068,0.6619971,0.6625517,0.6396265,0.0262615103274583,0.020790279,0.022370577,0.0213449
MQAttn-QLSTM-VQR classical twin,5,2,0.63865733,0.66024584,0.6600963,0.6396039,0.0262615103274583,0.021588504,0.020641923,0.021438956
MQAttn-QLSTM-VQR classical twin,5,2,0.63629943,0.6594624,0.6592119,0.6370637,0.0262615103274583,0.023162961,0.02239871,0.022912443
MQAttn-QLSTM-VQR classical twin,5,2,0.6326952,0.6588884,0.65776217,0.63188195,0.0262615103274583,0.026193202,0.027006447,0.025066972
MQAttn-QLSTM-VQR classical twin,5,2,0.62802434,0.65975666,0.65865237,0.62662995,0.0262615103274583,0.03173232,0.03312671,0.030628026
MQAttn-QLSTM-VQR classical twin,5,2,0.6254358,0.65823793,0.6564999,0.62661564,0.0262615103274583,0.032802105,0.03162229,0.031064093
MQAttn-QLSTM-VQR classical twin,5,2,0.6231032,0.656362,0.6537166,0.62404376,0.0262615103274583,0.033258796,0.032318234,0.030613422
MQAttn-QLSTM-VQR classical twin,5,2,0.6240852,0.65413916,0.6506799,0.6267177,0.0262615103274583,0.030053973,0.027421474,0.026594698
MQAttn-QLSTM-VQR classical twin,5,2,0.6239492,0.65312725,0.64909303,0.6239881,0.0262615103274583,0.029178023,0.029139161,0.025143802
MQAttn-QLSTM-VQR classical twin,5,2,0.6194005,0.65070134,0.64572656,0.61606014,0.0262615103274583,0.031300843,0.034641206,0.02632606
MQAttn-QLSTM-VQR classical twin,5,2,0.6147615,0.6470218,0.6412068,0.61355686,0.0262615103274583,0.0322603,0.03346491,0.02644533
MQAttn-QLSTM-VQR classical twin,5,2,0.6106143,0.64473885,0.63865733,0.6108699,0.0262615103274583,0.034124553,0.03386897,0.028043032
MQAttn-QLSTM-VQR classical twin,5,2,0.60587925,0.6433327,0.63629943,0.60555136,0.0262615103274583,0.037453473,0.037781358,0.030420184
MQAttn-QLSTM-VQR classical twin,5,2,0.60241365,0.64019465,0.6326952,0.602808,0.0262615103274583,0.037781,0.037386656,0.030281544
MQAttn-QLSTM-VQR classical twin,5,2,0.5997848,0.6362356,0.62802434,0.6004468,0.0262615103274583,0.036450803,0.035788774,0.028239548
MQAttn-QLSTM-VQR classical twin,5,2,0.595854,0.6335554,0.6254358,0.5952952,0.0262615103274583,0.037701428,0.03826022,0.029581845
MQAttn-QLSTM-VQR classical twin,5,2,0.5924603,0.6316936,0.6231032,0.5925896,0.0262615103274583,0.039233327,0.039103985,0.030642927
MQAttn-QLSTM-VQR classical twin,5,2,0.5894672,0.6332108,0.6240852,0.58983535,0.0262615103274583,0.04374355,0.043375432,0.03461796
MQAttn-QLSTM-VQR classical twin,5,2,0.58391094,0.63351035,0.6239492,0.58220047,0.0262615103274583,0.04959941,0.051309884,0.040038288
MQAttn-QLSTM-VQR classical twin,5,2,0.57938826,0.62920785,0.6194005,0.57939875,0.0262615103274583,0.04981959,0.0498091,0.04001224
MQAttn-QLSTM-VQR classical twin,5,2,0.58200186,0.62537205,0.6147615,0.58748746,0.0262615103274583,0.043370187,0.037884593,0.032759607
MQAttn-QLSTM-VQR classical twin,5,2,0.58798075,0.6213373,0.6106143,0.59283763,0.0262615103274583,0.033356547,0.028499663,0.022633553
QLSTM,5,2,0.93134665,0.98409045,0.9827057,0.9337946,0.0262615103274583,0.052743793,0.05029583,0.051359057
QLSTM,5,2,0.96307224,0.9778173,0.976738,0.98981327,0.0262615103274583,0.014745057,0.011995971,0.013665736
QLSTM,5,2,0.97942007,0.9716933,0.9712403,0.97877496,0.0262615103274583,0.0077267885,0.0070816875,0.008179784
QLSTM,5,2,0.98394865,0.96467245,0.96665436,0.9729075,0.0262615103274583,0.019276202,0.008235037,0.017294288
QLSTM,5,2,0.97547203,0.9606128,0.96182895,0.96212304,0.0262615103274583,0.014859259,0.0015102625,0.013643086
QLSTM,5,2,0.9718438,0.9549814,0.95612735,0.9729906,0.0262615103274583,0.016862392,0.018009186,0.015716434
QLSTM,5,2,0.9573021,0.94817555,0.9504476,0.950704,0.0262615103274583,0.009126544,0.002528429,0.0068544745
QLSTM,5,2,0.94398457,0.9423882,0.9447089,0.93933713,0.0262615103274583,0.0015963912,0.0030510426,0.00072431564
QLSTM,5,2,0.93407935,0.93582535,0.9390951,0.9341531,0.0262615103274583,0.0017459989,0.0016722679,0.005015731
QLSTM,5,2,0.92589295,0.93031496,0.93364197,0.9280122,0.0262615103274583,0.004422009,0.0023027658,0.007749021
QLSTM,5,2,0.9201677,0.9276607,0.93134665,0.9225999,0.0262615103274583,0.007493019,0.005060792,0.01117897
QLSTM,5,2,0.92255485,0.9595452,0.96307224,0.92861444,0.0262615103274583,0.036990345,0.030930758,0.04051739
QLSTM,5,2,0.93265456,0.9790518,0.97942007,0.94111586,0.0262615103274583,0.04639727,0.037935972,0.046765506
QLSTM,5,2,0.9274995,0.9847007,0.98394865,0.91962546,0.0262615103274583,0.057201207,0.06507522,0.056449175
QLSTM,5,2,0.91696924,0.9756603,0.97547203,0.9092698,0.0262615103274583,0.058691084,0.066390514,0.058502793
QLSTM,5,2,0.90772235,0.9711532,0.9718438,0.9067385,0.0262615103274583,0.063430846,0.06441468,0.064121425
QLSTM,5,2,0.8981052,0.95494336,0.9573021,0.8985509,0.0262615103274583,0.056838155,0.05639243,0.05919689
QLSTM,5,2,0.8900203,0.9404163,0.94398457,0.89050233,0.0262615103274583,0.050395966,0.049913943,0.053964257
QLSTM,5,2,0.8845981,0.92997843,0.93407935,0.8855065,0.0262615103274583,0.045380354,0.04447192,0.049481273
QLSTM,5,2,0.87652063,0.92066884,0.92589295,0.8751457,0.0262615103274583,0.044148207,0.045523167,0.049372315
QLSTM,5,2,0.86930573,0.91345036,0.9201677,0.86974627,0.0262615103274583,0.04414463,0.043704093,0.050861955
QLSTM,5,2,0.87068725,0.9157091,0.92255485,0.87733835,0.0262615103274583,0.045021832,0.03837073,0.051867604
QLSTM,5,2,0.8767287,0.9197105,0.93265456,0.88296956,0.0262615103274583,0.042981803,0.03674096,0.055925846
QLSTM,5,2,0.87252915,0.90932417,0.9274995,0.86689436,0.0262615103274583,0.03679502,0.042429805,0.054970324
QLSTM,5,2,0.8631894,0.8957292,0.91696924,0.8566629,0.0262615103274583,0.032539785,0.039066255,0.05377984
QLSTM,5,2,0.8531946,0.88518465,0.90772235,0.8512039,0.0262615103274583,0.03199005,0.033980727,0.05452776
QLSTM,5,2,0.88221025,0.87425387,0.8981052,0.91185975,0.0262615103274583,0.007956386,0.03760588,0.01589495
QLSTM,5,2,0.90051365,0.8649719,0.8900203,0.9040642,0.0262615103274583,0.035541773,0.039092302,0.010493338
QLSTM,5,2,0.90215105,0.8587581,0.8845981,0.88788056,0.0262615103274583,0.043392956,0.029122472,0.017552972
QLSTM,5,2,0.8888434,0.85079235,0.87652063,0.8723705,0.0262615103274583,0.03805107,0.021578133,0.0123227835
QLSTM,5,2,0.8710276,0.84393466,0.86930573,0.8646035,0.0262615103274583,0.027092934,0.020668864,0.001721859
QLSTM,5,2,0.85421973,0.8451761,0.87068725,0.85405433,0.0262615103274583,0.009043634,0.008878231,0.016467512
QLSTM,5,2,0.84550387,0.85071605,0.8767287,0.84879774,0.0262615103274583,0.0052121878,0.0019183159,0.031224847
QLSTM,5,2,0.8394441,0.8463373,0.87252915,0.84103173,0.0262615103274583,0.0068932176,0.0053055882,0.03308505
QLSTM,5,2,0.83435744,0.8363896,0.8631894,0.8357384,0.0262615103274583,0.0020321608,0.00065118074,0.028831959
QLSTM,5,2,0.8294004,0.8263376,0.8531946,0.83037955,0.0262615103274583,0.0030628443,0.00404197,0.023794174
QLSTM,5,2,0.8247748,0.85830706,0.88221025,0.8255605,0.0262615103274583,0.03353226,0.032746553,0.057435453
QLSTM,5,2,0.8198581,0.8789446,0.90051365,0.82006747,0.0262615103274583,0.0590865,0.05887711,0.080655575
QLSTM,5,2,0.814683,0.8797572,0.90215105,0.8146,0.0262615103274583,0.065074205,0.065157235,0.08746803
QLSTM,5,2,0.8065836,0.86543196,0.8888434,0.8044248,0.0262615103274583,0.05884838,0.061007142,0.082259834
QLSTM,5,2,0.8008227,0.84607565,0.8710276,0.8017622,0.0262615103274583,0.04525298,0.04431343,0.07020491
QLSTM,5,2,0.7972698,0.8289403,0.85421973,0.7994856,0.0262615103274583,0.03167045,0.029454648,0.056949914
QLSTM,5,2,0.7933367,0.8201929,0.84550387,0.79381365,0.0262615103274583,0.026856184,0.026379228,0.052167177
QLSTM,5,2,0.7906517,0.81447226,0.8394441,0.79148597,0.0262615103274583,0.023820579,0.022986293,0.04879242
QLSTM,5,2,0.785228,0.8097051,0.83435744,0.7835688,0.0262615103274583,0.024477065,0.02613628,0.049129426
QLSTM,5,2,0.78053665,0.80516094,0.8294004,0.7806723,0.0262615103274583,0.024624288,0.024488628,0.04886377
QLSTM,5,2,0.77556604,0.8011245,0.8247748,0.7755856,0.0262615103274583,0.025558472,0.025538921,0.04920876
QLSTM,5,2,0.7705098,0.7971057,0.8198581,0.7703371,0.0262615103274583,0.02659595,0.026768625,0.049348295
QLSTM,5,2,0.76532817,0.79252154,0.814683,0.76507854,0.0262615103274583,0.027193367,0.027442992,0.04935485
QLSTM,5,2,0.7614681,0.7854091,0.8065836,0.7623283,0.0262615103274583,0.02394098,0.023080766,0.04511547
QLSTM,5,2,0.7571596,0.7803706,0.8008227,0.7572746,0.0262615103274583,0.023211002,0.023095965,0.043663085
QLSTM,5,2,0.75393057,0.7777224,0.7972698,0.7546958,0.0262615103274583,0.02379185,0.023026645,0.043339252
QLSTM,5,2,0.7512756,0.77453744,0.7933367,0.7519987,0.0262615103274583,0.023261845,0.022538722,0.04206109
QLSTM,5,2,0.74736863,0.7724471,0.7906517,0.7467601,0.0262615103274583,0.025078475,0.025687039,0.043283045
QLSTM,5,2,0.7437978,0.7677231,0.785228,0.74381614,0.0262615103274583,0.023925304,0.023906946,0.041430235
QLSTM,5,2,0.74690235,0.7637767,0.78053665,0.752038,0.0262615103274583,0.016874373,0.011738718,0.033634305
QLSTM,5,2,0.74554735,0.75973344,0.77556604,0.7443797,0.0262615103274583,0.014186084,0.015353739,0.030018687
QLSTM,5,2,0.7418337,0.75555766,0.7705098,0.73913896,0.0262615103274583,0.013723969,0.016418695,0.028676093
QLSTM,5,2,0.7392819,0.7513075,0.76532817,0.73923,0.0262615103274583,0.012025595,0.01207751,0.026046276
QLSTM,5,2,0.73631316,0.74831307,0.7614681,0.73660743,0.0262615103274583,0.011999905,0.011705637,0.025154948
QLSTM,5,2,0.73353076,0.7448737,0.7571596,0.7337583,0.0262615103274583,0.011342943,0.011115432,0.02362883
QLSTM,5,2,0.7282065,0.74236995,0.75393057,0.72581464,0.0262615103274583,0.0141634345,0.01655531,0.025724053
QLSTM,5,2,0.72518593,0.74030817,0.7512756,0.72596186,0.0262615103274583,0.015122235,0.014346302,0.026089668
QLSTM,5,2,0.7225502,0.7370185,0.74736863,0.7235742,0.0262615103274583,0.014468312,0.0134443045,0.02481842
QLSTM,5,2,0.7217798,0.73407453,0.7437978,0.7234269,0.0262615103274583,0.01229471,0.0106476545,0.022017956
QLSTM,5,2,0.72068644,0.7372409,0.74690235,0.7208371,0.0262615103274583,0.016554475,0.016403794,0.02621591
QLSTM,5,2,0.7501107,0.73611456,0.74554735,0.77319515,0.0262615103274583,0.013996124,0.037080586,0.0045633316
QLSTM,5,2,0.7612592,0.73279643,0.7418337,0.75735277,0.0262615103274583,0.028462768,0.024556339,0.019425511
QLSTM,5,2,0.7611814,0.73070353,0.7392819,0.7494893,0.0262615103274583,0.030477881,0.018785775,0.021899521
QLSTM,5,2,0.7521893,0.7282198,0.73631316,0.7415555,0.0262615103274583,0.023969471,0.013335705,0.015876114
QLSTM,5,2,0.7404233,0.7257453,0.73353076,0.7364832,0.0262615103274583,0.014678001,0.010737896,0.006892562
QLSTM,5,2,0.73072666,0.7209869,0.7282065,0.7313802,0.0262615103274583,0.009739757,0.0103933215,0.002520144
QLSTM,5,2,0.724988,0.71858567,0.72518593,0.72591823,0.0262615103274583,0.0064023137,0.0073325634,0.00019794703
QLSTM,5,2,0.7219528,0.7165037,0.7225502,0.72343355,0.0262615103274583,0.005449116,0.0069298744,0.00059741735
QLSTM,5,2,0.7194381,0.71597505,0.7217798,0.7206902,0.0262615103274583,0.0034630299,0.0047151446,0.0023417473
QLSTM,5,2,0.71584094,0.71514446,0.72068644,0.7156054,0.0262615103274583,0.0006964803,0.00046092272,0.0048455
QLSTM,5,2,0.71274304,0.7428419,0.7501107,0.71301234,0.0262615103274583,0.030098855,0.029829562,0.037367642
QLSTM,5,2,0.7098413,0.75181085,0.7612592,0.7102438,0.0262615103274583,0.041969538,0.041567028,0.051417887
QLSTM,5,2,0.70872307,0.7505735,0.7611814,0.71035033,0.0262615103274583,0.041850448,0.04022318,0.052458346
QLSTM,5,2,0.7119103,0.7416125,0.7521893,0.7157788,0.0262615103274583,0.029702187,0.025833666,0.04027897
QLSTM,5,2,0.7099378,0.7307165,0.7404233,0.70750785,0.0262615103274583,0.020778716,0.023208678,0.03048551
QLSTM,5,2,0.7068607,0.7222226,0.73072666,0.7048656,0.0262615103274583,0.015361905,0.017357051,0.023865938
QLSTM,5,2,0.7032559,0.71768296,0.724988,0.7024587,0.0262615103274583,0.014427066,0.015224278,0.021732092
QLSTM,5,2,0.6984351,0.7155901,0.7219528,0.6975821,0.0262615103274583,0.017154992,0.018007994,0.023517668
QLSTM,5,2,0.69599587,0.7137255,0.7194381,0.6972672,0.0262615103274583,0.01772964,0.016458333,0.023442209
QLSTM,5,2,0.6940967,0.710774,0.71584094,0.6946586,0.0262615103274583,0.01667732,0.016115427,0.021744251
QLSTM,5,2,0.69193715,0.70803136,0.71274304,0.69191897,0.0262615103274583,0.016094208,0.016112387,0.020805895
QLSTM,5,2,0.6894953,0.7056179,0.7098413,0.689303,0.0262615103274583,0.01612258,0.016314924,0.020345986
QLSTM,5,2,0.68696916,0.70479935,0.70872307,0.68688,0.0262615103274583,0.017830193,0.017919362,0.021753907
QLSTM,5,2,0.6842152,0.7079382,0.7119103,0.684129,0.0262615103274583,0.023723006,0.023809195,0.02769512
QLSTM,5,2,0.6816145,0.70603096,0.7099378,0.6816512,0.0262615103274583,0.024416447,0.02437979,0.028323293
QLSTM,5,2,0.6790481,0.70307744,0.7068607,0.6790483,0.0262615103274583,0.024029315,0.024029136,0.0278126
QLSTM,5,2,0.6765644,0.6999129,0.7032559,0.67663455,0.0262615103274583,0.02334851,0.023278356,0.026691496
QLSTM,5,2,0.68431157,0.6955219,0.6984351,0.69208026,0.0262615103274583,0.011210322,0.0034416318,0.014123559
QLSTM,5,2,0.69620407,0.6934653,0.69599587,0.7025734,0.0262615103274583,0.0027387738,0.009108126,0.00020819902
QLSTM,5,2,0.69623005,0.69183373,0.6940967,0.6893595,0.0262615103274583,0.0043963194,0.0024742484,0.0021333694
QLSTM,5,2,0.6911054,0.6897849,0.69193715,0.6841329,0.0262615103274583,0.0013205409,0.0056520104,0.0008317232
QLSTM,5,2,0.6827044,0.6877106,0.6894953,0.6786576,0.0262615103274583,0.005006194,0.009052992,0.006790936
QLSTM,5,2,0.67578703,0.68542904,0.68696916,0.6762467,0.0262615103274583,0.009642005,0.009182334,0.011182129
QLSTM,5,2,0.6719287,0.6830915,0.6842152,0.673705,0.0262615103274583,0.0111628175,0.009386539,0.012286484
QLSTM,5,2,0.66857076,0.6806619,0.6816145,0.66850376,0.0262615103274583,0.01209116,0.012158155,0.013043761
QLSTM,5,2,0.6655201,0.67828035,0.6790481,0.66561764,0.0262615103274583,0.012760282,0.012662709,0.013528049
QLSTM,5,2,0.6625517,0.67630905,0.6765644,0.6629652,0.0262615103274583,0.013757348,0.013343871,0.014012694
QLSTM,5,2,0.6600963,0.6835775,0.68431157,0.6607894,0.0262615103274583,0.02348119,0.022788107,0.024215281
QLSTM,5,2,0.6592119,0.69459105,0.69620407,0.6606125,0.0262615103274583,0.03537917,0.03397852,0.036992192
QLSTM,5,2,0.65776217,0.69416946,0.69623005,0.6578243,0.0262615103274583,0.036407292,0.036345184,0.038467884
QLSTM,5,2,0.65865237,0.6890269,0.6911054,0.6604513,0.0262615103274583,0.030374527,0.0285756,0.03245306
QLSTM,5,2,0.6564999,0.6811973,0.6827044,0.65505934,0.0262615103274583,0.024697363,0.026137948,0.026204467
QLSTM,5,2,0.6537166,0.67508537,0.67578703,0.6526081,0.0262615103274583,0.021368742,0.02247727,0.022070408
QLSTM,5,2,0.6506799,0.6717393,0.6719287,0.6502031,0.0262615103274583,0.021059394,0.021536171,0.021248817
QLSTM,5,2,0.64909303,0.6690044,0.66857076,0.6501179,0.0262615103274583,0.019911349,0.018886507,0.019477725
QLSTM,5,2,0.64572656,0.6663382,0.6655201,0.64475334,0.0262615103274583,0.020611644,0.021584868,0.01979351
QLSTM,5,2,0.6412068,0.66373473,0.6625517,0.6396265,0.0262615103274583,0.022527933,0.024108231,0.0213449
QLSTM,5,2,0.63865733,0.6616568,0.6600963,0.6396039,0.0262615103274583,0.022999465,0.022052884,0.021438956
QLSTM,5,2,0.63629943,0.66114485,0.6592119,0.6370637,0.0262615103274583,0.024845421,0.02408117,0.022912443
QLSTM,5,2,0.6326952,0.65981966,0.65776217,0.63188195,0.0262615103274583,0.027124465,0.02793771,0.025066972
QLSTM,5,2,0.62802434,0.6607078,0.65865237,0.62662995,0.0262615103274583,0.032683432,0.034077823,0.030628026
QLSTM,5,2,0.6254358,0.658696,0.6564999,0.62661564,0.0262615103274583,0.033260167,0.032080352,0.031064093
QLSTM,5,2,0.6231032,0.6561307,0.6537166,0.62404376,0.0262615103274583,0.03302747,0.03208691,0.030613422
QLSTM,5,2,0.6240852,0.6532485,0.6506799,0.6267177,0.0262615103274583,0.029163301,0.026530802,0.026594698
QLSTM,5,2,0.6239492,0.6518759,0.64909303,0.6239881,0.0262615103274583,0.027926683,0.027887821,0.025143802
QLSTM,5,2,0.6194005,0.64880824,0.64572656,0.61606014,0.0262615103274583,0.02940774,0.032748103,0.02632606
QLSTM,5,2,0.6147615,0.6447751,0.6412068,0.61355686,0.0262615103274583,0.03001362,0.03121823,0.02644533
QLSTM,5,2,0.6106143,0.64274067,0.63865733,0.6108699,0.0262615103274583,0.032126367,0.031870782,0.028043032
QLSTM,5,2,0.60587925,0.64046776,0.63629943,0.60555136,0.0262615103274583,0.034588516,0.0349164,0.030420184
QLSTM,5,2,0.60241365,0.63727576,0.6326952,0.602808,0.0262615103274583,0.0348621,0.034467757,0.030281544
QLSTM,5,2,0.5997848,0.63299805,0.62802434,0.6004468,0.0262615103274583,0.033213258,0.03255123,0.028239548
QLSTM,5,2,0.595854,0.6309781,0.6254358,0.5952952,0.0262615103274583,0.035124123,0.035682917,0.029581845
QLSTM,5,2,0.5924603,0.6289944,0.6231032,0.5925896,0.0262615103274583,0.03653413,0.03640479,0.030642927
QLSTM,5,2,0.5894672,0.6299301,0.6240852,0.58983535,0.0262615103274583,0.04046285,0.040094733,0.03461796
QLSTM,5,2,0.58391094,0.6297616,0.6239492,0.58220047,0.0262615103274583,0.045850635,0.04756111,0.040038288
QLSTM,5,2,0.57938826,0.6254659,0.6194005,0.57939875,0.0262615103274583,0.04607767,0.04606718,0.04001224
QLSTM,5,2,0.58200186,0.6209861,0.6147615,0.58748746,0.0262615103274583,0.03898424,0.033498645,0.032759607
QLSTM,5,2,0.58798075,0.6174204,0.6106143,0.59283763,0.0262615103274583,0.029439628,0.024582744,0.022633553
LSTM,5,2,0.93134665,0.9808575,0.9827057,0.9337946,0.0262615103274583,0.049510837,0.047062874,0.051359057
LSTM,5,2,0.96307224,0.97598267,0.976738,0.98981327,0.0262615103274583,0.012910426,0.013830602,0.013665736
LSTM,5,2,0.97942007,0.97031075,0.9712403,0.97877496,0.0262615103274583,0.009109318,0.008464217,0.008179784
LSTM,5,2,0.98394865,0.9564716,0.96665436,0.9729075,0.0262615103274583,0.027477026,0.016435862,0.017294288
LSTM,5,2,0.97547203,0.9600227,0.96182895,0.96212304,0.0262615103274583,0.015449345,0.0021003485,0.013643086
LSTM,5,2,0.9718438,0.9554864,0.95612735,0.9729906,0.0262615103274583,0.016357362,0.017504156,0.015716434
LSTM,5,2,0.9573021,0.9475234,0.9504476,0.950704,0.0262615103274583,0.009778678,0.0031805634,0.0068544745
LSTM,5,2,0.94398457,0.9411297,0.9447089,0.93933713,0.0262615103274583,0.0028548837,0.0017925501,0.00072431564
LSTM,5,2,0.93407935,0.936117,0.9390951,0.9341531,0.0262615103274583,0.0020376444,0.0019639134,0.005015731
LSTM,5,2,0.92589295,0.92995226,0.93364197,0.9280122,0.0262615103274583,0.0040593147,0.0019400716,0.007749021
LSTM,5,2,0.9201677,0.9283088,0.93134665,0.9225999,0.0262615103274583,0.0081411,0.0057088733,0.01117897
LSTM,5,2,0.92255485,0.95561564,0.96307224,0.92861444,0.0262615103274583,0.03306079,0.027001202,0.04051739
LSTM,5,2,0.93265456,0.9786062,0.97942007,0.94111586,0.0262615103274583,0.045951664,0.037490368,0.046765506
LSTM,5,2,0.9274995,0.9804448,0.98394865,0.91962546,0.0262615103274583,0.052945316,0.060819328,0.056449175
LSTM,5,2,0.91696924,0.97203195,0.97547203,0.9092698,0.0262615103274583,0.05506271,0.06276214,0.058502793
LSTM,5,2,0.90772235,0.96680707,0.9718438,0.9067385,0.0262615103274583,0.059084713,0.060068548,0.064121425
LSTM,5,2,0.8981052,0.95171976,0.9573021,0.8985509,0.0262615103274583,0.053614557,0.053168833,0.05919689
LSTM,5,2,0.8900203,0.9374714,0.94398457,0.89050233,0.0262615103274583,0.04745108,0.046969056,0.053964257
LSTM,5,2,0.8845981,0.926923,0.93407935,0.8855065,0.0262615103274583,0.0423249,0.041416466,0.049481273
LSTM,5,2,0.87652063,0.9194979,0.92589295,0.8751457,0.0262615103274583,0.042977273,0.044352233,0.049372315
LSTM,5,2,0.86930573,0.91491956,0.9201677,0.86974627,0.0262615103274583,0.045613825,0.045173287,0.050861955
LSTM,5,2,0.87068725,0.9144401,0.92255485,0.87733835,0.0262615103274583,0.04375285,0.037101746,0.051867604
LSTM,5,2,0.8767287,0.910373,0.93265456,0.88296956,0.0262615103274583,0.03364426,0.027403414,0.055925846
LSTM,5,2,0.87252915,0.89419,0.9274995,0.86689436,0.0262615103274583,0.021660864,0.027295649,0.054970324
LSTM,5,2,0.8631894,0.8781942,0.91696924,0.8566629,0.0262615103274583,0.015004814,0.021531284,0.05377984
LSTM,5,2,0.8531946,0.86488724,0.90772235,0.8512039,0.0262615103274583,0.011692643,0.013683319,0.05452776
LSTM,5,2,0.88221025,0.85246223,0.8981052,0.91185975,0.0262615103274583,0.029748023,0.05939752,0.01589495
LSTM,5,2,0.90051365,0.84174705,0.8900203,0.9040642,0.0262615103274583,0.058766603,0.062317133,0.010493338
LSTM,5,2,0.90215105,0.835195,0.8845981,0.88788056,0.0262615103274583,0.06695604,0.05268556,0.017552972
LSTM,5,2,0.8888434,0.8255252,0.87652063,0.8723705,0.0262615103274583,0.06331819,0.046845257,0.0123227835
LSTM,5,2,0.8710276,0.81954455,0.86930573,0.8646035,0.0262615103274583,0.051483035,0.045058966,0.001721859
LSTM,5,2,0.85421973,0.82242405,0.87068725,0.85405433,0.0262615103274583,0.03179568,0.031630278,0.016467512
LSTM,5,2,0.84550387,0.82726204,0.8767287,0.84879774,0.0262615103274583,0.018241823,0.021535695,0.031224847
LSTM,5,2,0.8394441,0.82163703,0.87252915,0.84103173,0.0262615103274583,0.017807066,0.019394696,0.03308505
LSTM,5,2,0.83435744,0.8101492,0.8631894,0.8357384,0.0262615103274583,0.024208248,0.025589228,0.028831959
LSTM,5,2,0.8294004,0.7993941,0.8531946,0.83037955,0.0262615103274583,0.03000635,0.030985475,0.023794174
LSTM,5,2,0.8247748,0.8370375,0.88221025,0.8255605,0.0262615103274583,0.012262702,0.011476994,0.057435453
LSTM,5,2,0.8198581,0.854255,0.90051365,0.82006747,0.0262615103274583,0.034396946,0.034187555,0.080655575
LSTM,5,2,0.814683,0.8546061,0.90215105,0.8146,0.0262615103274583,0.03992307,0.0400061,0.08746803
LSTM,5,2,0.8065836,0.8436074,0.8888434,0.8044248,0.0262615103274583,0.037023842,0.039182603,0.082259834
LSTM,5,2,0.8008227,0.8226711,0.8710276,0.8017622,0.0262615103274583,0.02184844,0.020908892,0.07020491
LSTM,5,2,0.7972698,0.80676705,0.85421973,0.7994856,0.0262615103274583,0.009497225,0.0072814226,0.056949914
LSTM,5,2,0.7933367,0.7953782,0.84550387,0.79381365,0.0262615103274583,0.0020415187,0.0015645623,0.052167177
LSTM,5,2,0.7906517,0.78891975,0.8394441,0.79148597,0.0262615103274583,0.0017319322,0.0025662184,0.04879242
LSTM,5,2,0.785228,0.783501,0.83435744,0.7835688,0.0262615103274583,0.001726985,6.777048e-05,0.049129426
LSTM,5,2,0.78053665,0.7792132,0.8294004,0.7806723,0.0262615103274583,0.0013234615,0.0014591217,0.04886377
LSTM,5,2,0.77556604,0.7754613,0.8247748,0.7755856,0.0262615103274583,0.00010472536,0.00012427568,0.04920876
LSTM,5,2,0.7705098,0.77181184,0.8198581,0.7703371,0.0262615103274583,0.0013020635,0.0014747381,0.049348295
LSTM,5,2,0.76532817,0.76666605,0.814683,0.76507854,0.0262615103274583,0.0013378859,0.0015875101,0.04935485
LSTM,5,2,0.7614681,0.7624121,0.8065836,0.7623283,0.0262615103274583,0.00094395876,8.3744526e-05,0.04511547
LSTM,5,2,0.7571596,0.75619787,0.8008227,0.7572746,0.0262615103274583,0.00096172094,0.0010767579,0.043663085
LSTM,5,2,0.75393057,0.75403947,0.7972698,0.7546958,0.0262615103274583,0.000108897686,0.00065630674,0.043339252
LSTM,5,2,0.7512756,0.75093216,0.7933367,0.7519987,0.0262615103274583,0.00034344196,0.0010665655,0.04206109
LSTM,5,2,0.74736863,0.7488859,0.7906517,0.7467601,0.0262615103274583,0.0015172958,0.0021258593,0.043283045
LSTM,5,2,0.7437978,0.74158114,0.785228,0.74381614,0.0262615103274583,0.0022166371,0.0022349954,0.041430235
LSTM,5,2,0.74690235,0.73560524,0.78053665,0.752038,0.0262615103274583,0.011297107,0.016432762,0.033634305
LSTM,5,2,0.74554735,0.7321946,0.77556604,0.7443797,0.0262615103274583,0.013352752,0.012185097,0.030018687
LSTM,5,2,0.7418337,0.72541493,0.7705098,0.73913896,0.0262615103274583,0.016418755,0.013724029,0.028676093
LSTM,5,2,0.7392819,0.7169187,0.76532817,0.73923,0.0262615103274583,0.022363186,0.02231127,0.026046276
LSTM,5,2,0.73631316,0.71005,0.7614681,0.73660743,0.0262615103274583,0.026263177,0.026557446,0.025154948
LSTM,5,2,0.73353076,0.7055705,0.7571596,0.7337583,0.0262615103274583,0.02796024,0.028187752,0.02362883
LSTM,5,2,0.7282065,0.70145434,0.75393057,0.72581464,0.0262615103274583,0.026752174,0.0243603,0.025724053
LSTM,5,2,0.72518593,0.69809157,0.7512756,0.72596186,0.0262615103274583,0.027094364,0.027870297,0.026089668
LSTM,5,2,0.7225502,0.69513947,0.74736863,0.7235742,0.0262615103274583,0.027410746,0.028434753,0.02481842
LSTM,5,2,0.7217798,0.69049335,0.7437978,0.7234269,0.0262615103274583,0.031286478,0.032933533,0.022017956
LSTM,5,2,0.72068644,0.6900791,0.74690235,0.7208371,0.0262615103274583,0.030607343,0.030758023,0.02621591
LSTM,5,2,0.7501107,0.6880144,0.74554735,0.77319515,0.0262615103274583,0.062096298,0.08518076,0.0045633316
LSTM,5,2,0.7612592,0.6838383,0.7418337,0.75735277,0.0262615103274583,0.07742089,0.07351446,0.019425511
LSTM,5,2,0.7611814,0.68030745,0.7392819,0.7494893,0.0262615103274583,0.080873966,0.06918186,0.021899521
LSTM,5,2,0.7521893,0.6794713,0.73631316,0.7415555,0.0262615103274583,0.072717965,0.062084198,0.015876114
LSTM,5,2,0.7404233,0.68393093,0.73353076,0.7364832,0.0262615103274583,0.05649239,0.052552283,0.006892562
LSTM,5,2,0.73072666,0.67863005,0.7282065,0.7313802,0.0262615103274583,0.052096605,0.05275017,0.002520144
LSTM,5,2,0.724988,0.6704352,0.72518593,0.72591823,0.0262615103274583,0.054552794,0.055483043,0.00019794703
LSTM,5,2,0.7219528,0.66814834,0.7225502,0.72343355,0.0262615103274583,0.053804457,0.055285215,0.00059741735
LSTM,5,2,0.7194381,0.67091775,0.7217798,0.7206902,0.0262615103274583,0.048520327,0.04977244,0.0023417473
LSTM,5,2,0.71584094,0.66775644,0.72068644,0.7156054,0.0262615103274583,0.048084497,0.04784894,0.0048455
LSTM,5,2,0.71274304,0.6901433,0.7501107,0.71301234,0.0262615103274583,0.022599757,0.02286905,0.037367642
LSTM,5,2,0.7098413,0.70296407,0.7612592,0.7102438,0.0262615103274583,0.0068772435,0.0072797537,0.051417887
LSTM,5,2,0.70872307,0.70318127,0.7611814,0.71035033,0.0262615103274583,0.0055418015,0.007169068,0.052458346
LSTM,5,2,0.7119103,0.6991205,0.7521893,0.7157788,0.0262615103274583,0.012789786,0.016658306,0.04027897
LSTM,5,2,0.7099378,0.6905361,0.7404233,0.70750785,0.0262615103274583,0.01940173,0.016971767,0.03048551
LSTM,5,2,0.7068607,0.6851516,0.73072666,0.7048656,0.0262615103274583,0.021709144,0.019713998,0.023865938
LSTM,5,2,0.7032559,0.67589927,0.724988,0.7024587,0.0262615103274583,0.027356625,0.026559412,0.021732092
LSTM,5,2,0.6984351,0.671781,0.7219528,0.6975821,0.0262615103274583,0.026654124,0.025801122,0.023517668
LSTM,5,2,0.69599587,0.66883254,0.7194381,0.6972672,0.0262615103274583,0.027163327,0.028434634,0.023442209
LSTM,5,2,0.6940967,0.6636882,0.71584094,0.6946586,0.0262615103274583,0.030408502,0.030970395,0.021744251
LSTM,5,2,0.69193715,0.66645205,0.71274304,0.69191897,0.0262615103274583,0.025485098,0.025466919,0.020805895
LSTM,5,2,0.6894953,0.66068876,0.7098413,0.689303,0.0262615103274583,0.028806567,0.028614223,0.020345986
LSTM,5,2,0.68696916,0.6600369,0.70872307,0.68688,0.0262615103274583,0.02693224,0.026843071,0.021753907
LSTM,5,2,0.6842152,0.6636279,0.7119103,0.684129,0.0262615103274583,0.020587265,0.020501077,0.02769512
LSTM,5,2,0.6816145,0.6628049,0.7099378,0.6816512,0.0262615103274583,0.018809617,0.018846273,0.028323293
LSTM,5,2,0.6790481,0.6628262,0.7068607,0.6790483,0.0262615103274583,0.01622194,0.01622212,0.0278126
LSTM,5,2,0.6765644,0.65747327,0.7032559,0.67663455,0.0262615103274583,0.01909113,0.019161284,0.026691496
LSTM,5,2,0.68431157,0.65564394,0.6984351,0.69208026,0.0262615103274583,0.028667629,0.03643632,0.014123559
LSTM,5,2,0.69620407,0.654551,0.69599587,0.7025734,0.0262615103274583,0.041653037,0.04802239,0.00020819902
LSTM,5,2,0.69623005,0.655151,0.6940967,0.6893595,0.0262615103274583,0.041079044,0.034208477,0.0021333694
LSTM,5,2,0.6911054,0.65646267,0.69193715,0.6841329,0.0262615103274583,0.034642756,0.027670205,0.0008317232
LSTM,5,2,0.6827044,0.65149856,0.6894953,0.6786576,0.0262615103274583,0.031205833,0.027159035,0.006790936
LSTM,5,2,0.67578703,0.6516671,0.68696916,0.6762467,0.0262615103274583,0.024119914,0.024579585,0.011182129
LSTM,5,2,0.6719287,0.647944,0.6842152,0.673705,0.0262615103274583,0.02398473,0.025761008,0.012286484
LSTM,5,2,0.66857076,0.65,0.6816145,0.66850376,0.0262615103274583,0.01857078,0.018503785,0.013043761
LSTM,5,2,0.6655201,0.6485904,0.6790481,0.66561764,0.0262615103274583,0.016929686,0.017027259,0.013528049
LSTM,5,2,0.6625517,0.64268196,0.6765644,0.6629652,0.0262615103274583,0.019869745,0.020283222,0.014012694
LSTM,5,2,0.6600963,0.65216213,0.68431157,0.6607894,0.0262615103274583,0.007934153,0.008627236,0.024215281
LSTM,5,2,0.6592119,0.66275316,0.69620407,0.6606125,0.0262615103274583,0.0035412908,0.0021406412,0.036992192
LSTM,5,2,0.65776217,0.6605283,0.69623005,0.6578243,0.0262615103274583,0.0027661324,0.0027040243,0.038467884
LSTM,5,2,0.65865237,0.6579541,0.6911054,0.6604513,0.0262615103274583,0.0006982684,0.0024971962,0.03245306
LSTM,5,2,0.6564999,0.65033615,0.6827044,0.65505934,0.0262615103274583,0.006163776,0.0047231913,0.026204467
LSTM,5,2,0.6537166,0.64456296,0.67578703,0.6526081,0.0262615103274583,0.009153664,0.008045137,0.022070408
LSTM,5,2,0.6506799,0.6450371,0.6719287,0.6502031,0.0262615103274583,0.0056427717,0.005165994,0.021248817
LSTM,5,2,0.64909303,0.6414066,0.66857076,0.6501179,0.0262615103274583,0.007686436,0.008711278,0.019477725
LSTM,5,2,0.64572656,0.6406619,0.6655201,0.64475334,0.0262615103274583,0.0050646663,0.0040914416,0.01979351
LSTM,5,2,0.6412068,0.63780564,0.6625517,0.6396265,0.0262615103274583,0.0034011602,0.0018208623,0.0213449
LSTM,5,2,0.63865733,0.6350473,0.6600963,0.6396039,0.0262615103274583,0.003610015,0.0045565963,0.021438956
LSTM,5,2,0.63629943,0.633341,0.6592119,0.6370637,0.0262615103274583,0.002958417,0.0037226677,0.022912443
LSTM,5,2,0.6326952,0.6326201,0.65776217,0.63188195,0.0262615103274583,7.510185e-05,0.0007381439,0.025066972
LSTM,5,2,0.62802434,0.63287395,0.65865237,0.62662995,0.0262615103274583,0.0048496127,0.006244004,0.030628026
LSTM,5,2,0.6254358,0.63207245,0.6564999,0.62661564,0.0262615103274583,0.0066366196,0.005456805,0.031064093
LSTM,5,2,0.6231032,0.6296875,0.6537166,0.62404376,0.0262615103274583,0.0065842867,0.0056437254,0.030613422
LSTM,5,2,0.6240852,0.6278064,0.6506799,0.6267177,0.0262615103274583,0.0037212372,0.0010887384,0.026594698
LSTM,5,2,0.6239492,0.62756217,0.64909303,0.6239881,0.0262615103274583,0.0036129355,0.0035740733,0.025143802
LSTM,5,2,0.6194005,0.6255944,0.64572656,0.61606014,0.0262615103274583,0.0061938763,0.00953424,0.02632606
LSTM,5,2,0.6147615,0.6215063,0.6412068,0.61355686,0.0262615103274583,0.006744802,0.007949412,0.02644533
LSTM,5,2,0.6106143,0.61794114,0.63865733,0.6108699,0.0262615103274583,0.0073268414,0.0070712566,0.028043032
LSTM,5,2,0.60587925,0.61827403,0.63629943,0.60555136,0.0262615103274583,0.012394786,0.012722671,0.030420184
LSTM,5,2,0.60241365,0.61445254,0.6326952,0.602808,0.0262615103274583,0.012038887,0.011644542,0.030281544
LSTM,5,2,0.5997848,0.60948336,0.62802434,0.6004468,0.0262615103274583,0.00969857,0.009036541,0.028239548
LSTM,5,2,0.595854,0.6064059,0.6254358,0.5952952,0.0262615103274583,0.0105519295,0.011110723,0.029581845
LSTM,5,2,0.5924603,0.6056259,0.6231032,0.5925896,0.0262615103274583,0.013165653,0.013036311,0.030642927
LSTM,5,2,0.5894672,0.6074527,0.6240852,0.58983535,0.0262615103274583,0.017985463,0.017617345,0.03461796
LSTM,5,2,0.58391094,0.610375,0.6239492,0.58220047,0.0262615103274583,0.026464045,0.02817452,0.040038288
LSTM,5,2,0.57938826,0.60623693,0.6194005,0.57939875,0.0262615103274583,0.026848674,0.026838183,0.04001224
LSTM,5,2,0.58200186,0.6037388,0.6147615,0.58748746,0.0262615103274583,0.02173692,0.016251326,0.032759607
LSTM,5,2,0.58798075,0.5992615,0.6106143,0.59283763,0.0262615103274583,0.011280775,0.0064238906,0.022633553
GRU,5,2,0.93134665,0.97526777,0.9827057,0.9337946,0.0262615103274583,0.043921113,0.04147315,0.051359057
GRU,5,2,0.96307224,0.9718361,0.976738,0.98981327,0.0262615103274583,0.00876385,0.017977178,0.013665736
GRU,5,2,0.97942007,0.96647537,0.9712403,0.97877496,0.0262615103274583,0.012944698,0.012299597,0.008179784
GRU,5,2,0.98394865,0.9571366,0.96665436,0.9729075,0.0262615103274583,0.026812077,0.015770912,0.017294288
GRU,5,2,0.97547203,0.951607,0.96182895,0.96212304,0.0262615103274583,0.023865044,0.0105160475,0.013643086
GRU,5,2,0.9718438,0.9490404,0.95612735,0.9729906,0.0262615103274583,0.022803366,0.02395016,0.015716434
GRU,5,2,0.9573021,0.9428054,0.9504476,0.950704,0.0262615103274583,0.014496684,0.007898569,0.0068544745
GRU,5,2,0.94398457,0.93642986,0.9447089,0.93933713,0.0262615103274583,0.00755471,0.0029072762,0.00072431564
GRU,5,2,0.93407935,0.9309351,0.9390951,0.9341531,0.0262615103274583,0.0031442642,0.0032179952,0.005015731
GRU,5,2,0.92589295,0.9250997,0.93364197,0.9280122,0.0262615103274583,0.0007932782,0.0029125214,0.007749021
GRU,5,2,0.9201677,0.9225845,0.93134665,0.9225999,0.0262615103274583,0.0024167895,1.5437603e-05,0.01117897
GRU,5,2,0.92255485,0.9611453,0.96307224,0.92861444,0.0262615103274583,0.03859043,0.032530844,0.04051739
GRU,5,2,0.93265456,0.981743,0.97942007,0.94111586,0.0262615103274583,0.04908842,0.040627122,0.046765506
GRU,5,2,0.9274995,0.9864253,0.98394865,0.91962546,0.0262615103274583,0.058925807,0.06679982,0.056449175
GRU,5,2,0.91696924,0.9788128,0.97547203,0.9092698,0.0262615103274583,0.061843574,0.069543004,0.058502793
GRU,5,2,0.90772235,0.9749697,0.9718438,0.9067385,0.0262615103274583,0.06724733,0.068231165,0.064121425
GRU,5,2,0.8981052,0.9594463,0.9573021,0.8985509,0.0262615103274583,0.061341107,0.060895383,0.05919689
GRU,5,2,0.8900203,0.94562256,0.94398457,0.89050233,0.0262615103274583,0.055602252,0.05512023,0.053964257
GRU,5,2,0.8845981,0.9344046,0.93407935,0.8855065,0.0262615103274583,0.049806535,0.0488981,0.049481273
GRU,5,2,0.87652063,0.925295,0.92589295,0.8751457,0.0262615103274583,0.04877436,0.05014932,0.049372315
GRU,5,2,0.86930573,0.9207875,0.9201677,0.86974627,0.0262615103274583,0.051481783,0.051041245,0.050861955
GRU,5,2,0.87068725,0.9226893,0.92255485,0.87733835,0.0262615103274583,0.052002072,0.04535097,0.051867604
GRU,5,2,0.8767287,0.92401236,0.93265456,0.88296956,0.0262615103274583,0.04728365,0.041042805,0.055925846
GRU,5,2,0.87252915,0.918378,0.9274995,0.86689436,0.0262615103274583,0.045848846,0.05148363,0.054970324
GRU,5,2,0.8631894,0.90783703,0.91696924,0.8566629,0.0262615103274583,0.044647634,0.051174104,0.05377984
GRU,5,2,0.8531946,0.89745003,0.90772235,0.8512039,0.0262615103274583,0.044255435,0.04624611,0.05452776
GRU,5,2,0.88221025,0.8864953,0.8981052,0.91185975,0.0262615103274583,0.0042850375,0.025364459,0.01589495
GRU,5,2,0.90051365,0.87867934,0.8900203,0.9040642,0.0262615103274583,0.021834314,0.025384843,0.010493338
GRU,5,2,0.90215105,0.8742421,0.8845981,0.88788056,0.0262615103274583,0.027908921,0.013638437,0.017552972
GRU,5,2,0.8888434,0.86519635,0.87652063,0.8723705,0.0262615103274583,0.02364707,0.0071741343,0.0123227835
GRU,5,2,0.8710276,0.85574716,0.86930573,0.8646035,0.0262615103274583,0.015280426,0.008856356,0.001721859
GRU,5,2,0.85421973,0.8559407,0.87068725,0.85405433,0.0262615103274583,0.0017209649,0.0018863678,0.016467512
GRU,5,2,0.84550387,0.8624941,0.8767287,0.84879774,0.0262615103274583,0.016990244,0.0136963725,0.031224847
GRU,5,2,0.8394441,0.8606158,0.87252915,0.84103173,0.0262615103274583,0.021171689,0.01958406,0.03308505
GRU,5,2,0.83435744,0.85346806,0.8631894,0.8357384,0.0262615103274583,0.01911062,0.01772964,0.028831959
GRU,5,2,0.8294004,0.84485674,0.8531946,0.83037955,0.0262615103274583,0.015456319,0.014477193,0.023794174
GRU,5,2,0.8247748,0.8662009,0.88221025,0.8255605,0.0262615103274583,0.041426122,0.040640414,0.057435453
GRU,5,2,0.8198581,0.8783896,0.90051365,0.82006747,0.0262615103274583,0.058531523,0.05832213,0.080655575
GRU,5,2,0.814683,0.8814397,0.90215105,0.8146,0.0262615103274583,0.066756666,0.066839695,0.08746803
GRU,5,2,0.8065836,0.86913574,0.8888434,0.8044248,0.0262615103274583,0.062552154,0.064710915,0.082259834
GRU,5,2,0.8008227,0.85456586,0.8710276,0.8017622,0.0262615103274583,0.053743184,0.052803636,0.07020491
GRU,5,2,0.7972698,0.83905745,0.85421973,0.7994856,0.0262615103274583,0.041787624,0.03957182,0.056949914
GRU,5,2,0.7933367,0.83145547,0.84550387,0.79381365,0.0262615103274583,0.03811878,0.037641823,0.052167177
GRU,5,2,0.7906517,0.8258754,0.8394441,0.79148597,0.0262615103274583,0.035223722,0.034389436,0.04879242
GRU,5,2,0.785228,0.82130456,0.83435744,0.7835688,0.0262615103274583,0.036076546,0.03773576,0.049129426
GRU,5,2,0.78053665,0.81707895,0.8294004,0.7806723,0.0262615103274583,0.036542296,0.036406636,0.04886377
GRU,5,2,0.77556604,0.8123082,0.8247748,0.7755856,0.0262615103274583,0.03674215,0.0367226,0.04920876
GRU,5,2,0.7705098,0.80605733,0.8198581,0.7703371,0.0262615103274583,0.035547554,0.03572023,0.049348295
GRU,5,2,0.76532817,0.8006489,0.814683,0.76507854,0.0262615103274583,0.03532076,0.035570383,0.04935485
GRU,5,2,0.7614681,0.79198086,0.8065836,0.7623283,0.0262615103274583,0.03051275,0.029652536,0.04511547
GRU,5,2,0.7571596,0.7867365,0.8008227,0.7572746,0.0262615103274583,0.029576898,0.02946186,0.043663085
GRU,5,2,0.75393057,0.7831321,0.7972698,0.7546958,0.0262615103274583,0.029201508,0.028436303,0.043339252
GRU,5,2,0.7512756,0.7788511,0.7933367,0.7519987,0.0262615103274583,0.027575493,0.02685237,0.04206109
GRU,5,2,0.74736863,0.77622604,0.7906517,0.7467601,0.0262615103274583,0.02885741,0.029465973,0.043283045
GRU,5,2,0.7437978,0.7716786,0.785228,0.74381614,0.0262615103274583,0.027880847,0.02786249,0.041430235
GRU,5,2,0.74690235,0.768397,0.78053665,0.752038,0.0262615103274583,0.021494627,0.016358972,0.033634305
GRU,5,2,0.74554735,0.7637756,0.77556604,0.7443797,0.0262615103274583,0.018228233,0.019395888,0.030018687
GRU,5,2,0.7418337,0.7591487,0.7705098,0.73913896,0.0262615103274583,0.01731503,0.020009756,0.028676093
GRU,5,2,0.7392819,0.75500596,0.76532817,0.73923,0.0262615103274583,0.015724063,0.015775979,0.026046276
GRU,5,2,0.73631316,0.75038856,0.7614681,0.73660743,0.0262615103274583,0.014075398,0.01378113,0.025154948
GRU,5,2,0.73353076,0.74678075,0.7571596,0.7337583,0.0262615103274583,0.013249993,0.013022482,0.02362883
GRU,5,2,0.7282065,0.74364436,0.75393057,0.72581464,0.0262615103274583,0.015437841,0.017829716,0.025724053
GRU,5,2,0.72518593,0.74136084,0.7512756,0.72596186,0.0262615103274583,0.016174912,0.015398979,0.026089668
GRU,5,2,0.7225502,0.73898506,0.74736863,0.7235742,0.0262615103274583,0.016434848,0.0154108405,0.02481842
GRU,5,2,0.7217798,0.73476124,0.7437978,0.7234269,0.0262615103274583,0.012981415,0.01133436,0.022017956
GRU,5,2,0.72068644,0.73456585,0.74690235,0.7208371,0.0262615103274583,0.013879418,0.013728738,0.02621591
GRU,5,2,0.7501107,0.7339409,0.74554735,0.77319515,0.0262615103274583,0.016169786,0.03925425,0.0045633316
GRU,5,2,0.7612592,0.73043287,0.7418337,0.75735277,0.0262615103274583,0.03082633,0.026919901,0.019425511
GRU,5,2,0.7611814,0.72677505,0.7392819,0.7494893,0.0262615103274583,0.034406364,0.022714257,0.021899521
GRU,5,2,0.7521893,0.72423714,0.73631316,0.7415555,0.0262615103274583,0.027952135,0.017318368,0.015876114
GRU,5,2,0.7404233,0.7262772,0.73353076,0.7364832,0.0262615103274583,0.014146149,0.010206044,0.006892562
GRU,5,2,0.73072666,0.72099954,0.7282065,0.7313802,0.0262615103274583,0.00972712,0.010380685,0.002520144
GRU,5,2,0.724988,0.71519387,0.72518593,0.72591823,0.0262615103274583,0.009794116,0.010724366,0.00019794703
GRU,5,2,0.7219528,0.7127633,0.7225502,0.72343355,0.0262615103274583,0.0091894865,0.010670245,0.00059741735
GRU,5,2,0.7194381,0.71313524,0.7217798,0.7206902,0.0262615103274583,0.0063028336,0.0075549483,0.0023417473
GRU,5,2,0.71584094,0.70994186,0.72068644,0.7156054,0.0262615103274583,0.0058990717,0.005663514,0.0048455
GRU,5,2,0.71274304,0.73578644,0.7501107,0.71301234,0.0262615103274583,0.023043394,0.0227741,0.037367642
GRU,5,2,0.7098413,0.74743664,0.7612592,0.7102438,0.0262615103274583,0.03759533,0.03719282,0.051417887
GRU,5,2,0.70872307,0.7472819,0.7611814,0.71035033,0.0262615103274583,0.03855884,0.036931574,0.052458346
GRU,5,2,0.7119103,0.7401443,0.7521893,0.7157788,0.0262615103274583,0.028234005,0.024365485,0.04027897
GRU,5,2,0.7099378,0.7310337,0.7404233,0.70750785,0.0262615103274583,0.021095872,0.023525834,0.03048551
GRU,5,2,0.7068607,0.722788,0.73072666,0.7048656,0.0262615103274583,0.015927255,0.017922401,0.023865938
GRU,5,2,0.7032559,0.7181233,0.724988,0.7024587,0.0262615103274583,0.014867425,0.015664637,0.021732092
GRU,5,2,0.6984351,0.714162,0.7219528,0.6975821,0.0262615103274583,0.015726864,0.016579866,0.023517668
GRU,5,2,0.69599587,0.71115786,0.7194381,0.6972672,0.0262615103274583,0.015161991,0.013890684,0.023442209
GRU,5,2,0.6940967,0.7063358,0.71584094,0.6946586,0.0262615103274583,0.012239099,0.011677206,0.021744251
GRU,5,2,0.69193715,0.70687926,0.71274304,0.69191897,0.0262615103274583,0.01494211,0.014960289,0.020805895
GRU,5,2,0.6894953,0.70237184,0.7098413,0.689303,0.0262615103274583,0.012876511,0.013068855,0.020345986
GRU,5,2,0.68696916,0.7008781,0.70872307,0.68688,0.0262615103274583,0.013908923,0.013998091,0.021753907
GRU,5,2,0.6842152,0.7024926,0.7119103,0.684129,0.0262615103274583,0.018277407,0.018363595,0.02769512
GRU,5,2,0.6816145,0.70142376,0.7099378,0.6816512,0.0262615103274583,0.019809246,0.01977259,0.028323293
GRU,5,2,0.6790481,0.7006076,0.7068607,0.6790483,0.0262615103274583,0.021559477,0.021559298,0.0278126
GRU,5,2,0.6765644,0.696557,0.7032559,0.67663455,0.0262615103274583,0.01999259,0.019922435,0.026691496
GRU,5,2,0.68431157,0.69282174,0.6984351,0.69208026,0.0262615103274583,0.008510172,0.0007414818,0.014123559
GRU,5,2,0.69620407,0.69025815,0.69599587,0.7025734,0.0262615103274583,0.005945921,0.012315273,0.00020819902
GRU,5,2,0.69623005,0.68955934,0.6940967,0.6893595,0.0262615103274583,0.0066707134,0.00019985437,0.0021333694
GRU,5,2,0.6911054,0.68786836,0.69193715,0.6841329,0.0262615103274583,0.0032370687,0.0037354827,0.0008317232
GRU,5,2,0.6827044,0.68543446,0.6894953,0.6786576,0.0262615103274583,0.0027300715,0.0067768693,0.006790936
GRU,5,2,0.67578703,0.682918,0.68696916,0.6762467,0.0262615103274583,0.0071309805,0.0066713095,0.011182129
GRU,5,2,0.6719287,0.6803564,0.6842152,0.673705,0.0262615103274583,0.00842768,0.0066514015,0.012286484
GRU,5,2,0.66857076,0.6789643,0.6816145,0.66850376,0.0262615103274583,0.01039356,0.010460556,0.013043761
GRU,5,2,0.6655201,0.67651904,0.6790481,0.66561764,0.0262615103274583,0.010998964,0.0109013915,0.013528049
GRU,5,2,0.6625517,0.6734966,0.6765644,0.6629652,0.0262615103274583,0.010944903,0.0105314255,0.014012694
GRU,5,2,0.6600963,0.68023837,0.68431157,0.6607894,0.0262615103274583,0.020142078,0.019448996,0.024215281
GRU,5,2,0.6592119,0.68907005,0.69620407,0.6606125,0.0262615103274583,0.029858172,0.028457522,0.036992192
GRU,5,2,0.65776217,0.6882223,0.69623005,0.6578243,0.0262615103274583,0.03046012,0.030398011,0.038467884
GRU,5,2,0.65865237,0.6847551,0.6911054,0.6604513,0.0262615103274583,0.026102722,0.024303794,0.03245306
GRU,5,2,0.6564999,0.67862856,0.6827044,0.65505934,0.0262615103274583,0.022128642,0.023569226,0.026204467
GRU,5,2,0.6537166,0.6733415,0.67578703,0.6526081,0.0262615103274583,0.019624889,0.020733416,0.022070408
GRU,5,2,0.6506799,0.6699524,0.6719287,0.6502031,0.0262615103274583,0.019272506,0.019749284,0.021248817
GRU,5,2,0.64909303,0.66705835,0.66857076,0.6501179,0.0262615103274583,0.017965317,0.016940475,0.019477725
GRU,5,2,0.64572656,0.6641756,0.6655201,0.64475334,0.0262615103274583,0.018449068,0.019422293,0.01979351
GRU,5,2,0.6412068,0.6616817,0.6625517,0.6396265,0.0262615103274583,0.02047491,0.022055209,0.0213449
GRU,5,2,0.63865733,0.6594727,0.6600963,0.6396039,0.0262615103274583,0.020815372,0.019868791,0.021438956
GRU,5,2,0.63629943,0.6588541,0.6592119,0.6370637,0.0262615103274583,0.022554696,0.021790445,0.022912443
GRU,5,2,0.6326952,0.6576766,0.65776217,0.63188195,0.0262615103274583,0.02498138,0.025794625,0.025066972
GRU,5,2,0.62802434,0.6584566,0.65865237,0.62662995,0.0262615103274583,0.030432284,0.031826675,0.030628026
GRU,5,2,0.6254358,0.65609956,0.6564999,0.62661564,0.0262615103274583,0.030663729,0.029483914,0.031064093
GRU,5,2,0.6231032,0.6541364,0.6537166,0.62404376,0.0262615103274583,0.031033218,0.030092657,0.030613422
GRU,5,2,0.6240852,0.65139556,0.6506799,0.6267177,0.0262615103274583,0.027310371,0.024677873,0.026594698
GRU,5,2,0.6239492,0.6495809,0.64909303,0.6239881,0.0262615103274583,0.025631666,0.025592804,0.025143802
GRU,5,2,0.6194005,0.6467846,0.64572656,0.61606014,0.0262615103274583,0.027384102,0.030724466,0.02632606
GRU,5,2,0.6147615,0.6434802,0.6412068,0.61355686,0.0262615103274583,0.02871871,0.02992332,0.02644533
GRU,5,2,0.6106143,0.6420784,0.63865733,0.6108699,0.0262615103274583,0.0314641,0.031208515,0.028043032
GRU,5,2,0.60587925,0.63958764,0.63629943,0.60555136,0.0262615103274583,0.033708394,0.03403628,0.030420184
GRU,5,2,0.60241365,0.6367961,0.6326952,0.602808,0.0262615103274583,0.034382463,0.03398812,0.030281544
GRU,5,2,0.5997848,0.63352275,0.62802434,0.6004468,0.0262615103274583,0.033737957,0.03307593,0.028239548
GRU,5,2,0.595854,0.63146305,0.6254358,0.5952952,0.0262615103274583,0.035609066,0.03616786,0.029581845
GRU,5,2,0.5924603,0.62918353,0.6231032,0.5925896,0.0262615103274583,0.036723256,0.036593914,0.030642927
GRU,5,2,0.5894672,0.629943,0.6240852,0.58983535,0.0262615103274583,0.040475786,0.040107667,0.03461796
GRU,5,2,0.58391094,0.6285162,0.6239492,0.58220047,0.0262615103274583,0.044605255,0.04631573,0.040038288
GRU,5,2,0.57938826,0.62435806,0.6194005,0.57939875,0.0262615103274583,0.044969797,0.044959307,0.04001224
GRU,5,2,0.58200186,0.6204132,0.6147615,0.58748746,0.0262615103274583,0.03841132,0.032925725,0.032759607
GRU,5,2,0.58798075,0.6170646,0.6106143,0.59283763,0.0262615103274583,0.029083848,0.024226964,0.022633553
MLP,5,2,0.93134665,0.9657671,0.9827057,0.9337946,0.0262615103274583,0.03442043,0.031972468,0.051359057
MLP,5,2,0.96307224,0.9736551,0.976738,0.98981327,0.0262615103274583,0.010582864,0.016158164,0.013665736
MLP,5,2,0.97942007,0.96808016,0.9712403,0.97877496,0.0262615103274583,0.011339903,0.010694802,0.008179784
MLP,5,2,0.98394865,0.9624776,0.96665436,0.9729075,0.0262615103274583,0.021471024,0.010429859,0.017294288
MLP,5,2,0.97547203,0.956499,0.96182895,0.96212304,0.0262615103274583,0.018973053,0.005624056,0.013643086
MLP,5,2,0.9718438,0.9442589,0.95612735,0.9729906,0.0262615103274583,0.02758485,0.028731644,0.015716434
MLP,5,2,0.9573021,0.94347405,0.9504476,0.950704,0.0262615103274583,0.013828039,0.007229924,0.0068544745
MLP,5,2,0.94398457,0.93504614,0.9447089,0.93933713,0.0262615103274583,0.008938432,0.004290998,0.00072431564
MLP,5,2,0.93407935,0.93236494,0.9390951,0.9341531,0.0262615103274583,0.0017144084,0.0017881393,0.005015731
MLP,5,2,0.92589295,0.92905116,0.93364197,0.9280122,0.0262615103274583,0.0031582117,0.0010389686,0.007749021
MLP,5,2,0.9201677,0.92816794,0.93134665,0.9225999,0.0262615103274583,0.008000255,0.0055680275,0.01117897
MLP,5,2,0.92255485,0.95914394,0.96307224,0.92861444,0.0262615103274583,0.036589086,0.030529499,0.04051739
MLP,5,2,0.93265456,0.9715321,0.97942007,0.94111586,0.0262615103274583,0.038877547,0.03041625,0.046765506
MLP,5,2,0.9274995,0.9785321,0.98394865,0.91962546,0.0262615103274583,0.051032603,0.058906615,0.056449175
MLP,5,2,0.91696924,0.98261464,0.97547203,0.9092698,0.0262615103274583,0.0656454,0.07334483,0.058502793
MLP,5,2,0.90772235,0.9720973,0.9718438,0.9067385,0.0262615103274583,0.06437492,0.06535876,0.064121425
MLP,5,2,0.8981052,0.95012003,0.9573021,0.8985509,0.0262615103274583,0.052014828,0.051569104,0.05919689
MLP,5,2,0.8900203,0.9384846,0.94398457,0.89050233,0.0262615103274583,0.0484643,0.047982275,0.053964257
MLP,5,2,0.8845981,0.92661726,0.93407935,0.8855065,0.0262615103274583,0.04201919,0.041110754,0.049481273
MLP,5,2,0.87652063,0.91760933,0.92589295,0.8751457,0.0262615103274583,0.0410887,0.04246366,0.049372315
MLP,5,2,0.86930573,0.9079637,0.9201677,0.86974627,0.0262615103274583,0.038657963,0.038217425,0.050861955
MLP,5,2,0.87068725,0.912893,0.92255485,0.87733835,0.0262615103274583,0.04220575,0.035554647,0.051867604
MLP,5,2,0.8767287,0.91397715,0.93265456,0.88296956,0.0262615103274583,0.037248433,0.031007588,0.055925846
MLP,5,2,0.87252915,0.8981318,0.9274995,0.86689436,0.0262615103274583,0.025602639,0.031237423,0.054970324
MLP,5,2,0.8631894,0.89569676,0.91696924,0.8566629,0.0262615103274583,0.03250736,0.03903383,0.05377984
MLP,5,2,0.8531946,0.87918264,0.90772235,0.8512039,0.0262615103274583,0.025988042,0.027978718,0.05452776
MLP,5,2,0.88221025,0.855609,0.8981052,0.91185975,0.0262615103274583,0.026601255,0.05625075,0.01589495
MLP,5,2,0.90051365,0.8517488,0.8900203,0.9040642,0.0262615103274583,0.048764825,0.052315354,0.010493338
MLP,5,2,0.90215105,0.8482716,0.8845981,0.88788056,0.0262615103274583,0.05387944,0.039608955,0.017552972
MLP,5,2,0.8888434,0.8425357,0.87652063,0.8723705,0.0262615103274583,0.046307743,0.029834807,0.0123227835
MLP,5,2,0.8710276,0.8366279,0.86930573,0.8646035,0.0262615103274583,0.03439969,0.027975619,0.001721859
MLP,5,2,0.85421973,0.8385087,0.87068725,0.85405433,0.0262615103274583,0.01571101,0.015545607,0.016467512
MLP,5,2,0.84550387,0.8430452,0.8767287,0.84879774,0.0262615103274583,0.0024586916,0.0057525635,0.031224847
MLP,5,2,0.8394441,0.83718646,0.87252915,0.84103173,0.0262615103274583,0.0022576451,0.0038452744,0.03308505
MLP,5,2,0.83435744,0.8283574,0.8631894,0.8357384,0.0262615103274583,0.006000042,0.007381022,0.028831959
MLP,5,2,0.8294004,0.821435,0.8531946,0.83037955,0.0262615103274583,0.0079654455,0.008944571,0.023794174
MLP,5,2,0.8247748,0.8527253,0.88221025,0.8255605,0.0262615103274583,0.027950525,0.027164817,0.057435453
MLP,5,2,0.8198581,0.8731031,0.90051365,0.82006747,0.0262615103274583,0.053245008,0.053035617,0.080655575
MLP,5,2,0.814683,0.8715416,0.90215105,0.8146,0.0262615103274583,0.0568586,0.05694163,0.08746803
MLP,5,2,0.8065836,0.86179787,0.8888434,0.8044248,0.0262615103274583,0.055214286,0.057373047,0.082259834
MLP,5,2,0.8008227,0.85085505,0.8710276,0.8017622,0.0262615103274583,0.050032377,0.04909283,0.07020491
MLP,5,2,0.7972698,0.82194924,0.85421973,0.7994856,0.0262615103274583,0.024679422,0.02246362,0.056949914
MLP,5,2,0.7933367,0.8118225,0.84550387,0.79381365,0.0262615103274583,0.018485785,0.018008828,0.052167177
MLP,5,2,0.7906517,0.8075203,0.8394441,0.79148597,0.0262615103274583,0.016868591,0.016034305,0.04879242
MLP,5,2,0.785228,0.80108434,0.83435744,0.7835688,0.0262615103274583,0.015856326,0.01751554,0.049129426
MLP,5,2,0.78053665,0.8001466,0.8294004,0.7806723,0.0262615103274583,0.019609928,0.019474268,0.04886377
MLP,5,2,0.77556604,0.79688865,0.8247748,0.7755856,0.0262615103274583,0.021322608,0.021303058,0.04920876
MLP,5,2,0.7705098,0.79358095,0.8198581,0.7703371,0.0262615103274583,0.02307117,0.023243845,0.049348295
MLP,5,2,0.76532817,0.7869794,0.814683,0.76507854,0.0262615103274583,0.021651208,0.021900833,0.04935485
MLP,5,2,0.7614681,0.77788186,0.8065836,0.7623283,0.0262615103274583,0.016413748,0.015553534,0.04511547
MLP,5,2,0.7571596,0.77308947,0.8008227,0.7572746,0.0262615103274583,0.015929878,0.01581484,0.043663085
MLP,5,2,0.75393057,0.7705159,0.7972698,0.7546958,0.0262615103274583,0.01658535,0.015820146,0.043339252
MLP,5,2,0.7512756,0.7654862,0.7933367,0.7519987,0.0262615103274583,0.014210582,0.013487458,0.04206109
MLP,5,2,0.74736863,0.7644409,0.7906517,0.7467601,0.0262615103274583,0.01707226,0.017680824,0.043283045
MLP,5,2,0.7437978,0.7579255,0.785228,0.74381614,0.0262615103274583,0.014127731,0.014109373,0.041430235
MLP,5,2,0.74690235,0.75345016,0.78053665,0.752038,0.0262615103274583,0.0065478086,0.0014121532,0.033634305
MLP,5,2,0.74554735,0.7504716,0.77556604,0.7443797,0.0262615103274583,0.0049242377,0.0060918927,0.030018687
MLP,5,2,0.7418337,0.74757296,0.7705098,0.73913896,0.0262615103274583,0.0057392716,0.008433998,0.028676093
MLP,5,2,0.7392819,0.74336827,0.76532817,0.73923,0.0262615103274583,0.0040863752,0.004138291,0.026046276
MLP,5,2,0.73631316,0.7410025,0.7614681,0.73660743,0.0262615103274583,0.004689336,0.0043950677,0.025154948
MLP,5,2,0.73353076,0.74034333,0.7571596,0.7337583,0.0262615103274583,0.0068125725,0.0065850616,0.02362883
MLP,5,2,0.7282065,0.7379602,0.75393057,0.72581464,0.0262615103274583,0.009753704,0.012145579,0.025724053
MLP,5,2,0.72518593,0.7356701,0.7512756,0.72596186,0.0262615103274583,0.010484159,0.009708226,0.026089668
MLP,5,2,0.7225502,0.7323962,0.74736863,0.7235742,0.0262615103274583,0.009845972,0.008821964,0.02481842
MLP,5,2,0.7217798,0.7305459,0.7437978,0.7234269,0.0262615103274583,0.008766055,0.007119,0.022017956
MLP,5,2,0.72068644,0.73275995,0.74690235,0.7208371,0.0262615103274583,0.012073517,0.011922836,0.02621591
MLP,5,2,0.7501107,0.73317677,0.74554735,0.77319515,0.0262615103274583,0.016933918,0.04001838,0.0045633316
MLP,5,2,0.7612592,0.730718,0.7418337,0.75735277,0.0262615103274583,0.030541182,0.026634753,0.019425511
MLP,5,2,0.7611814,0.72999763,0.7392819,0.7494893,0.0262615103274583,0.03118378,0.019491673,0.021899521
MLP,5,2,0.7521893,0.7267105,0.73631316,0.7415555,0.0262615103274583,0.02547878,0.014845014,0.015876114
MLP,5,2,0.7404233,0.7270598,0.73353076,0.7364832,0.0262615103274583,0.01336354,0.009423435,0.006892562
MLP,5,2,0.73072666,0.7199893,0.7282065,0.7313802,0.0262615103274583,0.0107373595,0.011390924,0.002520144
MLP,5,2,0.724988,0.71516865,0.72518593,0.72591823,0.0262615103274583,0.009819329,0.0107495785,0.00019794703
MLP,5,2,0.7219528,0.715496,0.7225502,0.72343355,0.0262615103274583,0.0064567924,0.007937551,0.00059741735
MLP,5,2,0.7194381,0.7208198,0.7217798,0.7206902,0.0262615103274583,0.0013816953,0.0001295805,0.0023417473
MLP,5,2,0.71584094,0.7187108,0.72068644,0.7156054,0.0262615103274583,0.0028698444,0.003105402,0.0048455
MLP,5,2,0.71274304,0.7399994,0.7501107,0.71301234,0.0262615103274583,0.02725637,0.026987076,0.037367642
MLP,5,2,0.7098413,0.74882257,0.7612592,0.7102438,0.0262615103274583,0.03898126,0.03857875,0.051417887
MLP,5,2,0.70872307,0.747023,0.7611814,0.71035033,0.0262615103274583,0.03829992,0.03667265,0.052458346
MLP,5,2,0.7119103,0.73468184,0.7521893,0.7157788,0.0262615103274583,0.022771537,0.018903017,0.04027897
MLP,5,2,0.7099378,0.72529703,0.7404233,0.70750785,0.0262615103274583,0.015359223,0.017789185,0.03048551
MLP,5,2,0.7068607,0.7181797,0.73072666,0.7048656,0.0262615103274583,0.011318982,0.013314128,0.023865938
MLP,5,2,0.7032559,0.71444416,0.724988,0.7024587,0.0262615103274583,0.011188269,0.011985481,0.021732092
MLP,5,2,0.6984351,0.7155145,0.7219528,0.6975821,0.0262615103274583,0.017079353,0.017932355,0.023517668
MLP,5,2,0.69599587,0.7143912,0.7194381,0.6972672,0.0262615103274583,0.018395305,0.017123997,0.023442209
MLP,5,2,0.6940967,0.71497405,0.71584094,0.6946586,0.0262615103274583,0.020877361,0.020315468,0.021744251
MLP,5,2,0.69193715,0.7109209,0.71274304,0.69191897,0.0262615103274583,0.018983722,0.019001901,0.020805895
MLP,5,2,0.6894953,0.70991206,0.7098413,0.689303,0.0262615103274583,0.020416737,0.02060908,0.020345986
MLP,5,2,0.68696916,0.7088676,0.70872307,0.68688,0.0262615103274583,0.021898448,0.021987617,0.021753907
MLP,5,2,0.6842152,0.7110933,0.7119103,0.684129,0.0262615103274583,0.026878119,0.026964307,0.02769512
MLP,5,2,0.6816145,0.714369,0.7099378,0.6816512,0.0262615103274583,0.03275448,0.032717824,0.028323293
MLP,5,2,0.6790481,0.7071487,0.7068607,0.6790483,0.0262615103274583,0.02810055,0.028100371,0.0278126
MLP,5,2,0.6765644,0.7063992,0.7032559,0.67663455,0.0262615103274583,0.029834807,0.029764652,0.026691496
MLP,5,2,0.68431157,0.7024814,0.6984351,0.69208026,0.0262615103274583,0.01816982,0.01040113,0.014123559
MLP,5,2,0.69620407,0.70315933,0.69599587,0.7025734,0.0262615103274583,0.006955266,0.00058591366,0.00020819902
MLP,5,2,0.69623005,0.70229924,0.6940967,0.6893595,0.0262615103274583,0.0060691833,0.012939751,0.0021333694
MLP,5,2,0.6911054,0.69752467,0.69193715,0.6841329,0.0262615103274583,0.0064192414,0.013391793,0.0008317232
MLP,5,2,0.6827044,0.69665426,0.6894953,0.6786576,0.0262615103274583,0.013949871,0.017996669,0.006790936
MLP,5,2,0.67578703,0.6943422,0.68696916,0.6762467,0.0262615103274583,0.018555164,0.018095493,0.011182129
MLP,5,2,0.6719287,0.69402975,0.6842152,0.673705,0.0262615103274583,0.022101045,0.020324767,0.012286484
MLP,5,2,0.66857076,0.6927726,0.6816145,0.66850376,0.0262615103274583,0.02420187,0.024268866,0.013043761
MLP,5,2,0.6655201,0.6874233,0.6790481,0.66561764,0.0262615103274583,0.021903217,0.021805644,0.013528049
MLP,5,2,0.6625517,0.687644,0.6765644,0.6629652,0.0262615103274583,0.025092304,0.024678826,0.014012694
MLP,5,2,0.6600963,0.6935859,0.68431157,0.6607894,0.0262615103274583,0.033489585,0.032796502,0.024215281
MLP,5,2,0.6592119,0.7067076,0.69620407,0.6606125,0.0262615103274583,0.047495723,0.046095073,0.036992192
MLP,5,2,0.65776217,0.70103556,0.69623005,0.6578243,0.0262615103274583,0.04327339,0.04321128,0.038467884
MLP,5,2,0.65865237,0.6940279,0.6911054,0.6604513,0.0262615103274583,0.035375535,0.033576608,0.03245306
MLP,5,2,0.6564999,0.68906325,0.6827044,0.65505934,0.0262615103274583,0.03256333,0.034003913,0.026204467
MLP,5,2,0.6537166,0.68362224,0.67578703,0.6526081,0.0262615103274583,0.029905617,0.031014144,0.022070408
MLP,5,2,0.6506799,0.6801841,0.6719287,0.6502031,0.0262615103274583,0.02950424,0.029981017,0.021248817
MLP,5,2,0.64909303,0.68032515,0.66857076,0.6501179,0.0262615103274583,0.031232119,0.030207276,0.019477725
MLP,5,2,0.64572656,0.67631614,0.6655201,0.64475334,0.0262615103274583,0.03058958,0.031562805,0.01979351
MLP,5,2,0.6412068,0.67358136,0.6625517,0.6396265,0.0262615103274583,0.03237456,0.03395486,0.0213449
MLP,5,2,0.63865733,0.67285126,0.6600963,0.6396039,0.0262615103274583,0.034193933,0.03324735,0.021438956
MLP,5,2,0.63629943,0.6706921,0.6592119,0.6370637,0.0262615103274583,0.034392655,0.033628404,0.022912443
MLP,5,2,0.6326952,0.67234856,0.65776217,0.63188195,0.0262615103274583,0.03965336,0.040466607,0.025066972
MLP,5,2,0.62802434,0.6737879,0.65865237,0.62662995,0.0262615103274583,0.045763552,0.047157943,0.030628026
MLP,5,2,0.6254358,0.67042863,0.6564999,0.62661564,0.0262615103274583,0.044992805,0.04381299,0.031064093
MLP,5,2,0.6231032,0.66680187,0.6537166,0.62404376,0.0262615103274583,0.04369867,0.042758107,0.030613422
MLP,5,2,0.6240852,0.6651195,0.6506799,0.6267177,0.0262615103274583,0.04103434,0.038401842,0.026594698
MLP,5,2,0.6239492,0.66236216,0.64909303,0.6239881,0.0262615103274583,0.03841293,0.038374066,0.025143802
MLP,5,2,0.6194005,0.66108096,0.64572656,0.61606014,0.0262615103274583,0.041680455,0.04502082,0.02632606
MLP,5,2,0.6147615,0.65777445,0.6412068,0.61355686,0.0262615103274583,0.043012977,0.044217587,0.02644533
MLP,5,2,0.6106143,0.6549952,0.63865733,0.6108699,0.0262615103274583,0.044380903,0.04412532,0.028043032
MLP,5,2,0.60587925,0.6546188,0.63629943,0.60555136,0.0262615103274583,0.048739552,0.049067438,0.030420184
MLP,5,2,0.60241365,0.6526163,0.6326952,0.602808,0.0262615103274583,0.050202668,0.049808323,0.030281544
MLP,5,2,0.5997848,0.64838666,0.62802434,0.6004468,0.0262615103274583,0.048601866,0.047939837,0.028239548
MLP,5,2,0.595854,0.6442675,0.6254358,0.5952952,0.0262615103274583,0.048413515,0.04897231,0.029581845
MLP,5,2,0.5924603,0.6464848,0.6231032,0.5925896,0.0262615103274583,0.054024518,0.053895175,0.030642927
MLP,5,2,0.5894672,0.6480684,0.6240852,0.58983535,0.0262615103274583,0.0586012,0.058233082,0.03461796
MLP,5,2,0.58391094,0.6482658,0.6239492,0.58220047,0.0262615103274583,0.06435484,0.06606531,0.040038288
MLP,5,2,0.57938826,0.6393226,0.6194005,0.57939875,0.0262615103274583,0.059934318,0.059923828,0.04001224
MLP,5,2,0.58200186,0.63711727,0.6147615,0.58748746,0.0262615103274583,0.0551154,0.049629807,0.032759607
MLP,5,2,0.58798075,0.63265884,0.6106143,0.59283763,0.0262615103274583,0.044678092,0.039821208,0.022633553
Seq2Seq,5,2,0.93134665,0.95686406,0.9827057,0.9337946,0.0262615103274583,0.025517404,0.023069441,0.051359057
Seq2Seq,5,2,0.96307224,0.9643334,0.976738,0.98981327,0.0262615103274583,0.0012611747,0.025479853,0.013665736
Seq2Seq,5,2,0.97942007,0.95864755,0.9712403,0.97877496,0.0262615103274583,0.020772517,0.020127416,0.008179784
Seq2Seq,5,2,0.98394865,0.9531606,0.96665436,0.9729075,0.0262615103274583,0.030788064,0.0197469,0.017294288
Seq2Seq,5,2,0.97547203,0.9483898,0.96182895,0.96212304,0.0262615103274583,0.027082205,0.013733208,0.013643086
Seq2Seq,5,2,0.9718438,0.9419187,0.95612735,0.9729906,0.0262615103274583,0.029925108,0.031071901,0.015716434
Seq2Seq,5,2,0.9573021,0.93444735,0.9504476,0.950704,0.0262615103274583,0.022854745,0.01625663,0.0068544745
Seq2Seq,5,2,0.94398457,0.93008226,0.9447089,0.93933713,0.0262615103274583,0.013902307,0.009254873,0.00072431564
Seq2Seq,5,2,0.93407935,0.9231912,0.9390951,0.9341531,0.0262615103274583,0.010888159,0.01096189,0.005015731
Seq2Seq,5,2,0.92589295,0.9216747,0.93364197,0.9280122,0.0262615103274583,0.0042182207,0.006337464,0.007749021
Seq2Seq,5,2,0.9201677,0.9189351,0.93134665,0.9225999,0.0262615103274583,0.0012325644,0.0036647916,0.01117897
Seq2Seq,5,2,0.92255485,0.9496941,0.96307224,0.92861444,0.0262615103274583,0.027139246,0.02107966,0.04051739
Seq2Seq,5,2,0.93265456,0.9667223,0.97942007,0.94111586,0.0262615103274583,0.03406775,0.025606453,0.046765506
Seq2Seq,5,2,0.9274995,0.9703327,0.98394865,0.91962546,0.0262615103274583,0.04283321,0.05070722,0.056449175
Seq2Seq,5,2,0.91696924,0.9615445,0.97547203,0.9092698,0.0262615103274583,0.044575274,0.052274704,0.058502793
Seq2Seq,5,2,0.90772235,0.95773643,0.9718438,0.9067385,0.0262615103274583,0.05001408,0.050997913,0.064121425
Seq2Seq,5,2,0.8981052,0.943544,0.9573021,0.8985509,0.0262615103274583,0.045438766,0.044993043,0.05919689
Seq2Seq,5,2,0.8900203,0.93275994,0.94398457,0.89050233,0.0262615103274583,0.04273963,0.042257607,0.053964257
Seq2Seq,5,2,0.8845981,0.92359585,0.93407935,0.8855065,0.0262615103274583,0.03899777,0.038089335,0.049481273
Seq2Seq,5,2,0.87652063,0.9144252,0.92589295,0.8751457,0.0262615103274583,0.03790456,0.03927952,0.049372315
Seq2Seq,5,2,0.86930573,0.90668875,0.9201677,0.86974627,0.0262615103274583,0.03738302,0.036942482,0.050861955
Seq2Seq,5,2,0.87068725,0.9092946,0.92255485,0.87733835,0.0262615103274583,0.03860736,0.031956255,0.051867604
Seq2Seq,5,2,0.8767287,0.9122177,0.93265456,0.88296956,0.0262615103274583,0.035488963,0.029248118,0.055925846
Seq2Seq,5,2,0.87252915,0.90293944,0.9274995,0.86689436,0.0262615103274583,0.03041029,0.036045074,0.054970324
Seq2Seq,5,2,0.8631894,0.8903009,0.91696924,0.8566629,0.0262615103274583,0.02711153,0.033638,0.05377984
Seq2Seq,5,2,0.8531946,0.87851304,0.90772235,0.8512039,0.0262615103274583,0.025318444,0.02730912,0.05452776
Seq2Seq,5,2,0.88221025,0.86567986,0.8981052,0.91185975,0.0262615103274583,0.016530395,0.04617989,0.01589495
Seq2Seq,5,2,0.90051365,0.8536556,0.8900203,0.9040642,0.0262615103274583,0.046858072,0.0504086,0.010493338
Seq2Seq,5,2,0.90215105,0.84815174,0.8845981,0.88788056,0.0262615103274583,0.053999305,0.03972882,0.017552972
Seq2Seq,5,2,0.8888434,0.84048,0.87652063,0.8723705,0.0262615103274583,0.048363388,0.031890452,0.0123227835
Seq2Seq,5,2,0.8710276,0.83411217,0.86930573,0.8646035,0.0262615103274583,0.03691542,0.030491352,0.001721859
Seq2Seq,5,2,0.85421973,0.8349784,0.87068725,0.85405433,0.0262615103274583,0.019241333,0.01907593,0.016467512
Seq2Seq,5,2,0.84550387,0.8387509,0.8767287,0.84879774,0.0262615103274583,0.006752968,0.01004684,0.031224847
Seq2Seq,5,2,0.8394441,0.83533025,0.87252915,0.84103173,0.0262615103274583,0.004113853,0.0057014823,0.03308505
Seq2Seq,5,2,0.83435744,0.826832,0.8631894,0.8357384,0.0262615103274583,0.007525444,0.008906424,0.028831959
Seq2Seq,5,2,0.8294004,0.8177769,0.8531946,0.83037955,0.0262615103274583,0.011623502,0.012602627,0.023794174
Seq2Seq,5,2,0.8247748,0.8455924,0.88221025,0.8255605,0.0262615103274583,0.020817578,0.02003187,0.057435453
Seq2Seq,5,2,0.8198581,0.8608745,0.90051365,0.82006747,0.0262615103274583,0.0410164,0.04080701,0.080655575
Seq2Seq,5,2,0.814683,0.8618503,0.90215105,0.8146,0.0262615103274583,0.0471673,0.04725033,0.08746803
Seq2Seq,5,2,0.8065836,0.8513306,0.8888434,0.8044248,0.0262615103274583,0.044746995,0.046905756,0.082259834
Seq2Seq,5,2,0.8008227,0.83483535,0.8710276,0.8017622,0.0262615103274583,0.034012675,0.033073127,0.07020491
Seq2Seq,5,2,0.7972698,0.8213162,0.85421973,0.7994856,0.0262615103274583,0.024046361,0.021830559,0.056949914
Seq2Seq,5,2,0.7933367,0.811705,0.84550387,0.79381365,0.0262615103274583,0.018368304,0.017891347,0.052167177
Seq2Seq,5,2,0.7906517,0.8055812,0.8394441,0.79148597,0.0262615103274583,0.014929533,0.014095247,0.04879242
Seq2Seq,5,2,0.785228,0.8008291,0.83435744,0.7835688,0.0262615103274583,0.015601099,0.017260313,0.049129426
Seq2Seq,5,2,0.78053665,0.7966784,0.8294004,0.7806723,0.0262615103274583,0.016141772,0.016006112,0.04886377
Seq2Seq,5,2,0.77556604,0.79287314,0.8247748,0.7755856,0.0262615103274583,0.017307103,0.017287552,0.04920876
Seq2Seq,5,2,0.7705098,0.7886267,0.8198581,0.7703371,0.0262615103274583,0.018116891,0.018289566,0.049348295
Seq2Seq,5,2,0.76532817,0.7836165,0.814683,0.76507854,0.0262615103274583,0.018288314,0.018537939,0.04935485
Seq2Seq,5,2,0.7614681,0.7773229,0.8065836,0.7623283,0.0262615103274583,0.015854776,0.014994562,0.04511547
Seq2Seq,5,2,0.7571596,0.771635,0.8008227,0.7572746,0.0262615103274583,0.014475405,0.014360368,0.043663085
Seq2Seq,5,2,0.75393057,0.76897657,0.7972698,0.7546958,0.0262615103274583,0.0150460005,0.014280796,0.043339252
Seq2Seq,5,2,0.7512756,0.7654145,0.7933367,0.7519987,0.0262615103274583,0.014138877,0.013415754,0.04206109
Seq2Seq,5,2,0.74736863,0.7633047,0.7906517,0.7467601,0.0262615103274583,0.015936077,0.01654464,0.043283045
Seq2Seq,5,2,0.7437978,0.7584372,0.785228,0.74381614,0.0262615103274583,0.014639437,0.014621079,0.041430235
Seq2Seq,5,2,0.74690235,0.75455374,0.78053665,0.752038,0.0262615103274583,0.0076513886,0.0025157332,0.033634305
Seq2Seq,5,2,0.74554735,0.75114244,0.77556604,0.7443797,0.0262615103274583,0.005595088,0.006762743,0.030018687
Seq2Seq,5,2,0.7418337,0.74630964,0.7705098,0.73913896,0.0262615103274583,0.004475951,0.007170677,0.028676093
Seq2Seq,5,2,0.7392819,0.74120605,0.76532817,0.73923,0.0262615103274583,0.0019241571,0.0019760728,0.026046276
Seq2Seq,5,2,0.73631316,0.7369623,0.7614681,0.73660743,0.0262615103274583,0.0006491542,0.00035488605,0.025154948
Seq2Seq,5,2,0.73353076,0.7335874,0.7571596,0.7337583,0.0262615103274583,5.6624413e-05,0.00017088652,0.02362883
Seq2Seq,5,2,0.7282065,0.73040867,0.75393057,0.72581464,0.0262615103274583,0.0022021532,0.004594028,0.025724053
Seq2Seq,5,2,0.72518593,0.72785705,0.7512756,0.72596186,0.0262615103274583,0.0026711226,0.0018951893,0.026089668
Seq2Seq,5,2,0.7225502,0.7247623,0.74736863,0.7235742,0.0262615103274583,0.0022121072,0.0011880994,0.02481842
Seq2Seq,5,2,0.7217798,0.720725,0.7437978,0.7234269,0.0262615103274583,0.0010548234,0.0027018785,0.022017956
Seq2Seq,5,2,0.72068644,0.72169673,0.74690235,0.7208371,0.0262615103274583,0.0010102987,0.0008596182,0.02621591
Seq2Seq,5,2,0.7501107,0.72214633,0.74554735,0.77319515,0.0262615103274583,0.027964354,0.051048815,0.0045633316
Seq2Seq,5,2,0.7612592,0.7185781,0.7418337,0.75735277,0.0262615103274583,0.042681098,0.03877467,0.019425511
Seq2Seq,5,2,0.7611814,0.7151251,0.7392819,0.7494893,0.0262615103274583,0.04605633,0.034364223,0.021899521
Seq2Seq,5,2,0.7521893,0.71212983,0.73631316,0.7415555,0.0262615103274583,0.040059447,0.02942568,0.015876114
Seq2Seq,5,2,0.7404233,0.71283054,0.73353076,0.7364832,0.0262615103274583,0.027592778,0.023652673,0.006892562
Seq2Seq,5,2,0.73072666,0.70680654,0.7282065,0.7313802,0.0262615103274583,0.023920119,0.024573684,0.002520144
Seq2Seq,5,2,0.724988,0.702047,0.72518593,0.72591823,0.0262615103274583,0.022940993,0.023871243,0.00019794703
Seq2Seq,5,2,0.7219528,0.70090824,0.7225502,0.72343355,0.0262615103274583,0.021044552,0.02252531,0.00059741735
Seq2Seq,5,2,0.7194381,0.7011235,0.7217798,0.7206902,0.0262615103274583,0.0183146,0.019566715,0.0023417473
Seq2Seq,5,2,0.71584094,0.69813734,0.72068644,0.7156054,0.0262615103274583,0.017703593,0.017468035,0.0048455
Seq2Seq,5,2,0.71274304,0.72438514,0.7501107,0.71301234,0.0262615103274583,0.011642098,0.011372805,0.037367642
Seq2Seq,5,2,0.7098413,0.7361465,0.7612592,0.7102438,0.0262615103274583,0.026305199,0.025902689,0.051417887
Seq2Seq,5,2,0.70872307,0.7360642,0.7611814,0.71035033,0.0262615103274583,0.027341127,0.025713861,0.052458346
Seq2Seq,5,2,0.7119103,0.7292803,0.7521893,0.7157788,0.0262615103274583,0.017369986,0.013501465,0.04027897
Seq2Seq,5,2,0.7099378,0.71814704,0.7404233,0.70750785,0.0262615103274583,0.0082092285,0.010639191,0.03048551
Seq2Seq,5,2,0.7068607,0.71068835,0.73072666,0.7048656,0.0262615103274583,0.0038276315,0.0058227777,0.023865938
Seq2Seq,5,2,0.7032559,0.7029384,0.724988,0.7024587,0.0262615103274583,0.00031751394,0.00047969818,0.021732092
Seq2Seq,5,2,0.6984351,0.70061225,0.7219528,0.6975821,0.0262615103274583,0.0021771193,0.0030301213,0.023517668
Seq2Seq,5,2,0.69599587,0.69842345,0.7194381,0.6972672,0.0262615103274583,0.002427578,0.0011562705,0.023442209
Seq2Seq,5,2,0.6940967,0.6940668,0.71584094,0.6946586,0.0262615103274583,2.9861927e-05,0.0005917549,0.021744251
Seq2Seq,5,2,0.69193715,0.6938124,0.71274304,0.69191897,0.0262615103274583,0.0018752217,0.0018934011,0.020805895
Seq2Seq,5,2,0.6894953,0.6883901,0.7098413,0.689303,0.0262615103274583,0.0011052489,0.00091290474,0.020345986
Seq2Seq,5,2,0.68696916,0.68798256,0.70872307,0.68688,0.0262615103274583,0.0010133982,0.0011025667,0.021753907
Seq2Seq,5,2,0.6842152,0.6895619,0.7119103,0.684129,0.0262615103274583,0.0053467155,0.0054329038,0.02769512
Seq2Seq,5,2,0.6816145,0.6884063,0.7099378,0.6816512,0.0262615103274583,0.0067917705,0.0067551136,0.028323293
Seq2Seq,5,2,0.6790481,0.6872424,0.7068607,0.6790483,0.0262615103274583,0.008194268,0.008194089,0.0278126
Seq2Seq,5,2,0.6765644,0.6824849,0.7032559,0.67663455,0.0262615103274583,0.0059205294,0.0058503747,0.026691496
Seq2Seq,5,2,0.68431157,0.67884874,0.6984351,0.69208026,0.0262615103274583,0.0054628253,0.013231516,0.014123559
Seq2Seq,5,2,0.69620407,0.67605555,0.69599587,0.7025734,0.0262615103274583,0.020148516,0.026517868,0.00020819902
Seq2Seq,5,2,0.69623005,0.6754431,0.6940967,0.6893595,0.0262615103274583,0.020786941,0.013916373,0.0021333694
Seq2Seq,5,2,0.6911054,0.6753716,0.69193715,0.6841329,0.0262615103274583,0.015733838,0.008761287,0.0008317232
Seq2Seq,5,2,0.6827044,0.6701755,0.6894953,0.6786576,0.0262615103274583,0.012528896,0.008482099,0.006790936
Seq2Seq,5,2,0.67578703,0.6690055,0.68696916,0.6762467,0.0262615103274583,0.0067815185,0.0072411895,0.011182129
Seq2Seq,5,2,0.6719287,0.66569906,0.6842152,0.673705,0.0262615103274583,0.006229639,0.008005917,0.012286484
Seq2Seq,5,2,0.66857076,0.666053,0.6816145,0.66850376,0.0262615103274583,0.0025177598,0.0024507642,0.013043761
Seq2Seq,5,2,0.6655201,0.6634353,0.6790481,0.66561764,0.0262615103274583,0.0020847917,0.0021823645,0.013528049
Seq2Seq,5,2,0.6625517,0.6578473,0.6765644,0.6629652,0.0262615103274583,0.004704416,0.005117893,0.014012694
Seq2Seq,5,2,0.6600963,0.66688454,0.68431157,0.6607894,0.0262615103274583,0.006788254,0.006095171,0.024215281
Seq2Seq,5,2,0.6592119,0.67774683,0.69620407,0.6606125,0.0262615103274583,0.018534958,0.017134309,0.036992192
Seq2Seq,5,2,0.65776217,0.6771081,0.69623005,0.6578243,0.0262615103274583,0.01934594,0.019283831,0.038467884
Seq2Seq,5,2,0.65865237,0.6744598,0.6911054,0.6604513,0.0262615103274583,0.01580745,0.014008522,0.03245306
Seq2Seq,5,2,0.6564999,0.6660385,0.6827044,0.65505934,0.0262615103274583,0.009538591,0.010979176,0.026204467
Seq2Seq,5,2,0.6537166,0.6594502,0.67578703,0.6526081,0.0262615103274583,0.0057335496,0.006842077,0.022070408
Seq2Seq,5,2,0.6506799,0.6578815,0.6719287,0.6502031,0.0262615103274583,0.007201612,0.0076783895,0.021248817
Seq2Seq,5,2,0.64909303,0.6536132,0.66857076,0.6501179,0.0262615103274583,0.004520178,0.0034953356,0.019477725
Seq2Seq,5,2,0.64572656,0.6523113,0.6655201,0.64475334,0.0262615103274583,0.0065847635,0.007557988,0.01979351
Seq2Seq,5,2,0.6412068,0.6497467,0.6625517,0.6396265,0.0262615103274583,0.008539915,0.010120213,0.0213449
Seq2Seq,5,2,0.63865733,0.64665246,0.6600963,0.6396039,0.0262615103274583,0.007995129,0.0070485473,0.021438956
Seq2Seq,5,2,0.63629943,0.6448147,0.6592119,0.6370637,0.0262615103274583,0.008515298,0.0077510476,0.022912443
Seq2Seq,5,2,0.6326952,0.6445188,0.65776217,0.63188195,0.0262615103274583,0.011823595,0.01263684,0.025066972
Seq2Seq,5,2,0.62802434,0.64493585,0.65865237,0.62662995,0.0262615103274583,0.016911507,0.018305898,0.030628026
Seq2Seq,5,2,0.6254358,0.6431691,0.6564999,0.62661564,0.0262615103274583,0.017733276,0.016553462,0.031064093
Seq2Seq,5,2,0.6231032,0.6414347,0.6537166,0.62404376,0.0262615103274583,0.018331528,0.017390966,0.030613422
Seq2Seq,5,2,0.6240852,0.63875985,0.6506799,0.6267177,0.0262615103274583,0.014674664,0.012042165,0.026594698
Seq2Seq,5,2,0.6239492,0.63662136,0.64909303,0.6239881,0.0262615103274583,0.012672126,0.012633264,0.025143802
Seq2Seq,5,2,0.6194005,0.6340199,0.64572656,0.61606014,0.0262615103274583,0.01461941,0.017959774,0.02632606
Seq2Seq,5,2,0.6147615,0.62982905,0.6412068,0.61355686,0.0262615103274583,0.015067577,0.016272187,0.02644533
Seq2Seq,5,2,0.6106143,0.6270336,0.63865733,0.6108699,0.0262615103274583,0.016419291,0.016163707,0.028043032
Seq2Seq,5,2,0.60587925,0.6263996,0.63629943,0.60555136,0.0262615103274583,0.02052033,0.020848215,0.030420184
Seq2Seq,5,2,0.60241365,0.6223025,0.6326952,0.602808,0.0262615103274583,0.019888818,0.019494474,0.030281544
Seq2Seq,5,2,0.5997848,0.6194355,0.62802434,0.6004468,0.0262615103274583,0.019650698,0.018988669,0.028239548
Seq2Seq,5,2,0.595854,0.615173,0.6254358,0.5952952,0.0262615103274583,0.019318998,0.019877791,0.029581845
Seq2Seq,5,2,0.5924603,0.613594,0.6231032,0.5925896,0.0262615103274583,0.02113372,0.021004379,0.030642927
Seq2Seq,5,2,0.5894672,0.6159284,0.6240852,0.58983535,0.0262615103274583,0.026461184,0.026093066,0.03461796
Seq2Seq,5,2,0.58391094,0.6161321,0.6239492,0.58220047,0.0262615103274583,0.03222114,0.033931613,0.040038288
Seq2Seq,5,2,0.57938826,0.61219746,0.6194005,0.57939875,0.0262615103274583,0.032809198,0.032798707,0.04001224
Seq2Seq,5,2,0.58200186,0.6093955,0.6147615,0.58748746,0.0262615103274583,0.02739364,0.021908045,0.032759607
Seq2Seq,5,2,0.58798075,0.6035481,0.6106143,0.59283763,0.0262615103274583,0.015567362,0.010710478,0.022633553
Persistence,6,7,0.77590215,0.8131401,0.8131401,0.7761943,0.0260678883641958,0.037237942,0.03694582,0.037237942
Persistence,6,7,0.7685396,0.80821025,0.80821025,0.76526785,0.0260678883641958,0.039670646,0.042942405,0.039670646
Persistence,6,7,0.7612732,0.8037051,0.8037051,0.75998676,0.0260678883641958,0.04243189,0.043718338,0.04243189
Persistence,6,7,0.75570345,0.79963136,0.79963136,0.75683147,0.0260678883641958,0.043927908,0.04279989,0.043927908
Persistence,6,7,0.74921906,0.7973735,0.7973735,0.74904776,0.0260678883641958,0.048154414,0.048325717,0.048154414
Persistence,6,7,0.74451584,0.7947243,0.7947243,0.7453271,0.0260678883641958,0.05020845,0.04939717,0.05020845
Persistence,6,7,0.7410626,0.791343,0.791343,0.7421986,0.0260678883641958,0.050280392,0.049144387,0.050280392
Persistence,6,7,0.7364666,0.7867616,0.7867616,0.7362661,0.0260678883641958,0.050294995,0.050495505,0.050294995
Persistence,6,7,0.7306856,0.7819976,0.7819976,0.72969294,0.0260678883641958,0.05131203,0.052304685,0.05131203
Persistence,6,7,0.724287,0.77904063,0.77904063,0.72339505,0.0260678883641958,0.05475366,0.055645585,0.05475366
Persistence,6,7,0.7189145,0.77590215,0.77590215,0.7195335,0.0260678883641958,0.056987643,0.05636865,0.056987643
Persistence,6,7,0.7167642,0.7685396,0.7685396,0.71949464,0.0260678883641958,0.051775396,0.049044967,0.051775396
Persistence,6,7,0.7167712,0.7612732,0.7612732,0.7193099,0.0260678883641958,0.04450202,0.04196328,0.04450202
Persistence,6,7,0.71568525,0.75570345,0.75570345,0.7156706,0.0260678883641958,0.0400182,0.040032864,0.0400182
Persistence,6,7,0.7128329,0.74921906,0.74921906,0.7114865,0.0260678883641958,0.036386132,0.03773254,0.036386132
Persistence,6,7,0.70869464,0.74451584,0.74451584,0.70750767,0.0260678883641958,0.0358212,0.037008166,0.0358212
Persistence,6,7,0.72426164,0.7410626,0.7410626,0.7389977,0.0260678883641958,0.01680094,0.0020648837,0.01680094
Persistence,6,7,0.7404581,0.7364666,0.7364666,0.74705994,0.0260678883641958,0.0039914846,0.010593355,0.0039914846
Persistence,6,7,0.748624,0.7306856,0.7306856,0.7440039,0.0260678883641958,0.017938435,0.0133183,0.017938435
Persistence,6,7,0.7469085,0.724287,0.724287,0.7374169,0.0260678883641958,0.022621512,0.01312995,0.022621512
Persistence,6,7,0.73789114,0.7189145,0.7189145,0.7302189,0.0260678883641958,0.018976629,0.0113043785,0.018976629
Persistence,6,7,0.72830284,0.7167642,0.7167642,0.72619045,0.0260678883641958,0.011538625,0.009426236,0.011538625
Persistence,6,7,0.72068876,0.7167712,0.7167712,0.72055143,0.0260678883641958,0.003917575,0.0037802458,0.003917575
Persistence,6,7,0.7149005,0.71568525,0.71568525,0.7150178,0.0260678883641958,0.00078475475,0.0006674528,0.00078475475
Persistence,6,7,0.7081087,0.7128329,0.7128329,0.70697165,0.0260678883641958,0.0047242045,0.0058612823,0.0047242045
Persistence,6,7,0.70004857,0.70869464,0.70869464,0.6986334,0.0260678883641958,0.008646071,0.010061264,0.008646071
Persistence,6,7,0.69294953,0.72426164,0.72426164,0.6932688,0.0260678883641958,0.031312108,0.030992866,0.031312108
Persistence,6,7,0.6859717,0.7404581,0.7404581,0.6862377,0.0260678883641958,0.054486394,0.05422038,0.054486394
Persistence,6,7,0.67956686,0.748624,0.748624,0.6799297,0.0260678883641958,0.06905717,0.06869435,0.06905717
Persistence,6,7,0.67382723,0.7469085,0.7469085,0.6743367,0.0260678883641958,0.073081255,0.072571814,0.073081255
Persistence,6,7,0.6641875,0.73789114,0.73789114,0.6614817,0.0260678883641958,0.07370365,0.07640946,0.07370365
Persistence,6,7,0.6550413,0.72830284,0.72830284,0.65434957,0.0260678883641958,0.07326156,0.07395327,0.07326156
Persistence,6,7,0.64536375,0.72068876,0.72068876,0.644875,0.0260678883641958,0.07532501,0.07581377,0.07532501
Persistence,6,7,0.641283,0.7149005,0.7149005,0.6453086,0.0260678883641958,0.07361752,0.06959188,0.07361752
Persistence,6,7,0.6365837,0.7081087,0.7081087,0.63760054,0.0260678883641958,0.07152504,0.07050818,0.07152504
Persistence,6,7,0.63328314,0.70004857,0.70004857,0.6343036,0.0260678883641958,0.06676543,0.06574494,0.06676543
Persistence,6,7,0.62869495,0.69294953,0.69294953,0.628288,0.0260678883641958,0.06425458,0.06466156,0.06425458
Persistence,6,7,0.6241533,0.6859717,0.6859717,0.6243127,0.0260678883641958,0.06181836,0.06165898,0.06181836
MQAttn-LSTM-VQR,6,7,0.77590215,0.7628197,0.8131401,0.7761943,0.0260678883641958,0.013082445,0.013374567,0.037237942
MQAttn-LSTM-VQR,6,7,0.7685396,0.7639024,0.80821025,0.76526785,0.0260678883641958,0.0046371818,0.0013654232,0.039670646
MQAttn-LSTM-VQR,6,7,0.7612732,0.76066196,0.8037051,0.75998676,0.0260678883641958,0.00061124563,0.0006752014,0.04243189
MQAttn-LSTM-VQR,6,7,0.75570345,0.7572458,0.79963136,0.75683147,0.0260678883641958,0.0015423298,0.0004143119,0.043927908
MQAttn-LSTM-VQR,6,7,0.74921906,0.75436777,0.7973735,0.74904776,0.0260678883641958,0.005148709,0.0053200126,0.048154414
MQAttn-LSTM-VQR,6,7,0.74451584,0.750587,0.7947243,0.7453271,0.0260678883641958,0.0060711503,0.0052598715,0.05020845
MQAttn-LSTM-VQR,6,7,0.7410626,0.7480542,0.791343,0.7421986,0.0260678883641958,0.006991625,0.00585562,0.050280392
MQAttn-LSTM-VQR,6,7,0.7364666,0.7444752,0.7867616,0.7362661,0.0260678883641958,0.008008599,0.008209109,0.050294995
MQAttn-LSTM-VQR,6,7,0.7306856,0.74053395,0.7819976,0.72969294,0.0260678883641958,0.009848356,0.010841012,0.05131203
MQAttn-LSTM-VQR,6,7,0.724287,0.7377859,0.77904063,0.72339505,0.0260678883641958,0.013498902,0.014390826,0.05475366
MQAttn-LSTM-VQR,6,7,0.7189145,0.7328163,0.77590215,0.7195335,0.0260678883641958,0.01390177,0.013282776,0.056987643
MQAttn-LSTM-VQR,6,7,0.7167642,0.7269727,0.7685396,0.71949464,0.0260678883641958,0.0102084875,0.0074780583,0.051775396
MQAttn-LSTM-VQR,6,7,0.7167712,0.72111595,0.7612732,0.7193099,0.0260678883641958,0.0043447614,0.0018060207,0.04450202
MQAttn-LSTM-VQR,6,7,0.71568525,0.717462,0.75570345,0.7156706,0.0260678883641958,0.0017767549,0.0017914176,0.0400182
MQAttn-LSTM-VQR,6,7,0.7128329,0.712605,0.74921906,0.7114865,0.0260678883641958,0.00022792816,0.0011184812,0.036386132
MQAttn-LSTM-VQR,6,7,0.70869464,0.70897406,0.74451584,0.70750767,0.0260678883641958,0.00027942657,0.0014663935,0.0358212
MQAttn-LSTM-VQR,6,7,0.72426164,0.70652133,0.7410626,0.7389977,0.0260678883641958,0.01774031,0.032476366,0.01680094
MQAttn-LSTM-VQR,6,7,0.7404581,0.7030259,0.7364666,0.74705994,0.0260678883641958,0.037432194,0.044034064,0.0039914846
MQAttn-LSTM-VQR,6,7,0.748624,0.69942737,0.7306856,0.7440039,0.0260678883641958,0.04919666,0.044576526,0.017938435
MQAttn-LSTM-VQR,6,7,0.7469085,0.6932556,0.724287,0.7374169,0.0260678883641958,0.053652883,0.04416132,0.022621512
MQAttn-LSTM-VQR,6,7,0.73789114,0.68986976,0.7189145,0.7302189,0.0260678883641958,0.048021376,0.040349126,0.018976629
MQAttn-LSTM-VQR,6,7,0.72830284,0.68766385,0.7167642,0.72619045,0.0260678883641958,0.040638983,0.038526595,0.011538625
MQAttn-LSTM-VQR,6,7,0.72068876,0.68318623,0.7167712,0.72055143,0.0260678883641958,0.037502527,0.037365198,0.003917575
MQAttn-LSTM-VQR,6,7,0.7149005,0.682999,0.71568525,0.7150178,0.0260678883641958,0.03190148,0.03201878,0.00078475475
MQAttn-LSTM-VQR,6,7,0.7081087,0.6815915,0.7128329,0.70697165,0.0260678883641958,0.026517212,0.025380135,0.0047242045
MQAttn-LSTM-VQR,6,7,0.70004857,0.6793369,0.70869464,0.6986334,0.0260678883641958,0.02071166,0.019296467,0.008646071
MQAttn-LSTM-VQR,6,7,0.69294953,0.7282852,0.72426164,0.6932688,0.0260678883641958,0.03533566,0.035016418,0.031312108
MQAttn-LSTM-VQR,6,7,0.6859717,0.6829473,0.7404581,0.6862377,0.0260678883641958,0.0030243993,0.0032904148,0.054486394
MQAttn-LSTM-VQR,6,7,0.67956686,0.6918976,0.748624,0.6799297,0.0260678883641958,0.012330711,0.011967897,0.06905717
MQAttn-LSTM-VQR,6,7,0.67382723,0.693684,0.7469085,0.6743367,0.0260678883641958,0.019856751,0.01934731,0.073081255
MQAttn-LSTM-VQR,6,7,0.6641875,0.6868659,0.73789114,0.6614817,0.0260678883641958,0.022678435,0.025384247,0.07370365
MQAttn-LSTM-VQR,6,7,0.6550413,0.6826738,0.72830284,0.65434957,0.0260678883641958,0.027632535,0.028324246,0.07326156
MQAttn-LSTM-VQR,6,7,0.64536375,0.68412495,0.72068876,0.644875,0.0260678883641958,0.0387612,0.039249957,0.07532501
MQAttn-LSTM-VQR,6,7,0.641283,0.676195,0.7149005,0.6453086,0.0260678883641958,0.03491205,0.030886412,0.07361752
MQAttn-LSTM-VQR,6,7,0.6365837,0.67279327,0.7081087,0.63760054,0.0260678883641958,0.036209583,0.035192728,0.07152504
MQAttn-LSTM-VQR,6,7,0.63328314,0.6664135,0.70004857,0.6343036,0.0260678883641958,0.033130348,0.032109857,0.06676543
MQAttn-LSTM-VQR,6,7,0.62869495,0.66265,0.69294953,0.628288,0.0260678883641958,0.033955038,0.034362018,0.06425458
MQAttn-LSTM-VQR,6,7,0.6241533,0.6652037,0.6859717,0.6243127,0.0260678883641958,0.041050375,0.04089099,0.06181836
MQAttn-LSTM-VQR classical twin,6,7,0.77590215,0.78448486,0.8131401,0.7761943,0.0260678883641958,0.008582711,0.008290589,0.037237942
MQAttn-LSTM-VQR classical twin,6,7,0.7685396,0.7817455,0.80821025,0.76526785,0.0260678883641958,0.013205886,0.016477644,0.039670646
MQAttn-LSTM-VQR classical twin,6,7,0.7612732,0.778403,0.8037051,0.75998676,0.0260678883641958,0.017129779,0.018416226,0.04243189
MQAttn-LSTM-VQR classical twin,6,7,0.75570345,0.7755592,0.79963136,0.75683147,0.0260678883641958,0.019855738,0.01872772,0.043927908
MQAttn-LSTM-VQR classical twin,6,7,0.74921906,0.7778313,0.7973735,0.74904776,0.0260678883641958,0.028612256,0.02878356,0.048154414
MQAttn-LSTM-VQR classical twin,6,7,0.74451584,0.7761406,0.7947243,0.7453271,0.0260678883641958,0.031624734,0.030813456,0.05020845
MQAttn-LSTM-VQR classical twin,6,7,0.7410626,0.7732992,0.791343,0.7421986,0.0260678883641958,0.032236636,0.03110063,0.050280392
MQAttn-LSTM-VQR classical twin,6,7,0.7364666,0.76979744,0.7867616,0.7362661,0.0260678883641958,0.033330858,0.033531368,0.050294995
MQAttn-LSTM-VQR classical twin,6,7,0.7306856,0.76643777,0.7819976,0.72969294,0.0260678883641958,0.035752177,0.036744833,0.05131203
MQAttn-LSTM-VQR classical twin,6,7,0.724287,0.7661765,0.77904063,0.72339505,0.0260678883641958,0.04188955,0.042781472,0.05475366
MQAttn-LSTM-VQR classical twin,6,7,0.7189145,0.76401067,0.77590215,0.7195335,0.0260678883641958,0.04509616,0.044477165,0.056987643
MQAttn-LSTM-VQR classical twin,6,7,0.7167642,0.7559632,0.7685396,0.71949464,0.0260678883641958,0.039198995,0.036468565,0.051775396
MQAttn-LSTM-VQR classical twin,6,7,0.7167712,0.7477724,0.7612732,0.7193099,0.0260678883641958,0.03100121,0.02846247,0.04450202
MQAttn-LSTM-VQR classical twin,6,7,0.71568525,0.7415749,0.75570345,0.7156706,0.0260678883641958,0.025889635,0.025904298,0.0400182
MQAttn-LSTM-VQR classical twin,6,7,0.7128329,0.7347261,0.74921906,0.7114865,0.0260678883641958,0.021893144,0.023239553,0.036386132
MQAttn-LSTM-VQR classical twin,6,7,0.70869464,0.7302908,0.74451584,0.70750767,0.0260678883641958,0.021596134,0.0227831,0.0358212
MQAttn-LSTM-VQR classical twin,6,7,0.72426164,0.72638947,0.7410626,0.7389977,0.0260678883641958,0.0021278262,0.01260823,0.01680094
MQAttn-LSTM-VQR classical twin,6,7,0.7404581,0.7221087,0.7364666,0.74705994,0.0260678883641958,0.01834935,0.02495122,0.0039914846
MQAttn-LSTM-VQR classical twin,6,7,0.748624,0.71666616,0.7306856,0.7440039,0.0260678883641958,0.031957865,0.02733773,0.017938435
MQAttn-LSTM-VQR classical twin,6,7,0.7469085,0.71123666,0.724287,0.7374169,0.0260678883641958,0.03567183,0.026180267,0.022621512
MQAttn-LSTM-VQR classical twin,6,7,0.73789114,0.7070067,0.7189145,0.7302189,0.0260678883641958,0.030884445,0.023212194,0.018976629
MQAttn-LSTM-VQR classical twin,6,7,0.72830284,0.7021707,0.7167642,0.72619045,0.0260678883641958,0.026132107,0.024019718,0.011538625
MQAttn-LSTM-VQR classical twin,6,7,0.72068876,0.70521134,0.7167712,0.72055143,0.0260678883641958,0.015477419,0.01534009,0.003917575
MQAttn-LSTM-VQR classical twin,6,7,0.7149005,0.7043536,0.71568525,0.7150178,0.0260678883641958,0.010546923,0.010664225,0.00078475475
MQAttn-LSTM-VQR classical twin,6,7,0.7081087,0.7014322,0.7128329,0.70697165,0.0260678883641958,0.006676495,0.0055394173,0.0047242045
MQAttn-LSTM-VQR classical twin,6,7,0.70004857,0.6974356,0.70869464,0.6986334,0.0260678883641958,0.0026129484,0.0011977553,0.008646071
MQAttn-LSTM-VQR classical twin,6,7,0.69294953,0.701017,0.72426164,0.6932688,0.0260678883641958,0.008067489,0.007748246,0.031312108
MQAttn-LSTM-VQR classical twin,6,7,0.6859717,0.6786152,0.7404581,0.6862377,0.0260678883641958,0.007356465,0.0076224804,0.054486394
MQAttn-LSTM-VQR classical twin,6,7,0.67956686,0.68468076,0.748624,0.6799297,0.0260678883641958,0.0051138997,0.0047510862,0.06905717
MQAttn-LSTM-VQR classical twin,6,7,0.67382723,0.6832334,0.7469085,0.6743367,0.0260678883641958,0.009406149,0.0088967085,0.073081255
MQAttn-LSTM-VQR classical twin,6,7,0.6641875,0.6755959,0.73789114,0.6614817,0.0260678883641958,0.011408389,0.014114201,0.07370365
MQAttn-LSTM-VQR classical twin,6,7,0.6550413,0.66878265,0.72830284,0.65434957,0.0260678883641958,0.013741374,0.014433086,0.07326156
MQAttn-LSTM-VQR classical twin,6,7,0.64536375,0.6634759,0.72068876,0.644875,0.0260678883641958,0.018112123,0.018600881,0.07532501
MQAttn-LSTM-VQR classical twin,6,7,0.641283,0.65886956,0.7149005,0.6453086,0.0260678883641958,0.017586589,0.013560951,0.07361752
MQAttn-LSTM-VQR classical twin,6,7,0.6365837,0.6544019,0.7081087,0.63760054,0.0260678883641958,0.017818213,0.016801357,0.07152504
MQAttn-LSTM-VQR classical twin,6,7,0.63328314,0.64869344,0.70004857,0.6343036,0.0260678883641958,0.015410304,0.014389813,0.06676543
MQAttn-LSTM-VQR classical twin,6,7,0.62869495,0.6448343,0.69294953,0.628288,0.0260678883641958,0.016139328,0.016546309,0.06425458
MQAttn-LSTM-VQR classical twin,6,7,0.6241533,0.6424892,0.6859717,0.6243127,0.0260678883641958,0.018335879,0.018176496,0.06181836
MQAttn-QLSTM-VQR,6,7,0.77590215,0.7867598,0.8131401,0.7761943,0.0260678883641958,0.010857642,0.010565519,0.037237942
MQAttn-QLSTM-VQR,6,7,0.7685396,0.7836794,0.80821025,0.76526785,0.0260678883641958,0.015139818,0.018411577,0.039670646
MQAttn-QLSTM-VQR,6,7,0.7612732,0.77981603,0.8037051,0.75998676,0.0260678883641958,0.018542826,0.019829273,0.04243189
MQAttn-QLSTM-VQR,6,7,0.75570345,0.7760945,0.79963136,0.75683147,0.0260678883641958,0.020391047,0.01926303,0.043927908
MQAttn-QLSTM-VQR,6,7,0.74921906,0.77015483,0.7973735,0.74904776,0.0260678883641958,0.020935774,0.021107078,0.048154414
MQAttn-QLSTM-VQR,6,7,0.74451584,0.76995057,0.7947243,0.7453271,0.0260678883641958,0.025434732,0.024623454,0.05020845
MQAttn-QLSTM-VQR,6,7,0.7410626,0.76780325,0.791343,0.7421986,0.0260678883641958,0.02674067,0.025604665,0.050280392
MQAttn-QLSTM-VQR,6,7,0.7364666,0.7642591,0.7867616,0.7362661,0.0260678883641958,0.027792513,0.027993023,0.050294995
MQAttn-QLSTM-VQR,6,7,0.7306856,0.76027626,0.7819976,0.72969294,0.0260678883641958,0.029590666,0.030583322,0.05131203
MQAttn-QLSTM-VQR,6,7,0.724287,0.75384504,0.77904063,0.72339505,0.0260678883641958,0.029558063,0.030449986,0.05475366
MQAttn-QLSTM-VQR,6,7,0.7189145,0.7533412,0.77590215,0.7195335,0.0260678883641958,0.03442669,0.033807695,0.056987643
MQAttn-QLSTM-VQR,6,7,0.7167642,0.7481435,0.7685396,0.71949464,0.0260678883641958,0.031379282,0.028648853,0.051775396
MQAttn-QLSTM-VQR,6,7,0.7167712,0.7423022,0.7612732,0.7193099,0.0260678883641958,0.025530994,0.022992253,0.04450202
MQAttn-QLSTM-VQR,6,7,0.71568525,0.7376293,0.75570345,0.7156706,0.0260678883641958,0.021944046,0.021958709,0.0400182
MQAttn-QLSTM-VQR,6,7,0.7128329,0.73197806,0.74921906,0.7114865,0.0260678883641958,0.019145131,0.02049154,0.036386132
MQAttn-QLSTM-VQR,6,7,0.70869464,0.72823346,0.74451584,0.70750767,0.0260678883641958,0.01953882,0.020725787,0.0358212
MQAttn-QLSTM-VQR,6,7,0.72426164,0.7253382,0.7410626,0.7389977,0.0260678883641958,0.0010765791,0.013659477,0.01680094
MQAttn-QLSTM-VQR,6,7,0.7404581,0.7213204,0.7364666,0.74705994,0.0260678883641958,0.01913768,0.02573955,0.0039914846
MQAttn-QLSTM-VQR,6,7,0.748624,0.71597093,0.7306856,0.7440039,0.0260678883641958,0.032653093,0.028032959,0.017938435
MQAttn-QLSTM-VQR,6,7,0.7469085,0.7102204,0.724287,0.7374169,0.0260678883641958,0.03668809,0.027196527,0.022621512
MQAttn-QLSTM-VQR,6,7,0.73789114,0.7056081,0.7189145,0.7302189,0.0260678883641958,0.032283008,0.024610758,0.018976629
MQAttn-QLSTM-VQR,6,7,0.72830284,0.7012157,0.7167642,0.72619045,0.0260678883641958,0.027087152,0.024974763,0.011538625
MQAttn-QLSTM-VQR,6,7,0.72068876,0.70312047,0.7167712,0.72055143,0.0260678883641958,0.01756829,0.017430961,0.003917575
MQAttn-QLSTM-VQR,6,7,0.7149005,0.70265067,0.71568525,0.7150178,0.0260678883641958,0.012249827,0.012367129,0.00078475475
MQAttn-QLSTM-VQR,6,7,0.7081087,0.7002208,0.7128329,0.70697165,0.0260678883641958,0.0078879,0.006750822,0.0047242045
MQAttn-QLSTM-VQR,6,7,0.70004857,0.6966837,0.70869464,0.6986334,0.0260678883641958,0.003364861,0.0019496679,0.008646071
MQAttn-QLSTM-VQR,6,7,0.69294953,0.7112281,0.72426164,0.6932688,0.0260678883641958,0.01827854,0.017959297,0.031312108
MQAttn-QLSTM-VQR,6,7,0.6859717,0.6995194,0.7404581,0.6862377,0.0260678883641958,0.0135477185,0.013281703,0.054486394
MQAttn-QLSTM-VQR,6,7,0.67956686,0.69456756,0.748624,0.6799297,0.0260678883641958,0.015000701,0.0146378875,0.06905717
MQAttn-QLSTM-VQR,6,7,0.67382723,0.6875739,0.7469085,0.6743367,0.0260678883641958,0.013746679,0.013237238,0.073081255
MQAttn-QLSTM-VQR,6,7,0.6641875,0.677489,0.73789114,0.6614817,0.0260678883641958,0.013301492,0.016007304,0.07370365
MQAttn-QLSTM-VQR,6,7,0.6550413,0.6692792,0.72830284,0.65434957,0.0260678883641958,0.01423794,0.014929652,0.07326156
MQAttn-QLSTM-VQR,6,7,0.64536375,0.6634883,0.72068876,0.644875,0.0260678883641958,0.01812458,0.018613338,0.07532501
MQAttn-QLSTM-VQR,6,7,0.641283,0.6604482,0.7149005,0.6453086,0.0260678883641958,0.019165218,0.01513958,0.07361752
MQAttn-QLSTM-VQR,6,7,0.6365837,0.65638477,0.7081087,0.63760054,0.0260678883641958,0.01980108,0.018784225,0.07152504
MQAttn-QLSTM-VQR,6,7,0.63328314,0.65108985,0.70004857,0.6343036,0.0260678883641958,0.017806709,0.016786218,0.06676543
MQAttn-QLSTM-VQR,6,7,0.62869495,0.6468539,0.69294953,0.628288,0.0260678883641958,0.018158972,0.018565953,0.06425458
MQAttn-QLSTM-VQR,6,7,0.6241533,0.6428635,0.6859717,0.6243127,0.0260678883641958,0.018710196,0.018550813,0.06181836
MQAttn-QLSTM-VQR classical twin,6,7,0.77590215,0.7907164,0.8131401,0.7761943,0.0260678883641958,0.014814258,0.014522135,0.037237942
MQAttn-QLSTM-VQR classical twin,6,7,0.7685396,0.7891985,0.80821025,0.76526785,0.0260678883641958,0.02065891,0.023930669,0.039670646
MQAttn-QLSTM-VQR classical twin,6,7,0.7612732,0.7846591,0.8037051,0.75998676,0.0260678883641958,0.023385882,0.02467233,0.04243189
MQAttn-QLSTM-VQR classical twin,6,7,0.75570345,0.7803077,0.79963136,0.75683147,0.0260678883641958,0.02460426,0.023476243,0.043927908
MQAttn-QLSTM-VQR classical twin,6,7,0.74921906,0.7730564,0.7973735,0.74904776,0.0260678883641958,0.023837328,0.024008632,0.048154414
MQAttn-QLSTM-VQR classical twin,6,7,0.74451584,0.77377224,0.7947243,0.7453271,0.0260678883641958,0.029256403,0.028445125,0.05020845
MQAttn-QLSTM-VQR classical twin,6,7,0.7410626,0.77125394,0.791343,0.7421986,0.0260678883641958,0.030191362,0.029055357,0.050280392
MQAttn-QLSTM-VQR classical twin,6,7,0.7364666,0.7673722,0.7867616,0.7362661,0.0260678883641958,0.030905604,0.031106114,0.050294995
MQAttn-QLSTM-VQR classical twin,6,7,0.7306856,0.76282555,0.7819976,0.72969294,0.0260678883641958,0.032139957,0.033132613,0.05131203
MQAttn-QLSTM-VQR classical twin,6,7,0.724287,0.75497633,0.77904063,0.72339505,0.0260678883641958,0.030689359,0.031581283,0.05475366
MQAttn-QLSTM-VQR classical twin,6,7,0.7189145,0.7553234,0.77590215,0.7195335,0.0260678883641958,0.0364089,0.035789907,0.056987643
MQAttn-QLSTM-VQR classical twin,6,7,0.7167642,0.7508555,0.7685396,0.71949464,0.0260678883641958,0.034091294,0.031360865,0.051775396
MQAttn-QLSTM-VQR classical twin,6,7,0.7167712,0.74447274,0.7612732,0.7193099,0.0260678883641958,0.027701557,0.025162816,0.04450202
MQAttn-QLSTM-VQR classical twin,6,7,0.71568525,0.7390517,0.75570345,0.7156706,0.0260678883641958,0.023366451,0.023381114,0.0400182
MQAttn-QLSTM-VQR classical twin,6,7,0.7128329,0.7332619,0.74921906,0.7114865,0.0260678883641958,0.020428956,0.021775365,0.036386132
MQAttn-QLSTM-VQR classical twin,6,7,0.70869464,0.72932655,0.74451584,0.70750767,0.0260678883641958,0.02063191,0.021818876,0.0358212
MQAttn-QLSTM-VQR classical twin,6,7,0.72426164,0.7258692,0.7410626,0.7389977,0.0260678883641958,0.0016075373,0.013128519,0.01680094
MQAttn-QLSTM-VQR classical twin,6,7,0.7404581,0.7212385,0.7364666,0.74705994,0.0260678883641958,0.019219577,0.025821447,0.0039914846
MQAttn-QLSTM-VQR classical twin,6,7,0.748624,0.71538115,0.7306856,0.7440039,0.0260678883641958,0.03324288,0.028622746,0.017938435
MQAttn-QLSTM-VQR classical twin,6,7,0.7469085,0.7086263,0.724287,0.7374169,0.0260678883641958,0.038282216,0.028790653,0.022621512
MQAttn-QLSTM-VQR classical twin,6,7,0.73789114,0.7031282,0.7189145,0.7302189,0.0260678883641958,0.03476292,0.027090669,0.018976629
MQAttn-QLSTM-VQR classical twin,6,7,0.72830284,0.69631016,0.7167642,0.72619045,0.0260678883641958,0.031992674,0.029880285,0.011538625
MQAttn-QLSTM-VQR classical twin,6,7,0.72068876,0.7002032,0.7167712,0.72055143,0.0260678883641958,0.02048558,0.02034825,0.003917575
MQAttn-QLSTM-VQR classical twin,6,7,0.7149005,0.7000153,0.71568525,0.7150178,0.0260678883641958,0.014885187,0.015002489,0.00078475475
MQAttn-QLSTM-VQR classical twin,6,7,0.7081087,0.6973865,0.7128329,0.70697165,0.0260678883641958,0.01072222,0.009585142,0.0047242045
MQAttn-QLSTM-VQR classical twin,6,7,0.70004857,0.6934699,0.70869464,0.6986334,0.0260678883641958,0.006578684,0.005163491,0.008646071
MQAttn-QLSTM-VQR classical twin,6,7,0.69294953,0.70635486,0.72426164,0.6932688,0.0260678883641958,0.013405323,0.013086081,0.031312108
MQAttn-QLSTM-VQR classical twin,6,7,0.6859717,0.69388664,0.7404581,0.6862377,0.0260678883641958,0.00791496,0.007648945,0.054486394
MQAttn-QLSTM-VQR classical twin,6,7,0.67956686,0.694026,0.748624,0.6799297,0.0260678883641958,0.014459133,0.01409632,0.06905717
MQAttn-QLSTM-VQR classical twin,6,7,0.67382723,0.6891936,0.7469085,0.6743367,0.0260678883641958,0.015366375,0.014856935,0.073081255
MQAttn-QLSTM-VQR classical twin,6,7,0.6641875,0.6792066,0.73789114,0.6614817,0.0260678883641958,0.015019119,0.017724931,0.07370365
MQAttn-QLSTM-VQR classical twin,6,7,0.6550413,0.6703455,0.72830284,0.65434957,0.0260678883641958,0.015304208,0.01599592,0.07326156
MQAttn-QLSTM-VQR classical twin,6,7,0.64536375,0.6636283,0.72068876,0.644875,0.0260678883641958,0.018264532,0.01875329,0.07532501
MQAttn-QLSTM-VQR classical twin,6,7,0.641283,0.65839183,0.7149005,0.6453086,0.0260678883641958,0.017108858,0.0130832195,0.07361752
MQAttn-QLSTM-VQR classical twin,6,7,0.6365837,0.6521809,0.7081087,0.63760054,0.0260678883641958,0.015597224,0.014580369,0.07152504
MQAttn-QLSTM-VQR classical twin,6,7,0.63328314,0.64436686,0.70004857,0.6343036,0.0260678883641958,0.011083722,0.010063231,0.06676543
MQAttn-QLSTM-VQR classical twin,6,7,0.62869495,0.63787764,0.69294953,0.628288,0.0260678883641958,0.009182692,0.009589672,0.06425458
MQAttn-QLSTM-VQR classical twin,6,7,0.6241533,0.6317755,0.6859717,0.6243127,0.0260678883641958,0.0076221824,0.0074627995,0.06181836
QLSTM,6,7,0.77590215,0.79436576,0.8131401,0.7761943,0.0260678883641958,0.018463612,0.01817149,0.037237942
QLSTM,6,7,0.7685396,0.7906633,0.80821025,0.76526785,0.0260678883641958,0.022123694,0.025395453,0.039670646
QLSTM,6,7,0.7612732,0.7860395,0.8037051,0.75998676,0.0260678883641958,0.024766266,0.026052713,0.04243189
QLSTM,6,7,0.75570345,0.7816467,0.79963136,0.75683147,0.0260678883641958,0.02594328,0.024815261,0.043927908
QLSTM,6,7,0.74921906,0.774749,0.7973735,0.74904776,0.0260678883641958,0.025529921,0.025701225,0.048154414
QLSTM,6,7,0.74451584,0.7745737,0.7947243,0.7453271,0.0260678883641958,0.030057847,0.029246569,0.05020845
QLSTM,6,7,0.7410626,0.77220243,0.791343,0.7421986,0.0260678883641958,0.03113985,0.030003846,0.050280392
QLSTM,6,7,0.7364666,0.7683438,0.7867616,0.7362661,0.0260678883641958,0.03187722,0.03207773,0.050294995
QLSTM,6,7,0.7306856,0.76421094,0.7819976,0.72969294,0.0260678883641958,0.033525348,0.034518003,0.05131203
QLSTM,6,7,0.724287,0.7575742,0.77904063,0.72339505,0.0260678883641958,0.033287227,0.03417915,0.05475366
QLSTM,6,7,0.7189145,0.7568285,0.77590215,0.7195335,0.0260678883641958,0.037913978,0.037294984,0.056987643
QLSTM,6,7,0.7167642,0.75312763,0.7685396,0.71949464,0.0260678883641958,0.036363423,0.033632994,0.051775396
QLSTM,6,7,0.7167712,0.74780065,0.7612732,0.7193099,0.0260678883641958,0.031029463,0.028490722,0.04450202
QLSTM,6,7,0.71568525,0.7432131,0.75570345,0.7156706,0.0260678883641958,0.027527869,0.027542531,0.0400182
QLSTM,6,7,0.7128329,0.73799455,0.74921906,0.7114865,0.0260678883641958,0.025161624,0.026508033,0.036386132
QLSTM,6,7,0.70869464,0.7343229,0.74451584,0.70750767,0.0260678883641958,0.025628269,0.026815236,0.0358212
QLSTM,6,7,0.72426164,0.73119056,0.7410626,0.7389977,0.0260678883641958,0.0069289207,0.0078071356,0.01680094
QLSTM,6,7,0.7404581,0.726724,0.7364666,0.74705994,0.0260678883641958,0.013734043,0.020335913,0.0039914846
QLSTM,6,7,0.748624,0.72133243,0.7306856,0.7440039,0.0260678883641958,0.027291596,0.022671461,0.017938435
QLSTM,6,7,0.7469085,0.71495783,0.724287,0.7374169,0.0260678883641958,0.031950653,0.02245909,0.022621512
QLSTM,6,7,0.73789114,0.7095661,0.7189145,0.7302189,0.0260678883641958,0.028325021,0.020652771,0.018976629
QLSTM,6,7,0.72830284,0.70523375,0.7167642,0.72619045,0.0260678883641958,0.023069084,0.020956695,0.011538625
QLSTM,6,7,0.72068876,0.70649856,0.7167712,0.72055143,0.0260678883641958,0.014190197,0.014052868,0.003917575
QLSTM,6,7,0.7149005,0.7063471,0.71568525,0.7150178,0.0260678883641958,0.008553386,0.008670688,0.00078475475
QLSTM,6,7,0.7081087,0.70412517,0.7128329,0.70697165,0.0260678883641958,0.003983557,0.0028464794,0.0047242045
QLSTM,6,7,0.70004857,0.7003068,0.70869464,0.6986334,0.0260678883641958,0.00025820732,0.0016734004,0.008646071
QLSTM,6,7,0.69294953,0.7052343,0.72426164,0.6932688,0.0260678883641958,0.012284756,0.011965513,0.031312108
QLSTM,6,7,0.6859717,0.6937816,0.7404581,0.6862377,0.0260678883641958,0.007809937,0.0075439215,0.054486394
QLSTM,6,7,0.67956686,0.68913144,0.748624,0.6799297,0.0260678883641958,0.0095645785,0.009201765,0.06905717
QLSTM,6,7,0.67382723,0.68236446,0.7469085,0.6743367,0.0260678883641958,0.008537233,0.008027792,0.073081255
QLSTM,6,7,0.6641875,0.67190105,0.73789114,0.6614817,0.0260678883641958,0.0077135563,0.010419369,0.07370365
QLSTM,6,7,0.6550413,0.6632954,0.72830284,0.65434957,0.0260678883641958,0.008254111,0.008945823,0.07326156
QLSTM,6,7,0.64536375,0.6577639,0.72068876,0.644875,0.0260678883641958,0.01240015,0.012888908,0.07532501
QLSTM,6,7,0.641283,0.6539279,0.7149005,0.6453086,0.0260678883641958,0.012644947,0.0086193085,0.07361752
QLSTM,6,7,0.6365837,0.64947194,0.7081087,0.63760054,0.0260678883641958,0.012888253,0.0118713975,0.07152504
QLSTM,6,7,0.63328314,0.64362127,0.70004857,0.6343036,0.0260678883641958,0.010338128,0.0093176365,0.06676543
QLSTM,6,7,0.62869495,0.63933647,0.69294953,0.628288,0.0260678883641958,0.010641515,0.011048496,0.06425458
QLSTM,6,7,0.6241533,0.63557965,0.6859717,0.6243127,0.0260678883641958,0.01142633,0.011266947,0.06181836
LSTM,6,7,0.77590215,0.78172886,0.8131401,0.7761943,0.0260678883641958,0.0058267117,0.0055345893,0.037237942
LSTM,6,7,0.7685396,0.77759504,0.80821025,0.76526785,0.0260678883641958,0.009055436,0.012327194,0.039670646
LSTM,6,7,0.7612732,0.7736008,0.8037051,0.75998676,0.0260678883641958,0.012327611,0.0136140585,0.04243189
LSTM,6,7,0.75570345,0.76988506,0.79963136,0.75683147,0.0260678883641958,0.014181614,0.013053596,0.043927908
LSTM,6,7,0.74921906,0.7674933,0.7973735,0.74904776,0.0260678883641958,0.018274248,0.018445551,0.048154414
LSTM,6,7,0.74451584,0.76581746,0.7947243,0.7453271,0.0260678883641958,0.021301627,0.020490348,0.05020845
LSTM,6,7,0.7410626,0.7630218,0.791343,0.7421986,0.0260678883641958,0.021959245,0.02082324,0.050280392
LSTM,6,7,0.7364666,0.7591966,0.7867616,0.7362661,0.0260678883641958,0.022729993,0.022930503,0.050294995
LSTM,6,7,0.7306856,0.75518674,0.7819976,0.72969294,0.0260678883641958,0.024501145,0.0254938,0.05131203
LSTM,6,7,0.724287,0.7522774,0.77904063,0.72339505,0.0260678883641958,0.0279904,0.028882325,0.05475366
LSTM,6,7,0.7189145,0.74989486,0.77590215,0.7195335,0.0260678883641958,0.030980349,0.030361354,0.056987643
LSTM,6,7,0.7167642,0.7441435,0.7685396,0.71949464,0.0260678883641958,0.027379274,0.024648845,0.051775396
LSTM,6,7,0.7167712,0.73777944,0.7612732,0.7193099,0.0260678883641958,0.021008253,0.018469512,0.04450202
LSTM,6,7,0.71568525,0.73318976,0.75570345,0.7156706,0.0260678883641958,0.017504513,0.017519176,0.0400182
LSTM,6,7,0.7128329,0.7279976,0.74921906,0.7114865,0.0260678883641958,0.015164673,0.016511083,0.036386132
LSTM,6,7,0.70869464,0.7241301,0.74451584,0.70750767,0.0260678883641958,0.015435457,0.016622424,0.0358212
LSTM,6,7,0.72426164,0.72124094,0.7410626,0.7389977,0.0260678883641958,0.0030207038,0.01775676,0.01680094
LSTM,6,7,0.7404581,0.7172767,0.7364666,0.74705994,0.0260678883641958,0.023181379,0.029783249,0.0039914846
LSTM,6,7,0.748624,0.7125028,0.7306856,0.7440039,0.0260678883641958,0.03612125,0.031501114,0.017938435
LSTM,6,7,0.7469085,0.7065866,0.724287,0.7374169,0.0260678883641958,0.040321887,0.030830324,0.022621512
LSTM,6,7,0.73789114,0.70186156,0.7189145,0.7302189,0.0260678883641958,0.036029577,0.028357327,0.018976629
LSTM,6,7,0.72830284,0.6977001,0.7167642,0.72619045,0.0260678883641958,0.030602753,0.028490365,0.011538625
LSTM,6,7,0.72068876,0.6975902,0.7167712,0.72055143,0.0260678883641958,0.023098588,0.022961259,0.003917575
LSTM,6,7,0.7149005,0.69752705,0.71568525,0.7150178,0.0260678883641958,0.017373443,0.017490745,0.00078475475
LSTM,6,7,0.7081087,0.6954694,0.7128329,0.70697165,0.0260678883641958,0.012639344,0.011502266,0.0047242045
LSTM,6,7,0.70004857,0.6919091,0.70869464,0.6986334,0.0260678883641958,0.008139491,0.006724298,0.008646071
LSTM,6,7,0.69294953,0.6949855,0.72426164,0.6932688,0.0260678883641958,0.0020359755,0.001716733,0.031312108
LSTM,6,7,0.6859717,0.70409966,0.7404581,0.6862377,0.0260678883641958,0.018127978,0.017861962,0.054486394
LSTM,6,7,0.67956686,0.7009389,0.748624,0.6799297,0.0260678883641958,0.02137202,0.021009207,0.06905717
LSTM,6,7,0.67382723,0.6969904,0.7469085,0.6743367,0.0260678883641958,0.02316314,0.022653699,0.073081255
LSTM,6,7,0.6641875,0.687973,0.73789114,0.6614817,0.0260678883641958,0.023785532,0.026491344,0.07370365
LSTM,6,7,0.6550413,0.6783847,0.72830284,0.65434957,0.0260678883641958,0.023343444,0.024035156,0.07326156
LSTM,6,7,0.64536375,0.67077065,0.72068876,0.644875,0.0260678883641958,0.025406897,0.025895655,0.07532501
LSTM,6,7,0.641283,0.6649824,0.7149005,0.6453086,0.0260678883641958,0.023699403,0.019673765,0.07361752
LSTM,6,7,0.6365837,0.6581906,0.7081087,0.63760054,0.0260678883641958,0.021606922,0.020590067,0.07152504
LSTM,6,7,0.63328314,0.65013045,0.70004857,0.6343036,0.0260678883641958,0.016847312,0.015826821,0.06676543
LSTM,6,7,0.62869495,0.6430314,0.69294953,0.628288,0.0260678883641958,0.014336467,0.014743447,0.06425458
LSTM,6,7,0.6241533,0.63605356,0.6859717,0.6243127,0.0260678883641958,0.011900246,0.011740863,0.06181836
GRU,6,7,0.77590215,0.7618087,0.8131401,0.7761943,0.0260678883641958,0.014093459,0.014385581,0.037237942
GRU,6,7,0.7685396,0.7649261,0.80821025,0.76526785,0.0260678883641958,0.0036135316,0.00034177303,0.039670646
GRU,6,7,0.7612732,0.76123893,0.8037051,0.75998676,0.0260678883641958,3.427267e-05,0.0012521744,0.04243189
GRU,6,7,0.75570345,0.75825596,0.79963136,0.75683147,0.0260678883641958,0.0025525093,0.0014244914,0.043927908
GRU,6,7,0.74921906,0.7555647,0.7973735,0.74904776,0.0260678883641958,0.0063456297,0.0065169334,0.048154414
GRU,6,7,0.74451584,0.7512311,0.7947243,0.7453271,0.0260678883641958,0.006715238,0.0059039593,0.05020845
GRU,6,7,0.7410626,0.7494291,0.791343,0.7421986,0.0260678883641958,0.008366525,0.0072305202,0.050280392
GRU,6,7,0.7364666,0.7461089,0.7867616,0.7362661,0.0260678883641958,0.009642303,0.009842813,0.050294995
GRU,6,7,0.7306856,0.7427605,0.7819976,0.72969294,0.0260678883641958,0.012074888,0.0130675435,0.05131203
GRU,6,7,0.724287,0.7399256,0.77904063,0.72339505,0.0260678883641958,0.01563865,0.016530573,0.05475366
GRU,6,7,0.7189145,0.734753,0.77590215,0.7195335,0.0260678883641958,0.015838504,0.01521951,0.056987643
GRU,6,7,0.7167642,0.7260473,0.7685396,0.71949464,0.0260678883641958,0.009283066,0.0065526366,0.051775396
GRU,6,7,0.7167712,0.7196376,0.7612732,0.7193099,0.0260678883641958,0.0028663874,0.00032764673,0.04450202
GRU,6,7,0.71568525,0.71600735,0.75570345,0.7156706,0.0260678883641958,0.0003221035,0.00033676624,0.0400182
GRU,6,7,0.7128329,0.71071506,0.74921906,0.7114865,0.0260678883641958,0.0021178722,0.0007714629,0.036386132
GRU,6,7,0.70869464,0.7074432,0.74451584,0.70750767,0.0260678883641958,0.0012514591,6.4492226e-05,0.0358212
GRU,6,7,0.72426164,0.70491785,0.7410626,0.7389977,0.0260678883641958,0.019343793,0.03407985,0.01680094
GRU,6,7,0.7404581,0.70150226,0.7364666,0.74705994,0.0260678883641958,0.038955808,0.045557678,0.0039914846
GRU,6,7,0.748624,0.69675875,0.7306856,0.7440039,0.0260678883641958,0.05186528,0.047245145,0.017938435
GRU,6,7,0.7469085,0.69134146,0.724287,0.7374169,0.0260678883641958,0.055567026,0.046075463,0.022621512
GRU,6,7,0.73789114,0.6876269,0.7189145,0.7302189,0.0260678883641958,0.05026424,0.04259199,0.018976629
GRU,6,7,0.72830284,0.6880418,0.7167642,0.72619045,0.0260678883641958,0.04026103,0.03814864,0.011538625
GRU,6,7,0.72068876,0.68018454,0.7167712,0.72055143,0.0260678883641958,0.040504217,0.040366888,0.003917575
GRU,6,7,0.7149005,0.6765646,0.71568525,0.7150178,0.0260678883641958,0.03833592,0.03845322,0.00078475475
GRU,6,7,0.7081087,0.67377,0.7128329,0.70697165,0.0260678883641958,0.034338713,0.033201635,0.0047242045
GRU,6,7,0.70004857,0.6714759,0.70869464,0.6986334,0.0260678883641958,0.028572679,0.027157485,0.008646071
GRU,6,7,0.69294953,0.6740264,0.72426164,0.6932688,0.0260678883641958,0.018923104,0.019242346,0.031312108
GRU,6,7,0.6859717,0.68495464,0.7404581,0.6862377,0.0260678883641958,0.001017034,0.0012830496,0.054486394
GRU,6,7,0.67956686,0.6931206,0.748624,0.6799297,0.0260678883641958,0.013553739,0.013190925,0.06905717
GRU,6,7,0.67382723,0.69140506,0.7469085,0.6743367,0.0260678883641958,0.017577827,0.017068386,0.073081255
GRU,6,7,0.6641875,0.6823877,0.73789114,0.6614817,0.0260678883641958,0.018200219,0.020906031,0.07370365
GRU,6,7,0.6550413,0.6727994,0.72830284,0.65434957,0.0260678883641958,0.017758131,0.018449843,0.07326156
GRU,6,7,0.64536375,0.66518533,0.72068876,0.644875,0.0260678883641958,0.019821584,0.020310342,0.07532501
GRU,6,7,0.641283,0.65939707,0.7149005,0.6453086,0.0260678883641958,0.01811409,0.014088452,0.07361752
GRU,6,7,0.6365837,0.6526053,0.7081087,0.63760054,0.0260678883641958,0.01602161,0.015004754,0.07152504
GRU,6,7,0.63328314,0.64454514,0.70004857,0.6343036,0.0260678883641958,0.011262,0.0102415085,0.06676543
GRU,6,7,0.62869495,0.6374461,0.69294953,0.628288,0.0260678883641958,0.008751154,0.009158134,0.06425458
GRU,6,7,0.6241533,0.63046825,0.6859717,0.6243127,0.0260678883641958,0.0063149333,0.0061555505,0.06181836
MLP,6,7,0.77590215,0.7732396,0.8131401,0.7761943,0.0260678883641958,0.0026625395,0.0029546618,0.037237942
MLP,6,7,0.7685396,0.7704113,0.80821025,0.76526785,0.0260678883641958,0.001871705,0.0051434636,0.039670646
MLP,6,7,0.7612732,0.76576966,0.8037051,0.75998676,0.0260678883641958,0.004496455,0.0057829022,0.04243189
MLP,6,7,0.75570345,0.749913,0.79963136,0.75683147,0.0260678883641958,0.005790472,0.00691849,0.043927908
MLP,6,7,0.74921906,0.74814296,0.7973735,0.74904776,0.0260678883641958,0.0010761023,0.0009047985,0.048154414
MLP,6,7,0.74451584,0.74316496,0.7947243,0.7453271,0.0260678883641958,0.0013508797,0.0021621585,0.05020845
MLP,6,7,0.7410626,0.73449385,0.791343,0.7421986,0.0260678883641958,0.00656873,0.007704735,0.050280392
MLP,6,7,0.7364666,0.7394138,0.7867616,0.7362661,0.0260678883641958,0.0029472113,0.0031477213,0.050294995
MLP,6,7,0.7306856,0.73250294,0.7819976,0.72969294,0.0260678883641958,0.0018173456,0.0028100014,0.05131203
MLP,6,7,0.724287,0.7232876,0.77904063,0.72339505,0.0260678883641958,0.0009993911,0.000107467175,0.05475366
MLP,6,7,0.7189145,0.7241199,0.77590215,0.7195335,0.0260678883641958,0.005205393,0.0045863986,0.056987643
MLP,6,7,0.7167642,0.7115011,0.7685396,0.71949464,0.0260678883641958,0.00526309,0.007993519,0.051775396
MLP,6,7,0.7167712,0.7130152,0.7612732,0.7193099,0.0260678883641958,0.0037559867,0.0062947273,0.04450202
MLP,6,7,0.71568525,0.7044114,0.75570345,0.7156706,0.0260678883641958,0.011273861,0.011259198,0.0400182
MLP,6,7,0.7128329,0.6904304,0.74921906,0.7114865,0.0260678883641958,0.022402525,0.021056116,0.036386132
MLP,6,7,0.70869464,0.69526345,0.74451584,0.70750767,0.0260678883641958,0.013431191,0.012244225,0.0358212
MLP,6,7,0.72426164,0.6909231,0.7410626,0.7389977,0.0260678883641958,0.033338547,0.048074603,0.01680094
MLP,6,7,0.7404581,0.683443,0.7364666,0.74705994,0.0260678883641958,0.05701506,0.06361693,0.0039914846
MLP,6,7,0.748624,0.681443,0.7306856,0.7440039,0.0260678883641958,0.06718105,0.062560916,0.017938435
MLP,6,7,0.7469085,0.6775809,0.724287,0.7374169,0.0260678883641958,0.06932759,0.05983603,0.022621512
MLP,6,7,0.73789114,0.67500967,0.7189145,0.7302189,0.0260678883641958,0.06288147,0.05520922,0.018976629
MLP,6,7,0.72830284,0.6820871,0.7167642,0.72619045,0.0260678883641958,0.046215713,0.044103324,0.011538625
MLP,6,7,0.72068876,0.66868794,0.7167712,0.72055143,0.0260678883641958,0.05200082,0.05186349,0.003917575
MLP,6,7,0.7149005,0.66494954,0.71568525,0.7150178,0.0260678883641958,0.049950957,0.05006826,0.00078475475
MLP,6,7,0.7081087,0.65704584,0.7128329,0.70697165,0.0260678883641958,0.051062882,0.049925804,0.0047242045
MLP,6,7,0.70004857,0.65624785,0.70869464,0.6986334,0.0260678883641958,0.04380071,0.04238552,0.008646071
MLP,6,7,0.69294953,0.7108448,0.72426164,0.6932688,0.0260678883641958,0.017895281,0.017576039,0.031312108
MLP,6,7,0.6859717,0.7171404,0.7404581,0.6862377,0.0260678883641958,0.0311687,0.030902684,0.054486394
MLP,6,7,0.67956686,0.7227996,0.748624,0.6799297,0.0260678883641958,0.04323274,0.042869925,0.06905717
MLP,6,7,0.67382723,0.70759016,0.7469085,0.6743367,0.0260678883641958,0.03376293,0.03325349,0.073081255
MLP,6,7,0.6641875,0.6713222,0.73789114,0.6614817,0.0260678883641958,0.0071347356,0.009840548,0.07370365
MLP,6,7,0.6550413,0.6693786,0.72830284,0.65434957,0.0260678883641958,0.014337301,0.015029013,0.07326156
MLP,6,7,0.64536375,0.6565382,0.72068876,0.644875,0.0260678883641958,0.01117444,0.0116631985,0.07532501
MLP,6,7,0.641283,0.65516806,0.7149005,0.6453086,0.0260678883641958,0.013885081,0.009859443,0.07361752
MLP,6,7,0.6365837,0.65560424,0.7081087,0.63760054,0.0260678883641958,0.019020557,0.018003702,0.07152504
MLP,6,7,0.63328314,0.64684325,0.70004857,0.6343036,0.0260678883641958,0.013560116,0.012539625,0.06676543
MLP,6,7,0.62869495,0.6451844,0.69294953,0.628288,0.0260678883641958,0.016489446,0.016896427,0.06425458
MLP,6,7,0.6241533,0.6409112,0.6859717,0.6243127,0.0260678883641958,0.016757905,0.016598523,0.06181836
Seq2Seq,6,7,0.77590215,0.76972604,0.8131401,0.7761943,0.0260678883641958,0.006176114,0.0064682364,0.037237942
Seq2Seq,6,7,0.7685396,0.7596471,0.80821025,0.76526785,0.0260678883641958,0.008892536,0.0056207776,0.039670646
Seq2Seq,6,7,0.7612732,0.75757635,0.8037051,0.75998676,0.0260678883641958,0.0036968589,0.0024104118,0.04243189
Seq2Seq,6,7,0.75570345,0.7564688,0.79963136,0.75683147,0.0260678883641958,0.00076532364,0.00036269426,0.043927908
Seq2Seq,6,7,0.74921906,0.7667044,0.7973735,0.74904776,0.0260678883641958,0.01748532,0.017656624,0.048154414
Seq2Seq,6,7,0.74451584,0.7612192,0.7947243,0.7453271,0.0260678883641958,0.016703367,0.015892088,0.05020845
Seq2Seq,6,7,0.7410626,0.75967425,0.791343,0.7421986,0.0260678883641958,0.01861167,0.017475665,0.050280392
Seq2Seq,6,7,0.7364666,0.75567734,0.7867616,0.7362661,0.0260678883641958,0.019210756,0.019411266,0.050294995
Seq2Seq,6,7,0.7306856,0.7506059,0.7819976,0.72969294,0.0260678883641958,0.01992029,0.020912945,0.05131203
Seq2Seq,6,7,0.724287,0.7502333,0.77904063,0.72339505,0.0260678883641958,0.02594632,0.026838243,0.05475366
Seq2Seq,6,7,0.7189145,0.7465909,0.77590215,0.7195335,0.0260678883641958,0.027676404,0.02705741,0.056987643
Seq2Seq,6,7,0.7167642,0.7353244,0.7685396,0.71949464,0.0260678883641958,0.018560171,0.015829742,0.051775396
Seq2Seq,6,7,0.7167712,0.7272614,0.7612732,0.7193099,0.0260678883641958,0.010490239,0.007951498,0.04450202
Seq2Seq,6,7,0.71568525,0.7220636,0.75570345,0.7156706,0.0260678883641958,0.0063783526,0.0063930154,0.0400182
Seq2Seq,6,7,0.7128329,0.7105415,0.74921906,0.7114865,0.0260678883641958,0.002291441,0.00094503164,0.036386132
Seq2Seq,6,7,0.70869464,0.7099361,0.74451584,0.70750767,0.0260678883641958,0.0012414455,0.0024284124,0.0358212
Seq2Seq,6,7,0.72426164,0.70859414,0.7410626,0.7389977,0.0260678883641958,0.015667498,0.030403554,0.01680094
Seq2Seq,6,7,0.7404581,0.7057414,0.7364666,0.74705994,0.0260678883641958,0.034716666,0.041318536,0.0039914846
Seq2Seq,6,7,0.748624,0.70241284,0.7306856,0.7440039,0.0260678883641958,0.046211183,0.04159105,0.017938435
Seq2Seq,6,7,0.7469085,0.69761086,0.724287,0.7374169,0.0260678883641958,0.04929763,0.039806068,0.022621512
Seq2Seq,6,7,0.73789114,0.6961995,0.7189145,0.7302189,0.0260678883641958,0.04169166,0.03401941,0.018976629
Seq2Seq,6,7,0.72830284,0.70057213,0.7167642,0.72619045,0.0260678883641958,0.027730703,0.025618315,0.011538625
Seq2Seq,6,7,0.72068876,0.6907809,0.7167712,0.72055143,0.0260678883641958,0.029907882,0.029770553,0.003917575
Seq2Seq,6,7,0.7149005,0.68634903,0.71568525,0.7150178,0.0260678883641958,0.02855146,0.028668761,0.00078475475
Seq2Seq,6,7,0.7081087,0.68190014,0.7128329,0.70697165,0.0260678883641958,0.02620858,0.025071502,0.0047242045
Seq2Seq,6,7,0.70004857,0.6766768,0.70869464,0.6986334,0.0260678883641958,0.023371756,0.021956563,0.008646071
Seq2Seq,6,7,0.69294953,0.6995714,0.72426164,0.6932688,0.0260678883641958,0.0066218376,0.006302595,0.031312108
Seq2Seq,6,7,0.6859717,0.70158005,0.7404581,0.6862377,0.0260678883641958,0.01560837,0.015342355,0.054486394
Seq2Seq,6,7,0.67956686,0.6936495,0.748624,0.6799297,0.0260678883641958,0.014082611,0.013719797,0.06905717
Seq2Seq,6,7,0.67382723,0.6823102,0.7469085,0.6743367,0.0260678883641958,0.008482993,0.007973552,0.073081255
Seq2Seq,6,7,0.6641875,0.6688653,0.73789114,0.6614817,0.0260678883641958,0.004677832,0.0073836446,0.07370365
Seq2Seq,6,7,0.6550413,0.66375864,0.72830284,0.65434957,0.0260678883641958,0.008717358,0.00940907,0.07326156
Seq2Seq,6,7,0.64536375,0.6560187,0.72068876,0.644875,0.0260678883641958,0.010654926,0.011143684,0.07532501
Seq2Seq,6,7,0.641283,0.65281856,0.7149005,0.6453086,0.0260678883641958,0.011535585,0.007509947,0.07361752
Seq2Seq,6,7,0.6365837,0.64784235,0.7081087,0.63760054,0.0260678883641958,0.011258662,0.0102418065,0.07152504
Seq2Seq,6,7,0.63328314,0.6412205,0.70004857,0.6343036,0.0260678883641958,0.007937372,0.0069168806,0.06676543
Seq2Seq,6,7,0.62869495,0.63605773,0.69294953,0.628288,0.0260678883641958,0.007362783,0.0077697635,0.06425458
Seq2Seq,6,7,0.6241533,0.63258994,0.6859717,0.6243127,0.0260678883641958,0.00843662,0.008277237,0.06181836
Persistence,7,8,0.6989536,0.72546697,0.72546697,0.6945107,0.0263503361493349,0.026513338,0.030956268,0.026513338
Persistence,7,8,0.6884912,0.7246443,0.7246443,0.68616694,0.0263503361493349,0.036153078,0.03847736,0.036153078
Persistence,7,8,0.6802774,0.7223164,0.7223164,0.68078893,0.0263503361493349,0.042038977,0.04152745,0.042038977
Persistence,7,8,0.67103016,0.7167706,0.7167706,0.6697836,0.0263503361493349,0.045740426,0.046986997,0.045740426
Persistence,7,8,0.66385454,0.7109079,0.7109079,0.66457576,0.0263503361493349,0.047053337,0.04633212,0.047053337
Persistence,7,8,0.6578535,0.70334595,0.70334595,0.6590844,0.0263503361493349,0.04549247,0.044261575,0.04549247
Persistence,7,8,0.6540532,0.70518774,0.70518774,0.65621185,0.0263503361493349,0.051134527,0.048975885,0.051134527
Persistence,7,8,0.64946836,0.7113261,0.7113261,0.6496619,0.0263503361493349,0.06185776,0.061664224,0.06185776
Persistence,7,8,0.64434725,0.7117721,0.7117721,0.64387417,0.0263503361493349,0.067424834,0.067897916,0.067424834
Persistence,7,8,0.6414986,0.70755786,0.70755786,0.6432641,0.0263503361493349,0.06605923,0.06429374,0.06605923
Persistence,7,8,0.6365854,0.6989536,0.6989536,0.6359818,0.0263503361493349,0.062368214,0.06297183,0.062368214
Persistence,7,8,0.63420784,0.6884912,0.6884912,0.6357248,0.0263503361493349,0.05428338,0.052766442,0.05428338
Persistence,7,8,0.6308768,0.6802774,0.6802774,0.6307712,0.0263503361493349,0.049400628,0.049506187,0.049400628
Persistence,7,8,0.62386006,0.67103016,0.67103016,0.6210601,0.0263503361493349,0.047170103,0.04997009,0.047170103
Persistence,7,8,0.61932254,0.66385454,0.66385454,0.62012684,0.0263503361493349,0.044532,0.043727696,0.044532
Persistence,7,8,0.6302955,0.6578535,0.6578535,0.6425565,0.0263503361493349,0.02755797,0.015296996,0.02755797
Persistence,7,8,0.6445993,0.6540532,0.6540532,0.65216637,0.0263503361493349,0.009453893,0.0018868446,0.009453893
Persistence,7,8,0.6463864,0.64946836,0.64946836,0.63893193,0.0263503361493349,0.0030819774,0.010536432,0.0030819774
Persistence,7,8,0.6432112,0.64434725,0.64434725,0.63617325,0.0263503361493349,0.0011360645,0.008174002,0.0011360645
Persistence,7,8,0.63138825,0.6414986,0.6414986,0.6238942,0.0263503361493349,0.010110378,0.01760441,0.010110378
Persistence,7,8,0.6195803,0.6365854,0.6365854,0.61762494,0.0263503361493349,0.017005086,0.018960476,0.017005086
Persistence,7,8,0.6125772,0.63420784,0.63420784,0.61462563,0.0263503361493349,0.021630645,0.019582212,0.021630645
Persistence,7,8,0.6093553,0.6308768,0.6308768,0.61194545,0.0263503361493349,0.021521509,0.01893133,0.021521509
Persistence,7,8,0.6037891,0.62386006,0.62386006,0.6027117,0.0263503361493349,0.02007097,0.021148384,0.02007097
Persistence,7,8,0.5984047,0.61932254,0.61932254,0.5978912,0.0263503361493349,0.020917833,0.021431327,0.020917833
Persistence,7,8,0.5940534,0.6302955,0.6302955,0.59503645,0.0263503361493349,0.036242127,0.035259068,0.036242127
Persistence,7,8,0.58924556,0.6445993,0.6445993,0.58960086,0.0263503361493349,0.05535376,0.054998457,0.05535376
Persistence,7,8,0.58467734,0.6463864,0.6463864,0.584752,0.0263503361493349,0.061709046,0.06163436,0.061709046
Persistence,7,8,0.58232474,0.6432112,0.6432112,0.5838619,0.0263503361493349,0.060886443,0.0593493,0.060886443
Persistence,7,8,0.57892287,0.63138825,0.63138825,0.5789628,0.0263503361493349,0.05246538,0.052425444,0.05246538
Persistence,7,8,0.57522136,0.6195803,0.6195803,0.57499063,0.0263503361493349,0.04435897,0.0445897,0.04435897
Persistence,7,8,0.57365817,0.6125772,0.6125772,0.575143,0.0263503361493349,0.03891903,0.03743422,0.03891903
Persistence,7,8,0.56902796,0.6093553,0.6093553,0.56747264,0.0263503361493349,0.04032731,0.041882634,0.04032731
Persistence,7,8,0.5674396,0.6037891,0.6037891,0.56904805,0.0263503361493349,0.036349475,0.034741044,0.036349475
Persistence,7,8,0.56316394,0.5984047,0.5984047,0.5618556,0.0263503361493349,0.03524077,0.03654909,0.03524077
Persistence,7,8,0.5866496,0.5940534,0.5940534,0.6070596,0.0263503361493349,0.007403791,0.01300621,0.007403791
Persistence,7,8,0.60285956,0.58924556,0.58924556,0.6059724,0.0263503361493349,0.013613999,0.016726851,0.013613999
Persistence,7,8,0.60751647,0.58467734,0.58467734,0.5985624,0.0263503361493349,0.022839129,0.013885081,0.022839129
Persistence,7,8,0.60207456,0.58232474,0.58232474,0.5911446,0.0263503361493349,0.01974982,0.008819878,0.01974982
Persistence,7,8,0.58972585,0.57892287,0.57892287,0.5822668,0.0263503361493349,0.010802984,0.0033439398,0.010802984
Persistence,7,8,0.57802236,0.57522136,0.57522136,0.576778,0.0263503361493349,0.002801001,0.0015566349,0.002801001
Persistence,7,8,0.57532525,0.57365817,0.57365817,0.58009934,0.0263503361493349,0.0016670823,0.006441176,0.0016670823
Persistence,7,8,0.57960415,0.56902796,0.56902796,0.58558583,0.0263503361493349,0.010576189,0.016557872,0.010576189
Persistence,7,8,0.57949644,0.5674396,0.5674396,0.57817054,0.0263503361493349,0.012056828,0.010730922,0.012056828
Persistence,7,8,0.5747971,0.56316394,0.56316394,0.5705412,0.0263503361493349,0.011633158,0.007377267,0.011633158
Persistence,7,8,0.56927204,0.5866496,0.5866496,0.5676192,0.0263503361493349,0.017377555,0.019030392,0.017377555
Persistence,7,8,0.5994087,0.60285956,0.60285956,0.6265424,0.0263503361493349,0.0034508705,0.023682833,0.0034508705
Persistence,7,8,0.6078357,0.60751647,0.60751647,0.6025227,0.0263503361493349,0.00031924248,0.0049937963,0.00031924248
Persistence,7,8,0.6072684,0.60207456,0.60207456,0.5955993,0.0263503361493349,0.0051938295,0.00647527,0.0051938295
Persistence,7,8,0.59776765,0.58972585,0.58972585,0.5873191,0.0263503361493349,0.008041799,0.002406776,0.008041799
Persistence,7,8,0.5829924,0.57802236,0.57802236,0.5777716,0.0263503361493349,0.004970014,0.00025075674,0.004970014
Persistence,7,8,0.5740219,0.57532525,0.57532525,0.57690203,0.0263503361493349,0.0013033748,0.0015767813,0.0013033748
MQAttn-LSTM-VQR,7,8,0.6989536,0.67083293,0.72546697,0.6945107,0.0263503361493349,0.028120697,0.023677766,0.026513338
MQAttn-LSTM-VQR,7,8,0.6884912,0.6693606,0.7246443,0.68616694,0.0263503361493349,0.019130647,0.016806364,0.036153078
MQAttn-LSTM-VQR,7,8,0.6802774,0.66775405,0.7223164,0.68078893,0.0263503361493349,0.012523353,0.01303488,0.042038977
MQAttn-LSTM-VQR,7,8,0.67103016,0.6623325,0.7167706,0.6697836,0.0263503361493349,0.008697689,0.007451117,0.045740426
MQAttn-LSTM-VQR,7,8,0.66385454,0.6564953,0.7109079,0.66457576,0.0263503361493349,0.0073592663,0.0080804825,0.047053337
MQAttn-LSTM-VQR,7,8,0.6578535,0.6487793,0.70334595,0.6590844,0.0263503361493349,0.009074211,0.010305107,0.04549247
MQAttn-LSTM-VQR,7,8,0.6540532,0.6549328,0.70518774,0.65621185,0.0263503361493349,0.00087958574,0.0012790561,0.051134527
MQAttn-LSTM-VQR,7,8,0.64946836,0.6594441,0.7113261,0.6496619,0.0263503361493349,0.009975731,0.009782195,0.06185776
MQAttn-LSTM-VQR,7,8,0.64434725,0.6585234,0.7117721,0.64387417,0.0263503361493349,0.01417613,0.014649212,0.067424834
MQAttn-LSTM-VQR,7,8,0.6414986,0.6543353,0.70755786,0.6432641,0.0263503361493349,0.012836695,0.011071205,0.06605923
MQAttn-LSTM-VQR,7,8,0.6365854,0.64662266,0.6989536,0.6359818,0.0263503361493349,0.010037243,0.01064086,0.062368214
MQAttn-LSTM-VQR,7,8,0.63420784,0.63763386,0.6884912,0.6357248,0.0263503361493349,0.0034260154,0.0019090772,0.05428338
MQAttn-LSTM-VQR,7,8,0.6308768,0.63534606,0.6802774,0.6307712,0.0263503361493349,0.0044692755,0.0045748353,0.049400628
MQAttn-LSTM-VQR,7,8,0.62386006,0.6267864,0.67103016,0.6210601,0.0263503361493349,0.0029263496,0.0057263374,0.047170103
MQAttn-LSTM-VQR,7,8,0.61932254,0.6212603,0.66385454,0.62012684,0.0263503361493349,0.001937747,0.0011334419,0.044532
MQAttn-LSTM-VQR,7,8,0.6302955,0.62254316,0.6578535,0.6425565,0.0263503361493349,0.007752359,0.020013332,0.02755797
MQAttn-LSTM-VQR,7,8,0.6445993,0.6174908,0.6540532,0.65216637,0.0263503361493349,0.02710849,0.03467554,0.009453893
MQAttn-LSTM-VQR,7,8,0.6463864,0.61340135,0.64946836,0.63893193,0.0263503361493349,0.03298503,0.025530577,0.0030819774
MQAttn-LSTM-VQR,7,8,0.6432112,0.6090337,0.64434725,0.63617325,0.0263503361493349,0.034177482,0.027139544,0.0011360645
MQAttn-LSTM-VQR,7,8,0.63138825,0.60737973,0.6414986,0.6238942,0.0263503361493349,0.024008512,0.01651448,0.010110378
MQAttn-LSTM-VQR,7,8,0.6195803,0.6094444,0.6365854,0.61762494,0.0263503361493349,0.010135949,0.008180559,0.017005086
MQAttn-LSTM-VQR,7,8,0.6125772,0.6044886,0.63420784,0.61462563,0.0263503361493349,0.008088589,0.010137022,0.021630645
MQAttn-LSTM-VQR,7,8,0.6093553,0.60164297,0.6308768,0.61194545,0.0263503361493349,0.0077123046,0.010302484,0.021521509
MQAttn-LSTM-VQR,7,8,0.6037891,0.5955848,0.62386006,0.6027117,0.0263503361493349,0.008204281,0.007126868,0.02007097
MQAttn-LSTM-VQR,7,8,0.5984047,0.5924249,0.61932254,0.5978912,0.0263503361493349,0.0059797764,0.0054662824,0.020917833
MQAttn-LSTM-VQR,7,8,0.5940534,0.6093562,0.6302955,0.59503645,0.0263503361493349,0.015302837,0.0143197775,0.036242127
MQAttn-LSTM-VQR,7,8,0.58924556,0.62002206,0.6445993,0.58960086,0.0263503361493349,0.0307765,0.030421197,0.05535376
MQAttn-LSTM-VQR,7,8,0.58467734,0.6177543,0.6463864,0.584752,0.0263503361493349,0.033076942,0.033002257,0.061709046
MQAttn-LSTM-VQR,7,8,0.58232474,0.6142108,0.6432112,0.5838619,0.0263503361493349,0.03188604,0.030348897,0.060886443
MQAttn-LSTM-VQR,7,8,0.57892287,0.6021327,0.63138825,0.5789628,0.0263503361493349,0.02320981,0.023169875,0.05246538
MQAttn-LSTM-VQR,7,8,0.57522136,0.59150934,0.6195803,0.57499063,0.0263503361493349,0.016287982,0.016518712,0.04435897
MQAttn-LSTM-VQR,7,8,0.57365817,0.591339,0.6125772,0.575143,0.0263503361493349,0.017680824,0.016196012,0.03891903
MQAttn-LSTM-VQR,7,8,0.56902796,0.58590823,0.6093553,0.56747264,0.0263503361493349,0.016880274,0.018435597,0.04032731
MQAttn-LSTM-VQR,7,8,0.5674396,0.5811134,0.6037891,0.56904805,0.0263503361493349,0.013673782,0.012065351,0.036349475
MQAttn-LSTM-VQR,7,8,0.56316394,0.577062,0.5984047,0.5618556,0.0263503361493349,0.013898075,0.015206397,0.03524077
MQAttn-LSTM-VQR,7,8,0.5866496,0.57382965,0.5940534,0.6070596,0.0263503361493349,0.012819946,0.033229947,0.007403791
MQAttn-LSTM-VQR,7,8,0.60285956,0.57625103,0.58924556,0.6059724,0.0263503361493349,0.026608527,0.02972138,0.013613999
MQAttn-LSTM-VQR,7,8,0.60751647,0.56864226,0.58467734,0.5985624,0.0263503361493349,0.03887421,0.02992016,0.022839129
MQAttn-LSTM-VQR,7,8,0.60207456,0.5665649,0.58232474,0.5911446,0.0263503361493349,0.035509646,0.024579704,0.01974982
MQAttn-LSTM-VQR,7,8,0.58972585,0.56356406,0.57892287,0.5822668,0.0263503361493349,0.02616179,0.018702745,0.010802984
MQAttn-LSTM-VQR,7,8,0.57802236,0.5607641,0.57522136,0.576778,0.0263503361493349,0.017258286,0.01601392,0.002801001
MQAttn-LSTM-VQR,7,8,0.57532525,0.56608504,0.57365817,0.58009934,0.0263503361493349,0.00924021,0.014014304,0.0016670823
MQAttn-LSTM-VQR,7,8,0.57960415,0.55739677,0.56902796,0.58558583,0.0263503361493349,0.02220738,0.028189063,0.010576189
MQAttn-LSTM-VQR,7,8,0.57949644,0.55581415,0.5674396,0.57817054,0.0263503361493349,0.023682296,0.022356391,0.012056828
MQAttn-LSTM-VQR,7,8,0.5747971,0.5520763,0.56316394,0.5705412,0.0263503361493349,0.022720814,0.018464923,0.011633158
MQAttn-LSTM-VQR,7,8,0.56927204,0.581439,0.5866496,0.5676192,0.0263503361493349,0.012166977,0.013819814,0.017377555
MQAttn-LSTM-VQR,7,8,0.5994087,0.59345686,0.60285956,0.6265424,0.0263503361493349,0.005951822,0.033085525,0.0034508705
MQAttn-LSTM-VQR,7,8,0.6078357,0.5922549,0.60751647,0.6025227,0.0263503361493349,0.015580833,0.010267794,0.00031924248
MQAttn-LSTM-VQR,7,8,0.6072684,0.58557576,0.60207456,0.5955993,0.0263503361493349,0.021692634,0.010023534,0.0051938295
MQAttn-LSTM-VQR,7,8,0.59776765,0.5731009,0.58972585,0.5873191,0.0263503361493349,0.024666727,0.014218152,0.008041799
MQAttn-LSTM-VQR,7,8,0.5829924,0.56162995,0.57802236,0.5777716,0.0263503361493349,0.021362424,0.016141653,0.004970014
MQAttn-LSTM-VQR,7,8,0.5740219,0.56571895,0.57532525,0.57690203,0.0263503361493349,0.008302927,0.011183083,0.0013033748
MQAttn-LSTM-VQR classical twin,7,8,0.6989536,0.6695344,0.72546697,0.6945107,0.0263503361493349,0.029419243,0.024976313,0.026513338
MQAttn-LSTM-VQR classical twin,7,8,0.6884912,0.663829,0.7246443,0.68616694,0.0263503361493349,0.024662197,0.022337914,0.036153078
MQAttn-LSTM-VQR classical twin,7,8,0.6802774,0.6702165,0.7223164,0.68078893,0.0263503361493349,0.010060906,0.0105724335,0.042038977
MQAttn-LSTM-VQR classical twin,7,8,0.67103016,0.6712598,0.7167706,0.6697836,0.0263503361493349,0.0002296567,0.0014762282,0.045740426
MQAttn-LSTM-VQR classical twin,7,8,0.66385454,0.6716255,0.7109079,0.66457576,0.0263503361493349,0.0077709556,0.0070497394,0.047053337
MQAttn-LSTM-VQR classical twin,7,8,0.6578535,0.66882986,0.70334595,0.6590844,0.0263503361493349,0.010976374,0.009745479,0.04549247
MQAttn-LSTM-VQR classical twin,7,8,0.6540532,0.6602498,0.70518774,0.65621185,0.0263503361493349,0.006196618,0.0040379763,0.051134527
MQAttn-LSTM-VQR classical twin,7,8,0.64946836,0.65816784,0.7113261,0.6496619,0.0263503361493349,0.008699477,0.00850594,0.06185776
MQAttn-LSTM-VQR classical twin,7,8,0.64434725,0.6651954,0.7117721,0.64387417,0.0263503361493349,0.020848155,0.021321237,0.067424834
MQAttn-LSTM-VQR classical twin,7,8,0.6414986,0.6680841,0.70755786,0.6432641,0.0263503361493349,0.02658546,0.02481997,0.06605923
MQAttn-LSTM-VQR classical twin,7,8,0.6365854,0.6649823,0.6989536,0.6359818,0.0263503361493349,0.028396904,0.02900052,0.062368214
MQAttn-LSTM-VQR classical twin,7,8,0.63420784,0.6611726,0.6884912,0.6357248,0.0263503361493349,0.026964784,0.025447845,0.05428338
MQAttn-LSTM-VQR classical twin,7,8,0.6308768,0.645593,0.6802774,0.6307712,0.0263503361493349,0.014716208,0.014821768,0.049400628
MQAttn-LSTM-VQR classical twin,7,8,0.62386006,0.6459502,0.67103016,0.6210601,0.0263503361493349,0.022090137,0.024890125,0.047170103
MQAttn-LSTM-VQR classical twin,7,8,0.61932254,0.6477057,0.66385454,0.62012684,0.0263503361493349,0.028383136,0.02757883,0.044532
MQAttn-LSTM-VQR classical twin,7,8,0.6302955,0.63462716,0.6578535,0.6425565,0.0263503361493349,0.0043316483,0.007929325,0.02755797
MQAttn-LSTM-VQR classical twin,7,8,0.6445993,0.63948685,0.6540532,0.65216637,0.0263503361493349,0.005112469,0.012679517,0.009453893
MQAttn-LSTM-VQR classical twin,7,8,0.6463864,0.6419278,0.64946836,0.63893193,0.0263503361493349,0.0044586062,0.0029958487,0.0030819774
MQAttn-LSTM-VQR classical twin,7,8,0.6432112,0.6450852,0.64434725,0.63617325,0.0263503361493349,0.0018740296,0.008911967,0.0011360645
MQAttn-LSTM-VQR classical twin,7,8,0.63138825,0.64647335,0.6414986,0.6238942,0.0263503361493349,0.015085101,0.022579134,0.010110378
MQAttn-LSTM-VQR classical twin,7,8,0.6195803,0.634811,0.6365854,0.61762494,0.0263503361493349,0.015230656,0.017186046,0.017005086
MQAttn-LSTM-VQR classical twin,7,8,0.6125772,0.6387636,0.63420784,0.61462563,0.0263503361493349,0.026186407,0.024137974,0.021630645
MQAttn-LSTM-VQR classical twin,7,8,0.6093553,0.63820666,0.6308768,0.61194545,0.0263503361493349,0.02885139,0.02626121,0.021521509
MQAttn-LSTM-VQR classical twin,7,8,0.6037891,0.6353511,0.62386006,0.6027117,0.0263503361493349,0.03156203,0.032639444,0.02007097
MQAttn-LSTM-VQR classical twin,7,8,0.5984047,0.6351944,0.61932254,0.5978912,0.0263503361493349,0.036789715,0.03730321,0.020917833
MQAttn-LSTM-VQR classical twin,7,8,0.5940534,0.63792884,0.6302955,0.59503645,0.0263503361493349,0.043875456,0.042892396,0.036242127
MQAttn-LSTM-VQR classical twin,7,8,0.58924556,0.6368871,0.6445993,0.58960086,0.0263503361493349,0.047641516,0.047286212,0.05535376
MQAttn-LSTM-VQR classical twin,7,8,0.58467734,0.6398314,0.6463864,0.584752,0.0263503361493349,0.055154085,0.0550794,0.061709046
MQAttn-LSTM-VQR classical twin,7,8,0.58232474,0.64177376,0.6432112,0.5838619,0.0263503361493349,0.059449017,0.057911873,0.060886443
MQAttn-LSTM-VQR classical twin,7,8,0.57892287,0.63560617,0.63138825,0.5789628,0.0263503361493349,0.056683302,0.056643367,0.05246538
MQAttn-LSTM-VQR classical twin,7,8,0.57522136,0.6312708,0.6195803,0.57499063,0.0263503361493349,0.056049466,0.056280196,0.04435897
MQAttn-LSTM-VQR classical twin,7,8,0.57365817,0.6219045,0.6125772,0.575143,0.0263503361493349,0.048246324,0.046761513,0.03891903
MQAttn-LSTM-VQR classical twin,7,8,0.56902796,0.6259875,0.6093553,0.56747264,0.0263503361493349,0.05695957,0.058514893,0.04032731
MQAttn-LSTM-VQR classical twin,7,8,0.5674396,0.62406707,0.6037891,0.56904805,0.0263503361493349,0.056627452,0.05501902,0.036349475
MQAttn-LSTM-VQR classical twin,7,8,0.56316394,0.62311494,0.5984047,0.5618556,0.0263503361493349,0.059951007,0.06125933,0.03524077
MQAttn-LSTM-VQR classical twin,7,8,0.5866496,0.6223285,0.5940534,0.6070596,0.0263503361493349,0.035678923,0.015268922,0.007403791
MQAttn-LSTM-VQR classical twin,7,8,0.60285956,0.6139312,0.58924556,0.6059724,0.0263503361493349,0.011071622,0.00795877,0.013613999
MQAttn-LSTM-VQR classical twin,7,8,0.60751647,0.61443985,0.58467734,0.5985624,0.0263503361493349,0.0069233775,0.015877426,0.022839129
MQAttn-LSTM-VQR classical twin,7,8,0.60207456,0.61410844,0.58232474,0.5911446,0.0263503361493349,0.01203388,0.022963822,0.01974982
MQAttn-LSTM-VQR classical twin,7,8,0.58972585,0.6120741,0.57892287,0.5822668,0.0263503361493349,0.022348225,0.02980727,0.010802984
MQAttn-LSTM-VQR classical twin,7,8,0.57802236,0.609999,0.57522136,0.576778,0.0263503361493349,0.03197664,0.033221006,0.002801001
MQAttn-LSTM-VQR classical twin,7,8,0.57532525,0.60161316,0.57365817,0.58009934,0.0263503361493349,0.026287913,0.02151382,0.0016670823
MQAttn-LSTM-VQR classical twin,7,8,0.57960415,0.60430014,0.56902796,0.58558583,0.0263503361493349,0.024695992,0.018714309,0.010576189
MQAttn-LSTM-VQR classical twin,7,8,0.57949644,0.60287136,0.5674396,0.57817054,0.0263503361493349,0.023374915,0.02470082,0.012056828
MQAttn-LSTM-VQR classical twin,7,8,0.5747971,0.5988335,0.56316394,0.5705412,0.0263503361493349,0.024036407,0.028292298,0.011633158
MQAttn-LSTM-VQR classical twin,7,8,0.56927204,0.611229,0.5866496,0.5676192,0.0263503361493349,0.04195696,0.043609798,0.017377555
MQAttn-LSTM-VQR classical twin,7,8,0.5994087,0.6253259,0.60285956,0.6265424,0.0263503361493349,0.025917232,0.0012164712,0.0034508705
MQAttn-LSTM-VQR classical twin,7,8,0.6078357,0.62802565,0.60751647,0.6025227,0.0263503361493349,0.02018994,0.02550298,0.00031924248
MQAttn-LSTM-VQR classical twin,7,8,0.6072684,0.62383574,0.60207456,0.5955993,0.0263503361493349,0.01656735,0.028236449,0.0051938295
MQAttn-LSTM-VQR classical twin,7,8,0.59776765,0.61555874,0.58972585,0.5873191,0.0263503361493349,0.017791092,0.028239667,0.008041799
MQAttn-LSTM-VQR classical twin,7,8,0.5829924,0.6088345,0.57802236,0.5777716,0.0263503361493349,0.02584213,0.031062901,0.004970014
MQAttn-LSTM-VQR classical twin,7,8,0.5740219,0.60225415,0.57532525,0.57690203,0.0263503361493349,0.028232276,0.02535212,0.0013033748
MQAttn-QLSTM-VQR,7,8,0.6989536,0.66605186,0.72546697,0.6945107,0.0263503361493349,0.032901764,0.028458834,0.026513338
MQAttn-QLSTM-VQR,7,8,0.6884912,0.66493344,0.7246443,0.68616694,0.0263503361493349,0.023557782,0.021233499,0.036153078
MQAttn-QLSTM-VQR,7,8,0.6802774,0.6640536,0.7223164,0.68078893,0.0263503361493349,0.016223788,0.016735315,0.042038977
MQAttn-QLSTM-VQR,7,8,0.67103016,0.6600133,0.7167706,0.6697836,0.0263503361493349,0.011016846,0.009770274,0.045740426
MQAttn-QLSTM-VQR,7,8,0.66385454,0.65552545,0.7109079,0.66457576,0.0263503361493349,0.008329093,0.00905031,0.047053337
MQAttn-QLSTM-VQR,7,8,0.6578535,0.65028024,0.70334595,0.6590844,0.0263503361493349,0.007573247,0.0088041425,0.04549247
MQAttn-QLSTM-VQR,7,8,0.6540532,0.65367305,0.70518774,0.65621185,0.0263503361493349,0.00038015842,0.0025388002,0.051134527
MQAttn-QLSTM-VQR,7,8,0.64946836,0.65569216,0.7113261,0.6496619,0.0263503361493349,0.006223798,0.0060302615,0.06185776
MQAttn-QLSTM-VQR,7,8,0.64434725,0.6567409,0.7117721,0.64387417,0.0263503361493349,0.012393653,0.012866735,0.067424834
MQAttn-QLSTM-VQR,7,8,0.6414986,0.6545192,0.70755786,0.6432641,0.0263503361493349,0.013020575,0.0112550855,0.06605923
MQAttn-QLSTM-VQR,7,8,0.6365854,0.648675,0.6989536,0.6359818,0.0263503361493349,0.01208961,0.012693226,0.062368214
MQAttn-QLSTM-VQR,7,8,0.63420784,0.6433128,0.6884912,0.6357248,0.0263503361493349,0.009104967,0.007588029,0.05428338
MQAttn-QLSTM-VQR,7,8,0.6308768,0.6426287,0.6802774,0.6307712,0.0263503361493349,0.01175195,0.01185751,0.049400628
MQAttn-QLSTM-VQR,7,8,0.62386006,0.64118546,0.67103016,0.6210601,0.0263503361493349,0.017325401,0.02012539,0.047170103
MQAttn-QLSTM-VQR,7,8,0.61932254,0.64201313,0.66385454,0.62012684,0.0263503361493349,0.022690594,0.02188629,0.044532
MQAttn-QLSTM-VQR,7,8,0.6302955,0.6454033,0.6578535,0.6425565,0.0263503361493349,0.0151078105,0.002846837,0.02755797
MQAttn-QLSTM-VQR,7,8,0.6445993,0.6446564,0.6540532,0.65216637,0.0263503361493349,5.710125e-05,0.007509947,0.009453893
MQAttn-QLSTM-VQR,7,8,0.6463864,0.64417684,0.64946836,0.63893193,0.0263503361493349,0.0022095442,0.0052449107,0.0030819774
MQAttn-QLSTM-VQR,7,8,0.6432112,0.64372253,0.64434725,0.63617325,0.0263503361493349,0.00051134825,0.007549286,0.0011360645
MQAttn-QLSTM-VQR,7,8,0.63138825,0.6449618,0.6414986,0.6238942,0.0263503361493349,0.013573527,0.02106756,0.010110378
MQAttn-QLSTM-VQR,7,8,0.6195803,0.6443194,0.6365854,0.61762494,0.0263503361493349,0.024739087,0.026694477,0.017005086
MQAttn-QLSTM-VQR,7,8,0.6125772,0.64314455,0.63420784,0.61462563,0.0263503361493349,0.030567348,0.028518915,0.021630645
MQAttn-QLSTM-VQR,7,8,0.6093553,0.6418116,0.6308768,0.61194545,0.0263503361493349,0.03245634,0.029866159,0.021521509
MQAttn-QLSTM-VQR,7,8,0.6037891,0.637314,0.62386006,0.6027117,0.0263503361493349,0.03352493,0.034602344,0.02007097
MQAttn-QLSTM-VQR,7,8,0.5984047,0.63536286,0.61932254,0.5978912,0.0263503361493349,0.036958158,0.037471652,0.020917833
MQAttn-QLSTM-VQR,7,8,0.5940534,0.6461161,0.6302955,0.59503645,0.0263503361493349,0.05206269,0.05107963,0.036242127
MQAttn-QLSTM-VQR,7,8,0.58924556,0.6522792,0.6445993,0.58960086,0.0263503361493349,0.06303364,0.06267834,0.05535376
MQAttn-QLSTM-VQR,7,8,0.58467734,0.6497034,0.6463864,0.584752,0.0263503361493349,0.065026045,0.06495136,0.061709046
MQAttn-QLSTM-VQR,7,8,0.58232474,0.6487793,0.6432112,0.5838619,0.0263503361493349,0.06645453,0.064917386,0.060886443
MQAttn-QLSTM-VQR,7,8,0.57892287,0.6400294,0.63138825,0.5789628,0.0263503361493349,0.061106503,0.061066568,0.05246538
MQAttn-QLSTM-VQR,7,8,0.57522136,0.6327853,0.6195803,0.57499063,0.0263503361493349,0.05756396,0.05779469,0.04435897
MQAttn-QLSTM-VQR,7,8,0.57365817,0.62820184,0.6125772,0.575143,0.0263503361493349,0.054543674,0.053058863,0.03891903
MQAttn-QLSTM-VQR,7,8,0.56902796,0.6273622,0.6093553,0.56747264,0.0263503361493349,0.05833423,0.059889555,0.04032731
MQAttn-QLSTM-VQR,7,8,0.5674396,0.62339056,0.6037891,0.56904805,0.0263503361493349,0.05595094,0.05434251,0.036349475
MQAttn-QLSTM-VQR,7,8,0.56316394,0.619782,0.5984047,0.5618556,0.0263503361493349,0.056618035,0.057926357,0.03524077
MQAttn-QLSTM-VQR,7,8,0.5866496,0.61668307,0.5940534,0.6070596,0.0263503361493349,0.03003347,0.009623468,0.007403791
MQAttn-QLSTM-VQR,7,8,0.60285956,0.61081827,0.58924556,0.6059724,0.0263503361493349,0.00795871,0.0048458576,0.013613999
MQAttn-QLSTM-VQR,7,8,0.60751647,0.6075654,0.58467734,0.5985624,0.0263503361493349,4.8935413e-05,0.009002984,0.022839129
MQAttn-QLSTM-VQR,7,8,0.60207456,0.60590166,0.58232474,0.5911446,0.0263503361493349,0.003827095,0.014757037,0.01974982
MQAttn-QLSTM-VQR,7,8,0.58972585,0.6027881,0.57892287,0.5822668,0.0263503361493349,0.013062239,0.020521283,0.010802984
MQAttn-QLSTM-VQR,7,8,0.57802236,0.5996948,0.57522136,0.576778,0.0263503361493349,0.021672428,0.022916794,0.002801001
MQAttn-QLSTM-VQR,7,8,0.57532525,0.5962342,0.57365817,0.58009934,0.0263503361493349,0.020908952,0.016134858,0.0016670823
MQAttn-QLSTM-VQR,7,8,0.57960415,0.59268326,0.56902796,0.58558583,0.0263503361493349,0.013079107,0.007097423,0.010576189
MQAttn-QLSTM-VQR,7,8,0.57949644,0.5916816,0.5674396,0.57817054,0.0263503361493349,0.012185156,0.013511062,0.012056828
MQAttn-QLSTM-VQR,7,8,0.5747971,0.58755165,0.56316394,0.5705412,0.0263503361493349,0.0127545595,0.01701045,0.011633158
MQAttn-QLSTM-VQR,7,8,0.56927204,0.6083949,0.5866496,0.5676192,0.0263503361493349,0.03912288,0.040775716,0.017377555
MQAttn-QLSTM-VQR,7,8,0.5994087,0.62237585,0.60285956,0.6265424,0.0263503361493349,0.02296716,0.0041665435,0.0034508705
MQAttn-QLSTM-VQR,7,8,0.6078357,0.6269749,0.60751647,0.6025227,0.0263503361493349,0.01913917,0.02445221,0.00031924248
MQAttn-QLSTM-VQR,7,8,0.6072684,0.6226065,0.60207456,0.5955993,0.0263503361493349,0.015338123,0.027007222,0.0051938295
MQAttn-QLSTM-VQR,7,8,0.59776765,0.6118521,0.58972585,0.5873191,0.0263503361493349,0.014084458,0.024533033,0.008041799
MQAttn-QLSTM-VQR,7,8,0.5829924,0.60155845,0.57802236,0.5777716,0.0263503361493349,0.018566072,0.023786843,0.004970014
MQAttn-QLSTM-VQR,7,8,0.5740219,0.59759605,0.57532525,0.57690203,0.0263503361493349,0.023574173,0.020694017,0.0013033748
MQAttn-QLSTM-VQR classical twin,7,8,0.6989536,0.67898464,0.72546697,0.6945107,0.0263503361493349,0.019968987,0.015526056,0.026513338
MQAttn-QLSTM-VQR classical twin,7,8,0.6884912,0.67804295,0.7246443,0.68616694,0.0263503361493349,0.010448277,0.008123994,0.036153078
MQAttn-QLSTM-VQR classical twin,7,8,0.6802774,0.6764714,0.7223164,0.68078893,0.0263503361493349,0.003805995,0.004317522,0.042038977
MQAttn-QLSTM-VQR classical twin,7,8,0.67103016,0.67128104,0.7167706,0.6697836,0.0263503361493349,0.00025087595,0.0014974475,0.045740426
MQAttn-QLSTM-VQR classical twin,7,8,0.66385454,0.66582334,0.7109079,0.66457576,0.0263503361493349,0.001968801,0.0012475848,0.047053337
MQAttn-QLSTM-VQR classical twin,7,8,0.6578535,0.6585466,0.70334595,0.6590844,0.0263503361493349,0.0006931424,0.0005377531,0.04549247
MQAttn-QLSTM-VQR classical twin,7,8,0.6540532,0.6596856,0.70518774,0.65621185,0.0263503361493349,0.0056324005,0.0034737587,0.051134527
MQAttn-QLSTM-VQR classical twin,7,8,0.64946836,0.66551095,0.7113261,0.6496619,0.0263503361493349,0.01604259,0.015849054,0.06185776
MQAttn-QLSTM-VQR classical twin,7,8,0.64434725,0.66653293,0.7117721,0.64387417,0.0263503361493349,0.022185683,0.022658765,0.067424834
MQAttn-QLSTM-VQR classical twin,7,8,0.6414986,0.6626812,0.70755786,0.6432641,0.0263503361493349,0.021182597,0.019417107,0.06605923
MQAttn-QLSTM-VQR classical twin,7,8,0.6365854,0.65439326,0.6989536,0.6359818,0.0263503361493349,0.017807841,0.018411458,0.062368214
MQAttn-QLSTM-VQR classical twin,7,8,0.63420784,0.6443554,0.6884912,0.6357248,0.0263503361493349,0.010147572,0.008630633,0.05428338
MQAttn-QLSTM-VQR classical twin,7,8,0.6308768,0.6355237,0.6802774,0.6307712,0.0263503361493349,0.0046468973,0.004752457,0.049400628
MQAttn-QLSTM-VQR classical twin,7,8,0.62386006,0.6273121,0.67103016,0.6210601,0.0263503361493349,0.0034520626,0.0062520504,0.047170103
MQAttn-QLSTM-VQR classical twin,7,8,0.61932254,0.6207602,0.66385454,0.62012684,0.0263503361493349,0.001437664,0.00063335896,0.044532
MQAttn-QLSTM-VQR classical twin,7,8,0.6302955,0.6140739,0.6578535,0.6425565,0.0263503361493349,0.016221642,0.028482616,0.02755797
MQAttn-QLSTM-VQR classical twin,7,8,0.6445993,0.61131376,0.6540532,0.65216637,0.0263503361493349,0.03328556,0.040852606,0.009453893
MQAttn-QLSTM-VQR classical twin,7,8,0.6463864,0.6071319,0.64946836,0.63893193,0.0263503361493349,0.039254487,0.03180003,0.0030819774
MQAttn-QLSTM-VQR classical twin,7,8,0.6432112,0.6024248,0.64434725,0.63617325,0.0263503361493349,0.040786386,0.033748448,0.0011360645
MQAttn-QLSTM-VQR classical twin,7,8,0.63138825,0.59983754,0.6414986,0.6238942,0.0263503361493349,0.031550705,0.024056673,0.010110378
MQAttn-QLSTM-VQR classical twin,7,8,0.6195803,0.5941416,0.6365854,0.61762494,0.0263503361493349,0.025438726,0.023483336,0.017005086
MQAttn-QLSTM-VQR classical twin,7,8,0.6125772,0.59271604,0.63420784,0.61462563,0.0263503361493349,0.019861162,0.021909595,0.021630645
MQAttn-QLSTM-VQR classical twin,7,8,0.6093553,0.5896398,0.6308768,0.61194545,0.0263503361493349,0.019715488,0.022305667,0.021521509
MQAttn-QLSTM-VQR classical twin,7,8,0.6037891,0.5829997,0.62386006,0.6027117,0.0263503361493349,0.020789385,0.019711971,0.02007097
MQAttn-QLSTM-VQR classical twin,7,8,0.5984047,0.578807,0.61932254,0.5978912,0.0263503361493349,0.01959771,0.019084215,0.020917833
MQAttn-QLSTM-VQR classical twin,7,8,0.5940534,0.5887399,0.6302955,0.59503645,0.0263503361493349,0.0053135157,0.006296575,0.036242127
MQAttn-QLSTM-VQR classical twin,7,8,0.58924556,0.60216063,0.6445993,0.58960086,0.0263503361493349,0.012915075,0.012559772,0.05535376
MQAttn-QLSTM-VQR classical twin,7,8,0.58467734,0.60444206,0.6463864,0.584752,0.0263503361493349,0.019764721,0.019690037,0.061709046
MQAttn-QLSTM-VQR classical twin,7,8,0.58232474,0.60155684,0.6432112,0.5838619,0.0263503361493349,0.019232094,0.01769495,0.060886443
MQAttn-QLSTM-VQR classical twin,7,8,0.57892287,0.5901052,0.63138825,0.5789628,0.0263503361493349,0.011182308,0.011142373,0.05246538
MQAttn-QLSTM-VQR classical twin,7,8,0.57522136,0.57882375,0.6195803,0.57499063,0.0263503361493349,0.0036023855,0.003833115,0.04435897
MQAttn-QLSTM-VQR classical twin,7,8,0.57365817,0.57110596,0.6125772,0.575143,0.0263503361493349,0.0025522113,0.0040370226,0.03891903
MQAttn-QLSTM-VQR classical twin,7,8,0.56902796,0.5690092,0.6093553,0.56747264,0.0263503361493349,1.8775463e-05,0.0015365481,0.04032731
MQAttn-QLSTM-VQR classical twin,7,8,0.5674396,0.5637696,0.6037891,0.56904805,0.0263503361493349,0.0036700368,0.005278468,0.036349475
MQAttn-QLSTM-VQR classical twin,7,8,0.56316394,0.5588246,0.5984047,0.5618556,0.0263503361493349,0.0043393373,0.0030310154,0.03524077
MQAttn-QLSTM-VQR classical twin,7,8,0.5866496,0.55482596,0.5940534,0.6070596,0.0263503361493349,0.031823635,0.052233636,0.007403791
MQAttn-QLSTM-VQR classical twin,7,8,0.60285956,0.54923725,0.58924556,0.6059724,0.0263503361493349,0.053622305,0.056735158,0.013613999
MQAttn-QLSTM-VQR classical twin,7,8,0.60751647,0.54575276,0.58467734,0.5985624,0.0263503361493349,0.061763704,0.052809656,0.022839129
MQAttn-QLSTM-VQR classical twin,7,8,0.60207456,0.54363996,0.58232474,0.5911446,0.0263503361493349,0.058434606,0.047504663,0.01974982
MQAttn-QLSTM-VQR classical twin,7,8,0.58972585,0.54045343,0.57892287,0.5822668,0.0263503361493349,0.049272418,0.041813374,0.010802984
MQAttn-QLSTM-VQR classical twin,7,8,0.57802236,0.5370715,0.57522136,0.576778,0.0263503361493349,0.040950835,0.03970647,0.002801001
MQAttn-QLSTM-VQR classical twin,7,8,0.57532525,0.53465164,0.57365817,0.58009934,0.0263503361493349,0.040673614,0.045447707,0.0016670823
MQAttn-QLSTM-VQR classical twin,7,8,0.57960415,0.5309532,0.56902796,0.58558583,0.0263503361493349,0.04865092,0.054632604,0.010576189
MQAttn-QLSTM-VQR classical twin,7,8,0.57949644,0.52964336,0.5674396,0.57817054,0.0263503361493349,0.049853086,0.04852718,0.012056828
MQAttn-QLSTM-VQR classical twin,7,8,0.5747971,0.5255317,0.56316394,0.5705412,0.0263503361493349,0.049265385,0.045009494,0.011633158
MQAttn-QLSTM-VQR classical twin,7,8,0.56927204,0.5484622,0.5866496,0.5676192,0.0263503361493349,0.02080983,0.019156992,0.017377555
MQAttn-QLSTM-VQR classical twin,7,8,0.5994087,0.56312495,0.60285956,0.6265424,0.0263503361493349,0.03628373,0.063417435,0.0034508705
MQAttn-QLSTM-VQR classical twin,7,8,0.6078357,0.5680442,0.60751647,0.6025227,0.0263503361493349,0.039791524,0.034478486,0.00031924248
MQAttn-QLSTM-VQR classical twin,7,8,0.6072684,0.5626665,0.60207456,0.5955993,0.0263503361493349,0.044601917,0.032932818,0.0051938295
MQAttn-QLSTM-VQR classical twin,7,8,0.59776765,0.55069965,0.58972585,0.5873191,0.0263503361493349,0.047068,0.036619425,0.008041799
MQAttn-QLSTM-VQR classical twin,7,8,0.5829924,0.5395359,0.57802236,0.5777716,0.0263503361493349,0.043456495,0.038235724,0.004970014
MQAttn-QLSTM-VQR classical twin,7,8,0.5740219,0.53612274,0.57532525,0.57690203,0.0263503361493349,0.037899137,0.040779293,0.0013033748
QLSTM,7,8,0.6989536,0.67070895,0.72546697,0.6945107,0.0263503361493349,0.028244674,0.023801744,0.026513338
QLSTM,7,8,0.6884912,0.6694184,0.7246443,0.68616694,0.0263503361493349,0.01907283,0.016748548,0.036153078
QLSTM,7,8,0.6802774,0.6681892,0.7223164,0.68078893,0.0263503361493349,0.01208818,0.012599707,0.042038977
QLSTM,7,8,0.67103016,0.6627863,0.7167706,0.6697836,0.0263503361493349,0.008243859,0.0069972873,0.045740426
QLSTM,7,8,0.66385454,0.6573577,0.7109079,0.66457576,0.0263503361493349,0.0064968467,0.007218063,0.047053337
QLSTM,7,8,0.6578535,0.6496873,0.70334595,0.6590844,0.0263503361493349,0.008166194,0.0093970895,0.04549247
QLSTM,7,8,0.6540532,0.6499491,0.70518774,0.65621185,0.0263503361493349,0.0041041374,0.0062627792,0.051134527
QLSTM,7,8,0.64946836,0.65572596,0.7113261,0.6496619,0.0263503361493349,0.0062575936,0.0060640574,0.06185776
QLSTM,7,8,0.64434725,0.6571722,0.7117721,0.64387417,0.0263503361493349,0.012824953,0.013298035,0.067424834
QLSTM,7,8,0.6414986,0.6534156,0.70755786,0.6432641,0.0263503361493349,0.011916995,0.0101515055,0.06605923
QLSTM,7,8,0.6365854,0.6449207,0.6989536,0.6359818,0.0263503361493349,0.008335292,0.008938909,0.062368214
QLSTM,7,8,0.63420784,0.6346444,0.6884912,0.6357248,0.0263503361493349,0.00043654442,0.0010803938,0.05428338
QLSTM,7,8,0.6308768,0.6248713,0.6802774,0.6307712,0.0263503361493349,0.006005466,0.005899906,0.049400628
QLSTM,7,8,0.62386006,0.61649513,0.67103016,0.6210601,0.0263503361493349,0.0073649287,0.004564941,0.047170103
QLSTM,7,8,0.61932254,0.60970914,0.66385454,0.62012684,0.0263503361493349,0.009613395,0.0104177,0.044532
QLSTM,7,8,0.6302955,0.6020453,0.6578535,0.6425565,0.0263503361493349,0.028250217,0.04051119,0.02755797
QLSTM,7,8,0.6445993,0.5994098,0.6540532,0.65216637,0.0263503361493349,0.0451895,0.052756548,0.009453893
QLSTM,7,8,0.6463864,0.59503126,0.64946836,0.63893193,0.0263503361493349,0.051355124,0.04390067,0.0030819774
QLSTM,7,8,0.6432112,0.59033453,0.64434725,0.63617325,0.0263503361493349,0.05287665,0.045838714,0.0011360645
QLSTM,7,8,0.63138825,0.5876127,0.6414986,0.6238942,0.0263503361493349,0.04377556,0.036281526,0.010110378
QLSTM,7,8,0.6195803,0.58084077,0.6365854,0.61762494,0.0263503361493349,0.038739562,0.036784172,0.017005086
QLSTM,7,8,0.6125772,0.579685,0.63420784,0.61462563,0.0263503361493349,0.032892227,0.03494066,0.021630645
QLSTM,7,8,0.6093553,0.576213,0.6308768,0.61194545,0.0263503361493349,0.03314227,0.035732448,0.021521509
QLSTM,7,8,0.6037891,0.56938326,0.62386006,0.6027117,0.0263503361493349,0.034405828,0.033328414,0.02007097
QLSTM,7,8,0.5984047,0.56513464,0.61932254,0.5978912,0.0263503361493349,0.03327006,0.032756567,0.020917833
QLSTM,7,8,0.5940534,0.57410115,0.6302955,0.59503645,0.0263503361493349,0.019952238,0.020935297,0.036242127
QLSTM,7,8,0.58924556,0.58793986,0.6445993,0.58960086,0.0263503361493349,0.0013056993,0.0016610026,0.05535376
QLSTM,7,8,0.58467734,0.5908219,0.6463864,0.584752,0.0263503361493349,0.006144583,0.0060698986,0.061709046
QLSTM,7,8,0.58232474,0.58815134,0.6432112,0.5838619,0.0263503361493349,0.0058265924,0.0042894483,0.060886443
QLSTM,7,8,0.57892287,0.5766445,0.63138825,0.5789628,0.0263503361493349,0.0022783875,0.0023183227,0.05246538
QLSTM,7,8,0.57522136,0.5654231,0.6195803,0.57499063,0.0263503361493349,0.009798288,0.009567559,0.04435897
QLSTM,7,8,0.57365817,0.5566148,0.6125772,0.575143,0.0263503361493349,0.017043352,0.018528163,0.03891903
QLSTM,7,8,0.56902796,0.55482846,0.6093553,0.56747264,0.0263503361493349,0.014199495,0.012644172,0.04032731
QLSTM,7,8,0.5674396,0.54912466,0.6037891,0.56904805,0.0263503361493349,0.018314958,0.019923389,0.036349475
QLSTM,7,8,0.56316394,0.54420114,0.5984047,0.5618556,0.0263503361493349,0.0189628,0.017654479,0.03524077
QLSTM,7,8,0.5866496,0.5401298,0.5940534,0.6070596,0.0263503361493349,0.046519816,0.06692982,0.007403791
QLSTM,7,8,0.60285956,0.53327954,0.58924556,0.6059724,0.0263503361493349,0.06958002,0.07269287,0.013613999
QLSTM,7,8,0.60751647,0.5298135,0.58467734,0.5985624,0.0263503361493349,0.07770294,0.06874889,0.022839129
QLSTM,7,8,0.60207456,0.5277443,0.58232474,0.5911446,0.0263503361493349,0.07433027,0.06340033,0.01974982
QLSTM,7,8,0.58972585,0.5243832,0.57892287,0.5822668,0.0263503361493349,0.065342665,0.05788362,0.010802984
QLSTM,7,8,0.57802236,0.5212077,0.57522136,0.576778,0.0263503361493349,0.05681467,0.055570304,0.002801001
QLSTM,7,8,0.57532525,0.51752293,0.57365817,0.58009934,0.0263503361493349,0.05780232,0.06257641,0.0016670823
QLSTM,7,8,0.57960415,0.5139945,0.56902796,0.58558583,0.0263503361493349,0.065609634,0.07159132,0.010576189
QLSTM,7,8,0.57949644,0.5128489,0.5674396,0.57817054,0.0263503361493349,0.06664753,0.065321624,0.012056828
QLSTM,7,8,0.5747971,0.5085383,0.56316394,0.5705412,0.0263503361493349,0.06625879,0.062002897,0.011633158
QLSTM,7,8,0.56927204,0.5292587,0.5866496,0.5676192,0.0263503361493349,0.040013313,0.038360476,0.017377555
QLSTM,7,8,0.5994087,0.54516226,0.60285956,0.6265424,0.0263503361493349,0.054246426,0.08138013,0.0034508705
QLSTM,7,8,0.6078357,0.5513507,0.60751647,0.6025227,0.0263503361493349,0.056484997,0.05117196,0.00031924248
QLSTM,7,8,0.6072684,0.54650044,0.60207456,0.5955993,0.0263503361493349,0.06076795,0.04909885,0.0051938295
QLSTM,7,8,0.59776765,0.5348909,0.58972585,0.5873191,0.0263503361493349,0.06287676,0.052428186,0.008041799
QLSTM,7,8,0.5829924,0.5239557,0.57802236,0.5777716,0.0263503361493349,0.059036672,0.0538159,0.004970014
QLSTM,7,8,0.5740219,0.51957035,0.57532525,0.57690203,0.0263503361493349,0.054451525,0.05733168,0.0013033748
LSTM,7,8,0.6989536,0.67468005,0.72546697,0.6945107,0.0263503361493349,0.024273574,0.019830644,0.026513338
LSTM,7,8,0.6884912,0.6738574,0.7246443,0.68616694,0.0263503361493349,0.014633834,0.012309551,0.036153078
LSTM,7,8,0.6802774,0.6715295,0.7223164,0.68078893,0.0263503361493349,0.008747935,0.009259462,0.042038977
LSTM,7,8,0.67103016,0.6659837,0.7167706,0.6697836,0.0263503361493349,0.005046487,0.0037999153,0.045740426
LSTM,7,8,0.66385454,0.66012096,0.7109079,0.66457576,0.0263503361493349,0.0037335753,0.0044547915,0.047053337
LSTM,7,8,0.6578535,0.65255904,0.70334595,0.6590844,0.0263503361493349,0.005294442,0.0065253377,0.04549247
LSTM,7,8,0.6540532,0.6544008,0.70518774,0.65621185,0.0263503361493349,0.0003476143,0.0018110275,0.051134527
LSTM,7,8,0.64946836,0.6605392,0.7113261,0.6496619,0.0263503361493349,0.0110708475,0.010877311,0.06185776
LSTM,7,8,0.64434725,0.6609852,0.7117721,0.64387417,0.0263503361493349,0.016637921,0.017111003,0.067424834
LSTM,7,8,0.6414986,0.65677094,0.70755786,0.6432641,0.0263503361493349,0.015272319,0.01350683,0.06605923
LSTM,7,8,0.6365854,0.6481667,0.6989536,0.6359818,0.0263503361493349,0.011581302,0.012184918,0.062368214
LSTM,7,8,0.63420784,0.6377043,0.6884912,0.6357248,0.0263503361493349,0.003496468,0.0019795299,0.05428338
LSTM,7,8,0.6308768,0.6294905,0.6802774,0.6307712,0.0263503361493349,0.0013862848,0.001280725,0.049400628
LSTM,7,8,0.62386006,0.62024325,0.67103016,0.6210601,0.0263503361493349,0.0036168098,0.00081682205,0.047170103
LSTM,7,8,0.61932254,0.61353374,0.66385454,0.62012684,0.0263503361493349,0.005788803,0.006593108,0.044532
LSTM,7,8,0.6302955,0.60945493,0.6578535,0.6425565,0.0263503361493349,0.020840585,0.03310156,0.02755797
LSTM,7,8,0.6445993,0.6106716,0.6540532,0.65216637,0.0263503361493349,0.03392774,0.041494787,0.009453893
LSTM,7,8,0.6463864,0.61068135,0.64946836,0.63893193,0.0263503361493349,0.03570503,0.028250575,0.0030819774
LSTM,7,8,0.6432112,0.6092346,0.64434725,0.63617325,0.0263503361493349,0.033976614,0.026938677,0.0011360645
LSTM,7,8,0.63138825,0.61041987,0.6414986,0.6238942,0.0263503361493349,0.020968378,0.013474345,0.010110378
LSTM,7,8,0.6195803,0.6083675,0.6365854,0.61762494,0.0263503361493349,0.011212826,0.009257436,0.017005086
LSTM,7,8,0.6125772,0.6099548,0.63420784,0.61462563,0.0263503361493349,0.0026224256,0.0046708584,0.021630645
LSTM,7,8,0.6093553,0.61028725,0.6308768,0.61194545,0.0263503361493349,0.0009319782,0.0016582012,0.021521509
LSTM,7,8,0.6037891,0.6067976,0.62386006,0.6027117,0.0263503361493349,0.0030084848,0.0040858984,0.02007097
LSTM,7,8,0.5984047,0.6051655,0.61932254,0.5978912,0.0263503361493349,0.006760776,0.00727427,0.020917833
LSTM,7,8,0.5940534,0.6145823,0.6302955,0.59503645,0.0263503361493349,0.020528913,0.019545853,0.036242127
LSTM,7,8,0.58924556,0.6243718,0.6445993,0.58960086,0.0263503361493349,0.03512627,0.034770966,0.05535376
LSTM,7,8,0.58467734,0.62703836,0.6463864,0.584752,0.0263503361493349,0.04236102,0.042286336,0.061709046
LSTM,7,8,0.58232474,0.622813,0.6432112,0.5838619,0.0263503361493349,0.040488243,0.0389511,0.060886443
LSTM,7,8,0.57892287,0.6120266,0.63138825,0.5789628,0.0263503361493349,0.033103704,0.03306377,0.05246538
LSTM,7,8,0.57522136,0.6024037,0.6195803,0.57499063,0.0263503361493349,0.02718234,0.02741307,0.04435897
LSTM,7,8,0.57365817,0.5956729,0.6125772,0.575143,0.0263503361493349,0.022014737,0.020529926,0.03891903
LSTM,7,8,0.56902796,0.597869,0.6093553,0.56747264,0.0263503361493349,0.028841019,0.030396342,0.04032731
LSTM,7,8,0.5674396,0.59620976,0.6037891,0.56904805,0.0263503361493349,0.028770149,0.027161717,0.036349475
LSTM,7,8,0.56316394,0.59336877,0.5984047,0.5618556,0.0263503361493349,0.030204833,0.031513155,0.03524077
LSTM,7,8,0.5866496,0.5910907,0.5940534,0.6070596,0.0263503361493349,0.0044410825,0.015968919,0.007403791
LSTM,7,8,0.60285956,0.5846615,0.58924556,0.6059724,0.0263503361493349,0.018198073,0.021310925,0.013613999
LSTM,7,8,0.60751647,0.5845345,0.58467734,0.5985624,0.0263503361493349,0.022981942,0.014027894,0.022839129
LSTM,7,8,0.60207456,0.583139,0.58232474,0.5911446,0.0263503361493349,0.018935561,0.008005619,0.01974982
LSTM,7,8,0.58972585,0.580948,0.57892287,0.5822668,0.0263503361493349,0.008777857,0.0013188124,0.010802984
LSTM,7,8,0.57802236,0.5775314,0.57522136,0.576778,0.0263503361493349,0.00049096346,0.0007534027,0.002801001
LSTM,7,8,0.57532525,0.5732596,0.57365817,0.58009934,0.0263503361493349,0.0020656586,0.006839752,0.0016670823
LSTM,7,8,0.57960415,0.5727453,0.56902796,0.58558583,0.0263503361493349,0.0068588257,0.012840509,0.010576189
LSTM,7,8,0.57949644,0.5716286,0.5674396,0.57817054,0.0263503361493349,0.007867873,0.0065419674,0.012056828
LSTM,7,8,0.5747971,0.5683428,0.56316394,0.5705412,0.0263503361493349,0.006454289,0.002198398,0.011633158
LSTM,7,8,0.56927204,0.5881969,0.5866496,0.5676192,0.0263503361493349,0.018924832,0.02057767,0.017377555
LSTM,7,8,0.5994087,0.5996175,0.60285956,0.6265424,0.0263503361493349,0.00020879507,0.026924908,0.0034508705
LSTM,7,8,0.6078357,0.6068028,0.60751647,0.6025227,0.0263503361493349,0.0010328889,0.00428015,0.00031924248
LSTM,7,8,0.6072684,0.60122156,0.60207456,0.5955993,0.0263503361493349,0.0060468316,0.0056222677,0.0051938295
LSTM,7,8,0.59776765,0.58951265,0.58972585,0.5873191,0.0263503361493349,0.008255005,0.0021935701,0.008041799
LSTM,7,8,0.5829924,0.57890016,0.57802236,0.5777716,0.0263503361493349,0.0040922165,0.0011285543,0.004970014
LSTM,7,8,0.5740219,0.57355607,0.57532525,0.57690203,0.0263503361493349,0.0004658103,0.0033459663,0.0013033748
GRU,7,8,0.6989536,0.67100626,0.72546697,0.6945107,0.0263503361493349,0.027947366,0.023504436,0.026513338
GRU,7,8,0.6884912,0.6663216,0.7246443,0.68616694,0.0263503361493349,0.02216965,0.019845366,0.036153078
GRU,7,8,0.6802774,0.67816496,0.7223164,0.68078893,0.0263503361493349,0.0021124482,0.0026239753,0.042038977
GRU,7,8,0.67103016,0.67639065,0.7167706,0.6697836,0.0263503361493349,0.005360484,0.0066070557,0.045740426
GRU,7,8,0.66385454,0.67706835,0.7109079,0.66457576,0.0263503361493349,0.013213813,0.012492597,0.047053337
GRU,7,8,0.6578535,0.67195326,0.70334595,0.6590844,0.0263503361493349,0.014099777,0.012868881,0.04549247
GRU,7,8,0.6540532,0.6599193,0.70518774,0.65621185,0.0263503361493349,0.0058661103,0.0037074685,0.051134527
GRU,7,8,0.64946836,0.6554684,0.7113261,0.6496619,0.0263503361493349,0.006000042,0.0058065057,0.06185776
GRU,7,8,0.64434725,0.6696758,0.7117721,0.64387417,0.0263503361493349,0.025328577,0.025801659,0.067424834
GRU,7,8,0.6414986,0.67291677,0.70755786,0.6432641,0.0263503361493349,0.031418145,0.029652655,0.06605923
GRU,7,8,0.6365854,0.66864175,0.6989536,0.6359818,0.0263503361493349,0.03205633,0.032659948,0.062368214
GRU,7,8,0.63420784,0.6643887,0.6884912,0.6357248,0.0263503361493349,0.030180871,0.028663933,0.05428338
GRU,7,8,0.6308768,0.6437383,0.6802774,0.6307712,0.0263503361493349,0.01286155,0.01296711,0.049400628
GRU,7,8,0.62386006,0.6514674,0.67103016,0.6210601,0.0263503361493349,0.027607322,0.03040731,0.047170103
GRU,7,8,0.61932254,0.6529645,0.66385454,0.62012684,0.0263503361493349,0.033641934,0.03283763,0.044532
GRU,7,8,0.6302955,0.63220376,0.6578535,0.6425565,0.0263503361493349,0.0019082427,0.010352731,0.02755797
GRU,7,8,0.6445993,0.6440465,0.6540532,0.65216637,0.0263503361493349,0.0005528331,0.008119881,0.009453893
GRU,7,8,0.6463864,0.64480036,0.64946836,0.63893193,0.0263503361493349,0.00158602,0.005868435,0.0030819774
GRU,7,8,0.6432112,0.64786184,0.64434725,0.63617325,0.0263503361493349,0.0046506524,0.01168859,0.0011360645
GRU,7,8,0.63138825,0.6487187,0.6414986,0.6238942,0.0263503361493349,0.017330468,0.0248245,0.010110378
GRU,7,8,0.6195803,0.6261842,0.6365854,0.61762494,0.0263503361493349,0.0066038966,0.008559287,0.017005086
GRU,7,8,0.6125772,0.6400339,0.63420784,0.61462563,0.0263503361493349,0.0274567,0.025408268,0.021630645
GRU,7,8,0.6093553,0.6383142,0.6308768,0.61194545,0.0263503361493349,0.028958917,0.026368737,0.021521509
GRU,7,8,0.6037891,0.63654786,0.62386006,0.6027117,0.0263503361493349,0.032758772,0.033836186,0.02007097
GRU,7,8,0.5984047,0.6385252,0.61932254,0.5978912,0.0263503361493349,0.040120482,0.040633976,0.020917833
GRU,7,8,0.5940534,0.6290324,0.6302955,0.59503645,0.0263503361493349,0.034978986,0.033995926,0.036242127
GRU,7,8,0.58924556,0.6265448,0.6445993,0.58960086,0.0263503361493349,0.037299216,0.036943913,0.05535376
GRU,7,8,0.58467734,0.63993406,0.6463864,0.584752,0.0263503361493349,0.055256724,0.05518204,0.061709046
GRU,7,8,0.58232474,0.64615434,0.6432112,0.5838619,0.0263503361493349,0.0638296,0.062292457,0.060886443
GRU,7,8,0.57892287,0.63817513,0.63138825,0.5789628,0.0263503361493349,0.059252262,0.059212327,0.05246538
GRU,7,8,0.57522136,0.6361239,0.6195803,0.57499063,0.0263503361493349,0.060902536,0.061133265,0.04435897
GRU,7,8,0.57365817,0.61284894,0.6125772,0.575143,0.0263503361493349,0.03919077,0.037705958,0.03891903
GRU,7,8,0.56902796,0.62932193,0.6093553,0.56747264,0.0263503361493349,0.060293972,0.061849296,0.04032731
GRU,7,8,0.5674396,0.62672055,0.6037891,0.56904805,0.0263503361493349,0.059280932,0.0576725,0.036349475
GRU,7,8,0.56316394,0.6298194,0.5984047,0.5618556,0.0263503361493349,0.06665546,0.06796378,0.03524077
GRU,7,8,0.5866496,0.6304027,0.5940534,0.6070596,0.0263503361493349,0.043753088,0.023343086,0.007403791
GRU,7,8,0.60285956,0.60616076,0.58924556,0.6059724,0.0263503361493349,0.0033012033,0.00018835068,0.013613999
GRU,7,8,0.60751647,0.6184281,0.58467734,0.5985624,0.0263503361493349,0.0109116435,0.019865692,0.022839129
GRU,7,8,0.60207456,0.62297374,0.58232474,0.5911446,0.0263503361493349,0.020899177,0.03182912,0.01974982
GRU,7,8,0.58972585,0.61999,0.57892287,0.5822668,0.0263503361493349,0.03026414,0.037723184,0.010802984
GRU,7,8,0.57802236,0.62377286,0.57522136,0.576778,0.0263503361493349,0.0457505,0.046994865,0.002801001
GRU,7,8,0.57532525,0.6019261,0.57365817,0.58009934,0.0263503361493349,0.026600838,0.021826744,0.0016670823
GRU,7,8,0.57960415,0.61101484,0.56902796,0.58558583,0.0263503361493349,0.031410694,0.02542901,0.010576189
GRU,7,8,0.57949644,0.61797094,0.5674396,0.57817054,0.0263503361493349,0.0384745,0.039800406,0.012056828
GRU,7,8,0.5747971,0.61375666,0.56316394,0.5705412,0.0263503361493349,0.038959563,0.043215454,0.011633158
GRU,7,8,0.56927204,0.6217978,0.5866496,0.5676192,0.0263503361493349,0.05252576,0.054178596,0.017377555
GRU,7,8,0.5994087,0.61704147,0.60285956,0.6265424,0.0263503361493349,0.017632782,0.009500921,0.0034508705
GRU,7,8,0.6078357,0.6313757,0.60751647,0.6025227,0.0263503361493349,0.02353996,0.028853,0.00031924248
GRU,7,8,0.6072684,0.62996227,0.60207456,0.5955993,0.0263503361493349,0.022693872,0.03436297,0.0051938295
GRU,7,8,0.59776765,0.6247498,0.58972585,0.5873191,0.0263503361493349,0.026982129,0.037430704,0.008041799
GRU,7,8,0.5829924,0.6220099,0.57802236,0.5777716,0.0263503361493349,0.0390175,0.04423827,0.004970014
GRU,7,8,0.5740219,0.6027286,0.57532525,0.57690203,0.0263503361493349,0.02870673,0.025826573,0.0013033748
MLP,7,8,0.6989536,0.66267765,0.72546697,0.6945107,0.0263503361493349,0.036275983,0.031833053,0.026513338
MLP,7,8,0.6884912,0.66051847,0.7246443,0.68616694,0.0263503361493349,0.027972758,0.025648475,0.036153078
MLP,7,8,0.6802774,0.66201454,0.7223164,0.68078893,0.0263503361493349,0.018262863,0.01877439,0.042038977
MLP,7,8,0.67103016,0.65586805,0.7167706,0.6697836,0.0263503361493349,0.01516211,0.013915539,0.045740426
MLP,7,8,0.66385454,0.6557579,0.7109079,0.66457576,0.0263503361493349,0.008096635,0.008817852,0.047053337
MLP,7,8,0.6578535,0.64778435,0.70334595,0.6590844,0.0263503361493349,0.010069132,0.011300027,0.04549247
MLP,7,8,0.6540532,0.64923644,0.70518774,0.65621185,0.0263503361493349,0.0048167706,0.0069754124,0.051134527
MLP,7,8,0.64946836,0.65080816,0.7113261,0.6496619,0.0263503361493349,0.0013397932,0.0011462569,0.06185776
MLP,7,8,0.64434725,0.6567665,0.7117721,0.64387417,0.0263503361493349,0.012419224,0.012892306,0.067424834
MLP,7,8,0.6414986,0.6472321,0.70755786,0.6432641,0.0263503361493349,0.00573349,0.0039680004,0.06605923
MLP,7,8,0.6365854,0.64712477,0.6989536,0.6359818,0.0263503361493349,0.010539353,0.011142969,0.062368214
MLP,7,8,0.63420784,0.63711923,0.6884912,0.6357248,0.0263503361493349,0.0029113889,0.0013944507,0.05428338
MLP,7,8,0.6308768,0.63375497,0.6802774,0.6307712,0.0263503361493349,0.002878189,0.002983749,0.049400628
MLP,7,8,0.62386006,0.63187164,0.67103016,0.6210601,0.0263503361493349,0.0080115795,0.010811567,0.047170103
MLP,7,8,0.61932254,0.6331818,0.66385454,0.62012684,0.0263503361493349,0.013859272,0.013054967,0.044532
MLP,7,8,0.6302955,0.62442255,0.6578535,0.6425565,0.0263503361493349,0.005872965,0.018133938,0.02755797
MLP,7,8,0.6445993,0.62670326,0.6540532,0.65216637,0.0263503361493349,0.017896056,0.025463104,0.009453893
MLP,7,8,0.6463864,0.6274365,0.64946836,0.63893193,0.0263503361493349,0.018949866,0.011495411,0.0030819774
MLP,7,8,0.6432112,0.6191604,0.64434725,0.63617325,0.0263503361493349,0.024050772,0.017012835,0.0011360645
MLP,7,8,0.63138825,0.6233771,0.6414986,0.6238942,0.0263503361493349,0.008011162,0.0005171299,0.010110378
MLP,7,8,0.6195803,0.6210859,0.6365854,0.61762494,0.0263503361493349,0.0015055537,0.0034609437,0.017005086
MLP,7,8,0.6125772,0.6220763,0.63420784,0.61462563,0.0263503361493349,0.009499073,0.00745064,0.021630645
MLP,7,8,0.6093553,0.6252229,0.6308768,0.61194545,0.0263503361493349,0.01586765,0.013277471,0.021521509
MLP,7,8,0.6037891,0.61310387,0.62386006,0.6027117,0.0263503361493349,0.0093147755,0.010392189,0.02007097
MLP,7,8,0.5984047,0.61442316,0.61932254,0.5978912,0.0263503361493349,0.01601845,0.016531944,0.020917833
MLP,7,8,0.5940534,0.62654483,0.6302955,0.59503645,0.0263503361493349,0.032491446,0.031508386,0.036242127
MLP,7,8,0.58924556,0.6336524,0.6445993,0.58960086,0.0263503361493349,0.04440683,0.044051528,0.05535376
MLP,7,8,0.58467734,0.6342275,0.6463864,0.584752,0.0263503361493349,0.049550176,0.04947549,0.061709046
MLP,7,8,0.58232474,0.62534755,0.6432112,0.5838619,0.0263503361493349,0.04302281,0.041485667,0.060886443
MLP,7,8,0.57892287,0.6132792,0.63138825,0.5789628,0.0263503361493349,0.034356356,0.03431642,0.05246538
MLP,7,8,0.57522136,0.6097101,0.6195803,0.57499063,0.0263503361493349,0.034488738,0.034719467,0.04435897
MLP,7,8,0.57365817,0.6071244,0.6125772,0.575143,0.0263503361493349,0.03346622,0.03198141,0.03891903
MLP,7,8,0.56902796,0.61108464,0.6093553,0.56747264,0.0263503361493349,0.04205668,0.043612003,0.04032731
MLP,7,8,0.5674396,0.61156136,0.6037891,0.56904805,0.0263503361493349,0.044121742,0.04251331,0.036349475
MLP,7,8,0.56316394,0.60149515,0.5984047,0.5618556,0.0263503361493349,0.03833121,0.039639533,0.03524077
MLP,7,8,0.5866496,0.6035388,0.5940534,0.6070596,0.0263503361493349,0.016889215,0.0035207868,0.007403791
MLP,7,8,0.60285956,0.60382265,0.58924556,0.6059724,0.0263503361493349,0.00096309185,0.0021497607,0.013613999
MLP,7,8,0.60751647,0.60219425,0.58467734,0.5985624,0.0263503361493349,0.005322218,0.0036318302,0.022839129
MLP,7,8,0.60207456,0.6063715,0.58232474,0.5911446,0.0263503361493349,0.0042969584,0.015226901,0.01974982
MLP,7,8,0.58972585,0.59540665,0.57892287,0.5822668,0.0263503361493349,0.0056807995,0.013139844,0.010802984
MLP,7,8,0.57802236,0.5975503,0.57522136,0.576778,0.0263503361493349,0.019527912,0.020772278,0.002801001
MLP,7,8,0.57532525,0.60005945,0.57365817,0.58009934,0.0263503361493349,0.024734199,0.019960105,0.0016670823
MLP,7,8,0.57960415,0.5994045,0.56902796,0.58558583,0.0263503361493349,0.019800365,0.013818681,0.010576189
MLP,7,8,0.57949644,0.5995711,0.5674396,0.57817054,0.0263503361493349,0.020074666,0.02140057,0.012056828
MLP,7,8,0.5747971,0.58953875,0.56316394,0.5705412,0.0263503361493349,0.014741659,0.01899755,0.011633158
MLP,7,8,0.56927204,0.6213672,0.5866496,0.5676192,0.0263503361493349,0.052095175,0.05374801,0.017377555
MLP,7,8,0.5994087,0.6241112,0.60285956,0.6265424,0.0263503361493349,0.02470249,0.0024312139,0.0034508705
MLP,7,8,0.6078357,0.6288694,0.60751647,0.6025227,0.0263503361493349,0.021033704,0.026346743,0.00031924248
MLP,7,8,0.6072684,0.6094149,0.60207456,0.5955993,0.0263503361493349,0.0021464825,0.013815582,0.0051938295
MLP,7,8,0.59776765,0.59888095,0.58972585,0.5873191,0.0263503361493349,0.0011132956,0.011561871,0.008041799
MLP,7,8,0.5829924,0.5918637,0.57802236,0.5777716,0.0263503361493349,0.008871317,0.014092088,0.004970014
MLP,7,8,0.5740219,0.59542036,0.57532525,0.57690203,0.0263503361493349,0.021398485,0.018518329,0.0013033748
Seq2Seq,7,8,0.6989536,0.6714771,0.72546697,0.6945107,0.0263503361493349,0.02747655,0.023033619,0.026513338
Seq2Seq,7,8,0.6884912,0.67036116,0.7246443,0.68616694,0.0263503361493349,0.018130064,0.01580578,0.036153078
Seq2Seq,7,8,0.6802774,0.67041343,0.7223164,0.68078893,0.0263503361493349,0.009863973,0.0103755,0.042038977
Seq2Seq,7,8,0.67103016,0.6668908,0.7167706,0.6697836,0.0263503361493349,0.0041393638,0.0028927922,0.045740426
Seq2Seq,7,8,0.66385454,0.6634198,0.7109079,0.66457576,0.0263503361493349,0.00043475628,0.0011559725,0.047053337
Seq2Seq,7,8,0.6578535,0.6580429,0.70334595,0.6590844,0.0263503361493349,0.00018942356,0.001041472,0.04549247
Seq2Seq,7,8,0.6540532,0.65792316,0.70518774,0.65621185,0.0263503361493349,0.0038699508,0.001711309,0.051134527
Seq2Seq,7,8,0.64946836,0.66104114,0.7113261,0.6496619,0.0263503361493349,0.011572778,0.011379242,0.06185776
Seq2Seq,7,8,0.64434725,0.66474396,0.7117721,0.64387417,0.0263503361493349,0.02039671,0.020869792,0.067424834
Seq2Seq,7,8,0.6414986,0.6625371,0.70755786,0.6432641,0.0263503361493349,0.021038473,0.019272983,0.06605923
Seq2Seq,7,8,0.6365854,0.6562675,0.6989536,0.6359818,0.0263503361493349,0.01968211,0.020285726,0.062368214
Seq2Seq,7,8,0.63420784,0.6489301,0.6884912,0.6357248,0.0263503361493349,0.014722228,0.01320529,0.05428338
Seq2Seq,7,8,0.6308768,0.6403017,0.6802774,0.6307712,0.0263503361493349,0.009424925,0.009530485,0.049400628
Seq2Seq,7,8,0.62386006,0.637951,0.67103016,0.6210601,0.0263503361493349,0.014090955,0.016890943,0.047170103
Seq2Seq,7,8,0.61932254,0.6348734,0.66385454,0.62012684,0.0263503361493349,0.015550852,0.014746547,0.044532
Seq2Seq,7,8,0.6302955,0.6290927,0.6578535,0.6425565,0.0263503361493349,0.0012028217,0.013463795,0.02755797
Seq2Seq,7,8,0.6445993,0.6303958,0.6540532,0.65216637,0.0263503361493349,0.014203489,0.021770537,0.009453893
Seq2Seq,7,8,0.6463864,0.628566,0.64946836,0.63893193,0.0263503361493349,0.017820358,0.010365903,0.0030819774
Seq2Seq,7,8,0.6432112,0.62666845,0.64434725,0.63617325,0.0263503361493349,0.016542733,0.009504795,0.0011360645
Seq2Seq,7,8,0.63138825,0.6260978,0.6414986,0.6238942,0.0263503361493349,0.0052904487,0.0022035837,0.010110378
Seq2Seq,7,8,0.6195803,0.62193114,0.6365854,0.61762494,0.0263503361493349,0.0023508072,0.004306197,0.017005086
Seq2Seq,7,8,0.6125772,0.62176067,0.63420784,0.61462563,0.0263503361493349,0.009183466,0.0071350336,0.021630645
Seq2Seq,7,8,0.6093553,0.61984557,0.6308768,0.61194545,0.0263503361493349,0.010490298,0.007900119,0.021521509
Seq2Seq,7,8,0.6037891,0.6150134,0.62386006,0.6027117,0.0263503361493349,0.0112243295,0.012301743,0.02007097
Seq2Seq,7,8,0.5984047,0.6133588,0.61932254,0.5978912,0.0263503361493349,0.01495409,0.015467584,0.020917833
Seq2Seq,7,8,0.5940534,0.6218937,0.6302955,0.59503645,0.0263503361493349,0.027840316,0.026857257,0.036242127
Seq2Seq,7,8,0.58924556,0.6285081,0.6445993,0.58960086,0.0263503361493349,0.039262533,0.03890723,0.05535376
Seq2Seq,7,8,0.58467734,0.6306569,0.6463864,0.584752,0.0263503361493349,0.04597956,0.045904875,0.061709046
Seq2Seq,7,8,0.58232474,0.62961185,0.6432112,0.5838619,0.0263503361493349,0.047287107,0.045749962,0.060886443
Seq2Seq,7,8,0.57892287,0.61976594,0.63138825,0.5789628,0.0263503361493349,0.04084307,0.040803134,0.05246538
Seq2Seq,7,8,0.57522136,0.61201006,0.6195803,0.57499063,0.0263503361493349,0.036788702,0.03701943,0.04435897
Seq2Seq,7,8,0.57365817,0.6051674,0.6125772,0.575143,0.0263503361493349,0.03150922,0.03002441,0.03891903
Seq2Seq,7,8,0.56902796,0.6058254,0.6093553,0.56747264,0.0263503361493349,0.036797464,0.038352787,0.04032731
Seq2Seq,7,8,0.5674396,0.6023282,0.6037891,0.56904805,0.0263503361493349,0.034888566,0.033280134,0.036349475
Seq2Seq,7,8,0.56316394,0.601119,0.5984047,0.5618556,0.0263503361493349,0.037955046,0.039263368,0.03524077
Seq2Seq,7,8,0.5866496,0.59966034,0.5940534,0.6070596,0.0263503361493349,0.01301074,0.007399261,0.007403791
Seq2Seq,7,8,0.60285956,0.594535,0.58924556,0.6059724,0.0263503361493349,0.0083245635,0.011437416,0.013613999
Seq2Seq,7,8,0.60751647,0.59272015,0.58467734,0.5985624,0.0263503361493349,0.014796317,0.0058422685,0.022839129
Seq2Seq,7,8,0.60207456,0.59277666,0.58232474,0.5911446,0.0263503361493349,0.009297907,0.0016320348,0.01974982
Seq2Seq,7,8,0.58972585,0.59044427,0.57892287,0.5822668,0.0263503361493349,0.0007184148,0.008177459,0.010802984
Seq2Seq,7,8,0.57802236,0.5901411,0.57522136,0.576778,0.0263503361493349,0.012118757,0.013363123,0.002801001
Seq2Seq,7,8,0.57532525,0.5873972,0.57365817,0.58009934,0.0263503361493349,0.012071967,0.0072978735,0.0016670823
Seq2Seq,7,8,0.57960415,0.5839642,0.56902796,0.58558583,0.0263503361493349,0.0043600798,0.001621604,0.010576189
Seq2Seq,7,8,0.57949644,0.5849679,0.5674396,0.57817054,0.0263503361493349,0.005471468,0.0067973733,0.012056828
Seq2Seq,7,8,0.5747971,0.5819092,0.56316394,0.5705412,0.0263503361493349,0.007112086,0.011367977,0.011633158
Seq2Seq,7,8,0.56927204,0.6026498,0.5866496,0.5676192,0.0263503361493349,0.033377767,0.035030603,0.017377555
Seq2Seq,7,8,0.5994087,0.6082436,0.60285956,0.6265424,0.0263503361493349,0.0088348985,0.018298805,0.0034508705
Seq2Seq,7,8,0.6078357,0.6108655,0.60751647,0.6025227,0.0263503361493349,0.0030297637,0.0083428025,0.00031924248
Seq2Seq,7,8,0.6072684,0.6068247,0.60207456,0.5955993,0.0263503361493349,0.00044369698,0.011225402,0.0051938295
Seq2Seq,7,8,0.59776765,0.5979512,0.58972585,0.5873191,0.0263503361493349,0.0001835227,0.010632098,0.008041799
Seq2Seq,7,8,0.5829924,0.58998305,0.57802236,0.5777716,0.0263503361493349,0.006990671,0.012211442,0.004970014
Seq2Seq,7,8,0.5740219,0.5858604,0.57532525,0.57690203,0.0263503361493349,0.011838496,0.00895834,0.0013033748
Persistence,8,4,0.8736985,0.9138089,0.9138089,0.8731099,0.0272623226046562,0.04011041,0.040699005,0.04011041
Persistence,8,4,0.8688675,0.91126114,0.91126114,0.86883235,0.0272623226046562,0.042393625,0.04242879,0.042393625
Persistence,8,4,0.86504257,0.9083749,0.9083749,0.86575836,0.0272623226046562,0.04333234,0.042616546,0.04333234
Persistence,8,4,0.85717404,0.9037698,0.9037698,0.8542975,0.0272623226046562,0.046595752,0.049472272,0.046595752
Persistence,8,4,0.85374814,0.89728236,0.89728236,0.855735,0.0272623226046562,0.04353422,0.041547358,0.04353422
Persistence,8,4,0.85163313,0.8917972,0.8917972,0.85375106,0.0272623226046562,0.040164053,0.03804612,0.040164053
Persistence,8,4,0.86339295,0.8887078,0.8887078,0.8746191,0.0272623226046562,0.025314867,0.01408869,0.025314867
Persistence,8,4,0.8676863,0.8852627,0.8852627,0.86638486,0.0272623226046562,0.017576456,0.018877864,0.017576456
Persistence,8,4,0.86649686,0.8833241,0.8833241,0.8611157,0.0272623226046562,0.016827226,0.022208393,0.016827226
Persistence,8,4,0.8607621,0.8785349,0.8785349,0.8559232,0.0272623226046562,0.017772794,0.022611737,0.017772794
Persistence,8,4,0.85241723,0.8736985,0.8736985,0.84963393,0.0272623226046562,0.021281242,0.02406454,0.021281242
Persistence,8,4,0.84627324,0.8688675,0.8688675,0.8470183,0.0272623226046562,0.022594273,0.021849215,0.022594273
Persistence,8,4,0.8409615,0.86504257,0.86504257,0.8409514,0.0272623226046562,0.024081051,0.024091184,0.024081051
Persistence,8,4,0.8375492,0.85717404,0.85717404,0.8384885,0.0272623226046562,0.01962483,0.01868552,0.01962483
Persistence,8,4,0.83309525,0.85374814,0.85374814,0.83276147,0.0272623226046562,0.02065289,0.020986676,0.02065289
Persistence,8,4,0.8286916,0.85163313,0.85163313,0.82859623,0.0272623226046562,0.02294153,0.023036897,0.02294153
Persistence,8,4,0.8241535,0.86339295,0.86339295,0.82411206,0.0272623226046562,0.039239466,0.03928089,0.039239466
Persistence,8,4,0.8194879,0.8676863,0.8676863,0.81938505,0.0272623226046562,0.048198342,0.04830122,0.048198342
Persistence,8,4,0.8142745,0.86649686,0.86649686,0.81382436,0.0272623226046562,0.05222237,0.052672505,0.05222237
Persistence,8,4,0.81033975,0.8607621,0.8607621,0.8110769,0.0272623226046562,0.05042237,0.04968524,0.05042237
Persistence,8,4,0.8065476,0.85241723,0.85241723,0.8070033,0.0272623226046562,0.04586965,0.04541391,0.04586965
Persistence,8,4,0.8227651,0.84627324,0.84627324,0.8380258,0.0272623226046562,0.023508132,0.008247435,0.023508132
Persistence,8,4,0.8272284,0.8409615,0.8409615,0.82465035,0.0272623226046562,0.013733089,0.016311169,0.013733089
Persistence,8,4,0.824067,0.8375492,0.8375492,0.8161915,0.0272623226046562,0.013482213,0.021357715,0.013482213
Persistence,8,4,0.81512034,0.83309525,0.83309525,0.808208,0.0272623226046562,0.017974913,0.024887264,0.017974913
Persistence,8,4,0.8064261,0.8286916,0.8286916,0.8054514,0.0272623226046562,0.022265494,0.023240209,0.022265494
Persistence,8,4,0.7977147,0.8241535,0.8241535,0.79773194,0.0272623226046562,0.026438773,0.026421547,0.026438773
Persistence,8,4,0.83227515,0.8194879,0.8194879,0.8633537,0.0272623226046562,0.012787223,0.0438658,0.012787223
Persistence,8,4,0.85488456,0.8142745,0.8142745,0.8582837,0.0272623226046562,0.040610075,0.04400921,0.040610075
Persistence,8,4,0.86093175,0.81033975,0.81033975,0.8479118,0.0272623226046562,0.050592005,0.037572026,0.050592005
Persistence,8,4,0.8536071,0.8065476,0.8065476,0.8388892,0.0272623226046562,0.047059536,0.0323416,0.047059536
Persistence,8,4,0.8387054,0.8227651,0.8227651,0.83032936,0.0272623226046562,0.015940309,0.0075642467,0.015940309
Persistence,8,4,0.830126,0.8272284,0.8272284,0.83320546,0.0272623226046562,0.0028975606,0.0059770346,0.0028975606
Persistence,8,4,0.8232669,0.824067,0.824067,0.8234168,0.0272623226046562,0.00080007315,0.00065016747,0.00080007315
Persistence,8,4,0.8154768,0.81512034,0.81512034,0.812882,0.0272623226046562,0.00035643578,0.0022383332,0.00035643578
Persistence,8,4,0.80730844,0.8064261,0.8064261,0.80607885,0.0272623226046562,0.00088232756,0.00034725666,0.00088232756
Persistence,8,4,0.8011845,0.7977147,0.7977147,0.80286837,0.0272623226046562,0.0034697652,0.005153656,0.0034697652
Persistence,8,4,0.8183548,0.83227515,0.83227515,0.8368226,0.0272623226046562,0.013920367,0.004547477,0.013920367
Persistence,8,4,0.82278675,0.85488456,0.85488456,0.82021743,0.0272623226046562,0.032097816,0.034667134,0.032097816
Persistence,8,4,0.8169085,0.86093175,0.86093175,0.80663264,0.0272623226046562,0.044023275,0.054299116,0.044023275
Persistence,8,4,0.8043242,0.8536071,0.8536071,0.7960482,0.0272623226046562,0.04928291,0.057558894,0.04928291
Persistence,8,4,0.7933234,0.8387054,0.8387054,0.79330057,0.0272623226046562,0.045382023,0.04540485,0.045382023
Persistence,8,4,0.7864778,0.830126,0.830126,0.79003835,0.0272623226046562,0.043648183,0.04008764,0.043648183
Persistence,8,4,0.781391,0.8232669,0.8232669,0.7820867,0.0272623226046562,0.0418759,0.041180253,0.0418759
Persistence,8,4,0.7774926,0.8154768,0.8154768,0.77780914,0.0272623226046562,0.037984192,0.037667632,0.037984192
Persistence,8,4,0.77119666,0.80730844,0.80730844,0.77010226,0.0272623226046562,0.036111772,0.037206173,0.036111772
Persistence,8,4,0.7655879,0.8011845,0.8011845,0.7660807,0.0272623226046562,0.03559655,0.035103798,0.03559655
Persistence,8,4,0.76316917,0.8183548,0.8183548,0.7658116,0.0272623226046562,0.055185616,0.052543163,0.055185616
Persistence,8,4,0.76044875,0.82278675,0.82278675,0.7611298,0.0272623226046562,0.062337995,0.061656952,0.062337995
Persistence,8,4,0.75513107,0.8169085,0.8169085,0.75326335,0.0272623226046562,0.061777413,0.063645124,0.061777413
Persistence,8,4,0.75073665,0.8043242,0.8043242,0.75071096,0.0272623226046562,0.053587556,0.053613245,0.053587556
Persistence,8,4,0.74715453,0.7933234,0.7933234,0.7481767,0.0272623226046562,0.046168864,0.045146704,0.046168864
Persistence,8,4,0.7564812,0.7864778,0.7864778,0.7667131,0.0272623226046562,0.029996634,0.019764721,0.029996634
Persistence,8,4,0.7613655,0.781391,0.781391,0.76192266,0.0272623226046562,0.020025551,0.019468367,0.020025551
Persistence,8,4,0.7576351,0.7774926,0.7774926,0.75059605,0.0272623226046562,0.019857466,0.026896536,0.019857466
Persistence,8,4,0.75090796,0.77119666,0.77119666,0.74620885,0.0272623226046562,0.020288706,0.024987817,0.020288706
Persistence,8,4,0.7430833,0.7655879,0.7655879,0.7416619,0.0272623226046562,0.022504628,0.02392602,0.022504628
Persistence,8,4,0.7383019,0.76316917,0.76316917,0.74036884,0.0272623226046562,0.024867296,0.022800326,0.024867296
Persistence,8,4,0.7355082,0.76044875,0.76044875,0.7367539,0.0272623226046562,0.02494055,0.023694873,0.02494055
Persistence,8,4,0.733548,0.75513107,0.75513107,0.7340096,0.0272623226046562,0.02158308,0.021121442,0.02158308
Persistence,8,4,0.72989756,0.75073665,0.75073665,0.72904617,0.0272623226046562,0.020839095,0.021690488,0.020839095
Persistence,8,4,0.726397,0.74715453,0.74715453,0.7263904,0.0272623226046562,0.020757556,0.020764112,0.020757556
Persistence,8,4,0.7218844,0.7564812,0.7564812,0.7212678,0.0272623226046562,0.03459674,0.03521335,0.03459674
Persistence,8,4,0.71884125,0.7613655,0.7613655,0.71963567,0.0272623226046562,0.04252422,0.041729808,0.04252422
Persistence,8,4,0.714788,0.7576351,0.7576351,0.71432376,0.0272623226046562,0.042847097,0.043311357,0.042847097
Persistence,8,4,0.7118746,0.75090796,0.75090796,0.71245134,0.0272623226046562,0.039033353,0.03845662,0.039033353
Persistence,8,4,0.7235672,0.7430833,0.7430833,0.7349058,0.0272623226046562,0.01951611,0.008177519,0.01951611
Persistence,8,4,0.72746825,0.7383019,0.7383019,0.726291,0.0272623226046562,0.010833621,0.012010872,0.010833621
Persistence,8,4,0.7264356,0.7355082,0.7355082,0.7214171,0.0272623226046562,0.009072602,0.0140910745,0.009072602
Persistence,8,4,0.71996105,0.733548,0.733548,0.71418804,0.0272623226046562,0.013586938,0.019359946,0.013586938
Persistence,8,4,0.7108364,0.72989756,0.72989756,0.7077274,0.0272623226046562,0.019061148,0.022170186,0.019061148
Persistence,8,4,0.7167543,0.726397,0.726397,0.7272883,0.0272623226046562,0.009642661,0.00089132786,0.009642661
Persistence,8,4,0.71589667,0.7218844,0.7218844,0.71415895,0.0272623226046562,0.0059877634,0.007725477,0.0059877634
Persistence,8,4,0.7132332,0.71884125,0.71884125,0.7098513,0.0272623226046562,0.005608082,0.00898993,0.005608082
Persistence,8,4,0.7095278,0.714788,0.714788,0.70778036,0.0272623226046562,0.005260229,0.0070076585,0.005260229
Persistence,8,4,0.7039047,0.7118746,0.7118746,0.70284003,0.0272623226046562,0.007969916,0.009034574,0.007969916
Persistence,8,4,0.70180416,0.7235672,0.7235672,0.70422304,0.0272623226046562,0.021763027,0.019344151,0.021763027
Persistence,8,4,0.69891554,0.72746825,0.72746825,0.6984274,0.0272623226046562,0.028552711,0.029040873,0.028552711
Persistence,8,4,0.69671327,0.7264356,0.7264356,0.69678354,0.0272623226046562,0.029722333,0.02965206,0.029722333
Persistence,8,4,0.69442236,0.71996105,0.71996105,0.69468224,0.0272623226046562,0.025538683,0.025278807,0.025538683
Persistence,8,4,0.690397,0.7108364,0.7108364,0.6892826,0.0272623226046562,0.020439386,0.021553814,0.020439386
Persistence,8,4,0.6900971,0.7167543,0.7167543,0.6924506,0.0272623226046562,0.026657224,0.024303734,0.026657224
Persistence,8,4,0.68661183,0.71589667,0.71589667,0.6851626,0.0272623226046562,0.029284835,0.030734062,0.029284835
Persistence,8,4,0.68556666,0.7132332,0.7132332,0.6866732,0.0272623226046562,0.02766651,0.026559949,0.02766651
Persistence,8,4,0.68388265,0.7095278,0.7095278,0.6839744,0.0272623226046562,0.025645137,0.025553405,0.025645137
Persistence,8,4,0.6799893,0.7039047,0.7039047,0.67835706,0.0272623226046562,0.02391541,0.025547624,0.02391541
Persistence,8,4,0.70727575,0.70180416,0.70180416,0.7302155,0.0272623226046562,0.005471587,0.028411329,0.005471587
Persistence,8,4,0.723668,0.69891554,0.69891554,0.72505,0.0272623226046562,0.024752438,0.026134431,0.024752438
Persistence,8,4,0.728685,0.69671327,0.69671327,0.7190703,0.0272623226046562,0.031971753,0.022357047,0.031971753
Persistence,8,4,0.724612,0.69442236,0.69442236,0.7141841,0.0272623226046562,0.030189633,0.019761741,0.030189633
Persistence,8,4,0.7140739,0.690397,0.690397,0.7073937,0.0272623226046562,0.023676872,0.016996682,0.023676872
Persistence,8,4,0.7063187,0.6900971,0.6900971,0.7069446,0.0272623226046562,0.016221583,0.016847491,0.016221583
Persistence,8,4,0.6999714,0.68661183,0.68661183,0.6994666,0.0272623226046562,0.013359547,0.012854755,0.013359547
Persistence,8,4,0.69676304,0.68556666,0.68556666,0.6976661,0.0272623226046562,0.011196375,0.012099445,0.011196375
Persistence,8,4,0.69413275,0.68388265,0.68388265,0.69502306,0.0272623226046562,0.010250092,0.011140406,0.010250092
Persistence,8,4,0.6921132,0.6799893,0.6799893,0.69301355,0.0272623226046562,0.012123942,0.013024271,0.012123942
Persistence,8,4,0.6921621,0.70727575,0.70727575,0.69410765,0.0272623226046562,0.015113652,0.013168097,0.015113652
Persistence,8,4,0.68945205,0.723668,0.723668,0.68809134,0.0272623226046562,0.034215927,0.03557664,0.034215927
Persistence,8,4,0.6845549,0.728685,0.728685,0.68235844,0.0272623226046562,0.044130147,0.046326578,0.044130147
Persistence,8,4,0.6799492,0.724612,0.724612,0.6794927,0.0272623226046562,0.044662774,0.045119286,0.044662774
Persistence,8,4,0.67404675,0.7140739,0.7140739,0.67311543,0.0272623226046562,0.04002714,0.040958464,0.04002714
Persistence,8,4,0.6942134,0.7063187,0.7063187,0.7134214,0.0272623226046562,0.012105286,0.007102728,0.012105286
Persistence,8,4,0.703605,0.6999714,0.6999714,0.70322406,0.0272623226046562,0.0036336184,0.003252685,0.0036336184
Persistence,8,4,0.70464253,0.69676304,0.69676304,0.6967454,0.0272623226046562,0.007879496,1.7642975e-05,0.007879496
Persistence,8,4,0.70059866,0.69413275,0.69413275,0.6941247,0.0272623226046562,0.006465912,8.046627e-06,0.006465912
Persistence,8,4,0.6903765,0.6921132,0.6921132,0.68509394,0.0272623226046562,0.0017367005,0.0070192814,0.0017367005
Persistence,8,4,0.6865057,0.6921621,0.6921621,0.6898476,0.0272623226046562,0.005656421,0.002314508,0.005656421
Persistence,8,4,0.68365455,0.68945205,0.68945205,0.68432933,0.0272623226046562,0.0057975054,0.005122721,0.0057975054
Persistence,8,4,0.6815133,0.6845549,0.6845549,0.6813686,0.0272623226046562,0.0030415654,0.0031862855,0.0030415654
Persistence,8,4,0.68066037,0.6799492,0.6799492,0.68170255,0.0272623226046562,0.000711143,0.0017533302,0.000711143
Persistence,8,4,0.6772068,0.67404675,0.67404675,0.6759323,0.0272623226046562,0.0031600595,0.0018855333,0.0031600595
Persistence,8,4,0.6760469,0.6942134,0.6942134,0.6773985,0.0272623226046562,0.018166482,0.016814888,0.018166482
Persistence,8,4,0.67212456,0.703605,0.703605,0.6705257,0.0272623226046562,0.03148043,0.033079267,0.03148043
MQAttn-LSTM-VQR,8,4,0.8736985,0.8673022,0.9138089,0.8731099,0.0272623226046562,0.0063962936,0.005807698,0.04011041
MQAttn-LSTM-VQR,8,4,0.8688675,0.86462,0.91126114,0.86883235,0.0272623226046562,0.004247546,0.0042123795,0.042393625
MQAttn-LSTM-VQR,8,4,0.86504257,0.86169696,0.9083749,0.86575836,0.0272623226046562,0.0033456087,0.004061401,0.04333234
MQAttn-LSTM-VQR,8,4,0.85717404,0.85706747,0.9037698,0.8542975,0.0272623226046562,0.000106573105,0.002769947,0.046595752
MQAttn-LSTM-VQR,8,4,0.85374814,0.8510334,0.89728236,0.855735,0.0272623226046562,0.0027147532,0.0047016144,0.04353422
MQAttn-LSTM-VQR,8,4,0.85163313,0.8461984,0.8917972,0.85375106,0.0272623226046562,0.0054347515,0.0075526834,0.040164053
MQAttn-LSTM-VQR,8,4,0.86339295,0.84713286,0.8887078,0.8746191,0.0272623226046562,0.016260087,0.027486265,0.025314867
MQAttn-LSTM-VQR,8,4,0.8676863,0.84159374,0.8852627,0.86638486,0.0272623226046562,0.02609253,0.024791121,0.017576456
MQAttn-LSTM-VQR,8,4,0.86649686,0.83944905,0.8833241,0.8611157,0.0272623226046562,0.027047813,0.021666646,0.016827226
MQAttn-LSTM-VQR,8,4,0.8607621,0.8327017,0.8785349,0.8559232,0.0272623226046562,0.028060436,0.023221493,0.017772794
MQAttn-LSTM-VQR,8,4,0.85241723,0.8275065,0.8736985,0.84963393,0.0272623226046562,0.024910748,0.02212745,0.021281242
MQAttn-LSTM-VQR,8,4,0.84627324,0.82818043,0.8688675,0.8470183,0.0272623226046562,0.018092811,0.01883787,0.022594273
MQAttn-LSTM-VQR,8,4,0.8409615,0.8221768,0.86504257,0.8409514,0.0272623226046562,0.018784702,0.018774569,0.024081051
MQAttn-LSTM-VQR,8,4,0.8375492,0.8143048,0.85717404,0.8384885,0.0272623226046562,0.023244381,0.02418369,0.01962483
MQAttn-LSTM-VQR,8,4,0.83309525,0.8107485,0.85374814,0.83276147,0.0272623226046562,0.022346735,0.022012949,0.02065289
MQAttn-LSTM-VQR,8,4,0.8286916,0.80854344,0.85163313,0.82859623,0.0272623226046562,0.020148158,0.02005279,0.02294153
MQAttn-LSTM-VQR,8,4,0.8241535,0.8255793,0.86339295,0.82411206,0.0272623226046562,0.0014258027,0.0014672279,0.039239466
MQAttn-LSTM-VQR,8,4,0.8194879,0.8260443,0.8676863,0.81938505,0.0272623226046562,0.0065563917,0.0066592693,0.048198342
MQAttn-LSTM-VQR,8,4,0.8142745,0.8219566,0.86649686,0.81382436,0.0272623226046562,0.007682085,0.008132219,0.05222237
MQAttn-LSTM-VQR,8,4,0.81033975,0.81550217,0.8607621,0.8110769,0.0272623226046562,0.005162418,0.0044252872,0.05042237
MQAttn-LSTM-VQR,8,4,0.8065476,0.80627126,0.85241723,0.8070033,0.0272623226046562,0.00027632713,0.00073206425,0.04586965
MQAttn-LSTM-VQR,8,4,0.8227651,0.8050395,0.84627324,0.8380258,0.0272623226046562,0.017725587,0.032986283,0.023508132
MQAttn-LSTM-VQR,8,4,0.8272284,0.7963028,0.8409615,0.82465035,0.0272623226046562,0.030925632,0.028347552,0.013733089
MQAttn-LSTM-VQR,8,4,0.824067,0.7927262,0.8375492,0.8161915,0.0272623226046562,0.031340778,0.023465276,0.013482213
MQAttn-LSTM-VQR,8,4,0.81512034,0.78605545,0.83309525,0.808208,0.0272623226046562,0.029064894,0.022152543,0.017974913
MQAttn-LSTM-VQR,8,4,0.8064261,0.7811777,0.8286916,0.8054514,0.0272623226046562,0.025248408,0.024273694,0.022265494
MQAttn-LSTM-VQR,8,4,0.7977147,0.78268814,0.8241535,0.79773194,0.0272623226046562,0.015026569,0.015043795,0.026438773
MQAttn-LSTM-VQR,8,4,0.83227515,0.77422845,0.8194879,0.8633537,0.0272623226046562,0.0580467,0.089125276,0.012787223
MQAttn-LSTM-VQR,8,4,0.85488456,0.7699145,0.8142745,0.8582837,0.0272623226046562,0.08497006,0.08836919,0.040610075
MQAttn-LSTM-VQR,8,4,0.86093175,0.7657781,0.81033975,0.8479118,0.0272623226046562,0.09515363,0.08213365,0.050592005
MQAttn-LSTM-VQR,8,4,0.8536071,0.7602633,0.8065476,0.8388892,0.0272623226046562,0.093343794,0.07862586,0.047059536
MQAttn-LSTM-VQR,8,4,0.8387054,0.7868774,0.8227651,0.83032936,0.0272623226046562,0.051828027,0.043451965,0.015940309
MQAttn-LSTM-VQR,8,4,0.830126,0.78557795,0.8272284,0.83320546,0.0272623226046562,0.044548035,0.04762751,0.0028975606
MQAttn-LSTM-VQR,8,4,0.8232669,0.78115183,0.824067,0.8234168,0.0272623226046562,0.042115092,0.042264998,0.00080007315
MQAttn-LSTM-VQR,8,4,0.8154768,0.7729614,0.81512034,0.812882,0.0272623226046562,0.042515397,0.039920628,0.00035643578
MQAttn-LSTM-VQR,8,4,0.80730844,0.7656117,0.8064261,0.80607885,0.0272623226046562,0.041696727,0.040467143,0.00088232756
MQAttn-LSTM-VQR,8,4,0.8011845,0.7666373,0.7977147,0.80286837,0.0272623226046562,0.03454715,0.03623104,0.0034697652
MQAttn-LSTM-VQR,8,4,0.8183548,0.8084059,0.83227515,0.8368226,0.0272623226046562,0.009948909,0.028416753,0.013920367
MQAttn-LSTM-VQR,8,4,0.82278675,0.82396513,0.85488456,0.82021743,0.0272623226046562,0.0011783838,0.0037477016,0.032097816
MQAttn-LSTM-VQR,8,4,0.8169085,0.8242244,0.86093175,0.80663264,0.0272623226046562,0.0073159337,0.017591774,0.044023275
MQAttn-LSTM-VQR,8,4,0.8043242,0.81444156,0.8536071,0.7960482,0.0272623226046562,0.010117352,0.018393338,0.04928291
MQAttn-LSTM-VQR,8,4,0.7933234,0.80020094,0.8387054,0.79330057,0.0272623226046562,0.0068775415,0.00690037,0.045382023
MQAttn-LSTM-VQR,8,4,0.7864778,0.79599,0.830126,0.79003835,0.0272623226046562,0.009512186,0.005951643,0.043648183
MQAttn-LSTM-VQR,8,4,0.781391,0.7843101,0.8232669,0.7820867,0.0272623226046562,0.0029190779,0.002223432,0.0418759
MQAttn-LSTM-VQR,8,4,0.7774926,0.7749311,0.8154768,0.77780914,0.0272623226046562,0.0025615096,0.0028780699,0.037984192
MQAttn-LSTM-VQR,8,4,0.77119666,0.76546985,0.80730844,0.77010226,0.0272623226046562,0.0057268143,0.0046324134,0.036111772
MQAttn-LSTM-VQR,8,4,0.7655879,0.7590194,0.8011845,0.7660807,0.0272623226046562,0.006568551,0.0070613027,0.03559655
MQAttn-LSTM-VQR,8,4,0.76316917,0.7729179,0.8183548,0.7658116,0.0272623226046562,0.009748757,0.007106304,0.055185616
MQAttn-LSTM-VQR,8,4,0.76044875,0.7879418,0.82278675,0.7611298,0.0272623226046562,0.02749306,0.026812017,0.062337995
MQAttn-LSTM-VQR,8,4,0.75513107,0.7786757,0.8169085,0.75326335,0.0272623226046562,0.02354461,0.025412321,0.061777413
MQAttn-LSTM-VQR,8,4,0.75073665,0.7639436,0.8043242,0.75071096,0.0272623226046562,0.013206959,0.013232648,0.053587556
MQAttn-LSTM-VQR,8,4,0.74715453,0.75250626,0.7933234,0.7481767,0.0272623226046562,0.0053517222,0.004329562,0.046168864
MQAttn-LSTM-VQR,8,4,0.7564812,0.7547883,0.7864778,0.7667131,0.0272623226046562,0.0016928911,0.011924803,0.029996634
MQAttn-LSTM-VQR,8,4,0.7613655,0.7438048,0.781391,0.76192266,0.0272623226046562,0.01756066,0.018117845,0.020025551
MQAttn-LSTM-VQR,8,4,0.7576351,0.7383436,0.7774926,0.75059605,0.0272623226046562,0.01929152,0.01225245,0.019857466
MQAttn-LSTM-VQR,8,4,0.75090796,0.73195297,0.77119666,0.74620885,0.0272623226046562,0.018954992,0.014255881,0.020288706
MQAttn-LSTM-VQR,8,4,0.7430833,0.7273073,0.7655879,0.7416619,0.0272623226046562,0.015775979,0.014354587,0.022504628
MQAttn-LSTM-VQR,8,4,0.7383019,0.7353839,0.76316917,0.74036884,0.0272623226046562,0.0029179454,0.0049849153,0.024867296
MQAttn-LSTM-VQR,8,4,0.7355082,0.72953695,0.76044875,0.7367539,0.0272623226046562,0.005971253,0.0072169304,0.02494055
MQAttn-LSTM-VQR,8,4,0.733548,0.72518635,0.75513107,0.7340096,0.0272623226046562,0.008361638,0.008823276,0.02158308
MQAttn-LSTM-VQR,8,4,0.72989756,0.7210312,0.75073665,0.72904617,0.0272623226046562,0.00886637,0.008014977,0.020839095
MQAttn-LSTM-VQR,8,4,0.726397,0.71773434,0.74715453,0.7263904,0.0272623226046562,0.008662641,0.008656085,0.020757556
MQAttn-LSTM-VQR,8,4,0.7218844,0.7379146,0.7564812,0.7212678,0.0272623226046562,0.016030192,0.016646802,0.03459674
MQAttn-LSTM-VQR,8,4,0.71884125,0.73530215,0.7613655,0.71963567,0.0272623226046562,0.016460896,0.015666485,0.04252422
MQAttn-LSTM-VQR,8,4,0.714788,0.7266264,0.7576351,0.71432376,0.0272623226046562,0.0118383765,0.012302637,0.042847097
MQAttn-LSTM-VQR,8,4,0.7118746,0.7186509,0.75090796,0.71245134,0.0272623226046562,0.0067762733,0.0061995387,0.039033353
MQAttn-LSTM-VQR,8,4,0.7235672,0.71193016,0.7430833,0.7349058,0.0272623226046562,0.011637032,0.022975624,0.01951611
MQAttn-LSTM-VQR,8,4,0.72746825,0.7186479,0.7383019,0.726291,0.0272623226046562,0.008820355,0.0076431036,0.010833621
MQAttn-LSTM-VQR,8,4,0.7264356,0.711968,0.7355082,0.7214171,0.0272623226046562,0.014467597,0.009449124,0.009072602
MQAttn-LSTM-VQR,8,4,0.71996105,0.70865,0.733548,0.71418804,0.0272623226046562,0.011311054,0.0055380464,0.013586938
MQAttn-LSTM-VQR,8,4,0.7108364,0.7033745,0.72989756,0.7077274,0.0272623226046562,0.0074619055,0.0043528676,0.019061148
MQAttn-LSTM-VQR,8,4,0.7167543,0.7096405,0.726397,0.7272883,0.0272623226046562,0.0071138144,0.017647803,0.009642661
MQAttn-LSTM-VQR,8,4,0.71589667,0.7039088,0.7218844,0.71415895,0.0272623226046562,0.011987865,0.010250151,0.0059877634
MQAttn-LSTM-VQR,8,4,0.7132332,0.70014495,0.71884125,0.7098513,0.0272623226046562,0.013088226,0.009706378,0.005608082
MQAttn-LSTM-VQR,8,4,0.7095278,0.69527394,0.714788,0.70778036,0.0272623226046562,0.014253855,0.012506425,0.005260229
MQAttn-LSTM-VQR,8,4,0.7039047,0.6934887,0.7118746,0.70284003,0.0272623226046562,0.010415971,0.009351313,0.007969916
MQAttn-LSTM-VQR,8,4,0.70180416,0.71228004,0.7235672,0.70422304,0.0272623226046562,0.010475874,0.008056998,0.021763027
MQAttn-LSTM-VQR,8,4,0.69891554,0.71256495,0.72746825,0.6984274,0.0272623226046562,0.013649404,0.014137566,0.028552711
MQAttn-LSTM-VQR,8,4,0.69671327,0.70584303,0.7264356,0.69678354,0.0272623226046562,0.009129763,0.009059489,0.029722333
MQAttn-LSTM-VQR,8,4,0.69442236,0.69922215,0.71996105,0.69468224,0.0272623226046562,0.004799783,0.004539907,0.025538683
MQAttn-LSTM-VQR,8,4,0.690397,0.6901929,0.7108364,0.6892826,0.0272623226046562,0.00020414591,0.00091028214,0.020439386
MQAttn-LSTM-VQR,8,4,0.6900971,0.7026022,0.7167543,0.6924506,0.0272623226046562,0.012505114,0.010151625,0.026657224
MQAttn-LSTM-VQR,8,4,0.68661183,0.700232,0.71589667,0.6851626,0.0272623226046562,0.013620198,0.015069425,0.029284835
MQAttn-LSTM-VQR,8,4,0.68556666,0.6940008,0.7132332,0.6866732,0.0272623226046562,0.008434117,0.0073275566,0.02766651
MQAttn-LSTM-VQR,8,4,0.68388265,0.69060504,0.7095278,0.6839744,0.0272623226046562,0.0067223907,0.006630659,0.025645137
MQAttn-LSTM-VQR,8,4,0.6799893,0.6862534,0.7039047,0.67835706,0.0272623226046562,0.00626415,0.007896364,0.02391541
MQAttn-LSTM-VQR,8,4,0.70727575,0.688825,0.70180416,0.7302155,0.0272623226046562,0.018450737,0.04139048,0.005471587
MQAttn-LSTM-VQR,8,4,0.723668,0.6860981,0.69891554,0.72505,0.0272623226046562,0.03756988,0.038951874,0.024752438
MQAttn-LSTM-VQR,8,4,0.728685,0.6840165,0.69671327,0.7190703,0.0272623226046562,0.044668496,0.03505379,0.031971753
MQAttn-LSTM-VQR,8,4,0.724612,0.6812239,0.69442236,0.7141841,0.0272623226046562,0.04338807,0.032960176,0.030189633
MQAttn-LSTM-VQR,8,4,0.7140739,0.67709893,0.690397,0.7073937,0.0272623226046562,0.036974967,0.030294776,0.023676872
MQAttn-LSTM-VQR,8,4,0.7063187,0.6787419,0.6900971,0.7069446,0.0272623226046562,0.027576804,0.028202713,0.016221583
MQAttn-LSTM-VQR,8,4,0.6999714,0.6780291,0.68661183,0.6994666,0.0272623226046562,0.021942258,0.021437466,0.013359547
MQAttn-LSTM-VQR,8,4,0.69676304,0.6762549,0.68556666,0.6976661,0.0272623226046562,0.02050811,0.02141118,0.011196375
MQAttn-LSTM-VQR,8,4,0.69413275,0.6736747,0.68388265,0.69502306,0.0272623226046562,0.020458043,0.021348357,0.010250092
MQAttn-LSTM-VQR,8,4,0.6921132,0.6696929,0.6799893,0.69301355,0.0272623226046562,0.022420347,0.023320675,0.012123942
MQAttn-LSTM-VQR,8,4,0.6921621,0.69585985,0.70727575,0.69410765,0.0272623226046562,0.003697753,0.0017521977,0.015113652
MQAttn-LSTM-VQR,8,4,0.68945205,0.7126133,0.723668,0.68809134,0.0272623226046562,0.023161232,0.024521947,0.034215927
MQAttn-LSTM-VQR,8,4,0.6845549,0.7107021,0.728685,0.68235844,0.0272623226046562,0.026147246,0.028343678,0.044130147
MQAttn-LSTM-VQR,8,4,0.6799492,0.70388013,0.724612,0.6794927,0.0272623226046562,0.023930907,0.02438742,0.044662774
MQAttn-LSTM-VQR,8,4,0.67404675,0.693731,0.7140739,0.67311543,0.0272623226046562,0.019684255,0.020615578,0.04002714
MQAttn-LSTM-VQR,8,4,0.6942134,0.69450337,0.7063187,0.7134214,0.0272623226046562,0.0002899766,0.018918037,0.012105286
MQAttn-LSTM-VQR,8,4,0.703605,0.69034714,0.6999714,0.70322406,0.0272623226046562,0.013257861,0.012876928,0.0036336184
MQAttn-LSTM-VQR,8,4,0.70464253,0.685002,0.69676304,0.6967454,0.0272623226046562,0.019640505,0.011743367,0.007879496
MQAttn-LSTM-VQR,8,4,0.70059866,0.6799906,0.69413275,0.6941247,0.0272623226046562,0.020608068,0.014134109,0.006465912
MQAttn-LSTM-VQR,8,4,0.6903765,0.67815405,0.6921132,0.68509394,0.0272623226046562,0.012222469,0.006939888,0.0017367005
MQAttn-LSTM-VQR,8,4,0.6865057,0.681518,0.6921621,0.6898476,0.0272623226046562,0.004987657,0.00832957,0.005656421
MQAttn-LSTM-VQR,8,4,0.68365455,0.6796375,0.68945205,0.68432933,0.0272623226046562,0.004017055,0.004691839,0.0057975054
MQAttn-LSTM-VQR,8,4,0.6815133,0.67432237,0.6845549,0.6813686,0.0272623226046562,0.0071909428,0.0070462227,0.0030415654
MQAttn-LSTM-VQR,8,4,0.68066037,0.66990936,0.6799492,0.68170255,0.0272623226046562,0.010751009,0.011793196,0.000711143
MQAttn-LSTM-VQR,8,4,0.6772068,0.664795,0.67404675,0.6759323,0.0272623226046562,0.012411833,0.011137307,0.0031600595
MQAttn-LSTM-VQR,8,4,0.6760469,0.68270564,0.6942134,0.6773985,0.0272623226046562,0.006658733,0.005307138,0.018166482
MQAttn-LSTM-VQR,8,4,0.67212456,0.6939783,0.703605,0.6705257,0.0272623226046562,0.021853745,0.02345258,0.03148043
MQAttn-LSTM-VQR classical twin,8,4,0.8736985,0.87086654,0.9138089,0.8731099,0.0272623226046562,0.0028319359,0.00224334,0.04011041
MQAttn-LSTM-VQR classical twin,8,4,0.8688675,0.87238544,0.91126114,0.86883235,0.0272623226046562,0.0035179257,0.0035530925,0.042393625
MQAttn-LSTM-VQR classical twin,8,4,0.86504257,0.8721699,0.9083749,0.86575836,0.0272623226046562,0.0071273446,0.0064115524,0.04333234
MQAttn-LSTM-VQR classical twin,8,4,0.85717404,0.86812973,0.9037698,0.8542975,0.0272623226046562,0.010955691,0.0138322115,0.046595752
MQAttn-LSTM-VQR classical twin,8,4,0.85374814,0.86177564,0.89728236,0.855735,0.0272623226046562,0.008027494,0.0060406327,0.04353422
MQAttn-LSTM-VQR classical twin,8,4,0.85163313,0.8555697,0.8917972,0.85375106,0.0272623226046562,0.0039365888,0.0018186569,0.040164053
MQAttn-LSTM-VQR classical twin,8,4,0.86339295,0.85501474,0.8887078,0.8746191,0.0272623226046562,0.008378208,0.019604385,0.025314867
MQAttn-LSTM-VQR classical twin,8,4,0.8676863,0.8494803,0.8852627,0.86638486,0.0272623226046562,0.018206,0.016904593,0.017576456
MQAttn-LSTM-VQR classical twin,8,4,0.86649686,0.84908015,0.8833241,0.8611157,0.0272623226046562,0.017416716,0.012035549,0.016827226
MQAttn-LSTM-VQR classical twin,8,4,0.8607621,0.84358025,0.8785349,0.8559232,0.0272623226046562,0.017181873,0.01234293,0.017772794
MQAttn-LSTM-VQR classical twin,8,4,0.85241723,0.8392386,0.8736985,0.84963393,0.0272623226046562,0.013178647,0.010395348,0.021281242
MQAttn-LSTM-VQR classical twin,8,4,0.84627324,0.8363848,0.8688675,0.8470183,0.0272623226046562,0.00988847,0.010633528,0.022594273
MQAttn-LSTM-VQR classical twin,8,4,0.8409615,0.83077115,0.86504257,0.8409514,0.0272623226046562,0.010190368,0.010180235,0.024081051
MQAttn-LSTM-VQR classical twin,8,4,0.8375492,0.82531166,0.85717404,0.8384885,0.0272623226046562,0.012237549,0.013176858,0.01962483
MQAttn-LSTM-VQR classical twin,8,4,0.83309525,0.82240075,0.85374814,0.83276147,0.0272623226046562,0.010694504,0.010360718,0.02065289
MQAttn-LSTM-VQR classical twin,8,4,0.8286916,0.8207084,0.85163313,0.82859623,0.0272623226046562,0.007983208,0.00788784,0.02294153
MQAttn-LSTM-VQR classical twin,8,4,0.8241535,0.83396107,0.86339295,0.82411206,0.0272623226046562,0.009807587,0.009849012,0.039239466
MQAttn-LSTM-VQR classical twin,8,4,0.8194879,0.8343332,0.8676863,0.81938505,0.0272623226046562,0.014845252,0.01494813,0.048198342
MQAttn-LSTM-VQR classical twin,8,4,0.8142745,0.83261704,0.86649686,0.81382436,0.0272623226046562,0.018342555,0.018792689,0.05222237
MQAttn-LSTM-VQR classical twin,8,4,0.81033975,0.82635427,0.8607621,0.8110769,0.0272623226046562,0.016014516,0.015277386,0.05042237
MQAttn-LSTM-VQR classical twin,8,4,0.8065476,0.81810814,0.85241723,0.8070033,0.0272623226046562,0.011560559,0.011104822,0.04586965
MQAttn-LSTM-VQR classical twin,8,4,0.8227651,0.8125557,0.84627324,0.8380258,0.0272623226046562,0.010209441,0.025470138,0.023508132
MQAttn-LSTM-VQR classical twin,8,4,0.8272284,0.8079282,0.8409615,0.82465035,0.0272623226046562,0.019300222,0.016722143,0.013733089
MQAttn-LSTM-VQR classical twin,8,4,0.824067,0.80391556,0.8375492,0.8161915,0.0272623226046562,0.020151436,0.012275934,0.013482213
MQAttn-LSTM-VQR classical twin,8,4,0.81512034,0.7992119,0.83309525,0.808208,0.0272623226046562,0.01590842,0.008996069,0.017974913
MQAttn-LSTM-VQR classical twin,8,4,0.8064261,0.79482603,0.8286916,0.8054514,0.0272623226046562,0.011600077,0.010625362,0.022265494
MQAttn-LSTM-VQR classical twin,8,4,0.7977147,0.791275,0.8241535,0.79773194,0.0272623226046562,0.006439686,0.0064569116,0.026438773
MQAttn-LSTM-VQR classical twin,8,4,0.83227515,0.7876519,0.8194879,0.8633537,0.0272623226046562,0.044623256,0.07570183,0.012787223
MQAttn-LSTM-VQR classical twin,8,4,0.85488456,0.78381157,0.8142745,0.8582837,0.0272623226046562,0.071072996,0.07447213,0.040610075
MQAttn-LSTM-VQR classical twin,8,4,0.86093175,0.77954817,0.81033975,0.8479118,0.0272623226046562,0.081383586,0.06836361,0.050592005
MQAttn-LSTM-VQR classical twin,8,4,0.8536071,0.77590257,0.8065476,0.8388892,0.0272623226046562,0.07770455,0.06298661,0.047059536
MQAttn-LSTM-VQR classical twin,8,4,0.8387054,0.794274,0.8227651,0.83032936,0.0272623226046562,0.044431448,0.036055386,0.015940309
MQAttn-LSTM-VQR classical twin,8,4,0.830126,0.79586774,0.8272284,0.83320546,0.0272623226046562,0.034258246,0.03733772,0.0028975606
MQAttn-LSTM-VQR classical twin,8,4,0.8232669,0.79468787,0.824067,0.8234168,0.0272623226046562,0.028579056,0.028728962,0.00080007315
MQAttn-LSTM-VQR classical twin,8,4,0.8154768,0.786401,0.81512034,0.812882,0.0272623226046562,0.029075801,0.026481032,0.00035643578
MQAttn-LSTM-VQR classical twin,8,4,0.80730844,0.77955806,0.8064261,0.80607885,0.0272623226046562,0.027750373,0.026520789,0.00088232756
MQAttn-LSTM-VQR classical twin,8,4,0.8011845,0.77378494,0.7977147,0.80286837,0.0272623226046562,0.02739954,0.02908343,0.0034697652
MQAttn-LSTM-VQR classical twin,8,4,0.8183548,0.78667295,0.83227515,0.8368226,0.0272623226046562,0.031681836,0.05014968,0.013920367
MQAttn-LSTM-VQR classical twin,8,4,0.82278675,0.82602894,0.85488456,0.82021743,0.0272623226046562,0.0032421947,0.0058115125,0.032097816
MQAttn-LSTM-VQR classical twin,8,4,0.8169085,0.8341654,0.86093175,0.80663264,0.0272623226046562,0.017256916,0.027532756,0.044023275
MQAttn-LSTM-VQR classical twin,8,4,0.8043242,0.8279954,0.8536071,0.7960482,0.0272623226046562,0.02367121,0.031947196,0.04928291
MQAttn-LSTM-VQR classical twin,8,4,0.7933234,0.8145891,0.8387054,0.79330057,0.0272623226046562,0.021265686,0.021288514,0.045382023
MQAttn-LSTM-VQR classical twin,8,4,0.7864778,0.8040772,0.830126,0.79003835,0.0272623226046562,0.017599404,0.014038861,0.043648183
MQAttn-LSTM-VQR classical twin,8,4,0.781391,0.79538465,0.8232669,0.7820867,0.0272623226046562,0.013993621,0.013297975,0.0418759
MQAttn-LSTM-VQR classical twin,8,4,0.7774926,0.78651303,0.8154768,0.77780914,0.0272623226046562,0.009020448,0.008703887,0.037984192
MQAttn-LSTM-VQR classical twin,8,4,0.77119666,0.77783895,0.80730844,0.77010226,0.0272623226046562,0.006642282,0.007736683,0.036111772
MQAttn-LSTM-VQR classical twin,8,4,0.7655879,0.7747578,0.8011845,0.7660807,0.0272623226046562,0.009169877,0.008677125,0.03559655
MQAttn-LSTM-VQR classical twin,8,4,0.76316917,0.78697014,0.8183548,0.7658116,0.0272623226046562,0.02380097,0.021158516,0.055185616
MQAttn-LSTM-VQR classical twin,8,4,0.76044875,0.7953487,0.82278675,0.7611298,0.0272623226046562,0.03489995,0.034218907,0.062337995
MQAttn-LSTM-VQR classical twin,8,4,0.75513107,0.78895354,0.8169085,0.75326335,0.0272623226046562,0.033822477,0.03569019,0.061777413
MQAttn-LSTM-VQR classical twin,8,4,0.75073665,0.77673334,0.8043242,0.75071096,0.0272623226046562,0.025996685,0.026022375,0.053587556
MQAttn-LSTM-VQR classical twin,8,4,0.74715453,0.76741004,0.7933234,0.7481767,0.0272623226046562,0.020255506,0.019233346,0.046168864
MQAttn-LSTM-VQR classical twin,8,4,0.7564812,0.7620747,0.7864778,0.7667131,0.0272623226046562,0.0055935383,0.004638374,0.029996634
MQAttn-LSTM-VQR classical twin,8,4,0.7613655,0.7570365,0.781391,0.76192266,0.0272623226046562,0.004328966,0.0048861504,0.020025551
MQAttn-LSTM-VQR classical twin,8,4,0.7576351,0.7527202,0.7774926,0.75059605,0.0272623226046562,0.0049149394,0.0021241307,0.019857466
MQAttn-LSTM-VQR classical twin,8,4,0.75090796,0.74763024,0.77119666,0.74620885,0.0272623226046562,0.003277719,0.001421392,0.020288706
MQAttn-LSTM-VQR classical twin,8,4,0.7430833,0.74433947,0.7655879,0.7416619,0.0272623226046562,0.0012561679,0.0026775599,0.022504628
MQAttn-LSTM-VQR classical twin,8,4,0.7383019,0.7427079,0.76316917,0.74036884,0.0272623226046562,0.004406035,0.002339065,0.024867296
MQAttn-LSTM-VQR classical twin,8,4,0.7355082,0.7425097,0.76044875,0.7367539,0.0272623226046562,0.007001519,0.0057558417,0.02494055
MQAttn-LSTM-VQR classical twin,8,4,0.733548,0.7384468,0.75513107,0.7340096,0.0272623226046562,0.0048987865,0.0044371486,0.02158308
MQAttn-LSTM-VQR classical twin,8,4,0.72989756,0.7342089,0.75073665,0.72904617,0.0272623226046562,0.004311323,0.005162716,0.020839095
MQAttn-LSTM-VQR classical twin,8,4,0.726397,0.73139143,0.74715453,0.7263904,0.0272623226046562,0.004994452,0.0050010085,0.020757556
MQAttn-LSTM-VQR classical twin,8,4,0.7218844,0.73964953,0.7564812,0.7212678,0.0272623226046562,0.017765105,0.018381715,0.03459674
MQAttn-LSTM-VQR classical twin,8,4,0.71884125,0.7437579,0.7613655,0.71963567,0.0272623226046562,0.024916649,0.024122238,0.04252422
MQAttn-LSTM-VQR classical twin,8,4,0.714788,0.73888403,0.7576351,0.71432376,0.0272623226046562,0.024096012,0.024560273,0.042847097
MQAttn-LSTM-VQR classical twin,8,4,0.7118746,0.73202616,0.75090796,0.71245134,0.0272623226046562,0.020151556,0.019574821,0.039033353
MQAttn-LSTM-VQR classical twin,8,4,0.7235672,0.7269434,0.7430833,0.7349058,0.0272623226046562,0.003376186,0.007962406,0.01951611
MQAttn-LSTM-VQR classical twin,8,4,0.72746825,0.72244114,0.7383019,0.726291,0.0272623226046562,0.0050271153,0.003849864,0.010833621
MQAttn-LSTM-VQR classical twin,8,4,0.7264356,0.7207842,0.7355082,0.7214171,0.0272623226046562,0.0056514144,0.0006329417,0.009072602
MQAttn-LSTM-VQR classical twin,8,4,0.71996105,0.71930605,0.733548,0.71418804,0.0272623226046562,0.00065499544,0.0051180124,0.013586938
MQAttn-LSTM-VQR classical twin,8,4,0.7108364,0.71477294,0.72989756,0.7077274,0.0272623226046562,0.003936529,0.007045567,0.019061148
MQAttn-LSTM-VQR classical twin,8,4,0.7167543,0.71221787,0.726397,0.7272883,0.0272623226046562,0.00453645,0.015070438,0.009642661
MQAttn-LSTM-VQR classical twin,8,4,0.71589667,0.71055365,0.7218844,0.71415895,0.0272623226046562,0.00534302,0.0036053061,0.0059877634
MQAttn-LSTM-VQR classical twin,8,4,0.7132332,0.7078394,0.71884125,0.7098513,0.0272623226046562,0.0053937435,0.0020118952,0.005608082
MQAttn-LSTM-VQR classical twin,8,4,0.7095278,0.7029934,0.714788,0.70778036,0.0272623226046562,0.0065343976,0.004786968,0.005260229
MQAttn-LSTM-VQR classical twin,8,4,0.7039047,0.7029288,0.7118746,0.70284003,0.0272623226046562,0.00097590685,8.8751316e-05,0.007969916
MQAttn-LSTM-VQR classical twin,8,4,0.70180416,0.7123869,0.7235672,0.70422304,0.0272623226046562,0.010582745,0.008163869,0.021763027
MQAttn-LSTM-VQR classical twin,8,4,0.69891554,0.71639574,0.72746825,0.6984274,0.0272623226046562,0.017480195,0.017968357,0.028552711
MQAttn-LSTM-VQR classical twin,8,4,0.69671327,0.71349114,0.7264356,0.69678354,0.0272623226046562,0.016777873,0.0167076,0.029722333
MQAttn-LSTM-VQR classical twin,8,4,0.69442236,0.7086281,0.71996105,0.69468224,0.0272623226046562,0.014205754,0.013945878,0.025538683
MQAttn-LSTM-VQR classical twin,8,4,0.690397,0.6983268,0.7108364,0.6892826,0.0272623226046562,0.007929802,0.00904423,0.020439386
MQAttn-LSTM-VQR classical twin,8,4,0.6900971,0.7029188,0.7167543,0.6924506,0.0272623226046562,0.012821734,0.010468245,0.026657224
MQAttn-LSTM-VQR classical twin,8,4,0.68661183,0.7050917,0.71589667,0.6851626,0.0272623226046562,0.018479884,0.019929111,0.029284835
MQAttn-LSTM-VQR classical twin,8,4,0.68556666,0.70055574,0.7132332,0.6866732,0.0272623226046562,0.014989078,0.013882518,0.02766651
MQAttn-LSTM-VQR classical twin,8,4,0.68388265,0.69934094,0.7095278,0.6839744,0.0272623226046562,0.015458286,0.015366554,0.025645137
MQAttn-LSTM-VQR classical twin,8,4,0.6799893,0.69287205,0.7039047,0.67835706,0.0272623226046562,0.012882769,0.014514983,0.02391541
MQAttn-LSTM-VQR classical twin,8,4,0.70727575,0.68878114,0.70180416,0.7302155,0.0272623226046562,0.018494606,0.041434348,0.005471587
MQAttn-LSTM-VQR classical twin,8,4,0.723668,0.6888268,0.69891554,0.72505,0.0272623226046562,0.03484118,0.036223173,0.024752438
MQAttn-LSTM-VQR classical twin,8,4,0.728685,0.68822557,0.69671327,0.7190703,0.0272623226046562,0.040459454,0.030844748,0.031971753
MQAttn-LSTM-VQR classical twin,8,4,0.724612,0.6843164,0.69442236,0.7141841,0.0272623226046562,0.0402956,0.029867709,0.030189633
MQAttn-LSTM-VQR classical twin,8,4,0.7140739,0.6808695,0.690397,0.7073937,0.0272623226046562,0.033204377,0.026524186,0.023676872
MQAttn-LSTM-VQR classical twin,8,4,0.7063187,0.6769111,0.6900971,0.7069446,0.0272623226046562,0.02940756,0.03003347,0.016221583
MQAttn-LSTM-VQR classical twin,8,4,0.6999714,0.6784686,0.68661183,0.6994666,0.0272623226046562,0.021502793,0.020998001,0.013359547
MQAttn-LSTM-VQR classical twin,8,4,0.69676304,0.6764633,0.68556666,0.6976661,0.0272623226046562,0.020299733,0.021202803,0.011196375
MQAttn-LSTM-VQR classical twin,8,4,0.69413275,0.67356914,0.68388265,0.69502306,0.0272623226046562,0.020563602,0.021453917,0.010250092
MQAttn-LSTM-VQR classical twin,8,4,0.6921132,0.67031384,0.6799893,0.69301355,0.0272623226046562,0.021799386,0.022699714,0.012123942
MQAttn-LSTM-VQR classical twin,8,4,0.6921621,0.6958179,0.70727575,0.69410765,0.0272623226046562,0.0036557913,0.0017102361,0.015113652
MQAttn-LSTM-VQR classical twin,8,4,0.68945205,0.7156539,0.723668,0.68809134,0.0272623226046562,0.026201844,0.027562559,0.034215927
MQAttn-LSTM-VQR classical twin,8,4,0.6845549,0.7182803,0.728685,0.68235844,0.0272623226046562,0.03372544,0.03592187,0.044130147
MQAttn-LSTM-VQR classical twin,8,4,0.6799492,0.71442086,0.724612,0.6794927,0.0272623226046562,0.03447163,0.034928143,0.044662774
MQAttn-LSTM-VQR classical twin,8,4,0.67404675,0.703514,0.7140739,0.67311543,0.0272623226046562,0.029467225,0.030398548,0.04002714
MQAttn-LSTM-VQR classical twin,8,4,0.6942134,0.6970153,0.7063187,0.7134214,0.0272623226046562,0.0028018951,0.016406119,0.012105286
MQAttn-LSTM-VQR classical twin,8,4,0.703605,0.6944523,0.6999714,0.70322406,0.0272623226046562,0.00915271,0.008771777,0.0036336184
MQAttn-LSTM-VQR classical twin,8,4,0.70464253,0.6880318,0.69676304,0.6967454,0.0272623226046562,0.016610742,0.008713603,0.007879496
MQAttn-LSTM-VQR classical twin,8,4,0.70059866,0.6849075,0.69413275,0.6941247,0.0272623226046562,0.015691161,0.009217203,0.006465912
MQAttn-LSTM-VQR classical twin,8,4,0.6903765,0.6850282,0.6921132,0.68509394,0.0272623226046562,0.005348325,6.574392e-05,0.0017367005
MQAttn-LSTM-VQR classical twin,8,4,0.6865057,0.68110436,0.6921621,0.6898476,0.0272623226046562,0.0054013133,0.0087432265,0.005656421
MQAttn-LSTM-VQR classical twin,8,4,0.68365455,0.68167776,0.68945205,0.68432933,0.0272623226046562,0.001976788,0.0026515722,0.0057975054
MQAttn-LSTM-VQR classical twin,8,4,0.6815133,0.67642087,0.6845549,0.6813686,0.0272623226046562,0.005092442,0.004947722,0.0030415654
MQAttn-LSTM-VQR classical twin,8,4,0.68066037,0.6718846,0.6799492,0.68170255,0.0272623226046562,0.008775771,0.009817958,0.000711143
MQAttn-LSTM-VQR classical twin,8,4,0.6772068,0.66604596,0.67404675,0.6759323,0.0272623226046562,0.0111608505,0.009886324,0.0031600595
MQAttn-LSTM-VQR classical twin,8,4,0.6760469,0.68179053,0.6942134,0.6773985,0.0272623226046562,0.005743623,0.004392028,0.018166482
MQAttn-LSTM-VQR classical twin,8,4,0.67212456,0.6956471,0.703605,0.6705257,0.0272623226046562,0.023522556,0.02512139,0.03148043
MQAttn-QLSTM-VQR,8,4,0.8736985,0.8859106,0.9138089,0.8731099,0.0272623226046562,0.012212098,0.0128006935,0.04011041
MQAttn-QLSTM-VQR,8,4,0.8688675,0.885538,0.91126114,0.86883235,0.0272623226046562,0.016670465,0.016705632,0.042393625
MQAttn-QLSTM-VQR,8,4,0.86504257,0.8832533,0.9083749,0.86575836,0.0272623226046562,0.01821071,0.017494917,0.04333234
MQAttn-QLSTM-VQR,8,4,0.85717404,0.87916565,0.9037698,0.8542975,0.0272623226046562,0.02199161,0.02486813,0.046595752
MQAttn-QLSTM-VQR,8,4,0.85374814,0.87282246,0.89728236,0.855735,0.0272623226046562,0.01907432,0.01708746,0.04353422
MQAttn-QLSTM-VQR,8,4,0.85163313,0.8669475,0.8917972,0.85375106,0.0272623226046562,0.015314341,0.013196409,0.040164053
MQAttn-QLSTM-VQR,8,4,0.86339295,0.8590322,0.8887078,0.8746191,0.0272623226046562,0.0043607354,0.015586913,0.025314867
MQAttn-QLSTM-VQR,8,4,0.8676863,0.85955095,0.8852627,0.86638486,0.0272623226046562,0.008135319,0.006833911,0.017576456
MQAttn-QLSTM-VQR,8,4,0.86649686,0.8594999,0.8833241,0.8611157,0.0272623226046562,0.0069969893,0.0016158223,0.016827226
MQAttn-QLSTM-VQR,8,4,0.8607621,0.8543529,0.8785349,0.8559232,0.0272623226046562,0.006409228,0.0015702844,0.017772794
MQAttn-QLSTM-VQR,8,4,0.85241723,0.8489021,0.8736985,0.84963393,0.0272623226046562,0.0035151243,0.0007318258,0.021281242
MQAttn-QLSTM-VQR,8,4,0.84627324,0.8393774,0.8688675,0.8470183,0.0272623226046562,0.00689584,0.007640898,0.022594273
MQAttn-QLSTM-VQR,8,4,0.8409615,0.8388476,0.86504257,0.8409514,0.0272623226046562,0.0021139383,0.0021038055,0.024081051
MQAttn-QLSTM-VQR,8,4,0.8375492,0.83160526,0.85717404,0.8384885,0.0272623226046562,0.005943954,0.0068832636,0.01962483
MQAttn-QLSTM-VQR,8,4,0.83309525,0.8283301,0.85374814,0.83276147,0.0272623226046562,0.004765153,0.004431367,0.02065289
MQAttn-QLSTM-VQR,8,4,0.8286916,0.8265683,0.85163313,0.82859623,0.0272623226046562,0.0021232963,0.0020279288,0.02294153
MQAttn-QLSTM-VQR,8,4,0.8241535,0.83150274,0.86339295,0.82411206,0.0272623226046562,0.0073492527,0.007390678,0.039239466
MQAttn-QLSTM-VQR,8,4,0.8194879,0.8411955,0.8676863,0.81938505,0.0272623226046562,0.021707594,0.021810472,0.048198342
MQAttn-QLSTM-VQR,8,4,0.8142745,0.8413425,0.86649686,0.81382436,0.0272623226046562,0.027068019,0.027518153,0.05222237
MQAttn-QLSTM-VQR,8,4,0.81033975,0.83658165,0.8607621,0.8110769,0.0272623226046562,0.026241899,0.025504768,0.05042237
MQAttn-QLSTM-VQR,8,4,0.8065476,0.82831377,0.85241723,0.8070033,0.0272623226046562,0.021766186,0.021310449,0.04586965
MQAttn-QLSTM-VQR,8,4,0.8227651,0.8168666,0.84627324,0.8380258,0.0272623226046562,0.0058985353,0.021159232,0.023508132
MQAttn-QLSTM-VQR,8,4,0.8272284,0.8155237,0.8409615,0.82465035,0.0272623226046562,0.011704743,0.009126663,0.013733089
MQAttn-QLSTM-VQR,8,4,0.824067,0.8129223,0.8375492,0.8161915,0.0272623226046562,0.011144698,0.0032691956,0.013482213
MQAttn-QLSTM-VQR,8,4,0.81512034,0.8089235,0.83309525,0.808208,0.0272623226046562,0.0061968565,0.00071549416,0.017974913
MQAttn-QLSTM-VQR,8,4,0.8064261,0.80515003,0.8286916,0.8054514,0.0272623226046562,0.0012760758,0.00030136108,0.022265494
MQAttn-QLSTM-VQR,8,4,0.7977147,0.79432285,0.8241535,0.79773194,0.0272623226046562,0.003391862,0.0034090877,0.026438773
MQAttn-QLSTM-VQR,8,4,0.83227515,0.79397005,0.8194879,0.8633537,0.0272623226046562,0.038305104,0.06938368,0.012787223
MQAttn-QLSTM-VQR,8,4,0.85488456,0.7904321,0.8142745,0.8582837,0.0272623226046562,0.06445247,0.0678516,0.040610075
MQAttn-QLSTM-VQR,8,4,0.86093175,0.78661275,0.81033975,0.8479118,0.0272623226046562,0.074319005,0.061299026,0.050592005
MQAttn-QLSTM-VQR,8,4,0.8536071,0.78379935,0.8065476,0.8388892,0.0272623226046562,0.06980777,0.05508983,0.047059536
MQAttn-QLSTM-VQR,8,4,0.8387054,0.7914875,0.8227651,0.83032936,0.0272623226046562,0.047217906,0.038841844,0.015940309
MQAttn-QLSTM-VQR,8,4,0.830126,0.80275506,0.8272284,0.83320546,0.0272623226046562,0.02737093,0.030450404,0.0028975606
MQAttn-QLSTM-VQR,8,4,0.8232669,0.80038416,0.824067,0.8234168,0.0272623226046562,0.02288276,0.023032665,0.00080007315
MQAttn-QLSTM-VQR,8,4,0.8154768,0.7920279,0.81512034,0.812882,0.0272623226046562,0.023448884,0.020854115,0.00035643578
MQAttn-QLSTM-VQR,8,4,0.80730844,0.78447497,0.8064261,0.80607885,0.0272623226046562,0.022833467,0.021603882,0.00088232756
MQAttn-QLSTM-VQR,8,4,0.8011845,0.76942176,0.7977147,0.80286837,0.0272623226046562,0.03176272,0.03344661,0.0034697652
MQAttn-QLSTM-VQR,8,4,0.8183548,0.8211465,0.83227515,0.8368226,0.0272623226046562,0.0027917027,0.01567614,0.013920367
MQAttn-QLSTM-VQR,8,4,0.82278675,0.8446253,0.85488456,0.82021743,0.0272623226046562,0.021838546,0.024407864,0.032097816
MQAttn-QLSTM-VQR,8,4,0.8169085,0.84653884,0.86093175,0.80663264,0.0272623226046562,0.029630363,0.039906204,0.044023275
MQAttn-QLSTM-VQR,8,4,0.8043242,0.8366316,0.8536071,0.7960482,0.0272623226046562,0.032307386,0.040583372,0.04928291
MQAttn-QLSTM-VQR,8,4,0.7933234,0.82115257,0.8387054,0.79330057,0.0272623226046562,0.02782917,0.027851999,0.045382023
MQAttn-QLSTM-VQR,8,4,0.7864778,0.8061659,0.830126,0.79003835,0.0272623226046562,0.01968807,0.016127527,0.043648183
MQAttn-QLSTM-VQR,8,4,0.781391,0.80290663,0.8232669,0.7820867,0.0272623226046562,0.021515608,0.020819962,0.0418759
MQAttn-QLSTM-VQR,8,4,0.7774926,0.7960739,0.8154768,0.77780914,0.0272623226046562,0.01858133,0.01826477,0.037984192
MQAttn-QLSTM-VQR,8,4,0.77119666,0.78739196,0.80730844,0.77010226,0.0272623226046562,0.016195297,0.017289698,0.036111772
MQAttn-QLSTM-VQR,8,4,0.7655879,0.7827368,0.8011845,0.7660807,0.0272623226046562,0.017148852,0.0166561,0.03559655
MQAttn-QLSTM-VQR,8,4,0.76316917,0.80418354,0.8183548,0.7658116,0.0272623226046562,0.041014373,0.03837192,0.055185616
MQAttn-QLSTM-VQR,8,4,0.76044875,0.81075627,0.82278675,0.7611298,0.0272623226046562,0.050307512,0.04962647,0.062337995
MQAttn-QLSTM-VQR,8,4,0.75513107,0.8018046,0.8169085,0.75326335,0.0272623226046562,0.046673536,0.048541248,0.061777413
MQAttn-QLSTM-VQR,8,4,0.75073665,0.78712946,0.8043242,0.75071096,0.0272623226046562,0.036392808,0.036418498,0.053587556
MQAttn-QLSTM-VQR,8,4,0.74715453,0.77679825,0.7933234,0.7481767,0.0272623226046562,0.029643714,0.028621554,0.046168864
MQAttn-QLSTM-VQR,8,4,0.7564812,0.7646833,0.7864778,0.7667131,0.0272623226046562,0.008202136,0.0020297766,0.029996634
MQAttn-QLSTM-VQR,8,4,0.7613655,0.7631354,0.781391,0.76192266,0.0272623226046562,0.0017699003,0.0012127161,0.020025551
MQAttn-QLSTM-VQR,8,4,0.7576351,0.7614461,0.7774926,0.75059605,0.0272623226046562,0.0038110018,0.010850072,0.019857466
MQAttn-QLSTM-VQR,8,4,0.75090796,0.7572031,0.77119666,0.74620885,0.0272623226046562,0.0062951446,0.010994256,0.020288706
MQAttn-QLSTM-VQR,8,4,0.7430833,0.75362736,0.7655879,0.7416619,0.0272623226046562,0.010544062,0.011965454,0.022504628
MQAttn-QLSTM-VQR,8,4,0.7383019,0.7473953,0.76316917,0.74036884,0.0272623226046562,0.009093404,0.007026434,0.024867296
MQAttn-QLSTM-VQR,8,4,0.7355082,0.7495036,0.76044875,0.7367539,0.0272623226046562,0.013995409,0.012749732,0.02494055
MQAttn-QLSTM-VQR,8,4,0.733548,0.74695724,0.75513107,0.7340096,0.0272623226046562,0.013409257,0.012947619,0.02158308
MQAttn-QLSTM-VQR,8,4,0.72989756,0.7436806,0.75073665,0.72904617,0.0272623226046562,0.013783038,0.01463443,0.020839095
MQAttn-QLSTM-VQR,8,4,0.726397,0.7418591,0.74715453,0.7263904,0.0272623226046562,0.0154621005,0.015468657,0.020757556
MQAttn-QLSTM-VQR,8,4,0.7218844,0.7439068,0.7564812,0.7212678,0.0272623226046562,0.022022367,0.022638977,0.03459674
MQAttn-QLSTM-VQR,8,4,0.71884125,0.75373846,0.7613655,0.71963567,0.0272623226046562,0.03489721,0.034102798,0.04252422
MQAttn-QLSTM-VQR,8,4,0.714788,0.75085,0.7576351,0.71432376,0.0272623226046562,0.036062002,0.036526263,0.042847097
MQAttn-QLSTM-VQR,8,4,0.7118746,0.7456512,0.75090796,0.71245134,0.0272623226046562,0.03377658,0.033199847,0.039033353
MQAttn-QLSTM-VQR,8,4,0.7235672,0.738997,0.7430833,0.7349058,0.0272623226046562,0.015429795,0.004091203,0.01951611
MQAttn-QLSTM-VQR,8,4,0.72746825,0.7287895,0.7383019,0.726291,0.0272623226046562,0.0013212562,0.0024985075,0.010833621
MQAttn-QLSTM-VQR,8,4,0.7264356,0.73021084,0.7355082,0.7214171,0.0272623226046562,0.003775239,0.008793712,0.009072602
MQAttn-QLSTM-VQR,8,4,0.71996105,0.7301059,0.733548,0.71418804,0.0272623226046562,0.01014483,0.015917838,0.013586938
MQAttn-QLSTM-VQR,8,4,0.7108364,0.7271797,0.72989756,0.7077274,0.0272623226046562,0.016343296,0.019452333,0.019061148
MQAttn-QLSTM-VQR,8,4,0.7167543,0.71794784,0.726397,0.7272883,0.0272623226046562,0.0011935234,0.009340465,0.009642661
MQAttn-QLSTM-VQR,8,4,0.71589667,0.71730417,0.7218844,0.71415895,0.0272623226046562,0.0014075041,0.003145218,0.0059877634
MQAttn-QLSTM-VQR,8,4,0.7132332,0.7156755,0.71884125,0.7098513,0.0272623226046562,0.0024423003,0.0058241487,0.005608082
MQAttn-QLSTM-VQR,8,4,0.7095278,0.7123575,0.714788,0.70778036,0.0272623226046562,0.0028297305,0.00457716,0.005260229
MQAttn-QLSTM-VQR,8,4,0.7039047,0.7116902,0.7118746,0.70284003,0.0272623226046562,0.007785499,0.008850157,0.007969916
MQAttn-QLSTM-VQR,8,4,0.70180416,0.71579754,0.7235672,0.70422304,0.0272623226046562,0.013993382,0.011574507,0.021763027
MQAttn-QLSTM-VQR,8,4,0.69891554,0.7254432,0.72746825,0.6984274,0.0272623226046562,0.026527643,0.027015805,0.028552711
MQAttn-QLSTM-VQR,8,4,0.69671327,0.7240492,0.7264356,0.69678354,0.0272623226046562,0.027335942,0.027265668,0.029722333
MQAttn-QLSTM-VQR,8,4,0.69442236,0.718484,0.71996105,0.69468224,0.0272623226046562,0.02406162,0.023801744,0.025538683
MQAttn-QLSTM-VQR,8,4,0.690397,0.7082861,0.7108364,0.6892826,0.0272623226046562,0.017889082,0.01900351,0.020439386
MQAttn-QLSTM-VQR,8,4,0.6900971,0.70661587,0.7167543,0.6924506,0.0272623226046562,0.016518772,0.014165282,0.026657224
MQAttn-QLSTM-VQR,8,4,0.68661183,0.71201354,0.71589667,0.6851626,0.0272623226046562,0.025401711,0.026850939,0.029284835
MQAttn-QLSTM-VQR,8,4,0.68556666,0.71017647,0.7132332,0.6866732,0.0272623226046562,0.024609804,0.023503244,0.02766651
MQAttn-QLSTM-VQR,8,4,0.68388265,0.70877624,0.7095278,0.6839744,0.0272623226046562,0.024893582,0.02480185,0.025645137
MQAttn-QLSTM-VQR,8,4,0.6799893,0.70213884,0.7039047,0.67835706,0.0272623226046562,0.022149563,0.023781776,0.02391541
MQAttn-QLSTM-VQR,8,4,0.70727575,0.69534314,0.70180416,0.7302155,0.0272623226046562,0.011932611,0.034872353,0.005471587
MQAttn-QLSTM-VQR,8,4,0.723668,0.6951456,0.69891554,0.72505,0.0272623226046562,0.028522372,0.029904366,0.024752438
MQAttn-QLSTM-VQR,8,4,0.728685,0.69534737,0.69671327,0.7190703,0.0272623226046562,0.033337653,0.023722947,0.031971753
MQAttn-QLSTM-VQR,8,4,0.724612,0.6923556,0.69442236,0.7141841,0.0272623226046562,0.032256424,0.021828532,0.030189633
MQAttn-QLSTM-VQR,8,4,0.7140739,0.6888926,0.690397,0.7073937,0.0272623226046562,0.025181293,0.018501103,0.023676872
MQAttn-QLSTM-VQR,8,4,0.7063187,0.68281287,0.6900971,0.7069446,0.0272623226046562,0.023505807,0.024131715,0.016221583
MQAttn-QLSTM-VQR,8,4,0.6999714,0.68324196,0.68661183,0.6994666,0.0272623226046562,0.016729414,0.016224623,0.013359547
MQAttn-QLSTM-VQR,8,4,0.69676304,0.6829227,0.68556666,0.6976661,0.0272623226046562,0.013840318,0.014743388,0.011196375
MQAttn-QLSTM-VQR,8,4,0.69413275,0.681012,0.68388265,0.69502306,0.0272623226046562,0.01312077,0.014011085,0.010250092
MQAttn-QLSTM-VQR,8,4,0.6921132,0.67780674,0.6799893,0.69301355,0.0272623226046562,0.014306486,0.015206814,0.012123942
MQAttn-QLSTM-VQR,8,4,0.6921621,0.69920754,0.70727575,0.69410765,0.0272623226046562,0.007045448,0.0050998926,0.015113652
MQAttn-QLSTM-VQR,8,4,0.68945205,0.72230315,0.723668,0.68809134,0.0272623226046562,0.0328511,0.034211814,0.034215927
MQAttn-QLSTM-VQR,8,4,0.6845549,0.728406,0.728685,0.68235844,0.0272623226046562,0.043851137,0.04604757,0.044130147
MQAttn-QLSTM-VQR,8,4,0.6799492,0.72560924,0.724612,0.6794927,0.0272623226046562,0.04566002,0.04611653,0.044662774
MQAttn-QLSTM-VQR,8,4,0.67404675,0.7141402,0.7140739,0.67311543,0.0272623226046562,0.040093422,0.041024745,0.04002714
MQAttn-QLSTM-VQR,8,4,0.6942134,0.7020683,0.7063187,0.7134214,0.0272623226046562,0.0078549385,0.0113530755,0.012105286
MQAttn-QLSTM-VQR,8,4,0.703605,0.6996787,0.6999714,0.70322406,0.0272623226046562,0.003926277,0.0035453439,0.0036336184
MQAttn-QLSTM-VQR,8,4,0.70464253,0.6957702,0.69676304,0.6967454,0.0272623226046562,0.00887233,0.0009751916,0.007879496
MQAttn-QLSTM-VQR,8,4,0.70059866,0.69470394,0.69413275,0.6941247,0.0272623226046562,0.0058947206,0.00057923794,0.006465912
MQAttn-QLSTM-VQR,8,4,0.6903765,0.6943736,0.6921132,0.68509394,0.0272623226046562,0.0039970875,0.009279668,0.0017367005
MQAttn-QLSTM-VQR,8,4,0.6865057,0.68825585,0.6921621,0.6898476,0.0272623226046562,0.0017501712,0.001591742,0.005656421
MQAttn-QLSTM-VQR,8,4,0.68365455,0.6883304,0.68945205,0.68432933,0.0272623226046562,0.004675865,0.004001081,0.0057975054
MQAttn-QLSTM-VQR,8,4,0.6815133,0.6828958,0.6845549,0.6813686,0.0272623226046562,0.0013824701,0.0015271902,0.0030415654
MQAttn-QLSTM-VQR,8,4,0.68066037,0.67873704,0.6799492,0.68170255,0.0272623226046562,0.0019233227,0.00296551,0.000711143
MQAttn-QLSTM-VQR,8,4,0.6772068,0.6722475,0.67404675,0.6759323,0.0272623226046562,0.0049592853,0.0036847591,0.0031600595
MQAttn-QLSTM-VQR,8,4,0.6760469,0.6852326,0.6942134,0.6773985,0.0272623226046562,0.009185672,0.007834077,0.018166482
MQAttn-QLSTM-VQR,8,4,0.67212456,0.701465,0.703605,0.6705257,0.0272623226046562,0.029340446,0.030939281,0.03148043
MQAttn-QLSTM-VQR classical twin,8,4,0.8736985,0.8749116,0.9138089,0.8731099,0.0272623226046562,0.0012131333,0.0018017292,0.04011041
MQAttn-QLSTM-VQR classical twin,8,4,0.8688675,0.87484795,0.91126114,0.86883235,0.0272623226046562,0.005980432,0.006015599,0.042393625
MQAttn-QLSTM-VQR classical twin,8,4,0.86504257,0.8724642,0.9083749,0.86575836,0.0272623226046562,0.0074216127,0.0067058206,0.04333234
MQAttn-QLSTM-VQR classical twin,8,4,0.85717404,0.8686706,0.9037698,0.8542975,0.0272623226046562,0.011496544,0.014373064,0.046595752
MQAttn-QLSTM-VQR classical twin,8,4,0.85374814,0.8626372,0.89728236,0.855735,0.0272623226046562,0.008889079,0.006902218,0.04353422
MQAttn-QLSTM-VQR classical twin,8,4,0.85163313,0.8570523,0.8917972,0.85375106,0.0272623226046562,0.0054191947,0.0033012629,0.040164053
MQAttn-QLSTM-VQR classical twin,8,4,0.86339295,0.8491182,0.8887078,0.8746191,0.0272623226046562,0.014274776,0.025500953,0.025314867
MQAttn-QLSTM-VQR classical twin,8,4,0.8676863,0.8500919,0.8852627,0.86638486,0.0272623226046562,0.017594397,0.01629299,0.017576456
MQAttn-QLSTM-VQR classical twin,8,4,0.86649686,0.851039,0.8833241,0.8611157,0.0272623226046562,0.015457869,0.010076702,0.016827226
MQAttn-QLSTM-VQR classical twin,8,4,0.8607621,0.8461613,0.8785349,0.8559232,0.0272623226046562,0.014600813,0.00976187,0.017772794
MQAttn-QLSTM-VQR classical twin,8,4,0.85241723,0.8409192,0.8736985,0.84963393,0.0272623226046562,0.011498034,0.0087147355,0.021281242
MQAttn-QLSTM-VQR classical twin,8,4,0.84627324,0.8314004,0.8688675,0.8470183,0.0272623226046562,0.014872849,0.015617907,0.022594273
MQAttn-QLSTM-VQR classical twin,8,4,0.8409615,0.83133066,0.86504257,0.8409514,0.0272623226046562,0.009630859,0.009620726,0.024081051
MQAttn-QLSTM-VQR classical twin,8,4,0.8375492,0.8250148,0.85717404,0.8384885,0.0272623226046562,0.01253438,0.01347369,0.01962483
MQAttn-QLSTM-VQR classical twin,8,4,0.83309525,0.82228154,0.85374814,0.83276147,0.0272623226046562,0.010813713,0.010479927,0.02065289
MQAttn-QLSTM-VQR classical twin,8,4,0.8286916,0.82098514,0.85163313,0.82859623,0.0272623226046562,0.0077064633,0.007611096,0.02294153
MQAttn-QLSTM-VQR classical twin,8,4,0.8241535,0.8260954,0.86339295,0.82411206,0.0272623226046562,0.0019419193,0.0019833446,0.039239466
MQAttn-QLSTM-VQR classical twin,8,4,0.8194879,0.83447206,0.8676863,0.81938505,0.0272623226046562,0.014984131,0.0150870085,0.048198342
MQAttn-QLSTM-VQR classical twin,8,4,0.8142745,0.83512145,0.86649686,0.81382436,0.0272623226046562,0.020846963,0.021297097,0.05222237
MQAttn-QLSTM-VQR classical twin,8,4,0.81033975,0.8310562,0.8607621,0.8110769,0.0272623226046562,0.020716429,0.019979298,0.05042237
MQAttn-QLSTM-VQR classical twin,8,4,0.8065476,0.823373,0.85241723,0.8070033,0.0272623226046562,0.016825438,0.0163697,0.04586965
MQAttn-QLSTM-VQR classical twin,8,4,0.8227651,0.8128072,0.84627324,0.8380258,0.0272623226046562,0.00995791,0.025218606,0.023508132
MQAttn-QLSTM-VQR classical twin,8,4,0.8272284,0.81156814,0.8409615,0.82465035,0.0272623226046562,0.015660286,0.013082206,0.013733089
MQAttn-QLSTM-VQR classical twin,8,4,0.824067,0.8100372,0.8375492,0.8161915,0.0272623226046562,0.014029801,0.006154299,0.013482213
MQAttn-QLSTM-VQR classical twin,8,4,0.81512034,0.80658704,0.83309525,0.808208,0.0272623226046562,0.008533299,0.0016209483,0.017974913
MQAttn-QLSTM-VQR classical twin,8,4,0.8064261,0.80327046,0.8286916,0.8054514,0.0272623226046562,0.0031556487,0.002180934,0.022265494
MQAttn-QLSTM-VQR classical twin,8,4,0.7977147,0.7937356,0.8241535,0.79773194,0.0272623226046562,0.003979087,0.0039963126,0.026438773
MQAttn-QLSTM-VQR classical twin,8,4,0.83227515,0.79301196,0.8194879,0.8633537,0.0272623226046562,0.03926319,0.070341766,0.012787223
MQAttn-QLSTM-VQR classical twin,8,4,0.85488456,0.7901186,0.8142745,0.8582837,0.0272623226046562,0.06476599,0.06816512,0.040610075
MQAttn-QLSTM-VQR classical twin,8,4,0.86093175,0.7867737,0.81033975,0.8479118,0.0272623226046562,0.07415807,0.061138093,0.050592005
MQAttn-QLSTM-VQR classical twin,8,4,0.8536071,0.7839979,0.8065476,0.8388892,0.0272623226046562,0.069609225,0.05489129,0.047059536
MQAttn-QLSTM-VQR classical twin,8,4,0.8387054,0.7925267,0.8227651,0.83032936,0.0272623226046562,0.0461787,0.037802637,0.015940309
MQAttn-QLSTM-VQR classical twin,8,4,0.830126,0.8014973,0.8272284,0.83320546,0.0272623226046562,0.028628707,0.03170818,0.0028975606
MQAttn-QLSTM-VQR classical twin,8,4,0.8232669,0.7995064,0.824067,0.8234168,0.0272623226046562,0.023760498,0.023910403,0.00080007315
MQAttn-QLSTM-VQR classical twin,8,4,0.8154768,0.79175454,0.81512034,0.812882,0.0272623226046562,0.023722231,0.021127462,0.00035643578
MQAttn-QLSTM-VQR classical twin,8,4,0.80730844,0.7847223,0.8064261,0.80607885,0.0272623226046562,0.022586107,0.021356523,0.00088232756
MQAttn-QLSTM-VQR classical twin,8,4,0.8011845,0.77130777,0.7977147,0.80286837,0.0272623226046562,0.029876709,0.0315606,0.0034697652
MQAttn-QLSTM-VQR classical twin,8,4,0.8183548,0.8072203,0.83227515,0.8368226,0.0272623226046562,0.011134505,0.029602349,0.013920367
MQAttn-QLSTM-VQR classical twin,8,4,0.82278675,0.8359337,0.85488456,0.82021743,0.0272623226046562,0.013146937,0.015716255,0.032097816
MQAttn-QLSTM-VQR classical twin,8,4,0.8169085,0.8388616,0.86093175,0.80663264,0.0272623226046562,0.021953106,0.032228947,0.044023275
MQAttn-QLSTM-VQR classical twin,8,4,0.8043242,0.8300118,0.8536071,0.7960482,0.0272623226046562,0.025687575,0.03396356,0.04928291
MQAttn-QLSTM-VQR classical twin,8,4,0.7933234,0.8160571,0.8387054,0.79330057,0.0272623226046562,0.022733688,0.022756517,0.045382023
MQAttn-QLSTM-VQR classical twin,8,4,0.7864778,0.8027397,0.830126,0.79003835,0.0272623226046562,0.016261876,0.012701333,0.043648183
MQAttn-QLSTM-VQR classical twin,8,4,0.781391,0.8000836,0.8232669,0.7820867,0.0272623226046562,0.018692553,0.017996907,0.0418759
MQAttn-QLSTM-VQR classical twin,8,4,0.7774926,0.79445344,0.8154768,0.77780914,0.0272623226046562,0.01696086,0.016644299,0.037984192
MQAttn-QLSTM-VQR classical twin,8,4,0.77119666,0.78669447,0.80730844,0.77010226,0.0272623226046562,0.015497804,0.016592205,0.036111772
MQAttn-QLSTM-VQR classical twin,8,4,0.7655879,0.7824326,0.8011845,0.7660807,0.0272623226046562,0.01684469,0.016351938,0.03559655
MQAttn-QLSTM-VQR classical twin,8,4,0.76316917,0.79396504,0.8183548,0.7658116,0.0272623226046562,0.030795872,0.02815342,0.055185616
MQAttn-QLSTM-VQR classical twin,8,4,0.76044875,0.80450517,0.82278675,0.7611298,0.0272623226046562,0.044056416,0.043375373,0.062337995
MQAttn-QLSTM-VQR classical twin,8,4,0.75513107,0.7976351,0.8169085,0.75326335,0.0272623226046562,0.042504013,0.044371724,0.061777413
MQAttn-QLSTM-VQR classical twin,8,4,0.75073665,0.78477603,0.8043242,0.75071096,0.0272623226046562,0.03403938,0.034065068,0.053587556
MQAttn-QLSTM-VQR classical twin,8,4,0.74715453,0.7753085,0.7933234,0.7481767,0.0272623226046562,0.028153956,0.027131796,0.046168864
MQAttn-QLSTM-VQR classical twin,8,4,0.7564812,0.7643564,0.7864778,0.7667131,0.0272623226046562,0.007875204,0.002356708,0.029996634
MQAttn-QLSTM-VQR classical twin,8,4,0.7613655,0.7629889,0.781391,0.76192266,0.0272623226046562,0.0016234517,0.0010662675,0.020025551
MQAttn-QLSTM-VQR classical twin,8,4,0.7576351,0.76094466,0.7774926,0.75059605,0.0272623226046562,0.003309548,0.010348618,0.019857466
MQAttn-QLSTM-VQR classical twin,8,4,0.75090796,0.7560148,0.77119666,0.74620885,0.0272623226046562,0.0051068664,0.009805977,0.020288706
MQAttn-QLSTM-VQR classical twin,8,4,0.7430833,0.7515968,0.7655879,0.7416619,0.0272623226046562,0.00851351,0.009934902,0.022504628
MQAttn-QLSTM-VQR classical twin,8,4,0.7383019,0.7447788,0.76316917,0.74036884,0.0272623226046562,0.0064769387,0.004409969,0.024867296
MQAttn-QLSTM-VQR classical twin,8,4,0.7355082,0.7458035,0.76044875,0.7367539,0.0272623226046562,0.010295272,0.009049594,0.02494055
MQAttn-QLSTM-VQR classical twin,8,4,0.733548,0.74287516,0.75513107,0.7340096,0.0272623226046562,0.009327173,0.008865535,0.02158308
MQAttn-QLSTM-VQR classical twin,8,4,0.72989756,0.7392412,0.75073665,0.72904617,0.0272623226046562,0.009343624,0.010195017,0.020839095
MQAttn-QLSTM-VQR classical twin,8,4,0.726397,0.7370969,0.74715453,0.7263904,0.0272623226046562,0.010699928,0.010706484,0.020757556
MQAttn-QLSTM-VQR classical twin,8,4,0.7218844,0.73942333,0.7564812,0.7212678,0.0272623226046562,0.017538905,0.018155515,0.03459674
MQAttn-QLSTM-VQR classical twin,8,4,0.71884125,0.7482246,0.7613655,0.71963567,0.0272623226046562,0.029383361,0.02858895,0.04252422
MQAttn-QLSTM-VQR classical twin,8,4,0.714788,0.7454612,0.7576351,0.71432376,0.0272623226046562,0.030673206,0.031137466,0.042847097
MQAttn-QLSTM-VQR classical twin,8,4,0.7118746,0.740511,0.75090796,0.71245134,0.0272623226046562,0.028636396,0.028059661,0.039033353
MQAttn-QLSTM-VQR classical twin,8,4,0.7235672,0.7336851,0.7430833,0.7349058,0.0272623226046562,0.010117888,0.0012207031,0.01951611
MQAttn-QLSTM-VQR classical twin,8,4,0.72746825,0.72485894,0.7383019,0.726291,0.0272623226046562,0.0026093125,0.0014320612,0.010833621
MQAttn-QLSTM-VQR classical twin,8,4,0.7264356,0.72562325,0.7355082,0.7214171,0.0272623226046562,0.0008123517,0.004206121,0.009072602
MQAttn-QLSTM-VQR classical twin,8,4,0.71996105,0.72525406,0.733548,0.71418804,0.0272623226046562,0.0052930117,0.01106602,0.013586938
MQAttn-QLSTM-VQR classical twin,8,4,0.7108364,0.72179174,0.72989756,0.7077274,0.0272623226046562,0.010955334,0.014064372,0.019061148
MQAttn-QLSTM-VQR classical twin,8,4,0.7167543,0.71534884,0.726397,0.7272883,0.0272623226046562,0.0014054775,0.011939466,0.009642661
MQAttn-QLSTM-VQR classical twin,8,4,0.71589667,0.71338797,0.7218844,0.71415895,0.0272623226046562,0.0025087,0.0007709861,0.0059877634
MQAttn-QLSTM-VQR classical twin,8,4,0.7132332,0.70986044,0.71884125,0.7098513,0.0272623226046562,0.0033727288,9.119511e-06,0.005608082
MQAttn-QLSTM-VQR classical twin,8,4,0.7095278,0.70571685,0.714788,0.70778036,0.0272623226046562,0.0038109422,0.0020635128,0.005260229
MQAttn-QLSTM-VQR classical twin,8,4,0.7039047,0.7026229,0.7118746,0.70284003,0.0272623226046562,0.0012817979,0.00021713972,0.007969916
MQAttn-QLSTM-VQR classical twin,8,4,0.70180416,0.71195793,0.7235672,0.70422304,0.0272623226046562,0.01015377,0.0077348948,0.021763027
MQAttn-QLSTM-VQR classical twin,8,4,0.69891554,0.71831983,0.72746825,0.6984274,0.0272623226046562,0.019404292,0.019892454,0.028552711
MQAttn-QLSTM-VQR classical twin,8,4,0.69671327,0.71752924,0.7264356,0.69678354,0.0272623226046562,0.020815969,0.020745695,0.029722333
MQAttn-QLSTM-VQR classical twin,8,4,0.69442236,0.7113306,0.71996105,0.69468224,0.0272623226046562,0.016908228,0.016648352,0.025538683
MQAttn-QLSTM-VQR classical twin,8,4,0.690397,0.70310324,0.7108364,0.6892826,0.0272623226046562,0.01270622,0.013820648,0.020439386
MQAttn-QLSTM-VQR classical twin,8,4,0.6900971,0.7062378,0.7167543,0.6924506,0.0272623226046562,0.0161407,0.01378721,0.026657224
MQAttn-QLSTM-VQR classical twin,8,4,0.68661183,0.7067155,0.71589667,0.6851626,0.0272623226046562,0.020103693,0.02155292,0.029284835
MQAttn-QLSTM-VQR classical twin,8,4,0.68556666,0.70430726,0.7132332,0.6866732,0.0272623226046562,0.018740594,0.017634034,0.02766651
MQAttn-QLSTM-VQR classical twin,8,4,0.68388265,0.70014066,0.7095278,0.6839744,0.0272623226046562,0.016258001,0.01616627,0.025645137
MQAttn-QLSTM-VQR classical twin,8,4,0.6799893,0.6937859,0.7039047,0.67835706,0.0272623226046562,0.0137966275,0.015428841,0.02391541
MQAttn-QLSTM-VQR classical twin,8,4,0.70727575,0.6917677,0.70180416,0.7302155,0.0272623226046562,0.015508056,0.038447797,0.005471587
MQAttn-QLSTM-VQR classical twin,8,4,0.723668,0.6889385,0.69891554,0.72505,0.0272623226046562,0.03472948,0.036111474,0.024752438
MQAttn-QLSTM-VQR classical twin,8,4,0.728685,0.6866132,0.69671327,0.7190703,0.0272623226046562,0.04207182,0.032457113,0.031971753
MQAttn-QLSTM-VQR classical twin,8,4,0.724612,0.6839446,0.69442236,0.7141841,0.0272623226046562,0.040667415,0.030239522,0.030189633
MQAttn-QLSTM-VQR classical twin,8,4,0.7140739,0.6802208,0.690397,0.7073937,0.0272623226046562,0.033853114,0.027172923,0.023676872
MQAttn-QLSTM-VQR classical twin,8,4,0.7063187,0.67915595,0.6900971,0.7069446,0.0272623226046562,0.02716273,0.027788639,0.016221583
MQAttn-QLSTM-VQR classical twin,8,4,0.6999714,0.67578954,0.68661183,0.6994666,0.0272623226046562,0.024181843,0.023677051,0.013359547
MQAttn-QLSTM-VQR classical twin,8,4,0.69676304,0.674603,0.68556666,0.6976661,0.0272623226046562,0.022160053,0.023063123,0.011196375
MQAttn-QLSTM-VQR classical twin,8,4,0.69413275,0.6728871,0.68388265,0.69502306,0.0272623226046562,0.021245658,0.022135973,0.010250092
MQAttn-QLSTM-VQR classical twin,8,4,0.6921132,0.6690147,0.6799893,0.69301355,0.0272623226046562,0.023098528,0.023998857,0.012123942
MQAttn-QLSTM-VQR classical twin,8,4,0.6921621,0.6955487,0.70727575,0.69410765,0.0272623226046562,0.0033866167,0.0014410615,0.015113652
MQAttn-QLSTM-VQR classical twin,8,4,0.68945205,0.714537,0.723668,0.68809134,0.0272623226046562,0.025084972,0.026445687,0.034215927
MQAttn-QLSTM-VQR classical twin,8,4,0.6845549,0.7200462,0.728685,0.68235844,0.0272623226046562,0.035491347,0.03768778,0.044130147
MQAttn-QLSTM-VQR classical twin,8,4,0.6799492,0.71621203,0.724612,0.6794927,0.0272623226046562,0.03626281,0.036719322,0.044662774
MQAttn-QLSTM-VQR classical twin,8,4,0.67404675,0.70545304,0.7140739,0.67311543,0.0272623226046562,0.031406283,0.032337606,0.04002714
MQAttn-QLSTM-VQR classical twin,8,4,0.6942134,0.6973377,0.7063187,0.7134214,0.0272623226046562,0.0031242967,0.016083717,0.012105286
MQAttn-QLSTM-VQR classical twin,8,4,0.703605,0.6912201,0.6999714,0.70322406,0.0272623226046562,0.0123848915,0.012003958,0.0036336184
MQAttn-QLSTM-VQR classical twin,8,4,0.70464253,0.687966,0.69676304,0.6967454,0.0272623226046562,0.016676545,0.008779407,0.007879496
MQAttn-QLSTM-VQR classical twin,8,4,0.70059866,0.6858768,0.69413275,0.6941247,0.0272623226046562,0.01472187,0.008247912,0.006465912
MQAttn-QLSTM-VQR classical twin,8,4,0.6903765,0.6830546,0.6921132,0.68509394,0.0272623226046562,0.007321894,0.0020393133,0.0017367005
MQAttn-QLSTM-VQR classical twin,8,4,0.6865057,0.68230486,0.6921621,0.6898476,0.0272623226046562,0.004200816,0.0075427294,0.005656421
MQAttn-QLSTM-VQR classical twin,8,4,0.68365455,0.6800066,0.68945205,0.68432933,0.0272623226046562,0.0036479235,0.0043227077,0.0057975054
MQAttn-QLSTM-VQR classical twin,8,4,0.6815133,0.67492896,0.6845549,0.6813686,0.0272623226046562,0.0065843463,0.006439626,0.0030415654
MQAttn-QLSTM-VQR classical twin,8,4,0.68066037,0.6710668,0.6799492,0.68170255,0.0272623226046562,0.009593546,0.010635734,0.000711143
MQAttn-QLSTM-VQR classical twin,8,4,0.6772068,0.665018,0.67404675,0.6759323,0.0272623226046562,0.012188792,0.010914266,0.0031600595
MQAttn-QLSTM-VQR classical twin,8,4,0.6760469,0.68349266,0.6942134,0.6773985,0.0272623226046562,0.0074457526,0.0060941577,0.018166482
MQAttn-QLSTM-VQR classical twin,8,4,0.67212456,0.6952912,0.703605,0.6705257,0.0272623226046562,0.023166656,0.024765491,0.03148043
QLSTM,8,4,0.8736985,0.87543297,0.9138089,0.8731099,0.0272623226046562,0.0017344952,0.002323091,0.04011041
QLSTM,8,4,0.8688675,0.875546,0.91126114,0.86883235,0.0272623226046562,0.006678462,0.006713629,0.042393625
QLSTM,8,4,0.86504257,0.87282324,0.9083749,0.86575836,0.0272623226046562,0.007780671,0.007064879,0.04333234
QLSTM,8,4,0.85717404,0.86842537,0.9037698,0.8542975,0.0272623226046562,0.01125133,0.0141278505,0.046595752
QLSTM,8,4,0.85374814,0.8625293,0.89728236,0.855735,0.0272623226046562,0.008781135,0.006794274,0.04353422
QLSTM,8,4,0.85163313,0.85772246,0.8917972,0.85375106,0.0272623226046562,0.0060893297,0.003971398,0.040164053
QLSTM,8,4,0.86339295,0.8520957,0.8887078,0.8746191,0.0272623226046562,0.011297226,0.022523403,0.025314867
QLSTM,8,4,0.8676863,0.850826,0.8852627,0.86638486,0.0272623226046562,0.016860247,0.015558839,0.017576456
QLSTM,8,4,0.86649686,0.8502716,0.8833241,0.8611157,0.0272623226046562,0.016225278,0.010844111,0.016827226
QLSTM,8,4,0.8607621,0.84557086,0.8785349,0.8559232,0.0272623226046562,0.015191257,0.0103523135,0.017772794
QLSTM,8,4,0.85241723,0.84075636,0.8736985,0.84963393,0.0272623226046562,0.011660874,0.008877575,0.021281242
QLSTM,8,4,0.84627324,0.83481157,0.8688675,0.8470183,0.0272623226046562,0.011461675,0.012206733,0.022594273
QLSTM,8,4,0.8409615,0.8330334,0.86504257,0.8409514,0.0272623226046562,0.007928133,0.007918,0.024081051
QLSTM,8,4,0.8375492,0.8264582,0.85717404,0.8384885,0.0272623226046562,0.011090994,0.0120303035,0.01962483
QLSTM,8,4,0.83309525,0.8238099,0.85374814,0.83276147,0.0272623226046562,0.009285331,0.008951545,0.02065289
QLSTM,8,4,0.8286916,0.8221337,0.85163313,0.82859623,0.0272623226046562,0.006557882,0.0064625144,0.02294153
QLSTM,8,4,0.8241535,0.8294557,0.86339295,0.82411206,0.0272623226046562,0.005302191,0.005343616,0.039239466
QLSTM,8,4,0.8194879,0.835549,0.8676863,0.81938505,0.0272623226046562,0.016061068,0.016163945,0.048198342
QLSTM,8,4,0.8142745,0.83460045,0.86649686,0.81382436,0.0272623226046562,0.020325959,0.020776093,0.05222237
QLSTM,8,4,0.81033975,0.8295967,0.8607621,0.8110769,0.0272623226046562,0.01925695,0.018519819,0.05042237
QLSTM,8,4,0.8065476,0.8218151,0.85241723,0.8070033,0.0272623226046562,0.015267491,0.014811754,0.04586965
QLSTM,8,4,0.8227651,0.8156714,0.84627324,0.8380258,0.0272623226046562,0.0070937276,0.022354424,0.023508132
QLSTM,8,4,0.8272284,0.8110934,0.8409615,0.82465035,0.0272623226046562,0.016135037,0.013556957,0.013733089
QLSTM,8,4,0.824067,0.808824,0.8375492,0.8161915,0.0272623226046562,0.015242994,0.0073674917,0.013482213
QLSTM,8,4,0.81512034,0.8043871,0.83309525,0.808208,0.0272623226046562,0.010733247,0.0038208961,0.017974913
QLSTM,8,4,0.8064261,0.8006936,0.8286916,0.8054514,0.0272623226046562,0.0057325363,0.0047578216,0.022265494
QLSTM,8,4,0.7977147,0.7960597,0.8241535,0.79773194,0.0272623226046562,0.0016549826,0.0016722083,0.026438773
QLSTM,8,4,0.83227515,0.79160714,0.8194879,0.8633537,0.0272623226046562,0.04066801,0.07174659,0.012787223
QLSTM,8,4,0.85488456,0.78814757,0.8142745,0.8582837,0.0272623226046562,0.066736996,0.07013613,0.040610075
QLSTM,8,4,0.86093175,0.7846905,0.81033975,0.8479118,0.0272623226046562,0.076241255,0.063221276,0.050592005
QLSTM,8,4,0.8536071,0.7807848,0.8065476,0.8388892,0.0272623226046562,0.07282233,0.058104396,0.047059536
QLSTM,8,4,0.8387054,0.79405177,0.8227651,0.83032936,0.0272623226046562,0.044653654,0.036277592,0.015940309
QLSTM,8,4,0.830126,0.80036974,0.8272284,0.83320546,0.0272623226046562,0.029756248,0.032835722,0.0028975606
QLSTM,8,4,0.8232669,0.7973559,0.824067,0.8234168,0.0272623226046562,0.025911033,0.026060939,0.00080007315
QLSTM,8,4,0.8154768,0.7897426,0.81512034,0.812882,0.0272623226046562,0.025734186,0.023139417,0.00035643578
QLSTM,8,4,0.80730844,0.7826307,0.8064261,0.80607885,0.0272623226046562,0.024677753,0.02344817,0.00088232756
QLSTM,8,4,0.8011845,0.7740093,0.7977147,0.80286837,0.0272623226046562,0.027175188,0.028859079,0.0034697652
QLSTM,8,4,0.8183548,0.79990745,0.83227515,0.8368226,0.0272623226046562,0.01844734,0.036915183,0.013920367
QLSTM,8,4,0.82278675,0.83527064,0.85488456,0.82021743,0.0272623226046562,0.012483895,0.015053213,0.032097816
QLSTM,8,4,0.8169085,0.83919895,0.86093175,0.80663264,0.0272623226046562,0.022290468,0.03256631,0.044023275
QLSTM,8,4,0.8043242,0.830206,0.8536071,0.7960482,0.0272623226046562,0.025881767,0.034157753,0.04928291
QLSTM,8,4,0.7933234,0.81582123,0.8387054,0.79330057,0.0272623226046562,0.022497833,0.022520661,0.045382023
QLSTM,8,4,0.7864778,0.80481374,0.830126,0.79003835,0.0272623226046562,0.018335938,0.014775395,0.043648183
QLSTM,8,4,0.781391,0.7993829,0.8232669,0.7820867,0.0272623226046562,0.0179919,0.017296255,0.0418759
QLSTM,8,4,0.7774926,0.79327846,0.8154768,0.77780914,0.0272623226046562,0.015785873,0.015469313,0.037984192
QLSTM,8,4,0.77119666,0.7857853,0.80730844,0.77010226,0.0272623226046562,0.014588654,0.015683055,0.036111772
QLSTM,8,4,0.7655879,0.78032583,0.8011845,0.7660807,0.0272623226046562,0.014737904,0.0142451525,0.03559655
QLSTM,8,4,0.76316917,0.78629136,0.8183548,0.7658116,0.0272623226046562,0.023122191,0.020479739,0.055185616
QLSTM,8,4,0.76044875,0.80178314,0.82278675,0.7611298,0.0272623226046562,0.04133439,0.040653348,0.062337995
QLSTM,8,4,0.75513107,0.7952717,0.8169085,0.75326335,0.0272623226046562,0.04014063,0.04200834,0.061777413
QLSTM,8,4,0.75073665,0.7825898,0.8043242,0.75071096,0.0272623226046562,0.03185314,0.03187883,0.053587556
QLSTM,8,4,0.74715453,0.77266175,0.7933234,0.7481767,0.0272623226046562,0.025507212,0.024485052,0.046168864
QLSTM,8,4,0.7564812,0.7657928,0.7864778,0.7667131,0.0272623226046562,0.009311616,0.0009202957,0.029996634
QLSTM,8,4,0.7613655,0.76106554,0.781391,0.76192266,0.0272623226046562,0.00029993057,0.0008571148,0.020025551
QLSTM,8,4,0.7576351,0.7580205,0.7774926,0.75059605,0.0272623226046562,0.00038540363,0.0074244738,0.019857466
QLSTM,8,4,0.75090796,0.75237596,0.77119666,0.74620885,0.0272623226046562,0.0014680028,0.006167114,0.020288706
QLSTM,8,4,0.7430833,0.74709094,0.7655879,0.7416619,0.0272623226046562,0.0040076375,0.0054290295,0.022504628
QLSTM,8,4,0.7383019,0.74471796,0.76316917,0.74036884,0.0272623226046562,0.0064160824,0.0043491125,0.024867296
QLSTM,8,4,0.7355082,0.7420021,0.76044875,0.7367539,0.0272623226046562,0.006493926,0.0052482486,0.02494055
QLSTM,8,4,0.733548,0.7381922,0.75513107,0.7340096,0.0272623226046562,0.004644215,0.004182577,0.02158308
QLSTM,8,4,0.72989756,0.73435295,0.75073665,0.72904617,0.0272623226046562,0.0044553876,0.0053067803,0.020839095
QLSTM,8,4,0.726397,0.73163855,0.74715453,0.7263904,0.0272623226046562,0.005241573,0.0052481294,0.020757556
QLSTM,8,4,0.7218844,0.7381162,0.7564812,0.7212678,0.0272623226046562,0.016231775,0.016848385,0.03459674
QLSTM,8,4,0.71884125,0.74353856,0.7613655,0.71963567,0.0272623226046562,0.024697304,0.023902893,0.04252422
QLSTM,8,4,0.714788,0.7395251,0.7576351,0.71432376,0.0272623226046562,0.02473706,0.02520132,0.042847097
QLSTM,8,4,0.7118746,0.734528,0.75090796,0.71245134,0.0272623226046562,0.0226534,0.022076666,0.039033353
QLSTM,8,4,0.7235672,0.726586,0.7430833,0.7349058,0.0272623226046562,0.0030187964,0.008319795,0.01951611
QLSTM,8,4,0.72746825,0.72306967,0.7383019,0.726291,0.0272623226046562,0.0043985844,0.003221333,0.010833621
QLSTM,8,4,0.7264356,0.7203699,0.7355082,0.7214171,0.0272623226046562,0.0060657263,0.0010472536,0.009072602
QLSTM,8,4,0.71996105,0.7181848,0.733548,0.71418804,0.0272623226046562,0.0017762184,0.0039967895,0.013586938
QLSTM,8,4,0.7108364,0.7151755,0.72989756,0.7077274,0.0272623226046562,0.004339099,0.007448137,0.019061148
QLSTM,8,4,0.7167543,0.71262884,0.726397,0.7272883,0.0272623226046562,0.004125476,0.014659464,0.009642661
QLSTM,8,4,0.71589667,0.7080346,0.7218844,0.71415895,0.0272623226046562,0.007862091,0.0061243773,0.0059877634
QLSTM,8,4,0.7132332,0.7046785,0.71884125,0.7098513,0.0272623226046562,0.008554697,0.0051728487,0.005608082
QLSTM,8,4,0.7095278,0.7010445,0.714788,0.70778036,0.0272623226046562,0.008483291,0.0067358613,0.005260229
QLSTM,8,4,0.7039047,0.6981327,0.7118746,0.70284003,0.0272623226046562,0.0057719946,0.0047073364,0.007969916
QLSTM,8,4,0.70180416,0.7079197,0.7235672,0.70422304,0.0272623226046562,0.0061155558,0.00369668,0.021763027
QLSTM,8,4,0.69891554,0.71406335,0.72746825,0.6984274,0.0272623226046562,0.015147805,0.015635967,0.028552711
QLSTM,8,4,0.69671327,0.71268994,0.7264356,0.69678354,0.0272623226046562,0.015976667,0.015906394,0.029722333
QLSTM,8,4,0.69442236,0.7068258,0.71996105,0.69468224,0.0272623226046562,0.012403429,0.012143552,0.025538683
QLSTM,8,4,0.690397,0.69986826,0.7108364,0.6892826,0.0272623226046562,0.009471238,0.010585666,0.020439386
QLSTM,8,4,0.6900971,0.7024708,0.7167543,0.6924506,0.0272623226046562,0.012373686,0.010020196,0.026657224
QLSTM,8,4,0.68661183,0.7022997,0.71589667,0.6851626,0.0272623226046562,0.015687883,0.01713711,0.029284835
QLSTM,8,4,0.68556666,0.7002267,0.7132332,0.6866732,0.0272623226046562,0.01466006,0.0135535,0.02766651
QLSTM,8,4,0.68388265,0.69598794,0.7095278,0.6839744,0.0272623226046562,0.012105286,0.012013555,0.025645137
QLSTM,8,4,0.6799893,0.690866,0.7039047,0.67835706,0.0272623226046562,0.010876715,0.012508929,0.02391541
QLSTM,8,4,0.70727575,0.6912639,0.70180416,0.7302155,0.0272623226046562,0.016011834,0.038951576,0.005471587
QLSTM,8,4,0.723668,0.68697774,0.69891554,0.72505,0.0272623226046562,0.036690235,0.03807223,0.024752438
QLSTM,8,4,0.728685,0.68449384,0.69671327,0.7190703,0.0272623226046562,0.04419118,0.034576476,0.031971753
QLSTM,8,4,0.724612,0.68237776,0.69442236,0.7141841,0.0272623226046562,0.042234242,0.03180635,0.030189633
QLSTM,8,4,0.7140739,0.67890805,0.690397,0.7073937,0.0272623226046562,0.035165846,0.028485656,0.023676872
QLSTM,8,4,0.7063187,0.68026257,0.6900971,0.7069446,0.0272623226046562,0.02605611,0.02668202,0.016221583
QLSTM,8,4,0.6999714,0.67522955,0.68661183,0.6994666,0.0272623226046562,0.024741828,0.024237037,0.013359547
QLSTM,8,4,0.69676304,0.6742808,0.68556666,0.6976661,0.0272623226046562,0.022482216,0.023385286,0.011196375
QLSTM,8,4,0.69413275,0.6727997,0.68388265,0.69502306,0.0272623226046562,0.021333039,0.022223353,0.010250092
QLSTM,8,4,0.6921132,0.66886306,0.6799893,0.69301355,0.0272623226046562,0.023250163,0.02415049,0.012123942
QLSTM,8,4,0.6921621,0.69515836,0.70727575,0.69410765,0.0272623226046562,0.002996266,0.0010507107,0.015113652
QLSTM,8,4,0.68945205,0.71255165,0.723668,0.68809134,0.0272623226046562,0.023099601,0.024460316,0.034215927
QLSTM,8,4,0.6845549,0.7163239,0.728685,0.68235844,0.0272623226046562,0.031769037,0.03396547,0.044130147
QLSTM,8,4,0.6799492,0.7120693,0.724612,0.6794927,0.0272623226046562,0.03212005,0.03257656,0.044662774
QLSTM,8,4,0.67404675,0.70223314,0.7140739,0.67311543,0.0272623226046562,0.02818638,0.029117703,0.04002714
QLSTM,8,4,0.6942134,0.6965187,0.7063187,0.7134214,0.0272623226046562,0.0023053288,0.016902685,0.012105286
QLSTM,8,4,0.703605,0.6897467,0.6999714,0.70322406,0.0272623226046562,0.013858318,0.013477385,0.0036336184
QLSTM,8,4,0.70464253,0.6871023,0.69676304,0.6967454,0.0272623226046562,0.017540216,0.009643078,0.007879496
QLSTM,8,4,0.70059866,0.6846743,0.69413275,0.6941247,0.0272623226046562,0.015924335,0.009450376,0.006465912
QLSTM,8,4,0.6903765,0.6809658,0.6921132,0.68509394,0.0272623226046562,0.009410739,0.004128158,0.0017367005
QLSTM,8,4,0.6865057,0.6830492,0.6921621,0.6898476,0.0272623226046562,0.0034564734,0.0067983866,0.005656421
QLSTM,8,4,0.68365455,0.6795591,0.68945205,0.68432933,0.0272623226046562,0.004095435,0.0047702193,0.0057975054
QLSTM,8,4,0.6815133,0.6749646,0.6845549,0.6813686,0.0272623226046562,0.0065487027,0.0064039826,0.0030415654
QLSTM,8,4,0.68066037,0.6719064,0.6799492,0.68170255,0.0272623226046562,0.008753955,0.009796143,0.000711143
QLSTM,8,4,0.6772068,0.6662545,0.67404675,0.6759323,0.0272623226046562,0.010952294,0.009677768,0.0031600595
QLSTM,8,4,0.6760469,0.6845777,0.6942134,0.6773985,0.0272623226046562,0.008530796,0.0071792006,0.018166482
QLSTM,8,4,0.67212456,0.6949892,0.703605,0.6705257,0.0272623226046562,0.02286464,0.024463475,0.03148043
LSTM,8,4,0.8736985,0.8757016,0.9138089,0.8731099,0.0272623226046562,0.0020031333,0.0025917292,0.04011041
LSTM,8,4,0.8688675,0.8752849,0.91126114,0.86883235,0.0272623226046562,0.0064173937,0.0064525604,0.042393625
LSTM,8,4,0.86504257,0.8734596,0.9083749,0.86575836,0.0272623226046562,0.00841701,0.007701218,0.04333234
LSTM,8,4,0.85717404,0.8688799,0.9037698,0.8542975,0.0272623226046562,0.011705875,0.014582396,0.046595752
LSTM,8,4,0.85374814,0.8612906,0.89728236,0.855735,0.0272623226046562,0.0075424314,0.00555557,0.04353422
LSTM,8,4,0.85163313,0.85351485,0.8917972,0.85375106,0.0272623226046562,0.0018817186,0.0002362132,0.040164053
LSTM,8,4,0.86339295,0.85209864,0.8887078,0.8746191,0.0272623226046562,0.011294305,0.022520483,0.025314867
LSTM,8,4,0.8676863,0.84958285,0.8852627,0.86638486,0.0272623226046562,0.01810342,0.016802013,0.017576456
LSTM,8,4,0.86649686,0.8494891,0.8833241,0.8611157,0.0272623226046562,0.017007768,0.011626601,0.016827226
LSTM,8,4,0.8607621,0.84422576,0.8785349,0.8559232,0.0272623226046562,0.016536355,0.011697412,0.017772794
LSTM,8,4,0.85241723,0.8390209,0.8736985,0.84963393,0.0272623226046562,0.013396323,0.010613024,0.021281242
LSTM,8,4,0.84627324,0.834103,0.8688675,0.8470183,0.0272623226046562,0.012170255,0.012915313,0.022594273
LSTM,8,4,0.8409615,0.8286919,0.86504257,0.8409514,0.0272623226046562,0.012269616,0.012259483,0.024081051
LSTM,8,4,0.8375492,0.82288235,0.85717404,0.8384885,0.0272623226046562,0.014666855,0.015606165,0.01962483
LSTM,8,4,0.83309525,0.8197928,0.85374814,0.83276147,0.0272623226046562,0.013302445,0.012968659,0.02065289
LSTM,8,4,0.8286916,0.81805676,0.85163313,0.82859623,0.0272623226046562,0.01063484,0.010539472,0.02294153
LSTM,8,4,0.8241535,0.83202255,0.86339295,0.82411206,0.0272623226046562,0.007869065,0.00791049,0.039239466
LSTM,8,4,0.8194879,0.8336956,0.8676863,0.81938505,0.0272623226046562,0.014207661,0.014310539,0.048198342
LSTM,8,4,0.8142745,0.8330134,0.86649686,0.81382436,0.0272623226046562,0.018738925,0.01918906,0.05222237
LSTM,8,4,0.81033975,0.82748926,0.8607621,0.8110769,0.0272623226046562,0.017149508,0.016412377,0.05042237
LSTM,8,4,0.8065476,0.8193347,0.85241723,0.8070033,0.0272623226046562,0.012787104,0.012331367,0.04586965
LSTM,8,4,0.8227651,0.8130902,0.84627324,0.8380258,0.0272623226046562,0.009674907,0.024935603,0.023508132
LSTM,8,4,0.8272284,0.8084516,0.8409615,0.82465035,0.0272623226046562,0.018776834,0.016198754,0.013733089
LSTM,8,4,0.824067,0.805123,0.8375492,0.8161915,0.0272623226046562,0.018944025,0.011068523,0.013482213
LSTM,8,4,0.81512034,0.80116194,0.83309525,0.808208,0.0272623226046562,0.0139583945,0.007046044,0.017974913
LSTM,8,4,0.8064261,0.79639363,0.8286916,0.8054514,0.0272623226046562,0.010032475,0.00905776,0.022265494
LSTM,8,4,0.7977147,0.7923103,0.8241535,0.79773194,0.0272623226046562,0.0054044127,0.0054216385,0.026438773
LSTM,8,4,0.83227515,0.78803194,0.8194879,0.8633537,0.0272623226046562,0.044243217,0.07532179,0.012787223
LSTM,8,4,0.85488456,0.78357583,0.8142745,0.8582837,0.0272623226046562,0.07130873,0.074707866,0.040610075
LSTM,8,4,0.86093175,0.7799282,0.81033975,0.8479118,0.0272623226046562,0.08100355,0.06798357,0.050592005
LSTM,8,4,0.8536071,0.7768149,0.8065476,0.8388892,0.0272623226046562,0.07679224,0.062074304,0.047059536
LSTM,8,4,0.8387054,0.7954113,0.8227651,0.83032936,0.0272623226046562,0.04329413,0.03491807,0.015940309
LSTM,8,4,0.830126,0.7956658,0.8272284,0.83320546,0.0272623226046562,0.034460187,0.03753966,0.0028975606
LSTM,8,4,0.8232669,0.7937956,0.824067,0.8234168,0.0272623226046562,0.029471338,0.029621243,0.00080007315
LSTM,8,4,0.8154768,0.78487897,0.81512034,0.812882,0.0272623226046562,0.030597806,0.028003037,0.00035643578
LSTM,8,4,0.80730844,0.77733934,0.8064261,0.80607885,0.0272623226046562,0.029969096,0.028739512,0.00088232756
LSTM,8,4,0.8011845,0.77126956,0.7977147,0.80286837,0.0272623226046562,0.029914916,0.031598806,0.0034697652
LSTM,8,4,0.8183548,0.8371763,0.83227515,0.8368226,0.0272623226046562,0.018821537,0.00035369396,0.013920367
LSTM,8,4,0.82278675,0.8395947,0.85488456,0.82021743,0.0272623226046562,0.016807973,0.019377291,0.032097816
LSTM,8,4,0.8169085,0.8353911,0.86093175,0.80663264,0.0272623226046562,0.018482625,0.028758466,0.044023275
LSTM,8,4,0.8043242,0.8258223,0.8536071,0.7960482,0.0272623226046562,0.021498084,0.02977407,0.04928291
LSTM,8,4,0.7933234,0.8120581,0.8387054,0.79330057,0.0272623226046562,0.018734694,0.018757522,0.045382023
LSTM,8,4,0.7864778,0.80526,0.830126,0.79003835,0.0272623226046562,0.018782198,0.015221655,0.043648183
LSTM,8,4,0.781391,0.7971266,0.8232669,0.7820867,0.0272623226046562,0.015735567,0.015039921,0.0418759
LSTM,8,4,0.7774926,0.7875033,0.8154768,0.77780914,0.0272623226046562,0.010010719,0.009694159,0.037984192
LSTM,8,4,0.77119666,0.7783544,0.80730844,0.77010226,0.0272623226046562,0.007157743,0.008252144,0.036111772
LSTM,8,4,0.7655879,0.77414495,0.8011845,0.7660807,0.0272623226046562,0.008557022,0.00806427,0.03559655
LSTM,8,4,0.76316917,0.8075618,0.8183548,0.7658116,0.0272623226046562,0.044392645,0.041750193,0.055185616
LSTM,8,4,0.76044875,0.8051737,0.82278675,0.7611298,0.0272623226046562,0.04472494,0.0440439,0.062337995
LSTM,8,4,0.75513107,0.7918117,0.8169085,0.75326335,0.0272623226046562,0.03668064,0.03854835,0.061777413
LSTM,8,4,0.75073665,0.7767489,0.8043242,0.75071096,0.0272623226046562,0.026012242,0.026037931,0.053587556
LSTM,8,4,0.74715453,0.7663598,0.7933234,0.7481767,0.0272623226046562,0.019205272,0.018183112,0.046168864
LSTM,8,4,0.7564812,0.7616384,0.7864778,0.7667131,0.0272623226046562,0.0051572323,0.00507468,0.029996634
LSTM,8,4,0.7613655,0.75531906,0.781391,0.76192266,0.0272623226046562,0.0060464144,0.0066035986,0.020025551
LSTM,8,4,0.7576351,0.7510751,0.7774926,0.75059605,0.0272623226046562,0.0065600276,0.00047904253,0.019857466
LSTM,8,4,0.75090796,0.74577594,0.77119666,0.74620885,0.0272623226046562,0.0051320195,0.00043290854,0.020288706
LSTM,8,4,0.7430833,0.7417586,0.7655879,0.7416619,0.0272623226046562,0.0013247132,9.6678734e-05,0.022504628
LSTM,8,4,0.7383019,0.74091995,0.76316917,0.74036884,0.0272623226046562,0.0026180744,0.00055110455,0.024867296
LSTM,8,4,0.7355082,0.7374074,0.76044875,0.7367539,0.0272623226046562,0.0018991828,0.0006535053,0.02494055
LSTM,8,4,0.733548,0.73339707,0.75513107,0.7340096,0.0272623226046562,0.00015091896,0.00061255693,0.02158308
LSTM,8,4,0.72989756,0.72920775,0.75073665,0.72904617,0.0272623226046562,0.00068980455,0.00016158819,0.020839095
LSTM,8,4,0.726397,0.72592634,0.74715453,0.7263904,0.0272623226046562,0.00047063828,0.00046408176,0.020757556
LSTM,8,4,0.7218844,0.73739576,0.7564812,0.7212678,0.0272623226046562,0.015511334,0.016127944,0.03459674
LSTM,8,4,0.71884125,0.7390313,0.7613655,0.71963567,0.0272623226046562,0.02019006,0.01939565,0.04252422
LSTM,8,4,0.714788,0.7353892,0.7576351,0.71432376,0.0272623226046562,0.020601153,0.021065414,0.042847097
LSTM,8,4,0.7118746,0.72854066,0.75090796,0.71245134,0.0272623226046562,0.016666055,0.01608932,0.039033353
LSTM,8,4,0.7235672,0.7226809,0.7430833,0.7349058,0.0272623226046562,0.00088626146,0.012224853,0.01951611
LSTM,8,4,0.72746825,0.719209,0.7383019,0.726291,0.0272623226046562,0.008259237,0.0070819855,0.010833621
LSTM,8,4,0.7264356,0.7141985,0.7355082,0.7214171,0.0272623226046562,0.012237072,0.0072185993,0.009072602
LSTM,8,4,0.71996105,0.7137676,0.733548,0.71418804,0.0272623226046562,0.006193459,0.00042045116,0.013586938
LSTM,8,4,0.7108364,0.7098086,0.72989756,0.7077274,0.0272623226046562,0.0010278225,0.0020812154,0.019061148
LSTM,8,4,0.7167543,0.70849884,0.726397,0.7272883,0.0272623226046562,0.008255482,0.01878947,0.009642661
LSTM,8,4,0.71589667,0.70242137,0.7218844,0.71415895,0.0272623226046562,0.013475299,0.011737585,0.0059877634
LSTM,8,4,0.7132332,0.7006893,0.71884125,0.7098513,0.0272623226046562,0.012543857,0.009162009,0.005608082
LSTM,8,4,0.7095278,0.6969446,0.714788,0.70778036,0.0272623226046562,0.012583196,0.010835767,0.005260229
LSTM,8,4,0.7039047,0.6962162,0.7118746,0.70284003,0.0272623226046562,0.0076884627,0.0066238046,0.007969916
LSTM,8,4,0.70180416,0.7111364,0.7235672,0.70422304,0.0272623226046562,0.00933224,0.006913364,0.021763027
LSTM,8,4,0.69891554,0.7097162,0.72746825,0.6984274,0.0272623226046562,0.01080066,0.011288822,0.028552711
LSTM,8,4,0.69671327,0.70712924,0.7264356,0.69678354,0.0272623226046562,0.010415971,0.010345697,0.029722333
LSTM,8,4,0.69442236,0.70173115,0.71996105,0.69468224,0.0272623226046562,0.007308781,0.007048905,0.025538683
LSTM,8,4,0.690397,0.69123876,0.7108364,0.6892826,0.0272623226046562,0.0008417368,0.0019561648,0.020439386
LSTM,8,4,0.6900971,0.70002687,0.7167543,0.6924506,0.0272623226046562,0.009929776,0.007576287,0.026657224
LSTM,8,4,0.68661183,0.6970776,0.71589667,0.6851626,0.0272623226046562,0.010465741,0.0119149685,0.029284835
LSTM,8,4,0.68556666,0.6944647,0.7132332,0.6866732,0.0272623226046562,0.00889802,0.0077914596,0.02766651
LSTM,8,4,0.68388265,0.6933803,0.7095278,0.6839744,0.0272623226046562,0.0094976425,0.009405911,0.025645137
LSTM,8,4,0.6799893,0.68786377,0.7039047,0.67835706,0.0272623226046562,0.007874489,0.009506702,0.02391541
LSTM,8,4,0.70727575,0.68648356,0.70180416,0.7302155,0.0272623226046562,0.020792186,0.043731928,0.005471587
LSTM,8,4,0.723668,0.6818575,0.69891554,0.72505,0.0272623226046562,0.041810453,0.043192446,0.024752438
LSTM,8,4,0.728685,0.68167317,0.69671327,0.7190703,0.0272623226046562,0.047011852,0.037397146,0.031971753
LSTM,8,4,0.724612,0.67949945,0.69442236,0.7141841,0.0272623226046562,0.04511255,0.034684658,0.030189633
LSTM,8,4,0.7140739,0.6756507,0.690397,0.7073937,0.0272623226046562,0.03842318,0.03174299,0.023676872
LSTM,8,4,0.7063187,0.67576385,0.6900971,0.7069446,0.0272623226046562,0.030554831,0.03118074,0.016221583
LSTM,8,4,0.6999714,0.67180383,0.68661183,0.6994666,0.0272623226046562,0.028167546,0.027662754,0.013359547
LSTM,8,4,0.69676304,0.67134106,0.68556666,0.6976661,0.0272623226046562,0.025421977,0.026325047,0.011196375
LSTM,8,4,0.69413275,0.66946757,0.68388265,0.69502306,0.0272623226046562,0.024665177,0.025555491,0.010250092
LSTM,8,4,0.6921132,0.6662694,0.6799893,0.69301355,0.0272623226046562,0.0258438,0.026744127,0.012123942
LSTM,8,4,0.6921621,0.69569266,0.70727575,0.69410765,0.0272623226046562,0.003530562,0.0015850067,0.015113652
LSTM,8,4,0.68945205,0.70792973,0.723668,0.68809134,0.0272623226046562,0.018477678,0.019838393,0.034215927
LSTM,8,4,0.6845549,0.71187276,0.728685,0.68235844,0.0272623226046562,0.027317882,0.029514313,0.044130147
LSTM,8,4,0.6799492,0.7083818,0.724612,0.6794927,0.0272623226046562,0.028432548,0.02888906,0.044662774
LSTM,8,4,0.67404675,0.6975653,0.7140739,0.67311543,0.0272623226046562,0.023518562,0.024449885,0.04002714
LSTM,8,4,0.6942134,0.6927651,0.7063187,0.7134214,0.0272623226046562,0.0014482737,0.020656288,0.012105286
LSTM,8,4,0.703605,0.686015,0.6999714,0.70322406,0.0272623226046562,0.017589986,0.017209053,0.0036336184
LSTM,8,4,0.70464253,0.6816882,0.69676304,0.6967454,0.0272623226046562,0.022954345,0.015057206,0.007879496
LSTM,8,4,0.70059866,0.679251,0.69413275,0.6941247,0.0272623226046562,0.021347642,0.014873683,0.006465912
LSTM,8,4,0.6903765,0.67971617,0.6921132,0.68509394,0.0272623226046562,0.01066035,0.0053777695,0.0017367005
LSTM,8,4,0.6865057,0.6805303,0.6921621,0.6898476,0.0272623226046562,0.0059753656,0.009317279,0.005656421
LSTM,8,4,0.68365455,0.6752426,0.68945205,0.68432933,0.0272623226046562,0.008411944,0.009086728,0.0057975054
LSTM,8,4,0.6815133,0.6700529,0.6845549,0.6813686,0.0272623226046562,0.0114604235,0.011315703,0.0030415654
LSTM,8,4,0.68066037,0.66515076,0.6799492,0.68170255,0.0272623226046562,0.015509605,0.016551793,0.000711143
LSTM,8,4,0.6772068,0.6595888,0.67404675,0.6759323,0.0272623226046562,0.017618,0.016343474,0.0031600595
LSTM,8,4,0.6760469,0.6804636,0.6942134,0.6773985,0.0272623226046562,0.004416704,0.0030651093,0.018166482
LSTM,8,4,0.67212456,0.68706334,0.703605,0.6705257,0.0272623226046562,0.014938772,0.016537607,0.03148043
GRU,8,4,0.8736985,0.8694452,0.9138089,0.8731099,0.0272623226046562,0.0042532682,0.0036646724,0.04011041
GRU,8,4,0.8688675,0.8715394,0.91126114,0.86883235,0.0272623226046562,0.0026718974,0.0027070642,0.042393625
GRU,8,4,0.86504257,0.8687823,0.9083749,0.86575836,0.0272623226046562,0.0037397146,0.0030239224,0.04333234
GRU,8,4,0.85717404,0.8639287,0.9037698,0.8542975,0.0272623226046562,0.0067546368,0.009631157,0.046595752
GRU,8,4,0.85374814,0.85643256,0.89728236,0.855735,0.0272623226046562,0.0026844144,0.00069755316,0.04353422
GRU,8,4,0.85163313,0.85005116,0.8917972,0.85375106,0.0272623226046562,0.0015819669,0.0036998987,0.040164053
GRU,8,4,0.86339295,0.8435395,0.8887078,0.8746191,0.0272623226046562,0.019853473,0.03107965,0.025314867
GRU,8,4,0.8676863,0.8447639,0.8852627,0.86638486,0.0272623226046562,0.022922397,0.021620989,0.017576456
GRU,8,4,0.86649686,0.84532464,0.8833241,0.8611157,0.0272623226046562,0.021172225,0.015791059,0.016827226
GRU,8,4,0.8607621,0.83964384,0.8785349,0.8559232,0.0272623226046562,0.021118283,0.01627934,0.017772794
GRU,8,4,0.85241723,0.8339975,0.8736985,0.84963393,0.0272623226046562,0.018419743,0.015636444,0.021281242
GRU,8,4,0.84627324,0.825317,0.8688675,0.8470183,0.0272623226046562,0.020956218,0.021701276,0.022594273
GRU,8,4,0.8409615,0.82476765,0.86504257,0.8409514,0.0272623226046562,0.016193867,0.016183734,0.024081051
GRU,8,4,0.8375492,0.81881714,0.85717404,0.8384885,0.0272623226046562,0.01873207,0.01967138,0.01962483
GRU,8,4,0.83309525,0.8156236,0.85374814,0.83276147,0.0272623226046562,0.017471671,0.017137885,0.02065289
GRU,8,4,0.8286916,0.81399137,0.85163313,0.82859623,0.0272623226046562,0.014700234,0.0146048665,0.02294153
GRU,8,4,0.8241535,0.82190347,0.86339295,0.82411206,0.0272623226046562,0.0022500157,0.0022085905,0.039239466
GRU,8,4,0.8194879,0.82801086,0.8676863,0.81938505,0.0272623226046562,0.008522928,0.008625805,0.048198342
GRU,8,4,0.8142745,0.8277695,0.86649686,0.81382436,0.0272623226046562,0.013495028,0.013945162,0.05222237
GRU,8,4,0.81033975,0.8226815,0.8607621,0.8110769,0.0272623226046562,0.012341738,0.011604607,0.05042237
GRU,8,4,0.8065476,0.81450295,0.85241723,0.8070033,0.0272623226046562,0.007955372,0.007499635,0.04586965
GRU,8,4,0.8227651,0.80520904,0.84627324,0.8380258,0.0272623226046562,0.017556071,0.032816768,0.023508132
GRU,8,4,0.8272284,0.8046739,0.8409615,0.82465035,0.0272623226046562,0.022554517,0.019976437,0.013733089
GRU,8,4,0.824067,0.8017378,0.8375492,0.8161915,0.0272623226046562,0.022329211,0.014453709,0.013482213
GRU,8,4,0.81512034,0.7973447,0.83309525,0.808208,0.0272623226046562,0.017775655,0.010863304,0.017974913
GRU,8,4,0.8064261,0.79278165,0.8286916,0.8054514,0.0272623226046562,0.013644457,0.012669742,0.022265494
GRU,8,4,0.7977147,0.7856083,0.8241535,0.79773194,0.0272623226046562,0.012106419,0.012123644,0.026438773
GRU,8,4,0.83227515,0.7848469,0.8194879,0.8633537,0.0272623226046562,0.04742825,0.07850683,0.012787223
GRU,8,4,0.85488456,0.78097785,0.8142745,0.8582837,0.0272623226046562,0.07390672,0.07730585,0.040610075
GRU,8,4,0.86093175,0.77676237,0.81033975,0.8479118,0.0272623226046562,0.08416939,0.07114941,0.050592005
GRU,8,4,0.8536071,0.7734673,0.8065476,0.8388892,0.0272623226046562,0.080139816,0.06542188,0.047059536
GRU,8,4,0.8387054,0.78674746,0.8227651,0.83032936,0.0272623226046562,0.051957965,0.043581903,0.015940309
GRU,8,4,0.830126,0.7919398,0.8272284,0.83320546,0.0272623226046562,0.038186193,0.041265666,0.0028975606
GRU,8,4,0.8232669,0.7900979,0.824067,0.8234168,0.0272623226046562,0.03316903,0.033318937,0.00080007315
GRU,8,4,0.8154768,0.7815941,0.81512034,0.812882,0.0272623226046562,0.033882678,0.03128791,0.00035643578
GRU,8,4,0.80730844,0.7746761,0.8064261,0.80607885,0.0272623226046562,0.03263235,0.031402767,0.00088232756
GRU,8,4,0.8011845,0.7670891,0.7977147,0.80286837,0.0272623226046562,0.034095347,0.035779238,0.0034697652
GRU,8,4,0.8183548,0.8427525,0.83227515,0.8368226,0.0272623226046562,0.02439773,0.0059298873,0.013920367
GRU,8,4,0.82278675,0.8387665,0.85488456,0.82021743,0.0272623226046562,0.015979767,0.018549085,0.032097816
GRU,8,4,0.8169085,0.8324207,0.86093175,0.80663264,0.0272623226046562,0.015512228,0.025788069,0.044023275
GRU,8,4,0.8043242,0.8214955,0.8536071,0.7960482,0.0272623226046562,0.017171264,0.02544725,0.04928291
GRU,8,4,0.7933234,0.8069249,0.8387054,0.79330057,0.0272623226046562,0.013601482,0.0136243105,0.045382023
GRU,8,4,0.7864778,0.79618293,0.830126,0.79003835,0.0272623226046562,0.009705126,0.006144583,0.043648183
GRU,8,4,0.781391,0.79378086,0.8232669,0.7820867,0.0272623226046562,0.012389839,0.011694193,0.0418759
GRU,8,4,0.7774926,0.7853207,0.8154768,0.77780914,0.0272623226046562,0.007828116,0.007511556,0.037984192
GRU,8,4,0.77119666,0.7760031,0.80730844,0.77010226,0.0272623226046562,0.004806459,0.00590086,0.036111772
GRU,8,4,0.7655879,0.7718918,0.8011845,0.7660807,0.0272623226046562,0.006303847,0.0058110952,0.03559655
GRU,8,4,0.76316917,0.7991043,0.8183548,0.7658116,0.0272623226046562,0.035935104,0.03329265,0.055185616
GRU,8,4,0.76044875,0.7895476,0.82278675,0.7611298,0.0272623226046562,0.029098868,0.028417826,0.062337995
GRU,8,4,0.75513107,0.77947056,0.8169085,0.75326335,0.0272623226046562,0.024339497,0.026207209,0.061777413
GRU,8,4,0.75073665,0.76690054,0.8043242,0.75071096,0.0272623226046562,0.016163886,0.016189575,0.053587556
GRU,8,4,0.74715453,0.75875604,0.7933234,0.7481767,0.0272623226046562,0.011601508,0.010579348,0.046168864
GRU,8,4,0.7564812,0.75291,0.7864778,0.7667131,0.0272623226046562,0.0035711527,0.013803065,0.029996634
GRU,8,4,0.7613655,0.755545,0.781391,0.76192266,0.0272623226046562,0.005820453,0.0063776374,0.020025551
GRU,8,4,0.7576351,0.75138927,0.7774926,0.75059605,0.0272623226046562,0.0062458515,0.0007932186,0.019857466
GRU,8,4,0.75090796,0.7456219,0.77119666,0.74620885,0.0272623226046562,0.005286038,0.00058692694,0.020288706
GRU,8,4,0.7430833,0.7416801,0.7655879,0.7416619,0.0272623226046562,0.0014032125,1.8179417e-05,0.022504628
GRU,8,4,0.7383019,0.7397484,0.76316917,0.74036884,0.0272623226046562,0.0014465451,0.00062042475,0.024867296
GRU,8,4,0.7355082,0.7394523,0.76044875,0.7367539,0.0272623226046562,0.003944099,0.0026984215,0.02494055
GRU,8,4,0.733548,0.73540217,0.75513107,0.7340096,0.0272623226046562,0.0018541813,0.0013925433,0.02158308
GRU,8,4,0.72989756,0.73073524,0.75073665,0.72904617,0.0272623226046562,0.0008376837,0.0016890764,0.020839095
GRU,8,4,0.726397,0.7273947,0.74715453,0.7263904,0.0272623226046562,0.0009977221,0.0010042787,0.020757556
GRU,8,4,0.7218844,0.7365338,0.7564812,0.7212678,0.0272623226046562,0.014649391,0.015266001,0.03459674
GRU,8,4,0.71884125,0.7404587,0.7613655,0.71963567,0.0272623226046562,0.021617472,0.020823061,0.04252422
GRU,8,4,0.714788,0.7355802,0.7576351,0.71432376,0.0272623226046562,0.020792186,0.021256447,0.042847097
GRU,8,4,0.7118746,0.7286786,0.75090796,0.71245134,0.0272623226046562,0.01680398,0.016227245,0.039033353
GRU,8,4,0.7235672,0.72341627,0.7430833,0.7349058,0.0272623226046562,0.00015091896,0.011489511,0.01951611
GRU,8,4,0.72746825,0.72183,0.7383019,0.726291,0.0272623226046562,0.005638242,0.0044609904,0.010833621
GRU,8,4,0.7264356,0.7199161,0.7355082,0.7214171,0.0272623226046562,0.0065194964,0.0015010238,0.009072602
GRU,8,4,0.71996105,0.7183102,0.733548,0.71418804,0.0272623226046562,0.0016508698,0.004122138,0.013586938
GRU,8,4,0.7108364,0.7133302,0.72989756,0.7077274,0.0272623226046562,0.0024937987,0.0056028366,0.019061148
GRU,8,4,0.7167543,0.7140688,0.726397,0.7272883,0.0272623226046562,0.0026855469,0.013219535,0.009642661
GRU,8,4,0.71589667,0.70860493,0.7218844,0.71415895,0.0272623226046562,0.007291734,0.0055540204,0.0059877634
GRU,8,4,0.7132332,0.7074463,0.71884125,0.7098513,0.0272623226046562,0.0057868958,0.0024050474,0.005608082
GRU,8,4,0.7095278,0.7025846,0.714788,0.70778036,0.0272623226046562,0.0069431663,0.005195737,0.005260229
GRU,8,4,0.7039047,0.7011113,0.7118746,0.70284003,0.0272623226046562,0.0027933717,0.0017287135,0.007969916
GRU,8,4,0.70180416,0.71397275,0.7235672,0.70422304,0.0272623226046562,0.012168586,0.009749711,0.021763027
GRU,8,4,0.69891554,0.7134362,0.72746825,0.6984274,0.0272623226046562,0.014520645,0.015008807,0.028552711
GRU,8,4,0.69671327,0.70968145,0.7264356,0.69678354,0.0272623226046562,0.012968183,0.012897909,0.029722333
GRU,8,4,0.69442236,0.70482606,0.71996105,0.69468224,0.0272623226046562,0.010403693,0.0101438165,0.025538683
GRU,8,4,0.690397,0.69599915,0.7108364,0.6892826,0.0272623226046562,0.0056021214,0.0067165494,0.020439386
GRU,8,4,0.6900971,0.708953,0.7167543,0.6924506,0.0272623226046562,0.01885593,0.01650244,0.026657224
GRU,8,4,0.68661183,0.70668465,0.71589667,0.6851626,0.0272623226046562,0.020072818,0.021522045,0.029284835
GRU,8,4,0.68556666,0.70086527,0.7132332,0.6866732,0.0272623226046562,0.015298605,0.014192045,0.02766651
GRU,8,4,0.68388265,0.69841015,0.7095278,0.6839744,0.0272623226046562,0.0145275,0.014435768,0.025645137
GRU,8,4,0.6799893,0.69379175,0.7039047,0.67835706,0.0272623226046562,0.013802469,0.015434682,0.02391541
GRU,8,4,0.70727575,0.6945448,0.70180416,0.7302155,0.0272623226046562,0.012730956,0.035670698,0.005471587
GRU,8,4,0.723668,0.6936394,0.69891554,0.72505,0.0272623226046562,0.030028582,0.031410575,0.024752438
GRU,8,4,0.728685,0.69116366,0.69671327,0.7190703,0.0272623226046562,0.037521362,0.027906656,0.031971753
GRU,8,4,0.724612,0.6874261,0.69442236,0.7141841,0.0272623226046562,0.037185907,0.026758015,0.030189633
GRU,8,4,0.7140739,0.68285054,0.690397,0.7073937,0.0272623226046562,0.031223357,0.024543166,0.023676872
GRU,8,4,0.7063187,0.6865301,0.6900971,0.7069446,0.0272623226046562,0.019788563,0.020414472,0.016221583
GRU,8,4,0.6999714,0.6840511,0.68661183,0.6994666,0.0272623226046562,0.015920281,0.01541549,0.013359547
GRU,8,4,0.69676304,0.6813688,0.68556666,0.6976661,0.0272623226046562,0.015394211,0.01629728,0.011196375
GRU,8,4,0.69413275,0.67850286,0.68388265,0.69502306,0.0272623226046562,0.015629888,0.016520202,0.010250092
GRU,8,4,0.6921132,0.6744767,0.6799893,0.69301355,0.0272623226046562,0.017636538,0.018536866,0.012123942
GRU,8,4,0.6921621,0.7001909,0.70727575,0.69410765,0.0272623226046562,0.008028805,0.00608325,0.015113652
GRU,8,4,0.68945205,0.7105584,0.723668,0.68809134,0.0272623226046562,0.021106362,0.022467077,0.034215927
GRU,8,4,0.6845549,0.7117229,0.728685,0.68235844,0.0272623226046562,0.027168036,0.029364467,0.044130147
GRU,8,4,0.6799492,0.70804584,0.724612,0.6794927,0.0272623226046562,0.028096616,0.028553128,0.044662774
GRU,8,4,0.67404675,0.69932395,0.7140739,0.67311543,0.0272623226046562,0.025277197,0.02620852,0.04002714
GRU,8,4,0.6942134,0.69820285,0.7063187,0.7134214,0.0272623226046562,0.003989458,0.015218556,0.012105286
GRU,8,4,0.703605,0.6966425,0.6999714,0.70322406,0.0272623226046562,0.006962478,0.006581545,0.0036336184
GRU,8,4,0.70464253,0.6915189,0.69676304,0.6967454,0.0272623226046562,0.0131236315,0.005226493,0.007879496
GRU,8,4,0.70059866,0.6872314,0.69413275,0.6941247,0.0272623226046562,0.013367236,0.006893277,0.006465912
GRU,8,4,0.6903765,0.68617505,0.6921132,0.68509394,0.0272623226046562,0.004201472,0.001081109,0.0017367005
GRU,8,4,0.6865057,0.68792206,0.6921621,0.6898476,0.0272623226046562,0.0014163852,0.001925528,0.005656421
GRU,8,4,0.68365455,0.68526125,0.68945205,0.68432933,0.0272623226046562,0.0016067028,0.0009319186,0.0057975054
GRU,8,4,0.6815133,0.6805388,0.6845549,0.6813686,0.0272623226046562,0.00097453594,0.00082981586,0.0030415654
GRU,8,4,0.68066037,0.676082,0.6799492,0.68170255,0.0272623226046562,0.004578352,0.005620539,0.000711143
GRU,8,4,0.6772068,0.67140514,0.67404675,0.6759323,0.0272623226046562,0.0058016777,0.0045271516,0.0031600595
GRU,8,4,0.6760469,0.69281584,0.6942134,0.6773985,0.0272623226046562,0.016768932,0.015417337,0.018166482
GRU,8,4,0.67212456,0.6948216,0.703605,0.6705257,0.0272623226046562,0.022697031,0.024295866,0.03148043
MLP,8,4,0.8736985,0.86549604,0.9138089,0.8731099,0.0272623226046562,0.008202434,0.0076138377,0.04011041
MLP,8,4,0.8688675,0.8570544,0.91126114,0.86883235,0.0272623226046562,0.011813104,0.011777937,0.042393625
MLP,8,4,0.86504257,0.8371055,0.9083749,0.86575836,0.0272623226046562,0.027937055,0.028652847,0.04333234
MLP,8,4,0.85717404,0.82998496,0.9037698,0.8542975,0.0272623226046562,0.027189076,0.024312556,0.046595752
MLP,8,4,0.85374814,0.8270307,0.89728236,0.855735,0.0272623226046562,0.026717424,0.028704286,0.04353422
MLP,8,4,0.85163313,0.8360105,0.8917972,0.85375106,0.0272623226046562,0.015622616,0.017740548,0.040164053
MLP,8,4,0.86339295,0.8412151,0.8887078,0.8746191,0.0272623226046562,0.022177875,0.033404052,0.025314867
MLP,8,4,0.8676863,0.8336351,0.8852627,0.86638486,0.0272623226046562,0.03405118,0.032749772,0.017576456
MLP,8,4,0.86649686,0.8280065,0.8833241,0.8611157,0.0272623226046562,0.038490355,0.033109188,0.016827226
MLP,8,4,0.8607621,0.8162457,0.8785349,0.8559232,0.0272623226046562,0.044516444,0.0396775,0.017772794
MLP,8,4,0.85241723,0.81867564,0.8736985,0.84963393,0.0272623226046562,0.033741593,0.030958295,0.021281242
MLP,8,4,0.84627324,0.8184762,0.8688675,0.8470183,0.0272623226046562,0.027797043,0.028542101,0.022594273
MLP,8,4,0.8409615,0.8263196,0.86504257,0.8409514,0.0272623226046562,0.014641941,0.014631808,0.024081051
MLP,8,4,0.8375492,0.80899096,0.85717404,0.8384885,0.0272623226046562,0.028558254,0.029497564,0.01962483
MLP,8,4,0.83309525,0.8037817,0.85374814,0.83276147,0.0272623226046562,0.029313564,0.028979778,0.02065289
MLP,8,4,0.8286916,0.8031962,0.85163313,0.82859623,0.0272623226046562,0.02549541,0.025400043,0.02294153
MLP,8,4,0.8241535,0.8256725,0.86339295,0.82411206,0.0272623226046562,0.0015190244,0.0015604496,0.039239466
MLP,8,4,0.8194879,0.8280696,0.8676863,0.81938505,0.0272623226046562,0.008581698,0.008684576,0.048198342
MLP,8,4,0.8142745,0.82528585,0.86649686,0.81382436,0.0272623226046562,0.011011362,0.011461496,0.05222237
MLP,8,4,0.81033975,0.8118556,0.8607621,0.8110769,0.0272623226046562,0.0015158653,0.0007787347,0.05042237
MLP,8,4,0.8065476,0.80183756,0.85241723,0.8070033,0.0272623226046562,0.0047100186,0.0051657557,0.04586965
MLP,8,4,0.8227651,0.7953193,0.84627324,0.8380258,0.0272623226046562,0.027445793,0.04270649,0.023508132
MLP,8,4,0.8272284,0.8066492,0.8409615,0.82465035,0.0272623226046562,0.020579219,0.01800114,0.013733089
MLP,8,4,0.824067,0.7954037,0.8375492,0.8161915,0.0272623226046562,0.028663278,0.020787776,0.013482213
MLP,8,4,0.81512034,0.7907509,0.83309525,0.808208,0.0272623226046562,0.024369419,0.017457068,0.017974913
MLP,8,4,0.8064261,0.7857753,0.8286916,0.8054514,0.0272623226046562,0.020650804,0.01967609,0.022265494
MLP,8,4,0.7977147,0.7864404,0.8241535,0.79773194,0.0272623226046562,0.011274338,0.0112915635,0.026438773
MLP,8,4,0.83227515,0.78836995,0.8194879,0.8633537,0.0272623226046562,0.0439052,0.074983776,0.012787223
MLP,8,4,0.85488456,0.78031385,0.8142745,0.8582837,0.0272623226046562,0.074570715,0.07796985,0.040610075
MLP,8,4,0.86093175,0.7747805,0.81033975,0.8479118,0.0272623226046562,0.08615124,0.07313126,0.050592005
MLP,8,4,0.8536071,0.76902384,0.8065476,0.8388892,0.0272623226046562,0.08458328,0.069865346,0.047059536
MLP,8,4,0.8387054,0.79480517,0.8227651,0.83032936,0.0272623226046562,0.04390025,0.03552419,0.015940309
MLP,8,4,0.830126,0.8016747,0.8272284,0.83320546,0.0272623226046562,0.028451264,0.031530738,0.0028975606
MLP,8,4,0.8232669,0.80094814,0.824067,0.8234168,0.0272623226046562,0.02231878,0.022468686,0.00080007315
MLP,8,4,0.8154768,0.7777799,0.81512034,0.812882,0.0272623226046562,0.037696898,0.03510213,0.00035643578
MLP,8,4,0.80730844,0.77083904,0.8064261,0.80607885,0.0272623226046562,0.0364694,0.035239816,0.00088232756
MLP,8,4,0.8011845,0.76447564,0.7977147,0.80286837,0.0272623226046562,0.03670883,0.038392723,0.0034697652
MLP,8,4,0.8183548,0.81388646,0.83227515,0.8368226,0.0272623226046562,0.004468322,0.022936165,0.013920367
MLP,8,4,0.82278675,0.7855225,0.85488456,0.82021743,0.0272623226046562,0.037264228,0.03469491,0.032097816
MLP,8,4,0.8169085,0.83819723,0.86093175,0.80663264,0.0272623226046562,0.021288753,0.031564593,0.044023275
MLP,8,4,0.8043242,0.8913071,0.8536071,0.7960482,0.0272623226046562,0.086982906,0.09525889,0.04928291
MLP,8,4,0.7933234,0.90576494,0.8387054,0.79330057,0.0272623226046562,0.11244154,0.11246437,0.045382023
MLP,8,4,0.7864778,0.8099473,0.830126,0.79003835,0.0272623226046562,0.023469508,0.019908965,0.043648183
MLP,8,4,0.781391,0.79488844,0.8232669,0.7820867,0.0272623226046562,0.013497412,0.012801766,0.0418759
MLP,8,4,0.7774926,0.7938589,0.8154768,0.77780914,0.0272623226046562,0.016366303,0.016049743,0.037984192
MLP,8,4,0.77119666,0.78479797,0.80730844,0.77010226,0.0272623226046562,0.013601303,0.014695704,0.036111772
MLP,8,4,0.7655879,0.76936454,0.8011845,0.7660807,0.0272623226046562,0.00377661,0.0032838583,0.03559655
MLP,8,4,0.76316917,0.77018785,0.8183548,0.7658116,0.0272623226046562,0.0070186853,0.0043762326,0.055185616
MLP,8,4,0.76044875,0.724865,0.82278675,0.7611298,0.0272623226046562,0.035583735,0.036264777,0.062337995
MLP,8,4,0.75513107,0.8349527,0.8169085,0.75326335,0.0272623226046562,0.079821646,0.08168936,0.061777413
MLP,8,4,0.75073665,0.82990086,0.8043242,0.75071096,0.0272623226046562,0.07916421,0.0791899,0.053587556
MLP,8,4,0.74715453,0.83151996,0.7933234,0.7481767,0.0272623226046562,0.08436543,0.08334327,0.046168864
MLP,8,4,0.7564812,0.7446941,0.7864778,0.7667131,0.0272623226046562,0.011787057,0.022018969,0.029996634
MLP,8,4,0.7613655,0.76234484,0.781391,0.76192266,0.0272623226046562,0.0009793639,0.0004221797,0.020025551
MLP,8,4,0.7576351,0.7599749,0.7774926,0.75059605,0.0272623226046562,0.0023397803,0.00937885,0.019857466
MLP,8,4,0.75090796,0.75676024,0.77119666,0.74620885,0.0272623226046562,0.005852282,0.010551393,0.020288706
MLP,8,4,0.7430833,0.74087536,0.7655879,0.7416619,0.0272623226046562,0.0022079349,0.0007865429,0.022504628
MLP,8,4,0.7383019,0.7425282,0.76316917,0.74036884,0.0272623226046562,0.004226327,0.002159357,0.024867296
MLP,8,4,0.7355082,0.75113195,0.76044875,0.7367539,0.0272623226046562,0.015623748,0.014378071,0.02494055
MLP,8,4,0.733548,0.7477722,0.75513107,0.7340096,0.0272623226046562,0.014224231,0.013762593,0.02158308
MLP,8,4,0.72989756,0.74005955,0.75073665,0.72904617,0.0272623226046562,0.010161996,0.011013389,0.020839095
MLP,8,4,0.726397,0.7306628,0.74715453,0.7263904,0.0272623226046562,0.004265845,0.0042724013,0.020757556
MLP,8,4,0.7218844,0.749836,0.7564812,0.7212678,0.0272623226046562,0.027951598,0.028568208,0.03459674
MLP,8,4,0.71884125,0.75613177,0.7613655,0.71963567,0.0272623226046562,0.037290514,0.036496103,0.04252422
MLP,8,4,0.714788,0.7560176,0.7576351,0.71432376,0.0272623226046562,0.041229606,0.041693866,0.042847097
MLP,8,4,0.7118746,0.74072534,0.75090796,0.71245134,0.0272623226046562,0.028850734,0.028274,0.039033353
MLP,8,4,0.7235672,0.7228814,0.7430833,0.7349058,0.0272623226046562,0.00068581104,0.012024403,0.01951611
MLP,8,4,0.72746825,0.7231517,0.7383019,0.726291,0.0272623226046562,0.0043165684,0.003139317,0.010833621
MLP,8,4,0.7264356,0.73312443,0.7355082,0.7214171,0.0272623226046562,0.0066888332,0.011707306,0.009072602
MLP,8,4,0.71996105,0.7327953,0.733548,0.71418804,0.0272623226046562,0.012834251,0.018607259,0.013586938
MLP,8,4,0.7108364,0.7238636,0.72989756,0.7077274,0.0272623226046562,0.013027191,0.016136229,0.019061148
MLP,8,4,0.7167543,0.7128213,0.726397,0.7272883,0.0272623226046562,0.0039330125,0.014467001,0.009642661
MLP,8,4,0.71589667,0.7182445,0.7218844,0.71415895,0.0272623226046562,0.002347827,0.004085541,0.0059877634
MLP,8,4,0.7132332,0.72307414,0.71884125,0.7098513,0.0272623226046562,0.009840965,0.013222814,0.005608082
MLP,8,4,0.7095278,0.7104829,0.714788,0.70778036,0.0272623226046562,0.0009551048,0.0027025342,0.005260229
MLP,8,4,0.7039047,0.7073866,0.7118746,0.70284003,0.0272623226046562,0.0034819245,0.0045465827,0.007969916
MLP,8,4,0.70180416,0.72725326,0.7235672,0.70422304,0.0272623226046562,0.025449097,0.023030221,0.021763027
MLP,8,4,0.69891554,0.7301463,0.72746825,0.6984274,0.0272623226046562,0.031230748,0.03171891,0.028552711
MLP,8,4,0.69671327,0.7354633,0.7264356,0.69678354,0.0272623226046562,0.038750052,0.03867978,0.029722333
MLP,8,4,0.69442236,0.7185718,0.71996105,0.69468224,0.0272623226046562,0.024149418,0.023889542,0.025538683
MLP,8,4,0.690397,0.6941934,0.7108364,0.6892826,0.0272623226046562,0.0037963986,0.0049108267,0.020439386
MLP,8,4,0.6900971,0.7146481,0.7167543,0.6924506,0.0272623226046562,0.024551034,0.022197545,0.026657224
MLP,8,4,0.68661183,0.7126943,0.71589667,0.6851626,0.0272623226046562,0.026082456,0.027531683,0.029284835
MLP,8,4,0.68556666,0.7221859,0.7132332,0.6866732,0.0272623226046562,0.036619246,0.035512686,0.02766651
MLP,8,4,0.68388265,0.7080956,0.7095278,0.6839744,0.0272623226046562,0.024212956,0.024121225,0.025645137
MLP,8,4,0.6799893,0.6976689,0.7039047,0.67835706,0.0272623226046562,0.017679632,0.019311845,0.02391541
MLP,8,4,0.70727575,0.7054846,0.70180416,0.7302155,0.0272623226046562,0.0017911196,0.024730861,0.005471587
MLP,8,4,0.723668,0.70548046,0.69891554,0.72505,0.0272623226046562,0.018187523,0.019569516,0.024752438
MLP,8,4,0.728685,0.70581436,0.69671327,0.7190703,0.0272623226046562,0.02287066,0.013255954,0.031971753
MLP,8,4,0.724612,0.69030905,0.69442236,0.7141841,0.0272623226046562,0.03430295,0.023875058,0.030189633
MLP,8,4,0.7140739,0.68862593,0.690397,0.7073937,0.0272623226046562,0.025447965,0.018767774,0.023676872
MLP,8,4,0.7063187,0.69979125,0.6900971,0.7069446,0.0272623226046562,0.006527424,0.0071533322,0.016221583
MLP,8,4,0.6999714,0.69845784,0.68661183,0.6994666,0.0272623226046562,0.0015135407,0.001008749,0.013359547
MLP,8,4,0.69676304,0.68814653,0.68556666,0.6976661,0.0272623226046562,0.008616507,0.009519577,0.011196375
MLP,8,4,0.69413275,0.68683136,0.68388265,0.69502306,0.0272623226046562,0.00730139,0.008191705,0.010250092
MLP,8,4,0.6921132,0.67690635,0.6799893,0.69301355,0.0272623226046562,0.015206873,0.016107202,0.012123942
MLP,8,4,0.6921621,0.7207853,0.70727575,0.69410765,0.0272623226046562,0.028623223,0.026677668,0.015113652
MLP,8,4,0.68945205,0.72586393,0.723668,0.68809134,0.0272623226046562,0.03641188,0.037772596,0.034215927
MLP,8,4,0.6845549,0.743517,0.728685,0.68235844,0.0272623226046562,0.058962107,0.061158538,0.044130147
MLP,8,4,0.6799492,0.72544634,0.724612,0.6794927,0.0272623226046562,0.04549712,0.04595363,0.044662774
MLP,8,4,0.67404675,0.7020268,0.7140739,0.67311543,0.0272623226046562,0.02798003,0.028911352,0.04002714
MLP,8,4,0.6942134,0.7081076,0.7063187,0.7134214,0.0272623226046562,0.0138942,0.0053138137,0.012105286
MLP,8,4,0.703605,0.7032526,0.6999714,0.70322406,0.0272623226046562,0.00035238266,2.8550625e-05,0.0036336184
MLP,8,4,0.70464253,0.70515454,0.69676304,0.6967454,0.0272623226046562,0.0005120039,0.0084091425,0.007879496
MLP,8,4,0.70059866,0.69899744,0.69413275,0.6941247,0.0272623226046562,0.0016012192,0.0048727393,0.006465912
MLP,8,4,0.6903765,0.6951246,0.6921132,0.68509394,0.0272623226046562,0.004748106,0.010030687,0.0017367005
MLP,8,4,0.6865057,0.69574136,0.6921621,0.6898476,0.0272623226046562,0.00923568,0.005893767,0.005656421
MLP,8,4,0.68365455,0.6945697,0.68945205,0.68432933,0.0272623226046562,0.01091516,0.010240376,0.0057975054
MLP,8,4,0.6815133,0.69432724,0.6845549,0.6813686,0.0272623226046562,0.012813926,0.012958646,0.0030415654
MLP,8,4,0.68066037,0.6846642,0.6799492,0.68170255,0.0272623226046562,0.004003823,0.0029616356,0.000711143
MLP,8,4,0.6772068,0.6684213,0.67404675,0.6759323,0.0272623226046562,0.008785486,0.00751096,0.0031600595
MLP,8,4,0.6760469,0.7033615,0.6942134,0.6773985,0.0272623226046562,0.027314603,0.025963008,0.018166482
MLP,8,4,0.67212456,0.70929885,0.703605,0.6705257,0.0272623226046562,0.037174284,0.03877312,0.03148043
Seq2Seq,8,4,0.8736985,0.8617798,0.9138089,0.8731099,0.0272623226046562,0.011918664,0.011330068,0.04011041
Seq2Seq,8,4,0.8688675,0.8654208,0.91126114,0.86883235,0.0272623226046562,0.0034466982,0.0034115314,0.042393625
Seq2Seq,8,4,0.86504257,0.8630649,0.9083749,0.86575836,0.0272623226046562,0.001977682,0.0026934743,0.04333234
Seq2Seq,8,4,0.85717404,0.85747886,0.9037698,0.8542975,0.0272623226046562,0.00030481815,0.0031813383,0.046595752
Seq2Seq,8,4,0.85374814,0.85141623,0.89728236,0.855735,0.0272623226046562,0.0023319125,0.0043187737,0.04353422
Seq2Seq,8,4,0.85163313,0.84848297,0.8917972,0.85375106,0.0272623226046562,0.003150165,0.005268097,0.040164053
Seq2Seq,8,4,0.86339295,0.85022753,0.8887078,0.8746191,0.0272623226046562,0.013165414,0.024391592,0.025314867
Seq2Seq,8,4,0.8676863,0.84295046,0.8852627,0.86638486,0.0272623226046562,0.024735808,0.0234344,0.017576456
Seq2Seq,8,4,0.86649686,0.840953,0.8833241,0.8611157,0.0272623226046562,0.025543869,0.020162702,0.016827226
Seq2Seq,8,4,0.8607621,0.8348346,0.8785349,0.8559232,0.0272623226046562,0.025927544,0.0210886,0.017772794
Seq2Seq,8,4,0.85241723,0.8300145,0.8736985,0.84963393,0.0272623226046562,0.022402704,0.019619405,0.021281242
Seq2Seq,8,4,0.84627324,0.83000875,0.8688675,0.8470183,0.0272623226046562,0.016264498,0.017009556,0.022594273
Seq2Seq,8,4,0.8409615,0.8252716,0.86504257,0.8409514,0.0272623226046562,0.01568991,0.015679777,0.024081051
Seq2Seq,8,4,0.8375492,0.8189452,0.85717404,0.8384885,0.0272623226046562,0.01860398,0.01954329,0.01962483
Seq2Seq,8,4,0.83309525,0.8146854,0.85374814,0.83276147,0.0272623226046562,0.018409848,0.018076062,0.02065289
Seq2Seq,8,4,0.8286916,0.8121722,0.85163313,0.82859623,0.0272623226046562,0.016519427,0.01642406,0.02294153
Seq2Seq,8,4,0.8241535,0.82479477,0.86339295,0.82411206,0.0272623226046562,0.0006412864,0.0006827116,0.039239466
Seq2Seq,8,4,0.8194879,0.8239868,0.8676863,0.81938505,0.0272623226046562,0.004498899,0.0046017766,0.048198342
Seq2Seq,8,4,0.8142745,0.821664,0.86649686,0.81382436,0.0272623226046562,0.007389486,0.00783962,0.05222237
Seq2Seq,8,4,0.81033975,0.81668574,0.8607621,0.8110769,0.0272623226046562,0.0063459873,0.0056088567,0.05042237
Seq2Seq,8,4,0.8065476,0.80930984,0.85241723,0.8070033,0.0272623226046562,0.002762258,0.002306521,0.04586965
Seq2Seq,8,4,0.8227651,0.807883,0.84627324,0.8380258,0.0272623226046562,0.014882088,0.030142784,0.023508132
Seq2Seq,8,4,0.8272284,0.80226254,0.8409615,0.82465035,0.0272623226046562,0.024965882,0.022387803,0.013733089
Seq2Seq,8,4,0.824067,0.7995993,0.8375492,0.8161915,0.0272623226046562,0.024467707,0.016592205,0.013482213
Seq2Seq,8,4,0.81512034,0.7944465,0.83309525,0.808208,0.0272623226046562,0.020673811,0.013761461,0.017974913
Seq2Seq,8,4,0.8064261,0.7897615,0.8286916,0.8054514,0.0272623226046562,0.016664624,0.01568991,0.022265494
Seq2Seq,8,4,0.7977147,0.7881376,0.8241535,0.79773194,0.0272623226046562,0.0095770955,0.009594321,0.026438773
Seq2Seq,8,4,0.83227515,0.7822066,0.8194879,0.8633537,0.0272623226046562,0.050068557,0.081147134,0.012787223
Seq2Seq,8,4,0.85488456,0.7782062,0.8142745,0.8582837,0.0272623226046562,0.076678336,0.08007747,0.040610075
Seq2Seq,8,4,0.86093175,0.7745457,0.81033975,0.8479118,0.0272623226046562,0.086386025,0.073366046,0.050592005
Seq2Seq,8,4,0.8536071,0.77010185,0.8065476,0.8388892,0.0272623226046562,0.08350527,0.06878734,0.047059536
Seq2Seq,8,4,0.8387054,0.7868793,0.8227651,0.83032936,0.0272623226046562,0.05182612,0.043450058,0.015940309
Seq2Seq,8,4,0.830126,0.78703564,0.8272284,0.83320546,0.0272623226046562,0.043090343,0.046169817,0.0028975606
Seq2Seq,8,4,0.8232669,0.7850573,0.824067,0.8234168,0.0272623226046562,0.038209617,0.038359523,0.00080007315
Seq2Seq,8,4,0.8154768,0.77734524,0.81512034,0.812882,0.0272623226046562,0.038131535,0.035536766,0.00035643578
Seq2Seq,8,4,0.80730844,0.77096695,0.8064261,0.80607885,0.0272623226046562,0.03634149,0.035111904,0.00088232756
Seq2Seq,8,4,0.8011845,0.7672329,0.7977147,0.80286837,0.0272623226046562,0.03395158,0.03563547,0.0034697652
Seq2Seq,8,4,0.8183548,0.8065307,0.83227515,0.8368226,0.0272623226046562,0.011824071,0.030291915,0.013920367
Seq2Seq,8,4,0.82278675,0.8138718,0.85488456,0.82021743,0.0272623226046562,0.0089149475,0.0063456297,0.032097816
Seq2Seq,8,4,0.8169085,0.81763226,0.86093175,0.80663264,0.0272623226046562,0.0007237792,0.01099962,0.044023275
Seq2Seq,8,4,0.8043242,0.8121295,0.8536071,0.7960482,0.0272623226046562,0.007805288,0.016081274,0.04928291
Seq2Seq,8,4,0.7933234,0.80421144,0.8387054,0.79330057,0.0272623226046562,0.01088804,0.010910869,0.045382023
Seq2Seq,8,4,0.7864778,0.80698234,0.830126,0.79003835,0.0272623226046562,0.020504534,0.016943991,0.043648183
Seq2Seq,8,4,0.781391,0.79121786,0.8232669,0.7820867,0.0272623226046562,0.009826839,0.009131193,0.0418759
Seq2Seq,8,4,0.7774926,0.78394395,0.8154768,0.77780914,0.0272623226046562,0.0064513683,0.006134808,0.037984192
Seq2Seq,8,4,0.77119666,0.7765096,0.80730844,0.77010226,0.0272623226046562,0.0053129196,0.0064073205,0.036111772
Seq2Seq,8,4,0.7655879,0.7710046,0.8011845,0.7660807,0.0272623226046562,0.0054166913,0.0049239397,0.03559655
Seq2Seq,8,4,0.76316917,0.7848002,0.8183548,0.7658116,0.0272623226046562,0.021631002,0.01898855,0.055185616
Seq2Seq,8,4,0.76044875,0.7859839,0.82278675,0.7611298,0.0272623226046562,0.025535166,0.024854124,0.062337995
Seq2Seq,8,4,0.75513107,0.77974176,0.8169085,0.75326335,0.0272623226046562,0.024610698,0.02647841,0.061777413
Seq2Seq,8,4,0.75073665,0.7696648,0.8043242,0.75071096,0.0272623226046562,0.01892817,0.01895386,0.053587556
Seq2Seq,8,4,0.74715453,0.7657721,0.7933234,0.7481767,0.0272623226046562,0.01861757,0.01759541,0.046168864
Seq2Seq,8,4,0.7564812,0.76904565,0.7864778,0.7667131,0.0272623226046562,0.01256448,0.0023325682,0.029996634
Seq2Seq,8,4,0.7613655,0.75323766,0.781391,0.76192266,0.0272623226046562,0.008127809,0.008684993,0.020025551
Seq2Seq,8,4,0.7576351,0.74892974,0.7774926,0.75059605,0.0272623226046562,0.008705378,0.0016663074,0.019857466
Seq2Seq,8,4,0.75090796,0.7429275,0.77119666,0.74620885,0.0272623226046562,0.007980466,0.003281355,0.020288706
Seq2Seq,8,4,0.7430833,0.73817706,0.7655879,0.7416619,0.0272623226046562,0.004906237,0.0034848452,0.022504628
Seq2Seq,8,4,0.7383019,0.73815155,0.76316917,0.74036884,0.0272623226046562,0.00015032291,0.0022172928,0.024867296
Seq2Seq,8,4,0.7355082,0.73332596,0.76044875,0.7367539,0.0272623226046562,0.0021822453,0.0034279227,0.02494055
Seq2Seq,8,4,0.733548,0.7299174,0.75513107,0.7340096,0.0272623226046562,0.0036305785,0.0040922165,0.02158308
Seq2Seq,8,4,0.72989756,0.7259835,0.75073665,0.72904617,0.0272623226046562,0.003914058,0.0030626655,0.020839095
Seq2Seq,8,4,0.726397,0.7232572,0.74715453,0.7263904,0.0272623226046562,0.0031397939,0.0031332374,0.020757556
Seq2Seq,8,4,0.7218844,0.7332724,0.7564812,0.7212678,0.0272623226046562,0.011387944,0.012004554,0.03459674
Seq2Seq,8,4,0.71884125,0.7337213,0.7613655,0.71963567,0.0272623226046562,0.014880061,0.01408565,0.04252422
Seq2Seq,8,4,0.714788,0.7304947,0.7576351,0.71432376,0.0272623226046562,0.015706658,0.016170919,0.042847097
Seq2Seq,8,4,0.7118746,0.72524,0.75090796,0.71245134,0.0272623226046562,0.013365388,0.012788653,0.039033353
Seq2Seq,8,4,0.7235672,0.7190766,0.7430833,0.7349058,0.0272623226046562,0.004490614,0.015829206,0.01951611
Seq2Seq,8,4,0.72746825,0.71840906,0.7383019,0.726291,0.0272623226046562,0.009059191,0.007881939,0.010833621
Seq2Seq,8,4,0.7264356,0.7141702,0.7355082,0.7214171,0.0272623226046562,0.012265384,0.0072469115,0.009072602
Seq2Seq,8,4,0.71996105,0.713129,0.733548,0.71418804,0.0272623226046562,0.006832063,0.0010590553,0.013586938
Seq2Seq,8,4,0.7108364,0.7097546,0.72989756,0.7077274,0.0272623226046562,0.0010818243,0.0020272136,0.019061148
Seq2Seq,8,4,0.7167543,0.71131825,0.726397,0.7272883,0.0272623226046562,0.005436063,0.015970051,0.009642661
Seq2Seq,8,4,0.71589667,0.7030806,0.7218844,0.71415895,0.0272623226046562,0.0128160715,0.011078358,0.0059877634
Seq2Seq,8,4,0.7132332,0.70164716,0.71884125,0.7098513,0.0272623226046562,0.01158601,0.008204162,0.005608082
Seq2Seq,8,4,0.7095278,0.69854945,0.714788,0.70778036,0.0272623226046562,0.010978341,0.009230912,0.005260229
Seq2Seq,8,4,0.7039047,0.69664115,0.7118746,0.70284003,0.0272623226046562,0.007263541,0.006198883,0.007969916
Seq2Seq,8,4,0.70180416,0.70932853,0.7235672,0.70422304,0.0272623226046562,0.007524371,0.0051054955,0.021763027
Seq2Seq,8,4,0.69891554,0.7079856,0.72746825,0.6984274,0.0272623226046562,0.009070039,0.009558201,0.028552711
Seq2Seq,8,4,0.69671327,0.7073559,0.7264356,0.69678354,0.0272623226046562,0.010642648,0.010572374,0.029722333
Seq2Seq,8,4,0.69442236,0.70324254,0.71996105,0.69468224,0.0272623226046562,0.008820176,0.0085603,0.025538683
Seq2Seq,8,4,0.690397,0.69623494,0.7108364,0.6892826,0.0272623226046562,0.0058379173,0.0069523454,0.020439386
Seq2Seq,8,4,0.6900971,0.70444745,0.7167543,0.6924506,0.0272623226046562,0.014350355,0.011996865,0.026657224
Seq2Seq,8,4,0.68661183,0.6995984,0.71589667,0.6851626,0.0272623226046562,0.012986541,0.014435768,0.029284835
Seq2Seq,8,4,0.68556666,0.6975287,0.7132332,0.6866732,0.0272623226046562,0.011962056,0.010855496,0.02766651
Seq2Seq,8,4,0.68388265,0.6952874,0.7095278,0.6839744,0.0272623226046562,0.011404753,0.011313021,0.025645137
Seq2Seq,8,4,0.6799893,0.68982404,0.7039047,0.67835706,0.0272623226046562,0.009834766,0.01146698,0.02391541
Seq2Seq,8,4,0.70727575,0.69021964,0.70180416,0.7302155,0.0272623226046562,0.017056108,0.03999585,0.005471587
Seq2Seq,8,4,0.723668,0.6864943,0.69891554,0.72505,0.0272623226046562,0.03717369,0.03855568,0.024752438
Seq2Seq,8,4,0.728685,0.68494606,0.69671327,0.7190703,0.0272623226046562,0.04373896,0.034124255,0.031971753
Seq2Seq,8,4,0.724612,0.6825206,0.69442236,0.7141841,0.0272623226046562,0.04209137,0.031663477,0.030189633
Seq2Seq,8,4,0.7140739,0.6785509,0.690397,0.7073937,0.0272623226046562,0.035522997,0.028842807,0.023676872
Seq2Seq,8,4,0.7063187,0.68037707,0.6900971,0.7069446,0.0272623226046562,0.02594161,0.026567519,0.016221583
Seq2Seq,8,4,0.6999714,0.6755011,0.68661183,0.6994666,0.0272623226046562,0.02447027,0.023965478,0.013359547
Seq2Seq,8,4,0.69676304,0.6746921,0.68556666,0.6976661,0.0272623226046562,0.022070944,0.022974014,0.011196375
Seq2Seq,8,4,0.69413275,0.6730675,0.68388265,0.69502306,0.0272623226046562,0.021065235,0.02195555,0.010250092
Seq2Seq,8,4,0.6921132,0.6693793,0.6799893,0.69301355,0.0272623226046562,0.022733927,0.023634255,0.012123942
Seq2Seq,8,4,0.6921621,0.69423425,0.70727575,0.69410765,0.0272623226046562,0.0020721555,0.00012660027,0.015113652
Seq2Seq,8,4,0.68945205,0.70601577,0.723668,0.68809134,0.0272623226046562,0.016563714,0.017924428,0.034215927
Seq2Seq,8,4,0.6845549,0.7104013,0.728685,0.68235844,0.0272623226046562,0.025846422,0.028042853,0.044130147
Seq2Seq,8,4,0.6799492,0.7071655,0.724612,0.6794927,0.0272623226046562,0.027216256,0.027672768,0.044662774
Seq2Seq,8,4,0.67404675,0.69788903,0.7140739,0.67311543,0.0272623226046562,0.023842275,0.024773598,0.04002714
Seq2Seq,8,4,0.6942134,0.6948501,0.7063187,0.7134214,0.0272623226046562,0.0006366968,0.018571317,0.012105286
Seq2Seq,8,4,0.703605,0.68903196,0.6999714,0.70322406,0.0272623226046562,0.014573038,0.014192104,0.0036336184
Seq2Seq,8,4,0.70464253,0.6868585,0.69676304,0.6967454,0.0272623226046562,0.017784059,0.00988692,0.007879496
Seq2Seq,8,4,0.70059866,0.6842764,0.69413275,0.6941247,0.0272623226046562,0.016322255,0.009848297,0.006465912
Seq2Seq,8,4,0.6903765,0.6816359,0.6921132,0.68509394,0.0272623226046562,0.008740604,0.003458023,0.0017367005
Seq2Seq,8,4,0.6865057,0.6832162,0.6921621,0.6898476,0.0272623226046562,0.0032894611,0.0066313744,0.005656421
Seq2Seq,8,4,0.68365455,0.678433,0.68945205,0.68432933,0.0272623226046562,0.0052215457,0.00589633,0.0057975054
Seq2Seq,8,4,0.6815133,0.6747556,0.6845549,0.6813686,0.0272623226046562,0.006757736,0.006613016,0.0030415654
Seq2Seq,8,4,0.68066037,0.6717718,0.6799492,0.68170255,0.0272623226046562,0.008888543,0.00993073,0.000711143
Seq2Seq,8,4,0.6772068,0.6665089,0.67404675,0.6759323,0.0272623226046562,0.010697901,0.009423375,0.0031600595
Seq2Seq,8,4,0.6760469,0.6850416,0.6942134,0.6773985,0.0272623226046562,0.0089946985,0.0076431036,0.018166482
Seq2Seq,8,4,0.67212456,0.69013095,0.703605,0.6705257,0.0272623226046562,0.018006384,0.01960522,0.03148043
Persistence,9,1,0.91391003,0.9115039,0.9115039,0.923513,0.0285073760896921,0.0024061203,0.012009084,0.0024061203
Persistence,9,1,0.92272323,0.91138244,0.91138244,0.9237087,0.0285073760896921,0.011340797,0.012326241,0.011340797
Persistence,9,1,0.92396414,0.90875524,0.90875524,0.91808873,0.0285073760896921,0.0152089,0.009333491,0.0152089
Persistence,9,1,0.9194632,0.9070153,0.9070153,0.9128904,0.0285073760896921,0.012447894,0.005875051,0.012447894
Persistence,9,1,0.9144546,0.9059623,0.9059623,0.9125568,0.0285073760896921,0.008492291,0.0065945387,0.008492291
Persistence,9,1,0.91143745,0.9026443,0.9026443,0.9127908,0.0285073760896921,0.008793175,0.010146499,0.008793175
Persistence,9,1,0.907884,0.90076447,0.90076447,0.90701556,0.0285073760896921,0.0071195364,0.0062510967,0.0071195364
Persistence,9,1,0.90674585,0.90016645,0.90016645,0.9073846,0.0285073760896921,0.006579399,0.0072181225,0.006579399
Persistence,9,1,0.9061142,0.9003598,0.9003598,0.9069847,0.0285073760896921,0.005754411,0.0066248775,0.005754411
Persistence,9,1,0.90282327,0.9008459,0.9008459,0.9013828,0.0285073760896921,0.001977384,0.00053691864,0.001977384
Persistence,9,1,0.90138525,0.91391003,0.91391003,0.9020385,0.0285073760896921,0.012524784,0.011871517,0.012524784
Persistence,9,1,0.91454166,0.92272323,0.92272323,0.9259013,0.0285073760896921,0.008181572,0.00317806,0.008181572
Persistence,9,1,0.91791546,0.92396414,0.92396414,0.9153519,0.0285073760896921,0.0060486794,0.0086122155,0.0060486794
Persistence,9,1,0.91596514,0.9194632,0.9194632,0.90995204,0.0285073760896921,0.0034980774,0.009511173,0.0034980774
Persistence,9,1,0.9098393,0.9144546,0.9144546,0.90465397,0.0285073760896921,0.004615307,0.009800613,0.004615307
Persistence,9,1,0.903338,0.91143745,0.91143745,0.90230495,0.0285073760896921,0.008099437,0.009132504,0.008099437
Persistence,9,1,0.8985622,0.907884,0.907884,0.89968854,0.0285073760896921,0.009321809,0.00819546,0.009321809
Persistence,9,1,0.8944973,0.90674585,0.90674585,0.8942216,0.0285073760896921,0.012248576,0.012524247,0.012248576
Persistence,9,1,0.89133537,0.9061142,0.9061142,0.89146155,0.0285073760896921,0.014778852,0.014652669,0.014778852
Persistence,9,1,0.887041,0.90282327,0.90282327,0.88651687,0.0285073760896921,0.015782297,0.0163064,0.015782297
Persistence,9,1,0.8849499,0.90138525,0.90138525,0.8865189,0.0285073760896921,0.016435325,0.014866352,0.016435325
Persistence,9,1,0.88311315,0.91454166,0.91454166,0.88393605,0.0285073760896921,0.031428516,0.030605614,0.031428516
Persistence,9,1,0.88262844,0.91791546,0.91791546,0.8838087,0.0285073760896921,0.035287023,0.03410679,0.035287023
Persistence,9,1,0.8814004,0.91596514,0.91596514,0.8813342,0.0285073760896921,0.034564734,0.034630954,0.034564734
Persistence,9,1,0.87770545,0.9098393,0.9098393,0.8758652,0.0285073760896921,0.032133818,0.03397405,0.032133818
Persistence,9,1,0.87259746,0.903338,0.903338,0.87092483,0.0285073760896921,0.03074056,0.032413185,0.03074056
Persistence,9,1,0.86810654,0.8985622,0.8985622,0.8680457,0.0285073760896921,0.030455649,0.030516505,0.030455649
Persistence,9,1,0.8824985,0.8944973,0.8944973,0.896812,0.0285073760896921,0.011998773,0.0023147464,0.011998773
Persistence,9,1,0.8906054,0.89133537,0.89133537,0.8915945,0.0285073760896921,0.0007299781,0.000259161,0.0007299781
Persistence,9,1,0.8906085,0.887041,0.887041,0.88368213,0.0285073760896921,0.0035675168,0.003358841,0.0035675168
Persistence,9,1,0.88512045,0.8849499,0.8849499,0.87850887,0.0285073760896921,0.00017052889,0.0064410567,0.00017052889
Persistence,9,1,0.8766632,0.88311315,0.88311315,0.8734353,0.0285073760896921,0.006449938,0.009677827,0.006449938
Persistence,9,1,0.8700854,0.88262844,0.88262844,0.8708586,0.0285073760896921,0.012543023,0.011769831,0.012543023
Persistence,9,1,0.86673284,0.8814004,0.8814004,0.86821127,0.0285073760896921,0.014667571,0.013189137,0.014667571
Persistence,9,1,0.8633553,0.87770545,0.87770545,0.86316085,0.0285073760896921,0.014350176,0.014544606,0.014350176
Persistence,9,1,0.858818,0.87259746,0.87259746,0.85790324,0.0285073760896921,0.013779461,0.014694214,0.013779461
Persistence,9,1,0.8549439,0.86810654,0.86810654,0.8552667,0.0285073760896921,0.0131626725,0.012839854,0.0131626725
Persistence,9,1,0.85199106,0.8824985,0.8824985,0.85300726,0.0285073760896921,0.030507445,0.029491246,0.030507445
Persistence,9,1,0.8494897,0.8906054,0.8906054,0.85015553,0.0285073760896921,0.0411157,0.040449858,0.0411157
Persistence,9,1,0.8471138,0.8906085,0.8906085,0.8472899,0.0285073760896921,0.0434947,0.04331857,0.0434947
Persistence,9,1,0.84337896,0.88512045,0.88512045,0.84245145,0.0285073760896921,0.04174149,0.042669,0.04174149
Persistence,9,1,0.83534354,0.8766632,0.8766632,0.8318582,0.0285073760896921,0.04131967,0.04480499,0.04131967
Persistence,9,1,0.8293232,0.8700854,0.8700854,0.82950693,0.0285073760896921,0.040762246,0.040578485,0.040762246
Persistence,9,1,0.8252113,0.86673284,0.86673284,0.826927,0.0285073760896921,0.04152155,0.03980583,0.04152155
Persistence,9,1,0.8209377,0.8633553,0.8633553,0.8213269,0.0285073760896921,0.042417586,0.042028368,0.042417586
Persistence,9,1,0.81810266,0.858818,0.858818,0.8189289,0.0285073760896921,0.040715337,0.039889097,0.040715337
Persistence,9,1,0.81570166,0.8549439,0.8549439,0.8163675,0.0285073760896921,0.039242208,0.038576365,0.039242208
Persistence,9,1,0.8133155,0.85199106,0.85199106,0.81387645,0.0285073760896921,0.038675547,0.038114607,0.038675547
Persistence,9,1,0.8108713,0.8494897,0.8494897,0.81106275,0.0285073760896921,0.038618386,0.038426936,0.038618386
Persistence,9,1,0.80684763,0.8471138,0.8471138,0.8056628,0.0285073760896921,0.040266156,0.041450977,0.040266156
Persistence,9,1,0.8033026,0.84337896,0.84337896,0.80328155,0.0285073760896921,0.040076375,0.040097415,0.040076375
Persistence,9,1,0.80025095,0.83534354,0.83534354,0.8007571,0.0285073760896921,0.035092592,0.03458643,0.035092592
Persistence,9,1,0.7915077,0.8293232,0.8293232,0.7873651,0.0285073760896921,0.03781545,0.041958094,0.03781545
Persistence,9,1,0.78365296,0.8252113,0.8252113,0.782451,0.0285073760896921,0.041558325,0.042760313,0.041558325
Persistence,9,1,0.77824754,0.8209377,0.8209377,0.77988297,0.0285073760896921,0.042690158,0.041054726,0.042690158
Persistence,9,1,0.77634585,0.81810266,0.81810266,0.7797408,0.0285073760896921,0.04175681,0.038361847,0.04175681
Persistence,9,1,0.77557266,0.81570166,0.81570166,0.7773447,0.0285073760896921,0.040129006,0.03835696,0.040129006
Persistence,9,1,0.77442914,0.8133155,0.8133155,0.77443707,0.0285073760896921,0.03888637,0.03887844,0.03888637
Persistence,9,1,0.7707315,0.8108713,0.8108713,0.7691183,0.0285073760896921,0.040139794,0.041752994,0.040139794
Persistence,9,1,0.7654304,0.80684763,0.80684763,0.76395714,0.0285073760896921,0.04141724,0.04289049,0.04141724
Persistence,9,1,0.762723,0.8033026,0.8033026,0.7642626,0.0285073760896921,0.040579557,0.03903997,0.040579557
Persistence,9,1,0.760417,0.80025095,0.80025095,0.7613237,0.0285073760896921,0.039833963,0.038927257,0.039833963
Persistence,9,1,0.7584316,0.7915077,0.7915077,0.758743,0.0285073760896921,0.033076108,0.032764733,0.033076108
Persistence,9,1,0.77095926,0.78365296,0.78365296,0.78192455,0.0285073760896921,0.012693703,0.0017284155,0.012693703
Persistence,9,1,0.7754087,0.77824754,0.77824754,0.77404577,0.0285073760896921,0.00283885,0.00420177,0.00283885
Persistence,9,1,0.7727474,0.77634585,0.77634585,0.7661878,0.0285073760896921,0.0035984516,0.010158062,0.0035984516
Persistence,9,1,0.7676639,0.77557266,0.77557266,0.76347643,0.0285073760896921,0.0079087615,0.012096226,0.0079087615
Persistence,9,1,0.7604946,0.77442914,0.77442914,0.75847864,0.0285073760896921,0.013934553,0.015950501,0.013934553
Persistence,9,1,0.7551196,0.7707315,0.7707315,0.7559488,0.0285073760896921,0.015611887,0.014782727,0.015611887
Persistence,9,1,0.75221366,0.7654304,0.7654304,0.75328195,0.0285073760896921,0.013216734,0.01214844,0.013216734
Persistence,9,1,0.750161,0.762723,0.762723,0.75077266,0.0285073760896921,0.0125620365,0.011950374,0.0125620365
Persistence,9,1,0.7463446,0.760417,0.760417,0.7454222,0.0285073760896921,0.014072359,0.0149948,0.014072359
Persistence,9,1,0.7429519,0.7584316,0.7584316,0.74293417,0.0285073760896921,0.015479684,0.015497446,0.015479684
Persistence,9,1,0.7398383,0.77095926,0.77095926,0.74020684,0.0285073760896921,0.031120956,0.03075242,0.031120956
Persistence,9,1,0.7371302,0.7754087,0.7754087,0.7376048,0.0285073760896921,0.03827846,0.03780389,0.03827846
Persistence,9,1,0.73923695,0.7727474,0.7727474,0.7429518,0.0285073760896921,0.033510447,0.029795587,0.033510447
Persistence,9,1,0.7443127,0.7676639,0.7676639,0.7480459,0.0285073760896921,0.023351192,0.019617975,0.023351192
Persistence,9,1,0.7434762,0.7604946,0.7604946,0.7404003,0.0285073760896921,0.017018378,0.020094275,0.017018378
Persistence,9,1,0.73901343,0.7551196,0.7551196,0.73487717,0.0285073760896921,0.016106188,0.020242453,0.016106188
Persistence,9,1,0.73085135,0.75221366,0.75221366,0.7269506,0.0285073760896921,0.021362305,0.025263071,0.021362305
Persistence,9,1,0.72576994,0.750161,0.750161,0.72707313,0.0285073760896921,0.024391055,0.02308786,0.024391055
Persistence,9,1,0.7226657,0.7463446,0.7463446,0.7245211,0.0285073760896921,0.023678899,0.021823525,0.023678899
Persistence,9,1,0.71944976,0.7429519,0.7429519,0.7193355,0.0285073760896921,0.023502171,0.023616433,0.023502171
Persistence,9,1,0.71670055,0.7398383,0.7398383,0.7167227,0.0285073760896921,0.023137748,0.023115575,0.023137748
Persistence,9,1,0.7153522,0.7371302,0.7371302,0.71669793,0.0285073760896921,0.021778047,0.020432293,0.021778047
Persistence,9,1,0.7135469,0.73923695,0.73923695,0.7140324,0.0285073760896921,0.025690079,0.02520454,0.025690079
Persistence,9,1,0.7115744,0.7443127,0.7443127,0.7114602,0.0285073760896921,0.032738328,0.03285253,0.032738328
Persistence,9,1,0.7091732,0.7434762,0.7434762,0.70871454,0.0285073760896921,0.03430301,0.034761667,0.03430301
Persistence,9,1,0.70644087,0.73901343,0.73901343,0.7062046,0.0285073760896921,0.032572567,0.03280884,0.032572567
Persistence,9,1,0.7051698,0.73085135,0.73085135,0.7062894,0.0285073760896921,0.025681555,0.024561942,0.025681555
Persistence,9,1,0.7036261,0.72576994,0.72576994,0.7037992,0.0285073760896921,0.02214384,0.021970749,0.02214384
Persistence,9,1,0.7104392,0.7226657,0.7226657,0.716696,0.0285073760896921,0.012226522,0.005969703,0.012226522
Persistence,9,1,0.716818,0.71944976,0.71944976,0.71912754,0.0285073760896921,0.0026317835,0.0003222227,0.0026317835
Persistence,9,1,0.7145769,0.71670055,0.71670055,0.70867735,0.0285073760896921,0.002123654,0.008023202,0.002123654
Persistence,9,1,0.7086587,0.7153522,0.7153522,0.70349085,0.0285073760896921,0.0066934824,0.011861324,0.0066934824
Persistence,9,1,0.7022049,0.7135469,0.7135469,0.7006019,0.0285073760896921,0.011341989,0.012944996,0.011341989
Persistence,9,1,0.6972958,0.7115744,0.7115744,0.6983504,0.0285073760896921,0.014278591,0.013223946,0.014278591
Persistence,9,1,0.6944359,0.7091732,0.7091732,0.6956424,0.0285073760896921,0.014737308,0.013530791,0.014737308
Persistence,9,1,0.69261265,0.70644087,0.70644087,0.6931144,0.0285073760896921,0.013828218,0.013326466,0.013828218
Persistence,9,1,0.69029355,0.7051698,0.7051698,0.6902183,0.0285073760896921,0.014876246,0.0149514675,0.014876246
Persistence,9,1,0.6876524,0.7036261,0.7036261,0.6876182,0.0285073760896921,0.015973687,0.0160079,0.015973687
Persistence,9,1,0.685118,0.7104392,0.7104392,0.6852564,0.0285073760896921,0.025321186,0.025182784,0.025321186
Persistence,9,1,0.6840759,0.716818,0.716818,0.6852543,0.0285073760896921,0.032742083,0.0315637,0.032742083
Persistence,9,1,0.68238765,0.7145769,0.7145769,0.68236774,0.0285073760896921,0.03218925,0.032209158,0.03218925
Persistence,9,1,0.6847365,0.7086587,0.7086587,0.687696,0.0285073760896921,0.023922205,0.020962715,0.023922205
Persistence,9,1,0.68974936,0.7022049,0.7022049,0.69305575,0.0285073760896921,0.012455523,0.009149134,0.012455523
Persistence,9,1,0.68843937,0.6972958,0.6972958,0.684925,0.0285073760896921,0.008856416,0.012370765,0.008856416
Persistence,9,1,0.6853373,0.6944359,0.6944359,0.6823914,0.0285073760896921,0.009098589,0.012044489,0.009098589
Persistence,9,1,0.6797372,0.69261265,0.69261265,0.67716104,0.0285073760896921,0.012875438,0.01545161,0.012875438
Persistence,9,1,0.6762928,0.69029355,0.69029355,0.67732084,0.0285073760896921,0.014000773,0.0129727125,0.014000773
Persistence,9,1,0.6737749,0.6876524,0.6876524,0.6746575,0.0285073760896921,0.013877511,0.012994885,0.013877511
Persistence,9,1,0.6718956,0.685118,0.685118,0.6720946,0.0285073760896921,0.013222396,0.013023436,0.013222396
Persistence,9,1,0.66971076,0.6840759,0.6840759,0.6694957,0.0285073760896921,0.014365137,0.01458019,0.014365137
Persistence,9,1,0.66857845,0.68238765,0.68238765,0.66945726,0.0285073760896921,0.013809204,0.012930393,0.013809204
Persistence,9,1,0.6669013,0.6847365,0.6847365,0.66700333,0.0285073760896921,0.0178352,0.017733157,0.0178352
Persistence,9,1,0.6647539,0.68974936,0.68974936,0.6643222,0.0285073760896921,0.024995446,0.025427163,0.024995446
Persistence,9,1,0.66071945,0.68843937,0.68843937,0.65908456,0.0285073760896921,0.027719915,0.02935481,0.027719915
Persistence,9,1,0.6584516,0.6853373,0.6853373,0.6592332,0.0285073760896921,0.026885688,0.026104093,0.026885688
Persistence,9,1,0.65760034,0.6797372,0.6797372,0.65914655,0.0285073760896921,0.022136867,0.020590663,0.022136867
Persistence,9,1,0.6594471,0.6762928,0.6762928,0.6619362,0.0285073760896921,0.016845703,0.014356554,0.016845703
Persistence,9,1,0.6656579,0.6737749,0.6737749,0.66976535,0.0285073760896921,0.00811702,0.004009545,0.00811702
Persistence,9,1,0.6667456,0.6718956,0.6718956,0.6645143,0.0285073760896921,0.00515002,0.00738132,0.00515002
Persistence,9,1,0.6635107,0.66971076,0.66971076,0.65931696,0.0285073760896921,0.006200075,0.010393798,0.006200075
Persistence,9,1,0.6589883,0.66857845,0.66857845,0.65673757,0.0285073760896921,0.009590149,0.01184088,0.009590149
Persistence,9,1,0.6559028,0.6669013,0.6669013,0.656601,0.0285073760896921,0.0109984875,0.010300279,0.0109984875
Persistence,9,1,0.6533411,0.6647539,0.6647539,0.653898,0.0285073760896921,0.011412799,0.010855913,0.011412799
Persistence,9,1,0.6514693,0.66071945,0.66071945,0.65151644,0.0285073760896921,0.009250164,0.009203017,0.009250164
Persistence,9,1,0.6508539,0.6584516,0.6584516,0.6516787,0.0285073760896921,0.0075977445,0.0067729354,0.0075977445
Persistence,9,1,0.6507369,0.65760034,0.65760034,0.651705,0.0285073760896921,0.0068634152,0.0058953166,0.0068634152
Persistence,9,1,0.6494244,0.6594471,0.6594471,0.64894354,0.0285073760896921,0.0100227,0.0105035305,0.0100227
Persistence,9,1,0.64882386,0.6656579,0.6656579,0.64903677,0.0285073760896921,0.01683402,0.016621113,0.01683402
Persistence,9,1,0.64725083,0.6667456,0.6667456,0.6467318,0.0285073760896921,0.019494772,0.02001381,0.019494772
Persistence,9,1,0.6447886,0.6635107,0.6635107,0.6440017,0.0285073760896921,0.018722057,0.019508958,0.018722057
Persistence,9,1,0.6433219,0.6589883,0.6589883,0.6437263,0.0285073760896921,0.015666425,0.015262008,0.015666425
Persistence,9,1,0.64896566,0.6559028,0.6559028,0.6545077,0.0285073760896921,0.006937146,0.0013951063,0.006937146
Persistence,9,1,0.65783024,0.6533411,0.6533411,0.66253966,0.0285073760896921,0.004489124,0.009198546,0.004489124
MQAttn-LSTM-VQR,9,1,0.91391003,0.90423834,0.9115039,0.923513,0.0285073760896921,0.009671688,0.019274652,0.0024061203
MQAttn-LSTM-VQR,9,1,0.92272323,0.9037563,0.91138244,0.9237087,0.0285073760896921,0.018966913,0.019952357,0.011340797
MQAttn-LSTM-VQR,9,1,0.92396414,0.8923828,0.90875524,0.91808873,0.0285073760896921,0.031581342,0.025705934,0.0152089
MQAttn-LSTM-VQR,9,1,0.9194632,0.89920896,0.9070153,0.9128904,0.0285073760896921,0.020254254,0.013681412,0.012447894
MQAttn-LSTM-VQR,9,1,0.9144546,0.8983276,0.9059623,0.9125568,0.0285073760896921,0.01612699,0.014229238,0.008492291
MQAttn-LSTM-VQR,9,1,0.91143745,0.89482164,0.9026443,0.9127908,0.0285073760896921,0.016615808,0.017969131,0.008793175
MQAttn-LSTM-VQR,9,1,0.907884,0.8919722,0.90076447,0.90701556,0.0285073760896921,0.015911818,0.015043378,0.0071195364
MQAttn-LSTM-VQR,9,1,0.90674585,0.8914289,0.90016645,0.9073846,0.0285073760896921,0.015316963,0.015955687,0.006579399
MQAttn-LSTM-VQR,9,1,0.9061142,0.89109856,0.9003598,0.9069847,0.0285073760896921,0.015015662,0.015886128,0.005754411
MQAttn-LSTM-VQR,9,1,0.90282327,0.89162636,0.9008459,0.9013828,0.0285073760896921,0.011196911,0.009756446,0.001977384
MQAttn-LSTM-VQR,9,1,0.90138525,0.8981189,0.91391003,0.9020385,0.0285073760896921,0.0032663345,0.0039196014,0.012524784
MQAttn-LSTM-VQR,9,1,0.91454166,0.9154192,0.92272323,0.9259013,0.0285073760896921,0.0008775592,0.010482073,0.008181572
MQAttn-LSTM-VQR,9,1,0.91791546,0.9176425,0.92396414,0.9153519,0.0285073760896921,0.00027298927,0.002290547,0.0060486794
MQAttn-LSTM-VQR,9,1,0.91596514,0.9119613,0.9194632,0.90995204,0.0285073760896921,0.004003823,0.0020092726,0.0034980774
MQAttn-LSTM-VQR,9,1,0.9098393,0.9061864,0.9144546,0.90465397,0.0285073760896921,0.0036528707,0.0015324354,0.004615307
MQAttn-LSTM-VQR,9,1,0.903338,0.90341294,0.91143745,0.90230495,0.0285073760896921,7.492304e-05,0.0011079907,0.008099437
MQAttn-LSTM-VQR,9,1,0.8985622,0.89954895,0.907884,0.89968854,0.0285073760896921,0.0009867549,0.00013959408,0.009321809
MQAttn-LSTM-VQR,9,1,0.8944973,0.8975701,0.90674585,0.8942216,0.0285073760896921,0.0030727983,0.0033484697,0.012248576
MQAttn-LSTM-VQR,9,1,0.89133537,0.897297,0.9061142,0.89146155,0.0285073760896921,0.0059616566,0.0058354735,0.014778852
MQAttn-LSTM-VQR,9,1,0.887041,0.8937604,0.90282327,0.88651687,0.0285073760896921,0.0067194104,0.007243514,0.015782297
MQAttn-LSTM-VQR,9,1,0.8849499,0.8914969,0.90138525,0.8865189,0.0285073760896921,0.006546974,0.004978001,0.016435325
MQAttn-LSTM-VQR,9,1,0.88311315,0.9113133,0.91454166,0.88393605,0.0285073760896921,0.02820015,0.027377248,0.031428516
MQAttn-LSTM-VQR,9,1,0.88262844,0.87895256,0.91791546,0.8838087,0.0285073760896921,0.003675878,0.0048561096,0.035287023
MQAttn-LSTM-VQR,9,1,0.8814004,0.87529325,0.91596514,0.8813342,0.0285073760896921,0.0061071515,0.0060409307,0.034564734
MQAttn-LSTM-VQR,9,1,0.87770545,0.8722422,0.9098393,0.8758652,0.0285073760896921,0.0054632425,0.0036230087,0.032133818
MQAttn-LSTM-VQR,9,1,0.87259746,0.869034,0.903338,0.87092483,0.0285073760896921,0.0035634637,0.0018908381,0.03074056
MQAttn-LSTM-VQR,9,1,0.86810654,0.8670105,0.8985622,0.8680457,0.0285073760896921,0.0010960698,0.0010352135,0.030455649
MQAttn-LSTM-VQR,9,1,0.8824985,0.86431235,0.8944973,0.896812,0.0285073760896921,0.018186152,0.03249967,0.011998773
MQAttn-LSTM-VQR,9,1,0.8906054,0.86220336,0.89133537,0.8915945,0.0285073760896921,0.02840203,0.02939117,0.0007299781
MQAttn-LSTM-VQR,9,1,0.8906085,0.8575562,0.887041,0.88368213,0.0285073760896921,0.033052266,0.026125908,0.0035675168
MQAttn-LSTM-VQR,9,1,0.88512045,0.85646456,0.8849499,0.87850887,0.0285073760896921,0.028655887,0.022044301,0.00017052889
MQAttn-LSTM-VQR,9,1,0.8766632,0.8538095,0.88311315,0.8734353,0.0285073760896921,0.022853732,0.019625843,0.006449938
MQAttn-LSTM-VQR,9,1,0.8700854,0.8528949,0.88262844,0.8708586,0.0285073760896921,0.017190516,0.017963707,0.012543023
MQAttn-LSTM-VQR,9,1,0.86673284,0.8513383,0.8814004,0.86821127,0.0285073760896921,0.015394509,0.016872942,0.014667571
MQAttn-LSTM-VQR,9,1,0.8633553,0.8491544,0.87770545,0.86316085,0.0285073760896921,0.014200866,0.014006436,0.014350176
MQAttn-LSTM-VQR,9,1,0.858818,0.8438165,0.87259746,0.85790324,0.0285073760896921,0.015001476,0.014086723,0.013779461
MQAttn-LSTM-VQR,9,1,0.8549439,0.8400454,0.86810654,0.8552667,0.0285073760896921,0.014898479,0.015221298,0.0131626725
MQAttn-LSTM-VQR,9,1,0.85199106,0.8541854,0.8824985,0.85300726,0.0285073760896921,0.002194345,0.0011781454,0.030507445
MQAttn-LSTM-VQR,9,1,0.8494897,0.86296946,0.8906054,0.85015553,0.0285073760896921,0.013479769,0.012813926,0.0411157
MQAttn-LSTM-VQR,9,1,0.8471138,0.86119473,0.8906085,0.8472899,0.0285073760896921,0.014080942,0.01390481,0.0434947
MQAttn-LSTM-VQR,9,1,0.84337896,0.8543731,0.88512045,0.84245145,0.0285073760896921,0.010994136,0.011921644,0.04174149
MQAttn-LSTM-VQR,9,1,0.83534354,0.8462425,0.8766632,0.8318582,0.0285073760896921,0.010898948,0.01438427,0.04131967
MQAttn-LSTM-VQR,9,1,0.8293232,0.8423798,0.8700854,0.82950693,0.0285073760896921,0.013056636,0.012872875,0.040762246
MQAttn-LSTM-VQR,9,1,0.8252113,0.838593,0.86673284,0.826927,0.0285073760896921,0.01338172,0.011666,0.04152155
MQAttn-LSTM-VQR,9,1,0.8209377,0.83444715,0.8633553,0.8213269,0.0285073760896921,0.013509452,0.013120234,0.042417586
MQAttn-LSTM-VQR,9,1,0.81810266,0.8268227,0.858818,0.8189289,0.0285073760896921,0.00872004,0.007893801,0.040715337
MQAttn-LSTM-VQR,9,1,0.81570166,0.82616436,0.8549439,0.8163675,0.0285073760896921,0.010462701,0.009796858,0.039242208
MQAttn-LSTM-VQR,9,1,0.8133155,0.82426333,0.85199106,0.81387645,0.0285073760896921,0.0109478235,0.010386884,0.038675547
MQAttn-LSTM-VQR,9,1,0.8108713,0.82410914,0.8494897,0.81106275,0.0285073760896921,0.013237834,0.013046384,0.038618386
MQAttn-LSTM-VQR,9,1,0.80684763,0.81999743,0.8471138,0.8056628,0.0285073760896921,0.013149798,0.014334619,0.040266156
MQAttn-LSTM-VQR,9,1,0.8033026,0.8167664,0.84337896,0.80328155,0.0285073760896921,0.013463795,0.013484836,0.040076375
MQAttn-LSTM-VQR,9,1,0.80025095,0.8086031,0.83534354,0.8007571,0.0285073760896921,0.00835216,0.007845998,0.035092592
MQAttn-LSTM-VQR,9,1,0.7915077,0.80391,0.8293232,0.7873651,0.0285073760896921,0.012402296,0.016544938,0.03781545
MQAttn-LSTM-VQR,9,1,0.78365296,0.80028844,0.8252113,0.782451,0.0285073760896921,0.016635478,0.017837465,0.041558325
MQAttn-LSTM-VQR,9,1,0.77824754,0.7957722,0.8209377,0.77988297,0.0285073760896921,0.01752466,0.015889227,0.042690158
MQAttn-LSTM-VQR,9,1,0.77634585,0.79675066,0.81810266,0.7797408,0.0285073760896921,0.020404816,0.017009854,0.04175681
MQAttn-LSTM-VQR,9,1,0.77557266,0.7932277,0.81570166,0.7773447,0.0285073760896921,0.017655015,0.015882969,0.040129006
MQAttn-LSTM-VQR,9,1,0.77442914,0.7912295,0.8133155,0.77443707,0.0285073760896921,0.016800344,0.016792417,0.03888637
MQAttn-LSTM-VQR,9,1,0.7707315,0.7894246,0.8108713,0.7691183,0.0285073760896921,0.01869309,0.02030629,0.040139794
MQAttn-LSTM-VQR,9,1,0.7654304,0.78588206,0.80684763,0.76395714,0.0285073760896921,0.020451665,0.021924913,0.04141724
MQAttn-LSTM-VQR,9,1,0.762723,0.7804798,0.8033026,0.7642626,0.0285073760896921,0.01775676,0.016217172,0.040579557
MQAttn-LSTM-VQR,9,1,0.760417,0.7782153,0.80025095,0.7613237,0.0285073760896921,0.017798305,0.016891599,0.039833963
MQAttn-LSTM-VQR,9,1,0.7584316,0.7683602,0.7915077,0.758743,0.0285073760896921,0.009928584,0.009617209,0.033076108
MQAttn-LSTM-VQR,9,1,0.77095926,0.76171046,0.78365296,0.78192455,0.0285073760896921,0.009248793,0.02021408,0.012693703
MQAttn-LSTM-VQR,9,1,0.7754087,0.75918895,0.77824754,0.77404577,0.0285073760896921,0.016219735,0.014856815,0.00283885
MQAttn-LSTM-VQR,9,1,0.7727474,0.75671226,0.77634585,0.7661878,0.0285073760896921,0.01603514,0.009475529,0.0035984516
MQAttn-LSTM-VQR,9,1,0.7676639,0.7563029,0.77557266,0.76347643,0.0285073760896921,0.011361003,0.007173538,0.0079087615
MQAttn-LSTM-VQR,9,1,0.7604946,0.75536555,0.77442914,0.75847864,0.0285073760896921,0.0051290393,0.003113091,0.013934553
MQAttn-LSTM-VQR,9,1,0.7551196,0.75118095,0.7707315,0.7559488,0.0285073760896921,0.003938675,0.004767835,0.015611887
MQAttn-LSTM-VQR,9,1,0.75221366,0.74740845,0.7654304,0.75328195,0.0285073760896921,0.0048052073,0.0058735013,0.013216734
MQAttn-LSTM-VQR,9,1,0.750161,0.7443562,0.762723,0.75077266,0.0285073760896921,0.005804777,0.00641644,0.0125620365
MQAttn-LSTM-VQR,9,1,0.7463446,0.74232846,0.760417,0.7454222,0.0285073760896921,0.004016161,0.0030937195,0.014072359
MQAttn-LSTM-VQR,9,1,0.7429519,0.74224234,0.7584316,0.74293417,0.0285073760896921,0.0007095933,0.0006918311,0.015479684
MQAttn-LSTM-VQR,9,1,0.7398383,0.7567603,0.77095926,0.74020684,0.0285073760896921,0.016921997,0.016553462,0.031120956
MQAttn-LSTM-VQR,9,1,0.7371302,0.76070625,0.7754087,0.7376048,0.0285073760896921,0.023576021,0.023101449,0.03827846
MQAttn-LSTM-VQR,9,1,0.73923695,0.7563476,0.7727474,0.7429518,0.0285073760896921,0.017110646,0.013395786,0.033510447
MQAttn-LSTM-VQR,9,1,0.7443127,0.7497107,0.7676639,0.7480459,0.0285073760896921,0.0053979754,0.0016647577,0.023351192
MQAttn-LSTM-VQR,9,1,0.7434762,0.7439978,0.7604946,0.7404003,0.0285073760896921,0.00052160025,0.003597498,0.017018378
MQAttn-LSTM-VQR,9,1,0.73901343,0.7398309,0.7551196,0.73487717,0.0285073760896921,0.0008174777,0.004953742,0.016106188
MQAttn-LSTM-VQR,9,1,0.73085135,0.7368241,0.75221366,0.7269506,0.0285073760896921,0.005972743,0.009873509,0.021362305
MQAttn-LSTM-VQR,9,1,0.72576994,0.7336063,0.750161,0.72707313,0.0285073760896921,0.007836342,0.006533146,0.024391055
MQAttn-LSTM-VQR,9,1,0.7226657,0.73064995,0.7463446,0.7245211,0.0285073760896921,0.007984221,0.0061288476,0.023678899
MQAttn-LSTM-VQR,9,1,0.71944976,0.72854745,0.7429519,0.7193355,0.0285073760896921,0.009097695,0.009211957,0.023502171
MQAttn-LSTM-VQR,9,1,0.71670055,0.7256638,0.7398383,0.7167227,0.0285073760896921,0.008963227,0.008941054,0.023137748
MQAttn-LSTM-VQR,9,1,0.7153522,0.7233313,0.7371302,0.71669793,0.0285073760896921,0.007979095,0.0066333413,0.021778047
MQAttn-LSTM-VQR,9,1,0.7135469,0.72479725,0.73923695,0.7140324,0.0285073760896921,0.011250377,0.010764837,0.025690079
MQAttn-LSTM-VQR,9,1,0.7115744,0.73069996,0.7443127,0.7114602,0.0285073760896921,0.01912558,0.019239783,0.032738328
MQAttn-LSTM-VQR,9,1,0.7091732,0.7297331,0.7434762,0.70871454,0.0285073760896921,0.020559907,0.021018565,0.03430301
MQAttn-LSTM-VQR,9,1,0.70644087,0.7252469,0.73901343,0.7062046,0.0285073760896921,0.01880604,0.019042313,0.032572567
MQAttn-LSTM-VQR,9,1,0.7051698,0.7149109,0.73085135,0.7062894,0.0285073760896921,0.0097411275,0.008621514,0.025681555
MQAttn-LSTM-VQR,9,1,0.7036261,0.7127556,0.72576994,0.7037992,0.0285073760896921,0.009129524,0.008956432,0.02214384
MQAttn-LSTM-VQR,9,1,0.7104392,0.7109487,0.7226657,0.716696,0.0285073760896921,0.0005095005,0.0057473183,0.012226522
MQAttn-LSTM-VQR,9,1,0.716818,0.7064901,0.71944976,0.71912754,0.0285073760896921,0.010327876,0.012637436,0.0026317835
MQAttn-LSTM-VQR,9,1,0.7145769,0.7050503,0.71670055,0.70867735,0.0285073760896921,0.00952661,0.0036270618,0.002123654
MQAttn-LSTM-VQR,9,1,0.7086587,0.7032511,0.7153522,0.70349085,0.0285073760896921,0.005407572,0.00023972988,0.0066934824
MQAttn-LSTM-VQR,9,1,0.7022049,0.7035542,0.7135469,0.7006019,0.0285073760896921,0.00134933,0.0029523373,0.011341989
MQAttn-LSTM-VQR,9,1,0.6972958,0.70076203,0.7115744,0.6983504,0.0285073760896921,0.0034662485,0.002411604,0.014278591
MQAttn-LSTM-VQR,9,1,0.6944359,0.6978171,0.7091732,0.6956424,0.0285073760896921,0.0033811927,0.0021746755,0.014737308
MQAttn-LSTM-VQR,9,1,0.69261265,0.69524527,0.70644087,0.6931144,0.0285073760896921,0.002632618,0.002130866,0.013828218
MQAttn-LSTM-VQR,9,1,0.69029355,0.6940273,0.7051698,0.6902183,0.0285073760896921,0.0037337542,0.0038089752,0.014876246
MQAttn-LSTM-VQR,9,1,0.6876524,0.69338864,0.7036261,0.6876182,0.0285073760896921,0.005736232,0.005770445,0.015973687
MQAttn-LSTM-VQR,9,1,0.685118,0.69944125,0.7104392,0.6852564,0.0285073760896921,0.014323235,0.014184833,0.025321186
MQAttn-LSTM-VQR,9,1,0.6840759,0.7063076,0.716818,0.6852543,0.0285073760896921,0.022231698,0.021053314,0.032742083
MQAttn-LSTM-VQR,9,1,0.68238765,0.70428574,0.7145769,0.68236774,0.0285073760896921,0.02189809,0.021917999,0.03218925
MQAttn-LSTM-VQR,9,1,0.6847365,0.69742256,0.7086587,0.687696,0.0285073760896921,0.012686074,0.009726584,0.023922205
MQAttn-LSTM-VQR,9,1,0.68974936,0.6913472,0.7022049,0.69305575,0.0285073760896921,0.0015978217,0.0017085671,0.012455523
MQAttn-LSTM-VQR,9,1,0.68843937,0.68626785,0.6972958,0.684925,0.0285073760896921,0.0021715164,0.001342833,0.008856416
MQAttn-LSTM-VQR,9,1,0.6853373,0.6841411,0.6944359,0.6823914,0.0285073760896921,0.0011962056,0.0017496943,0.009098589
MQAttn-LSTM-VQR,9,1,0.6797372,0.6819865,0.69261265,0.67716104,0.0285073760896921,0.0022493005,0.004825473,0.012875438
MQAttn-LSTM-VQR,9,1,0.6762928,0.68016946,0.69029355,0.67732084,0.0285073760896921,0.003876686,0.0028486252,0.014000773
MQAttn-LSTM-VQR,9,1,0.6737749,0.6785829,0.6876524,0.6746575,0.0285073760896921,0.0048080087,0.003925383,0.013877511
MQAttn-LSTM-VQR,9,1,0.6718956,0.67541283,0.685118,0.6720946,0.0285073760896921,0.0035172105,0.0033182502,0.013222396
MQAttn-LSTM-VQR,9,1,0.66971076,0.6740958,0.6840759,0.6694957,0.0285073760896921,0.004385054,0.0046001077,0.014365137
MQAttn-LSTM-VQR,9,1,0.66857845,0.6725194,0.68238765,0.66945726,0.0285073760896921,0.00394094,0.003062129,0.013809204
MQAttn-LSTM-VQR,9,1,0.6669013,0.6751322,0.6847365,0.66700333,0.0285073760896921,0.008230925,0.008128881,0.0178352
MQAttn-LSTM-VQR,9,1,0.6647539,0.6798054,0.68974936,0.6643222,0.0285073760896921,0.015051484,0.015483201,0.024995446
MQAttn-LSTM-VQR,9,1,0.66071945,0.6809125,0.68843937,0.65908456,0.0285073760896921,0.02019304,0.021827936,0.027719915
MQAttn-LSTM-VQR,9,1,0.6584516,0.67614454,0.6853373,0.6592332,0.0285073760896921,0.017692924,0.016911328,0.026885688
MQAttn-LSTM-VQR,9,1,0.65760034,0.670697,0.6797372,0.65914655,0.0285073760896921,0.013096631,0.0115504265,0.022136867
MQAttn-LSTM-VQR,9,1,0.6594471,0.66715455,0.6762928,0.6619362,0.0285073760896921,0.0077074766,0.005218327,0.016845703
MQAttn-LSTM-VQR,9,1,0.6656579,0.66498697,0.6737749,0.66976535,0.0285073760896921,0.0006709099,0.004778385,0.00811702
MQAttn-LSTM-VQR,9,1,0.6667456,0.6629838,0.6718956,0.6645143,0.0285073760896921,0.003761828,0.0015305281,0.00515002
MQAttn-LSTM-VQR,9,1,0.6635107,0.66086376,0.66971076,0.65931696,0.0285073760896921,0.002646923,0.0015468001,0.006200075
MQAttn-LSTM-VQR,9,1,0.6589883,0.6598202,0.66857845,0.65673757,0.0285073760896921,0.000831902,0.003082633,0.009590149
MQAttn-LSTM-VQR,9,1,0.6559028,0.658799,0.6669013,0.656601,0.0285073760896921,0.0028961897,0.0021979809,0.0109984875
MQAttn-LSTM-VQR,9,1,0.6533411,0.6566907,0.6647539,0.653898,0.0285073760896921,0.0033496022,0.002792716,0.011412799
MQAttn-LSTM-VQR,9,1,0.6514693,0.65173244,0.66071945,0.65151644,0.0285073760896921,0.0002631545,0.00021600723,0.009250164
MQAttn-LSTM-VQR,9,1,0.6508539,0.6499114,0.6584516,0.6516787,0.0285073760896921,0.00094246864,0.0017672777,0.0075977445
MQAttn-LSTM-VQR,9,1,0.6507369,0.64986163,0.65760034,0.651705,0.0285073760896921,0.0008752942,0.0018433928,0.0068634152
MQAttn-LSTM-VQR,9,1,0.6494244,0.6508151,0.6594471,0.64894354,0.0285073760896921,0.0013907552,0.0018715858,0.0100227
MQAttn-LSTM-VQR,9,1,0.64882386,0.65784466,0.6656579,0.64903677,0.0285073760896921,0.009020805,0.008807898,0.01683402
MQAttn-LSTM-VQR,9,1,0.64725083,0.65869874,0.6667456,0.6467318,0.0285073760896921,0.0114479065,0.011966944,0.019494772
MQAttn-LSTM-VQR,9,1,0.6447886,0.6552842,0.6635107,0.6440017,0.0285073760896921,0.010495603,0.011282504,0.018722057
MQAttn-LSTM-VQR,9,1,0.6433219,0.65015656,0.6589883,0.6437263,0.0285073760896921,0.006834686,0.0064302683,0.015666425
MQAttn-LSTM-VQR,9,1,0.64896566,0.6476929,0.6559028,0.6545077,0.0285073760896921,0.001272738,0.006814778,0.006937146
MQAttn-LSTM-VQR,9,1,0.65783024,0.64518684,0.6533411,0.66253966,0.0285073760896921,0.012643397,0.01735282,0.004489124
MQAttn-LSTM-VQR classical twin,9,1,0.91391003,0.8915299,0.9115039,0.923513,0.0285073760896921,0.022380114,0.031983078,0.0024061203
MQAttn-LSTM-VQR classical twin,9,1,0.92272323,0.8921625,0.91138244,0.9237087,0.0285073760896921,0.030560732,0.031546175,0.011340797
MQAttn-LSTM-VQR classical twin,9,1,0.92396414,0.8819422,0.90875524,0.91808873,0.0285073760896921,0.04202193,0.03614652,0.0152089
MQAttn-LSTM-VQR classical twin,9,1,0.9194632,0.88153136,0.9070153,0.9128904,0.0285073760896921,0.03793186,0.031359017,0.012447894
MQAttn-LSTM-VQR classical twin,9,1,0.9144546,0.8830003,0.9059623,0.9125568,0.0285073760896921,0.031454265,0.029556513,0.008492291
MQAttn-LSTM-VQR classical twin,9,1,0.91143745,0.8821872,0.9026443,0.9127908,0.0285073760896921,0.029250264,0.030603588,0.008793175
MQAttn-LSTM-VQR classical twin,9,1,0.907884,0.88089806,0.90076447,0.90701556,0.0285073760896921,0.026985943,0.026117504,0.0071195364
MQAttn-LSTM-VQR classical twin,9,1,0.90674585,0.8799911,0.90016645,0.9073846,0.0285073760896921,0.026754737,0.02739346,0.006579399
MQAttn-LSTM-VQR classical twin,9,1,0.9061142,0.88254476,0.9003598,0.9069847,0.0285073760896921,0.023569465,0.02443993,0.005754411
MQAttn-LSTM-VQR classical twin,9,1,0.90282327,0.8833688,0.9008459,0.9013828,0.0285073760896921,0.01945448,0.018014014,0.001977384
MQAttn-LSTM-VQR classical twin,9,1,0.90138525,0.8858009,0.91391003,0.9020385,0.0285073760896921,0.01558435,0.016237617,0.012524784
MQAttn-LSTM-VQR classical twin,9,1,0.91454166,0.892456,0.92272323,0.9259013,0.0285073760896921,0.022085667,0.0334453,0.008181572
MQAttn-LSTM-VQR classical twin,9,1,0.91791546,0.8954581,0.92396414,0.9153519,0.0285073760896921,0.022457361,0.019893825,0.0060486794
MQAttn-LSTM-VQR classical twin,9,1,0.91596514,0.89253414,0.9194632,0.90995204,0.0285073760896921,0.023431003,0.017417908,0.0034980774
MQAttn-LSTM-VQR classical twin,9,1,0.9098393,0.8872749,0.9144546,0.90465397,0.0285073760896921,0.022564352,0.017379045,0.004615307
MQAttn-LSTM-VQR classical twin,9,1,0.903338,0.8832628,0.91143745,0.90230495,0.0285073760896921,0.020075202,0.019042134,0.008099437
MQAttn-LSTM-VQR classical twin,9,1,0.8985622,0.8827479,0.907884,0.89968854,0.0285073760896921,0.015814304,0.016940653,0.009321809
MQAttn-LSTM-VQR classical twin,9,1,0.8944973,0.8805332,0.90674585,0.8942216,0.0285073760896921,0.013964057,0.0136883855,0.012248576
MQAttn-LSTM-VQR classical twin,9,1,0.89133537,0.8797171,0.9061142,0.89146155,0.0285073760896921,0.011618257,0.01174444,0.014778852
MQAttn-LSTM-VQR classical twin,9,1,0.887041,0.87691706,0.90282327,0.88651687,0.0285073760896921,0.0101239085,0.009599805,0.015782297
MQAttn-LSTM-VQR classical twin,9,1,0.8849499,0.8743674,0.90138525,0.8865189,0.0285073760896921,0.010582507,0.01215148,0.016435325
MQAttn-LSTM-VQR classical twin,9,1,0.88311315,0.8679256,0.91454166,0.88393605,0.0285073760896921,0.0151875615,0.016010463,0.031428516
MQAttn-LSTM-VQR classical twin,9,1,0.88262844,0.8780459,0.91791546,0.8838087,0.0285073760896921,0.0045825243,0.005762756,0.035287023
MQAttn-LSTM-VQR classical twin,9,1,0.8814004,0.8751187,0.91596514,0.8813342,0.0285073760896921,0.0062817335,0.0062155128,0.034564734
MQAttn-LSTM-VQR classical twin,9,1,0.87770545,0.86732054,0.9098393,0.8758652,0.0285073760896921,0.010384917,0.008544683,0.032133818
MQAttn-LSTM-VQR classical twin,9,1,0.87259746,0.8591609,0.903338,0.87092483,0.0285073760896921,0.013436556,0.01176393,0.03074056
MQAttn-LSTM-VQR classical twin,9,1,0.86810654,0.85223436,0.8985622,0.8680457,0.0285073760896921,0.01587218,0.015811324,0.030455649
MQAttn-LSTM-VQR classical twin,9,1,0.8824985,0.84787405,0.8944973,0.896812,0.0285073760896921,0.034624457,0.048937976,0.011998773
MQAttn-LSTM-VQR classical twin,9,1,0.8906054,0.8447375,0.89133537,0.8915945,0.0285073760896921,0.04586786,0.046857,0.0007299781
MQAttn-LSTM-VQR classical twin,9,1,0.8906085,0.8405126,0.887041,0.88368213,0.0285073760896921,0.050095916,0.043169558,0.0035675168
MQAttn-LSTM-VQR classical twin,9,1,0.88512045,0.8388034,0.8849499,0.87850887,0.0285073760896921,0.04631704,0.039705455,0.00017052889
MQAttn-LSTM-VQR classical twin,9,1,0.8766632,0.8363376,0.88311315,0.8734353,0.0285073760896921,0.040325582,0.037097692,0.006449938
MQAttn-LSTM-VQR classical twin,9,1,0.8700854,0.8354744,0.88262844,0.8708586,0.0285073760896921,0.034611046,0.035384238,0.012543023
MQAttn-LSTM-VQR classical twin,9,1,0.86673284,0.83417165,0.8814004,0.86821127,0.0285073760896921,0.032561183,0.034039617,0.014667571
MQAttn-LSTM-VQR classical twin,9,1,0.8633553,0.8310973,0.87770545,0.86316085,0.0285073760896921,0.032257974,0.032063544,0.014350176
MQAttn-LSTM-VQR classical twin,9,1,0.858818,0.82694405,0.87259746,0.85790324,0.0285073760896921,0.03187394,0.030959189,0.013779461
MQAttn-LSTM-VQR classical twin,9,1,0.8549439,0.822854,0.86810654,0.8552667,0.0285073760896921,0.03208989,0.032412708,0.0131626725
MQAttn-LSTM-VQR classical twin,9,1,0.85199106,0.83511907,0.8824985,0.85300726,0.0285073760896921,0.016871989,0.017888188,0.030507445
MQAttn-LSTM-VQR classical twin,9,1,0.8494897,0.8402976,0.8906054,0.85015553,0.0285073760896921,0.009192109,0.009857953,0.0411157
MQAttn-LSTM-VQR classical twin,9,1,0.8471138,0.8426787,0.8906085,0.8472899,0.0285073760896921,0.0044350624,0.004611194,0.0434947
MQAttn-LSTM-VQR classical twin,9,1,0.84337896,0.83895457,0.88512045,0.84245145,0.0285073760896921,0.004424393,0.0034968853,0.04174149
MQAttn-LSTM-VQR classical twin,9,1,0.83534354,0.8314728,0.8766632,0.8318582,0.0285073760896921,0.0038707256,0.00038540363,0.04131967
MQAttn-LSTM-VQR classical twin,9,1,0.8293232,0.8268243,0.8700854,0.82950693,0.0285073760896921,0.0024988651,0.0026826262,0.040762246
MQAttn-LSTM-VQR classical twin,9,1,0.8252113,0.8240186,0.86673284,0.826927,0.0285073760896921,0.001192689,0.0029084086,0.04152155
MQAttn-LSTM-VQR classical twin,9,1,0.8209377,0.8202117,0.8633553,0.8213269,0.0285073760896921,0.0007259846,0.0011152029,0.042417586
MQAttn-LSTM-VQR classical twin,9,1,0.81810266,0.8129035,0.858818,0.8189289,0.0285073760896921,0.0051991343,0.006025374,0.040715337
MQAttn-LSTM-VQR classical twin,9,1,0.81570166,0.810056,0.8549439,0.8163675,0.0285073760896921,0.0056456923,0.006311536,0.039242208
MQAttn-LSTM-VQR classical twin,9,1,0.8133155,0.8084097,0.85199106,0.81387645,0.0285073760896921,0.00490582,0.005466759,0.038675547
MQAttn-LSTM-VQR classical twin,9,1,0.8108713,0.80715716,0.8494897,0.81106275,0.0285073760896921,0.0037141442,0.0039055943,0.038618386
MQAttn-LSTM-VQR classical twin,9,1,0.80684763,0.8049155,0.8471138,0.8056628,0.0285073760896921,0.0019321442,0.00074732304,0.040266156
MQAttn-LSTM-VQR classical twin,9,1,0.8033026,0.8017219,0.84337896,0.80328155,0.0285073760896921,0.0015807152,0.0015596747,0.040076375
MQAttn-LSTM-VQR classical twin,9,1,0.80025095,0.7942889,0.83534354,0.8007571,0.0285073760896921,0.005962074,0.0064682364,0.035092592
MQAttn-LSTM-VQR classical twin,9,1,0.7915077,0.78930074,0.8293232,0.7873651,0.0285073760896921,0.0022069812,0.0019356608,0.03781545
MQAttn-LSTM-VQR classical twin,9,1,0.78365296,0.7861527,0.8252113,0.782451,0.0285073760896921,0.0024997592,0.0037017465,0.041558325
MQAttn-LSTM-VQR classical twin,9,1,0.77824754,0.7815492,0.8209377,0.77988297,0.0285073760896921,0.00330168,0.0016662478,0.042690158
MQAttn-LSTM-VQR classical twin,9,1,0.77634585,0.78052336,0.81810266,0.7797408,0.0285073760896921,0.0041775107,0.0007825494,0.04175681
MQAttn-LSTM-VQR classical twin,9,1,0.77557266,0.7785758,0.81570166,0.7773447,0.0285073760896921,0.0030031204,0.0012310743,0.040129006
MQAttn-LSTM-VQR classical twin,9,1,0.77442914,0.7765611,0.8133155,0.77443707,0.0285073760896921,0.002131939,0.0021240115,0.03888637
MQAttn-LSTM-VQR classical twin,9,1,0.7707315,0.7739801,0.8108713,0.7691183,0.0285073760896921,0.0032485723,0.004861772,0.040139794
MQAttn-LSTM-VQR classical twin,9,1,0.7654304,0.7710906,0.80684763,0.76395714,0.0285073760896921,0.005660236,0.007133484,0.04141724
MQAttn-LSTM-VQR classical twin,9,1,0.762723,0.766622,0.8033026,0.7642626,0.0285073760896921,0.0038989782,0.0023593903,0.040579557
MQAttn-LSTM-VQR classical twin,9,1,0.760417,0.7642923,0.80025095,0.7613237,0.0285073760896921,0.0038753152,0.0029686093,0.039833963
MQAttn-LSTM-VQR classical twin,9,1,0.7584316,0.7561656,0.7915077,0.758743,0.0285073760896921,0.0022659898,0.0025773644,0.033076108
MQAttn-LSTM-VQR classical twin,9,1,0.77095926,0.7495324,0.78365296,0.78192455,0.0285073760896921,0.021426857,0.032392144,0.012693703
MQAttn-LSTM-VQR classical twin,9,1,0.7754087,0.7460895,0.77824754,0.77404577,0.0285073760896921,0.029319167,0.027956247,0.00283885
MQAttn-LSTM-VQR classical twin,9,1,0.7727474,0.74399704,0.77634585,0.7661878,0.0285073760896921,0.02875036,0.02219075,0.0035984516
MQAttn-LSTM-VQR classical twin,9,1,0.7676639,0.7424239,0.77557266,0.76347643,0.0285073760896921,0.025240004,0.02105254,0.0079087615
MQAttn-LSTM-VQR classical twin,9,1,0.7604946,0.7419675,0.77442914,0.75847864,0.0285073760896921,0.01852709,0.016511142,0.013934553
MQAttn-LSTM-VQR classical twin,9,1,0.7551196,0.7378707,0.7707315,0.7559488,0.0285073760896921,0.017248929,0.018078089,0.015611887
MQAttn-LSTM-VQR classical twin,9,1,0.75221366,0.7343357,0.7654304,0.75328195,0.0285073760896921,0.017877936,0.01894623,0.013216734
MQAttn-LSTM-VQR classical twin,9,1,0.750161,0.73192036,0.762723,0.75077266,0.0285073760896921,0.01824063,0.018852293,0.0125620365
MQAttn-LSTM-VQR classical twin,9,1,0.7463446,0.72921395,0.760417,0.7454222,0.0285073760896921,0.017130673,0.016208231,0.014072359
MQAttn-LSTM-VQR classical twin,9,1,0.7429519,0.72919905,0.7584316,0.74293417,0.0285073760896921,0.013752878,0.0137351155,0.015479684
MQAttn-LSTM-VQR classical twin,9,1,0.7398383,0.7402901,0.77095926,0.74020684,0.0285073760896921,0.0004518032,8.326769e-05,0.031120956
MQAttn-LSTM-VQR classical twin,9,1,0.7371302,0.74330294,0.7754087,0.7376048,0.0285073760896921,0.0061727166,0.0056981444,0.03827846
MQAttn-LSTM-VQR classical twin,9,1,0.73923695,0.7415511,0.7727474,0.7429518,0.0285073760896921,0.0023141503,0.0014007092,0.033510447
MQAttn-LSTM-VQR classical twin,9,1,0.7443127,0.7363431,0.7676639,0.7480459,0.0285073760896921,0.007969618,0.011702836,0.023351192
MQAttn-LSTM-VQR classical twin,9,1,0.7434762,0.73056734,0.7604946,0.7404003,0.0285073760896921,0.012908876,0.009832978,0.017018378
MQAttn-LSTM-VQR classical twin,9,1,0.73901343,0.72716737,0.7551196,0.73487717,0.0285073760896921,0.0118460655,0.007709801,0.016106188
MQAttn-LSTM-VQR classical twin,9,1,0.73085135,0.7242924,0.75221366,0.7269506,0.0285073760896921,0.0065589547,0.0026581883,0.021362305
MQAttn-LSTM-VQR classical twin,9,1,0.72576994,0.7216453,0.750161,0.72707313,0.0285073760896921,0.0041246414,0.0054278374,0.024391055
MQAttn-LSTM-VQR classical twin,9,1,0.7226657,0.71941525,0.7463446,0.7245211,0.0285073760896921,0.0032504797,0.005105853,0.023678899
MQAttn-LSTM-VQR classical twin,9,1,0.71944976,0.71783584,0.7429519,0.7193355,0.0285073760896921,0.001613915,0.0014996529,0.023502171
MQAttn-LSTM-VQR classical twin,9,1,0.71670055,0.714656,0.7398383,0.7167227,0.0285073760896921,0.0020445585,0.0020667315,0.023137748
MQAttn-LSTM-VQR classical twin,9,1,0.7153522,0.7130901,0.7371302,0.71669793,0.0285073760896921,0.0022620559,0.0036078095,0.021778047
MQAttn-LSTM-VQR classical twin,9,1,0.7135469,0.71413964,0.73923695,0.7140324,0.0285073760896921,0.0005927682,0.000107228756,0.025690079
MQAttn-LSTM-VQR classical twin,9,1,0.7115744,0.7210114,0.7443127,0.7114602,0.0285073760896921,0.009437025,0.009551227,0.032738328
MQAttn-LSTM-VQR classical twin,9,1,0.7091732,0.7165102,0.7434762,0.70871454,0.0285073760896921,0.007336974,0.007795632,0.03430301
MQAttn-LSTM-VQR classical twin,9,1,0.70644087,0.71350926,0.73901343,0.7062046,0.0285073760896921,0.0070683956,0.0073046684,0.032572567
MQAttn-LSTM-VQR classical twin,9,1,0.7051698,0.70427036,0.73085135,0.7062894,0.0285073760896921,0.0008994341,0.0020190477,0.025681555
MQAttn-LSTM-VQR classical twin,9,1,0.7036261,0.70346063,0.72576994,0.7037992,0.0285073760896921,0.0001654625,0.00033855438,0.02214384
MQAttn-LSTM-VQR classical twin,9,1,0.7104392,0.70249504,0.7226657,0.716696,0.0285073760896921,0.007944167,0.014200985,0.012226522
MQAttn-LSTM-VQR classical twin,9,1,0.716818,0.697834,0.71944976,0.71912754,0.0285073760896921,0.01898396,0.02129352,0.0026317835
MQAttn-LSTM-VQR classical twin,9,1,0.7145769,0.6978278,0.71670055,0.70867735,0.0285073760896921,0.016749084,0.010849535,0.002123654
MQAttn-LSTM-VQR classical twin,9,1,0.7086587,0.69489884,0.7153522,0.70349085,0.0285073760896921,0.013759851,0.00859201,0.0066934824
MQAttn-LSTM-VQR classical twin,9,1,0.7022049,0.6962497,0.7135469,0.7006019,0.0285073760896921,0.0059551597,0.0043521523,0.011341989
MQAttn-LSTM-VQR classical twin,9,1,0.6972958,0.6927719,0.7115744,0.6983504,0.0285073760896921,0.0045238733,0.005578518,0.014278591
MQAttn-LSTM-VQR classical twin,9,1,0.6944359,0.68988,0.7091732,0.6956424,0.0285073760896921,0.004555881,0.0057623982,0.014737308
MQAttn-LSTM-VQR classical twin,9,1,0.69261265,0.6880437,0.70644087,0.6931144,0.0285073760896921,0.0045689344,0.0050706863,0.013828218
MQAttn-LSTM-VQR classical twin,9,1,0.69029355,0.6868961,0.7051698,0.6902183,0.0285073760896921,0.0033974648,0.0033222437,0.014876246
MQAttn-LSTM-VQR classical twin,9,1,0.6876524,0.6863503,0.7036261,0.6876182,0.0285073760896921,0.0013021231,0.00126791,0.015973687
MQAttn-LSTM-VQR classical twin,9,1,0.685118,0.6901716,0.7104392,0.6852564,0.0285073760896921,0.00505358,0.004915178,0.025321186
MQAttn-LSTM-VQR classical twin,9,1,0.6840759,0.69490486,0.716818,0.6852543,0.0285073760896921,0.010828972,0.009650588,0.032742083
MQAttn-LSTM-VQR classical twin,9,1,0.68238765,0.6938861,0.7145769,0.68236774,0.0285073760896921,0.011498451,0.011518359,0.03218925
MQAttn-LSTM-VQR classical twin,9,1,0.6847365,0.6884155,0.7086587,0.687696,0.0285073760896921,0.003679037,0.0007195473,0.023922205
MQAttn-LSTM-VQR classical twin,9,1,0.68974936,0.68454,0.7022049,0.69305575,0.0285073760896921,0.0052093863,0.008515775,0.012455523
MQAttn-LSTM-VQR classical twin,9,1,0.68843937,0.67921394,0.6972958,0.684925,0.0285073760896921,0.009225428,0.0057110786,0.008856416
MQAttn-LSTM-VQR classical twin,9,1,0.6853373,0.6781432,0.6944359,0.6823914,0.0285073760896921,0.007194102,0.004248202,0.009098589
MQAttn-LSTM-VQR classical twin,9,1,0.6797372,0.6755256,0.69261265,0.67716104,0.0285073760896921,0.0042116046,0.0016354322,0.012875438
MQAttn-LSTM-VQR classical twin,9,1,0.6762928,0.6740062,0.69029355,0.67732084,0.0285073760896921,0.0022865534,0.0033146143,0.014000773
MQAttn-LSTM-VQR classical twin,9,1,0.6737749,0.6734947,0.6876524,0.6746575,0.0285073760896921,0.00028020144,0.001162827,0.013877511
MQAttn-LSTM-VQR classical twin,9,1,0.6718956,0.66978675,0.685118,0.6720946,0.0285073760896921,0.002108872,0.0023078322,0.013222396
MQAttn-LSTM-VQR classical twin,9,1,0.66971076,0.6677334,0.6840759,0.6694957,0.0285073760896921,0.001977384,0.0017623305,0.014365137
MQAttn-LSTM-VQR classical twin,9,1,0.66857845,0.6670623,0.68238765,0.66945726,0.0285073760896921,0.0015161633,0.0023949742,0.013809204
MQAttn-LSTM-VQR classical twin,9,1,0.6669013,0.66846174,0.6847365,0.66700333,0.0285073760896921,0.0015604496,0.0014584064,0.0178352
MQAttn-LSTM-VQR classical twin,9,1,0.6647539,0.67283756,0.68974936,0.6643222,0.0285073760896921,0.0080836415,0.008515358,0.024995446
MQAttn-LSTM-VQR classical twin,9,1,0.66071945,0.6723425,0.68843937,0.65908456,0.0285073760896921,0.011623025,0.013257921,0.027719915
MQAttn-LSTM-VQR classical twin,9,1,0.6584516,0.66957235,0.6853373,0.6592332,0.0285073760896921,0.011120737,0.010339141,0.026885688
MQAttn-LSTM-VQR classical twin,9,1,0.65760034,0.66434205,0.6797372,0.65914655,0.0285073760896921,0.0067417026,0.0051954985,0.022136867
MQAttn-LSTM-VQR classical twin,9,1,0.6594471,0.66127855,0.6762928,0.6619362,0.0285073760896921,0.0018314719,0.00065767765,0.016845703
MQAttn-LSTM-VQR classical twin,9,1,0.6656579,0.65925395,0.6737749,0.66976535,0.0285073760896921,0.006403923,0.010511398,0.00811702
MQAttn-LSTM-VQR classical twin,9,1,0.6667456,0.6576034,0.6718956,0.6645143,0.0285073760896921,0.00914222,0.00691092,0.00515002
MQAttn-LSTM-VQR classical twin,9,1,0.6635107,0.65547174,0.66971076,0.65931696,0.0285073760896921,0.008038938,0.0038452148,0.006200075
MQAttn-LSTM-VQR classical twin,9,1,0.6589883,0.6537879,0.66857845,0.65673757,0.0285073760896921,0.005200386,0.002949655,0.009590149
MQAttn-LSTM-VQR classical twin,9,1,0.6559028,0.65321094,0.6669013,0.656601,0.0285073760896921,0.002691865,0.0033900738,0.0109984875
MQAttn-LSTM-VQR classical twin,9,1,0.6533411,0.6509122,0.6647539,0.653898,0.0285073760896921,0.0024288893,0.0029857755,0.011412799
MQAttn-LSTM-VQR classical twin,9,1,0.6514693,0.64617026,0.66071945,0.65151644,0.0285073760896921,0.0052990317,0.005346179,0.009250164
MQAttn-LSTM-VQR classical twin,9,1,0.6508539,0.64438045,0.6584516,0.6516787,0.0285073760896921,0.006473422,0.007298231,0.0075977445
MQAttn-LSTM-VQR classical twin,9,1,0.6507369,0.64448476,0.65760034,0.651705,0.0285073760896921,0.0062521696,0.0072202682,0.0068634152
MQAttn-LSTM-VQR classical twin,9,1,0.6494244,0.6448679,0.6594471,0.64894354,0.0285073760896921,0.004556477,0.0040756464,0.0100227
MQAttn-LSTM-VQR classical twin,9,1,0.64882386,0.6494571,0.6656579,0.64903677,0.0285073760896921,0.00063323975,0.00042033195,0.01683402
MQAttn-LSTM-VQR classical twin,9,1,0.64725083,0.65150625,0.6667456,0.6467318,0.0285073760896921,0.004255414,0.0047744513,0.019494772
MQAttn-LSTM-VQR classical twin,9,1,0.6447886,0.64994705,0.6635107,0.6440017,0.0285073760896921,0.0051584244,0.005945325,0.018722057
MQAttn-LSTM-VQR classical twin,9,1,0.6433219,0.644155,0.6589883,0.6437263,0.0285073760896921,0.0008331537,0.0004287362,0.015666425
MQAttn-LSTM-VQR classical twin,9,1,0.64896566,0.6429611,0.6559028,0.6545077,0.0285073760896921,0.006004572,0.011546612,0.006937146
MQAttn-LSTM-VQR classical twin,9,1,0.65783024,0.64010423,0.6533411,0.66253966,0.0285073760896921,0.017726004,0.022435427,0.004489124
MQAttn-QLSTM-VQR,9,1,0.91391003,0.8910033,0.9115039,0.923513,0.0285073760896921,0.02290672,0.032509685,0.0024061203
MQAttn-QLSTM-VQR,9,1,0.92272323,0.8908262,0.91138244,0.9237087,0.0285073760896921,0.03189701,0.032882452,0.011340797
MQAttn-QLSTM-VQR,9,1,0.92396414,0.88593346,0.90875524,0.91808873,0.0285073760896921,0.038030684,0.032155275,0.0152089
MQAttn-QLSTM-VQR,9,1,0.9194632,0.88655883,0.9070153,0.9128904,0.0285073760896921,0.032904387,0.026331544,0.012447894
MQAttn-QLSTM-VQR,9,1,0.9144546,0.8858929,0.9059623,0.9125568,0.0285073760896921,0.028561652,0.0266639,0.008492291
MQAttn-QLSTM-VQR,9,1,0.91143745,0.88292485,0.9026443,0.9127908,0.0285073760896921,0.028512597,0.02986592,0.008793175
MQAttn-QLSTM-VQR,9,1,0.907884,0.88044924,0.90076447,0.90701556,0.0285073760896921,0.027434766,0.026566327,0.0071195364
MQAttn-QLSTM-VQR,9,1,0.90674585,0.8803639,0.90016645,0.9073846,0.0285073760896921,0.02638197,0.027020693,0.006579399
MQAttn-QLSTM-VQR,9,1,0.9061142,0.88060206,0.9003598,0.9069847,0.0285073760896921,0.025512159,0.026382625,0.005754411
MQAttn-QLSTM-VQR,9,1,0.90282327,0.8811216,0.9008459,0.9013828,0.0285073760896921,0.021701694,0.020261228,0.001977384
MQAttn-QLSTM-VQR,9,1,0.90138525,0.8902739,0.91391003,0.9020385,0.0285073760896921,0.011111319,0.011764586,0.012524784
MQAttn-QLSTM-VQR,9,1,0.91454166,0.901138,0.92272323,0.9259013,0.0285073760896921,0.013403654,0.024763286,0.008181572
MQAttn-QLSTM-VQR,9,1,0.91791546,0.90212554,0.92396414,0.9153519,0.0285073760896921,0.015789926,0.01322639,0.0060486794
MQAttn-QLSTM-VQR,9,1,0.91596514,0.8973214,0.9194632,0.90995204,0.0285073760896921,0.018643737,0.012630641,0.0034980774
MQAttn-QLSTM-VQR,9,1,0.9098393,0.8918996,0.9144546,0.90465397,0.0285073760896921,0.017939687,0.012754381,0.004615307
MQAttn-QLSTM-VQR,9,1,0.903338,0.88918877,0.91143745,0.90230495,0.0285073760896921,0.014149249,0.013116181,0.008099437
MQAttn-QLSTM-VQR,9,1,0.8985622,0.8858687,0.907884,0.89968854,0.0285073760896921,0.012693465,0.013819814,0.009321809
MQAttn-QLSTM-VQR,9,1,0.8944973,0.8836398,0.90674585,0.8942216,0.0285073760896921,0.010857463,0.010581791,0.012248576
MQAttn-QLSTM-VQR,9,1,0.89133537,0.8834447,0.9061142,0.89146155,0.0285073760896921,0.007890642,0.008016825,0.014778852
MQAttn-QLSTM-VQR,9,1,0.887041,0.88054734,0.90282327,0.88651687,0.0285073760896921,0.006493628,0.0059695244,0.015782297
MQAttn-QLSTM-VQR,9,1,0.8849499,0.8785107,0.90138525,0.8865189,0.0285073760896921,0.006439209,0.008008182,0.016435325
MQAttn-QLSTM-VQR,9,1,0.88311315,0.87591815,0.91454166,0.88393605,0.0285073760896921,0.007194996,0.008017898,0.031428516
MQAttn-QLSTM-VQR,9,1,0.88262844,0.8839251,0.91791546,0.8838087,0.0285073760896921,0.0012966394,0.00011640787,0.035287023
MQAttn-QLSTM-VQR,9,1,0.8814004,0.88163805,0.91596514,0.8813342,0.0285073760896921,0.00023764372,0.00030386448,0.034564734
MQAttn-QLSTM-VQR,9,1,0.87770545,0.8749301,0.9098393,0.8758652,0.0285073760896921,0.002775371,0.0009351373,0.032133818
MQAttn-QLSTM-VQR,9,1,0.87259746,0.8680494,0.903338,0.87092483,0.0285073760896921,0.004548073,0.0028754473,0.03074056
MQAttn-QLSTM-VQR,9,1,0.86810654,0.8634927,0.8985622,0.8680457,0.0285073760896921,0.0046138167,0.0045529604,0.030455649
MQAttn-QLSTM-VQR,9,1,0.8824985,0.85937315,0.8944973,0.896812,0.0285073760896921,0.02312535,0.03743887,0.011998773
MQAttn-QLSTM-VQR,9,1,0.8906054,0.85628074,0.89133537,0.8915945,0.0285073760896921,0.034324646,0.035313785,0.0007299781
MQAttn-QLSTM-VQR,9,1,0.8906085,0.85186756,0.887041,0.88368213,0.0285073760896921,0.038740933,0.031814575,0.0035675168
MQAttn-QLSTM-VQR,9,1,0.88512045,0.84970886,0.8849499,0.87850887,0.0285073760896921,0.035411596,0.02880001,0.00017052889
MQAttn-QLSTM-VQR,9,1,0.8766632,0.848191,0.88311315,0.8734353,0.0285073760896921,0.028472185,0.025244296,0.006449938
MQAttn-QLSTM-VQR,9,1,0.8700854,0.84800893,0.88262844,0.8708586,0.0285073760896921,0.022076488,0.022849679,0.012543023
MQAttn-QLSTM-VQR,9,1,0.86673284,0.8465641,0.8814004,0.86821127,0.0285073760896921,0.020168722,0.021647155,0.014667571
MQAttn-QLSTM-VQR,9,1,0.8633553,0.84308994,0.87770545,0.86316085,0.0285073760896921,0.02026534,0.02007091,0.014350176
MQAttn-QLSTM-VQR,9,1,0.858818,0.8378365,0.87259746,0.85790324,0.0285073760896921,0.02098149,0.020066738,0.013779461
MQAttn-QLSTM-VQR,9,1,0.8549439,0.8334857,0.86810654,0.8552667,0.0285073760896921,0.021458149,0.021780968,0.0131626725
MQAttn-QLSTM-VQR,9,1,0.85199106,0.84813356,0.8824985,0.85300726,0.0285073760896921,0.0038574934,0.004873693,0.030507445
MQAttn-QLSTM-VQR,9,1,0.8494897,0.8580782,0.8906054,0.85015553,0.0285073760896921,0.008588493,0.007922649,0.0411157
MQAttn-QLSTM-VQR,9,1,0.8471138,0.8580373,0.8906085,0.8472899,0.0285073760896921,0.010923505,0.010747373,0.0434947
MQAttn-QLSTM-VQR,9,1,0.84337896,0.85195225,0.88512045,0.84245145,0.0285073760896921,0.008573294,0.009500802,0.04174149
MQAttn-QLSTM-VQR,9,1,0.83534354,0.84324586,0.8766632,0.8318582,0.0285073760896921,0.007902324,0.011387646,0.04131967
MQAttn-QLSTM-VQR,9,1,0.8293232,0.83680356,0.8700854,0.82950693,0.0285073760896921,0.007480383,0.007296622,0.040762246
MQAttn-QLSTM-VQR,9,1,0.8252113,0.83359104,0.86673284,0.826927,0.0285073760896921,0.008379757,0.0066640377,0.04152155
MQAttn-QLSTM-VQR,9,1,0.8209377,0.8299735,0.8633553,0.8213269,0.0285073760896921,0.009035826,0.008646607,0.042417586
MQAttn-QLSTM-VQR,9,1,0.81810266,0.82495713,0.858818,0.8189289,0.0285073760896921,0.0068544745,0.006028235,0.040715337
MQAttn-QLSTM-VQR,9,1,0.81570166,0.82154745,0.8549439,0.8163675,0.0285073760896921,0.005845785,0.0051799417,0.039242208
MQAttn-QLSTM-VQR,9,1,0.8133155,0.8187818,0.85199106,0.81387645,0.0285073760896921,0.0054662824,0.004905343,0.038675547
MQAttn-QLSTM-VQR,9,1,0.8108713,0.8170438,0.8494897,0.81106275,0.0285073760896921,0.006172478,0.005981028,0.038618386
MQAttn-QLSTM-VQR,9,1,0.80684763,0.8145386,0.8471138,0.8056628,0.0285073760896921,0.007690966,0.008875787,0.040266156
MQAttn-QLSTM-VQR,9,1,0.8033026,0.8108772,0.84337896,0.80328155,0.0285073760896921,0.007574618,0.0075956583,0.040076375
MQAttn-QLSTM-VQR,9,1,0.80025095,0.80317044,0.83534354,0.8007571,0.0285073760896921,0.002919495,0.0024133325,0.035092592
MQAttn-QLSTM-VQR,9,1,0.7915077,0.79760563,0.8293232,0.7873651,0.0285073760896921,0.006097913,0.010240555,0.03781545
MQAttn-QLSTM-VQR,9,1,0.78365296,0.7935824,0.8252113,0.782451,0.0285073760896921,0.009929419,0.011131406,0.041558325
MQAttn-QLSTM-VQR,9,1,0.77824754,0.7892678,0.8209377,0.77988297,0.0285073760896921,0.011020243,0.009384811,0.042690158
MQAttn-QLSTM-VQR,9,1,0.77634585,0.7870406,0.81810266,0.7797408,0.0285073760896921,0.010694742,0.007299781,0.04175681
MQAttn-QLSTM-VQR,9,1,0.77557266,0.7845869,0.81570166,0.7773447,0.0285073760896921,0.009014249,0.0072422028,0.040129006
MQAttn-QLSTM-VQR,9,1,0.77442914,0.7823235,0.8133155,0.77443707,0.0285073760896921,0.007894337,0.00788641,0.03888637
MQAttn-QLSTM-VQR,9,1,0.7707315,0.780135,0.8108713,0.7691183,0.0285073760896921,0.009403467,0.011016667,0.040139794
MQAttn-QLSTM-VQR,9,1,0.7654304,0.77626693,0.80684763,0.76395714,0.0285073760896921,0.010836542,0.01230979,0.04141724
MQAttn-QLSTM-VQR,9,1,0.762723,0.7725125,0.8033026,0.7642626,0.0285073760896921,0.009789467,0.008249879,0.040579557
MQAttn-QLSTM-VQR,9,1,0.760417,0.76959884,0.80025095,0.7613237,0.0285073760896921,0.009181857,0.008275151,0.039833963
MQAttn-QLSTM-VQR,9,1,0.7584316,0.76083905,0.7915077,0.758743,0.0285073760896921,0.0024074316,0.002096057,0.033076108
MQAttn-QLSTM-VQR,9,1,0.77095926,0.7529593,0.78365296,0.78192455,0.0285073760896921,0.017999947,0.028965235,0.012693703
MQAttn-QLSTM-VQR,9,1,0.7754087,0.7491466,0.77824754,0.77404577,0.0285073760896921,0.026262105,0.024899185,0.00283885
MQAttn-QLSTM-VQR,9,1,0.7727474,0.748432,0.77634585,0.7661878,0.0285073760896921,0.024315417,0.017755806,0.0035984516
MQAttn-QLSTM-VQR,9,1,0.7676639,0.7488131,0.77557266,0.76347643,0.0285073760896921,0.018850803,0.014663339,0.0079087615
MQAttn-QLSTM-VQR,9,1,0.7604946,0.7484948,0.77442914,0.75847864,0.0285073760896921,0.011999786,0.009983838,0.013934553
MQAttn-QLSTM-VQR,9,1,0.7551196,0.7455084,0.7707315,0.7559488,0.0285073760896921,0.009611249,0.010440409,0.015611887
MQAttn-QLSTM-VQR,9,1,0.75221366,0.7415941,0.7654304,0.75328195,0.0285073760896921,0.010619581,0.011687875,0.013216734
MQAttn-QLSTM-VQR,9,1,0.750161,0.73954475,0.762723,0.75077266,0.0285073760896921,0.010616243,0.011227906,0.0125620365
MQAttn-QLSTM-VQR,9,1,0.7463446,0.73808616,0.760417,0.7454222,0.0285073760896921,0.008258462,0.0073360205,0.014072359
MQAttn-QLSTM-VQR,9,1,0.7429519,0.73739004,0.7584316,0.74293417,0.0285073760896921,0.005561888,0.005544126,0.015479684
MQAttn-QLSTM-VQR,9,1,0.7398383,0.7486737,0.77095926,0.74020684,0.0285073760896921,0.008835375,0.00846684,0.031120956
MQAttn-QLSTM-VQR,9,1,0.7371302,0.75206125,0.7754087,0.7376048,0.0285073760896921,0.014931023,0.014456451,0.03827846
MQAttn-QLSTM-VQR,9,1,0.73923695,0.7491833,0.7727474,0.7429518,0.0285073760896921,0.009946346,0.006231487,0.033510447
MQAttn-QLSTM-VQR,9,1,0.7443127,0.74435073,0.7676639,0.7480459,0.0285073760896921,3.8027763e-05,0.00369519,0.023351192
MQAttn-QLSTM-VQR,9,1,0.7434762,0.73856026,0.7604946,0.7404003,0.0285073760896921,0.0049159527,0.001840055,0.017018378
MQAttn-QLSTM-VQR,9,1,0.73901343,0.73464584,0.7551196,0.73487717,0.0285073760896921,0.00436759,0.00023132563,0.016106188
MQAttn-QLSTM-VQR,9,1,0.73085135,0.7327056,0.75221366,0.7269506,0.0285073760896921,0.0018542409,0.0057550073,0.021362305
MQAttn-QLSTM-VQR,9,1,0.72576994,0.73104817,0.750161,0.72707313,0.0285073760896921,0.0052782297,0.0039750338,0.024391055
MQAttn-QLSTM-VQR,9,1,0.7226657,0.7281825,0.7463446,0.7245211,0.0285073760896921,0.0055167675,0.0036613941,0.023678899
MQAttn-QLSTM-VQR,9,1,0.71944976,0.7258872,0.7429519,0.7193355,0.0285073760896921,0.006437421,0.006551683,0.023502171
MQAttn-QLSTM-VQR,9,1,0.71670055,0.7234806,0.7398383,0.7167227,0.0285073760896921,0.0067800283,0.0067578554,0.023137748
MQAttn-QLSTM-VQR,9,1,0.7153522,0.72147554,0.7371302,0.71669793,0.0285073760896921,0.006123364,0.0047776103,0.021778047
MQAttn-QLSTM-VQR,9,1,0.7135469,0.72341967,0.73923695,0.7140324,0.0285073760896921,0.009872794,0.009387255,0.025690079
MQAttn-QLSTM-VQR,9,1,0.7115744,0.7283955,0.7443127,0.7114602,0.0285073760896921,0.016821146,0.016935349,0.032738328
MQAttn-QLSTM-VQR,9,1,0.7091732,0.7271997,0.7434762,0.70871454,0.0285073760896921,0.018026471,0.018485129,0.03430301
MQAttn-QLSTM-VQR,9,1,0.70644087,0.7231726,0.73901343,0.7062046,0.0285073760896921,0.016731739,0.016968012,0.032572567
MQAttn-QLSTM-VQR,9,1,0.7051698,0.71513915,0.73085135,0.7062894,0.0285073760896921,0.009969354,0.00884974,0.025681555
MQAttn-QLSTM-VQR,9,1,0.7036261,0.7115828,0.72576994,0.7037992,0.0285073760896921,0.007956684,0.0077835917,0.02214384
MQAttn-QLSTM-VQR,9,1,0.7104392,0.70963335,0.7226657,0.716696,0.0285073760896921,0.0008058548,0.0070626736,0.012226522
MQAttn-QLSTM-VQR,9,1,0.716818,0.706597,0.71944976,0.71912754,0.0285073760896921,0.0102210045,0.012530565,0.0026317835
MQAttn-QLSTM-VQR,9,1,0.7145769,0.70460874,0.71670055,0.70867735,0.0285073760896921,0.009968162,0.004068613,0.002123654
MQAttn-QLSTM-VQR,9,1,0.7086587,0.7031603,0.7153522,0.70349085,0.0285073760896921,0.0054984093,0.00033056736,0.0066934824
MQAttn-QLSTM-VQR,9,1,0.7022049,0.70223236,0.7135469,0.7006019,0.0285073760896921,2.7477741e-05,0.001630485,0.011341989
MQAttn-QLSTM-VQR,9,1,0.6972958,0.70027465,0.7115744,0.6983504,0.0285073760896921,0.0029788613,0.0019242167,0.014278591
MQAttn-QLSTM-VQR,9,1,0.6944359,0.697818,0.7091732,0.6956424,0.0285073760896921,0.0033820868,0.0021755695,0.014737308
MQAttn-QLSTM-VQR,9,1,0.69261265,0.6953228,0.70644087,0.6931144,0.0285073760896921,0.0027101636,0.0022084117,0.013828218
MQAttn-QLSTM-VQR,9,1,0.69029355,0.6940085,0.7051698,0.6902183,0.0285073760896921,0.0037149787,0.0037901998,0.014876246
MQAttn-QLSTM-VQR,9,1,0.6876524,0.6927444,0.7036261,0.6876182,0.0285073760896921,0.005091965,0.0051261783,0.015973687
MQAttn-QLSTM-VQR,9,1,0.685118,0.6989288,0.7104392,0.6852564,0.0285073760896921,0.013810754,0.013672352,0.025321186
MQAttn-QLSTM-VQR,9,1,0.6840759,0.7045384,0.716818,0.6852543,0.0285073760896921,0.020462513,0.01928413,0.032742083
MQAttn-QLSTM-VQR,9,1,0.68238765,0.70257574,0.7145769,0.68236774,0.0285073760896921,0.020188093,0.020208001,0.03218925
MQAttn-QLSTM-VQR,9,1,0.6847365,0.69690937,0.7086587,0.687696,0.0285073760896921,0.012172878,0.009213388,0.023922205
MQAttn-QLSTM-VQR,9,1,0.68974936,0.69124705,0.7022049,0.69305575,0.0285073760896921,0.0014976859,0.001808703,0.012455523
MQAttn-QLSTM-VQR,9,1,0.68843937,0.68668485,0.6972958,0.684925,0.0285073760896921,0.0017545223,0.0017598271,0.008856416
MQAttn-QLSTM-VQR,9,1,0.6853373,0.6844036,0.6944359,0.6823914,0.0285073760896921,0.00093370676,0.0020121932,0.009098589
MQAttn-QLSTM-VQR,9,1,0.6797372,0.6825962,0.69261265,0.67716104,0.0285073760896921,0.0028589964,0.0054351687,0.012875438
MQAttn-QLSTM-VQR,9,1,0.6762928,0.6805783,0.69029355,0.67732084,0.0285073760896921,0.0042855144,0.0032574534,0.014000773
MQAttn-QLSTM-VQR,9,1,0.6737749,0.67852545,0.6876524,0.6746575,0.0285073760896921,0.00475055,0.0038679242,0.013877511
MQAttn-QLSTM-VQR,9,1,0.6718956,0.6758718,0.685118,0.6720946,0.0285073760896921,0.0039761662,0.003777206,0.013222396
MQAttn-QLSTM-VQR,9,1,0.66971076,0.67460775,0.6840759,0.6694957,0.0285073760896921,0.0048969984,0.005112052,0.014365137
MQAttn-QLSTM-VQR,9,1,0.66857845,0.67298806,0.68238765,0.66945726,0.0285073760896921,0.004409611,0.0035308003,0.013809204
MQAttn-QLSTM-VQR,9,1,0.6669013,0.6748491,0.6847365,0.66700333,0.0285073760896921,0.007947803,0.007845759,0.0178352
MQAttn-QLSTM-VQR,9,1,0.6647539,0.67937535,0.68974936,0.6643222,0.0285073760896921,0.014621437,0.015053153,0.024995446
MQAttn-QLSTM-VQR,9,1,0.66071945,0.67895937,0.68843937,0.65908456,0.0285073760896921,0.018239915,0.019874811,0.027719915
MQAttn-QLSTM-VQR,9,1,0.6584516,0.6755618,0.6853373,0.6592332,0.0285073760896921,0.017110169,0.016328573,0.026885688
MQAttn-QLSTM-VQR,9,1,0.65760034,0.6703489,0.6797372,0.65914655,0.0285073760896921,0.012748539,0.011202335,0.022136867
MQAttn-QLSTM-VQR,9,1,0.6594471,0.6668039,0.6762928,0.6619362,0.0285073760896921,0.0073568225,0.004867673,0.016845703
MQAttn-QLSTM-VQR,9,1,0.6656579,0.66446394,0.6737749,0.66976535,0.0285073760896921,0.0011939406,0.005301416,0.00811702
MQAttn-QLSTM-VQR,9,1,0.6667456,0.66258705,0.6718956,0.6645143,0.0285073760896921,0.0041585565,0.0019272566,0.00515002
MQAttn-QLSTM-VQR,9,1,0.6635107,0.6604253,0.66971076,0.65931696,0.0285073760896921,0.0030853748,0.0011083484,0.006200075
MQAttn-QLSTM-VQR,9,1,0.6589883,0.65905833,0.66857845,0.65673757,0.0285073760896921,7.003546e-05,0.0023207664,0.009590149
MQAttn-QLSTM-VQR,9,1,0.6559028,0.65764207,0.6669013,0.656601,0.0285073760896921,0.0017392635,0.0010410547,0.0109984875
MQAttn-QLSTM-VQR,9,1,0.6533411,0.65564,0.6647539,0.653898,0.0285073760896921,0.0022988915,0.0017420053,0.011412799
MQAttn-QLSTM-VQR,9,1,0.6514693,0.6513296,0.66071945,0.65151644,0.0285073760896921,0.00013971329,0.00018686056,0.009250164
MQAttn-QLSTM-VQR,9,1,0.6508539,0.64899886,0.6584516,0.6516787,0.0285073760896921,0.0018550158,0.0026798248,0.0075977445
MQAttn-QLSTM-VQR,9,1,0.6507369,0.6484728,0.65760034,0.651705,0.0285073760896921,0.002264142,0.0032322407,0.0068634152
MQAttn-QLSTM-VQR,9,1,0.6494244,0.65019244,0.6594471,0.64894354,0.0285073760896921,0.00076806545,0.0012488961,0.0100227
MQAttn-QLSTM-VQR,9,1,0.64882386,0.6563405,0.6656579,0.64903677,0.0285073760896921,0.0075166225,0.0073037148,0.01683402
MQAttn-QLSTM-VQR,9,1,0.64725083,0.65741634,0.6667456,0.6467318,0.0285073760896921,0.010165513,0.01068455,0.019494772
MQAttn-QLSTM-VQR,9,1,0.6447886,0.6543464,0.6635107,0.6440017,0.0285073760896921,0.009557784,0.010344684,0.018722057
MQAttn-QLSTM-VQR,9,1,0.6433219,0.64970267,0.6589883,0.6437263,0.0285073760896921,0.0063807964,0.005976379,0.015666425
MQAttn-QLSTM-VQR,9,1,0.64896566,0.64692473,0.6559028,0.6545077,0.0285073760896921,0.0020409226,0.0075829625,0.006937146
MQAttn-QLSTM-VQR,9,1,0.65783024,0.64438355,0.6533411,0.66253966,0.0285073760896921,0.013446689,0.018156111,0.004489124
MQAttn-QLSTM-VQR classical twin,9,1,0.91391003,0.9047466,0.9115039,0.923513,0.0285073760896921,0.009163439,0.018766403,0.0024061203
MQAttn-QLSTM-VQR classical twin,9,1,0.92272323,0.9045173,0.91138244,0.9237087,0.0285073760896921,0.01820594,0.019191384,0.011340797
MQAttn-QLSTM-VQR classical twin,9,1,0.92396414,0.8976991,0.90875524,0.91808873,0.0285073760896921,0.026265025,0.020389616,0.0152089
MQAttn-QLSTM-VQR classical twin,9,1,0.9194632,0.89944947,0.9070153,0.9128904,0.0285073760896921,0.02001375,0.013440907,0.012447894
MQAttn-QLSTM-VQR classical twin,9,1,0.9144546,0.8992726,0.9059623,0.9125568,0.0285073760896921,0.015181959,0.013284206,0.008492291
MQAttn-QLSTM-VQR classical twin,9,1,0.91143745,0.8967307,0.9026443,0.9127908,0.0285073760896921,0.014706731,0.016060054,0.008793175
MQAttn-QLSTM-VQR classical twin,9,1,0.907884,0.89456147,0.90076447,0.90701556,0.0285073760896921,0.013322532,0.0124540925,0.0071195364
MQAttn-QLSTM-VQR classical twin,9,1,0.90674585,0.89422,0.90016645,0.9073846,0.0285073760896921,0.0125258565,0.01316458,0.006579399
MQAttn-QLSTM-VQR classical twin,9,1,0.9061142,0.89472395,0.9003598,0.9069847,0.0285073760896921,0.011390269,0.012260735,0.005754411
MQAttn-QLSTM-VQR classical twin,9,1,0.90282327,0.89527524,0.9008459,0.9013828,0.0285073760896921,0.007548034,0.0061075687,0.001977384
MQAttn-QLSTM-VQR classical twin,9,1,0.90138525,0.90256786,0.91391003,0.9020385,0.0285073760896921,0.0011826158,0.00052934885,0.012524784
MQAttn-QLSTM-VQR classical twin,9,1,0.91454166,0.91317195,0.92272323,0.9259013,0.0285073760896921,0.0013697147,0.012729347,0.008181572
MQAttn-QLSTM-VQR classical twin,9,1,0.91791546,0.9145628,0.92396414,0.9153519,0.0285073760896921,0.003352642,0.0007891059,0.0060486794
MQAttn-QLSTM-VQR classical twin,9,1,0.91596514,0.909464,0.9194632,0.90995204,0.0285073760896921,0.006501138,0.00048804283,0.0034980774
MQAttn-QLSTM-VQR classical twin,9,1,0.9098393,0.90408266,0.9144546,0.90465397,0.0285073760896921,0.0057566166,0.0005713105,0.004615307
MQAttn-QLSTM-VQR classical twin,9,1,0.903338,0.9013214,0.91143745,0.90230495,0.0285073760896921,0.002016604,0.0009835362,0.008099437
MQAttn-QLSTM-VQR classical twin,9,1,0.8985622,0.8983536,0.907884,0.89968854,0.0285073760896921,0.00020861626,0.0013349652,0.009321809
MQAttn-QLSTM-VQR classical twin,9,1,0.8944973,0.8969677,0.90674585,0.8942216,0.0285073760896921,0.0024704337,0.0027461052,0.012248576
MQAttn-QLSTM-VQR classical twin,9,1,0.89133537,0.8962897,0.9061142,0.89146155,0.0285073760896921,0.004954338,0.004828155,0.014778852
MQAttn-QLSTM-VQR classical twin,9,1,0.887041,0.8933929,0.90282327,0.88651687,0.0285073760896921,0.006351948,0.0068760514,0.015782297
MQAttn-QLSTM-VQR classical twin,9,1,0.8849499,0.8920407,0.90138525,0.8865189,0.0285073760896921,0.007090807,0.005521834,0.016435325
MQAttn-QLSTM-VQR classical twin,9,1,0.88311315,0.8790793,0.91454166,0.88393605,0.0285073760896921,0.0040338635,0.0048567653,0.031428516
MQAttn-QLSTM-VQR classical twin,9,1,0.88262844,0.88694185,0.91791546,0.8838087,0.0285073760896921,0.0043134093,0.0031331778,0.035287023
MQAttn-QLSTM-VQR classical twin,9,1,0.8814004,0.8846261,0.91596514,0.8813342,0.0285073760896921,0.0032256842,0.003291905,0.034564734
MQAttn-QLSTM-VQR classical twin,9,1,0.87770545,0.8782586,0.9098393,0.8758652,0.0285073760896921,0.0005531311,0.002393365,0.032133818
MQAttn-QLSTM-VQR classical twin,9,1,0.87259746,0.87154573,0.903338,0.87092483,0.0285073760896921,0.001051724,0.0006209016,0.03074056
MQAttn-QLSTM-VQR classical twin,9,1,0.86810654,0.8670404,0.8985622,0.8680457,0.0285073760896921,0.0010661483,0.0010052919,0.030455649
MQAttn-QLSTM-VQR classical twin,9,1,0.8824985,0.8633996,0.8944973,0.896812,0.0285073760896921,0.019098878,0.033412397,0.011998773
MQAttn-QLSTM-VQR classical twin,9,1,0.8906054,0.86015034,0.89133537,0.8915945,0.0285073760896921,0.030455053,0.031444192,0.0007299781
MQAttn-QLSTM-VQR classical twin,9,1,0.8906085,0.8557578,0.887041,0.88368213,0.0285073760896921,0.034850717,0.027924359,0.0035675168
MQAttn-QLSTM-VQR classical twin,9,1,0.88512045,0.85330355,0.8849499,0.87850887,0.0285073760896921,0.0318169,0.025205314,0.00017052889
MQAttn-QLSTM-VQR classical twin,9,1,0.8766632,0.851754,0.88311315,0.8734353,0.0285073760896921,0.024909198,0.021681309,0.006449938
MQAttn-QLSTM-VQR classical twin,9,1,0.8700854,0.8513455,0.88262844,0.8708586,0.0285073760896921,0.018739939,0.01951313,0.012543023
MQAttn-QLSTM-VQR classical twin,9,1,0.86673284,0.84973425,0.8814004,0.86821127,0.0285073760896921,0.016998589,0.018477023,0.014667571
MQAttn-QLSTM-VQR classical twin,9,1,0.8633553,0.84638935,0.87770545,0.86316085,0.0285073760896921,0.016965926,0.016771495,0.014350176
MQAttn-QLSTM-VQR classical twin,9,1,0.858818,0.84128255,0.87259746,0.85790324,0.0285073760896921,0.017535448,0.016620696,0.013779461
MQAttn-QLSTM-VQR classical twin,9,1,0.8549439,0.83694845,0.86810654,0.8552667,0.0285073760896921,0.017995417,0.018318236,0.0131626725
MQAttn-QLSTM-VQR classical twin,9,1,0.85199106,0.8503087,0.8824985,0.85300726,0.0285073760896921,0.0016823411,0.0026985407,0.030507445
MQAttn-QLSTM-VQR classical twin,9,1,0.8494897,0.86192745,0.8906054,0.85015553,0.0285073760896921,0.012437761,0.011771917,0.0411157
MQAttn-QLSTM-VQR classical twin,9,1,0.8471138,0.86187655,0.8906085,0.8472899,0.0285073760896921,0.014762759,0.0145866275,0.0434947
MQAttn-QLSTM-VQR classical twin,9,1,0.84337896,0.85573745,0.88512045,0.84245145,0.0285073760896921,0.012358487,0.0132859945,0.04174149
MQAttn-QLSTM-VQR classical twin,9,1,0.83534354,0.84714055,0.8766632,0.8318582,0.0285073760896921,0.011797011,0.015282333,0.04131967
MQAttn-QLSTM-VQR classical twin,9,1,0.8293232,0.840429,0.8700854,0.82950693,0.0285073760896921,0.011105835,0.010922074,0.040762246
MQAttn-QLSTM-VQR classical twin,9,1,0.8252113,0.8373933,0.86673284,0.826927,0.0285073760896921,0.012181997,0.010466278,0.04152155
MQAttn-QLSTM-VQR classical twin,9,1,0.8209377,0.8337076,0.8633553,0.8213269,0.0285073760896921,0.012769878,0.01238066,0.042417586
MQAttn-QLSTM-VQR classical twin,9,1,0.81810266,0.8293784,0.858818,0.8189289,0.0285073760896921,0.011275768,0.010449529,0.040715337
MQAttn-QLSTM-VQR classical twin,9,1,0.81570166,0.82525635,0.8549439,0.8163675,0.0285073760896921,0.009554684,0.008888841,0.039242208
MQAttn-QLSTM-VQR classical twin,9,1,0.8133155,0.82232606,0.85199106,0.81387645,0.0285073760896921,0.009010553,0.008449614,0.038675547
MQAttn-QLSTM-VQR classical twin,9,1,0.8108713,0.82034165,0.8494897,0.81106275,0.0285073760896921,0.009470344,0.0092788935,0.038618386
MQAttn-QLSTM-VQR classical twin,9,1,0.80684763,0.8181564,0.8471138,0.8056628,0.0285073760896921,0.011308789,0.01249361,0.040266156
MQAttn-QLSTM-VQR classical twin,9,1,0.8033026,0.81439924,0.84337896,0.80328155,0.0285073760896921,0.011096656,0.011117697,0.040076375
MQAttn-QLSTM-VQR classical twin,9,1,0.80025095,0.8070836,0.83534354,0.8007571,0.0285073760896921,0.0068326592,0.0063264966,0.035092592
MQAttn-QLSTM-VQR classical twin,9,1,0.7915077,0.8019325,0.8293232,0.7873651,0.0285073760896921,0.010424793,0.014567435,0.03781545
MQAttn-QLSTM-VQR classical twin,9,1,0.78365296,0.7978868,0.8252113,0.782451,0.0285073760896921,0.014233828,0.015435815,0.041558325
MQAttn-QLSTM-VQR classical twin,9,1,0.77824754,0.7940535,0.8209377,0.77988297,0.0285073760896921,0.01580596,0.014170527,0.042690158
MQAttn-QLSTM-VQR classical twin,9,1,0.77634585,0.7912993,0.81810266,0.7797408,0.0285073760896921,0.0149534345,0.011558473,0.04175681
MQAttn-QLSTM-VQR classical twin,9,1,0.77557266,0.78920513,0.81570166,0.7773447,0.0285073760896921,0.013632476,0.01186043,0.040129006
MQAttn-QLSTM-VQR classical twin,9,1,0.77442914,0.7869414,0.8133155,0.77443707,0.0285073760896921,0.012512267,0.012504339,0.03888637
MQAttn-QLSTM-VQR classical twin,9,1,0.7707315,0.78517056,0.8108713,0.7691183,0.0285073760896921,0.014439046,0.016052246,0.040139794
MQAttn-QLSTM-VQR classical twin,9,1,0.7654304,0.78145474,0.80684763,0.76395714,0.0285073760896921,0.016024351,0.0174976,0.04141724
MQAttn-QLSTM-VQR classical twin,9,1,0.762723,0.77861315,0.8033026,0.7642626,0.0285073760896921,0.015890121,0.0143505335,0.040579557
MQAttn-QLSTM-VQR classical twin,9,1,0.760417,0.7755916,0.80025095,0.7613237,0.0285073760896921,0.015174627,0.014267921,0.039833963
MQAttn-QLSTM-VQR classical twin,9,1,0.7584316,0.7680006,0.7915077,0.758743,0.0285073760896921,0.009568989,0.009257615,0.033076108
MQAttn-QLSTM-VQR classical twin,9,1,0.77095926,0.76067406,0.78365296,0.78192455,0.0285073760896921,0.010285199,0.021250486,0.012693703
MQAttn-QLSTM-VQR classical twin,9,1,0.7754087,0.7557522,0.77824754,0.77404577,0.0285073760896921,0.01965648,0.01829356,0.00283885
MQAttn-QLSTM-VQR classical twin,9,1,0.7727474,0.7547103,0.77634585,0.7661878,0.0285073760896921,0.01803708,0.01147747,0.0035984516
MQAttn-QLSTM-VQR classical twin,9,1,0.7676639,0.7550165,0.77557266,0.76347643,0.0285073760896921,0.01264739,0.008459926,0.0079087615
MQAttn-QLSTM-VQR classical twin,9,1,0.7604946,0.7538797,0.77442914,0.75847864,0.0285073760896921,0.006614864,0.0045989156,0.013934553
MQAttn-QLSTM-VQR classical twin,9,1,0.7551196,0.75079715,0.7707315,0.7559488,0.0285073760896921,0.0043224692,0.0051516294,0.015611887
MQAttn-QLSTM-VQR classical twin,9,1,0.75221366,0.7458177,0.7654304,0.75328195,0.0285073760896921,0.006395936,0.00746423,0.013216734
MQAttn-QLSTM-VQR classical twin,9,1,0.750161,0.7434428,0.762723,0.75077266,0.0285073760896921,0.0067182183,0.007329881,0.0125620365
MQAttn-QLSTM-VQR classical twin,9,1,0.7463446,0.7421464,0.760417,0.7454222,0.0285073760896921,0.004198253,0.0032758117,0.014072359
MQAttn-QLSTM-VQR classical twin,9,1,0.7429519,0.74061185,0.7584316,0.74293417,0.0285073760896921,0.0023400784,0.0023223162,0.015479684
MQAttn-QLSTM-VQR classical twin,9,1,0.7398383,0.75030464,0.77095926,0.74020684,0.0285073760896921,0.010466337,0.010097802,0.031120956
MQAttn-QLSTM-VQR classical twin,9,1,0.7371302,0.75576776,0.7754087,0.7376048,0.0285073760896921,0.018637538,0.018162966,0.03827846
MQAttn-QLSTM-VQR classical twin,9,1,0.73923695,0.75321835,0.7727474,0.7429518,0.0285073760896921,0.013981402,0.010266542,0.033510447
MQAttn-QLSTM-VQR classical twin,9,1,0.7443127,0.74873716,0.7676639,0.7480459,0.0285073760896921,0.004424453,0.00069123507,0.023351192
MQAttn-QLSTM-VQR classical twin,9,1,0.7434762,0.742686,0.7604946,0.7404003,0.0285073760896921,0.0007902384,0.0022856593,0.017018378
MQAttn-QLSTM-VQR classical twin,9,1,0.73901343,0.7382388,0.7551196,0.73487717,0.0285073760896921,0.00077462196,0.0033616424,0.016106188
MQAttn-QLSTM-VQR classical twin,9,1,0.73085135,0.7363155,0.75221366,0.7269506,0.0285073760896921,0.0054641366,0.009364903,0.021362305
MQAttn-QLSTM-VQR classical twin,9,1,0.72576994,0.7345599,0.750161,0.72707313,0.0285073760896921,0.008789957,0.0074867606,0.024391055
MQAttn-QLSTM-VQR classical twin,9,1,0.7226657,0.7310409,0.7463446,0.7245211,0.0285073760896921,0.008375168,0.0065197945,0.023678899
MQAttn-QLSTM-VQR classical twin,9,1,0.71944976,0.7281414,0.7429519,0.7193355,0.0285073760896921,0.0086916685,0.008805931,0.023502171
MQAttn-QLSTM-VQR classical twin,9,1,0.71670055,0.7257572,0.7398383,0.7167227,0.0285073760896921,0.009056628,0.009034455,0.023137748
MQAttn-QLSTM-VQR classical twin,9,1,0.7153522,0.72335076,0.7371302,0.71669793,0.0285073760896921,0.007998586,0.006652832,0.021778047
MQAttn-QLSTM-VQR classical twin,9,1,0.7135469,0.7251382,0.73923695,0.7140324,0.0285073760896921,0.011591315,0.011105776,0.025690079
MQAttn-QLSTM-VQR classical twin,9,1,0.7115744,0.72805053,0.7443127,0.7114602,0.0285073760896921,0.016476154,0.016590357,0.032738328
MQAttn-QLSTM-VQR classical twin,9,1,0.7091732,0.7286541,0.7434762,0.70871454,0.0285073760896921,0.019480884,0.019939542,0.03430301
MQAttn-QLSTM-VQR classical twin,9,1,0.70644087,0.724825,0.73901343,0.7062046,0.0285073760896921,0.018384159,0.018620431,0.032572567
MQAttn-QLSTM-VQR classical twin,9,1,0.7051698,0.7173523,0.73085135,0.7062894,0.0285073760896921,0.012182474,0.0110628605,0.025681555
MQAttn-QLSTM-VQR classical twin,9,1,0.7036261,0.71318597,0.72576994,0.7037992,0.0285073760896921,0.00955987,0.009386778,0.02214384
MQAttn-QLSTM-VQR classical twin,9,1,0.7104392,0.71127343,0.7226657,0.716696,0.0285073760896921,0.0008342266,0.005422592,0.012226522
MQAttn-QLSTM-VQR classical twin,9,1,0.716818,0.7081047,0.71944976,0.71912754,0.0285073760896921,0.008713245,0.011022806,0.0026317835
MQAttn-QLSTM-VQR classical twin,9,1,0.7145769,0.7053511,0.71670055,0.70867735,0.0285073760896921,0.009225786,0.0033262372,0.002123654
MQAttn-QLSTM-VQR classical twin,9,1,0.7086587,0.7040211,0.7153522,0.70349085,0.0285073760896921,0.004637599,0.0005302429,0.0066934824
MQAttn-QLSTM-VQR classical twin,9,1,0.7022049,0.7030885,0.7135469,0.7006019,0.0285073760896921,0.00088363886,0.0024866462,0.011341989
MQAttn-QLSTM-VQR classical twin,9,1,0.6972958,0.7010751,0.7115744,0.6983504,0.0285073760896921,0.003779292,0.0027246475,0.014278591
MQAttn-QLSTM-VQR classical twin,9,1,0.6944359,0.6983553,0.7091732,0.6956424,0.0285073760896921,0.0039194226,0.0027129054,0.014737308
MQAttn-QLSTM-VQR classical twin,9,1,0.69261265,0.6955995,0.70644087,0.6931144,0.0285073760896921,0.0029868484,0.0024850965,0.013828218
MQAttn-QLSTM-VQR classical twin,9,1,0.69029355,0.6941645,0.7051698,0.6902183,0.0285073760896921,0.003870964,0.003946185,0.014876246
MQAttn-QLSTM-VQR classical twin,9,1,0.6876524,0.6930534,0.7036261,0.6876182,0.0285073760896921,0.0054010153,0.0054352283,0.015973687
MQAttn-QLSTM-VQR classical twin,9,1,0.685118,0.69876355,0.7104392,0.6852564,0.0285073760896921,0.01364553,0.013507128,0.025321186
MQAttn-QLSTM-VQR classical twin,9,1,0.6840759,0.703613,0.716818,0.6852543,0.0285073760896921,0.019537091,0.018358707,0.032742083
MQAttn-QLSTM-VQR classical twin,9,1,0.68238765,0.702034,0.7145769,0.68236774,0.0285073760896921,0.019646347,0.019666255,0.03218925
MQAttn-QLSTM-VQR classical twin,9,1,0.6847365,0.69669014,0.7086587,0.687696,0.0285073760896921,0.011953652,0.008994162,0.023922205
MQAttn-QLSTM-VQR classical twin,9,1,0.68974936,0.69110984,0.7022049,0.69305575,0.0285073760896921,0.001360476,0.0019459128,0.012455523
MQAttn-QLSTM-VQR classical twin,9,1,0.68843937,0.68661064,0.6972958,0.684925,0.0285073760896921,0.0018287301,0.0016856194,0.008856416
MQAttn-QLSTM-VQR classical twin,9,1,0.6853373,0.68423736,0.6944359,0.6823914,0.0285073760896921,0.0010999441,0.0018459558,0.009098589
MQAttn-QLSTM-VQR classical twin,9,1,0.6797372,0.68223697,0.69261265,0.67716104,0.0285073760896921,0.0024997592,0.0050759315,0.012875438
MQAttn-QLSTM-VQR classical twin,9,1,0.6762928,0.67995596,0.69029355,0.67732084,0.0285073760896921,0.0036631823,0.0026351213,0.014000773
MQAttn-QLSTM-VQR classical twin,9,1,0.6737749,0.6779319,0.6876524,0.6746575,0.0285073760896921,0.0041570067,0.0032743812,0.013877511
MQAttn-QLSTM-VQR classical twin,9,1,0.6718956,0.6751437,0.685118,0.6720946,0.0285073760896921,0.0032480955,0.0030491352,0.013222396
MQAttn-QLSTM-VQR classical twin,9,1,0.66971076,0.67377037,0.6840759,0.6694957,0.0285073760896921,0.0040596128,0.0042746663,0.014365137
MQAttn-QLSTM-VQR classical twin,9,1,0.66857845,0.6718929,0.68238765,0.66945726,0.0285073760896921,0.0033144355,0.0024356246,0.013809204
MQAttn-QLSTM-VQR classical twin,9,1,0.6669013,0.67398775,0.6847365,0.66700333,0.0285073760896921,0.007086456,0.0069844127,0.0178352
MQAttn-QLSTM-VQR classical twin,9,1,0.6647539,0.67757523,0.68974936,0.6643222,0.0285073760896921,0.012821317,0.013253033,0.024995446
MQAttn-QLSTM-VQR classical twin,9,1,0.66071945,0.677545,0.68843937,0.65908456,0.0285073760896921,0.016825557,0.018460453,0.027719915
MQAttn-QLSTM-VQR classical twin,9,1,0.6584516,0.67449975,0.6853373,0.6592332,0.0285073760896921,0.016048133,0.015266538,0.026885688
MQAttn-QLSTM-VQR classical twin,9,1,0.65760034,0.6693911,0.6797372,0.65914655,0.0285073760896921,0.011790752,0.010244548,0.022136867
MQAttn-QLSTM-VQR classical twin,9,1,0.6594471,0.6660719,0.6762928,0.6619362,0.0285073760896921,0.006624818,0.0041356683,0.016845703
MQAttn-QLSTM-VQR classical twin,9,1,0.6656579,0.663667,0.6737749,0.66976535,0.0285073760896921,0.0019908547,0.00609833,0.00811702
MQAttn-QLSTM-VQR classical twin,9,1,0.6667456,0.66175,0.6718956,0.6645143,0.0285073760896921,0.0049955845,0.0027642846,0.00515002
MQAttn-QLSTM-VQR classical twin,9,1,0.6635107,0.65938735,0.66971076,0.65931696,0.0285073760896921,0.00412333,7.0393085e-05,0.006200075
MQAttn-QLSTM-VQR classical twin,9,1,0.6589883,0.65797186,0.66857845,0.65673757,0.0285073760896921,0.001016438,0.001234293,0.009590149
MQAttn-QLSTM-VQR classical twin,9,1,0.6559028,0.6565222,0.6669013,0.656601,0.0285073760896921,0.00061941147,7.879734e-05,0.0109984875
MQAttn-QLSTM-VQR classical twin,9,1,0.6533411,0.65448534,0.6647539,0.653898,0.0285073760896921,0.0011442304,0.00058734417,0.011412799
MQAttn-QLSTM-VQR classical twin,9,1,0.6514693,0.6501171,0.66071945,0.65151644,0.0285073760896921,0.001352191,0.0013993382,0.009250164
MQAttn-QLSTM-VQR classical twin,9,1,0.6508539,0.6478603,0.6584516,0.6516787,0.0285073760896921,0.0029935837,0.0038183928,0.0075977445
MQAttn-QLSTM-VQR classical twin,9,1,0.6507369,0.64740247,0.65760034,0.651705,0.0285073760896921,0.0033344626,0.0043025613,0.0068634152
MQAttn-QLSTM-VQR classical twin,9,1,0.6494244,0.64863694,0.6594471,0.64894354,0.0285073760896921,0.00078743696,0.0003066063,0.0100227
MQAttn-QLSTM-VQR classical twin,9,1,0.64882386,0.6537935,0.6656579,0.64903677,0.0285073760896921,0.0049696565,0.0047567487,0.01683402
MQAttn-QLSTM-VQR classical twin,9,1,0.64725083,0.655074,0.6667456,0.6467318,0.0285073760896921,0.007823169,0.0083422065,0.019494772
MQAttn-QLSTM-VQR classical twin,9,1,0.6447886,0.6528382,0.6635107,0.6440017,0.0285073760896921,0.008049548,0.008836448,0.018722057
MQAttn-QLSTM-VQR classical twin,9,1,0.6433219,0.64818627,0.6589883,0.6437263,0.0285073760896921,0.0048643947,0.004459977,0.015666425
MQAttn-QLSTM-VQR classical twin,9,1,0.64896566,0.64579046,0.6559028,0.6545077,0.0285073760896921,0.003175199,0.008717239,0.006937146
MQAttn-QLSTM-VQR classical twin,9,1,0.65783024,0.6433875,0.6533411,0.66253966,0.0285073760896921,0.014442742,0.019152164,0.004489124
QLSTM,9,1,0.91391003,0.89898044,0.9115039,0.923513,0.0285073760896921,0.014929593,0.024532557,0.0024061203
QLSTM,9,1,0.92272323,0.8993651,0.91138244,0.9237087,0.0285073760896921,0.023358107,0.02434355,0.011340797
QLSTM,9,1,0.92396414,0.8932914,0.90875524,0.91808873,0.0285073760896921,0.030672729,0.02479732,0.0152089
QLSTM,9,1,0.9194632,0.8938683,0.9070153,0.9128904,0.0285073760896921,0.02559489,0.019022048,0.012447894
QLSTM,9,1,0.9144546,0.895046,0.9059623,0.9125568,0.0285073760896921,0.019408584,0.017510831,0.008492291
QLSTM,9,1,0.91143745,0.8931847,0.9026443,0.9127908,0.0285073760896921,0.01825273,0.019606054,0.008793175
QLSTM,9,1,0.907884,0.890334,0.90076447,0.90701556,0.0285073760896921,0.017549992,0.016681552,0.0071195364
QLSTM,9,1,0.90674585,0.890473,0.90016645,0.9073846,0.0285073760896921,0.016272843,0.016911566,0.006579399
QLSTM,9,1,0.9061142,0.89077914,0.9003598,0.9069847,0.0285073760896921,0.015335083,0.01620555,0.005754411
QLSTM,9,1,0.90282327,0.8915057,0.9008459,0.9013828,0.0285073760896921,0.011317551,0.009877086,0.001977384
QLSTM,9,1,0.90138525,0.89488274,0.91391003,0.9020385,0.0285073760896921,0.006502509,0.007155776,0.012524784
QLSTM,9,1,0.91454166,0.9047949,0.92272323,0.9259013,0.0285073760896921,0.00974679,0.021106422,0.008181572
QLSTM,9,1,0.91791546,0.90642947,0.92396414,0.9153519,0.0285073760896921,0.011485994,0.008922458,0.0060486794
QLSTM,9,1,0.91596514,0.9024006,0.9194632,0.90995204,0.0285073760896921,0.013564527,0.0075514317,0.0034980774
QLSTM,9,1,0.9098393,0.8970339,0.9144546,0.90465397,0.0285073760896921,0.012805402,0.007620096,0.004615307
QLSTM,9,1,0.903338,0.89466214,0.91143745,0.90230495,0.0285073760896921,0.008675873,0.0076428056,0.008099437
QLSTM,9,1,0.8985622,0.8917024,0.907884,0.89968854,0.0285073760896921,0.0068597794,0.007986128,0.009321809
QLSTM,9,1,0.8944973,0.88743424,0.90674585,0.8942216,0.0285073760896921,0.007063031,0.0067873597,0.012248576
QLSTM,9,1,0.89133537,0.8875424,0.9061142,0.89146155,0.0285073760896921,0.0037929416,0.0039191246,0.014778852
QLSTM,9,1,0.887041,0.8856341,0.90282327,0.88651687,0.0285073760896921,0.0014068484,0.0008827448,0.015782297
QLSTM,9,1,0.8849499,0.88243324,0.90138525,0.8865189,0.0285073760896921,0.002516687,0.00408566,0.016435325
QLSTM,9,1,0.88311315,0.89809567,0.91454166,0.88393605,0.0285073760896921,0.0149825215,0.01415962,0.031428516
QLSTM,9,1,0.88262844,0.88772386,0.91791546,0.8838087,0.0285073760896921,0.0050954223,0.0039151907,0.035287023
QLSTM,9,1,0.8814004,0.8815319,0.91596514,0.8813342,0.0285073760896921,0.00013148785,0.0001977086,0.034564734
QLSTM,9,1,0.87770545,0.8736705,0.9098393,0.8758652,0.0285073760896921,0.0040349364,0.0021947026,0.032133818
QLSTM,9,1,0.87259746,0.86726034,0.903338,0.87092483,0.0285073760896921,0.005337119,0.0036644936,0.03074056
QLSTM,9,1,0.86810654,0.8638016,0.8985622,0.8680457,0.0285073760896921,0.0043049455,0.004244089,0.030455649
QLSTM,9,1,0.8824985,0.8605335,0.8944973,0.896812,0.0285073760896921,0.021965027,0.036278546,0.011998773
QLSTM,9,1,0.8906054,0.8574616,0.89133537,0.8915945,0.0285073760896921,0.03314382,0.034132957,0.0007299781
QLSTM,9,1,0.8906085,0.8525595,0.887041,0.88368213,0.0285073760896921,0.038048983,0.031122625,0.0035675168
QLSTM,9,1,0.88512045,0.8505414,0.8849499,0.87850887,0.0285073760896921,0.03457904,0.027967453,0.00017052889
QLSTM,9,1,0.8766632,0.8488919,0.88311315,0.8734353,0.0285073760896921,0.027771294,0.024543405,0.006449938
QLSTM,9,1,0.8700854,0.84894603,0.88262844,0.8708586,0.0285073760896921,0.021139383,0.021912575,0.012543023
QLSTM,9,1,0.86673284,0.84711933,0.8814004,0.86821127,0.0285073760896921,0.019613504,0.021091938,0.014667571
QLSTM,9,1,0.8633553,0.8438631,0.87770545,0.86316085,0.0285073760896921,0.01949215,0.019297719,0.014350176
QLSTM,9,1,0.858818,0.83833086,0.87259746,0.85790324,0.0285073760896921,0.02048713,0.019572377,0.013779461
QLSTM,9,1,0.8549439,0.8340102,0.86810654,0.8552667,0.0285073760896921,0.020933688,0.021256506,0.0131626725
QLSTM,9,1,0.85199106,0.8493117,0.8824985,0.85300726,0.0285073760896921,0.002679348,0.0036955476,0.030507445
QLSTM,9,1,0.8494897,0.86038005,0.8906054,0.85015553,0.0285073760896921,0.010890365,0.010224521,0.0411157
QLSTM,9,1,0.8471138,0.8605526,0.8906085,0.8472899,0.0285073760896921,0.013438821,0.013262689,0.0434947
QLSTM,9,1,0.84337896,0.853408,0.88512045,0.84245145,0.0285073760896921,0.010029018,0.010956526,0.04174149
QLSTM,9,1,0.83534354,0.844149,0.8766632,0.8318582,0.0285073760896921,0.008805454,0.012290776,0.04131967
QLSTM,9,1,0.8293232,0.838473,0.8700854,0.82950693,0.0285073760896921,0.009149849,0.008966088,0.040762246
QLSTM,9,1,0.8252113,0.83506,0.86673284,0.826927,0.0285073760896921,0.009848714,0.008132994,0.04152155
QLSTM,9,1,0.8209377,0.8309518,0.8633553,0.8213269,0.0285073760896921,0.010014117,0.009624898,0.042417586
QLSTM,9,1,0.81810266,0.8241807,0.858818,0.8189289,0.0285073760896921,0.0060780644,0.005251825,0.040715337
QLSTM,9,1,0.81570166,0.8220361,0.8549439,0.8163675,0.0285073760896921,0.006334424,0.0056685805,0.039242208
QLSTM,9,1,0.8133155,0.819687,0.85199106,0.81387645,0.0285073760896921,0.006371498,0.005810559,0.038675547
QLSTM,9,1,0.8108713,0.8192348,0.8494897,0.81106275,0.0285073760896921,0.008363485,0.008172035,0.038618386
QLSTM,9,1,0.80684763,0.81590396,0.8471138,0.8056628,0.0285073760896921,0.00905633,0.010241151,0.040266156
QLSTM,9,1,0.8033026,0.81212586,0.84337896,0.80328155,0.0285073760896921,0.008823276,0.008844316,0.040076375
QLSTM,9,1,0.80025095,0.8043448,0.83534354,0.8007571,0.0285073760896921,0.004093826,0.0035876632,0.035092592
QLSTM,9,1,0.7915077,0.7993313,0.8293232,0.7873651,0.0285073760896921,0.007823586,0.0119662285,0.03781545
QLSTM,9,1,0.78365296,0.79541796,0.8252113,0.782451,0.0285073760896921,0.011765003,0.0129669905,0.041558325
QLSTM,9,1,0.77824754,0.7906255,0.8209377,0.77988297,0.0285073760896921,0.012377977,0.010742545,0.042690158
QLSTM,9,1,0.77634585,0.78989106,0.81810266,0.7797408,0.0285073760896921,0.013545215,0.010150254,0.04175681
QLSTM,9,1,0.77557266,0.7869999,0.81570166,0.7773447,0.0285073760896921,0.011427224,0.009655178,0.040129006
QLSTM,9,1,0.77442914,0.78486043,0.8133155,0.77443707,0.0285073760896921,0.01043129,0.010423362,0.03888637
QLSTM,9,1,0.7707315,0.7829006,0.8108713,0.7691183,0.0285073760896921,0.012169063,0.013782263,0.040139794
QLSTM,9,1,0.7654304,0.7794523,0.80684763,0.76395714,0.0285073760896921,0.014021933,0.015495181,0.04141724
QLSTM,9,1,0.762723,0.7748535,0.8033026,0.7642626,0.0285073760896921,0.012130499,0.010590911,0.040579557
QLSTM,9,1,0.760417,0.7724289,0.80025095,0.7613237,0.0285073760896921,0.012011886,0.01110518,0.039833963
QLSTM,9,1,0.7584316,0.76371443,0.7915077,0.758743,0.0285073760896921,0.0052828193,0.0049714446,0.033076108
QLSTM,9,1,0.77095926,0.7563678,0.78365296,0.78192455,0.0285073760896921,0.014591455,0.025556743,0.012693703
QLSTM,9,1,0.7754087,0.7528974,0.77824754,0.77404577,0.0285073760896921,0.022511303,0.021148384,0.00283885
QLSTM,9,1,0.7727474,0.75142604,0.77634585,0.7661878,0.0285073760896921,0.021321356,0.014761746,0.0035984516
QLSTM,9,1,0.7676639,0.75162,0.77557266,0.76347643,0.0285073760896921,0.016043901,0.011856437,0.0079087615
QLSTM,9,1,0.7604946,0.7510601,0.77442914,0.75847864,0.0285073760896921,0.009434462,0.0074185133,0.013934553
QLSTM,9,1,0.7551196,0.7469693,0.7707315,0.7559488,0.0285073760896921,0.008150339,0.008979499,0.015611887
QLSTM,9,1,0.75221366,0.74273795,0.7654304,0.75328195,0.0285073760896921,0.009475708,0.010544002,0.013216734
QLSTM,9,1,0.750161,0.74000937,0.762723,0.75077266,0.0285073760896921,0.010151625,0.010763288,0.0125620365
QLSTM,9,1,0.7463446,0.7384382,0.760417,0.7454222,0.0285073760896921,0.007906437,0.0069839954,0.014072359
QLSTM,9,1,0.7429519,0.7386488,0.7584316,0.74293417,0.0285073760896921,0.0043031573,0.004285395,0.015479684
QLSTM,9,1,0.7398383,0.75038975,0.77095926,0.74020684,0.0285073760896921,0.010551453,0.010182917,0.031120956
QLSTM,9,1,0.7371302,0.7546318,0.7754087,0.7376048,0.0285073760896921,0.017501593,0.01702702,0.03827846
QLSTM,9,1,0.73923695,0.75162613,0.7727474,0.7429518,0.0285073760896921,0.012389183,0.008674324,0.033510447
QLSTM,9,1,0.7443127,0.7457415,0.7676639,0.7480459,0.0285073760896921,0.0014287829,0.0023044348,0.023351192
QLSTM,9,1,0.7434762,0.74004817,0.7604946,0.7404003,0.0285073760896921,0.003428042,0.00035214424,0.017018378
QLSTM,9,1,0.73901343,0.73639446,0.7551196,0.73487717,0.0285073760896921,0.0026189685,0.0015172958,0.016106188
QLSTM,9,1,0.73085135,0.7337539,0.75221366,0.7269506,0.0285073760896921,0.0029025674,0.0068033338,0.021362305
QLSTM,9,1,0.72576994,0.73093593,0.750161,0.72707313,0.0285073760896921,0.005165994,0.0038627982,0.024391055
QLSTM,9,1,0.7226657,0.72792435,0.7463446,0.7245211,0.0285073760896921,0.00525862,0.0034032464,0.023678899
QLSTM,9,1,0.71944976,0.72588646,0.7429519,0.7193355,0.0285073760896921,0.0064367056,0.0065509677,0.023502171
QLSTM,9,1,0.71670055,0.72313726,0.7398383,0.7167227,0.0285073760896921,0.0064367056,0.0064145327,0.023137748
QLSTM,9,1,0.7153522,0.7210969,0.7371302,0.71669793,0.0285073760896921,0.0057446957,0.004398942,0.021778047
QLSTM,9,1,0.7135469,0.7225374,0.73923695,0.7140324,0.0285073760896921,0.008990526,0.008504987,0.025690079
QLSTM,9,1,0.7115744,0.7280584,0.7443127,0.7114602,0.0285073760896921,0.016484022,0.016598225,0.032738328
QLSTM,9,1,0.7091732,0.7266755,0.7434762,0.70871454,0.0285073760896921,0.017502308,0.017960966,0.03430301
QLSTM,9,1,0.70644087,0.72292745,0.73901343,0.7062046,0.0285073760896921,0.016486585,0.016722858,0.032572567
QLSTM,9,1,0.7051698,0.7133194,0.73085135,0.7062894,0.0285073760896921,0.008149624,0.00703001,0.025681555
QLSTM,9,1,0.7036261,0.71110034,0.72576994,0.7037992,0.0285073760896921,0.0074742436,0.0073011518,0.02214384
QLSTM,9,1,0.7104392,0.71017635,0.7226657,0.716696,0.0285073760896921,0.00026285648,0.0065196753,0.012226522
QLSTM,9,1,0.716818,0.70593095,0.71944976,0.71912754,0.0285073760896921,0.010887027,0.013196588,0.0026317835
QLSTM,9,1,0.7145769,0.7040817,0.71670055,0.70867735,0.0285073760896921,0.010495186,0.0045956373,0.002123654
QLSTM,9,1,0.7086587,0.70206815,0.7153522,0.70349085,0.0285073760896921,0.006590545,0.0014227033,0.0066934824
QLSTM,9,1,0.7022049,0.70236516,0.7135469,0.7006019,0.0285073760896921,0.00016027689,0.0017632842,0.011341989
QLSTM,9,1,0.6972958,0.69970864,0.7115744,0.6983504,0.0285073760896921,0.0024128556,0.001358211,0.014278591
QLSTM,9,1,0.6944359,0.69664806,0.7091732,0.6956424,0.0285073760896921,0.0022121668,0.0010056496,0.014737308
QLSTM,9,1,0.69261265,0.6939035,0.70644087,0.6931144,0.0285073760896921,0.0012908578,0.0007891059,0.013828218
QLSTM,9,1,0.69029355,0.6926533,0.7051698,0.6902183,0.0285073760896921,0.002359748,0.002434969,0.014876246
QLSTM,9,1,0.6876524,0.6920163,0.7036261,0.6876182,0.0285073760896921,0.0043638945,0.0043981075,0.015973687
QLSTM,9,1,0.685118,0.6976067,0.7104392,0.6852564,0.0285073760896921,0.012488663,0.012350261,0.025321186
QLSTM,9,1,0.6840759,0.7025978,0.716818,0.6852543,0.0285073760896921,0.018521905,0.017343521,0.032742083
QLSTM,9,1,0.68238765,0.7011172,0.7145769,0.68236774,0.0285073760896921,0.018729568,0.018749475,0.03218925
QLSTM,9,1,0.6847365,0.695157,0.7086587,0.687696,0.0285073760896921,0.010420501,0.0074610114,0.023922205
QLSTM,9,1,0.68974936,0.6899101,0.7022049,0.69305575,0.0285073760896921,0.00016075373,0.0031456351,0.012455523
QLSTM,9,1,0.68843937,0.6851309,0.6972958,0.684925,0.0285073760896921,0.003308475,0.00020587444,0.008856416
QLSTM,9,1,0.6853373,0.6831798,0.6944359,0.6823914,0.0285073760896921,0.0021575093,0.00078839064,0.009098589
QLSTM,9,1,0.6797372,0.6809109,0.69261265,0.67716104,0.0285073760896921,0.0011736751,0.0037498474,0.012875438
QLSTM,9,1,0.6762928,0.6788984,0.69029355,0.67732084,0.0285073760896921,0.002605617,0.0015775561,0.014000773
QLSTM,9,1,0.6737749,0.6772488,0.6876524,0.6746575,0.0285073760896921,0.003473878,0.0025912523,0.013877511
QLSTM,9,1,0.6718956,0.6741433,0.685118,0.6720946,0.0285073760896921,0.0022476912,0.0020487309,0.013222396
QLSTM,9,1,0.66971076,0.6725441,0.6840759,0.6694957,0.0285073760896921,0.0028333664,0.00304842,0.014365137
QLSTM,9,1,0.66857845,0.67102355,0.68238765,0.66945726,0.0285073760896921,0.0024451017,0.0015662909,0.013809204
QLSTM,9,1,0.6669013,0.67309666,0.6847365,0.66700333,0.0285073760896921,0.0061953664,0.006093323,0.0178352
QLSTM,9,1,0.6647539,0.67709774,0.68974936,0.6643222,0.0285073760896921,0.012343824,0.01277554,0.024995446
QLSTM,9,1,0.66071945,0.67752796,0.68843937,0.65908456,0.0285073760896921,0.01680851,0.018443406,0.027719915
QLSTM,9,1,0.6584516,0.67399335,0.6853373,0.6592332,0.0285073760896921,0.015541732,0.014760137,0.026885688
QLSTM,9,1,0.65760034,0.66847897,0.6797372,0.65914655,0.0285073760896921,0.0108786225,0.009332418,0.022136867
QLSTM,9,1,0.6594471,0.6651,0.6762928,0.6619362,0.0285073760896921,0.0056529045,0.003163755,0.016845703
QLSTM,9,1,0.6656579,0.6627736,0.6737749,0.66976535,0.0285073760896921,0.0028842688,0.006991744,0.00811702
QLSTM,9,1,0.6667456,0.66071147,0.6718956,0.6645143,0.0285073760896921,0.006034136,0.003802836,0.00515002
QLSTM,9,1,0.6635107,0.65842587,0.66971076,0.65931696,0.0285073760896921,0.0050848126,0.00089108944,0.006200075
QLSTM,9,1,0.6589883,0.6569965,0.66857845,0.65673757,0.0285073760896921,0.0019918084,0.00025892258,0.009590149
QLSTM,9,1,0.6559028,0.6556473,0.6669013,0.656601,0.0285073760896921,0.0002555251,0.0009537339,0.0109984875
QLSTM,9,1,0.6533411,0.6534363,0.6647539,0.653898,0.0285073760896921,9.518862e-05,0.00046169758,0.011412799
QLSTM,9,1,0.6514693,0.6488465,0.66071945,0.65151644,0.0285073760896921,0.0026227832,0.0026699305,0.009250164
QLSTM,9,1,0.6508539,0.6466022,0.6584516,0.6516787,0.0285073760896921,0.004251659,0.005076468,0.0075977445
QLSTM,9,1,0.6507369,0.6461031,0.65760034,0.651705,0.0285073760896921,0.004633844,0.0056019425,0.0068634152
QLSTM,9,1,0.6494244,0.6472596,0.6594471,0.64894354,0.0285073760896921,0.002164781,0.0016839504,0.0100227
QLSTM,9,1,0.64882386,0.6531223,0.6656579,0.64903677,0.0285073760896921,0.0042984486,0.004085541,0.01683402
QLSTM,9,1,0.64725083,0.6545625,0.6667456,0.6467318,0.0285073760896921,0.007311642,0.007830679,0.019494772
QLSTM,9,1,0.6447886,0.6519497,0.6635107,0.6440017,0.0285073760896921,0.007161081,0.007947981,0.018722057
QLSTM,9,1,0.6433219,0.6470732,0.6589883,0.6437263,0.0285073760896921,0.0037513375,0.00334692,0.015666425
QLSTM,9,1,0.64896566,0.64460707,0.6559028,0.6545077,0.0285073760896921,0.0043585896,0.0099006295,0.006937146
QLSTM,9,1,0.65783024,0.64190936,0.6533411,0.66253966,0.0285073760896921,0.015920877,0.0206303,0.004489124
LSTM,9,1,0.91391003,0.89515543,0.9115039,0.923513,0.0285073760896921,0.018754601,0.028357565,0.0024061203
LSTM,9,1,0.92272323,0.89514947,0.91138244,0.9237087,0.0285073760896921,0.027573764,0.028559208,0.011340797
LSTM,9,1,0.92396414,0.8886051,0.90875524,0.91808873,0.0285073760896921,0.035359025,0.029483616,0.0152089
LSTM,9,1,0.9194632,0.8896973,0.9070153,0.9128904,0.0285073760896921,0.029765904,0.023193061,0.012447894
LSTM,9,1,0.9144546,0.8889124,0.9059623,0.9125568,0.0285073760896921,0.0255422,0.023644447,0.008492291
LSTM,9,1,0.91143745,0.88622,0.9026443,0.9127908,0.0285073760896921,0.025217474,0.026570797,0.008793175
LSTM,9,1,0.907884,0.88416123,0.90076447,0.90701556,0.0285073760896921,0.023722768,0.022854328,0.0071195364
LSTM,9,1,0.90674585,0.8836463,0.90016645,0.9073846,0.0285073760896921,0.023099542,0.023738265,0.006579399
LSTM,9,1,0.9061142,0.88400745,0.9003598,0.9069847,0.0285073760896921,0.022106767,0.022977233,0.005754411
LSTM,9,1,0.90282327,0.884417,0.9008459,0.9013828,0.0285073760896921,0.018406272,0.016965806,0.001977384
LSTM,9,1,0.90138525,0.89462084,0.91391003,0.9020385,0.0285073760896921,0.006764412,0.007417679,0.012524784
LSTM,9,1,0.91454166,0.90494275,0.92272323,0.9259013,0.0285073760896921,0.009598911,0.020958543,0.008181572
LSTM,9,1,0.91791546,0.9064301,0.92396414,0.9153519,0.0285073760896921,0.011485338,0.008921802,0.0060486794
LSTM,9,1,0.91596514,0.9016583,0.9194632,0.90995204,0.0285073760896921,0.014306843,0.008293748,0.0034980774
LSTM,9,1,0.9098393,0.8964567,0.9144546,0.90465397,0.0285073760896921,0.013382554,0.008197248,0.004615307
LSTM,9,1,0.903338,0.89357704,0.91143745,0.90230495,0.0285073760896921,0.009760976,0.008727908,0.008099437
LSTM,9,1,0.8985622,0.8903752,0.907884,0.89968854,0.0285073760896921,0.008186996,0.009313345,0.009321809
LSTM,9,1,0.8944973,0.8890838,0.90674585,0.8942216,0.0285073760896921,0.0054134727,0.005137801,0.012248576
LSTM,9,1,0.89133537,0.88806045,0.9061142,0.89146155,0.0285073760896921,0.0032749176,0.0034011006,0.014778852
LSTM,9,1,0.887041,0.88491577,0.90282327,0.88651687,0.0285073760896921,0.0021252036,0.0016011,0.015782297
LSTM,9,1,0.8849499,0.8835066,0.90138525,0.8865189,0.0285073760896921,0.0014433265,0.0030122995,0.016435325
LSTM,9,1,0.88311315,0.8852955,0.91454166,0.88393605,0.0285073760896921,0.0021823645,0.0013594627,0.031428516
LSTM,9,1,0.88262844,0.8886693,0.91791546,0.8838087,0.0285073760896921,0.006040871,0.0048606396,0.035287023
LSTM,9,1,0.8814004,0.886719,0.91596514,0.8813342,0.0285073760896921,0.005318582,0.005384803,0.034564734
LSTM,9,1,0.87770545,0.8805931,0.9098393,0.8758652,0.0285073760896921,0.0028876662,0.0047279,0.032133818
LSTM,9,1,0.87259746,0.87409186,0.903338,0.87092483,0.0285073760896921,0.0014944077,0.0031670332,0.03074056
LSTM,9,1,0.86810654,0.86931604,0.8985622,0.8680457,0.0285073760896921,0.0012094975,0.0012703538,0.030455649
LSTM,9,1,0.8824985,0.8652511,0.8944973,0.896812,0.0285073760896921,0.017247379,0.031560898,0.011998773
LSTM,9,1,0.8906054,0.8620892,0.89133537,0.8915945,0.0285073760896921,0.028516173,0.029505312,0.0007299781
LSTM,9,1,0.8906085,0.8577948,0.887041,0.88368213,0.0285073760896921,0.03281367,0.02588731,0.0035675168
LSTM,9,1,0.88512045,0.8557038,0.8849499,0.87850887,0.0285073760896921,0.02941668,0.022805095,0.00017052889
LSTM,9,1,0.8766632,0.853867,0.88311315,0.8734353,0.0285073760896921,0.022796214,0.019568324,0.006449938
LSTM,9,1,0.8700854,0.8533823,0.88262844,0.8708586,0.0285073760896921,0.016703129,0.01747632,0.012543023
LSTM,9,1,0.86673284,0.85215425,0.8814004,0.86821127,0.0285073760896921,0.014578581,0.016057014,0.014667571
LSTM,9,1,0.8633553,0.8484593,0.87770545,0.86316085,0.0285073760896921,0.014895976,0.014701545,0.014350176
LSTM,9,1,0.858818,0.8433513,0.87259746,0.85790324,0.0285073760896921,0.01546669,0.014551938,0.013779461
LSTM,9,1,0.8549439,0.8388604,0.86810654,0.8552667,0.0285073760896921,0.016083479,0.016406298,0.0131626725
LSTM,9,1,0.85199106,0.85325235,0.8824985,0.85300726,0.0285073760896921,0.0012612939,0.0002450943,0.030507445
LSTM,9,1,0.8494897,0.86135924,0.8906054,0.85015553,0.0285073760896921,0.01186955,0.011203706,0.0411157
LSTM,9,1,0.8471138,0.86136234,0.8906085,0.8472899,0.0285073760896921,0.01424855,0.014072418,0.0434947
LSTM,9,1,0.84337896,0.8558743,0.88512045,0.84245145,0.0285073760896921,0.012495339,0.013422847,0.04174149
LSTM,9,1,0.83534354,0.84741706,0.8766632,0.8318582,0.0285073760896921,0.012073517,0.015558839,0.04131967
LSTM,9,1,0.8293232,0.84083927,0.8700854,0.82950693,0.0285073760896921,0.011516094,0.011332333,0.040762246
LSTM,9,1,0.8252113,0.8374867,0.86673284,0.826927,0.0285073760896921,0.012275398,0.010559678,0.04152155
LSTM,9,1,0.8209377,0.8341091,0.8633553,0.8213269,0.0285073760896921,0.013171434,0.012782216,0.042417586
LSTM,9,1,0.81810266,0.82957184,0.858818,0.8189289,0.0285073760896921,0.011469185,0.010642946,0.040715337
LSTM,9,1,0.81570166,0.8256977,0.8549439,0.8163675,0.0285073760896921,0.009996057,0.009330213,0.039242208
LSTM,9,1,0.8133155,0.8227449,0.85199106,0.81387645,0.0285073760896921,0.009429395,0.008868456,0.038675547
LSTM,9,1,0.8108713,0.82024354,0.8494897,0.81106275,0.0285073760896921,0.009372234,0.009180784,0.038618386
LSTM,9,1,0.80684763,0.81786764,0.8471138,0.8056628,0.0285073760896921,0.011020005,0.012204826,0.040266156
LSTM,9,1,0.8033026,0.8141328,0.84337896,0.80328155,0.0285073760896921,0.010830224,0.010851264,0.040076375
LSTM,9,1,0.80025095,0.8060974,0.83534354,0.8007571,0.0285073760896921,0.005846441,0.005340278,0.035092592
LSTM,9,1,0.7915077,0.800077,0.8293232,0.7873651,0.0285073760896921,0.0085693,0.012711942,0.03781545
LSTM,9,1,0.78365296,0.79596514,0.8252113,0.782451,0.0285073760896921,0.012312174,0.013514161,0.041558325
LSTM,9,1,0.77824754,0.79169154,0.8209377,0.77988297,0.0285073760896921,0.013444006,0.011808574,0.042690158
LSTM,9,1,0.77634585,0.7888565,0.81810266,0.7797408,0.0285073760896921,0.012510657,0.009115696,0.04175681
LSTM,9,1,0.77557266,0.7864555,0.81570166,0.7773447,0.0285073760896921,0.010882854,0.009110808,0.040129006
LSTM,9,1,0.77442914,0.78406936,0.8133155,0.77443707,0.0285073760896921,0.009640217,0.009632289,0.03888637
LSTM,9,1,0.7707315,0.78162515,0.8108713,0.7691183,0.0285073760896921,0.010893643,0.012506843,0.040139794
LSTM,9,1,0.7654304,0.7776015,0.80684763,0.76395714,0.0285073760896921,0.01217109,0.013644338,0.04141724
LSTM,9,1,0.762723,0.77405643,0.8033026,0.7642626,0.0285073760896921,0.011333406,0.009793818,0.040579557
LSTM,9,1,0.760417,0.7711629,0.80025095,0.7613237,0.0285073760896921,0.010745943,0.009839237,0.039833963
LSTM,9,1,0.7584316,0.76321065,0.7915077,0.758743,0.0285073760896921,0.004779041,0.004467666,0.033076108
LSTM,9,1,0.77095926,0.75619334,0.78365296,0.78192455,0.0285073760896921,0.014765918,0.025731206,0.012693703
LSTM,9,1,0.7754087,0.7517531,0.77824754,0.77404577,0.0285073760896921,0.023655593,0.022292674,0.00283885
LSTM,9,1,0.7727474,0.7506272,0.77634585,0.7661878,0.0285073760896921,0.022120178,0.015560567,0.0035984516
LSTM,9,1,0.7676639,0.7506452,0.77557266,0.76347643,0.0285073760896921,0.017018676,0.012831211,0.0079087615
LSTM,9,1,0.7604946,0.7499756,0.77442914,0.75847864,0.0285073760896921,0.010518968,0.00850302,0.013934553
LSTM,9,1,0.7551196,0.7466594,0.7707315,0.7559488,0.0285073760896921,0.008460224,0.009289384,0.015611887
LSTM,9,1,0.75221366,0.74192953,0.7654304,0.75328195,0.0285073760896921,0.010284126,0.01135242,0.013216734
LSTM,9,1,0.750161,0.73945,0.762723,0.75077266,0.0285073760896921,0.010711014,0.011322677,0.0125620365
LSTM,9,1,0.7463446,0.73763555,0.760417,0.7454222,0.0285073760896921,0.008709073,0.0077866316,0.014072359
LSTM,9,1,0.7429519,0.7364586,0.7584316,0.74293417,0.0285073760896921,0.00649333,0.006475568,0.015479684
LSTM,9,1,0.7398383,0.7476473,0.77095926,0.74020684,0.0285073760896921,0.0078089833,0.007440448,0.031120956
LSTM,9,1,0.7371302,0.7520588,0.7754087,0.7376048,0.0285073760896921,0.014928579,0.014454007,0.03827846
LSTM,9,1,0.73923695,0.7492561,0.7727474,0.7429518,0.0285073760896921,0.010019124,0.006304264,0.033510447
LSTM,9,1,0.7443127,0.7440219,0.7676639,0.7480459,0.0285073760896921,0.00029081106,0.004024029,0.023351192
LSTM,9,1,0.7434762,0.7373116,0.7604946,0.7404003,0.0285073760896921,0.0061646104,0.0030887127,0.017018378
LSTM,9,1,0.73901343,0.73260266,0.7551196,0.73487717,0.0285073760896921,0.0064107776,0.0022745132,0.016106188
LSTM,9,1,0.73085135,0.7304987,0.75221366,0.7269506,0.0285073760896921,0.00035268068,0.0035480857,0.021362305
LSTM,9,1,0.72576994,0.7290224,0.750161,0.72707313,0.0285073760896921,0.0032524467,0.0019492507,0.024391055
LSTM,9,1,0.7226657,0.7258004,0.7463446,0.7245211,0.0285073760896921,0.0031346679,0.0012792945,0.023678899
LSTM,9,1,0.71944976,0.72312266,0.7429519,0.7193355,0.0285073760896921,0.0036728978,0.00378716,0.023502171
LSTM,9,1,0.71670055,0.7206903,0.7398383,0.7167227,0.0285073760896921,0.003989756,0.003967583,0.023137748
LSTM,9,1,0.7153522,0.7185154,0.7371302,0.71669793,0.0285073760896921,0.0031632185,0.0018174648,0.021778047
LSTM,9,1,0.7135469,0.72085947,0.73923695,0.7140324,0.0285073760896921,0.007312596,0.0068270564,0.025690079
LSTM,9,1,0.7115744,0.72513026,0.7443127,0.7114602,0.0285073760896921,0.013555884,0.013670087,0.032738328
LSTM,9,1,0.7091732,0.7245324,0.7434762,0.70871454,0.0285073760896921,0.015359223,0.01581788,0.03430301
LSTM,9,1,0.70644087,0.72048676,0.73901343,0.7062046,0.0285073760896921,0.014045894,0.014282167,0.032572567
LSTM,9,1,0.7051698,0.7123883,0.73085135,0.7062894,0.0285073760896921,0.00721848,0.0060988665,0.025681555
LSTM,9,1,0.7036261,0.7081035,0.72576994,0.7037992,0.0285073760896921,0.0044773817,0.00430429,0.02214384
LSTM,9,1,0.7104392,0.705801,0.7226657,0.716696,0.0285073760896921,0.004638195,0.010895014,0.012226522
LSTM,9,1,0.716818,0.7032551,0.71944976,0.71912754,0.0285073760896921,0.013562858,0.015872419,0.0026317835
LSTM,9,1,0.7145769,0.70119685,0.71670055,0.70867735,0.0285073760896921,0.013380051,0.007480502,0.002123654
LSTM,9,1,0.7086587,0.7001852,0.7153522,0.70349085,0.0285073760896921,0.0084735155,0.0033056736,0.0066934824
LSTM,9,1,0.7022049,0.69901544,0.7135469,0.7006019,0.0285073760896921,0.0031894445,0.0015864372,0.011341989
LSTM,9,1,0.6972958,0.6974902,0.7115744,0.6983504,0.0285073760896921,0.00019443035,0.00086021423,0.014278591
LSTM,9,1,0.6944359,0.6953658,0.7091732,0.6956424,0.0285073760896921,0.00092989206,0.00027662516,0.014737308
LSTM,9,1,0.69261265,0.69284874,0.70644087,0.6931144,0.0285073760896921,0.000236094,0.0002656579,0.013828218
LSTM,9,1,0.69029355,0.69165623,0.7051698,0.6902183,0.0285073760896921,0.0013626814,0.0014379025,0.014876246
LSTM,9,1,0.6876524,0.6904809,0.7036261,0.6876182,0.0285073760896921,0.0028284788,0.0028626919,0.015973687
LSTM,9,1,0.685118,0.69729316,0.7104392,0.6852564,0.0285073760896921,0.012175143,0.012036741,0.025321186
LSTM,9,1,0.6840759,0.7021769,0.716818,0.6852543,0.0285073760896921,0.018101037,0.016922653,0.032742083
LSTM,9,1,0.68238765,0.7000925,0.7145769,0.68236774,0.0285073760896921,0.017704844,0.017724752,0.03218925
LSTM,9,1,0.6847365,0.69459045,0.7086587,0.687696,0.0285073760896921,0.009853959,0.0068944693,0.023922205
LSTM,9,1,0.68974936,0.6886009,0.7022049,0.69305575,0.0285073760896921,0.0011484623,0.004454851,0.012455523
LSTM,9,1,0.68843937,0.6841635,0.6972958,0.684925,0.0285073760896921,0.0042758584,0.00076150894,0.008856416
LSTM,9,1,0.6853373,0.68197525,0.6944359,0.6823914,0.0285073760896921,0.0033620596,0.00041615963,0.009098589
LSTM,9,1,0.6797372,0.6805819,0.69261265,0.67716104,0.0285073760896921,0.000844717,0.0034208894,0.012875438
LSTM,9,1,0.6762928,0.6786933,0.69029355,0.67732084,0.0285073760896921,0.0024005175,0.0013724566,0.014000773
LSTM,9,1,0.6737749,0.67662185,0.6876524,0.6746575,0.0285073760896921,0.0028469563,0.0019643307,0.013877511
LSTM,9,1,0.6718956,0.6742815,0.685118,0.6720946,0.0285073760896921,0.0023858547,0.0021868944,0.013222396
LSTM,9,1,0.66971076,0.6732716,0.6840759,0.6694957,0.0285073760896921,0.003560841,0.0037758946,0.014365137
LSTM,9,1,0.66857845,0.6716004,0.68238765,0.66945726,0.0285073760896921,0.0030219555,0.0021431446,0.013809204
LSTM,9,1,0.6669013,0.6738628,0.6847365,0.66700333,0.0285073760896921,0.0069615245,0.0068594813,0.0178352
LSTM,9,1,0.6647539,0.6781848,0.68974936,0.6643222,0.0285073760896921,0.013430893,0.01386261,0.024995446
LSTM,9,1,0.66071945,0.677779,0.68843937,0.65908456,0.0285073760896921,0.017059565,0.01869446,0.027719915
LSTM,9,1,0.6584516,0.6750759,0.6853373,0.6592332,0.0285073760896921,0.016624272,0.015842676,0.026885688
LSTM,9,1,0.65760034,0.6694923,0.6797372,0.65914655,0.0285073760896921,0.011891961,0.010345757,0.022136867
LSTM,9,1,0.6594471,0.66593593,0.6762928,0.6619362,0.0285073760896921,0.0064888597,0.00399971,0.016845703
LSTM,9,1,0.6656579,0.66372055,0.6737749,0.66976535,0.0285073760896921,0.0019373298,0.006044805,0.00811702
LSTM,9,1,0.6667456,0.6621083,0.6718956,0.6645143,0.0285073760896921,0.004637301,0.002406001,0.00515002
LSTM,9,1,0.6635107,0.6598575,0.66971076,0.65931696,0.0285073760896921,0.0036531687,0.0005405545,0.006200075
LSTM,9,1,0.6589883,0.6584549,0.66857845,0.65673757,0.0285073760896921,0.00053340197,0.001717329,0.009590149
LSTM,9,1,0.6559028,0.65712684,0.6669013,0.656601,0.0285073760896921,0.001224041,0.0005258322,0.0109984875
LSTM,9,1,0.6533411,0.65528977,0.6647539,0.653898,0.0285073760896921,0.0019486547,0.0013917685,0.011412799
LSTM,9,1,0.6514693,0.6507069,0.66071945,0.65151644,0.0285073760896921,0.000762403,0.0008095503,0.009250164
LSTM,9,1,0.6508539,0.64795923,0.6584516,0.6516787,0.0285073760896921,0.00289464,0.003719449,0.0075977445
LSTM,9,1,0.6507369,0.64755356,0.65760034,0.651705,0.0285073760896921,0.0031833649,0.0041514635,0.0068634152
LSTM,9,1,0.6494244,0.64953357,0.6594471,0.64894354,0.0285073760896921,0.00010919571,0.0005900264,0.0100227
LSTM,9,1,0.64882386,0.65496564,0.6656579,0.64903677,0.0285073760896921,0.006141782,0.005928874,0.01683402
LSTM,9,1,0.64725083,0.6562313,0.6667456,0.6467318,0.0285073760896921,0.008980453,0.00949949,0.019494772
LSTM,9,1,0.6447886,0.6533661,0.6635107,0.6440017,0.0285073760896921,0.008577466,0.0093643665,0.018722057
LSTM,9,1,0.6433219,0.6485487,0.6589883,0.6437263,0.0285073760896921,0.0052268505,0.004822433,0.015666425
LSTM,9,1,0.64896566,0.64553964,0.6559028,0.6545077,0.0285073760896921,0.0034260154,0.008968055,0.006937146
LSTM,9,1,0.65783024,0.6431278,0.6533411,0.66253966,0.0285073760896921,0.014702439,0.019411862,0.004489124
GRU,9,1,0.91391003,0.90085125,0.9115039,0.923513,0.0285073760896921,0.013058782,0.022661746,0.0024061203
GRU,9,1,0.92272323,0.90061975,0.91138244,0.9237087,0.0285073760896921,0.022103488,0.023088932,0.011340797
GRU,9,1,0.92396414,0.90069413,0.90875524,0.91808873,0.0285073760896921,0.023270011,0.017394602,0.0152089
GRU,9,1,0.9194632,0.8981897,0.9070153,0.9128904,0.0285073760896921,0.021273494,0.014700651,0.012447894
GRU,9,1,0.9144546,0.89630324,0.9059623,0.9125568,0.0285073760896921,0.018151343,0.01625359,0.008492291
GRU,9,1,0.91143745,0.8916309,0.9026443,0.9127908,0.0285073760896921,0.019806564,0.021159887,0.008793175
GRU,9,1,0.907884,0.8876468,0.90076447,0.90701556,0.0285073760896921,0.020237207,0.019368768,0.0071195364
GRU,9,1,0.90674585,0.8867489,0.90016645,0.9073846,0.0285073760896921,0.019996941,0.020635664,0.006579399
GRU,9,1,0.9061142,0.88802207,0.9003598,0.9069847,0.0285073760896921,0.018092155,0.018962622,0.005754411
GRU,9,1,0.90282327,0.88816977,0.9008459,0.9013828,0.0285073760896921,0.014653504,0.013213038,0.001977384
GRU,9,1,0.90138525,0.89811516,0.91391003,0.9020385,0.0285073760896921,0.0032700896,0.0039233565,0.012524784
GRU,9,1,0.91454166,0.908113,0.92272323,0.9259013,0.0285073760896921,0.006428659,0.017788291,0.008181572
GRU,9,1,0.91791546,0.909673,0.92396414,0.9153519,0.0285073760896921,0.008242488,0.0056789517,0.0060486794
GRU,9,1,0.91596514,0.9047945,0.9194632,0.90995204,0.0285073760896921,0.011170626,0.0051575303,0.0034980774
GRU,9,1,0.9098393,0.89802134,0.9144546,0.90465397,0.0285073760896921,0.011817932,0.006632626,0.004615307
GRU,9,1,0.903338,0.8936973,0.91143745,0.90230495,0.0285073760896921,0.009640694,0.008607626,0.008099437
GRU,9,1,0.8985622,0.8894274,0.907884,0.89968854,0.0285073760896921,0.009134769,0.010261118,0.009321809
GRU,9,1,0.8944973,0.88266796,0.90674585,0.8942216,0.0285073760896921,0.011829317,0.011553645,0.012248576
GRU,9,1,0.89133537,0.8805388,0.9061142,0.89146155,0.0285073760896921,0.010796547,0.01092273,0.014778852
GRU,9,1,0.887041,0.8771546,0.90282327,0.88651687,0.0285073760896921,0.009886384,0.00936228,0.015782297
GRU,9,1,0.8849499,0.8734838,0.90138525,0.8865189,0.0285073760896921,0.0114661455,0.013035119,0.016435325
GRU,9,1,0.88311315,0.804765,0.91454166,0.88393605,0.0285073760896921,0.07834816,0.07917106,0.031428516
GRU,9,1,0.88262844,0.8128887,0.91791546,0.8838087,0.0285073760896921,0.06973976,0.07091999,0.035287023
GRU,9,1,0.8814004,0.8225105,0.91596514,0.8813342,0.0285073760896921,0.058889925,0.058823705,0.034564734
GRU,9,1,0.87770545,0.8234532,0.9098393,0.8758652,0.0285073760896921,0.054252267,0.052412033,0.032133818
GRU,9,1,0.87259746,0.823295,0.903338,0.87092483,0.0285073760896921,0.04930246,0.047629833,0.03074056
GRU,9,1,0.86810654,0.8269202,0.8985622,0.8680457,0.0285073760896921,0.041186333,0.041125476,0.030455649
GRU,9,1,0.8824985,0.8453319,0.8944973,0.896812,0.0285073760896921,0.037166595,0.051480114,0.011998773
GRU,9,1,0.8906054,0.83974266,0.89133537,0.8915945,0.0285073760896921,0.05086273,0.05185187,0.0007299781
GRU,9,1,0.8906085,0.83306766,0.887041,0.88368213,0.0285073760896921,0.057540834,0.050614476,0.0035675168
GRU,9,1,0.88512045,0.8295182,0.8849499,0.87850887,0.0285073760896921,0.055602252,0.048990667,0.00017052889
GRU,9,1,0.8766632,0.83032095,0.88311315,0.8734353,0.0285073760896921,0.046342254,0.043114364,0.006449938
GRU,9,1,0.8700854,0.831867,0.88262844,0.8708586,0.0285073760896921,0.03821844,0.03899163,0.012543023
GRU,9,1,0.86673284,0.830337,0.8814004,0.86821127,0.0285073760896921,0.036395848,0.03787428,0.014667571
GRU,9,1,0.8633553,0.8259781,0.87770545,0.86316085,0.0285073760896921,0.03737718,0.03718275,0.014350176
GRU,9,1,0.858818,0.81884253,0.87259746,0.85790324,0.0285073760896921,0.039975464,0.03906071,0.013779461
GRU,9,1,0.8549439,0.81417704,0.86810654,0.8552667,0.0285073760896921,0.040766835,0.041089654,0.0131626725
GRU,9,1,0.85199106,0.83913904,0.8824985,0.85300726,0.0285073760896921,0.012852013,0.013868213,0.030507445
GRU,9,1,0.8494897,0.8560033,0.8906054,0.85015553,0.0285073760896921,0.0065135956,0.005847752,0.0411157
GRU,9,1,0.8471138,0.85714436,0.8906085,0.8472899,0.0285073760896921,0.010030568,0.009854436,0.0434947
GRU,9,1,0.84337896,0.849487,0.88512045,0.84245145,0.0285073760896921,0.0061080456,0.0070355535,0.04174149
GRU,9,1,0.83534354,0.83821005,0.8766632,0.8318582,0.0285073760896921,0.0028665066,0.0063518286,0.04131967
GRU,9,1,0.8293232,0.83004194,0.8700854,0.82950693,0.0285073760896921,0.0007187724,0.0005350113,0.040762246
GRU,9,1,0.8252113,0.8269044,0.86673284,0.826927,0.0285073760896921,0.0016931295,2.259016e-05,0.04152155
GRU,9,1,0.8209377,0.8219113,0.8633553,0.8213269,0.0285073760896921,0.00097358227,0.00058436394,0.042417586
GRU,9,1,0.81810266,0.8138898,0.858818,0.8189289,0.0285073760896921,0.0042128563,0.005039096,0.040715337
GRU,9,1,0.81570166,0.81316376,0.8549439,0.8163675,0.0285073760896921,0.0025379062,0.0032037497,0.039242208
GRU,9,1,0.8133155,0.8124056,0.85199106,0.81387645,0.0285073760896921,0.0009099245,0.0014708638,0.038675547
GRU,9,1,0.8108713,0.8154627,0.8494897,0.81106275,0.0285073760896921,0.0045914054,0.0043999553,0.038618386
GRU,9,1,0.80684763,0.8123417,0.8471138,0.8056628,0.0285073760896921,0.005494058,0.0066788793,0.040266156
GRU,9,1,0.8033026,0.8084184,0.84337896,0.80328155,0.0285073760896921,0.005115807,0.0051368475,0.040076375
GRU,9,1,0.80025095,0.80024934,0.83534354,0.8007571,0.0285073760896921,1.6093254e-06,0.00050777197,0.035092592
GRU,9,1,0.7915077,0.7971142,0.8293232,0.7873651,0.0285073760896921,0.0056064725,0.0097491145,0.03781545
GRU,9,1,0.78365296,0.7940723,0.8252113,0.782451,0.0285073760896921,0.010419309,0.011621296,0.041558325
GRU,9,1,0.77824754,0.78975964,0.8209377,0.77988297,0.0285073760896921,0.011512101,0.009876668,0.042690158
GRU,9,1,0.77634585,0.7890359,0.81810266,0.7797408,0.0285073760896921,0.012690067,0.009295106,0.04175681
GRU,9,1,0.77557266,0.7862955,0.81570166,0.7773447,0.0285073760896921,0.010722816,0.00895077,0.040129006
GRU,9,1,0.77442914,0.784539,0.8133155,0.77443707,0.0285073760896921,0.010109842,0.010101914,0.03888637
GRU,9,1,0.7707315,0.78274035,0.8108713,0.7691183,0.0285073760896921,0.012008846,0.0136220455,0.040139794
GRU,9,1,0.7654304,0.7792878,0.80684763,0.76395714,0.0285073760896921,0.013857424,0.015330672,0.04141724
GRU,9,1,0.762723,0.7745589,0.8033026,0.7642626,0.0285073760896921,0.011835873,0.010296285,0.040579557
GRU,9,1,0.760417,0.77351904,0.80025095,0.7613237,0.0285073760896921,0.013102055,0.012195349,0.039833963
GRU,9,1,0.7584316,0.7650263,0.7915077,0.758743,0.0285073760896921,0.006594658,0.0062832832,0.033076108
GRU,9,1,0.77095926,0.7559505,0.78365296,0.78192455,0.0285073760896921,0.015008748,0.025974035,0.012693703
GRU,9,1,0.7754087,0.7517313,0.77824754,0.77404577,0.0285073760896921,0.023677409,0.022314489,0.00283885
GRU,9,1,0.7727474,0.7523955,0.77634585,0.7661878,0.0285073760896921,0.020351887,0.013792276,0.0035984516
GRU,9,1,0.7676639,0.75588894,0.77557266,0.76347643,0.0285073760896921,0.011774957,0.0075874925,0.0079087615
GRU,9,1,0.7604946,0.757048,0.77442914,0.75847864,0.0285073760896921,0.003446579,0.0014306307,0.013934553
GRU,9,1,0.7551196,0.7529201,0.7707315,0.7559488,0.0285073760896921,0.0021995306,0.0030286908,0.015611887
GRU,9,1,0.75221366,0.7470129,0.7654304,0.75328195,0.0285073760896921,0.0052007437,0.0062690377,0.013216734
GRU,9,1,0.750161,0.74441326,0.762723,0.75077266,0.0285073760896921,0.0057477355,0.0063593984,0.0125620365
GRU,9,1,0.7463446,0.7449541,0.760417,0.7454222,0.0285073760896921,0.0013905168,0.00046807528,0.014072359
GRU,9,1,0.7429519,0.74629915,0.7584316,0.74293417,0.0285073760896921,0.003347218,0.0033649802,0.015479684
GRU,9,1,0.7398383,0.760472,0.77095926,0.74020684,0.0285073760896921,0.020633698,0.020265162,0.031120956
GRU,9,1,0.7371302,0.7666433,0.7754087,0.7376048,0.0285073760896921,0.029513061,0.029038489,0.03827846
GRU,9,1,0.73923695,0.7637863,0.7727474,0.7429518,0.0285073760896921,0.024549365,0.020834506,0.033510447
GRU,9,1,0.7443127,0.7567948,0.7676639,0.7480459,0.0285073760896921,0.012482107,0.008748889,0.023351192
GRU,9,1,0.7434762,0.7491949,0.7604946,0.7404003,0.0285073760896921,0.005718708,0.008794606,0.017018378
GRU,9,1,0.73901343,0.74423563,0.7551196,0.73487717,0.0285073760896921,0.0052222013,0.009358466,0.016106188
GRU,9,1,0.73085135,0.7414955,0.75221366,0.7269506,0.0285073760896921,0.010644138,0.014544904,0.021362305
GRU,9,1,0.72576994,0.7389436,0.750161,0.72707313,0.0285073760896921,0.01317364,0.011870444,0.024391055
GRU,9,1,0.7226657,0.73621386,0.7463446,0.7245211,0.0285073760896921,0.013548136,0.011692762,0.023678899
GRU,9,1,0.71944976,0.73411775,0.7429519,0.7193355,0.0285073760896921,0.014667988,0.01478225,0.023502171
GRU,9,1,0.71670055,0.73174167,0.7398383,0.7167227,0.0285073760896921,0.015041113,0.01501894,0.023137748
GRU,9,1,0.7153522,0.729792,0.7371302,0.71669793,0.0285073760896921,0.014439821,0.013094068,0.021778047
GRU,9,1,0.7135469,0.7316123,0.73923695,0.7140324,0.0285073760896921,0.018065453,0.017579913,0.025690079
GRU,9,1,0.7115744,0.73948693,0.7443127,0.7114602,0.0285073760896921,0.027912557,0.02802676,0.032738328
GRU,9,1,0.7091732,0.7409245,0.7434762,0.70871454,0.0285073760896921,0.031751275,0.032209933,0.03430301
GRU,9,1,0.70644087,0.737795,0.73901343,0.7062046,0.0285073760896921,0.03135413,0.031590402,0.032572567
GRU,9,1,0.7051698,0.72807413,0.73085135,0.7062894,0.0285073760896921,0.022904336,0.021784723,0.025681555
GRU,9,1,0.7036261,0.7245006,0.72576994,0.7037992,0.0285073760896921,0.0208745,0.020701408,0.02214384
GRU,9,1,0.7104392,0.72459584,0.7226657,0.716696,0.0285073760896921,0.01415664,0.007899821,0.012226522
GRU,9,1,0.716818,0.7208202,0.71944976,0.71912754,0.0285073760896921,0.0040022135,0.0016926527,0.0026317835
GRU,9,1,0.7145769,0.7170073,0.71670055,0.70867735,0.0285073760896921,0.0024303794,0.008329928,0.002123654
GRU,9,1,0.7086587,0.7157375,0.7153522,0.70349085,0.0285073760896921,0.0070788264,0.012246668,0.0066934824
GRU,9,1,0.7022049,0.71646583,0.7135469,0.7006019,0.0285073760896921,0.014260948,0.015863955,0.011341989
GRU,9,1,0.6972958,0.7152841,0.7115744,0.6983504,0.0285073760896921,0.017988324,0.01693368,0.014278591
GRU,9,1,0.6944359,0.7121356,0.7091732,0.6956424,0.0285073760896921,0.017699718,0.016493201,0.014737308
GRU,9,1,0.69261265,0.7078974,0.70644087,0.6931144,0.0285073760896921,0.015284777,0.014783025,0.013828218
GRU,9,1,0.69029355,0.7072911,0.7051698,0.6902183,0.0285073760896921,0.016997576,0.017072797,0.014876246
GRU,9,1,0.6876524,0.7084573,0.7036261,0.6876182,0.0285073760896921,0.020804882,0.020839095,0.015973687
GRU,9,1,0.685118,0.71629375,0.7104392,0.6852564,0.0285073760896921,0.031175733,0.03103733,0.025321186
GRU,9,1,0.6840759,0.7237843,0.716818,0.6852543,0.0285073760896921,0.039708436,0.03853005,0.032742083
GRU,9,1,0.68238765,0.72215927,0.7145769,0.68236774,0.0285073760896921,0.039771616,0.039791524,0.03218925
GRU,9,1,0.6847365,0.71391916,0.7086587,0.687696,0.0285073760896921,0.029182673,0.026223183,0.023922205
GRU,9,1,0.68974936,0.70547915,0.7022049,0.69305575,0.0285073760896921,0.015729785,0.012423396,0.012455523
GRU,9,1,0.68843937,0.6987219,0.6972958,0.684925,0.0285073760896921,0.0102825165,0.013796866,0.008856416
GRU,9,1,0.6853373,0.6948701,0.6944359,0.6823914,0.0285073760896921,0.009532809,0.012478709,0.009098589
GRU,9,1,0.6797372,0.6916694,0.69261265,0.67716104,0.0285073760896921,0.011932194,0.014508367,0.012875438
GRU,9,1,0.6762928,0.68852735,0.69029355,0.67732084,0.0285073760896921,0.012234569,0.011206508,0.014000773
GRU,9,1,0.6737749,0.6852414,0.6876524,0.6746575,0.0285073760896921,0.011466503,0.010583878,0.013877511
GRU,9,1,0.6718956,0.6814498,0.685118,0.6720946,0.0285073760896921,0.009554148,0.009355187,0.013222396
GRU,9,1,0.66971076,0.6797999,0.6840759,0.6694957,0.0285073760896921,0.010089159,0.010304213,0.014365137
GRU,9,1,0.66857845,0.6783193,0.68238765,0.66945726,0.0285073760896921,0.0097408295,0.008862019,0.013809204
GRU,9,1,0.6669013,0.68194413,0.6847365,0.66700333,0.0285073760896921,0.015042841,0.014940798,0.0178352
GRU,9,1,0.6647539,0.68919814,0.68974936,0.6643222,0.0285073760896921,0.024444222,0.024875939,0.024995446
GRU,9,1,0.66071945,0.69277453,0.68843937,0.65908456,0.0285073760896921,0.03205508,0.033689976,0.027719915
GRU,9,1,0.6584516,0.688707,0.6853373,0.6592332,0.0285073760896921,0.030255377,0.029473782,0.026885688
GRU,9,1,0.65760034,0.68088084,0.6797372,0.65914655,0.0285073760896921,0.023280501,0.021734297,0.022136867
GRU,9,1,0.6594471,0.67732453,0.6762928,0.6619362,0.0285073760896921,0.01787746,0.01538831,0.016845703
GRU,9,1,0.6656579,0.6759273,0.6737749,0.66976535,0.0285073760896921,0.010269403,0.006161928,0.00811702
GRU,9,1,0.6667456,0.67246586,0.6718956,0.6645143,0.0285073760896921,0.0057202578,0.007951558,0.00515002
GRU,9,1,0.6635107,0.6679251,0.66971076,0.65931696,0.0285073760896921,0.004414439,0.008608162,0.006200075
GRU,9,1,0.6589883,0.6666469,0.66857845,0.65673757,0.0285073760896921,0.007658601,0.009909332,0.009590149
GRU,9,1,0.6559028,0.66679406,0.6669013,0.656601,0.0285073760896921,0.010891259,0.01019305,0.0109984875
GRU,9,1,0.6533411,0.66378,0.6647539,0.653898,0.0285073760896921,0.010438859,0.009881973,0.011412799
GRU,9,1,0.6514693,0.6552874,0.66071945,0.65151644,0.0285073760896921,0.0038180947,0.0037709475,0.009250164
GRU,9,1,0.6508539,0.6530483,0.6584516,0.6516787,0.0285073760896921,0.0021944046,0.0013695955,0.0075977445
GRU,9,1,0.6507369,0.65363836,0.65760034,0.651705,0.0285073760896921,0.002901435,0.0019333363,0.0068634152
GRU,9,1,0.6494244,0.6532451,0.6594471,0.64894354,0.0285073760896921,0.0038207173,0.004301548,0.0100227
GRU,9,1,0.64882386,0.6622734,0.6656579,0.64903677,0.0285073760896921,0.01344955,0.013236642,0.01683402
GRU,9,1,0.64725083,0.664269,0.6667456,0.6467318,0.0285073760896921,0.01701814,0.017537177,0.019494772
GRU,9,1,0.6447886,0.6597526,0.6635107,0.6440017,0.0285073760896921,0.0149639845,0.015750885,0.018722057
GRU,9,1,0.6433219,0.6531734,0.6589883,0.6437263,0.0285073760896921,0.009851515,0.009447098,0.015666425
GRU,9,1,0.64896566,0.649776,0.6559028,0.6545077,0.0285073760896921,0.00081032515,0.0047317147,0.006937146
GRU,9,1,0.65783024,0.64615196,0.6533411,0.66253966,0.0285073760896921,0.011678278,0.016387701,0.004489124
MLP,9,1,0.91391003,0.91333354,0.9115039,0.923513,0.0285073760896921,0.0005764961,0.01017946,0.0024061203
MLP,9,1,0.92272323,0.9141364,0.91138244,0.9237087,0.0285073760896921,0.008586824,0.0095722675,0.011340797
MLP,9,1,0.92396414,0.91200125,0.90875524,0.91808873,0.0285073760896921,0.011962891,0.006087482,0.0152089
MLP,9,1,0.9194632,0.90146893,0.9070153,0.9128904,0.0285073760896921,0.017994285,0.011421442,0.012447894
MLP,9,1,0.9144546,0.912435,0.9059623,0.9125568,0.0285073760896921,0.0020195842,0.000121831894,0.008492291
MLP,9,1,0.91143745,0.91149056,0.9026443,0.9127908,0.0285073760896921,5.310774e-05,0.0013002157,0.008793175
MLP,9,1,0.907884,0.90688795,0.90076447,0.90701556,0.0285073760896921,0.0009960532,0.00012761354,0.0071195364
MLP,9,1,0.90674585,0.9002456,0.90016645,0.9073846,0.0285073760896921,0.006500244,0.0071389675,0.006579399
MLP,9,1,0.9061142,0.90680414,0.9003598,0.9069847,0.0285073760896921,0.00068992376,0.00018054247,0.005754411
MLP,9,1,0.90282327,0.9082845,0.9008459,0.9013828,0.0285073760896921,0.005461216,0.0069016814,0.001977384
MLP,9,1,0.90138525,0.9133532,0.91391003,0.9020385,0.0285073760896921,0.011967957,0.01131469,0.012524784
MLP,9,1,0.91454166,0.9147027,0.92272323,0.9259013,0.0285073760896921,0.00016105175,0.01119858,0.008181572
MLP,9,1,0.91791546,0.92234206,0.92396414,0.9153519,0.0285073760896921,0.0044265985,0.0069901347,0.0060486794
MLP,9,1,0.91596514,0.9168725,0.9194632,0.90995204,0.0285073760896921,0.0009073615,0.006920457,0.0034980774
MLP,9,1,0.9098393,0.9043221,0.9144546,0.90465397,0.0285073760896921,0.0055171847,0.00033187866,0.004615307
MLP,9,1,0.903338,0.8965601,0.91143745,0.90230495,0.0285073760896921,0.006777942,0.0057448745,0.008099437
MLP,9,1,0.8985622,0.90163374,0.907884,0.89968854,0.0285073760896921,0.0030715466,0.0019451976,0.009321809
MLP,9,1,0.8944973,0.89667624,0.90674585,0.8942216,0.0285073760896921,0.002178967,0.0024546385,0.012248576
MLP,9,1,0.89133537,0.89803135,0.9061142,0.89146155,0.0285073760896921,0.006695986,0.0065698028,0.014778852
MLP,9,1,0.887041,0.8941288,0.90282327,0.88651687,0.0285073760896921,0.0070878267,0.0076119304,0.015782297
MLP,9,1,0.8849499,0.89133966,0.90138525,0.8865189,0.0285073760896921,0.006389737,0.004820764,0.016435325
MLP,9,1,0.88311315,0.9097765,0.91454166,0.88393605,0.0285073760896921,0.026663363,0.025840461,0.031428516
MLP,9,1,0.88262844,0.8676115,0.91791546,0.8838087,0.0285073760896921,0.015016913,0.016197145,0.035287023
MLP,9,1,0.8814004,0.90331316,0.91596514,0.8813342,0.0285073760896921,0.021912754,0.021978974,0.034564734
MLP,9,1,0.87770545,0.8399328,0.9098393,0.8758652,0.0285073760896921,0.037772655,0.03593242,0.032133818
MLP,9,1,0.87259746,0.8578639,0.903338,0.87092483,0.0285073760896921,0.014733553,0.013060927,0.03074056
MLP,9,1,0.86810654,0.853325,0.8985622,0.8680457,0.0285073760896921,0.014781535,0.014720678,0.030455649
MLP,9,1,0.8824985,0.8654498,0.8944973,0.896812,0.0285073760896921,0.017048717,0.031362236,0.011998773
MLP,9,1,0.8906054,0.86298275,0.89133537,0.8915945,0.0285073760896921,0.02762264,0.02861178,0.0007299781
MLP,9,1,0.8906085,0.8557689,0.887041,0.88368213,0.0285073760896921,0.03483957,0.027913213,0.0035675168
MLP,9,1,0.88512045,0.8573874,0.8849499,0.87850887,0.0285073760896921,0.027733028,0.021121442,0.00017052889
MLP,9,1,0.8766632,0.854176,0.88311315,0.8734353,0.0285073760896921,0.022487223,0.019259334,0.006449938
MLP,9,1,0.8700854,0.85300016,0.88262844,0.8708586,0.0285073760896921,0.017085254,0.017858446,0.012543023
MLP,9,1,0.86673284,0.84857893,0.8814004,0.86821127,0.0285073760896921,0.018153906,0.01963234,0.014667571
MLP,9,1,0.8633553,0.84895664,0.87770545,0.86316085,0.0285073760896921,0.014398634,0.014204204,0.014350176
MLP,9,1,0.858818,0.844381,0.87259746,0.85790324,0.0285073760896921,0.01443702,0.013522267,0.013779461
MLP,9,1,0.8549439,0.84187657,0.86810654,0.8552667,0.0285073760896921,0.013067305,0.013390124,0.0131626725
MLP,9,1,0.85199106,0.856288,0.8824985,0.85300726,0.0285073760896921,0.0042969584,0.0032807589,0.030507445
MLP,9,1,0.8494897,0.86015105,0.8906054,0.85015553,0.0285073760896921,0.010661364,0.00999552,0.0411157
MLP,9,1,0.8471138,0.8600039,0.8906085,0.8472899,0.0285073760896921,0.0128901005,0.012713969,0.0434947
MLP,9,1,0.84337896,0.8507851,0.88512045,0.84245145,0.0285073760896921,0.0074061155,0.008333623,0.04174149
MLP,9,1,0.83534354,0.84996885,0.8766632,0.8318582,0.0285073760896921,0.014625311,0.018110633,0.04131967
MLP,9,1,0.8293232,0.8515378,0.8700854,0.82950693,0.0285073760896921,0.022214651,0.02203089,0.040762246
MLP,9,1,0.8252113,0.8498375,0.86673284,0.826927,0.0285073760896921,0.024626195,0.022910476,0.04152155
MLP,9,1,0.8209377,0.84403914,0.8633553,0.8213269,0.0285073760896921,0.023101449,0.02271223,0.042417586
MLP,9,1,0.81810266,0.8303153,0.858818,0.8189289,0.0285073760896921,0.012212634,0.0113863945,0.040715337
MLP,9,1,0.81570166,0.8348822,0.8549439,0.8163675,0.0285073760896921,0.019180536,0.018514693,0.039242208
MLP,9,1,0.8133155,0.8325436,0.85199106,0.81387645,0.0285073760896921,0.0192281,0.018667161,0.038675547
MLP,9,1,0.8108713,0.8296881,0.8494897,0.81106275,0.0285073760896921,0.01881677,0.018625319,0.038618386
MLP,9,1,0.80684763,0.8211493,0.8471138,0.8056628,0.0285073760896921,0.014301658,0.015486479,0.040266156
MLP,9,1,0.8033026,0.8161206,0.84337896,0.80328155,0.0285073760896921,0.012818038,0.012839079,0.040076375
MLP,9,1,0.80025095,0.81195754,0.83534354,0.8007571,0.0285073760896921,0.011706591,0.011200428,0.035092592
MLP,9,1,0.7915077,0.8088799,0.8293232,0.7873651,0.0285073760896921,0.017372191,0.021514833,0.03781545
MLP,9,1,0.78365296,0.8054985,0.8252113,0.782451,0.0285073760896921,0.02184552,0.023047507,0.041558325
MLP,9,1,0.77824754,0.7998964,0.8209377,0.77988297,0.0285073760896921,0.021648884,0.020013452,0.042690158
MLP,9,1,0.77634585,0.79775494,0.81810266,0.7797408,0.0285073760896921,0.021409094,0.018014133,0.04175681
MLP,9,1,0.77557266,0.7949497,0.81570166,0.7773447,0.0285073760896921,0.019377053,0.017605007,0.040129006
MLP,9,1,0.77442914,0.79291534,0.8133155,0.77443707,0.0285073760896921,0.018486202,0.018478274,0.03888637
MLP,9,1,0.7707315,0.7885503,0.8108713,0.7691183,0.0285073760896921,0.017818809,0.019432008,0.040139794
MLP,9,1,0.7654304,0.78543186,0.80684763,0.76395714,0.0285073760896921,0.020001471,0.021474719,0.04141724
MLP,9,1,0.762723,0.78294665,0.8033026,0.7642626,0.0285073760896921,0.020223618,0.01868403,0.040579557
MLP,9,1,0.760417,0.77980494,0.80025095,0.7613237,0.0285073760896921,0.01938796,0.018481255,0.039833963
MLP,9,1,0.7584316,0.77213454,0.7915077,0.758743,0.0285073760896921,0.013702929,0.013391554,0.033076108
MLP,9,1,0.77095926,0.76601636,0.78365296,0.78192455,0.0285073760896921,0.004942894,0.015908182,0.012693703
MLP,9,1,0.7754087,0.76046205,0.77824754,0.77404577,0.0285073760896921,0.01494664,0.01358372,0.00283885
MLP,9,1,0.7727474,0.75785536,0.77634585,0.7661878,0.0285073760896921,0.014892042,0.008332431,0.0035984516
MLP,9,1,0.7676639,0.7574414,0.77557266,0.76347643,0.0285073760896921,0.010222495,0.00603503,0.0079087615
MLP,9,1,0.7604946,0.754542,0.77442914,0.75847864,0.0285073760896921,0.0059525967,0.0039366484,0.013934553
MLP,9,1,0.7551196,0.7516397,0.7707315,0.7559488,0.0285073760896921,0.003479898,0.004309058,0.015611887
MLP,9,1,0.75221366,0.7487745,0.7654304,0.75328195,0.0285073760896921,0.0034391284,0.0045074224,0.013216734
MLP,9,1,0.750161,0.74564207,0.762723,0.75077266,0.0285073760896921,0.004518926,0.005130589,0.0125620365
MLP,9,1,0.7463446,0.74521214,0.760417,0.7454222,0.0285073760896921,0.0011324883,0.00021004677,0.014072359
MLP,9,1,0.7429519,0.74312377,0.7584316,0.74293417,0.0285073760896921,0.00017184019,0.00018960238,0.015479684
MLP,9,1,0.7398383,0.75192237,0.77095926,0.74020684,0.0285073760896921,0.012084067,0.011715531,0.031120956
MLP,9,1,0.7371302,0.75669974,0.7754087,0.7376048,0.0285073760896921,0.019569516,0.019094944,0.03827846
MLP,9,1,0.73923695,0.75241023,0.7727474,0.7429518,0.0285073760896921,0.013173282,0.009458423,0.033510447
MLP,9,1,0.7443127,0.74797624,0.7676639,0.7480459,0.0285073760896921,0.00366354,6.967783e-05,0.023351192
MLP,9,1,0.7434762,0.7458989,0.7604946,0.7404003,0.0285073760896921,0.0024226904,0.005498588,0.017018378
MLP,9,1,0.73901343,0.74222964,0.7551196,0.73487717,0.0285073760896921,0.003216207,0.0073524714,0.016106188
MLP,9,1,0.73085135,0.740007,0.75221366,0.7269506,0.0285073760896921,0.009155631,0.013056397,0.021362305
MLP,9,1,0.72576994,0.73684436,0.750161,0.72707313,0.0285073760896921,0.011074424,0.009771228,0.024391055
MLP,9,1,0.7226657,0.73393214,0.7463446,0.7245211,0.0285073760896921,0.01126641,0.009411037,0.023678899
MLP,9,1,0.71944976,0.73280895,0.7429519,0.7193355,0.0285073760896921,0.013359189,0.013473451,0.023502171
MLP,9,1,0.71670055,0.7300157,0.7398383,0.7167227,0.0285073760896921,0.013315141,0.013292968,0.023137748
MLP,9,1,0.7153522,0.72591436,0.7371302,0.71669793,0.0285073760896921,0.0105621815,0.009216428,0.021778047
MLP,9,1,0.7135469,0.7268472,0.73923695,0.7140324,0.0285073760896921,0.0133003,0.01281476,0.025690079
MLP,9,1,0.7115744,0.7334943,0.7443127,0.7114602,0.0285073760896921,0.021919906,0.022034109,0.032738328
MLP,9,1,0.7091732,0.73307806,0.7434762,0.70871454,0.0285073760896921,0.02390486,0.024363518,0.03430301
MLP,9,1,0.70644087,0.72610116,0.73901343,0.7062046,0.0285073760896921,0.019660294,0.019896567,0.032572567
MLP,9,1,0.7051698,0.7188028,0.73085135,0.7062894,0.0285073760896921,0.013633013,0.012513399,0.025681555
MLP,9,1,0.7036261,0.7150625,0.72576994,0.7037992,0.0285073760896921,0.011436403,0.011263311,0.02214384
MLP,9,1,0.7104392,0.71413887,0.7226657,0.716696,0.0285073760896921,0.0036996603,0.0025571585,0.012226522
MLP,9,1,0.716818,0.70992106,0.71944976,0.71912754,0.0285073760896921,0.006896913,0.009206474,0.0026317835
MLP,9,1,0.7145769,0.708322,0.71670055,0.70867735,0.0285073760896921,0.0062549114,0.0003553629,0.002123654
MLP,9,1,0.7086587,0.704744,0.7153522,0.70349085,0.0285073760896921,0.003914714,0.001253128,0.0066934824
MLP,9,1,0.7022049,0.70659924,0.7135469,0.7006019,0.0285073760896921,0.0043943524,0.0059973598,0.011341989
MLP,9,1,0.6972958,0.7041982,0.7115744,0.6983504,0.0285073760896921,0.0069023967,0.005847752,0.014278591
MLP,9,1,0.6944359,0.69890654,0.7091732,0.6956424,0.0285073760896921,0.0044706464,0.0032641292,0.014737308
MLP,9,1,0.69261265,0.69847876,0.70644087,0.6931144,0.0285073760896921,0.0058661103,0.0053643584,0.013828218
MLP,9,1,0.69029355,0.6966811,0.7051698,0.6902183,0.0285073760896921,0.0063875318,0.006462753,0.014876246
MLP,9,1,0.6876524,0.6976524,0.7036261,0.6876182,0.0285073760896921,0.00999999,0.0100342035,0.015973687
MLP,9,1,0.685118,0.70180017,0.7104392,0.6852564,0.0285073760896921,0.016682148,0.016543746,0.025321186
MLP,9,1,0.6840759,0.7084687,0.716818,0.6852543,0.0285073760896921,0.024392784,0.0232144,0.032742083
MLP,9,1,0.68238765,0.70689565,0.7145769,0.68236774,0.0285073760896921,0.024508,0.024527907,0.03218925
MLP,9,1,0.6847365,0.69847447,0.7086587,0.687696,0.0285073760896921,0.013737977,0.010778487,0.023922205
MLP,9,1,0.68974936,0.693056,0.7022049,0.69305575,0.0285073760896921,0.0033066273,2.3841858e-07,0.012455523
MLP,9,1,0.68843937,0.6904262,0.6972958,0.684925,0.0285073760896921,0.0019868016,0.005501151,0.008856416
MLP,9,1,0.6853373,0.68661916,0.6944359,0.6823914,0.0285073760896921,0.0012818575,0.0042277575,0.009098589
MLP,9,1,0.6797372,0.6864082,0.69261265,0.67716104,0.0285073760896921,0.0066710114,0.009247184,0.012875438
MLP,9,1,0.6762928,0.6821191,0.69029355,0.67732084,0.0285073760896921,0.0058262944,0.0047982335,0.014000773
MLP,9,1,0.6737749,0.6798661,0.6876524,0.6746575,0.0285073760896921,0.0060911775,0.005208552,0.013877511
MLP,9,1,0.6718956,0.67586297,0.685118,0.6720946,0.0285073760896921,0.0039673448,0.0037683845,0.013222396
MLP,9,1,0.66971076,0.6771601,0.6840759,0.6694957,0.0285073760896921,0.007449329,0.0076643825,0.014365137
MLP,9,1,0.66857845,0.67411274,0.68238765,0.66945726,0.0285073760896921,0.0055342913,0.0046554804,0.013809204
MLP,9,1,0.6669013,0.67361486,0.6847365,0.66700333,0.0285073760896921,0.006713569,0.006611526,0.0178352
MLP,9,1,0.6647539,0.67860806,0.68974936,0.6643222,0.0285073760896921,0.013854146,0.014285862,0.024995446
MLP,9,1,0.66071945,0.67961895,0.68843937,0.65908456,0.0285073760896921,0.0188995,0.020534396,0.027719915
MLP,9,1,0.6584516,0.67470855,0.6853373,0.6592332,0.0285073760896921,0.016256928,0.015475333,0.026885688
MLP,9,1,0.65760034,0.66835487,0.6797372,0.65914655,0.0285073760896921,0.010754526,0.009208322,0.022136867
MLP,9,1,0.6594471,0.6676667,0.6762928,0.6619362,0.0285073760896921,0.0082196,0.00573045,0.016845703
MLP,9,1,0.6656579,0.66658247,0.6737749,0.66976535,0.0285073760896921,0.00092458725,0.003182888,0.00811702
MLP,9,1,0.6667456,0.66656286,0.6718956,0.6645143,0.0285073760896921,0.00018274784,0.002048552,0.00515002
MLP,9,1,0.6635107,0.66241074,0.66971076,0.65931696,0.0285073760896921,0.0010999441,0.003093779,0.006200075
MLP,9,1,0.6589883,0.6621941,0.66857845,0.65673757,0.0285073760896921,0.0032057762,0.005456507,0.009590149
MLP,9,1,0.6559028,0.660152,0.6669013,0.656601,0.0285073760896921,0.004249215,0.0035510063,0.0109984875
MLP,9,1,0.6533411,0.6567136,0.6647539,0.653898,0.0285073760896921,0.0033724904,0.0028156042,0.011412799
MLP,9,1,0.6514693,0.6491318,0.66071945,0.65151644,0.0285073760896921,0.0023375154,0.0023846626,0.009250164
MLP,9,1,0.6508539,0.64837724,0.6584516,0.6516787,0.0285073760896921,0.0024766326,0.0033014417,0.0075977445
MLP,9,1,0.6507369,0.6482204,0.65760034,0.651705,0.0285073760896921,0.002516508,0.0034846067,0.0068634152
MLP,9,1,0.6494244,0.64528644,0.6594471,0.64894354,0.0285073760896921,0.0041379333,0.0036571026,0.0100227
MLP,9,1,0.64882386,0.64755636,0.6656579,0.64903677,0.0285073760896921,0.0012674928,0.0014804006,0.01683402
MLP,9,1,0.64725083,0.65249544,0.6667456,0.6467318,0.0285073760896921,0.0052446127,0.00576365,0.019494772
MLP,9,1,0.6447886,0.6471692,0.6635107,0.6440017,0.0285073760896921,0.00238055,0.0031674504,0.018722057
MLP,9,1,0.6433219,0.6419581,0.6589883,0.6437263,0.0285073760896921,0.0013637543,0.0017681718,0.015666425
MLP,9,1,0.64896566,0.64578575,0.6559028,0.6545077,0.0285073760896921,0.0031799078,0.008721948,0.006937146
MLP,9,1,0.65783024,0.6448866,0.6533411,0.66253966,0.0285073760896921,0.012943625,0.017653048,0.004489124
Seq2Seq,9,1,0.91391003,0.8980458,0.9115039,0.923513,0.0285073760896921,0.015864253,0.025467217,0.0024061203
Seq2Seq,9,1,0.92272323,0.8976835,0.91138244,0.9237087,0.0285073760896921,0.025039732,0.026025176,0.011340797
Seq2Seq,9,1,0.92396414,0.89322567,0.90875524,0.91808873,0.0285073760896921,0.030738473,0.024863064,0.0152089
Seq2Seq,9,1,0.9194632,0.8925865,0.9070153,0.9128904,0.0285073760896921,0.026876688,0.020303845,0.012447894
Seq2Seq,9,1,0.9144546,0.891873,0.9059623,0.9125568,0.0285073760896921,0.022581577,0.020683825,0.008492291
Seq2Seq,9,1,0.91143745,0.8886678,0.9026443,0.9127908,0.0285073760896921,0.02276963,0.024122953,0.008793175
Seq2Seq,9,1,0.907884,0.88577193,0.90076447,0.90701556,0.0285073760896921,0.022112072,0.021243632,0.0071195364
Seq2Seq,9,1,0.90674585,0.88363814,0.90016645,0.9073846,0.0285073760896921,0.023107708,0.02374643,0.006579399
Seq2Seq,9,1,0.9061142,0.88654315,0.9003598,0.9069847,0.0285073760896921,0.019571066,0.020441532,0.005754411
Seq2Seq,9,1,0.90282327,0.88708746,0.9008459,0.9013828,0.0285073760896921,0.015735805,0.01429534,0.001977384
Seq2Seq,9,1,0.90138525,0.8951099,0.91391003,0.9020385,0.0285073760896921,0.006275356,0.0069286227,0.012524784
Seq2Seq,9,1,0.91454166,0.904287,0.92272323,0.9259013,0.0285073760896921,0.010254681,0.021614313,0.008181572
Seq2Seq,9,1,0.91791546,0.90560716,0.92396414,0.9153519,0.0285073760896921,0.0123083,0.009744763,0.0060486794
Seq2Seq,9,1,0.91596514,0.90131885,0.9194632,0.90995204,0.0285073760896921,0.014646292,0.008633196,0.0034980774
Seq2Seq,9,1,0.9098393,0.8952008,0.9144546,0.90465397,0.0285073760896921,0.0146384835,0.009453177,0.004615307
Seq2Seq,9,1,0.903338,0.89039826,0.91143745,0.90230495,0.0285073760896921,0.012939751,0.011906683,0.008099437
Seq2Seq,9,1,0.8985622,0.8909379,0.907884,0.89968854,0.0285073760896921,0.0076242685,0.0087506175,0.009321809
Seq2Seq,9,1,0.8944973,0.88775164,0.90674585,0.8942216,0.0285073760896921,0.0067456365,0.006469965,0.012248576
Seq2Seq,9,1,0.89133537,0.8872775,0.9061142,0.89146155,0.0285073760896921,0.004057884,0.0041840672,0.014778852
Seq2Seq,9,1,0.887041,0.8840524,0.90282327,0.88651687,0.0285073760896921,0.002988577,0.0024644732,0.015782297
Seq2Seq,9,1,0.8849499,0.88117254,0.90138525,0.8865189,0.0285073760896921,0.0037773848,0.005346358,0.016435325
Seq2Seq,9,1,0.88311315,0.88118833,0.91454166,0.88393605,0.0285073760896921,0.0019248128,0.0027477145,0.031428516
Seq2Seq,9,1,0.88262844,0.8802236,0.91791546,0.8838087,0.0285073760896921,0.0024048686,0.0035851002,0.035287023
Seq2Seq,9,1,0.8814004,0.8776595,0.91596514,0.8813342,0.0285073760896921,0.0037409067,0.003674686,0.034564734
Seq2Seq,9,1,0.87770545,0.8676287,0.9098393,0.8758652,0.0285073760896921,0.010076761,0.008236527,0.032133818
Seq2Seq,9,1,0.87259746,0.856075,0.903338,0.87092483,0.0285073760896921,0.016522467,0.014849842,0.03074056
Seq2Seq,9,1,0.86810654,0.8567588,0.8985622,0.8680457,0.0285073760896921,0.011347771,0.011286914,0.030455649
Seq2Seq,9,1,0.8824985,0.86166835,0.8944973,0.896812,0.0285073760896921,0.020830154,0.035143673,0.011998773
Seq2Seq,9,1,0.8906054,0.85841805,0.89133537,0.8915945,0.0285073760896921,0.032187343,0.03317648,0.0007299781
Seq2Seq,9,1,0.8906085,0.85311997,0.887041,0.88368213,0.0285073760896921,0.03748852,0.030562162,0.0035675168
Seq2Seq,9,1,0.88512045,0.8510007,0.8849499,0.87850887,0.0285073760896921,0.034119725,0.02750814,0.00017052889
Seq2Seq,9,1,0.8766632,0.84864163,0.88311315,0.8734353,0.0285073760896921,0.028021574,0.024793684,0.006449938
Seq2Seq,9,1,0.8700854,0.8483506,0.88262844,0.8708586,0.0285073760896921,0.021734834,0.022508025,0.012543023
Seq2Seq,9,1,0.86673284,0.8460557,0.8814004,0.86821127,0.0285073760896921,0.02067715,0.022155583,0.014667571
Seq2Seq,9,1,0.8633553,0.8433141,0.87770545,0.86316085,0.0285073760896921,0.020041168,0.019846737,0.014350176
Seq2Seq,9,1,0.858818,0.838117,0.87259746,0.85790324,0.0285073760896921,0.020700991,0.019786239,0.013779461
Seq2Seq,9,1,0.8549439,0.8345545,0.86810654,0.8552667,0.0285073760896921,0.020389378,0.020712197,0.0131626725
Seq2Seq,9,1,0.85199106,0.8468615,0.8824985,0.85300726,0.0285073760896921,0.0051295757,0.0061457753,0.030507445
Seq2Seq,9,1,0.8494897,0.8547469,0.8906054,0.85015553,0.0285073760896921,0.0052571893,0.004591346,0.0411157
Seq2Seq,9,1,0.8471138,0.8556247,0.8906085,0.8472899,0.0285073760896921,0.008510888,0.008334756,0.0434947
Seq2Seq,9,1,0.84337896,0.84953785,0.88512045,0.84245145,0.0285073760896921,0.0061588883,0.007086396,0.04174149
Seq2Seq,9,1,0.83534354,0.8421697,0.8766632,0.8318582,0.0285073760896921,0.0068261623,0.010311484,0.04131967
Seq2Seq,9,1,0.8293232,0.8388123,0.8700854,0.82950693,0.0285073760896921,0.009489119,0.009305358,0.040762246
Seq2Seq,9,1,0.8252113,0.8375136,0.86673284,0.826927,0.0285073760896921,0.012302339,0.010586619,0.04152155
Seq2Seq,9,1,0.8209377,0.83246124,0.8633553,0.8213269,0.0285073760896921,0.011523545,0.011134326,0.042417586
Seq2Seq,9,1,0.81810266,0.8253768,0.858818,0.8189289,0.0285073760896921,0.007274151,0.0064479113,0.040715337
Seq2Seq,9,1,0.81570166,0.8241576,0.8549439,0.8163675,0.0285073760896921,0.008455932,0.0077900887,0.039242208
Seq2Seq,9,1,0.8133155,0.8211009,0.85199106,0.81387645,0.0285073760896921,0.00778538,0.0072244406,0.038675547
Seq2Seq,9,1,0.8108713,0.819815,0.8494897,0.81106275,0.0285073760896921,0.008943677,0.008752227,0.038618386
Seq2Seq,9,1,0.80684763,0.8160613,0.8471138,0.8056628,0.0285073760896921,0.009213686,0.010398507,0.040266156
Seq2Seq,9,1,0.8033026,0.8126652,0.84337896,0.80328155,0.0285073760896921,0.009362638,0.009383678,0.040076375
Seq2Seq,9,1,0.80025095,0.8054338,0.83534354,0.8007571,0.0285073760896921,0.0051828623,0.0046766996,0.035092592
Seq2Seq,9,1,0.7915077,0.80055577,0.8293232,0.7873651,0.0285073760896921,0.009048045,0.013190687,0.03781545
Seq2Seq,9,1,0.78365296,0.797105,0.8252113,0.782451,0.0285073760896921,0.013452053,0.01465404,0.041558325
Seq2Seq,9,1,0.77824754,0.79272145,0.8209377,0.77988297,0.0285073760896921,0.014473915,0.012838483,0.042690158
Seq2Seq,9,1,0.77634585,0.79174465,0.81810266,0.7797408,0.0285073760896921,0.0153988,0.012003839,0.04175681
Seq2Seq,9,1,0.77557266,0.7883997,0.81570166,0.7773447,0.0285073760896921,0.012827039,0.011054993,0.040129006
Seq2Seq,9,1,0.77442914,0.78633213,0.8133155,0.77443707,0.0285073760896921,0.011902988,0.011895061,0.03888637
Seq2Seq,9,1,0.7707315,0.7841338,0.8108713,0.7691183,0.0285073760896921,0.013402283,0.015015483,0.040139794
Seq2Seq,9,1,0.7654304,0.7806596,0.80684763,0.76395714,0.0285073760896921,0.015229225,0.016702473,0.04141724
Seq2Seq,9,1,0.762723,0.7767866,0.8033026,0.7642626,0.0285073760896921,0.014063597,0.012524009,0.040579557
Seq2Seq,9,1,0.760417,0.7746868,0.80025095,0.7613237,0.0285073760896921,0.014269829,0.013363123,0.039833963
Seq2Seq,9,1,0.7584316,0.76689357,0.7915077,0.758743,0.0285073760896921,0.008461952,0.008150578,0.033076108
Seq2Seq,9,1,0.77095926,0.7604723,0.78365296,0.78192455,0.0285073760896921,0.01048696,0.021452248,0.012693703
Seq2Seq,9,1,0.7754087,0.75667757,0.77824754,0.77404577,0.0285073760896921,0.018731117,0.017368197,0.00283885
Seq2Seq,9,1,0.7727474,0.7543494,0.77634585,0.7661878,0.0285073760896921,0.018397987,0.0118383765,0.0035984516
Seq2Seq,9,1,0.7676639,0.75389254,0.77557266,0.76347643,0.0285073760896921,0.013771355,0.00958389,0.0079087615
Seq2Seq,9,1,0.7604946,0.75302047,0.77442914,0.75847864,0.0285073760896921,0.0074741244,0.005458176,0.013934553
Seq2Seq,9,1,0.7551196,0.7494596,0.7707315,0.7559488,0.0285073760896921,0.0056599975,0.0064891577,0.015611887
Seq2Seq,9,1,0.75221366,0.74602246,0.7654304,0.75328195,0.0285073760896921,0.006191194,0.007259488,0.013216734
Seq2Seq,9,1,0.750161,0.7436771,0.762723,0.75077266,0.0285073760896921,0.0064839125,0.0070955753,0.0125620365
Seq2Seq,9,1,0.7463446,0.7419565,0.760417,0.7454222,0.0285073760896921,0.0043881536,0.003465712,0.014072359
Seq2Seq,9,1,0.7429519,0.741131,0.7584316,0.74293417,0.0285073760896921,0.0018209219,0.0018031597,0.015479684
Seq2Seq,9,1,0.7398383,0.7508025,0.77095926,0.74020684,0.0285073760896921,0.010964215,0.010595679,0.031120956
Seq2Seq,9,1,0.7371302,0.7537178,0.7754087,0.7376048,0.0285073760896921,0.016587555,0.016112983,0.03827846
Seq2Seq,9,1,0.73923695,0.7515805,0.7727474,0.7429518,0.0285073760896921,0.012343526,0.008628666,0.033510447
Seq2Seq,9,1,0.7443127,0.7471922,0.7676639,0.7480459,0.0285073760896921,0.0028795004,0.0008537173,0.023351192
Seq2Seq,9,1,0.7434762,0.7421189,0.7604946,0.7404003,0.0285073760896921,0.001357317,0.0017185807,0.017018378
Seq2Seq,9,1,0.73901343,0.73855525,0.7551196,0.73487717,0.0285073760896921,0.0004581809,0.0036780834,0.016106188
Seq2Seq,9,1,0.73085135,0.736348,0.75221366,0.7269506,0.0285073760896921,0.005496621,0.0093973875,0.021362305
Seq2Seq,9,1,0.72576994,0.7340726,0.750161,0.72707313,0.0285073760896921,0.008302689,0.0069994926,0.024391055
Seq2Seq,9,1,0.7226657,0.73116785,0.7463446,0.7245211,0.0285073760896921,0.008502126,0.0066467524,0.023678899
Seq2Seq,9,1,0.71944976,0.7284857,0.7429519,0.7193355,0.0285073760896921,0.009035945,0.009150207,0.023502171
Seq2Seq,9,1,0.71670055,0.72549397,0.7398383,0.7167227,0.0285073760896921,0.008793414,0.008771241,0.023137748
Seq2Seq,9,1,0.7153522,0.7235141,0.7371302,0.71669793,0.0285073760896921,0.008161902,0.0068161488,0.021778047
Seq2Seq,9,1,0.7135469,0.7249655,0.73923695,0.7140324,0.0285073760896921,0.011418641,0.010933101,0.025690079
Seq2Seq,9,1,0.7115744,0.72882986,0.7443127,0.7114602,0.0285073760896921,0.017255485,0.017369688,0.032738328
Seq2Seq,9,1,0.7091732,0.72685224,0.7434762,0.70871454,0.0285073760896921,0.017679036,0.018137693,0.03430301
Seq2Seq,9,1,0.70644087,0.723343,0.73901343,0.7062046,0.0285073760896921,0.016902149,0.017138422,0.032572567
Seq2Seq,9,1,0.7051698,0.7155266,0.73085135,0.7062894,0.0285073760896921,0.010356784,0.00923717,0.025681555
Seq2Seq,9,1,0.7036261,0.71220446,0.72576994,0.7037992,0.0285073760896921,0.00857836,0.008405268,0.02214384
Seq2Seq,9,1,0.7104392,0.7094876,0.7226657,0.716696,0.0285073760896921,0.00095158815,0.007208407,0.012226522
Seq2Seq,9,1,0.716818,0.7074369,0.71944976,0.71912754,0.0285073760896921,0.009381056,0.011690617,0.0026317835
Seq2Seq,9,1,0.7145769,0.70410126,0.71670055,0.70867735,0.0285073760896921,0.0104756355,0.004576087,0.002123654
Seq2Seq,9,1,0.7086587,0.7020375,0.7153522,0.70349085,0.0285073760896921,0.006621182,0.00145334,0.0066934824
Seq2Seq,9,1,0.7022049,0.69920015,0.7135469,0.7006019,0.0285073760896921,0.0030047297,0.0014017224,0.011341989
Seq2Seq,9,1,0.6972958,0.6966461,0.7115744,0.6983504,0.0285073760896921,0.0006496906,0.0017043352,0.014278591
Seq2Seq,9,1,0.6944359,0.6943202,0.7091732,0.6956424,0.0285073760896921,0.000115692616,0.0013222098,0.014737308
Seq2Seq,9,1,0.69261265,0.6907653,0.70644087,0.6931144,0.0285073760896921,0.0018473268,0.0023490787,0.013828218
Seq2Seq,9,1,0.69029355,0.6894448,0.7051698,0.6902183,0.0285073760896921,0.00084877014,0.0007735491,0.014876246
Seq2Seq,9,1,0.6876524,0.6874698,0.7036261,0.6876182,0.0285073760896921,0.00018262863,0.00014841557,0.015973687
Seq2Seq,9,1,0.685118,0.6939429,0.7104392,0.6852564,0.0285073760896921,0.008824885,0.008686483,0.025321186
Seq2Seq,9,1,0.6840759,0.6991209,0.716818,0.6852543,0.0285073760896921,0.015044987,0.013866603,0.032742083
Seq2Seq,9,1,0.68238765,0.69733065,0.7145769,0.68236774,0.0285073760896921,0.014943004,0.014962912,0.03218925
Seq2Seq,9,1,0.6847365,0.69200957,0.7086587,0.687696,0.0285073760896921,0.007273078,0.004313588,0.023922205
Seq2Seq,9,1,0.68974936,0.68640375,0.7022049,0.69305575,0.0285073760896921,0.0033456087,0.0066519976,0.012455523
Seq2Seq,9,1,0.68843937,0.6824528,0.6972958,0.684925,0.0285073760896921,0.0059865713,0.0024722219,0.008856416
Seq2Seq,9,1,0.6853373,0.6798682,0.6944359,0.6823914,0.0285073760896921,0.005469084,0.0025231838,0.009098589
Seq2Seq,9,1,0.6797372,0.6771363,0.69261265,0.67716104,0.0285073760896921,0.0026009083,2.4735928e-05,0.012875438
Seq2Seq,9,1,0.6762928,0.6738454,0.69029355,0.67732084,0.0285073760896921,0.0024473667,0.0034754276,0.014000773
Seq2Seq,9,1,0.6737749,0.67028826,0.6876524,0.6746575,0.0285073760896921,0.0034866333,0.004369259,0.013877511
Seq2Seq,9,1,0.6718956,0.6670828,0.685118,0.6720946,0.0285073760896921,0.0048128366,0.005011797,0.013222396
Seq2Seq,9,1,0.66971076,0.6651421,0.6840759,0.6694957,0.0285073760896921,0.0045686364,0.004353583,0.014365137
Seq2Seq,9,1,0.66857845,0.66329646,0.68238765,0.66945726,0.0285073760896921,0.005281985,0.0061607957,0.013809204
Seq2Seq,9,1,0.6669013,0.66446406,0.6847365,0.66700333,0.0285073760896921,0.002437234,0.002539277,0.0178352
Seq2Seq,9,1,0.6647539,0.66776204,0.68974936,0.6643222,0.0285073760896921,0.0030081272,0.0034398437,0.024995446
Seq2Seq,9,1,0.66071945,0.6681843,0.68843937,0.65908456,0.0285073760896921,0.007464826,0.009099722,0.027719915
Seq2Seq,9,1,0.6584516,0.6649359,0.6853373,0.6592332,0.0285073760896921,0.00648427,0.0057026744,0.026885688
Seq2Seq,9,1,0.65760034,0.6594127,0.6797372,0.65914655,0.0285073760896921,0.0018123388,0.00026613474,0.022136867
Seq2Seq,9,1,0.6594471,0.65614164,0.6762928,0.6619362,0.0285073760896921,0.0033054352,0.0057945848,0.016845703
Seq2Seq,9,1,0.6656579,0.6539912,0.6737749,0.66976535,0.0285073760896921,0.011666656,0.01577413,0.00811702
Seq2Seq,9,1,0.6667456,0.65248567,0.6718956,0.6645143,0.0285073760896921,0.014259934,0.012028635,0.00515002
Seq2Seq,9,1,0.6635107,0.64885163,0.66971076,0.65931696,0.0285073760896921,0.014659047,0.010465324,0.006200075
Seq2Seq,9,1,0.6589883,0.646856,0.66857845,0.65673757,0.0285073760896921,0.012132287,0.009881556,0.009590149
Seq2Seq,9,1,0.6559028,0.6446899,0.6669013,0.656601,0.0285073760896921,0.011212885,0.011911094,0.0109984875
Seq2Seq,9,1,0.6533411,0.6420989,0.6647539,0.653898,0.0285073760896921,0.011242211,0.011799097,0.011412799
Seq2Seq,9,1,0.6514693,0.6373254,0.66071945,0.65151644,0.0285073760896921,0.014143884,0.014191031,0.009250164
Seq2Seq,9,1,0.6508539,0.63445014,0.6584516,0.6516787,0.0285073760896921,0.016403735,0.017228544,0.0075977445
Seq2Seq,9,1,0.6507369,0.6332646,0.65760034,0.651705,0.0285073760896921,0.017472327,0.018440425,0.0068634152
Seq2Seq,9,1,0.6494244,0.63421035,0.6594471,0.64894354,0.0285073760896921,0.015214026,0.014733195,0.0100227
Seq2Seq,9,1,0.64882386,0.64005524,0.6656579,0.64903677,0.0285073760896921,0.008768618,0.008981526,0.01683402
Seq2Seq,9,1,0.64725083,0.6411923,0.6667456,0.6467318,0.0285073760896921,0.006058514,0.005539477,0.019494772
Seq2Seq,9,1,0.6447886,0.6381395,0.6635107,0.6440017,0.0285073760896921,0.0066491365,0.005862236,0.018722057
Seq2Seq,9,1,0.6433219,0.6339725,0.6589883,0.6437263,0.0285073760896921,0.009349346,0.009753764,0.015666425
Seq2Seq,9,1,0.64896566,0.6319033,0.6559028,0.6545077,0.0285073760896921,0.017062366,0.022604406,0.006937146
Seq2Seq,9,1,0.65783024,0.6294949,0.6533411,0.66253966,0.0285073760896921,0.028335333,0.033044755,0.004489124
Persistence,10,6,0.79786134,0.83046263,0.83046263,0.7975671,0.0268489997833967,0.032601297,0.032895505,0.032601297
Persistence,10,6,0.7944113,0.82579786,0.82579786,0.79390675,0.0268489997833967,0.031386554,0.031891108,0.031386554
Persistence,10,6,0.79050976,0.8213844,0.8213844,0.7900301,0.0268489997833967,0.03087461,0.03135425,0.03087461
Persistence,10,6,0.78735495,0.81726515,0.81726515,0.78778255,0.0268489997833967,0.029910207,0.029482603,0.029910207
Persistence,10,6,0.791663,0.8150542,0.8150542,0.7975085,0.0268489997833967,0.023391187,0.0175457,0.023391187
Persistence,10,6,0.7940484,0.8125905,0.8125905,0.79490376,0.0268489997833967,0.018542051,0.017686725,0.018542051
Persistence,10,6,0.7930461,0.8094555,0.8094555,0.79039764,0.0268489997833967,0.016409397,0.01905787,0.016409397
Persistence,10,6,0.7886838,0.8066751,0.8066751,0.7852167,0.0268489997833967,0.017991304,0.021458387,0.017991304
Persistence,10,6,0.78350675,0.8031928,0.8031928,0.78216845,0.0268489997833967,0.019686043,0.021024346,0.019686043
Persistence,10,6,0.7789081,0.800888,0.800888,0.7791535,0.0268489997833967,0.021979928,0.021734476,0.021979928
Persistence,10,6,0.7759939,0.79786134,0.79786134,0.77685744,0.0268489997833967,0.021867454,0.021003902,0.021867454
Persistence,10,6,0.7740599,0.7944113,0.7944113,0.7747641,0.0268489997833967,0.02035141,0.019647181,0.02035141
Persistence,10,6,0.7681875,0.79050976,0.79050976,0.7654678,0.0268489997833967,0.022322237,0.025041938,0.022322237
Persistence,10,6,0.7629584,0.78735495,0.78735495,0.7623867,0.0268489997833967,0.024396539,0.024968266,0.024396539
Persistence,10,6,0.7589047,0.791663,0.791663,0.7598371,0.0268489997833967,0.032758296,0.0318259,0.032758296
Persistence,10,6,0.7553898,0.7940484,0.7940484,0.7561849,0.0268489997833967,0.03865862,0.037863553,0.03865862
Persistence,10,6,0.7507764,0.7930461,0.7930461,0.74995726,0.0268489997833967,0.042269707,0.043088853,0.042269707
Persistence,10,6,0.7465407,0.7886838,0.7886838,0.7463125,0.0268489997833967,0.042143047,0.042371273,0.042143047
Persistence,10,6,0.74440646,0.78350675,0.78350675,0.7462012,0.0268489997833967,0.03910029,0.037305534,0.03910029
Persistence,10,6,0.7420111,0.7789081,0.7789081,0.742651,0.0268489997833967,0.036897004,0.03625709,0.036897004
Persistence,10,6,0.73904765,0.7759939,0.7759939,0.73860407,0.0268489997833967,0.036946237,0.037389815,0.036946237
Persistence,10,6,0.7354499,0.7740599,0.7740599,0.7347369,0.0268489997833967,0.03860998,0.039322972,0.03860998
Persistence,10,6,0.7493426,0.7681875,0.7681875,0.762542,0.0268489997833967,0.018844903,0.0056455135,0.018844903
Persistence,10,6,0.76744765,0.7629584,0.7629584,0.7762844,0.0268489997833967,0.004489243,0.013325989,0.004489243
Persistence,10,6,0.77602,0.7589047,0.7589047,0.77138764,0.0268489997833967,0.017115295,0.012482941,0.017115295
Persistence,10,6,0.775618,0.7553898,0.7553898,0.7665966,0.0268489997833967,0.020228207,0.011206806,0.020228207
Persistence,10,6,0.76635563,0.7507764,0.7507764,0.7576361,0.0268489997833967,0.015579224,0.00685966,0.015579224
Persistence,10,6,0.7563352,0.7465407,0.7465407,0.7537495,0.0268489997833967,0.009794474,0.0072087646,0.009794474
Persistence,10,6,0.7463661,0.74440646,0.74440646,0.74481446,0.0268489997833967,0.001959622,0.0004079938,0.001959622
Persistence,10,6,0.73901045,0.7420111,0.7420111,0.73903894,0.0268489997833967,0.003000617,0.002972126,0.003000617
Persistence,10,6,0.73378956,0.73904765,0.73904765,0.73500174,0.0268489997833967,0.0052580833,0.0040459037,0.0052580833
Persistence,10,6,0.72815484,0.7354499,0.7354499,0.72828114,0.0268489997833967,0.007295072,0.00716877,0.007295072
Persistence,10,6,0.7228006,0.7493426,0.7493426,0.7229885,0.0268489997833967,0.026542008,0.026354134,0.026542008
Persistence,10,6,0.71676093,0.76744765,0.76744765,0.7162928,0.0268489997833967,0.050686717,0.051154852,0.050686717
Persistence,10,6,0.71027476,0.77602,0.77602,0.70986724,0.0268489997833967,0.065745234,0.06615275,0.065745234
Persistence,10,6,0.70203656,0.775618,0.775618,0.70063126,0.0268489997833967,0.07358146,0.074986756,0.07358146
Persistence,10,6,0.6937874,0.76635563,0.76635563,0.69314724,0.0268489997833967,0.07256824,0.07320839,0.07256824
Persistence,10,6,0.6893695,0.7563352,0.7563352,0.6920651,0.0268489997833967,0.0669657,0.06427008,0.0669657
Persistence,10,6,0.68298423,0.7463661,0.7463661,0.68258715,0.0268489997833967,0.06338185,0.06377894,0.06338185
Persistence,10,6,0.6792447,0.73901045,0.73901045,0.6807542,0.0268489997833967,0.059765756,0.05825627,0.059765756
Persistence,10,6,0.67512226,0.73378956,0.73378956,0.6755008,0.0268489997833967,0.058667302,0.058288753,0.058667302
Persistence,10,6,0.66691285,0.72815484,0.72815484,0.6641294,0.0268489997833967,0.061241984,0.06402546,0.061241984
Persistence,10,6,0.6616863,0.7228006,0.7228006,0.66286033,0.0268489997833967,0.06111431,0.05994028,0.06111431
Persistence,10,6,0.6525035,0.71676093,0.71676093,0.650163,0.0268489997833967,0.06425744,0.06659794,0.06425744
Persistence,10,6,0.64432216,0.71027476,0.71027476,0.6440536,0.0268489997833967,0.0659526,0.06622118,0.0659526
Persistence,10,6,0.6375154,0.70203656,0.70203656,0.63839006,0.0268489997833967,0.064521134,0.063646495,0.064521134
MQAttn-LSTM-VQR,10,6,0.79786134,0.80063117,0.83046263,0.7975671,0.0268489997833967,0.0027698278,0.0030640364,0.032601297
MQAttn-LSTM-VQR,10,6,0.7944113,0.7912724,0.82579786,0.79390675,0.0268489997833967,0.0031388998,0.0026343465,0.031386554
MQAttn-LSTM-VQR,10,6,0.79050976,0.7869904,0.8213844,0.7900301,0.0268489997833967,0.0035193563,0.0030397177,0.03087461
MQAttn-LSTM-VQR,10,6,0.78735495,0.7836396,0.81726515,0.78778255,0.0268489997833967,0.0037153363,0.00414294,0.029910207
MQAttn-LSTM-VQR,10,6,0.791663,0.79649353,0.8150542,0.7975085,0.0268489997833967,0.004830539,0.0010149479,0.023391187
MQAttn-LSTM-VQR,10,6,0.7940484,0.7835591,0.8125905,0.79490376,0.0268489997833967,0.010489345,0.011344671,0.018542051
MQAttn-LSTM-VQR,10,6,0.7930461,0.7790654,0.8094555,0.79039764,0.0268489997833967,0.013980746,0.0113322735,0.016409397
MQAttn-LSTM-VQR,10,6,0.7886838,0.77542716,0.8066751,0.7852167,0.0268489997833967,0.013256609,0.009789526,0.017991304
MQAttn-LSTM-VQR,10,6,0.78350675,0.7710249,0.8031928,0.78216845,0.0268489997833967,0.012481868,0.011143565,0.019686043
MQAttn-LSTM-VQR,10,6,0.7789081,0.78536445,0.800888,0.7791535,0.0268489997833967,0.006456375,0.006210923,0.021979928
MQAttn-LSTM-VQR,10,6,0.7759939,0.77165323,0.79786134,0.77685744,0.0268489997833967,0.0043406487,0.0052042007,0.021867454
MQAttn-LSTM-VQR,10,6,0.7740599,0.7650738,0.7944113,0.7747641,0.0268489997833967,0.008986115,0.009690344,0.02035141
MQAttn-LSTM-VQR,10,6,0.7681875,0.7611891,0.79050976,0.7654678,0.0268489997833967,0.0069984198,0.0042787194,0.022322237
MQAttn-LSTM-VQR,10,6,0.7629584,0.7580676,0.78735495,0.7623867,0.0268489997833967,0.0048907995,0.004319072,0.024396539
MQAttn-LSTM-VQR,10,6,0.7589047,0.7777913,0.791663,0.7598371,0.0268489997833967,0.018886626,0.01795423,0.032758296
MQAttn-LSTM-VQR,10,6,0.7553898,0.7825401,0.7940484,0.7561849,0.0268489997833967,0.027150273,0.026355207,0.03865862
MQAttn-LSTM-VQR,10,6,0.7507764,0.7684551,0.7930461,0.74995726,0.0268489997833967,0.017678678,0.018497825,0.042269707
MQAttn-LSTM-VQR,10,6,0.7465407,0.76024425,0.7886838,0.7463125,0.0268489997833967,0.013703525,0.013931751,0.042143047
MQAttn-LSTM-VQR,10,6,0.74440646,0.75387555,0.78350675,0.7462012,0.0268489997833967,0.009469092,0.0076743364,0.03910029
MQAttn-LSTM-VQR,10,6,0.7420111,0.7483248,0.7789081,0.742651,0.0268489997833967,0.006313741,0.0056738257,0.036897004
MQAttn-LSTM-VQR,10,6,0.73904765,0.760104,0.7759939,0.73860407,0.0268489997833967,0.021056354,0.021499932,0.036946237
MQAttn-LSTM-VQR,10,6,0.7354499,0.7492052,0.7740599,0.7347369,0.0268489997833967,0.013755262,0.014468253,0.03860998
MQAttn-LSTM-VQR,10,6,0.7493426,0.74080175,0.7681875,0.762542,0.0268489997833967,0.008540869,0.021740258,0.018844903
MQAttn-LSTM-VQR,10,6,0.76744765,0.7516298,0.7629584,0.7762844,0.0268489997833967,0.015817821,0.024654567,0.004489243
MQAttn-LSTM-VQR,10,6,0.77602,0.7402472,0.7589047,0.77138764,0.0268489997833967,0.0357728,0.031140447,0.017115295
MQAttn-LSTM-VQR,10,6,0.775618,0.7335886,0.7553898,0.7665966,0.0268489997833967,0.04202944,0.03300804,0.020228207
MQAttn-LSTM-VQR,10,6,0.76635563,0.7276511,0.7507764,0.7576361,0.0268489997833967,0.038704515,0.029984951,0.015579224
MQAttn-LSTM-VQR,10,6,0.7563352,0.74209166,0.7465407,0.7537495,0.0268489997833967,0.014243543,0.011657834,0.009794474
MQAttn-LSTM-VQR,10,6,0.7463661,0.7318033,0.74440646,0.74481446,0.0268489997833967,0.014562786,0.0130111575,0.001959622
MQAttn-LSTM-VQR,10,6,0.73901045,0.7245037,0.7420111,0.73903894,0.0268489997833967,0.014506757,0.014535248,0.003000617
MQAttn-LSTM-VQR,10,6,0.73378956,0.72021234,0.73904765,0.73500174,0.0268489997833967,0.013577223,0.0147894025,0.0052580833
MQAttn-LSTM-VQR,10,6,0.72815484,0.71709776,0.7354499,0.72828114,0.0268489997833967,0.011057079,0.011183381,0.007295072
MQAttn-LSTM-VQR,10,6,0.7228006,0.7320316,0.7493426,0.7229885,0.0268489997833967,0.009230971,0.0090430975,0.026542008
MQAttn-LSTM-VQR,10,6,0.71676093,0.7592363,0.76744765,0.7162928,0.0268489997833967,0.042475343,0.042943478,0.050686717
MQAttn-LSTM-VQR,10,6,0.71027476,0.7428952,0.77602,0.70986724,0.0268489997833967,0.03262043,0.033027947,0.065745234
MQAttn-LSTM-VQR,10,6,0.70203656,0.72846305,0.775618,0.70063126,0.0268489997833967,0.026426494,0.027831793,0.07358146
MQAttn-LSTM-VQR,10,6,0.6937874,0.71137106,0.76635563,0.69314724,0.0268489997833967,0.017583668,0.018223822,0.07256824
MQAttn-LSTM-VQR,10,6,0.6893695,0.69776326,0.7563352,0.6920651,0.0268489997833967,0.0083937645,0.0056981444,0.0669657
MQAttn-LSTM-VQR,10,6,0.68298423,0.68380535,0.7463661,0.68258715,0.0268489997833967,0.0008211136,0.0012181997,0.06338185
MQAttn-LSTM-VQR,10,6,0.6792447,0.6803324,0.73901045,0.6807542,0.0268489997833967,0.0010877252,0.00042176247,0.059765756
MQAttn-LSTM-VQR,10,6,0.67512226,0.67923826,0.73378956,0.6755008,0.0268489997833967,0.0041159987,0.0037374496,0.058667302
MQAttn-LSTM-VQR,10,6,0.66691285,0.6770358,0.72815484,0.6641294,0.0268489997833967,0.010122955,0.012906432,0.061241984
MQAttn-LSTM-VQR,10,6,0.6616863,0.67579746,0.7228006,0.66286033,0.0268489997833967,0.014111161,0.012937129,0.06111431
MQAttn-LSTM-VQR,10,6,0.6525035,0.6733344,0.71676093,0.650163,0.0268489997833967,0.02083093,0.023171425,0.06425744
MQAttn-LSTM-VQR,10,6,0.64432216,0.6696674,0.71027476,0.6440536,0.0268489997833967,0.025345266,0.025613844,0.0659526
MQAttn-LSTM-VQR,10,6,0.6375154,0.6650702,0.70203656,0.63839006,0.0268489997833967,0.02755475,0.026680112,0.064521134
MQAttn-LSTM-VQR classical twin,10,6,0.79786134,0.8043123,0.83046263,0.7975671,0.0268489997833967,0.006450951,0.0067451596,0.032601297
MQAttn-LSTM-VQR classical twin,10,6,0.7944113,0.79947156,0.82579786,0.79390675,0.0268489997833967,0.0050602555,0.005564809,0.031386554
MQAttn-LSTM-VQR classical twin,10,6,0.79050976,0.79377383,0.8213844,0.7900301,0.0268489997833967,0.0032640696,0.0037437081,0.03087461
MQAttn-LSTM-VQR classical twin,10,6,0.78735495,0.788981,0.81726515,0.78778255,0.0268489997833967,0.0016260743,0.0011984706,0.029910207
MQAttn-LSTM-VQR classical twin,10,6,0.791663,0.7837532,0.8150542,0.7975085,0.0268489997833967,0.007909775,0.013755262,0.023391187
MQAttn-LSTM-VQR classical twin,10,6,0.7940484,0.7816778,0.8125905,0.79490376,0.0268489997833967,0.012370646,0.013225973,0.018542051
MQAttn-LSTM-VQR classical twin,10,6,0.7930461,0.7792299,0.8094555,0.79039764,0.0268489997833967,0.013816237,0.011167765,0.016409397
MQAttn-LSTM-VQR classical twin,10,6,0.7886838,0.7767947,0.8066751,0.7852167,0.0268489997833967,0.0118891,0.008422017,0.017991304
MQAttn-LSTM-VQR classical twin,10,6,0.78350675,0.7740815,0.8031928,0.78216845,0.0268489997833967,0.009425223,0.00808692,0.019686043
MQAttn-LSTM-VQR classical twin,10,6,0.7789081,0.7683974,0.800888,0.7791535,0.0268489997833967,0.010510683,0.010756135,0.021979928
MQAttn-LSTM-VQR classical twin,10,6,0.7759939,0.76664066,0.79786134,0.77685744,0.0268489997833967,0.00935322,0.010216773,0.021867454
MQAttn-LSTM-VQR classical twin,10,6,0.7740599,0.7655298,0.7944113,0.7747641,0.0268489997833967,0.00853008,0.009234309,0.02035141
MQAttn-LSTM-VQR classical twin,10,6,0.7681875,0.76168877,0.79050976,0.7654678,0.0268489997833967,0.006498754,0.0037790537,0.022322237
MQAttn-LSTM-VQR classical twin,10,6,0.7629584,0.7606536,0.78735495,0.7623867,0.0268489997833967,0.0023047924,0.0017330647,0.024396539
MQAttn-LSTM-VQR classical twin,10,6,0.7589047,0.76166826,0.791663,0.7598371,0.0268489997833967,0.0027635694,0.0018311739,0.032758296
MQAttn-LSTM-VQR classical twin,10,6,0.7553898,0.7615976,0.7940484,0.7561849,0.0268489997833967,0.006207764,0.005412698,0.03865862
MQAttn-LSTM-VQR classical twin,10,6,0.7507764,0.76373273,0.7930461,0.74995726,0.0268489997833967,0.012956321,0.013775468,0.042269707
MQAttn-LSTM-VQR classical twin,10,6,0.7465407,0.76251584,0.7886838,0.7463125,0.0268489997833967,0.015975118,0.016203344,0.042143047
MQAttn-LSTM-VQR classical twin,10,6,0.74440646,0.759159,0.78350675,0.7462012,0.0268489997833967,0.014752567,0.012957811,0.03910029
MQAttn-LSTM-VQR classical twin,10,6,0.7420111,0.75495124,0.7789081,0.742651,0.0268489997833967,0.012940168,0.012300253,0.036897004
MQAttn-LSTM-VQR classical twin,10,6,0.73904765,0.74908876,0.7759939,0.73860407,0.0268489997833967,0.010041118,0.010484695,0.036946237
MQAttn-LSTM-VQR classical twin,10,6,0.7354499,0.74977577,0.7740599,0.7347369,0.0268489997833967,0.014325857,0.015038848,0.03860998
MQAttn-LSTM-VQR classical twin,10,6,0.7493426,0.74688196,0.7681875,0.762542,0.0268489997833967,0.0024606586,0.015660048,0.018844903
MQAttn-LSTM-VQR classical twin,10,6,0.76744765,0.73723984,0.7629584,0.7762844,0.0268489997833967,0.030207813,0.03904456,0.004489243
MQAttn-LSTM-VQR classical twin,10,6,0.77602,0.73496234,0.7589047,0.77138764,0.0268489997833967,0.041057646,0.036425292,0.017115295
MQAttn-LSTM-VQR classical twin,10,6,0.775618,0.73451823,0.7553898,0.7665966,0.0268489997833967,0.041099787,0.032078385,0.020228207
MQAttn-LSTM-VQR classical twin,10,6,0.76635563,0.7308382,0.7507764,0.7576361,0.0268489997833967,0.035517454,0.02679789,0.015579224
MQAttn-LSTM-VQR classical twin,10,6,0.7563352,0.72274274,0.7465407,0.7537495,0.0268489997833967,0.033592463,0.031006753,0.009794474
MQAttn-LSTM-VQR classical twin,10,6,0.7463661,0.7218916,0.74440646,0.74481446,0.0268489997833967,0.024474502,0.022922873,0.001959622
MQAttn-LSTM-VQR classical twin,10,6,0.73901045,0.7230895,0.7420111,0.73903894,0.0268489997833967,0.015920937,0.015949428,0.003000617
MQAttn-LSTM-VQR classical twin,10,6,0.73378956,0.7223144,0.73904765,0.73500174,0.0268489997833967,0.011475146,0.0126873255,0.0052580833
MQAttn-LSTM-VQR classical twin,10,6,0.72815484,0.7194961,0.7354499,0.72828114,0.0268489997833967,0.008658767,0.008785069,0.007295072
MQAttn-LSTM-VQR classical twin,10,6,0.7228006,0.7371245,0.7493426,0.7229885,0.0268489997833967,0.01432389,0.014136016,0.026542008
MQAttn-LSTM-VQR classical twin,10,6,0.71676093,0.7551034,0.76744765,0.7162928,0.0268489997833967,0.038342476,0.03881061,0.050686717
MQAttn-LSTM-VQR classical twin,10,6,0.71027476,0.7522281,0.77602,0.70986724,0.0268489997833967,0.041953325,0.042360842,0.065745234
MQAttn-LSTM-VQR classical twin,10,6,0.70203656,0.7484333,0.775618,0.70063126,0.0268489997833967,0.046396732,0.04780203,0.07358146
MQAttn-LSTM-VQR classical twin,10,6,0.6937874,0.7368938,0.76635563,0.69314724,0.0268489997833967,0.043106377,0.04374653,0.07256824
MQAttn-LSTM-VQR classical twin,10,6,0.6893695,0.72522074,0.7563352,0.6920651,0.0268489997833967,0.03585124,0.03315562,0.0669657
MQAttn-LSTM-VQR classical twin,10,6,0.68298423,0.7154556,0.7463661,0.68258715,0.0268489997833967,0.03247136,0.032868445,0.06338185
MQAttn-LSTM-VQR classical twin,10,6,0.6792447,0.70569,0.73901045,0.6807542,0.0268489997833967,0.02644533,0.024935842,0.059765756
MQAttn-LSTM-VQR classical twin,10,6,0.67512226,0.70114434,0.73378956,0.6755008,0.0268489997833967,0.026022077,0.025643528,0.058667302
MQAttn-LSTM-VQR classical twin,10,6,0.66691285,0.6959865,0.72815484,0.6641294,0.0268489997833967,0.029073656,0.031857133,0.061241984
MQAttn-LSTM-VQR classical twin,10,6,0.6616863,0.6904005,0.7228006,0.66286033,0.0268489997833967,0.02871418,0.027540147,0.06111431
MQAttn-LSTM-VQR classical twin,10,6,0.6525035,0.68634504,0.71676093,0.650163,0.0268489997833967,0.03384155,0.036182046,0.06425744
MQAttn-LSTM-VQR classical twin,10,6,0.64432216,0.67789483,0.71027476,0.6440536,0.0268489997833967,0.033572674,0.033841252,0.0659526
MQAttn-LSTM-VQR classical twin,10,6,0.6375154,0.6703192,0.70203656,0.63839006,0.0268489997833967,0.032803774,0.031929135,0.064521134
MQAttn-QLSTM-VQR,10,6,0.79786134,0.80462575,0.83046263,0.7975671,0.0268489997833967,0.006764412,0.0070586205,0.032601297
MQAttn-QLSTM-VQR,10,6,0.7944113,0.8007173,0.82579786,0.79390675,0.0268489997833967,0.0063059926,0.006810546,0.031386554
MQAttn-QLSTM-VQR,10,6,0.79050976,0.79710317,0.8213844,0.7900301,0.0268489997833967,0.006593406,0.007073045,0.03087461
MQAttn-QLSTM-VQR,10,6,0.78735495,0.7935623,0.81726515,0.78778255,0.0268489997833967,0.006207347,0.005779743,0.029910207
MQAttn-QLSTM-VQR,10,6,0.791663,0.7890627,0.8150542,0.7975085,0.0268489997833967,0.0026003122,0.008445799,0.023391187
MQAttn-QLSTM-VQR,10,6,0.7940484,0.78787607,0.8125905,0.79490376,0.0268489997833967,0.006172359,0.0070276856,0.018542051
MQAttn-QLSTM-VQR,10,6,0.7930461,0.7857681,0.8094555,0.79039764,0.0268489997833967,0.007278025,0.0046295524,0.016409397
MQAttn-QLSTM-VQR,10,6,0.7886838,0.7833867,0.8066751,0.7852167,0.0268489997833967,0.005297065,0.0018299818,0.017991304
MQAttn-QLSTM-VQR,10,6,0.78350675,0.78020585,0.8031928,0.78216845,0.0268489997833967,0.0033009052,0.0019626021,0.019686043
MQAttn-QLSTM-VQR,10,6,0.7789081,0.77618986,0.800888,0.7791535,0.0268489997833967,0.0027182102,0.0029636621,0.021979928
MQAttn-QLSTM-VQR,10,6,0.7759939,0.77437276,0.79786134,0.77685744,0.0268489997833967,0.0016211271,0.0024846792,0.021867454
MQAttn-QLSTM-VQR,10,6,0.7740599,0.7711857,0.7944113,0.7747641,0.0268489997833967,0.0028741956,0.0035784245,0.02035141
MQAttn-QLSTM-VQR,10,6,0.7681875,0.768234,0.79050976,0.7654678,0.0268489997833967,4.6491623e-05,0.002766192,0.022322237
MQAttn-QLSTM-VQR,10,6,0.7629584,0.7655719,0.78735495,0.7623867,0.0268489997833967,0.0026134849,0.0031852126,0.024396539
MQAttn-QLSTM-VQR,10,6,0.7589047,0.7677662,0.791663,0.7598371,0.0268489997833967,0.008861482,0.007929087,0.032758296
MQAttn-QLSTM-VQR,10,6,0.7553898,0.7699342,0.7940484,0.7561849,0.0268489997833967,0.014544368,0.013749301,0.03865862
MQAttn-QLSTM-VQR,10,6,0.7507764,0.77027327,0.7930461,0.74995726,0.0268489997833967,0.019496858,0.020316005,0.042269707
MQAttn-QLSTM-VQR,10,6,0.7465407,0.76693434,0.7886838,0.7463125,0.0268489997833967,0.02039361,0.020621836,0.042143047
MQAttn-QLSTM-VQR,10,6,0.74440646,0.762366,0.78350675,0.7462012,0.0268489997833967,0.017959535,0.01616478,0.03910029
MQAttn-QLSTM-VQR,10,6,0.7420111,0.7583173,0.7789081,0.742651,0.0268489997833967,0.016306221,0.015666306,0.036897004
MQAttn-QLSTM-VQR,10,6,0.73904765,0.7548318,0.7759939,0.73860407,0.0268489997833967,0.015784144,0.016227722,0.036946237
MQAttn-QLSTM-VQR,10,6,0.7354499,0.7537347,0.7740599,0.7347369,0.0268489997833967,0.018284798,0.018997788,0.03860998
MQAttn-QLSTM-VQR,10,6,0.7493426,0.7477721,0.7681875,0.762542,0.0268489997833967,0.0015705228,0.014769912,0.018844903
MQAttn-QLSTM-VQR,10,6,0.76744765,0.74237484,0.7629584,0.7762844,0.0268489997833967,0.025072813,0.03390956,0.004489243
MQAttn-QLSTM-VQR,10,6,0.77602,0.7392946,0.7589047,0.77138764,0.0268489997833967,0.036725402,0.032093048,0.017115295
MQAttn-QLSTM-VQR,10,6,0.775618,0.7364334,0.7553898,0.7665966,0.0268489997833967,0.03918463,0.030163229,0.020228207
MQAttn-QLSTM-VQR,10,6,0.76635563,0.73215854,0.7507764,0.7576361,0.0268489997833967,0.034197092,0.025477529,0.015579224
MQAttn-QLSTM-VQR,10,6,0.7563352,0.72769266,0.7465407,0.7537495,0.0268489997833967,0.028642535,0.026056826,0.009794474
MQAttn-QLSTM-VQR,10,6,0.7463661,0.7260438,0.74440646,0.74481446,0.0268489997833967,0.020322263,0.018770635,0.001959622
MQAttn-QLSTM-VQR,10,6,0.73901045,0.72395283,0.7420111,0.73903894,0.0268489997833967,0.015057623,0.015086114,0.003000617
MQAttn-QLSTM-VQR,10,6,0.73378956,0.7212601,0.73904765,0.73500174,0.0268489997833967,0.012529492,0.013741672,0.0052580833
MQAttn-QLSTM-VQR,10,6,0.72815484,0.7179276,0.7354499,0.72828114,0.0268489997833967,0.010227263,0.010353565,0.007295072
MQAttn-QLSTM-VQR,10,6,0.7228006,0.7431031,0.7493426,0.7229885,0.0268489997833967,0.020302474,0.0201146,0.026542008
MQAttn-QLSTM-VQR,10,6,0.71676093,0.72999763,0.76744765,0.7162928,0.0268489997833967,0.0132367015,0.013704836,0.050686717
MQAttn-QLSTM-VQR,10,6,0.71027476,0.72772086,0.77602,0.70986724,0.0268489997833967,0.0174461,0.017853618,0.065745234
MQAttn-QLSTM-VQR,10,6,0.70203656,0.72284126,0.775618,0.70063126,0.0268489997833967,0.020804703,0.022210002,0.07358146
MQAttn-QLSTM-VQR,10,6,0.6937874,0.7117568,0.76635563,0.69314724,0.0268489997833967,0.01796943,0.018609583,0.07256824
MQAttn-QLSTM-VQR,10,6,0.6893695,0.7016765,0.7563352,0.6920651,0.0268489997833967,0.012306988,0.009611368,0.0669657
MQAttn-QLSTM-VQR,10,6,0.68298423,0.6905159,0.7463661,0.68258715,0.0268489997833967,0.007531643,0.007928729,0.06338185
MQAttn-QLSTM-VQR,10,6,0.6792447,0.6852503,0.73901045,0.6807542,0.0268489997833967,0.006005585,0.0044960976,0.059765756
MQAttn-QLSTM-VQR,10,6,0.67512226,0.6818486,0.73378956,0.6755008,0.0268489997833967,0.0067263246,0.0063477755,0.058667302
MQAttn-QLSTM-VQR,10,6,0.66691285,0.6772964,0.72815484,0.6641294,0.0268489997833967,0.010383546,0.013167024,0.061241984
MQAttn-QLSTM-VQR,10,6,0.6616863,0.674075,0.7228006,0.66286033,0.0268489997833967,0.012388706,0.0112146735,0.06111431
MQAttn-QLSTM-VQR,10,6,0.6525035,0.6680305,0.71676093,0.650163,0.0268489997833967,0.01552701,0.017867506,0.06425744
MQAttn-QLSTM-VQR,10,6,0.64432216,0.6636175,0.71027476,0.6440536,0.0268489997833967,0.019295335,0.019563913,0.0659526
MQAttn-QLSTM-VQR,10,6,0.6375154,0.65739524,0.70203656,0.63839006,0.0268489997833967,0.019879818,0.01900518,0.064521134
MQAttn-QLSTM-VQR classical twin,10,6,0.79786134,0.80081254,0.83046263,0.7975671,0.0268489997833967,0.0029512048,0.0032454133,0.032601297
MQAttn-QLSTM-VQR classical twin,10,6,0.7944113,0.7989183,0.82579786,0.79390675,0.0268489997833967,0.004507005,0.0050115585,0.031386554
MQAttn-QLSTM-VQR classical twin,10,6,0.79050976,0.79480404,0.8213844,0.7900301,0.0268489997833967,0.0042942762,0.004773915,0.03087461
MQAttn-QLSTM-VQR classical twin,10,6,0.78735495,0.7913109,0.81726515,0.78778255,0.0268489997833967,0.0039559603,0.0035283566,0.029910207
MQAttn-QLSTM-VQR classical twin,10,6,0.791663,0.78703976,0.8150542,0.7975085,0.0268489997833967,0.0046232343,0.010468721,0.023391187
MQAttn-QLSTM-VQR classical twin,10,6,0.7940484,0.78640574,0.8125905,0.79490376,0.0268489997833967,0.0076426864,0.008498013,0.018542051
MQAttn-QLSTM-VQR classical twin,10,6,0.7930461,0.7841567,0.8094555,0.79039764,0.0268489997833967,0.008889437,0.006240964,0.016409397
MQAttn-QLSTM-VQR classical twin,10,6,0.7886838,0.7814035,0.8066751,0.7852167,0.0268489997833967,0.00728029,0.0038132071,0.017991304
MQAttn-QLSTM-VQR classical twin,10,6,0.78350675,0.7780775,0.8031928,0.78216845,0.0268489997833967,0.005429268,0.004090965,0.019686043
MQAttn-QLSTM-VQR classical twin,10,6,0.7789081,0.7751882,0.800888,0.7791535,0.0268489997833967,0.0037198663,0.003965318,0.021979928
MQAttn-QLSTM-VQR classical twin,10,6,0.7759939,0.77346796,0.79786134,0.77685744,0.0268489997833967,0.0025259256,0.0033894777,0.021867454
MQAttn-QLSTM-VQR classical twin,10,6,0.7740599,0.76934075,0.7944113,0.7747641,0.0268489997833967,0.004719138,0.005423367,0.02035141
MQAttn-QLSTM-VQR classical twin,10,6,0.7681875,0.76682687,0.79050976,0.7654678,0.0268489997833967,0.0013606548,0.0013590455,0.022322237
MQAttn-QLSTM-VQR classical twin,10,6,0.7629584,0.76406205,0.78735495,0.7623867,0.0268489997833967,0.0011036396,0.0016753674,0.024396539
MQAttn-QLSTM-VQR classical twin,10,6,0.7589047,0.7662889,0.791663,0.7598371,0.0268489997833967,0.007384181,0.0064517856,0.032758296
MQAttn-QLSTM-VQR classical twin,10,6,0.7553898,0.7703788,0.7940484,0.7561849,0.0268489997833967,0.014989018,0.014193952,0.03865862
MQAttn-QLSTM-VQR classical twin,10,6,0.7507764,0.7705764,0.7930461,0.74995726,0.0268489997833967,0.019800007,0.020619154,0.042269707
MQAttn-QLSTM-VQR classical twin,10,6,0.7465407,0.7667067,0.7886838,0.7463125,0.0268489997833967,0.02016598,0.020394206,0.042143047
MQAttn-QLSTM-VQR classical twin,10,6,0.74440646,0.76165944,0.78350675,0.7462012,0.0268489997833967,0.017252982,0.015458226,0.03910029
MQAttn-QLSTM-VQR classical twin,10,6,0.7420111,0.7575963,0.7789081,0.742651,0.0268489997833967,0.015585244,0.014945328,0.036897004
MQAttn-QLSTM-VQR classical twin,10,6,0.73904765,0.7543337,0.7759939,0.73860407,0.0268489997833967,0.015286028,0.015729606,0.036946237
MQAttn-QLSTM-VQR classical twin,10,6,0.7354499,0.7539969,0.7740599,0.7347369,0.0268489997833967,0.018546999,0.01925999,0.03860998
MQAttn-QLSTM-VQR classical twin,10,6,0.7493426,0.7472235,0.7681875,0.762542,0.0268489997833967,0.002119124,0.015318513,0.018844903
MQAttn-QLSTM-VQR classical twin,10,6,0.76744765,0.74190354,0.7629584,0.7762844,0.0268489997833967,0.025544107,0.034380853,0.004489243
MQAttn-QLSTM-VQR classical twin,10,6,0.77602,0.7396891,0.7589047,0.77138764,0.0268489997833967,0.03633088,0.031698525,0.017115295
MQAttn-QLSTM-VQR classical twin,10,6,0.775618,0.73674744,0.7553898,0.7665966,0.0268489997833967,0.038870573,0.029849172,0.020228207
MQAttn-QLSTM-VQR classical twin,10,6,0.76635563,0.73214865,0.7507764,0.7576361,0.0268489997833967,0.034206986,0.025487423,0.015579224
MQAttn-QLSTM-VQR classical twin,10,6,0.7563352,0.7272768,0.7465407,0.7537495,0.0268489997833967,0.029058397,0.026472688,0.009794474
MQAttn-QLSTM-VQR classical twin,10,6,0.7463661,0.7266662,0.74440646,0.74481446,0.0268489997833967,0.019699872,0.018148243,0.001959622
MQAttn-QLSTM-VQR classical twin,10,6,0.73901045,0.7244765,0.7420111,0.73903894,0.0268489997833967,0.014533937,0.014562428,0.003000617
MQAttn-QLSTM-VQR classical twin,10,6,0.73378956,0.72169435,0.73904765,0.73500174,0.0268489997833967,0.012095213,0.013307393,0.0052580833
MQAttn-QLSTM-VQR classical twin,10,6,0.72815484,0.71828526,0.7354499,0.72828114,0.0268489997833967,0.0098695755,0.009995878,0.007295072
MQAttn-QLSTM-VQR classical twin,10,6,0.7228006,0.740665,0.7493426,0.7229885,0.0268489997833967,0.017864406,0.017676532,0.026542008
MQAttn-QLSTM-VQR classical twin,10,6,0.71676093,0.7134772,0.76744765,0.7162928,0.0268489997833967,0.003283739,0.0028156042,0.050686717
MQAttn-QLSTM-VQR classical twin,10,6,0.71027476,0.71633065,0.77602,0.70986724,0.0268489997833967,0.0060558915,0.0064634085,0.065745234
MQAttn-QLSTM-VQR classical twin,10,6,0.70203656,0.7155158,0.775618,0.70063126,0.0268489997833967,0.013479233,0.0148845315,0.07358146
MQAttn-QLSTM-VQR classical twin,10,6,0.6937874,0.705971,0.76635563,0.69314724,0.0268489997833967,0.012183607,0.0128237605,0.07256824
MQAttn-QLSTM-VQR classical twin,10,6,0.6893695,0.69582486,0.7563352,0.6920651,0.0268489997833967,0.006455362,0.0037597418,0.0669657
MQAttn-QLSTM-VQR classical twin,10,6,0.68298423,0.68576175,0.7463661,0.68258715,0.0268489997833967,0.0027775168,0.003174603,0.06338185
MQAttn-QLSTM-VQR classical twin,10,6,0.6792447,0.6788371,0.73901045,0.6807542,0.0268489997833967,0.00040757656,0.0019170642,0.059765756
MQAttn-QLSTM-VQR classical twin,10,6,0.67512226,0.6740443,0.73378956,0.6755008,0.0268489997833967,0.00107795,0.0014564991,0.058667302
MQAttn-QLSTM-VQR classical twin,10,6,0.66691285,0.66866505,0.72815484,0.6641294,0.0268489997833967,0.0017521977,0.004535675,0.061241984
MQAttn-QLSTM-VQR classical twin,10,6,0.6616863,0.66372854,0.7228006,0.66286033,0.0268489997833967,0.002042234,0.00086820126,0.06111431
MQAttn-QLSTM-VQR classical twin,10,6,0.6525035,0.65796524,0.71676093,0.650163,0.0268489997833967,0.0054617524,0.007802248,0.06425744
MQAttn-QLSTM-VQR classical twin,10,6,0.64432216,0.65169823,0.71027476,0.6440536,0.0268489997833967,0.007376075,0.0076446533,0.0659526
MQAttn-QLSTM-VQR classical twin,10,6,0.6375154,0.64398336,0.70203656,0.63839006,0.0268489997833967,0.0064679384,0.0055933,0.064521134
QLSTM,10,6,0.79786134,0.80526245,0.83046263,0.7975671,0.0268489997833967,0.0074011087,0.0076953173,0.032601297
QLSTM,10,6,0.7944113,0.80240446,0.82579786,0.79390675,0.0268489997833967,0.007993162,0.008497715,0.031386554
QLSTM,10,6,0.79050976,0.79834795,0.8213844,0.7900301,0.0268489997833967,0.00783819,0.008317828,0.03087461
QLSTM,10,6,0.78735495,0.79431534,0.81726515,0.78778255,0.0268489997833967,0.006960392,0.0065327883,0.029910207
QLSTM,10,6,0.791663,0.78732073,0.8150542,0.7975085,0.0268489997833967,0.004342258,0.010187745,0.023391187
QLSTM,10,6,0.7940484,0.78790176,0.8125905,0.79490376,0.0268489997833967,0.0061466694,0.007001996,0.018542051
QLSTM,10,6,0.7930461,0.78567326,0.8094555,0.79039764,0.0268489997833967,0.007372856,0.0047243834,0.016409397
QLSTM,10,6,0.7886838,0.78299314,0.8066751,0.7852167,0.0268489997833967,0.0056906343,0.0022235513,0.017991304
QLSTM,10,6,0.78350675,0.7797638,0.8031928,0.78216845,0.0268489997833967,0.0037429333,0.0024046302,0.019686043
QLSTM,10,6,0.7789081,0.7738319,0.800888,0.7791535,0.0268489997833967,0.00507617,0.005321622,0.021979928
QLSTM,10,6,0.7759939,0.77370125,0.79786134,0.77685744,0.0268489997833967,0.002292633,0.0031561852,0.021867454
QLSTM,10,6,0.7740599,0.7703608,0.7944113,0.7747641,0.0268489997833967,0.0036990643,0.004403293,0.02035141
QLSTM,10,6,0.7681875,0.76738137,0.79050976,0.7654678,0.0268489997833967,0.0008061528,0.0019135475,0.022322237
QLSTM,10,6,0.7629584,0.7646598,0.78735495,0.7623867,0.0268489997833967,0.0017014146,0.0022731423,0.024396539
QLSTM,10,6,0.7589047,0.7651235,0.791663,0.7598371,0.0268489997833967,0.006218791,0.0052863955,0.032758296
QLSTM,10,6,0.7553898,0.76781315,0.7940484,0.7561849,0.0268489997833967,0.0124233365,0.01162827,0.03865862
QLSTM,10,6,0.7507764,0.77023315,0.7930461,0.74995726,0.0268489997833967,0.019456744,0.02027589,0.042269707
QLSTM,10,6,0.7465407,0.7669511,0.7886838,0.7463125,0.0268489997833967,0.020410359,0.020638585,0.042143047
QLSTM,10,6,0.74440646,0.76229817,0.78350675,0.7462012,0.0268489997833967,0.017891705,0.01609695,0.03910029
QLSTM,10,6,0.7420111,0.7582074,0.7789081,0.742651,0.0268489997833967,0.01619631,0.015556395,0.036897004
QLSTM,10,6,0.73904765,0.7526491,0.7759939,0.73860407,0.0268489997833967,0.013601482,0.01404506,0.036946237
QLSTM,10,6,0.7354499,0.7535592,0.7740599,0.7347369,0.0268489997833967,0.018109262,0.018822253,0.03860998
QLSTM,10,6,0.7493426,0.74781406,0.7681875,0.762542,0.0268489997833967,0.0015285611,0.01472795,0.018844903
QLSTM,10,6,0.76744765,0.7402519,0.7629584,0.7762844,0.0268489997833967,0.027195752,0.036032498,0.004489243
QLSTM,10,6,0.77602,0.7388802,0.7589047,0.77138764,0.0268489997833967,0.037139773,0.03250742,0.017115295
QLSTM,10,6,0.775618,0.7362481,0.7553898,0.7665966,0.0268489997833967,0.03936994,0.03034854,0.020228207
QLSTM,10,6,0.76635563,0.7319192,0.7507764,0.7576361,0.0268489997833967,0.034436405,0.025716841,0.015579224
QLSTM,10,6,0.7563352,0.72540146,0.7465407,0.7537495,0.0268489997833967,0.030933738,0.028348029,0.009794474
QLSTM,10,6,0.7463661,0.7255597,0.74440646,0.74481446,0.0268489997833967,0.020806372,0.019254744,0.001959622
QLSTM,10,6,0.73901045,0.7238749,0.7420111,0.73903894,0.0268489997833967,0.015135527,0.015164018,0.003000617
QLSTM,10,6,0.73378956,0.72130096,0.73904765,0.73500174,0.0268489997833967,0.012488604,0.013700783,0.0052580833
QLSTM,10,6,0.72815484,0.7179175,0.7354499,0.72828114,0.0268489997833967,0.010237336,0.010363638,0.007295072
QLSTM,10,6,0.7228006,0.73523486,0.7493426,0.7229885,0.0268489997833967,0.012434244,0.01224637,0.026542008
QLSTM,10,6,0.71676093,0.73382473,0.76744765,0.7162928,0.0268489997833967,0.017063797,0.017531931,0.050686717
QLSTM,10,6,0.71027476,0.73495764,0.77602,0.70986724,0.0268489997833967,0.02468288,0.025090396,0.065745234
QLSTM,10,6,0.70203656,0.7299572,0.775618,0.70063126,0.0268489997833967,0.027920663,0.029325962,0.07358146
QLSTM,10,6,0.6937874,0.7186087,0.76635563,0.69314724,0.0268489997833967,0.024821281,0.025461435,0.07256824
QLSTM,10,6,0.6893695,0.70820093,0.7563352,0.6920651,0.0268489997833967,0.018831432,0.016135812,0.0669657
QLSTM,10,6,0.68298423,0.69912827,0.7463661,0.68258715,0.0268489997833967,0.016144037,0.016541123,0.06338185
QLSTM,10,6,0.6792447,0.6934012,0.73901045,0.6807542,0.0268489997833967,0.01415652,0.012647033,0.059765756
QLSTM,10,6,0.67512226,0.68945104,0.73378956,0.6755008,0.0268489997833967,0.014328778,0.013950229,0.058667302
QLSTM,10,6,0.66691285,0.68513054,0.72815484,0.6641294,0.0268489997833967,0.018217683,0.02100116,0.061241984
QLSTM,10,6,0.6616863,0.681153,0.7228006,0.66286033,0.0268489997833967,0.019466698,0.018292665,0.06111431
QLSTM,10,6,0.6525035,0.67644805,0.71676093,0.650163,0.0268489997833967,0.023944557,0.026285052,0.06425744
QLSTM,10,6,0.64432216,0.6713896,0.71027476,0.6440536,0.0268489997833967,0.027067423,0.027336001,0.0659526
QLSTM,10,6,0.6375154,0.6644689,0.70203656,0.63839006,0.0268489997833967,0.026953459,0.02607882,0.064521134
LSTM,10,6,0.79786134,0.80018395,0.83046263,0.7975671,0.0268489997833967,0.0023226142,0.0026168227,0.032601297
LSTM,10,6,0.7944113,0.7955192,0.82579786,0.79390675,0.0268489997833967,0.0011078715,0.0016124249,0.031386554
LSTM,10,6,0.79050976,0.7911057,0.8213844,0.7900301,0.0268489997833967,0.00059592724,0.0010755658,0.03087461
LSTM,10,6,0.78735495,0.7869865,0.81726515,0.78778255,0.0268489997833967,0.0003684759,0.00079607964,0.029910207
LSTM,10,6,0.791663,0.7847755,0.8150542,0.7975085,0.0268489997833967,0.0068874955,0.012732983,0.023391187
LSTM,10,6,0.7940484,0.7823118,0.8125905,0.79490376,0.0268489997833967,0.011736631,0.012591958,0.018542051
LSTM,10,6,0.7930461,0.77917683,0.8094555,0.79039764,0.0268489997833967,0.013869286,0.011220813,0.016409397
LSTM,10,6,0.7886838,0.7763964,0.8066751,0.7852167,0.0268489997833967,0.012287378,0.008820295,0.017991304
LSTM,10,6,0.78350675,0.7729141,0.8031928,0.78216845,0.0268489997833967,0.010592639,0.009254336,0.019686043
LSTM,10,6,0.7789081,0.7710774,0.800888,0.7791535,0.0268489997833967,0.007830679,0.008076131,0.021979928
LSTM,10,6,0.7759939,0.76758265,0.79786134,0.77685744,0.0268489997833967,0.008411229,0.009274781,0.021867454
LSTM,10,6,0.7740599,0.7641326,0.7944113,0.7747641,0.0268489997833967,0.009927273,0.010631502,0.02035141
LSTM,10,6,0.7681875,0.7602311,0.79050976,0.7654678,0.0268489997833967,0.007956445,0.005236745,0.022322237
LSTM,10,6,0.7629584,0.7576189,0.78735495,0.7623867,0.0268489997833967,0.0053395033,0.0047677755,0.024396539
LSTM,10,6,0.7589047,0.76454985,0.791663,0.7598371,0.0268489997833967,0.005645156,0.0047127604,0.032758296
LSTM,10,6,0.7553898,0.7664584,0.7940484,0.7561849,0.0268489997833967,0.011068583,0.010273516,0.03865862
LSTM,10,6,0.7507764,0.76302683,0.7930461,0.74995726,0.0268489997833967,0.012250423,0.01306957,0.042269707
LSTM,10,6,0.7465407,0.7589166,0.7886838,0.7463125,0.0268489997833967,0.012375891,0.012604117,0.042143047
LSTM,10,6,0.74440646,0.7542749,0.78350675,0.7462012,0.0268489997833967,0.009868443,0.008073688,0.03910029
LSTM,10,6,0.7420111,0.7502265,0.7789081,0.742651,0.0268489997833967,0.008215427,0.007575512,0.036897004
LSTM,10,6,0.73904765,0.75113034,0.7759939,0.73860407,0.0268489997833967,0.012082696,0.012526274,0.036946237
LSTM,10,6,0.7354499,0.7467117,0.7740599,0.7347369,0.0268489997833967,0.011261761,0.011974752,0.03860998
LSTM,10,6,0.7493426,0.74182606,0.7681875,0.762542,0.0268489997833967,0.007516563,0.020715952,0.018844903
LSTM,10,6,0.76744765,0.740341,0.7629584,0.7762844,0.0268489997833967,0.027106643,0.03594339,0.004489243
LSTM,10,6,0.77602,0.7349314,0.7589047,0.77138764,0.0268489997833967,0.04108858,0.036456227,0.017115295
LSTM,10,6,0.775618,0.7320932,0.7553898,0.7665966,0.0268489997833967,0.0435248,0.0345034,0.020228207
LSTM,10,6,0.76635563,0.72820145,0.7507764,0.7576361,0.0268489997833967,0.038154185,0.029434621,0.015579224
LSTM,10,6,0.7563352,0.7276125,0.7465407,0.7537495,0.0268489997833967,0.028722703,0.026136994,0.009794474
LSTM,10,6,0.7463661,0.7239195,0.74440646,0.74481446,0.0268489997833967,0.022446573,0.020894945,0.001959622
LSTM,10,6,0.73901045,0.7216451,0.7420111,0.73903894,0.0268489997833967,0.017365336,0.017393827,0.003000617
LSTM,10,6,0.73378956,0.7190147,0.73904765,0.73500174,0.0268489997833967,0.014774859,0.015987039,0.0052580833
LSTM,10,6,0.72815484,0.71591794,0.7354499,0.72828114,0.0268489997833967,0.012236893,0.012363195,0.007295072
LSTM,10,6,0.7228006,0.73331654,0.7493426,0.7229885,0.0268489997833967,0.010515928,0.010328054,0.026542008
LSTM,10,6,0.71676093,0.72671443,0.76744765,0.7162928,0.0268489997833967,0.009953499,0.010421634,0.050686717
LSTM,10,6,0.71027476,0.72250086,0.77602,0.70986724,0.0268489997833967,0.012226105,0.012633622,0.065745234
LSTM,10,6,0.70203656,0.7161197,0.775618,0.70063126,0.0268489997833967,0.014083147,0.015488446,0.07358146
LSTM,10,6,0.6937874,0.70458776,0.76635563,0.69314724,0.0268489997833967,0.010800362,0.0114405155,0.07256824
LSTM,10,6,0.6893695,0.6936026,0.7563352,0.6920651,0.0268489997833967,0.004233122,0.0015375018,0.0669657
LSTM,10,6,0.68298423,0.6820311,0.7463661,0.68258715,0.0268489997833967,0.0009531379,0.00055605173,0.06338185
LSTM,10,6,0.6792447,0.6763862,0.73901045,0.6807542,0.0268489997833967,0.0028585196,0.004368007,0.059765756
LSTM,10,6,0.67512226,0.67255205,0.73378956,0.6755008,0.0268489997833967,0.002570212,0.002948761,0.058667302
LSTM,10,6,0.66691285,0.66814214,0.72815484,0.6641294,0.0268489997833967,0.0012292862,0.0040127635,0.061241984
LSTM,10,6,0.6616863,0.6634093,0.7228006,0.66286033,0.0268489997833967,0.0017229915,0.0005489588,0.06111431
LSTM,10,6,0.6525035,0.65714556,0.71676093,0.650163,0.0268489997833967,0.0046420693,0.006982565,0.06425744
LSTM,10,6,0.64432216,0.6524339,0.71027476,0.6440536,0.0268489997833967,0.008111715,0.008380294,0.0659526
LSTM,10,6,0.6375154,0.64616853,0.70203656,0.63839006,0.0268489997833967,0.008653104,0.0077784657,0.064521134
GRU,10,6,0.79786134,0.7905444,0.83046263,0.7975671,0.0268489997833967,0.007316947,0.0070227385,0.032601297
GRU,10,6,0.7944113,0.7951146,0.82579786,0.79390675,0.0268489997833967,0.0007032752,0.0012078285,0.031386554
GRU,10,6,0.79050976,0.79022056,0.8213844,0.7900301,0.0268489997833967,0.00028920174,0.00019043684,0.03087461
GRU,10,6,0.78735495,0.78664833,0.81726515,0.78778255,0.0268489997833967,0.00070661306,0.0011342168,0.029910207
GRU,10,6,0.791663,0.7907671,0.8150542,0.7975085,0.0268489997833967,0.0008959174,0.0067414045,0.023391187
GRU,10,6,0.7940484,0.7871367,0.8125905,0.79490376,0.0268489997833967,0.0069117546,0.0077670813,0.018542051
GRU,10,6,0.7930461,0.78502935,0.8094555,0.79039764,0.0268489997833967,0.008016765,0.0053682923,0.016409397
GRU,10,6,0.7886838,0.7815381,0.8066751,0.7852167,0.0268489997833967,0.0071456432,0.0036785603,0.017991304
GRU,10,6,0.78350675,0.77739185,0.8031928,0.78216845,0.0268489997833967,0.0061149,0.004776597,0.019686043
GRU,10,6,0.7789081,0.78066564,0.800888,0.7791535,0.0268489997833967,0.0017575622,0.0015121102,0.021979928
GRU,10,6,0.7759939,0.77530825,0.79786134,0.77685744,0.0268489997833967,0.0006856322,0.0015491843,0.021867454
GRU,10,6,0.7740599,0.7704369,0.7944113,0.7747641,0.0268489997833967,0.0036230087,0.0043272376,0.02035141
GRU,10,6,0.7681875,0.7662883,0.79050976,0.7654678,0.0268489997833967,0.0018992424,0.00082045794,0.022322237
GRU,10,6,0.7629584,0.762708,0.78735495,0.7623867,0.0268489997833967,0.0002503991,0.00032132864,0.024396539
GRU,10,6,0.7589047,0.7717641,0.791663,0.7598371,0.0268489997833967,0.012859404,0.011927009,0.032758296
GRU,10,6,0.7553898,0.7718641,0.7940484,0.7561849,0.0268489997833967,0.016474307,0.01567924,0.03865862
GRU,10,6,0.7507764,0.7709447,0.7930461,0.74995726,0.0268489997833967,0.020168304,0.020987451,0.042269707
GRU,10,6,0.7465407,0.76437926,0.7886838,0.7463125,0.0268489997833967,0.017838538,0.018066764,0.042143047
GRU,10,6,0.74440646,0.7574017,0.78350675,0.7462012,0.0268489997833967,0.012995243,0.011200488,0.03910029
GRU,10,6,0.7420111,0.7514966,0.7789081,0.742651,0.0268489997833967,0.009485543,0.008845627,0.036897004
GRU,10,6,0.73904765,0.7524001,0.7759939,0.73860407,0.0268489997833967,0.013352454,0.0137960315,0.036946237
GRU,10,6,0.7354499,0.7482487,0.7740599,0.7347369,0.0268489997833967,0.012798786,0.013511777,0.03860998
GRU,10,6,0.7493426,0.740668,0.7681875,0.762542,0.0268489997833967,0.008674622,0.02187401,0.018844903
GRU,10,6,0.76744765,0.7406084,0.7629584,0.7762844,0.0268489997833967,0.026839256,0.035676003,0.004489243
GRU,10,6,0.77602,0.735046,0.7589047,0.77138764,0.0268489997833967,0.04097396,0.036341608,0.017115295
GRU,10,6,0.775618,0.7299905,0.7553898,0.7665966,0.0268489997833967,0.045627534,0.036606133,0.020228207
GRU,10,6,0.76635563,0.72380483,0.7507764,0.7576361,0.0268489997833967,0.042550802,0.03383124,0.015579224
GRU,10,6,0.7563352,0.7256545,0.7465407,0.7537495,0.0268489997833967,0.030680716,0.028095007,0.009794474
GRU,10,6,0.7463661,0.72175294,0.74440646,0.74481446,0.0268489997833967,0.024613142,0.023061514,0.001959622
GRU,10,6,0.73901045,0.7172144,0.7420111,0.73903894,0.0268489997833967,0.021796048,0.021824539,0.003000617
GRU,10,6,0.73378956,0.71311814,0.73904765,0.73500174,0.0268489997833967,0.020671427,0.021883607,0.0052580833
GRU,10,6,0.72815484,0.70885235,0.7354499,0.72828114,0.0268489997833967,0.019302487,0.01942879,0.007295072
GRU,10,6,0.7228006,0.7426245,0.7493426,0.7229885,0.0268489997833967,0.019823909,0.019636035,0.026542008
GRU,10,6,0.71676093,0.71784776,0.76744765,0.7162928,0.0268489997833967,0.0010868311,0.001554966,0.050686717
GRU,10,6,0.71027476,0.7098422,0.77602,0.70986724,0.0268489997833967,0.0004325509,2.503395e-05,0.065745234
GRU,10,6,0.70203656,0.70334834,0.775618,0.70063126,0.0268489997833967,0.001311779,0.0027170777,0.07358146
GRU,10,6,0.6937874,0.6917174,0.76635563,0.69314724,0.0268489997833967,0.0020700097,0.0014298558,0.07256824
GRU,10,6,0.6893695,0.68519187,0.7563352,0.6920651,0.0268489997833967,0.00417763,0.00687325,0.0669657
GRU,10,6,0.68298423,0.67269796,0.7463661,0.68258715,0.0268489997833967,0.010286272,0.009889185,0.06338185
GRU,10,6,0.6792447,0.66816413,0.73901045,0.6807542,0.0268489997833967,0.011080563,0.012590051,0.059765756
GRU,10,6,0.67512226,0.66445553,0.73378956,0.6755008,0.0268489997833967,0.010666728,0.011045277,0.058667302
GRU,10,6,0.66691285,0.66007656,0.72815484,0.6641294,0.0268489997833967,0.006836295,0.004052818,0.061241984
GRU,10,6,0.6616863,0.6560567,0.7228006,0.66286033,0.0268489997833967,0.005629599,0.006803632,0.06111431
GRU,10,6,0.6525035,0.64803934,0.71676093,0.650163,0.0268489997833967,0.0044641495,0.002123654,0.06425744
GRU,10,6,0.64432216,0.6442404,0.71027476,0.6440536,0.0268489997833967,8.177757e-05,0.00018680096,0.0659526
GRU,10,6,0.6375154,0.6379962,0.70203656,0.63839006,0.0268489997833967,0.00048077106,0.0003938675,0.064521134
MLP,10,6,0.79786134,0.7883241,0.83046263,0.7975671,0.0268489997833967,0.00953722,0.0092430115,0.032601297
MLP,10,6,0.7944113,0.7880127,0.82579786,0.79390675,0.0268489997833967,0.006398618,0.005894065,0.031386554
MLP,10,6,0.79050976,0.7842316,0.8213844,0.7900301,0.0268489997833967,0.0062781572,0.0057985187,0.03087461
MLP,10,6,0.78735495,0.78492403,0.81726515,0.78778255,0.0268489997833967,0.0024309158,0.0028585196,0.029910207
MLP,10,6,0.791663,0.77126133,0.8150542,0.7975085,0.0268489997833967,0.020401657,0.026247144,0.023391187
MLP,10,6,0.7940484,0.77409,0.8125905,0.79490376,0.0268489997833967,0.019958436,0.020813763,0.018542051
MLP,10,6,0.7930461,0.77333015,0.8094555,0.79039764,0.0268489997833967,0.019715965,0.017067492,0.016409397
MLP,10,6,0.7886838,0.7571442,0.8066751,0.7852167,0.0268489997833967,0.03153956,0.028072476,0.017991304
MLP,10,6,0.78350675,0.7694895,0.8031928,0.78216845,0.0268489997833967,0.014017224,0.012678921,0.019686043
MLP,10,6,0.7789081,0.76745474,0.800888,0.7791535,0.0268489997833967,0.0114533305,0.011698782,0.021979928
MLP,10,6,0.7759939,0.758914,0.79786134,0.77685744,0.0268489997833967,0.01707989,0.017943442,0.021867454
MLP,10,6,0.7740599,0.75708526,0.7944113,0.7747641,0.0268489997833967,0.016974628,0.017678857,0.02035141
MLP,10,6,0.7681875,0.74557275,0.79050976,0.7654678,0.0268489997833967,0.022614777,0.019895077,0.022322237
MLP,10,6,0.7629584,0.75144285,0.78735495,0.7623867,0.0268489997833967,0.011515558,0.01094383,0.024396539
MLP,10,6,0.7589047,0.75097346,0.791663,0.7598371,0.0268489997833967,0.007931232,0.008863628,0.032758296
MLP,10,6,0.7553898,0.75725406,0.7940484,0.7561849,0.0268489997833967,0.0018642545,0.0010691881,0.03865862
MLP,10,6,0.7507764,0.75278276,0.7930461,0.74995726,0.0268489997833967,0.002006352,0.0028254986,0.042269707
MLP,10,6,0.7465407,0.73835903,0.7886838,0.7463125,0.0268489997833967,0.008181691,0.007953465,0.042143047
MLP,10,6,0.74440646,0.74144274,0.78350675,0.7462012,0.0268489997833967,0.0029637218,0.004758477,0.03910029
MLP,10,6,0.7420111,0.74059594,0.7789081,0.742651,0.0268489997833967,0.0014151335,0.002055049,0.036897004
MLP,10,6,0.73904765,0.74337924,0.7759939,0.73860407,0.0268489997833967,0.0043315887,0.0047751665,0.036946237
MLP,10,6,0.7354499,0.7450033,0.7740599,0.7347369,0.0268489997833967,0.009553373,0.010266364,0.03860998
MLP,10,6,0.7493426,0.7384223,0.7681875,0.762542,0.0268489997833967,0.010920346,0.024119735,0.018844903
MLP,10,6,0.76744765,0.7285056,0.7629584,0.7762844,0.0268489997833967,0.03894204,0.047778785,0.004489243
MLP,10,6,0.77602,0.7398478,0.7589047,0.77138764,0.0268489997833967,0.03617221,0.031539857,0.017115295
MLP,10,6,0.775618,0.72473633,0.7553898,0.7665966,0.0268489997833967,0.050881684,0.041860282,0.020228207
MLP,10,6,0.76635563,0.72083384,0.7507764,0.7576361,0.0268489997833967,0.045521796,0.036802232,0.015579224
MLP,10,6,0.7563352,0.72692096,0.7465407,0.7537495,0.0268489997833967,0.029414237,0.026828527,0.009794474
MLP,10,6,0.7463661,0.7250146,0.74440646,0.74481446,0.0268489997833967,0.021351457,0.019799829,0.001959622
MLP,10,6,0.73901045,0.7222309,0.7420111,0.73903894,0.0268489997833967,0.016779542,0.016808033,0.003000617
MLP,10,6,0.73378956,0.71172094,0.73904765,0.73500174,0.0268489997833967,0.02206862,0.0232808,0.0052580833
MLP,10,6,0.72815484,0.71851695,0.7354499,0.72828114,0.0268489997833967,0.009637892,0.0097641945,0.007295072
MLP,10,6,0.7228006,0.70959795,0.7493426,0.7229885,0.0268489997833967,0.013202667,0.013390541,0.026542008
MLP,10,6,0.71676093,0.6896275,0.76744765,0.7162928,0.0268489997833967,0.027133405,0.02666527,0.050686717
MLP,10,6,0.71027476,0.70971465,0.77602,0.70986724,0.0268489997833967,0.00056010485,0.00015258789,0.065745234
MLP,10,6,0.70203656,0.67984474,0.775618,0.70063126,0.0268489997833967,0.022191823,0.020786524,0.07358146
MLP,10,6,0.6937874,0.6897001,0.76635563,0.69314724,0.0268489997833967,0.0040872693,0.0034471154,0.07256824
MLP,10,6,0.6893695,0.6695343,0.7563352,0.6920651,0.0268489997833967,0.019835174,0.022530794,0.0669657
MLP,10,6,0.68298423,0.6726523,0.7463661,0.68258715,0.0268489997833967,0.010331929,0.009934843,0.06338185
MLP,10,6,0.6792447,0.668375,0.73901045,0.6807542,0.0268489997833967,0.010869682,0.012379169,0.059765756
MLP,10,6,0.67512226,0.6663621,0.73378956,0.6755008,0.0268489997833967,0.008760154,0.009138703,0.058667302
MLP,10,6,0.66691285,0.6571444,0.72815484,0.6641294,0.0268489997833967,0.009768426,0.006984949,0.061241984
MLP,10,6,0.6616863,0.653776,0.7228006,0.66286033,0.0268489997833967,0.007910311,0.009084344,0.06111431
MLP,10,6,0.6525035,0.6444138,0.71676093,0.650163,0.0268489997833967,0.008089662,0.005749166,0.06425744
MLP,10,6,0.64432216,0.6370701,0.71027476,0.6440536,0.0268489997833967,0.0072520375,0.006983459,0.0659526
MLP,10,6,0.6375154,0.63048667,0.70203656,0.63839006,0.0268489997833967,0.0070287585,0.007903397,0.064521134
Seq2Seq,10,6,0.79786134,0.8010434,0.83046263,0.7975671,0.0268489997833967,0.0031820536,0.003476262,0.032601297
Seq2Seq,10,6,0.7944113,0.79952663,0.82579786,0.79390675,0.0268489997833967,0.00511533,0.0056198835,0.031386554
Seq2Seq,10,6,0.79050976,0.7948117,0.8213844,0.7900301,0.0268489997833967,0.0043019652,0.004781604,0.03087461
Seq2Seq,10,6,0.78735495,0.79055196,0.81726515,0.78778255,0.0268489997833967,0.0031970143,0.0027694106,0.029910207
Seq2Seq,10,6,0.791663,0.7865808,0.8150542,0.7975085,0.0268489997833967,0.00508219,0.010927677,0.023391187
Seq2Seq,10,6,0.7940484,0.78474975,0.8125905,0.79490376,0.0268489997833967,0.009298682,0.010154009,0.018542051
Seq2Seq,10,6,0.7930461,0.783487,0.8094555,0.79039764,0.0268489997833967,0.009559095,0.006910622,0.016409397
Seq2Seq,10,6,0.7886838,0.78039044,0.8066751,0.7852167,0.0268489997833967,0.008293331,0.0048262477,0.017991304
Seq2Seq,10,6,0.78350675,0.77685326,0.8031928,0.78216845,0.0268489997833967,0.0066534877,0.0053151846,0.019686043
Seq2Seq,10,6,0.7789081,0.77404505,0.800888,0.7791535,0.0268489997833967,0.0048630238,0.0051084757,0.021979928
Seq2Seq,10,6,0.7759939,0.77205765,0.79786134,0.77685744,0.0268489997833967,0.003936231,0.004799783,0.021867454
Seq2Seq,10,6,0.7740599,0.76820797,0.7944113,0.7747641,0.0268489997833967,0.0058519244,0.0065561533,0.02035141
Seq2Seq,10,6,0.7681875,0.7653355,0.79050976,0.7654678,0.0268489997833967,0.0028520226,0.00013232231,0.022322237
Seq2Seq,10,6,0.7629584,0.7621916,0.78735495,0.7623867,0.0268489997833967,0.00076681376,0.000195086,0.024396539
Seq2Seq,10,6,0.7589047,0.7647815,0.791663,0.7598371,0.0268489997833967,0.0058767796,0.004944384,0.032758296
Seq2Seq,10,6,0.7553898,0.768192,0.7940484,0.7561849,0.0268489997833967,0.012802184,0.012007117,0.03865862
Seq2Seq,10,6,0.7507764,0.76727635,0.7930461,0.74995726,0.0268489997833967,0.016499937,0.017319083,0.042269707
Seq2Seq,10,6,0.7465407,0.7635172,0.7886838,0.7463125,0.0268489997833967,0.016976476,0.017204702,0.042143047
Seq2Seq,10,6,0.74440646,0.7584625,0.78350675,0.7462012,0.0268489997833967,0.014056027,0.0122612715,0.03910029
Seq2Seq,10,6,0.7420111,0.75412047,0.7789081,0.742651,0.0268489997833967,0.012109399,0.011469483,0.036897004
Seq2Seq,10,6,0.73904765,0.7521754,0.7759939,0.73860407,0.0268489997833967,0.013127744,0.013571322,0.036946237
Seq2Seq,10,6,0.7354499,0.75067794,0.7740599,0.7347369,0.0268489997833967,0.015228033,0.015941024,0.03860998
Seq2Seq,10,6,0.7493426,0.74464566,0.7681875,0.762542,0.0268489997833967,0.004696965,0.017896354,0.018844903
Seq2Seq,10,6,0.76744765,0.74067026,0.7629584,0.7762844,0.0268489997833967,0.026777387,0.035614133,0.004489243
Seq2Seq,10,6,0.77602,0.7372172,0.7589047,0.77138764,0.0268489997833967,0.038802803,0.03417045,0.017115295
Seq2Seq,10,6,0.775618,0.73404455,0.7553898,0.7665966,0.0268489997833967,0.041573465,0.032552063,0.020228207
Seq2Seq,10,6,0.76635563,0.7298382,0.7507764,0.7576361,0.0268489997833967,0.03651744,0.027797878,0.015579224
Seq2Seq,10,6,0.7563352,0.72635376,0.7465407,0.7537495,0.0268489997833967,0.029981434,0.027395725,0.009794474
Seq2Seq,10,6,0.7463661,0.7246509,0.74440646,0.74481446,0.0268489997833967,0.021715164,0.020163536,0.001959622
Seq2Seq,10,6,0.73901045,0.72248673,0.7420111,0.73903894,0.0268489997833967,0.016523719,0.01655221,0.003000617
Seq2Seq,10,6,0.73378956,0.7198464,0.73904765,0.73500174,0.0268489997833967,0.013943136,0.015155315,0.0052580833
Seq2Seq,10,6,0.72815484,0.71664846,0.7354499,0.72828114,0.0268489997833967,0.011506379,0.011632681,0.007295072
Seq2Seq,10,6,0.7228006,0.7121125,0.7493426,0.7229885,0.0268489997833967,0.010688126,0.010876,0.026542008
Seq2Seq,10,6,0.71676093,0.70330036,0.76744765,0.7162928,0.0268489997833967,0.0134605765,0.012992442,0.050686717
Seq2Seq,10,6,0.71027476,0.70882046,0.77602,0.70986724,0.0268489997833967,0.0014542937,0.0010467768,0.065745234
Seq2Seq,10,6,0.70203656,0.70282114,0.775618,0.70063126,0.0268489997833967,0.00078457594,0.0021898746,0.07358146
Seq2Seq,10,6,0.6937874,0.6867963,0.76635563,0.69314724,0.0268489997833967,0.0069910884,0.0063509345,0.07256824
Seq2Seq,10,6,0.6893695,0.6713708,0.7563352,0.6920651,0.0268489997833967,0.017998695,0.020694315,0.0669657
Seq2Seq,10,6,0.68298423,0.6678443,0.7463661,0.68258715,0.0268489997833967,0.015139937,0.014742851,0.06338185
Seq2Seq,10,6,0.6792447,0.6678098,0.73901045,0.6807542,0.0268489997833967,0.011434913,0.0129444,0.059765756
Seq2Seq,10,6,0.67512226,0.664184,0.73378956,0.6755008,0.0268489997833967,0.010938287,0.011316836,0.058667302
Seq2Seq,10,6,0.66691285,0.65902495,0.72815484,0.6641294,0.0268489997833967,0.0078879,0.0051044226,0.061241984
Seq2Seq,10,6,0.6616863,0.65616184,0.7228006,0.66286033,0.0268489997833967,0.0055244565,0.006698489,0.06111431
Seq2Seq,10,6,0.6525035,0.6458255,0.71676093,0.650163,0.0268489997833967,0.006677985,0.0043374896,0.06425744
Seq2Seq,10,6,0.64432216,0.6451553,0.71027476,0.6440536,0.0268489997833967,0.0008331537,0.0011017323,0.0659526
Seq2Seq,10,6,0.6375154,0.63800806,0.70203656,0.63839006,0.0268489997833967,0.0004926324,0.00038200617,0.064521134
