model,fold,veh,y,pred,anchor,raw,naive_train,ae,ae_raw,ae_pers
Persistence,1,7,0.9435359,0.9557622,0.9557622,0.94327706,0.0165109783411026,0.012226284,0.0124851465,0.012226284
Persistence,1,7,0.9405687,0.95224535,0.95224535,0.9404878,0.0165109783411026,0.011676669,0.011757553,0.011676669
Persistence,1,7,0.9377281,0.9509667,0.9509667,0.9378422,0.0165109783411026,0.013238609,0.013124526,0.013238609
Persistence,1,7,0.9351358,0.9487493,0.9487493,0.93526983,0.0165109783411026,0.013613522,0.013479471,0.013613522
Persistence,1,7,0.93267125,0.94630736,0.94630736,0.9327988,0.0165109783411026,0.013636112,0.013508558,0.013636112
Persistence,1,7,0.92871284,0.9435359,0.9435359,0.927651,0.0165109783411026,0.014823079,0.015884936,0.014823079
Persistence,1,7,0.9235752,0.9405687,0.9405687,0.9222411,0.0165109783411026,0.016993463,0.018327594,0.016993463
Persistence,1,7,0.9191058,0.9377281,0.9377281,0.9191452,0.0165109783411026,0.01862228,0.01858288,0.01862228
Persistence,1,7,0.9154836,0.9351358,0.9351358,0.91621333,0.0165109783411026,0.019652188,0.018922448,0.019652188
Persistence,1,7,0.91305184,0.93267125,0.93267125,0.9141225,0.0165109783411026,0.019619405,0.018548727,0.019619405
Persistence,1,7,0.91053796,0.92871284,0.92871284,0.91072667,0.0165109783411026,0.018174887,0.017986178,0.018174887
Persistence,1,7,0.9084046,0.9235752,0.9235752,0.90874124,0.0165109783411026,0.015170634,0.014833987,0.015170634
Persistence,1,7,0.9054749,0.9191058,0.9191058,0.9051555,0.0165109783411026,0.013630927,0.013950348,0.013630927
Persistence,1,7,0.9029205,0.9154836,0.9154836,0.90313,0.0165109783411026,0.012563109,0.012353599,0.012563109
Persistence,1,7,0.8994791,0.91305184,0.91305184,0.8989268,0.0165109783411026,0.0135727525,0.014125049,0.0135727525
Persistence,1,7,0.8968533,0.91053796,0.91053796,0.89721197,0.0165109783411026,0.01368463,0.013325989,0.01368463
Persistence,1,7,0.8943523,0.9084046,0.9084046,0.8946353,0.0165109783411026,0.014052272,0.013769269,0.014052272
Persistence,1,7,0.89098775,0.9054749,0.9054749,0.8904079,0.0165109783411026,0.014487147,0.015066981,0.014487147
Persistence,1,7,0.8885956,0.9029205,0.9029205,0.8890541,0.0165109783411026,0.0143249035,0.013866365,0.0143249035
Persistence,1,7,0.88615924,0.8994791,0.8994791,0.88637275,0.0165109783411026,0.01331985,0.013106346,0.01331985
Persistence,1,7,0.8827985,0.8968533,0.8968533,0.882196,0.0165109783411026,0.014054835,0.014657319,0.014054835
Persistence,1,7,0.88043433,0.8943523,0.8943523,0.880876,0.0165109783411026,0.013917983,0.013476312,0.013917983
Persistence,1,7,0.87618685,0.89098775,0.89098775,0.8749987,0.0165109783411026,0.014800906,0.015989065,0.014800906
Persistence,1,7,0.8734376,0.8885956,0.8885956,0.87409663,0.0165109783411026,0.015157998,0.014498949,0.015157998
Persistence,1,7,0.8712813,0.88615924,0.88615924,0.8720327,0.0165109783411026,0.014877915,0.014126539,0.014877915
Persistence,1,7,0.8684438,0.8827985,0.8827985,0.868158,0.0165109783411026,0.014354706,0.01464051,0.014354706
Persistence,1,7,0.8667715,0.88043433,0.88043433,0.86745965,0.0165109783411026,0.013662815,0.0129746795,0.013662815
Persistence,1,7,0.8649503,0.87618685,0.87618685,0.86516273,0.0165109783411026,0.011236548,0.0110241175,0.011236548
Persistence,1,7,0.8619174,0.8734376,0.8734376,0.8611655,0.0165109783411026,0.011520207,0.01227206,0.011520207
Persistence,1,7,0.8597634,0.8712813,0.8712813,0.86008346,0.0165109783411026,0.011517942,0.011197865,0.011517942
Persistence,1,7,0.8576943,0.8684438,0.8684438,0.85795045,0.0165109783411026,0.010749459,0.010493338,0.010749459
Persistence,1,7,0.8557193,0.8667715,0.8667715,0.85592675,0.0165109783411026,0.011052191,0.010844767,0.011052191
Persistence,1,7,0.85281485,0.8649503,0.8649503,0.8521021,0.0165109783411026,0.012135446,0.012848198,0.012135446
Persistence,1,7,0.85091543,0.8619174,0.8619174,0.85135895,0.0165109783411026,0.011001945,0.010558426,0.011001945
Persistence,1,7,0.8476578,0.8597634,0.8597634,0.8469581,0.0165109783411026,0.012105584,0.012805283,0.012105584
Persistence,1,7,0.84320486,0.8576943,0.8576943,0.8419545,0.0165109783411026,0.014489472,0.015739799,0.014489472
Persistence,1,7,0.83999944,0.8557193,0.8557193,0.84040684,0.0165109783411026,0.01571989,0.015312493,0.01571989
Persistence,1,7,0.8363357,0.85281485,0.85281485,0.83624774,0.0165109783411026,0.016479135,0.016567111,0.016479135
Persistence,1,7,0.834871,0.85091543,0.85091543,0.8364255,0.0165109783411026,0.016044438,0.014489949,0.016044438
Persistence,1,7,0.83373547,0.8476578,0.8476578,0.83449686,0.0165109783411026,0.013922334,0.013160944,0.013922334
Persistence,1,7,0.8310589,0.84320486,0.84320486,0.8301251,0.0165109783411026,0.0121459365,0.013079762,0.0121459365
Persistence,1,7,0.8297691,0.83999944,0.83999944,0.83049875,0.0165109783411026,0.010230362,0.009500682,0.010230362
Persistence,1,7,0.82823926,0.8363357,0.8363357,0.82853335,0.0165109783411026,0.0080964565,0.007802367,0.0080964565
Persistence,1,7,0.82630706,0.834871,0.834871,0.8261436,0.0165109783411026,0.008563936,0.008727372,0.008563936
Persistence,1,7,0.824478,0.83373547,0.83373547,0.8243693,0.0165109783411026,0.009257495,0.009366155,0.009257495
Persistence,1,7,0.8226968,0.8310589,0.8310589,0.8227143,0.0165109783411026,0.008362114,0.008344591,0.008362114
Persistence,1,7,0.8197457,0.8297691,0.8297691,0.81899107,0.0165109783411026,0.0100233555,0.01077801,0.0100233555
Persistence,1,7,0.8181423,0.82823926,0.82823926,0.8187884,0.0165109783411026,0.010096967,0.009450853,0.010096967
Persistence,1,7,0.81669587,0.82630706,0.82630706,0.81709665,0.0165109783411026,0.009611189,0.009210408,0.009611189
Persistence,1,7,0.8140653,0.824478,0.824478,0.813297,0.0165109783411026,0.010412693,0.011180997,0.010412693
Persistence,1,7,0.81285065,0.8226968,0.8226968,0.81353533,0.0165109783411026,0.009846151,0.009161472,0.009846151
Persistence,1,7,0.81151193,0.8197457,0.8197457,0.81179327,0.0165109783411026,0.008233786,0.007952452,0.008233786
Persistence,1,7,0.8095028,0.8181423,0.8181423,0.8091318,0.0165109783411026,0.008639514,0.009010494,0.008639514
Persistence,1,7,0.80878943,0.81669587,0.81669587,0.80952513,0.0165109783411026,0.007906437,0.007170737,0.007906437
Persistence,1,7,0.8077802,0.8140653,0.8140653,0.8079076,0.0165109783411026,0.0062850714,0.0061576962,0.0062850714
Persistence,1,7,0.8051661,0.81285065,0.81285065,0.80404264,0.0165109783411026,0.007684529,0.008808017,0.007684529
Persistence,1,7,0.8053646,0.81151193,0.81151193,0.806972,0.0165109783411026,0.006147325,0.004539907,0.006147325
Persistence,1,7,0.8034635,0.8095028,0.8095028,0.8026572,0.0165109783411026,0.006039262,0.0068455935,0.006039262
Persistence,1,7,0.80150187,0.80878943,0.80878943,0.8010389,0.0165109783411026,0.007287562,0.007750511,0.007287562
Persistence,1,7,0.7989232,0.8077802,0.8077802,0.7982408,0.0165109783411026,0.008857012,0.009539425,0.008857012
Persistence,1,7,0.7969657,0.8051661,0.8051661,0.79725003,0.0165109783411026,0.008200407,0.007916093,0.008200407
Persistence,1,7,0.7951338,0.8053646,0.8053646,0.79543537,0.0165109783411026,0.01023078,0.00992924,0.01023078
Persistence,1,7,0.79293495,0.8034635,0.8034635,0.7925821,0.0165109783411026,0.010528564,0.010881424,0.010528564
Persistence,1,7,0.7915527,0.80150187,0.80150187,0.79197955,0.0165109783411026,0.009949148,0.009522319,0.009949148
Persistence,1,7,0.7901989,0.7989232,0.7989232,0.7904886,0.0165109783411026,0.008724272,0.008434594,0.008724272
Persistence,1,7,0.7880798,0.7969657,0.7969657,0.7876212,0.0165109783411026,0.00888592,0.009344518,0.00888592
Persistence,1,7,0.7870215,0.7951338,0.7951338,0.787577,0.0165109783411026,0.008112311,0.0075568557,0.008112311
MQAttn-LSTM-VQR,1,7,0.9435359,0.9330911,0.9557622,0.94327706,0.0165109783411026,0.01044482,0.010185957,0.012226284
MQAttn-LSTM-VQR,1,7,0.9405687,0.92965543,0.95224535,0.9404878,0.0165109783411026,0.010913253,0.010832369,0.011676669
MQAttn-LSTM-VQR,1,7,0.9377281,0.9283331,0.9509667,0.9378422,0.0165109783411026,0.009395003,0.009509087,0.013238609
MQAttn-LSTM-VQR,1,7,0.9351358,0.92618674,0.9487493,0.93526983,0.0165109783411026,0.008949041,0.009083092,0.013613522
MQAttn-LSTM-VQR,1,7,0.93267125,0.9237726,0.94630736,0.9327988,0.0165109783411026,0.008898675,0.009026229,0.013636112
MQAttn-LSTM-VQR,1,7,0.92871284,0.92106014,0.9435359,0.927651,0.0165109783411026,0.0076527,0.006590843,0.014823079
MQAttn-LSTM-VQR,1,7,0.9235752,0.91811496,0.9405687,0.9222411,0.0165109783411026,0.0054602623,0.0041261315,0.016993463
MQAttn-LSTM-VQR,1,7,0.9191058,0.9153296,0.9377281,0.9191452,0.0165109783411026,0.0037762523,0.003815651,0.01862228
MQAttn-LSTM-VQR,1,7,0.9154836,0.91278243,0.9351358,0.91621333,0.0165109783411026,0.0027011633,0.003430903,0.019652188
MQAttn-LSTM-VQR,1,7,0.91305184,0.91039133,0.93267125,0.9141225,0.0165109783411026,0.002660513,0.0037311912,0.019619405
MQAttn-LSTM-VQR,1,7,0.91053796,0.9065628,0.92871284,0.91072667,0.0165109783411026,0.003975153,0.0041638613,0.018174887
MQAttn-LSTM-VQR,1,7,0.9084046,0.90160453,0.9235752,0.90874124,0.0165109783411026,0.0068000555,0.0071367025,0.015170634
MQAttn-LSTM-VQR,1,7,0.9054749,0.897296,0.9191058,0.9051555,0.0165109783411026,0.00817889,0.007859468,0.013630927
MQAttn-LSTM-VQR,1,7,0.9029205,0.893905,0.9154836,0.90313,0.0165109783411026,0.009015501,0.009225011,0.012563109
MQAttn-LSTM-VQR,1,7,0.8994791,0.8914285,0.91305184,0.8989268,0.0165109783411026,0.008050621,0.007498324,0.0135727525
MQAttn-LSTM-VQR,1,7,0.8968533,0.88918453,0.91053796,0.89721197,0.0165109783411026,0.007668793,0.008027434,0.01368463
MQAttn-LSTM-VQR,1,7,0.8943523,0.887026,0.9084046,0.8946353,0.0165109783411026,0.007326305,0.0076093078,0.014052272
MQAttn-LSTM-VQR,1,7,0.89098775,0.88439286,0.9054749,0.8904079,0.0165109783411026,0.0065948963,0.0060150623,0.014487147
MQAttn-LSTM-VQR,1,7,0.8885956,0.88179463,0.9029205,0.8890541,0.0165109783411026,0.0068009496,0.007259488,0.0143249035
MQAttn-LSTM-VQR,1,7,0.88615924,0.87889266,0.8994791,0.88637275,0.0165109783411026,0.007266581,0.007480085,0.01331985
MQAttn-LSTM-VQR,1,7,0.8827985,0.876105,0.8968533,0.882196,0.0165109783411026,0.0066934824,0.0060909986,0.014054835
MQAttn-LSTM-VQR,1,7,0.88043433,0.87374973,0.8943523,0.880876,0.0165109783411026,0.0066846013,0.0071262717,0.013917983
MQAttn-LSTM-VQR,1,7,0.87618685,0.8713542,0.89098775,0.8749987,0.0165109783411026,0.0048326254,0.0036444664,0.014800906
MQAttn-LSTM-VQR,1,7,0.8734376,0.868356,0.8885956,0.87409663,0.0165109783411026,0.005081594,0.0057406425,0.015157998
MQAttn-LSTM-VQR,1,7,0.8712813,0.8661605,0.88615924,0.8720327,0.0165109783411026,0.005120814,0.00587219,0.014877915
MQAttn-LSTM-VQR,1,7,0.8684438,0.8636532,0.8827985,0.868158,0.0165109783411026,0.004790604,0.0045048,0.014354706
MQAttn-LSTM-VQR,1,7,0.8667715,0.8609154,0.88043433,0.86745965,0.0165109783411026,0.0058560967,0.0065442324,0.013662815
MQAttn-LSTM-VQR,1,7,0.8649503,0.85770637,0.87618685,0.86516273,0.0165109783411026,0.0072439313,0.0074563622,0.011236548
MQAttn-LSTM-VQR,1,7,0.8619174,0.85456073,0.8734376,0.8611655,0.0165109783411026,0.0073566437,0.0066047907,0.011520207
MQAttn-LSTM-VQR,1,7,0.8597634,0.8524406,0.8712813,0.86008346,0.0165109783411026,0.0073227882,0.007642865,0.011517942
MQAttn-LSTM-VQR,1,7,0.8576943,0.85061514,0.8684438,0.85795045,0.0165109783411026,0.007079184,0.007335305,0.010749459
MQAttn-LSTM-VQR,1,7,0.8557193,0.84841746,0.8667715,0.85592675,0.0165109783411026,0.007301867,0.007509291,0.011052191
MQAttn-LSTM-VQR,1,7,0.85281485,0.84670573,0.8649503,0.8521021,0.0165109783411026,0.0061091185,0.005396366,0.012135446
MQAttn-LSTM-VQR,1,7,0.85091543,0.84459317,0.8619174,0.85135895,0.0165109783411026,0.0063222647,0.006765783,0.011001945
MQAttn-LSTM-VQR,1,7,0.8476578,0.84194785,0.8597634,0.8469581,0.0165109783411026,0.005709946,0.005010247,0.012105584
MQAttn-LSTM-VQR,1,7,0.84320486,0.8399825,0.8576943,0.8419545,0.0165109783411026,0.0032223463,0.0019720197,0.014489472
MQAttn-LSTM-VQR,1,7,0.83999944,0.8381096,0.8557193,0.84040684,0.0165109783411026,0.0018898249,0.0022972226,0.01571989
MQAttn-LSTM-VQR,1,7,0.8363357,0.83613193,0.85281485,0.83624774,0.0165109783411026,0.00020378828,0.000115811825,0.016479135
MQAttn-LSTM-VQR,1,7,0.834871,0.833622,0.85091543,0.8364255,0.0165109783411026,0.0012490153,0.0028035045,0.016044438
MQAttn-LSTM-VQR,1,7,0.83373547,0.8307163,0.8476578,0.83449686,0.0165109783411026,0.003019154,0.0037805438,0.013922334
MQAttn-LSTM-VQR,1,7,0.8310589,0.8269083,0.84320486,0.8301251,0.0165109783411026,0.004150629,0.003216803,0.0121459365
MQAttn-LSTM-VQR,1,7,0.8297691,0.8233938,0.83999944,0.83049875,0.0165109783411026,0.006375253,0.0071049333,0.010230362
MQAttn-LSTM-VQR,1,7,0.82823926,0.82079184,0.8363357,0.82853335,0.0165109783411026,0.0074474216,0.007741511,0.0080964565
MQAttn-LSTM-VQR,1,7,0.82630706,0.8184074,0.834871,0.8261436,0.0165109783411026,0.007899642,0.007736206,0.008563936
MQAttn-LSTM-VQR,1,7,0.824478,0.8173662,0.83373547,0.8243693,0.0165109783411026,0.007111788,0.0070031285,0.009257495
MQAttn-LSTM-VQR,1,7,0.8226968,0.81593263,0.8310589,0.8227143,0.0165109783411026,0.0067641735,0.0067816973,0.008362114
MQAttn-LSTM-VQR,1,7,0.8197457,0.81364816,0.8297691,0.81899107,0.0165109783411026,0.006097555,0.0053429008,0.0100233555
MQAttn-LSTM-VQR,1,7,0.8181423,0.8122175,0.82823926,0.8187884,0.0165109783411026,0.005924821,0.0065709352,0.010096967
MQAttn-LSTM-VQR,1,7,0.81669587,0.8105354,0.82630706,0.81709665,0.0165109783411026,0.0061604977,0.0065612793,0.009611189
MQAttn-LSTM-VQR,1,7,0.8140653,0.80869496,0.824478,0.813297,0.0165109783411026,0.005370319,0.004602015,0.010412693
MQAttn-LSTM-VQR,1,7,0.81285065,0.8070153,0.8226968,0.81353533,0.0165109783411026,0.0058353543,0.006520033,0.009846151
MQAttn-LSTM-VQR,1,7,0.81151193,0.80504346,0.8197457,0.81179327,0.0165109783411026,0.006468475,0.006749809,0.008233786
MQAttn-LSTM-VQR,1,7,0.8095028,0.8026865,0.8181423,0.8091318,0.0165109783411026,0.006816268,0.0064452887,0.008639514
MQAttn-LSTM-VQR,1,7,0.80878943,0.8013219,0.81669587,0.80952513,0.0165109783411026,0.0074675083,0.008203208,0.007906437
MQAttn-LSTM-VQR,1,7,0.8077802,0.7997009,0.8140653,0.8079076,0.0165109783411026,0.00807929,0.0082066655,0.0062850714
MQAttn-LSTM-VQR,1,7,0.8051661,0.79771066,0.81285065,0.80404264,0.0165109783411026,0.007455468,0.00633198,0.007684529
MQAttn-LSTM-VQR,1,7,0.8053646,0.79642373,0.81151193,0.806972,0.0165109783411026,0.0089408755,0.010548294,0.006147325
MQAttn-LSTM-VQR,1,7,0.8034635,0.79529756,0.8095028,0.8026572,0.0165109783411026,0.008165956,0.007359624,0.006039262
MQAttn-LSTM-VQR,1,7,0.80150187,0.79376423,0.80878943,0.8010389,0.0165109783411026,0.0077376366,0.0072746873,0.007287562
MQAttn-LSTM-VQR,1,7,0.7989232,0.792763,0.8077802,0.7982408,0.0165109783411026,0.0061601996,0.005477786,0.008857012
MQAttn-LSTM-VQR,1,7,0.7969657,0.79117745,0.8051661,0.79725003,0.0165109783411026,0.0057882667,0.006072581,0.008200407
MQAttn-LSTM-VQR,1,7,0.7951338,0.79054505,0.8053646,0.79543537,0.0165109783411026,0.004588783,0.0048903227,0.01023078
MQAttn-LSTM-VQR,1,7,0.79293495,0.7886352,0.8034635,0.7925821,0.0165109783411026,0.00429976,0.0039469004,0.010528564
MQAttn-LSTM-VQR,1,7,0.7915527,0.78678757,0.80150187,0.79197955,0.0165109783411026,0.004765153,0.005191982,0.009949148
MQAttn-LSTM-VQR,1,7,0.7901989,0.7847291,0.7989232,0.7904886,0.0165109783411026,0.005469799,0.0057594776,0.008724272
MQAttn-LSTM-VQR,1,7,0.7880798,0.78243124,0.7969657,0.7876212,0.0165109783411026,0.0056485534,0.0051899552,0.00888592
MQAttn-LSTM-VQR,1,7,0.7870215,0.78069055,0.7951338,0.787577,0.0165109783411026,0.006330967,0.0068864226,0.008112311
MQAttn-LSTM-VQR classical twin,1,7,0.9435359,0.9311658,0.9557622,0.94327706,0.0165109783411026,0.01237011,0.012111247,0.012226284
MQAttn-LSTM-VQR classical twin,1,7,0.9405687,0.92805994,0.95224535,0.9404878,0.0165109783411026,0.01250875,0.012427866,0.011676669
MQAttn-LSTM-VQR classical twin,1,7,0.9377281,0.9275391,0.9509667,0.9378422,0.0165109783411026,0.010188997,0.01030308,0.013238609
MQAttn-LSTM-VQR classical twin,1,7,0.9351358,0.92508835,0.9487493,0.93526983,0.0165109783411026,0.010047436,0.010181487,0.013613522
MQAttn-LSTM-VQR classical twin,1,7,0.93267125,0.92235667,0.94630736,0.9327988,0.0165109783411026,0.010314584,0.010442138,0.013636112
MQAttn-LSTM-VQR classical twin,1,7,0.92871284,0.9198659,0.9435359,0.927651,0.0165109783411026,0.008846939,0.007785082,0.014823079
MQAttn-LSTM-VQR classical twin,1,7,0.9235752,0.9169404,0.9405687,0.9222411,0.0165109783411026,0.0066348314,0.0053007007,0.016993463
MQAttn-LSTM-VQR classical twin,1,7,0.9191058,0.914529,0.9377281,0.9191452,0.0165109783411026,0.0045768023,0.004616201,0.01862228
MQAttn-LSTM-VQR classical twin,1,7,0.9154836,0.91231805,0.9351358,0.91621333,0.0165109783411026,0.003165543,0.0038952827,0.019652188
MQAttn-LSTM-VQR classical twin,1,7,0.91305184,0.9101588,0.93267125,0.9141225,0.0165109783411026,0.0028930306,0.003963709,0.019619405
MQAttn-LSTM-VQR classical twin,1,7,0.91053796,0.90682036,0.92871284,0.91072667,0.0165109783411026,0.0037176013,0.0039063096,0.018174887
MQAttn-LSTM-VQR classical twin,1,7,0.9084046,0.90196615,0.9235752,0.90874124,0.0165109783411026,0.006438434,0.006775081,0.015170634
MQAttn-LSTM-VQR classical twin,1,7,0.9054749,0.89811087,0.9191058,0.9051555,0.0165109783411026,0.0073640347,0.0070446134,0.013630927
MQAttn-LSTM-VQR classical twin,1,7,0.9029205,0.8950646,0.9154836,0.90313,0.0165109783411026,0.007855892,0.0080654025,0.012563109
MQAttn-LSTM-VQR classical twin,1,7,0.8994791,0.8928364,0.91305184,0.8989268,0.0165109783411026,0.0066426992,0.0060904026,0.0135727525
MQAttn-LSTM-VQR classical twin,1,7,0.8968533,0.8909938,0.91053796,0.89721197,0.0165109783411026,0.005859554,0.006218195,0.01368463
MQAttn-LSTM-VQR classical twin,1,7,0.8943523,0.8887702,0.9084046,0.8946353,0.0165109783411026,0.005582094,0.005865097,0.014052272
MQAttn-LSTM-VQR classical twin,1,7,0.89098775,0.8863365,0.9054749,0.8904079,0.0165109783411026,0.0046512485,0.0040714145,0.014487147
MQAttn-LSTM-VQR classical twin,1,7,0.8885956,0.8837577,0.9029205,0.8890541,0.0165109783411026,0.0048378706,0.005296409,0.0143249035
MQAttn-LSTM-VQR classical twin,1,7,0.88615924,0.8808509,0.8994791,0.88637275,0.0165109783411026,0.00530833,0.005521834,0.01331985
MQAttn-LSTM-VQR classical twin,1,7,0.8827985,0.878243,0.8968533,0.882196,0.0165109783411026,0.004555464,0.00395298,0.014054835
MQAttn-LSTM-VQR classical twin,1,7,0.88043433,0.8760386,0.8943523,0.880876,0.0165109783411026,0.0043957233,0.0048373938,0.013917983
MQAttn-LSTM-VQR classical twin,1,7,0.87618685,0.87305915,0.89098775,0.8749987,0.0165109783411026,0.0031276941,0.0019395351,0.014800906
MQAttn-LSTM-VQR classical twin,1,7,0.8734376,0.8706997,0.8885956,0.87409663,0.0165109783411026,0.0027378798,0.0033969283,0.015157998
MQAttn-LSTM-VQR classical twin,1,7,0.8712813,0.8684393,0.88615924,0.8720327,0.0165109783411026,0.002842009,0.0035933852,0.014877915
MQAttn-LSTM-VQR classical twin,1,7,0.8684438,0.8654932,0.8827985,0.868158,0.0165109783411026,0.0029506087,0.0026648045,0.014354706
MQAttn-LSTM-VQR classical twin,1,7,0.8667715,0.8630229,0.88043433,0.86745965,0.0165109783411026,0.0037485957,0.0044367313,0.013662815
MQAttn-LSTM-VQR classical twin,1,7,0.8649503,0.8561935,0.87618685,0.86516273,0.0165109783411026,0.008756816,0.008969247,0.011236548
MQAttn-LSTM-VQR classical twin,1,7,0.8619174,0.8547958,0.8734376,0.8611655,0.0165109783411026,0.007121563,0.00636971,0.011520207
MQAttn-LSTM-VQR classical twin,1,7,0.8597634,0.85915834,0.8712813,0.86008346,0.0165109783411026,0.00060504675,0.0009251237,0.011517942
MQAttn-LSTM-VQR classical twin,1,7,0.8576943,0.851788,0.8684438,0.85795045,0.0165109783411026,0.0059063435,0.0061624646,0.010749459
MQAttn-LSTM-VQR classical twin,1,7,0.8557193,0.8493581,0.8667715,0.85592675,0.0165109783411026,0.006361246,0.0065686703,0.011052191
MQAttn-LSTM-VQR classical twin,1,7,0.85281485,0.8476497,0.8649503,0.8521021,0.0165109783411026,0.0051651597,0.0044524074,0.012135446
MQAttn-LSTM-VQR classical twin,1,7,0.85091543,0.8448435,0.8619174,0.85135895,0.0165109783411026,0.006071925,0.0065154433,0.011001945
MQAttn-LSTM-VQR classical twin,1,7,0.8476578,0.8427775,0.8597634,0.8469581,0.0165109783411026,0.004880309,0.00418061,0.012105584
MQAttn-LSTM-VQR classical twin,1,7,0.84320486,0.8411285,0.8576943,0.8419545,0.0165109783411026,0.0020763278,0.00082600117,0.014489472
MQAttn-LSTM-VQR classical twin,1,7,0.83999944,0.83923966,0.8557193,0.84040684,0.0165109783411026,0.0007597804,0.0011671782,0.01571989
MQAttn-LSTM-VQR classical twin,1,7,0.8363357,0.8365374,0.85281485,0.83624774,0.0165109783411026,0.00020170212,0.00028967857,0.016479135
MQAttn-LSTM-VQR classical twin,1,7,0.834871,0.8345482,0.85091543,0.8364255,0.0165109783411026,0.00032281876,0.0018773079,0.016044438
MQAttn-LSTM-VQR classical twin,1,7,0.83373547,0.8311545,0.8476578,0.83449686,0.0165109783411026,0.0025809407,0.0033423305,0.013922334
MQAttn-LSTM-VQR classical twin,1,7,0.8310589,0.8272266,0.84320486,0.8301251,0.0165109783411026,0.0038323402,0.0028985143,0.0121459365
MQAttn-LSTM-VQR classical twin,1,7,0.8297691,0.8240798,0.83999944,0.83049875,0.0165109783411026,0.0056892633,0.0064189434,0.010230362
MQAttn-LSTM-VQR classical twin,1,7,0.82823926,0.82098347,0.8363357,0.82853335,0.0165109783411026,0.0072557926,0.007549882,0.0080964565
MQAttn-LSTM-VQR classical twin,1,7,0.82630706,0.8193429,0.834871,0.8261436,0.0165109783411026,0.006964147,0.006800711,0.008563936
MQAttn-LSTM-VQR classical twin,1,7,0.824478,0.81868094,0.83373547,0.8243693,0.0165109783411026,0.0057970285,0.0056883693,0.009257495
MQAttn-LSTM-VQR classical twin,1,7,0.8226968,0.81664246,0.8310589,0.8227143,0.0165109783411026,0.006054342,0.0060718656,0.008362114
MQAttn-LSTM-VQR classical twin,1,7,0.8197457,0.81471264,0.8297691,0.81899107,0.0165109783411026,0.005033076,0.0042784214,0.0100233555
MQAttn-LSTM-VQR classical twin,1,7,0.8181423,0.81360275,0.82823926,0.8187884,0.0165109783411026,0.0045395494,0.0051856637,0.010096967
MQAttn-LSTM-VQR classical twin,1,7,0.81669587,0.8121789,0.82630706,0.81709665,0.0165109783411026,0.004516959,0.004917741,0.009611189
MQAttn-LSTM-VQR classical twin,1,7,0.8140653,0.8098279,0.824478,0.813297,0.0165109783411026,0.004237354,0.00346905,0.010412693
MQAttn-LSTM-VQR classical twin,1,7,0.81285065,0.8079645,0.8226968,0.81353533,0.0165109783411026,0.0048861504,0.005570829,0.009846151
MQAttn-LSTM-VQR classical twin,1,7,0.81151193,0.8057877,0.8197457,0.81179327,0.0165109783411026,0.0057242513,0.006005585,0.008233786
MQAttn-LSTM-VQR classical twin,1,7,0.8095028,0.8031502,0.8181423,0.8091318,0.0165109783411026,0.0063526034,0.005981624,0.008639514
MQAttn-LSTM-VQR classical twin,1,7,0.80878943,0.8020676,0.81669587,0.80952513,0.0165109783411026,0.006721854,0.0074575543,0.007906437
MQAttn-LSTM-VQR classical twin,1,7,0.8077802,0.80056286,0.8140653,0.8079076,0.0165109783411026,0.0072173476,0.0073447227,0.0062850714
MQAttn-LSTM-VQR classical twin,1,7,0.8051661,0.79925406,0.81285065,0.80404264,0.0165109783411026,0.0059120655,0.0047885776,0.007684529
MQAttn-LSTM-VQR classical twin,1,7,0.8053646,0.7982796,0.81151193,0.806972,0.0165109783411026,0.0070850253,0.008692443,0.006147325
MQAttn-LSTM-VQR classical twin,1,7,0.8034635,0.79793763,0.8095028,0.8026572,0.0165109783411026,0.005525887,0.0047195554,0.006039262
MQAttn-LSTM-VQR classical twin,1,7,0.80150187,0.7958263,0.80878943,0.8010389,0.0165109783411026,0.0056755543,0.005212605,0.007287562
MQAttn-LSTM-VQR classical twin,1,7,0.7989232,0.7947377,0.8077802,0.7982408,0.0165109783411026,0.0041854978,0.0035030842,0.008857012
MQAttn-LSTM-VQR classical twin,1,7,0.7969657,0.7937737,0.8051661,0.79725003,0.0165109783411026,0.0031920075,0.0034763217,0.008200407
MQAttn-LSTM-VQR classical twin,1,7,0.7951338,0.7923115,0.8053646,0.79543537,0.0165109783411026,0.0028223395,0.0031238794,0.01023078
MQAttn-LSTM-VQR classical twin,1,7,0.79293495,0.7906679,0.8034635,0.7925821,0.0165109783411026,0.0022670627,0.0019142032,0.010528564
MQAttn-LSTM-VQR classical twin,1,7,0.7915527,0.78855515,0.80150187,0.79197955,0.0165109783411026,0.0029975772,0.003424406,0.009949148
MQAttn-LSTM-VQR classical twin,1,7,0.7901989,0.78665274,0.7989232,0.7904886,0.0165109783411026,0.0035461783,0.003835857,0.008724272
MQAttn-LSTM-VQR classical twin,1,7,0.7880798,0.7837195,0.7969657,0.7876212,0.0165109783411026,0.004360318,0.00390172,0.00888592
MQAttn-LSTM-VQR classical twin,1,7,0.7870215,0.7818157,0.7951338,0.787577,0.0165109783411026,0.00520581,0.0057612658,0.008112311
MQAttn-QLSTM-VQR,1,7,0.9435359,0.92951936,0.9557622,0.94327706,0.0165109783411026,0.014016569,0.013757706,0.012226284
MQAttn-QLSTM-VQR,1,7,0.9405687,0.92590356,0.95224535,0.9404878,0.0165109783411026,0.014665127,0.014584243,0.011676669
MQAttn-QLSTM-VQR,1,7,0.9377281,0.9244605,0.9509667,0.9378422,0.0165109783411026,0.013267636,0.01338172,0.013238609
MQAttn-QLSTM-VQR,1,7,0.9351358,0.92247957,0.9487493,0.93526983,0.0165109783411026,0.012656212,0.012790263,0.013613522
MQAttn-QLSTM-VQR,1,7,0.93267125,0.9202958,0.94630736,0.9327988,0.0165109783411026,0.012375474,0.012503028,0.013636112
MQAttn-QLSTM-VQR,1,7,0.92871284,0.9176401,0.9435359,0.927651,0.0165109783411026,0.011072755,0.010010898,0.014823079
MQAttn-QLSTM-VQR,1,7,0.9235752,0.9148897,0.9405687,0.9222411,0.0165109783411026,0.008685529,0.0073513985,0.016993463
MQAttn-QLSTM-VQR,1,7,0.9191058,0.91221076,0.9377281,0.9191452,0.0165109783411026,0.0068950653,0.006934464,0.01862228
MQAttn-QLSTM-VQR,1,7,0.9154836,0.90977734,0.9351358,0.91621333,0.0165109783411026,0.0057062507,0.0064359903,0.019652188
MQAttn-QLSTM-VQR,1,7,0.91305184,0.9074156,0.93267125,0.9141225,0.0165109783411026,0.005636215,0.0067068934,0.019619405
MQAttn-QLSTM-VQR,1,7,0.91053796,0.9037025,0.92871284,0.91072667,0.0165109783411026,0.0068354607,0.007024169,0.018174887
MQAttn-QLSTM-VQR,1,7,0.9084046,0.8988501,0.9235752,0.90874124,0.0165109783411026,0.009554505,0.009891152,0.015170634
MQAttn-QLSTM-VQR,1,7,0.9054749,0.8946541,0.9191058,0.9051555,0.0165109783411026,0.010820806,0.010501385,0.013630927
MQAttn-QLSTM-VQR,1,7,0.9029205,0.8912427,0.9154836,0.90313,0.0165109783411026,0.011677802,0.011887312,0.012563109
MQAttn-QLSTM-VQR,1,7,0.8994791,0.8889407,0.91305184,0.8989268,0.0165109783411026,0.010538399,0.009986103,0.0135727525
MQAttn-QLSTM-VQR,1,7,0.8968533,0.88667196,0.91053796,0.89721197,0.0165109783411026,0.010181367,0.010540009,0.01368463
MQAttn-QLSTM-VQR,1,7,0.8943523,0.8846683,0.9084046,0.8946353,0.0165109783411026,0.009684026,0.009967029,0.014052272
MQAttn-QLSTM-VQR,1,7,0.89098775,0.88205475,0.9054749,0.8904079,0.0165109783411026,0.008933008,0.008353174,0.014487147
MQAttn-QLSTM-VQR,1,7,0.8885956,0.87967414,0.9029205,0.8890541,0.0165109783411026,0.008921444,0.009379983,0.0143249035
MQAttn-QLSTM-VQR,1,7,0.88615924,0.8767547,0.8994791,0.88637275,0.0165109783411026,0.00940454,0.009618044,0.01331985
MQAttn-QLSTM-VQR,1,7,0.8827985,0.874219,0.8968533,0.882196,0.0165109783411026,0.008579493,0.007977009,0.014054835
MQAttn-QLSTM-VQR,1,7,0.88043433,0.8718224,0.8943523,0.880876,0.0165109783411026,0.0086119175,0.009053588,0.013917983
MQAttn-QLSTM-VQR,1,7,0.87618685,0.8687366,0.89098775,0.8749987,0.0165109783411026,0.007450223,0.006262064,0.014800906
MQAttn-QLSTM-VQR,1,7,0.8734376,0.8665634,0.8885956,0.87409663,0.0165109783411026,0.0068742037,0.0075332522,0.015157998
MQAttn-QLSTM-VQR,1,7,0.8712813,0.864169,0.88615924,0.8720327,0.0165109783411026,0.0071123242,0.0078637,0.014877915
MQAttn-QLSTM-VQR,1,7,0.8684438,0.86107725,0.8827985,0.868158,0.0165109783411026,0.007366538,0.007080734,0.014354706
MQAttn-QLSTM-VQR,1,7,0.8667715,0.85874844,0.88043433,0.86745965,0.0165109783411026,0.008023083,0.008711219,0.013662815
MQAttn-QLSTM-VQR,1,7,0.8649503,0.8553696,0.87618685,0.86516273,0.0165109783411026,0.009580672,0.009793103,0.011236548
MQAttn-QLSTM-VQR,1,7,0.8619174,0.8524219,0.8734376,0.8611655,0.0165109783411026,0.009495497,0.008743644,0.011520207
MQAttn-QLSTM-VQR,1,7,0.8597634,0.84941924,0.8712813,0.86008346,0.0165109783411026,0.010344148,0.010664225,0.011517942
MQAttn-QLSTM-VQR,1,7,0.8576943,0.8489822,0.8684438,0.85795045,0.0165109783411026,0.008712113,0.008968234,0.010749459
MQAttn-QLSTM-VQR,1,7,0.8557193,0.84688246,0.8667715,0.85592675,0.0165109783411026,0.008836865,0.00904429,0.011052191
MQAttn-QLSTM-VQR,1,7,0.85281485,0.8447541,0.8649503,0.8521021,0.0165109783411026,0.008060753,0.007348001,0.012135446
MQAttn-QLSTM-VQR,1,7,0.85091543,0.8416907,0.8619174,0.85135895,0.0165109783411026,0.009224713,0.009668231,0.011001945
MQAttn-QLSTM-VQR,1,7,0.8476578,0.8395611,0.8597634,0.8469581,0.0165109783411026,0.008096695,0.007396996,0.012105584
MQAttn-QLSTM-VQR,1,7,0.84320486,0.83718675,0.8576943,0.8419545,0.0165109783411026,0.006018102,0.0047677755,0.014489472
MQAttn-QLSTM-VQR,1,7,0.83999944,0.83521545,0.8557193,0.84040684,0.0165109783411026,0.004783988,0.0051913857,0.01571989
MQAttn-QLSTM-VQR,1,7,0.8363357,0.83249336,0.85281485,0.83624774,0.0165109783411026,0.0038423538,0.0037543774,0.016479135
MQAttn-QLSTM-VQR,1,7,0.834871,0.83063805,0.85091543,0.8364255,0.0165109783411026,0.004232943,0.005787432,0.016044438
MQAttn-QLSTM-VQR,1,7,0.83373547,0.8273363,0.8476578,0.83449686,0.0165109783411026,0.0063991547,0.0071605444,0.013922334
MQAttn-QLSTM-VQR,1,7,0.8310589,0.82299453,0.84320486,0.8301251,0.0165109783411026,0.008064389,0.0071305633,0.0121459365
MQAttn-QLSTM-VQR,1,7,0.8297691,0.8199086,0.83999944,0.83049875,0.0165109783411026,0.009860456,0.010590136,0.010230362
MQAttn-QLSTM-VQR,1,7,0.82823926,0.8166906,0.8363357,0.82853335,0.0165109783411026,0.011548638,0.011842728,0.0080964565
MQAttn-QLSTM-VQR,1,7,0.82630706,0.81536573,0.834871,0.8261436,0.0165109783411026,0.010941327,0.010777891,0.008563936
MQAttn-QLSTM-VQR,1,7,0.824478,0.8142837,0.83373547,0.8243693,0.0165109783411026,0.010194242,0.010085583,0.009257495
MQAttn-QLSTM-VQR,1,7,0.8226968,0.81187034,0.8310589,0.8227143,0.0165109783411026,0.0108264685,0.010843992,0.008362114
MQAttn-QLSTM-VQR,1,7,0.8197457,0.8106113,0.8297691,0.81899107,0.0165109783411026,0.009134412,0.008379757,0.0100233555
MQAttn-QLSTM-VQR,1,7,0.8181423,0.80901194,0.82823926,0.8187884,0.0165109783411026,0.009130359,0.009776473,0.010096967
MQAttn-QLSTM-VQR,1,7,0.81669587,0.80710334,0.82630706,0.81709665,0.0165109783411026,0.009592533,0.009993315,0.009611189
MQAttn-QLSTM-VQR,1,7,0.8140653,0.8051925,0.824478,0.813297,0.0165109783411026,0.008872807,0.008104503,0.010412693
MQAttn-QLSTM-VQR,1,7,0.81285065,0.8034144,0.8226968,0.81353533,0.0165109783411026,0.00943625,0.010120928,0.009846151
MQAttn-QLSTM-VQR,1,7,0.81151193,0.8007246,0.8197457,0.81179327,0.0165109783411026,0.010787308,0.011068642,0.008233786
MQAttn-QLSTM-VQR,1,7,0.8095028,0.7990155,0.8181423,0.8091318,0.0165109783411026,0.010487258,0.010116279,0.008639514
MQAttn-QLSTM-VQR,1,7,0.80878943,0.79745597,0.81669587,0.80952513,0.0165109783411026,0.011333466,0.012069166,0.007906437
MQAttn-QLSTM-VQR,1,7,0.8077802,0.795209,0.8140653,0.8079076,0.0165109783411026,0.012571216,0.012698591,0.0062850714
MQAttn-QLSTM-VQR,1,7,0.8051661,0.79392153,0.81285065,0.80404264,0.0165109783411026,0.011244595,0.010121107,0.007684529
MQAttn-QLSTM-VQR,1,7,0.8053646,0.7924586,0.81151193,0.806972,0.0165109783411026,0.012906015,0.014513433,0.006147325
MQAttn-QLSTM-VQR,1,7,0.8034635,0.79096574,0.8095028,0.8026572,0.0165109783411026,0.012497783,0.011691451,0.006039262
MQAttn-QLSTM-VQR,1,7,0.80150187,0.7898618,0.80878943,0.8010389,0.0165109783411026,0.011640072,0.011177123,0.007287562
MQAttn-QLSTM-VQR,1,7,0.7989232,0.7885587,0.8077802,0.7982408,0.0165109783411026,0.010364473,0.009682059,0.008857012
MQAttn-QLSTM-VQR,1,7,0.7969657,0.78633535,0.8051661,0.79725003,0.0165109783411026,0.010630369,0.010914683,0.008200407
MQAttn-QLSTM-VQR,1,7,0.7951338,0.7862142,0.8053646,0.79543537,0.0165109783411026,0.008919656,0.009221196,0.01023078
MQAttn-QLSTM-VQR,1,7,0.79293495,0.78408617,0.8034635,0.7925821,0.0165109783411026,0.008848786,0.008495927,0.010528564
MQAttn-QLSTM-VQR,1,7,0.7915527,0.781957,0.80150187,0.79197955,0.0165109783411026,0.009595752,0.010022581,0.009949148
MQAttn-QLSTM-VQR,1,7,0.7901989,0.77958906,0.7989232,0.7904886,0.0165109783411026,0.010609865,0.010899544,0.008724272
MQAttn-QLSTM-VQR,1,7,0.7880798,0.7774719,0.7969657,0.7876212,0.0165109783411026,0.010607898,0.0101493,0.00888592
MQAttn-QLSTM-VQR,1,7,0.7870215,0.7755616,0.7951338,0.787577,0.0165109783411026,0.011459947,0.012015402,0.008112311
MQAttn-QLSTM-VQR classical twin,1,7,0.9435359,0.9355746,0.9557622,0.94327706,0.0165109783411026,0.007961333,0.00770247,0.012226284
MQAttn-QLSTM-VQR classical twin,1,7,0.9405687,0.9318543,0.95224535,0.9404878,0.0165109783411026,0.008714378,0.008633494,0.011676669
MQAttn-QLSTM-VQR classical twin,1,7,0.9377281,0.93095744,0.9509667,0.9378422,0.0165109783411026,0.0067706704,0.0068847537,0.013238609
MQAttn-QLSTM-VQR classical twin,1,7,0.9351358,0.92892224,0.9487493,0.93526983,0.0165109783411026,0.006213546,0.0063475966,0.013613522
MQAttn-QLSTM-VQR classical twin,1,7,0.93267125,0.9266181,0.94630736,0.9327988,0.0165109783411026,0.0060531497,0.0061807036,0.013636112
MQAttn-QLSTM-VQR classical twin,1,7,0.92871284,0.92380804,0.9435359,0.927651,0.0165109783411026,0.0049048066,0.0038429499,0.014823079
MQAttn-QLSTM-VQR classical twin,1,7,0.9235752,0.92088056,0.9405687,0.9222411,0.0165109783411026,0.0026946664,0.0013605356,0.016993463
MQAttn-QLSTM-VQR classical twin,1,7,0.9191058,0.9179871,0.9377281,0.9191452,0.0165109783411026,0.0011187196,0.0011581182,0.01862228
MQAttn-QLSTM-VQR classical twin,1,7,0.9154836,0.91535205,0.9351358,0.91621333,0.0165109783411026,0.00013154745,0.0008612871,0.019652188
MQAttn-QLSTM-VQR classical twin,1,7,0.91305184,0.9128336,0.93267125,0.9141225,0.0165109783411026,0.00021827221,0.0012889504,0.019619405
MQAttn-QLSTM-VQR classical twin,1,7,0.91053796,0.90885687,0.92871284,0.91072667,0.0165109783411026,0.0016810894,0.0018697977,0.018174887
MQAttn-QLSTM-VQR classical twin,1,7,0.9084046,0.90365916,0.9235752,0.90874124,0.0165109783411026,0.004745424,0.005082071,0.015170634
MQAttn-QLSTM-VQR classical twin,1,7,0.9054749,0.89918166,0.9191058,0.9051555,0.0165109783411026,0.006293237,0.005973816,0.013630927
MQAttn-QLSTM-VQR classical twin,1,7,0.9029205,0.8954222,0.9154836,0.90313,0.0165109783411026,0.0074982643,0.0077077746,0.012563109
MQAttn-QLSTM-VQR classical twin,1,7,0.8994791,0.8929963,0.91305184,0.8989268,0.0165109783411026,0.00648278,0.0059304833,0.0135727525
MQAttn-QLSTM-VQR classical twin,1,7,0.8968533,0.89056194,0.91053796,0.89721197,0.0165109783411026,0.0062913895,0.0066500306,0.01368463
MQAttn-QLSTM-VQR classical twin,1,7,0.8943523,0.8884436,0.9084046,0.8946353,0.0165109783411026,0.0059087276,0.0061917305,0.014052272
MQAttn-QLSTM-VQR classical twin,1,7,0.89098775,0.8856938,0.9054749,0.8904079,0.0165109783411026,0.0052939653,0.0047141314,0.014487147
MQAttn-QLSTM-VQR classical twin,1,7,0.8885956,0.8831596,0.9029205,0.8890541,0.0165109783411026,0.005436003,0.0058945417,0.0143249035
MQAttn-QLSTM-VQR classical twin,1,7,0.88615924,0.8800732,0.8994791,0.88637275,0.0165109783411026,0.0060860515,0.0062995553,0.01331985
MQAttn-QLSTM-VQR classical twin,1,7,0.8827985,0.87724566,0.8968533,0.882196,0.0165109783411026,0.0055528283,0.0049503446,0.014054835
MQAttn-QLSTM-VQR classical twin,1,7,0.88043433,0.87477654,0.8943523,0.880876,0.0165109783411026,0.005657792,0.0060994625,0.013917983
MQAttn-QLSTM-VQR classical twin,1,7,0.87618685,0.8717126,0.89098775,0.8749987,0.0165109783411026,0.0044742227,0.0032860637,0.014800906
MQAttn-QLSTM-VQR classical twin,1,7,0.8734376,0.86919296,0.8885956,0.87409663,0.0165109783411026,0.0042446256,0.004903674,0.015157998
MQAttn-QLSTM-VQR classical twin,1,7,0.8712813,0.8667699,0.88615924,0.8720327,0.0165109783411026,0.004511416,0.005262792,0.014877915
MQAttn-QLSTM-VQR classical twin,1,7,0.8684438,0.8637146,0.8827985,0.868158,0.0165109783411026,0.0047292113,0.004443407,0.014354706
MQAttn-QLSTM-VQR classical twin,1,7,0.8667715,0.86099136,0.88043433,0.86745965,0.0165109783411026,0.0057801604,0.006468296,0.013662815
MQAttn-QLSTM-VQR classical twin,1,7,0.8649503,0.8570919,0.87618685,0.86516273,0.0165109783411026,0.007858396,0.0080708265,0.011236548
MQAttn-QLSTM-VQR classical twin,1,7,0.8619174,0.8541086,0.8734376,0.8611655,0.0165109783411026,0.0078088045,0.0070569515,0.011520207
MQAttn-QLSTM-VQR classical twin,1,7,0.8597634,0.852555,0.8712813,0.86008346,0.0165109783411026,0.007208407,0.007528484,0.011517942
MQAttn-QLSTM-VQR classical twin,1,7,0.8576943,0.85008955,0.8684438,0.85795045,0.0165109783411026,0.007604778,0.007860899,0.010749459
MQAttn-QLSTM-VQR classical twin,1,7,0.8557193,0.8479198,0.8667715,0.85592675,0.0165109783411026,0.007799506,0.00800693,0.011052191
MQAttn-QLSTM-VQR classical twin,1,7,0.85281485,0.8460317,0.8649503,0.8521021,0.0165109783411026,0.006783128,0.0060703754,0.012135446
MQAttn-QLSTM-VQR classical twin,1,7,0.85091543,0.84330374,0.8619174,0.85135895,0.0165109783411026,0.007611692,0.00805521,0.011001945
MQAttn-QLSTM-VQR classical twin,1,7,0.8476578,0.84079814,0.8597634,0.8469581,0.0165109783411026,0.00685966,0.006159961,0.012105584
MQAttn-QLSTM-VQR classical twin,1,7,0.84320486,0.8386384,0.8576943,0.8419545,0.0165109783411026,0.004566431,0.0033161044,0.014489472
MQAttn-QLSTM-VQR classical twin,1,7,0.83999944,0.83663565,0.8557193,0.84040684,0.0165109783411026,0.0033637881,0.0037711859,0.01571989
MQAttn-QLSTM-VQR classical twin,1,7,0.8363357,0.83403575,0.85281485,0.83624774,0.0165109783411026,0.0022999644,0.002211988,0.016479135
MQAttn-QLSTM-VQR classical twin,1,7,0.834871,0.8317645,0.85091543,0.8364255,0.0165109783411026,0.0031064749,0.004660964,0.016044438
MQAttn-QLSTM-VQR classical twin,1,7,0.83373547,0.82865983,0.8476578,0.83449686,0.0165109783411026,0.0050756335,0.0058370233,0.013922334
MQAttn-QLSTM-VQR classical twin,1,7,0.8310589,0.8242704,0.84320486,0.8301251,0.0165109783411026,0.006788492,0.0058546662,0.0121459365
MQAttn-QLSTM-VQR classical twin,1,7,0.8297691,0.82097936,0.83999944,0.83049875,0.0165109783411026,0.008789718,0.009519398,0.010230362
MQAttn-QLSTM-VQR classical twin,1,7,0.82823926,0.8181022,0.8363357,0.82853335,0.0165109783411026,0.010137081,0.01043117,0.0080964565
MQAttn-QLSTM-VQR classical twin,1,7,0.82630706,0.8164581,0.834871,0.8261436,0.0165109783411026,0.009848952,0.009685516,0.008563936
MQAttn-QLSTM-VQR classical twin,1,7,0.824478,0.8154823,0.83373547,0.8243693,0.0165109783411026,0.008995652,0.008886993,0.009257495
MQAttn-QLSTM-VQR classical twin,1,7,0.8226968,0.81319785,0.8310589,0.8227143,0.0165109783411026,0.009498954,0.009516478,0.008362114
MQAttn-QLSTM-VQR classical twin,1,7,0.8197457,0.81159735,0.8297691,0.81899107,0.0165109783411026,0.008148372,0.0073937178,0.0100233555
MQAttn-QLSTM-VQR classical twin,1,7,0.8181423,0.81010616,0.82823926,0.8187884,0.0165109783411026,0.008036137,0.008682251,0.010096967
MQAttn-QLSTM-VQR classical twin,1,7,0.81669587,0.8080128,0.82630706,0.81709665,0.0165109783411026,0.008683085,0.009083867,0.009611189
MQAttn-QLSTM-VQR classical twin,1,7,0.8140653,0.80626416,0.824478,0.813297,0.0165109783411026,0.0078011155,0.0070328116,0.010412693
MQAttn-QLSTM-VQR classical twin,1,7,0.81285065,0.8045102,0.8226968,0.81353533,0.0165109783411026,0.008340478,0.0090251565,0.009846151
MQAttn-QLSTM-VQR classical twin,1,7,0.81151193,0.80163586,0.8197457,0.81179327,0.0165109783411026,0.009876072,0.010157406,0.008233786
MQAttn-QLSTM-VQR classical twin,1,7,0.8095028,0.79987526,0.8181423,0.8091318,0.0165109783411026,0.009627521,0.009256542,0.008639514
MQAttn-QLSTM-VQR classical twin,1,7,0.80878943,0.79846454,0.81669587,0.80952513,0.0165109783411026,0.010324895,0.0110605955,0.007906437
MQAttn-QLSTM-VQR classical twin,1,7,0.8077802,0.7958617,0.8140653,0.8079076,0.0165109783411026,0.011918485,0.01204586,0.0062850714
MQAttn-QLSTM-VQR classical twin,1,7,0.8051661,0.79391766,0.81285065,0.80404264,0.0165109783411026,0.011248469,0.010124981,0.007684529
MQAttn-QLSTM-VQR classical twin,1,7,0.8053646,0.7922952,0.81151193,0.806972,0.0165109783411026,0.013069391,0.014676809,0.006147325
MQAttn-QLSTM-VQR classical twin,1,7,0.8034635,0.7898896,0.8095028,0.8026572,0.0165109783411026,0.013573945,0.012767613,0.006039262
MQAttn-QLSTM-VQR classical twin,1,7,0.80150187,0.7889636,0.80878943,0.8010389,0.0165109783411026,0.012538254,0.012075305,0.007287562
MQAttn-QLSTM-VQR classical twin,1,7,0.7989232,0.78799564,0.8077802,0.7982408,0.0165109783411026,0.010927558,0.010245144,0.008857012
MQAttn-QLSTM-VQR classical twin,1,7,0.7969657,0.78523767,0.8051661,0.79725003,0.0165109783411026,0.011728048,0.0120123625,0.008200407
MQAttn-QLSTM-VQR classical twin,1,7,0.7951338,0.785266,0.8053646,0.79543537,0.0165109783411026,0.009867847,0.010169387,0.01023078
MQAttn-QLSTM-VQR classical twin,1,7,0.79293495,0.7833574,0.8034635,0.7925821,0.0165109783411026,0.009577572,0.009224713,0.010528564
MQAttn-QLSTM-VQR classical twin,1,7,0.7915527,0.7814928,0.80150187,0.79197955,0.0165109783411026,0.010059893,0.010486722,0.009949148
MQAttn-QLSTM-VQR classical twin,1,7,0.7901989,0.77895916,0.7989232,0.7904886,0.0165109783411026,0.011239767,0.011529446,0.008724272
MQAttn-QLSTM-VQR classical twin,1,7,0.7880798,0.7770903,0.7969657,0.7876212,0.0165109783411026,0.010989487,0.010530889,0.00888592
MQAttn-QLSTM-VQR classical twin,1,7,0.7870215,0.77533257,0.7951338,0.787577,0.0165109783411026,0.011688948,0.012244403,0.008112311
QLSTM,1,7,0.9435359,0.93037826,0.9557622,0.94327706,0.0165109783411026,0.013157666,0.012898803,0.012226284
QLSTM,1,7,0.9405687,0.9270216,0.95224535,0.9404878,0.0165109783411026,0.013547063,0.013466179,0.011676669
QLSTM,1,7,0.9377281,0.92563355,0.9509667,0.9378422,0.0165109783411026,0.012094557,0.012208641,0.013238609
QLSTM,1,7,0.9351358,0.9234502,0.9487493,0.93526983,0.0165109783411026,0.01168561,0.011819661,0.013613522
QLSTM,1,7,0.93267125,0.9211138,0.94630736,0.9327988,0.0165109783411026,0.01155746,0.011685014,0.013636112
QLSTM,1,7,0.92871284,0.91850424,0.9435359,0.927651,0.0165109783411026,0.010208607,0.00914675,0.014823079
QLSTM,1,7,0.9235752,0.9156935,0.9405687,0.9222411,0.0165109783411026,0.007881701,0.00654757,0.016993463
QLSTM,1,7,0.9191058,0.9130367,0.9377281,0.9191452,0.0165109783411026,0.0060691237,0.0061085224,0.01862228
QLSTM,1,7,0.9154836,0.91063267,0.9351358,0.91621333,0.0165109783411026,0.004850924,0.0055806637,0.019652188
QLSTM,1,7,0.91305184,0.9083394,0.93267125,0.9141225,0.0165109783411026,0.0047124624,0.0057831407,0.019619405
QLSTM,1,7,0.91053796,0.90464586,0.92871284,0.91072667,0.0165109783411026,0.005892098,0.0060808063,0.018174887
QLSTM,1,7,0.9084046,0.8998404,0.9235752,0.90874124,0.0165109783411026,0.008564174,0.008900821,0.015170634
QLSTM,1,7,0.9054749,0.8956989,0.9191058,0.9051555,0.0165109783411026,0.009775996,0.009456575,0.013630927
QLSTM,1,7,0.9029205,0.89241683,0.9154836,0.90313,0.0165109783411026,0.01050365,0.01071316,0.012563109
QLSTM,1,7,0.8994791,0.89021033,0.91305184,0.8989268,0.0165109783411026,0.009268761,0.008716464,0.0135727525
QLSTM,1,7,0.8968533,0.88796914,0.91053796,0.89721197,0.0165109783411026,0.0088841915,0.009242833,0.01368463
QLSTM,1,7,0.8943523,0.88601285,0.9084046,0.8946353,0.0165109783411026,0.008339465,0.0086224675,0.014052272
QLSTM,1,7,0.89098775,0.8833532,0.9054749,0.8904079,0.0165109783411026,0.00763458,0.007054746,0.014487147
QLSTM,1,7,0.8885956,0.8809767,0.9029205,0.8890541,0.0165109783411026,0.007618904,0.008077443,0.0143249035
QLSTM,1,7,0.88615924,0.8779273,0.8994791,0.88637275,0.0165109783411026,0.008231938,0.008445442,0.01331985
QLSTM,1,7,0.8827985,0.8754617,0.8968533,0.882196,0.0165109783411026,0.0073367953,0.0067343116,0.014054835
QLSTM,1,7,0.88043433,0.8731259,0.8943523,0.880876,0.0165109783411026,0.0073084235,0.007750094,0.013917983
QLSTM,1,7,0.87618685,0.87017184,0.89098775,0.8749987,0.0165109783411026,0.0060150027,0.0048268437,0.014800906
QLSTM,1,7,0.8734376,0.8679567,0.8885956,0.87409663,0.0165109783411026,0.0054808855,0.006139934,0.015157998
QLSTM,1,7,0.8712813,0.86564,0.88615924,0.8720327,0.0165109783411026,0.005641341,0.0063927174,0.014877915
QLSTM,1,7,0.8684438,0.86265767,0.8827985,0.868158,0.0165109783411026,0.005786121,0.0055003166,0.014354706
QLSTM,1,7,0.8667715,0.86040026,0.88043433,0.86745965,0.0165109783411026,0.0063712597,0.0070593953,0.013662815
QLSTM,1,7,0.8649503,0.8569079,0.87618685,0.86516273,0.0165109783411026,0.008042395,0.008254826,0.011236548
QLSTM,1,7,0.8619174,0.85416347,0.8734376,0.8611655,0.0165109783411026,0.0077539086,0.0070020556,0.011520207
QLSTM,1,7,0.8597634,0.8530593,0.8712813,0.86008346,0.0165109783411026,0.006704092,0.007024169,0.011517942
QLSTM,1,7,0.8576943,0.85001147,0.8684438,0.85795045,0.0165109783411026,0.00768286,0.007938981,0.010749459
QLSTM,1,7,0.8557193,0.84822845,0.8667715,0.85592675,0.0165109783411026,0.0074908733,0.0076982975,0.011052191
QLSTM,1,7,0.85281485,0.8463891,0.8649503,0.8521021,0.0165109783411026,0.0064257383,0.005712986,0.012135446
QLSTM,1,7,0.85091543,0.8436624,0.8619174,0.85135895,0.0165109783411026,0.007253051,0.007696569,0.011001945
QLSTM,1,7,0.8476578,0.84155214,0.8597634,0.8469581,0.0165109783411026,0.0061056614,0.0054059625,0.012105584
QLSTM,1,7,0.84320486,0.8395183,0.8576943,0.8419545,0.0165109783411026,0.0036865473,0.0024362206,0.014489472
QLSTM,1,7,0.83999944,0.837616,0.8557193,0.84040684,0.0165109783411026,0.002383411,0.0027908087,0.01571989
QLSTM,1,7,0.8363357,0.83508897,0.85281485,0.83624774,0.0165109783411026,0.0012467504,0.0011587739,0.016479135
QLSTM,1,7,0.834871,0.8332105,0.85091543,0.8364255,0.0165109783411026,0.0016604662,0.0032149553,0.016044438
QLSTM,1,7,0.83373547,0.8300969,0.8476578,0.83449686,0.0165109783411026,0.0036385655,0.0043999553,0.013922334
QLSTM,1,7,0.8310589,0.8259231,0.84320486,0.8301251,0.0165109783411026,0.005135834,0.0042020082,0.0121459365
QLSTM,1,7,0.8297691,0.82289726,0.83999944,0.83049875,0.0165109783411026,0.0068718195,0.0076014996,0.010230362
QLSTM,1,7,0.82823926,0.82001656,0.8363357,0.82853335,0.0165109783411026,0.008222699,0.0085167885,0.0080964565
QLSTM,1,7,0.82630706,0.81859946,0.834871,0.8261436,0.0165109783411026,0.007707596,0.00754416,0.008563936
QLSTM,1,7,0.824478,0.8175189,0.83373547,0.8243693,0.0165109783411026,0.0069590807,0.0068504214,0.009257495
QLSTM,1,7,0.8226968,0.8153923,0.8310589,0.8227143,0.0165109783411026,0.0073044896,0.0073220134,0.008362114
QLSTM,1,7,0.8197457,0.814016,0.8297691,0.81899107,0.0165109783411026,0.005729735,0.0049750805,0.0100233555
QLSTM,1,7,0.8181423,0.8124409,0.82823926,0.8187884,0.0165109783411026,0.0057014227,0.006347537,0.010096967
QLSTM,1,7,0.81669587,0.810518,0.82630706,0.81709665,0.0165109783411026,0.0061778426,0.0065786242,0.009611189
QLSTM,1,7,0.8140653,0.80877924,0.824478,0.813297,0.0165109783411026,0.005286038,0.004517734,0.010412693
QLSTM,1,7,0.81285065,0.8070804,0.8226968,0.81353533,0.0165109783411026,0.005770266,0.0064549446,0.009846151
QLSTM,1,7,0.81151193,0.804654,0.8197457,0.81179327,0.0165109783411026,0.0068579316,0.0071392655,0.008233786
QLSTM,1,7,0.8095028,0.80302155,0.8181423,0.8091318,0.0165109783411026,0.0064812303,0.006110251,0.008639514
QLSTM,1,7,0.80878943,0.801556,0.81669587,0.80952513,0.0165109783411026,0.007233441,0.007969141,0.007906437
QLSTM,1,7,0.8077802,0.7995029,0.8140653,0.8079076,0.0165109783411026,0.008277297,0.008404672,0.0062850714
QLSTM,1,7,0.8051661,0.7979544,0.81285065,0.80404264,0.0165109783411026,0.007211745,0.006088257,0.007684529
QLSTM,1,7,0.8053646,0.7964627,0.81151193,0.806972,0.0165109783411026,0.008901894,0.010509312,0.006147325
QLSTM,1,7,0.8034635,0.79493266,0.8095028,0.8026572,0.0165109783411026,0.008530855,0.0077245235,0.006039262
QLSTM,1,7,0.80150187,0.7939307,0.80878943,0.8010389,0.0165109783411026,0.007571161,0.0071082115,0.007287562
QLSTM,1,7,0.7989232,0.7927311,0.8077802,0.7982408,0.0165109783411026,0.006192088,0.0055096745,0.008857012
QLSTM,1,7,0.7969657,0.7906584,0.8051661,0.79725003,0.0165109783411026,0.006307304,0.006591618,0.008200407
QLSTM,1,7,0.7951338,0.790514,0.8053646,0.79543537,0.0165109783411026,0.004619837,0.0049213767,0.01023078
QLSTM,1,7,0.79293495,0.7884409,0.8034635,0.7925821,0.0165109783411026,0.004494071,0.0041412115,0.010528564
QLSTM,1,7,0.7915527,0.7864465,0.80150187,0.79197955,0.0165109783411026,0.0051062107,0.0055330396,0.009949148
QLSTM,1,7,0.7901989,0.7842077,0.7989232,0.7904886,0.0165109783411026,0.0059912205,0.006280899,0.008724272
QLSTM,1,7,0.7880798,0.78226805,0.7969657,0.7876212,0.0165109783411026,0.005811751,0.0053531528,0.00888592
QLSTM,1,7,0.7870215,0.78047675,0.7951338,0.787577,0.0165109783411026,0.006544769,0.0071002245,0.008112311
LSTM,1,7,0.9435359,0.93308717,0.9557622,0.94327706,0.0165109783411026,0.010448754,0.010189891,0.012226284
LSTM,1,7,0.9405687,0.92954016,0.95224535,0.9404878,0.0165109783411026,0.011028528,0.010947645,0.011676669
LSTM,1,7,0.9377281,0.9281622,0.9509667,0.9378422,0.0165109783411026,0.00956589,0.009679973,0.013238609
LSTM,1,7,0.9351358,0.92595,0.9487493,0.93526983,0.0165109783411026,0.009185791,0.009319842,0.013613522
LSTM,1,7,0.93267125,0.923531,0.94630736,0.9327988,0.0165109783411026,0.009140253,0.009267807,0.013636112
LSTM,1,7,0.92871284,0.92094547,0.9435359,0.927651,0.0165109783411026,0.0077673793,0.0067055225,0.014823079
LSTM,1,7,0.9235752,0.91800535,0.9405687,0.9222411,0.0165109783411026,0.0055698752,0.0042357445,0.016993463
LSTM,1,7,0.9191058,0.91532135,0.9377281,0.9191452,0.0165109783411026,0.0037844777,0.0038238764,0.01862228
LSTM,1,7,0.9154836,0.9127953,0.9351358,0.91621333,0.0165109783411026,0.0026882887,0.0034180284,0.019652188
LSTM,1,7,0.91305184,0.91033953,0.93267125,0.9141225,0.0165109783411026,0.0027123094,0.0037829876,0.019619405
LSTM,1,7,0.91053796,0.9063374,0.92871284,0.91072667,0.0165109783411026,0.0042005777,0.004389286,0.018174887
LSTM,1,7,0.9084046,0.9013838,0.9235752,0.90874124,0.0165109783411026,0.0070207715,0.0073574185,0.015170634
LSTM,1,7,0.9054749,0.8969563,0.9191058,0.9051555,0.0165109783411026,0.008518577,0.008199155,0.013630927
LSTM,1,7,0.9029205,0.893515,0.9154836,0.90313,0.0165109783411026,0.009405494,0.009615004,0.012563109
LSTM,1,7,0.8994791,0.89130974,0.91305184,0.8989268,0.0165109783411026,0.008169353,0.0076170564,0.0135727525
LSTM,1,7,0.8968533,0.88885486,0.91053796,0.89721197,0.0165109783411026,0.0079984665,0.008357108,0.01368463
LSTM,1,7,0.8943523,0.8869543,0.9084046,0.8946353,0.0165109783411026,0.0073980093,0.007681012,0.014052272
LSTM,1,7,0.89098775,0.8840854,0.9054749,0.8904079,0.0165109783411026,0.006902337,0.006322503,0.014487147
LSTM,1,7,0.8885956,0.8818814,0.9029205,0.8890541,0.0165109783411026,0.006714165,0.0071727037,0.0143249035
LSTM,1,7,0.88615924,0.8784565,0.8994791,0.88637275,0.0165109783411026,0.007702768,0.007916272,0.01331985
LSTM,1,7,0.8827985,0.87639004,0.8968533,0.882196,0.0165109783411026,0.006408453,0.0058059692,0.014054835
LSTM,1,7,0.88043433,0.8743243,0.8943523,0.880876,0.0165109783411026,0.0061100125,0.006551683,0.013917983
LSTM,1,7,0.87618685,0.8709855,0.89098775,0.8749987,0.0165109783411026,0.0052013397,0.0040131807,0.014800906
LSTM,1,7,0.8734376,0.8689556,0.8885956,0.87409663,0.0165109783411026,0.0044819713,0.00514102,0.015157998
LSTM,1,7,0.8712813,0.8670709,0.88615924,0.8720327,0.0165109783411026,0.0042104125,0.0049617887,0.014877915
LSTM,1,7,0.8684438,0.8639617,0.8827985,0.868158,0.0165109783411026,0.0044820905,0.004196286,0.014354706
LSTM,1,7,0.8667715,0.8621423,0.88043433,0.86745965,0.0165109783411026,0.0046291947,0.0053173304,0.013662815
LSTM,1,7,0.8649503,0.85915715,0.87618685,0.86516273,0.0165109783411026,0.0057931542,0.006005585,0.011236548
LSTM,1,7,0.8619174,0.85612893,0.8734376,0.8611655,0.0165109783411026,0.0057884455,0.0050365925,0.011520207
LSTM,1,7,0.8597634,0.8559105,0.8712813,0.86008346,0.0165109783411026,0.0038529038,0.004172981,0.011517942
LSTM,1,7,0.8576943,0.85277176,0.8684438,0.85795045,0.0165109783411026,0.004922569,0.00517869,0.010749459
LSTM,1,7,0.8557193,0.85009015,0.8667715,0.85592675,0.0165109783411026,0.005629182,0.005836606,0.011052191
LSTM,1,7,0.85281485,0.8481706,0.8649503,0.8521021,0.0165109783411026,0.0046442747,0.0039315224,0.012135446
LSTM,1,7,0.85091543,0.84549624,0.8619174,0.85135895,0.0165109783411026,0.0054191947,0.005862713,0.011001945
LSTM,1,7,0.8476578,0.8427428,0.8597634,0.8469581,0.0165109783411026,0.004914999,0.0042153,0.012105584
LSTM,1,7,0.84320486,0.84067696,0.8576943,0.8419545,0.0165109783411026,0.0025278926,0.001277566,0.014489472
LSTM,1,7,0.83999944,0.8388497,0.8557193,0.84040684,0.0165109783411026,0.001149714,0.0015571117,0.01571989
LSTM,1,7,0.8363357,0.83656186,0.85281485,0.83624774,0.0165109783411026,0.00022614002,0.00031411648,0.016479135
LSTM,1,7,0.834871,0.8340309,0.85091543,0.8364255,0.0165109783411026,0.00084006786,0.002394557,0.016044438
LSTM,1,7,0.83373547,0.8310915,0.8476578,0.83449686,0.0165109783411026,0.0026439428,0.0034053326,0.013922334
LSTM,1,7,0.8310589,0.8270559,0.84320486,0.8301251,0.0165109783411026,0.004003048,0.003069222,0.0121459365
LSTM,1,7,0.8297691,0.82366407,0.83999944,0.83049875,0.0165109783411026,0.0061050057,0.006834686,0.010230362
LSTM,1,7,0.82823926,0.8211433,0.8363357,0.82853335,0.0165109783411026,0.007095933,0.0073900223,0.0080964565
LSTM,1,7,0.82630706,0.8186373,0.834871,0.8261436,0.0165109783411026,0.007669747,0.007506311,0.008563936
LSTM,1,7,0.824478,0.81794226,0.83373547,0.8243693,0.0165109783411026,0.006535709,0.0064270496,0.009257495
LSTM,1,7,0.8226968,0.8166888,0.8310589,0.8227143,0.0165109783411026,0.006008029,0.0060255527,0.008362114
LSTM,1,7,0.8197457,0.8140472,0.8297691,0.81899107,0.0165109783411026,0.005698502,0.0049438477,0.0100233555
LSTM,1,7,0.8181423,0.8129256,0.82823926,0.8187884,0.0165109783411026,0.0052167177,0.005862832,0.010096967
LSTM,1,7,0.81669587,0.81157315,0.82630706,0.81709665,0.0165109783411026,0.005122721,0.005523503,0.009611189
LSTM,1,7,0.8140653,0.8096277,0.824478,0.813297,0.0165109783411026,0.004437566,0.003669262,0.010412693
LSTM,1,7,0.81285065,0.80802935,0.8226968,0.81353533,0.0165109783411026,0.0048213005,0.005505979,0.009846151
LSTM,1,7,0.81151193,0.8065102,0.8197457,0.81179327,0.0165109783411026,0.0050017238,0.0052830577,0.008233786
LSTM,1,7,0.8095028,0.80339015,0.8181423,0.8091318,0.0165109783411026,0.006112635,0.005741656,0.008639514
LSTM,1,7,0.80878943,0.8022946,0.81669587,0.80952513,0.0165109783411026,0.00649482,0.0072305202,0.007906437
LSTM,1,7,0.8077802,0.8016449,0.8140653,0.8079076,0.0165109783411026,0.006135285,0.00626266,0.0062850714
LSTM,1,7,0.8051661,0.7988191,0.81285065,0.80404264,0.0165109783411026,0.0063470006,0.0052235126,0.007684529
LSTM,1,7,0.8053646,0.7978734,0.81151193,0.806972,0.0165109783411026,0.007491231,0.009098649,0.006147325
LSTM,1,7,0.8034635,0.7978662,0.8095028,0.8026572,0.0165109783411026,0.0055972934,0.0047909617,0.006039262
LSTM,1,7,0.80150187,0.7948146,0.80878943,0.8010389,0.0165109783411026,0.0066872835,0.0062243342,0.007287562
LSTM,1,7,0.7989232,0.7940371,0.8077802,0.7982408,0.0165109783411026,0.0048860908,0.004203677,0.008857012
LSTM,1,7,0.7969657,0.7940618,0.8051661,0.79725003,0.0165109783411026,0.0029039383,0.0031882524,0.008200407
LSTM,1,7,0.7951338,0.7918602,0.8053646,0.79543537,0.0165109783411026,0.0032736063,0.0035751462,0.01023078
LSTM,1,7,0.79293495,0.7904498,0.8034635,0.7925821,0.0165109783411026,0.002485156,0.0021322966,0.010528564
LSTM,1,7,0.7915527,0.78878456,0.80150187,0.79197955,0.0165109783411026,0.002768159,0.0031949878,0.009949148
LSTM,1,7,0.7901989,0.78758764,0.7989232,0.7904886,0.0165109783411026,0.0026112795,0.002900958,0.008724272
LSTM,1,7,0.7880798,0.78454113,0.7969657,0.7876212,0.0165109783411026,0.0035386682,0.00308007,0.00888592
LSTM,1,7,0.7870215,0.78310555,0.7951338,0.787577,0.0165109783411026,0.0039159656,0.0044714212,0.008112311
GRU,1,7,0.9435359,0.938019,0.9557622,0.94327706,0.0165109783411026,0.0055169463,0.0052580833,0.012226284
GRU,1,7,0.9405687,0.9328949,0.95224535,0.9404878,0.0165109783411026,0.0076738,0.0075929165,0.011676669
GRU,1,7,0.9377281,0.9310224,0.9509667,0.9378422,0.0165109783411026,0.0067057014,0.0068197846,0.013238609
GRU,1,7,0.9351358,0.9280507,0.9487493,0.93526983,0.0165109783411026,0.007085085,0.0072191358,0.013613522
GRU,1,7,0.93267125,0.92471,0.94630736,0.9327988,0.0165109783411026,0.007961273,0.008088827,0.013636112
GRU,1,7,0.92871284,0.92131835,0.9435359,0.927651,0.0165109783411026,0.0073944926,0.006332636,0.014823079
GRU,1,7,0.9235752,0.9178242,0.9405687,0.9222411,0.0165109783411026,0.0057510138,0.004416883,0.016993463
GRU,1,7,0.9191058,0.9150883,0.9377281,0.9191452,0.0165109783411026,0.004017532,0.0040569305,0.01862228
GRU,1,7,0.9154836,0.9121349,0.9351358,0.91621333,0.0165109783411026,0.0033487082,0.004078448,0.019652188
GRU,1,7,0.91305184,0.90932673,0.93267125,0.9141225,0.0165109783411026,0.0037251115,0.0047957897,0.019619405
GRU,1,7,0.91053796,0.9049999,0.92871284,0.91072667,0.0165109783411026,0.0055380464,0.0057267547,0.018174887
GRU,1,7,0.9084046,0.8994402,0.9235752,0.90874124,0.0165109783411026,0.00896436,0.009301007,0.015170634
GRU,1,7,0.9054749,0.8955663,0.9191058,0.9051555,0.0165109783411026,0.009908617,0.009589195,0.013630927
GRU,1,7,0.9029205,0.892608,0.9154836,0.90313,0.0165109783411026,0.010312498,0.010522008,0.012563109
GRU,1,7,0.8994791,0.890159,0.91305184,0.8989268,0.0165109783411026,0.00932008,0.008767784,0.0135727525
GRU,1,7,0.8968533,0.88855046,0.91053796,0.89721197,0.0165109783411026,0.008302867,0.008661509,0.01368463
GRU,1,7,0.8943523,0.8863988,0.9084046,0.8946353,0.0165109783411026,0.007953525,0.008236527,0.014052272
GRU,1,7,0.89098775,0.8844818,0.9054749,0.8904079,0.0165109783411026,0.006505966,0.005926132,0.014487147
GRU,1,7,0.8885956,0.882061,0.9029205,0.8890541,0.0165109783411026,0.0065345764,0.006993115,0.0143249035
GRU,1,7,0.88615924,0.8804012,0.8994791,0.88637275,0.0165109783411026,0.005758047,0.005971551,0.01331985
GRU,1,7,0.8827985,0.87782896,0.8968533,0.882196,0.0165109783411026,0.0049695373,0.0043670535,0.014054835
GRU,1,7,0.88043433,0.8756196,0.8943523,0.880876,0.0165109783411026,0.004814744,0.0052564144,0.013917983
GRU,1,7,0.87618685,0.87483245,0.89098775,0.8749987,0.0165109783411026,0.0013543963,0.00016623735,0.014800906
GRU,1,7,0.8734376,0.87214696,0.8885956,0.87409663,0.0165109783411026,0.0012906194,0.0019496679,0.015157998
GRU,1,7,0.8712813,0.8696352,0.88615924,0.8720327,0.0165109783411026,0.0016461015,0.0023974776,0.014877915
GRU,1,7,0.8684438,0.8687986,0.8827985,0.868158,0.0165109783411026,0.00035482645,0.0006406307,0.014354706
GRU,1,7,0.8667715,0.86565584,0.88043433,0.86745965,0.0165109783411026,0.0011156797,0.0018038154,0.013662815
GRU,1,7,0.8649503,0.85867834,0.87618685,0.86516273,0.0165109783411026,0.0062719584,0.0064843893,0.011236548
GRU,1,7,0.8619174,0.8582106,0.8734376,0.8611655,0.0165109783411026,0.0037067533,0.0029549003,0.011520207
GRU,1,7,0.8597634,0.8555328,0.8712813,0.86008346,0.0165109783411026,0.004230559,0.004550636,0.011517942
GRU,1,7,0.8576943,0.85387003,0.8684438,0.85795045,0.0165109783411026,0.0038242936,0.004080415,0.010749459
GRU,1,7,0.8557193,0.85034424,0.8667715,0.85592675,0.0165109783411026,0.0053750873,0.0055825114,0.011052191
GRU,1,7,0.85281485,0.84696084,0.8649503,0.8521021,0.0165109783411026,0.0058540106,0.0051412582,0.012135446
GRU,1,7,0.85091543,0.84674305,0.8619174,0.85135895,0.0165109783411026,0.0041723847,0.004615903,0.011001945
GRU,1,7,0.8476578,0.84250367,0.8597634,0.8469581,0.0165109783411026,0.005154133,0.004454434,0.012105584
GRU,1,7,0.84320486,0.84060127,0.8576943,0.8419545,0.0165109783411026,0.0026035905,0.0013532639,0.014489472
GRU,1,7,0.83999944,0.83854544,0.8557193,0.84040684,0.0165109783411026,0.0014539957,0.0018613935,0.01571989
GRU,1,7,0.8363357,0.83800495,0.85281485,0.83624774,0.0165109783411026,0.0016692281,0.0017572045,0.016479135
GRU,1,7,0.834871,0.8339776,0.85091543,0.8364255,0.0165109783411026,0.000893414,0.0024479032,0.016044438
GRU,1,7,0.83373547,0.831203,0.8476578,0.83449686,0.0165109783411026,0.0025324821,0.0032938719,0.013922334
GRU,1,7,0.8310589,0.82941085,0.84320486,0.8301251,0.0165109783411026,0.0016480684,0.00071424246,0.0121459365
GRU,1,7,0.8297691,0.8272878,0.83999944,0.83049875,0.0165109783411026,0.0024812818,0.0032109618,0.010230362
GRU,1,7,0.82823926,0.82685256,0.8363357,0.82853335,0.0165109783411026,0.0013867021,0.0016807914,0.0080964565
GRU,1,7,0.82630706,0.82397187,0.834871,0.8261436,0.0165109783411026,0.0023351908,0.0021717548,0.008563936
GRU,1,7,0.824478,0.8214987,0.83373547,0.8243693,0.0165109783411026,0.0029792786,0.0028706193,0.009257495
GRU,1,7,0.8226968,0.81752497,0.8310589,0.8227143,0.0165109783411026,0.0051718354,0.005189359,0.008362114
GRU,1,7,0.8197457,0.81563514,0.8297691,0.81899107,0.0165109783411026,0.0041105747,0.0033559203,0.0100233555
GRU,1,7,0.8181423,0.81369215,0.82823926,0.8187884,0.0165109783411026,0.0044501424,0.0050962567,0.010096967
GRU,1,7,0.81669587,0.81188273,0.82630706,0.81709665,0.0165109783411026,0.0048131347,0.0052139163,0.009611189
GRU,1,7,0.8140653,0.809869,0.824478,0.813297,0.0165109783411026,0.004196286,0.0034279823,0.010412693
GRU,1,7,0.81285065,0.8079279,0.8226968,0.81353533,0.0165109783411026,0.0049227476,0.005607426,0.009846151
GRU,1,7,0.81151193,0.80575055,0.8197457,0.81179327,0.0165109783411026,0.005761385,0.006042719,0.008233786
GRU,1,7,0.8095028,0.8037828,0.8181423,0.8091318,0.0165109783411026,0.0057199597,0.0053489804,0.008639514
GRU,1,7,0.80878943,0.80218476,0.81669587,0.80952513,0.0165109783411026,0.0066046715,0.0073403716,0.007906437
GRU,1,7,0.8077802,0.8004971,0.8140653,0.8079076,0.0165109783411026,0.0072830915,0.0074104667,0.0062850714
GRU,1,7,0.8051661,0.7985089,0.81285065,0.80404264,0.0165109783411026,0.006657243,0.005533755,0.007684529
GRU,1,7,0.8053646,0.7968096,0.81151193,0.806972,0.0165109783411026,0.008554995,0.010162413,0.006147325
GRU,1,7,0.8034635,0.79590523,0.8095028,0.8026572,0.0165109783411026,0.007558286,0.0067519546,0.006039262
GRU,1,7,0.80150187,0.7942174,0.80878943,0.8010389,0.0165109783411026,0.0072844625,0.006821513,0.007287562
GRU,1,7,0.7989232,0.79269546,0.8077802,0.7982408,0.0165109783411026,0.0062277317,0.005545318,0.008857012
GRU,1,7,0.7969657,0.79124737,0.8051661,0.79725003,0.0165109783411026,0.0057183504,0.0060026646,0.008200407
GRU,1,7,0.7951338,0.7903631,0.8053646,0.79543537,0.0165109783411026,0.004770756,0.0050722957,0.01023078
GRU,1,7,0.79293495,0.7885215,0.8034635,0.7925821,0.0165109783411026,0.004413426,0.0040605664,0.010528564
GRU,1,7,0.7915527,0.78687763,0.80150187,0.79197955,0.0165109783411026,0.0046750903,0.005101919,0.009949148
GRU,1,7,0.7901989,0.78527915,0.7989232,0.7904886,0.0165109783411026,0.0049197674,0.005209446,0.008724272
GRU,1,7,0.7880798,0.783399,0.7969657,0.7876212,0.0165109783411026,0.0046808124,0.004222214,0.00888592
GRU,1,7,0.7870215,0.7819062,0.7951338,0.787577,0.0165109783411026,0.00511533,0.005670786,0.008112311
MLP,1,7,0.9435359,0.9293233,0.9557622,0.94327706,0.0165109783411026,0.014212608,0.013953745,0.012226284
MLP,1,7,0.9405687,0.9261441,0.95224535,0.9404878,0.0165109783411026,0.014424562,0.014343679,0.011676669
MLP,1,7,0.9377281,0.92678857,0.9509667,0.9378422,0.0165109783411026,0.0109395385,0.011053622,0.013238609
MLP,1,7,0.9351358,0.920638,0.9487493,0.93526983,0.0165109783411026,0.014497757,0.014631808,0.013613522
MLP,1,7,0.93267125,0.91721463,0.94630736,0.9327988,0.0165109783411026,0.015456617,0.015584171,0.013636112
MLP,1,7,0.92871284,0.9171109,0.9435359,0.927651,0.0165109783411026,0.011601925,0.010540068,0.014823079
MLP,1,7,0.9235752,0.9162658,0.9405687,0.9222411,0.0165109783411026,0.007309437,0.005975306,0.016993463
MLP,1,7,0.9191058,0.9125152,0.9377281,0.9191452,0.0165109783411026,0.006590605,0.0066300035,0.01862228
MLP,1,7,0.9154836,0.91103095,0.9351358,0.91621333,0.0165109783411026,0.004452646,0.0051823854,0.019652188
MLP,1,7,0.91305184,0.9094223,0.93267125,0.9141225,0.0165109783411026,0.0036295652,0.0047002435,0.019619405
MLP,1,7,0.91053796,0.9057205,0.92871284,0.91072667,0.0165109783411026,0.004817486,0.005006194,0.018174887
MLP,1,7,0.9084046,0.90174127,0.9235752,0.90874124,0.0165109783411026,0.0066633224,0.0069999695,0.015170634
MLP,1,7,0.9054749,0.8988969,0.9191058,0.9051555,0.0165109783411026,0.006578028,0.006258607,0.013630927
MLP,1,7,0.9029205,0.8961017,0.9154836,0.90313,0.0165109783411026,0.0068187714,0.0070282817,0.012563109
MLP,1,7,0.8994791,0.8938777,0.91305184,0.8989268,0.0165109783411026,0.005601406,0.0050491095,0.0135727525
MLP,1,7,0.8968533,0.8898274,0.91053796,0.89721197,0.0165109783411026,0.007025957,0.0073845983,0.01368463
MLP,1,7,0.8943523,0.8873385,0.9084046,0.8946353,0.0165109783411026,0.0070137978,0.0072968006,0.014052272
MLP,1,7,0.89098775,0.8831379,0.9054749,0.8904079,0.0165109783411026,0.007849872,0.007270038,0.014487147
MLP,1,7,0.8885956,0.8816747,0.9029205,0.8890541,0.0165109783411026,0.006920874,0.0073794127,0.0143249035
MLP,1,7,0.88615924,0.8768026,0.8994791,0.88637275,0.0165109783411026,0.009356618,0.009570122,0.01331985
MLP,1,7,0.8827985,0.8772519,0.8968533,0.882196,0.0165109783411026,0.00554657,0.004944086,0.014054835
MLP,1,7,0.88043433,0.873989,0.8943523,0.880876,0.0165109783411026,0.0064453483,0.0068870187,0.013917983
MLP,1,7,0.87618685,0.86967534,0.89098775,0.8749987,0.0165109783411026,0.0065115094,0.0053233504,0.014800906
MLP,1,7,0.8734376,0.86855865,0.8885956,0.87409663,0.0165109783411026,0.004878938,0.0055379868,0.015157998
MLP,1,7,0.8712813,0.8664775,0.88615924,0.8720327,0.0165109783411026,0.0048038363,0.0055552125,0.014877915
MLP,1,7,0.8684438,0.86101115,0.8827985,0.868158,0.0165109783411026,0.0074326396,0.0071468353,0.014354706
MLP,1,7,0.8667715,0.8580055,0.88043433,0.86745965,0.0165109783411026,0.0087659955,0.009454131,0.013662815
MLP,1,7,0.8649503,0.85373604,0.87618685,0.86516273,0.0165109783411026,0.011214256,0.011426687,0.011236548
MLP,1,7,0.8619174,0.855127,0.8734376,0.8611655,0.0165109783411026,0.0067903996,0.0060385466,0.011520207
MLP,1,7,0.8597634,0.8475469,0.8712813,0.86008346,0.0165109783411026,0.012216508,0.012536585,0.011517942
MLP,1,7,0.8576943,0.85339355,0.8684438,0.85795045,0.0165109783411026,0.004300773,0.0045568943,0.010749459
MLP,1,7,0.8557193,0.8540048,0.8667715,0.85592675,0.0165109783411026,0.0017145276,0.0019219518,0.011052191
MLP,1,7,0.85281485,0.85853124,0.8649503,0.8521021,0.0165109783411026,0.0057163835,0.006429136,0.012135446
MLP,1,7,0.85091543,0.84659123,0.8619174,0.85135895,0.0165109783411026,0.004324198,0.004767716,0.011001945
MLP,1,7,0.8476578,0.850163,0.8597634,0.8469581,0.0165109783411026,0.0025051832,0.0032048821,0.012105584
MLP,1,7,0.84320486,0.84255254,0.8576943,0.8419545,0.0165109783411026,0.00065231323,0.0005980134,0.014489472
MLP,1,7,0.83999944,0.84082747,0.8557193,0.84040684,0.0165109783411026,0.0008280277,0.00042062998,0.01571989
MLP,1,7,0.8363357,0.8309898,0.85281485,0.83624774,0.0165109783411026,0.0053459406,0.005257964,0.016479135
MLP,1,7,0.834871,0.83461446,0.85091543,0.8364255,0.0165109783411026,0.0002565384,0.0018110275,0.016044438
MLP,1,7,0.83373547,0.83094484,0.8476578,0.83449686,0.0165109783411026,0.0027906299,0.0035520196,0.013922334
MLP,1,7,0.8310589,0.8257225,0.84320486,0.8301251,0.0165109783411026,0.005336404,0.004402578,0.0121459365
MLP,1,7,0.8297691,0.8227836,0.83999944,0.83049875,0.0165109783411026,0.0069854856,0.0077151656,0.010230362
MLP,1,7,0.82823926,0.81893563,0.8363357,0.82853335,0.0165109783411026,0.009303629,0.009597719,0.0080964565
MLP,1,7,0.82630706,0.82147914,0.834871,0.8261436,0.0165109783411026,0.0048279166,0.0046644807,0.008563936
MLP,1,7,0.824478,0.81903094,0.83373547,0.8243693,0.0165109783411026,0.00544703,0.005338371,0.009257495
MLP,1,7,0.8226968,0.8125481,0.8310589,0.8227143,0.0165109783411026,0.010148704,0.010166228,0.008362114
MLP,1,7,0.8197457,0.81066054,0.8297691,0.81899107,0.0165109783411026,0.009085178,0.008330524,0.0100233555
MLP,1,7,0.8181423,0.80931467,0.82823926,0.8187884,0.0165109783411026,0.008827627,0.009473741,0.010096967
MLP,1,7,0.81669587,0.8079136,0.82630706,0.81709665,0.0165109783411026,0.008782268,0.009183049,0.009611189
MLP,1,7,0.8140653,0.80393606,0.824478,0.813297,0.0165109783411026,0.010129213,0.009360909,0.010412693
MLP,1,7,0.81285065,0.8009054,0.8226968,0.81353533,0.0165109783411026,0.011945248,0.012629926,0.009846151
MLP,1,7,0.81151193,0.8023394,0.8197457,0.81179327,0.0165109783411026,0.009172559,0.009453893,0.008233786
MLP,1,7,0.8095028,0.80306727,0.8181423,0.8091318,0.0165109783411026,0.0064355135,0.006064534,0.008639514
MLP,1,7,0.80878943,0.8010542,0.81669587,0.80952513,0.0165109783411026,0.0077352524,0.0084709525,0.007906437
MLP,1,7,0.8077802,0.796028,0.8140653,0.8079076,0.0165109783411026,0.011752188,0.011879563,0.0062850714
MLP,1,7,0.8051661,0.79282945,0.81285065,0.80404264,0.0165109783411026,0.012336671,0.011213183,0.007684529
MLP,1,7,0.8053646,0.79210013,0.81151193,0.806972,0.0165109783411026,0.013264477,0.014871895,0.006147325
MLP,1,7,0.8034635,0.79032844,0.8095028,0.8026572,0.0165109783411026,0.013135076,0.012328744,0.006039262
MLP,1,7,0.80150187,0.7918869,0.80878943,0.8010389,0.0165109783411026,0.009614944,0.009151995,0.007287562
MLP,1,7,0.7989232,0.7901745,0.8077802,0.7982408,0.0165109783411026,0.00874871,0.008066297,0.008857012
MLP,1,7,0.7969657,0.78817785,0.8051661,0.79725003,0.0165109783411026,0.00878787,0.009072185,0.008200407
MLP,1,7,0.7951338,0.78564245,0.8053646,0.79543537,0.0165109783411026,0.009491384,0.009792924,0.01023078
MLP,1,7,0.79293495,0.7824373,0.8034635,0.7925821,0.0165109783411026,0.01049763,0.01014477,0.010528564
MLP,1,7,0.7915527,0.7872611,0.80150187,0.79197955,0.0165109783411026,0.004291594,0.004718423,0.009949148
MLP,1,7,0.7901989,0.7792025,0.7989232,0.7904886,0.0165109783411026,0.010996401,0.01128608,0.008724272
MLP,1,7,0.7880798,0.7773095,0.7969657,0.7876212,0.0165109783411026,0.010770321,0.010311723,0.00888592
MLP,1,7,0.7870215,0.7817609,0.7951338,0.787577,0.0165109783411026,0.0052606463,0.005816102,0.008112311
Seq2Seq,1,7,0.9435359,0.93480533,0.9557622,0.94327706,0.0165109783411026,0.00873059,0.008471727,0.012226284
Seq2Seq,1,7,0.9405687,0.93134815,0.95224535,0.9404878,0.0165109783411026,0.0092205405,0.009139657,0.011676669
Seq2Seq,1,7,0.9377281,0.9286182,0.9509667,0.9378422,0.0165109783411026,0.009109914,0.009223998,0.013238609
Seq2Seq,1,7,0.9351358,0.92585635,0.9487493,0.93526983,0.0165109783411026,0.00927943,0.009413481,0.013613522
Seq2Seq,1,7,0.93267125,0.92285764,0.94630736,0.9327988,0.0165109783411026,0.009813607,0.009941161,0.013636112
Seq2Seq,1,7,0.92871284,0.91995555,0.9435359,0.927651,0.0165109783411026,0.008757293,0.0076954365,0.014823079
Seq2Seq,1,7,0.9235752,0.9173505,0.9405687,0.9222411,0.0165109783411026,0.0062247515,0.0048906207,0.016993463
Seq2Seq,1,7,0.9191058,0.91585356,0.9377281,0.9191452,0.0165109783411026,0.0032522678,0.0032916665,0.01862228
Seq2Seq,1,7,0.9154836,0.91391826,0.9351358,0.91621333,0.0165109783411026,0.0015653372,0.0022950768,0.019652188
Seq2Seq,1,7,0.91305184,0.912281,0.93267125,0.9141225,0.0165109783411026,0.00077086687,0.0018415451,0.019619405
Seq2Seq,1,7,0.91053796,0.90935117,0.92871284,0.91072667,0.0165109783411026,0.0011867881,0.0013754964,0.018174887
Seq2Seq,1,7,0.9084046,0.90525347,0.9235752,0.90874124,0.0165109783411026,0.0031511188,0.0034877658,0.015170634
Seq2Seq,1,7,0.9054749,0.9015525,0.9191058,0.9051555,0.0165109783411026,0.003922403,0.0036029816,0.013630927
Seq2Seq,1,7,0.9029205,0.8984111,0.9154836,0.90313,0.0165109783411026,0.0045093894,0.0047188997,0.012563109
Seq2Seq,1,7,0.8994791,0.89654195,0.91305184,0.8989268,0.0165109783411026,0.002937138,0.0023848414,0.0135727525
Seq2Seq,1,7,0.8968533,0.8942794,0.91053796,0.89721197,0.0165109783411026,0.0025739074,0.0029325485,0.01368463
Seq2Seq,1,7,0.8943523,0.89221036,0.9084046,0.8946353,0.0165109783411026,0.0021419525,0.0024249554,0.014052272
Seq2Seq,1,7,0.89098775,0.8892487,0.9054749,0.8904079,0.0165109783411026,0.0017390251,0.0011591911,0.014487147
Seq2Seq,1,7,0.8885956,0.886704,0.9029205,0.8890541,0.0165109783411026,0.0018915534,0.002350092,0.0143249035
Seq2Seq,1,7,0.88615924,0.8833552,0.8994791,0.88637275,0.0165109783411026,0.002804041,0.0030175447,0.01331985
Seq2Seq,1,7,0.8827985,0.88070434,0.8968533,0.882196,0.0165109783411026,0.0020941496,0.0014916658,0.014054835
Seq2Seq,1,7,0.88043433,0.8782784,0.8943523,0.880876,0.0165109783411026,0.0021559596,0.00259763,0.013917983
Seq2Seq,1,7,0.87618685,0.8749257,0.89098775,0.8749987,0.0165109783411026,0.0012611747,7.301569e-05,0.014800906
Seq2Seq,1,7,0.8734376,0.8725796,0.8885956,0.87409663,0.0165109783411026,0.00085800886,0.0015170574,0.015157998
Seq2Seq,1,7,0.8712813,0.8700641,0.88615924,0.8720327,0.0165109783411026,0.001217246,0.0019686222,0.014877915
Seq2Seq,1,7,0.8684438,0.86704075,0.8827985,0.868158,0.0165109783411026,0.0014030337,0.0011172295,0.014354706
Seq2Seq,1,7,0.8667715,0.86458987,0.88043433,0.86745965,0.0165109783411026,0.0021816492,0.0028697848,0.013662815
Seq2Seq,1,7,0.8649503,0.8597881,0.87618685,0.86516273,0.0165109783411026,0.0051621795,0.0053746104,0.011236548
Seq2Seq,1,7,0.8619174,0.8577678,0.8734376,0.8611655,0.0165109783411026,0.004149556,0.0033977032,0.011520207
Seq2Seq,1,7,0.8597634,0.8562051,0.8712813,0.86008346,0.0165109783411026,0.003558278,0.003878355,0.011517942
Seq2Seq,1,7,0.8576943,0.85335994,0.8684438,0.85795045,0.0165109783411026,0.00433439,0.0045905113,0.010749459
Seq2Seq,1,7,0.8557193,0.8514915,0.8667715,0.85592675,0.0165109783411026,0.004227817,0.004435241,0.011052191
Seq2Seq,1,7,0.85281485,0.84938,0.8649503,0.8521021,0.0165109783411026,0.0034348369,0.0027220845,0.012135446
Seq2Seq,1,7,0.85091543,0.84671694,0.8619174,0.85135895,0.0165109783411026,0.0041984916,0.0046420097,0.011001945
Seq2Seq,1,7,0.8476578,0.8443106,0.8597634,0.8469581,0.0165109783411026,0.003347218,0.002647519,0.012105584
Seq2Seq,1,7,0.84320486,0.8421999,0.8576943,0.8419545,0.0165109783411026,0.0010049343,0.00024539232,0.014489472
Seq2Seq,1,7,0.83999944,0.8405647,0.8557193,0.84040684,0.0165109783411026,0.00056529045,0.0001578927,0.01571989
Seq2Seq,1,7,0.8363357,0.83800584,0.85281485,0.83624774,0.0165109783411026,0.0016701221,0.0017580986,0.016479135
Seq2Seq,1,7,0.834871,0.83578825,0.85091543,0.8364255,0.0165109783411026,0.0009172559,0.00063723326,0.016044438
Seq2Seq,1,7,0.83373547,0.83300316,0.8476578,0.83449686,0.0165109783411026,0.00073230267,0.0014936924,0.013922334
Seq2Seq,1,7,0.8310589,0.8290098,0.84320486,0.8301251,0.0165109783411026,0.002049148,0.0011153221,0.0121459365
Seq2Seq,1,7,0.8297691,0.825818,0.83999944,0.83049875,0.0165109783411026,0.0039510727,0.0046807528,0.010230362
Seq2Seq,1,7,0.82823926,0.82278335,0.8363357,0.82853335,0.0165109783411026,0.005455911,0.0057500005,0.0080964565
Seq2Seq,1,7,0.82630706,0.8212661,0.834871,0.8261436,0.0165109783411026,0.0050409436,0.0048775077,0.008563936
Seq2Seq,1,7,0.824478,0.82012767,0.83373547,0.8243693,0.0165109783411026,0.0043503046,0.0042416453,0.009257495
Seq2Seq,1,7,0.8226968,0.8182102,0.8310589,0.8227143,0.0165109783411026,0.0044866204,0.004504144,0.008362114
Seq2Seq,1,7,0.8197457,0.8163337,0.8297691,0.81899107,0.0165109783411026,0.0034120083,0.0026573539,0.0100233555
Seq2Seq,1,7,0.8181423,0.81459016,0.82823926,0.8187884,0.0165109783411026,0.0035521388,0.004198253,0.010096967
Seq2Seq,1,7,0.81669587,0.81344146,0.82630706,0.81709665,0.0165109783411026,0.0032544136,0.0036551952,0.009611189
Seq2Seq,1,7,0.8140653,0.81151426,0.824478,0.813297,0.0165109783411026,0.0025510192,0.0017827153,0.010412693
Seq2Seq,1,7,0.81285065,0.8095981,0.8226968,0.81353533,0.0165109783411026,0.0032525659,0.0039372444,0.009846151
Seq2Seq,1,7,0.81151193,0.80816996,0.8197457,0.81179327,0.0165109783411026,0.0033419728,0.0036233068,0.008233786
Seq2Seq,1,7,0.8095028,0.8060446,0.8181423,0.8091318,0.0165109783411026,0.003458202,0.0030872226,0.008639514
Seq2Seq,1,7,0.80878943,0.80464906,0.81669587,0.80952513,0.0165109783411026,0.004140377,0.004876077,0.007906437
Seq2Seq,1,7,0.8077802,0.80297965,0.8140653,0.8079076,0.0165109783411026,0.004800558,0.004927933,0.0062850714
Seq2Seq,1,7,0.8051661,0.8011813,0.81285065,0.80404264,0.0165109783411026,0.003984809,0.002861321,0.007684529
Seq2Seq,1,7,0.8053646,0.79961175,0.81151193,0.806972,0.0165109783411026,0.0057528615,0.0073602796,0.006147325
Seq2Seq,1,7,0.8034635,0.79857194,0.8095028,0.8026572,0.0165109783411026,0.0048915744,0.0040852427,0.006039262
Seq2Seq,1,7,0.80150187,0.7971634,0.80878943,0.8010389,0.0165109783411026,0.0043384433,0.003875494,0.007287562
Seq2Seq,1,7,0.7989232,0.7958507,0.8077802,0.7982408,0.0165109783411026,0.0030725002,0.0023900867,0.008857012
Seq2Seq,1,7,0.7969657,0.7943771,0.8051661,0.79725003,0.0165109783411026,0.0025886297,0.0028729439,0.008200407
Seq2Seq,1,7,0.7951338,0.7938557,0.8053646,0.79543537,0.0165109783411026,0.0012781024,0.0015796423,0.01023078
Seq2Seq,1,7,0.79293495,0.7917845,0.8034635,0.7925821,0.0165109783411026,0.0011504292,0.00079756975,0.010528564
Seq2Seq,1,7,0.7915527,0.7903698,0.80150187,0.79197955,0.0165109783411026,0.0011829138,0.0016097426,0.009949148
Seq2Seq,1,7,0.7901989,0.78812087,0.7989232,0.7904886,0.0165109783411026,0.0020780563,0.002367735,0.008724272
Seq2Seq,1,7,0.7880798,0.7859114,0.7969657,0.7876212,0.0165109783411026,0.002168417,0.0017098188,0.00888592
Seq2Seq,1,7,0.7870215,0.78444874,0.7951338,0.787577,0.0165109783411026,0.002572775,0.0031282306,0.008112311
Persistence,2,3,0.94709116,0.96322995,0.96322995,0.94715166,0.0159674305468797,0.016138792,0.016078293,0.016138792
Persistence,2,3,0.94401824,0.9591006,0.9591006,0.9441491,0.0159674305468797,0.015082359,0.014951527,0.015082359
Persistence,2,3,0.9409319,0.9563565,0.9563565,0.94100815,0.0159674305468797,0.015424609,0.015348375,0.015424609
Persistence,2,3,0.93779474,0.95320636,0.95320636,0.937746,0.0159674305468797,0.015411615,0.015460372,0.015411615
Persistence,2,3,0.93453544,0.9501763,0.9501763,0.9344301,0.0159674305468797,0.015640855,0.015746176,0.015640855
Persistence,2,3,0.9291768,0.94709116,0.94709116,0.92757297,0.0159674305468797,0.017914355,0.019518197,0.017914355
Persistence,2,3,0.9222719,0.94401824,0.94401824,0.9204411,0.0159674305468797,0.021746337,0.023577154,0.021746337
Persistence,2,3,0.91640526,0.9409319,0.9409319,0.9165294,0.0159674305468797,0.024526656,0.0244025,0.024526656
Persistence,2,3,0.91171235,0.93779474,0.93779474,0.91272277,0.0159674305468797,0.026082397,0.025071979,0.026082397
Persistence,2,3,0.9085827,0.93453544,0.93453544,0.90998894,0.0159674305468797,0.025952756,0.024546504,0.025952756
Persistence,2,3,0.9051689,0.9291768,0.9291768,0.90528005,0.0159674305468797,0.024007916,0.023896754,0.024007916
Persistence,2,3,0.90227425,0.9222719,0.9222719,0.90268546,0.0159674305468797,0.019997656,0.019586444,0.019997656
Persistence,2,3,0.8988908,0.91640526,0.91640526,0.898896,0.0159674305468797,0.017514467,0.017509282,0.017514467
Persistence,2,3,0.8958525,0.91171235,0.91171235,0.8961875,0.0159674305468797,0.015859842,0.015524864,0.015859842
Persistence,2,3,0.8919328,0.9085827,0.9085827,0.8914021,0.0159674305468797,0.016649902,0.017180562,0.016649902
Persistence,2,3,0.8891122,0.9051689,0.9051689,0.8896903,0.0159674305468797,0.016056716,0.015478611,0.016056716
Persistence,2,3,0.8861076,0.90227425,0.90227425,0.88629025,0.0159674305468797,0.016166627,0.015983999,0.016166627
Persistence,2,3,0.8819099,0.8988908,0.8988908,0.88103974,0.0159674305468797,0.016980886,0.017851055,0.016980886
Persistence,2,3,0.8790706,0.8958525,0.8958525,0.87969923,0.0159674305468797,0.016781926,0.016153276,0.016781926
Persistence,2,3,0.8762748,0.8919328,0.8919328,0.87666124,0.0159674305468797,0.015657961,0.015271544,0.015657961
Persistence,2,3,0.872408,0.8891122,0.8891122,0.87174773,0.0159674305468797,0.016704202,0.017364442,0.016704202
Persistence,2,3,0.86526614,0.8861076,0.8861076,0.8624062,0.0159674305468797,0.02084148,0.02370143,0.02084148
Persistence,2,3,0.8608671,0.8819099,0.8819099,0.86182165,0.0159674305468797,0.021042824,0.020088255,0.021042824
Persistence,2,3,0.8576978,0.8790706,0.8790706,0.8593217,0.0159674305468797,0.021372795,0.019748867,0.021372795
Persistence,2,3,0.85427564,0.8762748,0.8762748,0.85451627,0.0159674305468797,0.02199918,0.021758556,0.02199918
Persistence,2,3,0.8526115,0.872408,0.872408,0.8536688,0.0159674305468797,0.01979649,0.018739164,0.01979649
Persistence,2,3,0.8506136,0.86526614,0.86526614,0.85089236,0.0159674305468797,0.01465255,0.014373779,0.01465255
Persistence,2,3,0.8474032,0.8608671,0.8608671,0.84684116,0.0159674305468797,0.013463855,0.014025927,0.013463855
Persistence,2,3,0.8450784,0.8576978,0.8576978,0.8454967,0.0159674305468797,0.012619376,0.012201071,0.012619376
Persistence,2,3,0.8427622,0.85427564,0.85427564,0.84297687,0.0159674305468797,0.011513472,0.011298776,0.011513472
Persistence,2,3,0.8403153,0.8526115,0.8526115,0.8403548,0.0159674305468797,0.0122962,0.012256682,0.0122962
Persistence,2,3,0.8366915,0.8506136,0.8506136,0.8357395,0.0159674305468797,0.013922095,0.014874101,0.013922095
Persistence,2,3,0.8340073,0.8474032,0.8474032,0.83432037,0.0159674305468797,0.0133959055,0.013082862,0.0133959055
Persistence,2,3,0.83012605,0.8450784,0.8450784,0.8294981,0.0159674305468797,0.014952362,0.0155802965,0.014952362
Persistence,2,3,0.82451326,0.8427622,0.8427622,0.82287145,0.0159674305468797,0.018248916,0.019890726,0.018248916
Persistence,2,3,0.8205257,0.8403153,0.8403153,0.82102644,0.0159674305468797,0.019789577,0.019288838,0.019789577
Persistence,2,3,0.81652045,0.8366915,0.8366915,0.816826,0.0159674305468797,0.020171046,0.019865513,0.020171046
Persistence,2,3,0.8148714,0.8340073,0.8340073,0.8167018,0.0159674305468797,0.019135952,0.017305493,0.019135952
Persistence,2,3,0.81345004,0.83012605,0.83012605,0.8141966,0.0159674305468797,0.016676009,0.01592946,0.016676009
Persistence,2,3,0.81083125,0.82451326,0.82451326,0.8101337,0.0159674305468797,0.013682008,0.014379561,0.013682008
Persistence,2,3,0.80949235,0.8205257,0.8205257,0.81030625,0.0159674305468797,0.011033356,0.010219455,0.011033356
Persistence,2,3,0.8077907,0.81652045,0.81652045,0.8080365,0.0159674305468797,0.008729756,0.008483946,0.008729756
Persistence,2,3,0.80534774,0.8148714,0.8148714,0.8048893,0.0159674305468797,0.00952363,0.009982049,0.00952363
Persistence,2,3,0.8030789,0.81345004,0.81345004,0.8029198,0.0159674305468797,0.010371149,0.010530233,0.010371149
Persistence,2,3,0.8005687,0.81083125,0.81083125,0.800389,0.0159674305468797,0.010262549,0.010442257,0.010262549
Persistence,2,3,0.7971,0.80949235,0.80949235,0.79640245,0.0159674305468797,0.012392342,0.013089895,0.012392342
Persistence,2,3,0.79504216,0.8077907,0.8077907,0.7957418,0.0159674305468797,0.012748539,0.0120489,0.012748539
Persistence,2,3,0.7930921,0.80534774,0.80534774,0.7934631,0.0159674305468797,0.012255669,0.01188463,0.012255669
Persistence,2,3,0.79065055,0.8030789,0.8030789,0.79038876,0.0159674305468797,0.012428343,0.012690127,0.012428343
Persistence,2,3,0.7893399,0.8005687,0.8005687,0.79002094,0.0159674305468797,0.0112288,0.010547757,0.0112288
Persistence,2,3,0.7877192,0.7971,0.7971,0.7878335,0.0159674305468797,0.009380817,0.009266496,0.009380817
Persistence,2,3,0.786637,0.79504216,0.79504216,0.78712314,0.0159674305468797,0.008405149,0.0079190135,0.008405149
Persistence,2,3,0.78650844,0.7930921,0.7930921,0.7873916,0.0159674305468797,0.006583631,0.005700469,0.006583631
Persistence,2,3,0.78556013,0.79065055,0.79065055,0.7853034,0.0159674305468797,0.0050904155,0.0053471327,0.0050904155
Persistence,2,3,0.7831945,0.7893399,0.7893399,0.7820286,0.0159674305468797,0.0061454177,0.0073112845,0.0061454177
Persistence,2,3,0.78296524,0.7877192,0.7877192,0.78414637,0.0159674305468797,0.0047539473,0.0035728216,0.0047539473
Persistence,2,3,0.78112465,0.786637,0.786637,0.7805529,0.0159674305468797,0.0055123568,0.0060840845,0.0055123568
Persistence,2,3,0.7789756,0.78650844,0.78650844,0.77837384,0.0159674305468797,0.007532835,0.0081346035,0.007532835
Persistence,2,3,0.77641225,0.78556013,0.78556013,0.77577835,0.0159674305468797,0.009147882,0.009781778,0.009147882
Persistence,2,3,0.77426714,0.7831945,0.7831945,0.7744358,0.0159674305468797,0.008927345,0.008758664,0.008927345
Persistence,2,3,0.77218354,0.78296524,0.78296524,0.77238137,0.0159674305468797,0.010781705,0.010583878,0.010781705
Persistence,2,3,0.7701503,0.78112465,0.78112465,0.77008814,0.0159674305468797,0.010974348,0.011036515,0.010974348
Persistence,2,3,0.76885885,0.7789756,0.7789756,0.76934254,0.0159674305468797,0.010116756,0.009633064,0.010116756
Persistence,2,3,0.7673165,0.77641225,0.77641225,0.76739115,0.0159674305468797,0.009095728,0.009021103,0.009095728
Persistence,2,3,0.76559764,0.77426714,0.77426714,0.76548904,0.0159674305468797,0.008669496,0.008778095,0.008669496
Persistence,2,3,0.76436406,0.77218354,0.77218354,0.76467204,0.0159674305468797,0.007819474,0.0075114965,0.007819474
MQAttn-LSTM-VQR,2,3,0.94709116,0.9416735,0.96322995,0.94715166,0.0159674305468797,0.005417645,0.0054781437,0.016138792
MQAttn-LSTM-VQR,2,3,0.94401824,0.9374954,0.9591006,0.9441491,0.0159674305468797,0.0065228343,0.0066536665,0.015082359
MQAttn-LSTM-VQR,2,3,0.9409319,0.9346048,0.9563565,0.94100815,0.0159674305468797,0.0063270926,0.006403327,0.015424609
MQAttn-LSTM-VQR,2,3,0.93779474,0.93168324,0.95320636,0.937746,0.0159674305468797,0.0061115026,0.006062746,0.015411615
MQAttn-LSTM-VQR,2,3,0.93453544,0.92872906,0.9501763,0.9344301,0.0159674305468797,0.0058063865,0.005701065,0.015640855
MQAttn-LSTM-VQR,2,3,0.9291768,0.9257448,0.94709116,0.92757297,0.0159674305468797,0.0034320354,0.0018281937,0.017914355
MQAttn-LSTM-VQR,2,3,0.9222719,0.92282516,0.94401824,0.9204411,0.0159674305468797,0.0005532503,0.0023840666,0.021746337
MQAttn-LSTM-VQR,2,3,0.91640526,0.919869,0.9409319,0.9165294,0.0159674305468797,0.0034637451,0.0033395886,0.024526656
MQAttn-LSTM-VQR,2,3,0.91171235,0.916896,0.93779474,0.91272277,0.0159674305468797,0.005183637,0.004173219,0.026082397
MQAttn-LSTM-VQR,2,3,0.9085827,0.91382873,0.93453544,0.90998894,0.0159674305468797,0.005246043,0.0038397908,0.025952756
MQAttn-LSTM-VQR,2,3,0.9051689,0.9090099,0.9291768,0.90528005,0.0159674305468797,0.003840983,0.0037298203,0.024007916
MQAttn-LSTM-VQR,2,3,0.90227425,0.90255207,0.9222719,0.90268546,0.0159674305468797,0.00027781725,0.0001333952,0.019997656
MQAttn-LSTM-VQR,2,3,0.8988908,0.8970622,0.91640526,0.898896,0.0159674305468797,0.0018286109,0.0018337965,0.017514467
MQAttn-LSTM-VQR,2,3,0.8958525,0.8926571,0.91171235,0.8961875,0.0159674305468797,0.003195405,0.003530383,0.015859842
MQAttn-LSTM-VQR,2,3,0.8919328,0.8895958,0.9085827,0.8914021,0.0159674305468797,0.002336979,0.0018063188,0.016649902
MQAttn-LSTM-VQR,2,3,0.8891122,0.8867563,0.9051689,0.8896903,0.0159674305468797,0.0023558736,0.002933979,0.016056716
MQAttn-LSTM-VQR,2,3,0.8861076,0.8838837,0.90227425,0.88629025,0.0159674305468797,0.002223909,0.0024065375,0.016166627
MQAttn-LSTM-VQR,2,3,0.8819099,0.88103217,0.8988908,0.88103974,0.0159674305468797,0.000877738,7.56979e-06,0.016980886
MQAttn-LSTM-VQR,2,3,0.8790706,0.87801504,0.8958525,0.87969923,0.0159674305468797,0.0010555387,0.0016841888,0.016781926
MQAttn-LSTM-VQR,2,3,0.8762748,0.8748356,0.8919328,0.87666124,0.0159674305468797,0.0014392138,0.0018256307,0.015657961
MQAttn-LSTM-VQR,2,3,0.872408,0.87177503,0.8891122,0.87174773,0.0159674305468797,0.0006329417,2.7298927e-05,0.016704202
MQAttn-LSTM-VQR,2,3,0.86526614,0.86901057,0.8861076,0.8624062,0.0159674305468797,0.0037444234,0.0066043735,0.02084148
MQAttn-LSTM-VQR,2,3,0.8608671,0.8656092,0.8819099,0.86182165,0.0159674305468797,0.0047421455,0.0037875772,0.021042824
MQAttn-LSTM-VQR,2,3,0.8576978,0.86248916,0.8790706,0.8593217,0.0159674305468797,0.004791379,0.0031674504,0.021372795
MQAttn-LSTM-VQR,2,3,0.85427564,0.8599077,0.8762748,0.85451627,0.0159674305468797,0.005632043,0.005391419,0.02199918
MQAttn-LSTM-VQR,2,3,0.8526115,0.8566859,0.872408,0.8536688,0.0159674305468797,0.0040743947,0.003017068,0.01979649
MQAttn-LSTM-VQR,2,3,0.8506136,0.84985185,0.86526614,0.85089236,0.0159674305468797,0.00076174736,0.0010405183,0.01465255
MQAttn-LSTM-VQR,2,3,0.8474032,0.84533465,0.8608671,0.84684116,0.0159674305468797,0.0020685792,0.0015065074,0.013463855
MQAttn-LSTM-VQR,2,3,0.8450784,0.8420548,0.8576978,0.8454967,0.0159674305468797,0.0030236244,0.0034419298,0.012619376
MQAttn-LSTM-VQR,2,3,0.8427622,0.83932716,0.85427564,0.84297687,0.0159674305468797,0.0034350157,0.0036497116,0.011513472
MQAttn-LSTM-VQR,2,3,0.8403153,0.8375562,0.8526115,0.8403548,0.0159674305468797,0.002759099,0.002798617,0.0122962
MQAttn-LSTM-VQR,2,3,0.8366915,0.83570445,0.8506136,0.8357395,0.0159674305468797,0.0009870529,3.504753e-05,0.013922095
MQAttn-LSTM-VQR,2,3,0.8340073,0.8328862,0.8474032,0.83432037,0.0159674305468797,0.0011211038,0.0014341474,0.0133959055
MQAttn-LSTM-VQR,2,3,0.83012605,0.8304896,0.8450784,0.8294981,0.0159674305468797,0.00036352873,0.0009914637,0.014952362
MQAttn-LSTM-VQR,2,3,0.82451326,0.8282946,0.8427622,0.82287145,0.0159674305468797,0.0037813187,0.0054231286,0.018248916
MQAttn-LSTM-VQR,2,3,0.8205257,0.8259186,0.8403153,0.82102644,0.0159674305468797,0.005392909,0.0048921704,0.019789577
MQAttn-LSTM-VQR,2,3,0.81652045,0.8225583,0.8366915,0.816826,0.0159674305468797,0.0060378313,0.005732298,0.020171046
MQAttn-LSTM-VQR,2,3,0.8148714,0.81989944,0.8340073,0.8167018,0.0159674305468797,0.005028069,0.0031976104,0.019135952
MQAttn-LSTM-VQR,2,3,0.81345004,0.81621873,0.83012605,0.8141966,0.0159674305468797,0.0027686954,0.0020221472,0.016676009
MQAttn-LSTM-VQR,2,3,0.81083125,0.8110014,0.82451326,0.8101337,0.0159674305468797,0.00017017126,0.0008677244,0.013682008
MQAttn-LSTM-VQR,2,3,0.80949235,0.8069912,0.8205257,0.81030625,0.0159674305468797,0.00250113,0.0033150315,0.011033356
MQAttn-LSTM-VQR,2,3,0.8077907,0.8030965,0.81652045,0.8080365,0.0159674305468797,0.0046942234,0.004940033,0.008729756
MQAttn-LSTM-VQR,2,3,0.80534774,0.80157584,0.8148714,0.8048893,0.0159674305468797,0.0037719011,0.0033134818,0.00952363
MQAttn-LSTM-VQR,2,3,0.8030789,0.80022365,0.81345004,0.8029198,0.0159674305468797,0.0028552413,0.0026961565,0.010371149
MQAttn-LSTM-VQR,2,3,0.8005687,0.79773015,0.81083125,0.800389,0.0159674305468797,0.002838552,0.002658844,0.010262549
MQAttn-LSTM-VQR,2,3,0.7971,0.7965226,0.80949235,0.79640245,0.0159674305468797,0.0005773902,0.000120162964,0.012392342
MQAttn-LSTM-VQR,2,3,0.79504216,0.79486483,0.8077907,0.7957418,0.0159674305468797,0.00017732382,0.00087696314,0.012748539
MQAttn-LSTM-VQR,2,3,0.7930921,0.79247147,0.80534774,0.7934631,0.0159674305468797,0.00062060356,0.0009916425,0.012255669
MQAttn-LSTM-VQR,2,3,0.79065055,0.7902413,0.8030789,0.79038876,0.0159674305468797,0.0004092455,0.00014746189,0.012428343
MQAttn-LSTM-VQR,2,3,0.7893399,0.7877694,0.8005687,0.79002094,0.0159674305468797,0.0015705228,0.0022515655,0.0112288
MQAttn-LSTM-VQR,2,3,0.7877192,0.784224,0.7971,0.7878335,0.0159674305468797,0.0034952164,0.003609538,0.009380817
MQAttn-LSTM-VQR,2,3,0.786637,0.7824835,0.79504216,0.78712314,0.0159674305468797,0.00415349,0.0046396255,0.008405149
MQAttn-LSTM-VQR,2,3,0.78650844,0.78058666,0.7930921,0.7873916,0.0159674305468797,0.005921781,0.006804943,0.006583631
MQAttn-LSTM-VQR,2,3,0.78556013,0.77799827,0.79065055,0.7853034,0.0159674305468797,0.0075618625,0.0073051453,0.0050904155
MQAttn-LSTM-VQR,2,3,0.7831945,0.77704716,0.7893399,0.7820286,0.0159674305468797,0.006147325,0.004981458,0.0061454177
MQAttn-LSTM-VQR,2,3,0.78296524,0.7754799,0.7877192,0.78414637,0.0159674305468797,0.00748533,0.008666456,0.0047539473
MQAttn-LSTM-VQR,2,3,0.78112465,0.7744176,0.786637,0.7805529,0.0159674305468797,0.0067070723,0.0061353445,0.0055123568
MQAttn-LSTM-VQR,2,3,0.7789756,0.7745897,0.78650844,0.77837384,0.0159674305468797,0.0043858886,0.00378412,0.007532835
MQAttn-LSTM-VQR,2,3,0.77641225,0.7737118,0.78556013,0.77577835,0.0159674305468797,0.002700448,0.0020665526,0.009147882
MQAttn-LSTM-VQR,2,3,0.77426714,0.77132285,0.7831945,0.7744358,0.0159674305468797,0.0029442906,0.0031129718,0.008927345
MQAttn-LSTM-VQR,2,3,0.77218354,0.7712367,0.78296524,0.77238137,0.0159674305468797,0.0009468198,0.0011446476,0.010781705
MQAttn-LSTM-VQR,2,3,0.7701503,0.76948464,0.78112465,0.77008814,0.0159674305468797,0.0006656647,0.000603497,0.010974348
MQAttn-LSTM-VQR,2,3,0.76885885,0.7673536,0.7789756,0.76934254,0.0159674305468797,0.0015052557,0.0019889474,0.010116756
MQAttn-LSTM-VQR,2,3,0.7673165,0.76476556,0.77641225,0.76739115,0.0159674305468797,0.0025509596,0.0026255846,0.009095728
MQAttn-LSTM-VQR,2,3,0.76559764,0.7627204,0.77426714,0.76548904,0.0159674305468797,0.0028772354,0.0027686357,0.008669496
MQAttn-LSTM-VQR,2,3,0.76436406,0.76066965,0.77218354,0.76467204,0.0159674305468797,0.003694415,0.0040023923,0.007819474
MQAttn-LSTM-VQR classical twin,2,3,0.94709116,0.9410208,0.96322995,0.94715166,0.0159674305468797,0.0060703754,0.006130874,0.016138792
MQAttn-LSTM-VQR classical twin,2,3,0.94401824,0.9365032,0.9591006,0.9441491,0.0159674305468797,0.007515073,0.007645905,0.015082359
MQAttn-LSTM-VQR classical twin,2,3,0.9409319,0.93700904,0.9563565,0.94100815,0.0159674305468797,0.0039228797,0.003999114,0.015424609
MQAttn-LSTM-VQR classical twin,2,3,0.93779474,0.93469477,0.95320636,0.937746,0.0159674305468797,0.003099978,0.0030512214,0.015411615
MQAttn-LSTM-VQR classical twin,2,3,0.93453544,0.9309074,0.9501763,0.9344301,0.0159674305468797,0.0036280155,0.003522694,0.015640855
MQAttn-LSTM-VQR classical twin,2,3,0.9291768,0.92689794,0.94709116,0.92757297,0.0159674305468797,0.0022788644,0.0006750226,0.017914355
MQAttn-LSTM-VQR classical twin,2,3,0.9222719,0.92301804,0.94401824,0.9204411,0.0159674305468797,0.00074613094,0.0025769472,0.021746337
MQAttn-LSTM-VQR classical twin,2,3,0.91640526,0.9191669,0.9409319,0.9165294,0.0159674305468797,0.002761662,0.0026375055,0.024526656
MQAttn-LSTM-VQR classical twin,2,3,0.91171235,0.91604567,0.93779474,0.91272277,0.0159674305468797,0.0043333173,0.0033228993,0.026082397
MQAttn-LSTM-VQR classical twin,2,3,0.9085827,0.91281074,0.93453544,0.90998894,0.0159674305468797,0.0042280555,0.002821803,0.025952756
MQAttn-LSTM-VQR classical twin,2,3,0.9051689,0.9073947,0.9291768,0.90528005,0.0159674305468797,0.0022258162,0.0021146536,0.024007916
MQAttn-LSTM-VQR classical twin,2,3,0.90227425,0.90051323,0.9222719,0.90268546,0.0159674305468797,0.0017610192,0.0021722317,0.019997656
MQAttn-LSTM-VQR classical twin,2,3,0.8988908,0.89481354,0.91640526,0.898896,0.0159674305468797,0.0040772557,0.0040824413,0.017514467
MQAttn-LSTM-VQR classical twin,2,3,0.8958525,0.8902646,0.91171235,0.8961875,0.0159674305468797,0.0055879354,0.0059229136,0.015859842
MQAttn-LSTM-VQR classical twin,2,3,0.8919328,0.8873802,0.9085827,0.8914021,0.0159674305468797,0.004552603,0.0040219426,0.016649902
MQAttn-LSTM-VQR classical twin,2,3,0.8891122,0.8841632,0.9051689,0.8896903,0.0159674305468797,0.0049489737,0.005527079,0.016056716
MQAttn-LSTM-VQR classical twin,2,3,0.8861076,0.8814586,0.90227425,0.88629025,0.0159674305468797,0.004649043,0.0048316717,0.016166627
MQAttn-LSTM-VQR classical twin,2,3,0.8819099,0.8783118,0.8988908,0.88103974,0.0159674305468797,0.003598094,0.0027279258,0.016980886
MQAttn-LSTM-VQR classical twin,2,3,0.8790706,0.875438,0.8958525,0.87969923,0.0159674305468797,0.003632605,0.0042612553,0.016781926
MQAttn-LSTM-VQR classical twin,2,3,0.8762748,0.87183577,0.8919328,0.87666124,0.0159674305468797,0.004439056,0.004825473,0.015657961
MQAttn-LSTM-VQR classical twin,2,3,0.872408,0.8691079,0.8891122,0.87174773,0.0159674305468797,0.0033000708,0.00263983,0.016704202
MQAttn-LSTM-VQR classical twin,2,3,0.86526614,0.86633795,0.8861076,0.8624062,0.0159674305468797,0.0010718107,0.003931761,0.02084148
MQAttn-LSTM-VQR classical twin,2,3,0.8608671,0.8625728,0.8819099,0.86182165,0.0159674305468797,0.0017057061,0.00075113773,0.021042824
MQAttn-LSTM-VQR classical twin,2,3,0.8576978,0.8598832,0.8790706,0.8593217,0.0159674305468797,0.0021854043,0.00056147575,0.021372795
MQAttn-LSTM-VQR classical twin,2,3,0.85427564,0.8573311,0.8762748,0.85451627,0.0159674305468797,0.0030554533,0.0028148293,0.02199918
MQAttn-LSTM-VQR classical twin,2,3,0.8526115,0.854018,0.872408,0.8536688,0.0159674305468797,0.0014064908,0.000349164,0.01979649
MQAttn-LSTM-VQR classical twin,2,3,0.8506136,0.8460141,0.86526614,0.85089236,0.0159674305468797,0.0045995116,0.0048782825,0.01465255
MQAttn-LSTM-VQR classical twin,2,3,0.8474032,0.8426319,0.8608671,0.84684116,0.0159674305468797,0.004771352,0.00420928,0.013463855
MQAttn-LSTM-VQR classical twin,2,3,0.8450784,0.83817005,0.8576978,0.8454967,0.0159674305468797,0.006908357,0.0073266625,0.012619376
MQAttn-LSTM-VQR classical twin,2,3,0.8427622,0.8369994,0.85427564,0.84297687,0.0159674305468797,0.005762756,0.005977452,0.011513472
MQAttn-LSTM-VQR classical twin,2,3,0.8403153,0.8354488,0.8526115,0.8403548,0.0159674305468797,0.004866481,0.0049059987,0.0122962
MQAttn-LSTM-VQR classical twin,2,3,0.8366915,0.8337964,0.8506136,0.8357395,0.0159674305468797,0.0028951168,0.0019431114,0.013922095
MQAttn-LSTM-VQR classical twin,2,3,0.8340073,0.83127385,0.8474032,0.83432037,0.0159674305468797,0.002733469,0.0030465126,0.0133959055
MQAttn-LSTM-VQR classical twin,2,3,0.83012605,0.82898605,0.8450784,0.8294981,0.0159674305468797,0.0011399984,0.0005120635,0.014952362
MQAttn-LSTM-VQR classical twin,2,3,0.82451326,0.82688504,0.8427622,0.82287145,0.0159674305468797,0.002371788,0.004013598,0.018248916
MQAttn-LSTM-VQR classical twin,2,3,0.8205257,0.8248698,0.8403153,0.82102644,0.0159674305468797,0.0043441057,0.003843367,0.019789577
MQAttn-LSTM-VQR classical twin,2,3,0.81652045,0.82209754,0.8366915,0.816826,0.0159674305468797,0.0055770874,0.005271554,0.020171046
MQAttn-LSTM-VQR classical twin,2,3,0.8148714,0.81936723,0.8340073,0.8167018,0.0159674305468797,0.004495859,0.0026654005,0.019135952
MQAttn-LSTM-VQR classical twin,2,3,0.81345004,0.81570464,0.83012605,0.8141966,0.0159674305468797,0.0022546053,0.0015080571,0.016676009
MQAttn-LSTM-VQR classical twin,2,3,0.81083125,0.8107456,0.82451326,0.8101337,0.0159674305468797,8.5651875e-05,0.0006119013,0.013682008
MQAttn-LSTM-VQR classical twin,2,3,0.80949235,0.8070739,0.8205257,0.81030625,0.0159674305468797,0.0024184585,0.00323236,0.011033356
MQAttn-LSTM-VQR classical twin,2,3,0.8077907,0.80374455,0.81652045,0.8080365,0.0159674305468797,0.004046142,0.0042919517,0.008729756
MQAttn-LSTM-VQR classical twin,2,3,0.80534774,0.80188483,0.8148714,0.8048893,0.0159674305468797,0.0034629107,0.0030044913,0.00952363
MQAttn-LSTM-VQR classical twin,2,3,0.8030789,0.8003987,0.81345004,0.8029198,0.0159674305468797,0.0026801825,0.0025210977,0.010371149
MQAttn-LSTM-VQR classical twin,2,3,0.8005687,0.79839945,0.81083125,0.800389,0.0159674305468797,0.0021692514,0.0019895434,0.010262549
MQAttn-LSTM-VQR classical twin,2,3,0.7971,0.7971042,0.80949235,0.79640245,0.0159674305468797,4.172325e-06,0.0007017255,0.012392342
MQAttn-LSTM-VQR classical twin,2,3,0.79504216,0.79576147,0.8077907,0.7957418,0.0159674305468797,0.00071930885,1.9669533e-05,0.012748539
MQAttn-LSTM-VQR classical twin,2,3,0.7930921,0.7934155,0.80534774,0.7934631,0.0159674305468797,0.0003234148,4.762411e-05,0.012255669
MQAttn-LSTM-VQR classical twin,2,3,0.79065055,0.7912175,0.8030789,0.79038876,0.0159674305468797,0.0005669594,0.000828743,0.012428343
MQAttn-LSTM-VQR classical twin,2,3,0.7893399,0.78890485,0.8005687,0.79002094,0.0159674305468797,0.0004350543,0.001116097,0.0112288
MQAttn-LSTM-VQR classical twin,2,3,0.7877192,0.78576326,0.7971,0.7878335,0.0159674305468797,0.0019559264,0.0020702481,0.009380817
MQAttn-LSTM-VQR classical twin,2,3,0.786637,0.7838347,0.79504216,0.78712314,0.0159674305468797,0.0028023124,0.0032884479,0.008405149
MQAttn-LSTM-VQR classical twin,2,3,0.78650844,0.7822384,0.7930921,0.7873916,0.0159674305468797,0.004270017,0.005153179,0.006583631
MQAttn-LSTM-VQR classical twin,2,3,0.78556013,0.77999616,0.79065055,0.7853034,0.0159674305468797,0.0055639744,0.005307257,0.0050904155
MQAttn-LSTM-VQR classical twin,2,3,0.7831945,0.7786048,0.7893399,0.7820286,0.0159674305468797,0.004589677,0.00342381,0.0061454177
MQAttn-LSTM-VQR classical twin,2,3,0.78296524,0.7772254,0.7877192,0.78414637,0.0159674305468797,0.0057398677,0.0069209933,0.0047539473
MQAttn-LSTM-VQR classical twin,2,3,0.78112465,0.7754775,0.786637,0.7805529,0.0159674305468797,0.005647123,0.005075395,0.0055123568
MQAttn-LSTM-VQR classical twin,2,3,0.7789756,0.7754246,0.78650844,0.77837384,0.0159674305468797,0.0035510063,0.0029492378,0.007532835
MQAttn-LSTM-VQR classical twin,2,3,0.77641225,0.77497745,0.78556013,0.77577835,0.0159674305468797,0.001434803,0.0008009076,0.009147882
MQAttn-LSTM-VQR classical twin,2,3,0.77426714,0.7725414,0.7831945,0.7744358,0.0159674305468797,0.0017257333,0.0018944144,0.008927345
MQAttn-LSTM-VQR classical twin,2,3,0.77218354,0.77257335,0.78296524,0.77238137,0.0159674305468797,0.00038981438,0.00019198656,0.010781705
MQAttn-LSTM-VQR classical twin,2,3,0.7701503,0.77123785,0.78112465,0.77008814,0.0159674305468797,0.0010875463,0.001149714,0.010974348
MQAttn-LSTM-VQR classical twin,2,3,0.76885885,0.76949126,0.7789756,0.76934254,0.0159674305468797,0.0006324053,0.00014871359,0.010116756
MQAttn-LSTM-VQR classical twin,2,3,0.7673165,0.7668751,0.77641225,0.76739115,0.0159674305468797,0.000441432,0.000516057,0.009095728
MQAttn-LSTM-VQR classical twin,2,3,0.76559764,0.7651328,0.77426714,0.76548904,0.0159674305468797,0.00046485662,0.00035625696,0.008669496
MQAttn-LSTM-VQR classical twin,2,3,0.76436406,0.763429,0.77218354,0.76467204,0.0159674305468797,0.00093507767,0.0012430549,0.007819474
MQAttn-QLSTM-VQR,2,3,0.94709116,0.9417761,0.96322995,0.94715166,0.0159674305468797,0.0053150654,0.005375564,0.016138792
MQAttn-QLSTM-VQR,2,3,0.94401824,0.9378226,0.9591006,0.9441491,0.0159674305468797,0.0061956644,0.0063264966,0.015082359
MQAttn-QLSTM-VQR,2,3,0.9409319,0.9339253,0.9563565,0.94100815,0.0159674305468797,0.007006645,0.0070828795,0.015424609
MQAttn-QLSTM-VQR,2,3,0.93779474,0.9309959,0.95320636,0.937746,0.0159674305468797,0.0067988634,0.006750107,0.015411615
MQAttn-QLSTM-VQR,2,3,0.93453544,0.9281837,0.9501763,0.9344301,0.0159674305468797,0.006351769,0.0062464476,0.015640855
MQAttn-QLSTM-VQR,2,3,0.9291768,0.92533076,0.94709116,0.92757297,0.0159674305468797,0.0038460493,0.0022422075,0.017914355
MQAttn-QLSTM-VQR,2,3,0.9222719,0.92243415,0.94401824,0.9204411,0.0159674305468797,0.00016224384,0.00199306,0.021746337
MQAttn-QLSTM-VQR,2,3,0.91640526,0.9195888,0.9409319,0.9165294,0.0159674305468797,0.0031835437,0.0030593872,0.024526656
MQAttn-QLSTM-VQR,2,3,0.91171235,0.91669434,0.93779474,0.91272277,0.0159674305468797,0.0049819946,0.0039715767,0.026082397
MQAttn-QLSTM-VQR,2,3,0.9085827,0.91365933,0.93453544,0.90998894,0.0159674305468797,0.005076647,0.0036703944,0.025952756
MQAttn-QLSTM-VQR,2,3,0.9051689,0.9088619,0.9291768,0.90528005,0.0159674305468797,0.0036929846,0.003581822,0.024007916
MQAttn-QLSTM-VQR,2,3,0.90227425,0.90250885,0.9222719,0.90268546,0.0159674305468797,0.00023460388,0.00017660856,0.019997656
MQAttn-QLSTM-VQR,2,3,0.8988908,0.89712465,0.91640526,0.898896,0.0159674305468797,0.0017661452,0.0017713308,0.017514467
MQAttn-QLSTM-VQR,2,3,0.8958525,0.8928679,0.91171235,0.8961875,0.0159674305468797,0.0029845834,0.0033195615,0.015859842
MQAttn-QLSTM-VQR,2,3,0.8919328,0.88979113,0.9085827,0.8914021,0.0159674305468797,0.0021416545,0.0016109943,0.016649902
MQAttn-QLSTM-VQR,2,3,0.8891122,0.8869507,0.9051689,0.8896903,0.0159674305468797,0.0021615028,0.0027396083,0.016056716
MQAttn-QLSTM-VQR,2,3,0.8861076,0.88407904,0.90227425,0.88629025,0.0159674305468797,0.0020285845,0.002211213,0.016166627
MQAttn-QLSTM-VQR,2,3,0.8819099,0.8812233,0.8988908,0.88103974,0.0159674305468797,0.0006865859,0.0001835823,0.016980886
MQAttn-QLSTM-VQR,2,3,0.8790706,0.8782207,0.8958525,0.87969923,0.0159674305468797,0.00084990263,0.0014785528,0.016781926
MQAttn-QLSTM-VQR,2,3,0.8762748,0.8750464,0.8919328,0.87666124,0.0159674305468797,0.0012284517,0.0016148686,0.015657961
MQAttn-QLSTM-VQR,2,3,0.872408,0.8720437,0.8891122,0.87174773,0.0159674305468797,0.00036424398,0.00029599667,0.016704202
MQAttn-QLSTM-VQR,2,3,0.86526614,0.86929315,0.8861076,0.8624062,0.0159674305468797,0.004027009,0.006886959,0.02084148
MQAttn-QLSTM-VQR,2,3,0.8608671,0.8659539,0.8819099,0.86182165,0.0159674305468797,0.005086839,0.004132271,0.021042824
MQAttn-QLSTM-VQR,2,3,0.8576978,0.86281234,0.8790706,0.8593217,0.0159674305468797,0.0051145554,0.0034906268,0.021372795
MQAttn-QLSTM-VQR,2,3,0.85427564,0.860272,0.8762748,0.85451627,0.0159674305468797,0.0059963465,0.0057557225,0.02199918
MQAttn-QLSTM-VQR,2,3,0.8526115,0.8571158,0.872408,0.8536688,0.0159674305468797,0.004504323,0.0034469962,0.01979649
MQAttn-QLSTM-VQR,2,3,0.8506136,0.8504448,0.86526614,0.85089236,0.0159674305468797,0.00016880035,0.00044757128,0.01465255
MQAttn-QLSTM-VQR,2,3,0.8474032,0.8459595,0.8608671,0.84684116,0.0159674305468797,0.0014437437,0.0008816719,0.013463855
MQAttn-QLSTM-VQR,2,3,0.8450784,0.8429224,0.8576978,0.8454967,0.0159674305468797,0.0021560192,0.0025743246,0.012619376
MQAttn-QLSTM-VQR,2,3,0.8427622,0.8400625,0.85427564,0.84297687,0.0159674305468797,0.0026996732,0.002914369,0.011513472
MQAttn-QLSTM-VQR,2,3,0.8403153,0.8382204,0.8526115,0.8403548,0.0159674305468797,0.0020948648,0.0021343827,0.0122962
MQAttn-QLSTM-VQR,2,3,0.8366915,0.8363562,0.8506136,0.8357395,0.0159674305468797,0.00033527613,0.00061672926,0.013922095
MQAttn-QLSTM-VQR,2,3,0.8340073,0.8336369,0.8474032,0.83432037,0.0159674305468797,0.00037044287,0.00068348646,0.0133959055
MQAttn-QLSTM-VQR,2,3,0.83012605,0.83118147,0.8450784,0.8294981,0.0159674305468797,0.0010554194,0.0016833544,0.014952362
MQAttn-QLSTM-VQR,2,3,0.82451326,0.828956,0.8427622,0.82287145,0.0159674305468797,0.0044427514,0.0060845613,0.018248916
MQAttn-QLSTM-VQR,2,3,0.8205257,0.82659924,0.8403153,0.82102644,0.0159674305468797,0.0060735345,0.005572796,0.019789577
MQAttn-QLSTM-VQR,2,3,0.81652045,0.82336205,0.8366915,0.816826,0.0159674305468797,0.0068416,0.0065360665,0.020171046
MQAttn-QLSTM-VQR,2,3,0.8148714,0.8206053,0.8340073,0.8167018,0.0159674305468797,0.005733907,0.0039034486,0.019135952
MQAttn-QLSTM-VQR,2,3,0.81345004,0.81693625,0.83012605,0.8141966,0.0159674305468797,0.003486216,0.002739668,0.016676009
MQAttn-QLSTM-VQR,2,3,0.81083125,0.81162673,0.82451326,0.8101337,0.0159674305468797,0.0007954836,0.0014930367,0.013682008
MQAttn-QLSTM-VQR,2,3,0.80949235,0.80767316,0.8205257,0.81030625,0.0159674305468797,0.0018191934,0.0026330948,0.011033356
MQAttn-QLSTM-VQR,2,3,0.8077907,0.80395234,0.81652045,0.8080365,0.0159674305468797,0.0038383603,0.00408417,0.008729756
MQAttn-QLSTM-VQR,2,3,0.80534774,0.80227274,0.8148714,0.8048893,0.0159674305468797,0.0030750036,0.0026165843,0.00952363
MQAttn-QLSTM-VQR,2,3,0.8030789,0.8009285,0.81345004,0.8029198,0.0159674305468797,0.0021504164,0.0019913316,0.010371149
MQAttn-QLSTM-VQR,2,3,0.8005687,0.79849136,0.81083125,0.800389,0.0159674305468797,0.002077341,0.0018976331,0.010262549
MQAttn-QLSTM-VQR,2,3,0.7971,0.79711187,0.80949235,0.79640245,0.0159674305468797,1.1861324e-05,0.0007094145,0.012392342
MQAttn-QLSTM-VQR,2,3,0.79504216,0.7954597,0.8077907,0.7957418,0.0159674305468797,0.00041753054,0.00028210878,0.012748539
MQAttn-QLSTM-VQR,2,3,0.7930921,0.7931848,0.80534774,0.7934631,0.0159674305468797,9.274483e-05,0.0002782941,0.012255669
MQAttn-QLSTM-VQR,2,3,0.79065055,0.7909398,0.8030789,0.79038876,0.0159674305468797,0.00028926134,0.00055104494,0.012428343
MQAttn-QLSTM-VQR,2,3,0.7893399,0.7885049,0.8005687,0.79002094,0.0159674305468797,0.00083500147,0.0015160441,0.0112288
MQAttn-QLSTM-VQR,2,3,0.7877192,0.78517175,0.7971,0.7878335,0.0159674305468797,0.002547443,0.0026617646,0.009380817
MQAttn-QLSTM-VQR,2,3,0.786637,0.7832007,0.79504216,0.78712314,0.0159674305468797,0.003436327,0.0039224625,0.008405149
MQAttn-QLSTM-VQR,2,3,0.78650844,0.78130007,0.7930921,0.7873916,0.0159674305468797,0.005208373,0.006091535,0.006583631
MQAttn-QLSTM-VQR,2,3,0.78556013,0.7788638,0.79065055,0.7853034,0.0159674305468797,0.0066963434,0.006439626,0.0050904155
MQAttn-QLSTM-VQR,2,3,0.7831945,0.77772385,0.7893399,0.7820286,0.0159674305468797,0.0054706335,0.0043047667,0.0061454177
MQAttn-QLSTM-VQR,2,3,0.78296524,0.77615,0.7877192,0.78414637,0.0159674305468797,0.0068152547,0.00799638,0.0047539473
MQAttn-QLSTM-VQR,2,3,0.78112465,0.7750774,0.786637,0.7805529,0.0159674305468797,0.006047249,0.005475521,0.0055123568
MQAttn-QLSTM-VQR,2,3,0.7789756,0.7749607,0.78650844,0.77837384,0.0159674305468797,0.0040149093,0.0034131408,0.007532835
MQAttn-QLSTM-VQR,2,3,0.77641225,0.7740302,0.78556013,0.77577835,0.0159674305468797,0.00238204,0.0017481446,0.009147882
MQAttn-QLSTM-VQR,2,3,0.77426714,0.77170575,0.7831945,0.7744358,0.0159674305468797,0.0025613904,0.0027300715,0.008927345
MQAttn-QLSTM-VQR,2,3,0.77218354,0.7715249,0.78296524,0.77238137,0.0159674305468797,0.0006586313,0.00085645914,0.010781705
MQAttn-QLSTM-VQR,2,3,0.7701503,0.7697426,0.78112465,0.77008814,0.0159674305468797,0.00040769577,0.00034552813,0.010974348
MQAttn-QLSTM-VQR,2,3,0.76885885,0.767663,0.7789756,0.76934254,0.0159674305468797,0.001195848,0.0016795397,0.010116756
MQAttn-QLSTM-VQR,2,3,0.7673165,0.76525265,0.77641225,0.76739115,0.0159674305468797,0.0020638704,0.0021384954,0.009095728
MQAttn-QLSTM-VQR,2,3,0.76559764,0.7631311,0.77426714,0.76548904,0.0159674305468797,0.0024665594,0.0023579597,0.008669496
MQAttn-QLSTM-VQR,2,3,0.76436406,0.7611079,0.77218354,0.76467204,0.0159674305468797,0.0032561421,0.0035641193,0.007819474
MQAttn-QLSTM-VQR classical twin,2,3,0.94709116,0.9395985,0.96322995,0.94715166,0.0159674305468797,0.0074926615,0.00755316,0.016138792
MQAttn-QLSTM-VQR classical twin,2,3,0.94401824,0.93577695,0.9591006,0.9441491,0.0159674305468797,0.008241296,0.008372128,0.015082359
MQAttn-QLSTM-VQR classical twin,2,3,0.9409319,0.93205816,0.9563565,0.94100815,0.0159674305468797,0.008873761,0.008949995,0.015424609
MQAttn-QLSTM-VQR classical twin,2,3,0.93779474,0.92755103,0.95320636,0.937746,0.0159674305468797,0.010243714,0.010194957,0.015411615
MQAttn-QLSTM-VQR classical twin,2,3,0.93453544,0.92393696,0.9501763,0.9344301,0.0159674305468797,0.010598481,0.010493159,0.015640855
MQAttn-QLSTM-VQR classical twin,2,3,0.9291768,0.9205521,0.94709116,0.92757297,0.0159674305468797,0.0086247325,0.0070208907,0.017914355
MQAttn-QLSTM-VQR classical twin,2,3,0.9222719,0.9176016,0.94401824,0.9204411,0.0159674305468797,0.004670322,0.0028395057,0.021746337
MQAttn-QLSTM-VQR classical twin,2,3,0.91640526,0.9145542,0.9409319,0.9165294,0.0159674305468797,0.0018510818,0.0019752383,0.024526656
MQAttn-QLSTM-VQR classical twin,2,3,0.91171235,0.9118367,0.93779474,0.91272277,0.0159674305468797,0.00012433529,0.00088608265,0.026082397
MQAttn-QLSTM-VQR classical twin,2,3,0.9085827,0.9089324,0.93453544,0.90998894,0.0159674305468797,0.00034970045,0.0010565519,0.025952756
MQAttn-QLSTM-VQR classical twin,2,3,0.9051689,0.9044538,0.9291768,0.90528005,0.0159674305468797,0.0007150769,0.0008262396,0.024007916
MQAttn-QLSTM-VQR classical twin,2,3,0.90227425,0.898339,0.9222719,0.90268546,0.0159674305468797,0.0039352775,0.00434649,0.019997656
MQAttn-QLSTM-VQR classical twin,2,3,0.8988908,0.8930356,0.91640526,0.898896,0.0159674305468797,0.0058552027,0.0058603883,0.017514467
MQAttn-QLSTM-VQR classical twin,2,3,0.8958525,0.8887902,0.91171235,0.8961875,0.0159674305468797,0.007062316,0.007397294,0.015859842
MQAttn-QLSTM-VQR classical twin,2,3,0.8919328,0.88612074,0.9085827,0.8914021,0.0159674305468797,0.005812049,0.0052813888,0.016649902
MQAttn-QLSTM-VQR classical twin,2,3,0.8891122,0.88329834,0.9051689,0.8896903,0.0159674305468797,0.005813837,0.0063919425,0.016056716
MQAttn-QLSTM-VQR classical twin,2,3,0.8861076,0.88073504,0.90227425,0.88629025,0.0159674305468797,0.005372584,0.0055552125,0.016166627
MQAttn-QLSTM-VQR classical twin,2,3,0.8819099,0.87787884,0.8988908,0.88103974,0.0159674305468797,0.004031062,0.003160894,0.016980886
MQAttn-QLSTM-VQR classical twin,2,3,0.8790706,0.8751819,0.8958525,0.87969923,0.0159674305468797,0.0038886666,0.004517317,0.016781926
MQAttn-QLSTM-VQR classical twin,2,3,0.8762748,0.8718554,0.8919328,0.87666124,0.0159674305468797,0.004419446,0.004805863,0.015657961
MQAttn-QLSTM-VQR classical twin,2,3,0.872408,0.869256,0.8891122,0.87174773,0.0159674305468797,0.0031519532,0.0024917126,0.016704202
MQAttn-QLSTM-VQR classical twin,2,3,0.86526614,0.8665731,0.8861076,0.8624062,0.0159674305468797,0.001306951,0.004166901,0.02084148
MQAttn-QLSTM-VQR classical twin,2,3,0.8608671,0.86284363,0.8819099,0.86182165,0.0159674305468797,0.0019765496,0.0010219812,0.021042824
MQAttn-QLSTM-VQR classical twin,2,3,0.8576978,0.86028874,0.8790706,0.8593217,0.0159674305468797,0.0025909543,0.00096702576,0.021372795
MQAttn-QLSTM-VQR classical twin,2,3,0.85427564,0.8577549,0.8762748,0.85451627,0.0159674305468797,0.0034792423,0.0032386184,0.02199918
MQAttn-QLSTM-VQR classical twin,2,3,0.8526115,0.8542609,0.872408,0.8536688,0.0159674305468797,0.0016494393,0.00059211254,0.01979649
MQAttn-QLSTM-VQR classical twin,2,3,0.8506136,0.8473362,0.86526614,0.85089236,0.0159674305468797,0.003277421,0.003556192,0.01465255
MQAttn-QLSTM-VQR classical twin,2,3,0.8474032,0.8433063,0.8608671,0.84684116,0.0159674305468797,0.0040969253,0.0035348535,0.013463855
MQAttn-QLSTM-VQR classical twin,2,3,0.8450784,0.840099,0.8576978,0.8454967,0.0159674305468797,0.0049794316,0.005397737,0.012619376
MQAttn-QLSTM-VQR classical twin,2,3,0.8427622,0.83728874,0.85427564,0.84297687,0.0159674305468797,0.005473435,0.005688131,0.011513472
MQAttn-QLSTM-VQR classical twin,2,3,0.8403153,0.83595043,0.8526115,0.8403548,0.0159674305468797,0.004364848,0.004404366,0.0122962
MQAttn-QLSTM-VQR classical twin,2,3,0.8366915,0.83414125,0.8506136,0.8357395,0.0159674305468797,0.0025502443,0.001598239,0.013922095
MQAttn-QLSTM-VQR classical twin,2,3,0.8340073,0.8310756,0.8474032,0.83432037,0.0159674305468797,0.002931714,0.0032447577,0.0133959055
MQAttn-QLSTM-VQR classical twin,2,3,0.83012605,0.82897365,0.8450784,0.8294981,0.0159674305468797,0.0011523962,0.00052446127,0.014952362
MQAttn-QLSTM-VQR classical twin,2,3,0.82451326,0.82677424,0.8427622,0.82287145,0.0159674305468797,0.002260983,0.003902793,0.018248916
MQAttn-QLSTM-VQR classical twin,2,3,0.8205257,0.82437897,0.8403153,0.82102644,0.0159674305468797,0.0038532615,0.0033525229,0.019789577
MQAttn-QLSTM-VQR classical twin,2,3,0.81652045,0.8207918,0.8366915,0.816826,0.0159674305468797,0.0042713284,0.003965795,0.020171046
MQAttn-QLSTM-VQR classical twin,2,3,0.8148714,0.81838477,0.8340073,0.8167018,0.0159674305468797,0.0035133958,0.0016829371,0.019135952
MQAttn-QLSTM-VQR classical twin,2,3,0.81345004,0.8146914,0.83012605,0.8141966,0.0159674305468797,0.0012413859,0.00049483776,0.016676009
MQAttn-QLSTM-VQR classical twin,2,3,0.81083125,0.8092352,0.82451326,0.8101337,0.0159674305468797,0.0015960336,0.0008984804,0.013682008
MQAttn-QLSTM-VQR classical twin,2,3,0.80949235,0.8053726,0.8205257,0.81030625,0.0159674305468797,0.004119754,0.0049336553,0.011033356
MQAttn-QLSTM-VQR classical twin,2,3,0.8077907,0.80144316,0.81652045,0.8080365,0.0159674305468797,0.006347537,0.0065933466,0.008729756
MQAttn-QLSTM-VQR classical twin,2,3,0.80534774,0.80012256,0.8148714,0.8048893,0.0159674305468797,0.0052251816,0.0047667623,0.00952363
MQAttn-QLSTM-VQR classical twin,2,3,0.8030789,0.7988065,0.81345004,0.8029198,0.0159674305468797,0.0042724013,0.0041133165,0.010371149
MQAttn-QLSTM-VQR classical twin,2,3,0.8005687,0.79613465,0.81083125,0.800389,0.0159674305468797,0.004434049,0.004254341,0.010262549
MQAttn-QLSTM-VQR classical twin,2,3,0.7971,0.7950353,0.80949235,0.79640245,0.0159674305468797,0.002064705,0.0013671517,0.012392342
MQAttn-QLSTM-VQR classical twin,2,3,0.79504216,0.7933848,0.8077907,0.7957418,0.0159674305468797,0.0016573668,0.002357006,0.012748539
MQAttn-QLSTM-VQR classical twin,2,3,0.7930921,0.790953,0.80534774,0.7934631,0.0159674305468797,0.0021390915,0.0025101304,0.012255669
MQAttn-QLSTM-VQR classical twin,2,3,0.79065055,0.78875256,0.8030789,0.79038876,0.0159674305468797,0.0018979907,0.0016362071,0.012428343
MQAttn-QLSTM-VQR classical twin,2,3,0.7893399,0.7862807,0.8005687,0.79002094,0.0159674305468797,0.0030592084,0.003740251,0.0112288
MQAttn-QLSTM-VQR classical twin,2,3,0.7877192,0.7827718,0.7971,0.7878335,0.0159674305468797,0.0049473643,0.005061686,0.009380817
MQAttn-QLSTM-VQR classical twin,2,3,0.786637,0.78097874,0.79504216,0.78712314,0.0159674305468797,0.005658269,0.0061444044,0.008405149
MQAttn-QLSTM-VQR classical twin,2,3,0.78650844,0.7790626,0.7930921,0.7873916,0.0159674305468797,0.007445812,0.008328974,0.006583631
MQAttn-QLSTM-VQR classical twin,2,3,0.78556013,0.7765177,0.79065055,0.7853034,0.0159674305468797,0.009042442,0.008785725,0.0050904155
MQAttn-QLSTM-VQR classical twin,2,3,0.7831945,0.7755163,0.7893399,0.7820286,0.0159674305468797,0.0076782107,0.006512344,0.0061454177
MQAttn-QLSTM-VQR classical twin,2,3,0.78296524,0.77392834,0.7877192,0.78414637,0.0159674305468797,0.009036899,0.010218024,0.0047539473
MQAttn-QLSTM-VQR classical twin,2,3,0.78112465,0.7728359,0.786637,0.7805529,0.0159674305468797,0.008288741,0.0077170134,0.0055123568
MQAttn-QLSTM-VQR classical twin,2,3,0.7789756,0.77297854,0.78650844,0.77837384,0.0159674305468797,0.0059970617,0.0053952932,0.007532835
MQAttn-QLSTM-VQR classical twin,2,3,0.77641225,0.7720635,0.78556013,0.77577835,0.0159674305468797,0.004348755,0.0037148595,0.009147882
MQAttn-QLSTM-VQR classical twin,2,3,0.77426714,0.7695053,0.7831945,0.7744358,0.0159674305468797,0.004761815,0.004930496,0.008927345
MQAttn-QLSTM-VQR classical twin,2,3,0.77218354,0.76957184,0.78296524,0.77238137,0.0159674305468797,0.0026116967,0.0028095245,0.010781705
MQAttn-QLSTM-VQR classical twin,2,3,0.7701503,0.76775867,0.78112465,0.77008814,0.0159674305468797,0.0023916364,0.0023294687,0.010974348
MQAttn-QLSTM-VQR classical twin,2,3,0.76885885,0.76558226,0.7789756,0.76934254,0.0159674305468797,0.0032765865,0.0037602782,0.010116756
MQAttn-QLSTM-VQR classical twin,2,3,0.7673165,0.76293516,0.77641225,0.76739115,0.0159674305468797,0.0043813586,0.0044559836,0.009095728
MQAttn-QLSTM-VQR classical twin,2,3,0.76559764,0.7609345,0.77426714,0.76548904,0.0159674305468797,0.0046631694,0.0045545697,0.008669496
MQAttn-QLSTM-VQR classical twin,2,3,0.76436406,0.7588609,0.77218354,0.76467204,0.0159674305468797,0.0055031776,0.005811155,0.007819474
QLSTM,2,3,0.94709116,0.94280875,0.96322995,0.94715166,0.0159674305468797,0.004282415,0.0043429136,0.016138792
QLSTM,2,3,0.94401824,0.9387196,0.9591006,0.9441491,0.0159674305468797,0.005298674,0.0054295063,0.015082359
QLSTM,2,3,0.9409319,0.935264,0.9563565,0.94100815,0.0159674305468797,0.005667925,0.005744159,0.015424609
QLSTM,2,3,0.93779474,0.9316102,0.95320636,0.937746,0.0159674305468797,0.0061845183,0.0061357617,0.015411615
QLSTM,2,3,0.93453544,0.9281507,0.9501763,0.9344301,0.0159674305468797,0.0063847303,0.006279409,0.015640855
QLSTM,2,3,0.9291768,0.9247273,0.94709116,0.92757297,0.0159674305468797,0.0044494867,0.002845645,0.017914355
QLSTM,2,3,0.9222719,0.9213913,0.94401824,0.9204411,0.0159674305468797,0.000880599,0.00095021725,0.021746337
QLSTM,2,3,0.91640526,0.9181229,0.9409319,0.9165294,0.0159674305468797,0.001717627,0.0015934706,0.024526656
QLSTM,2,3,0.91171235,0.914941,0.93779474,0.91272277,0.0159674305468797,0.0032286644,0.0022182465,0.026082397
QLSTM,2,3,0.9085827,0.91164666,0.93453544,0.90998894,0.0159674305468797,0.0030639768,0.0016577244,0.025952756
QLSTM,2,3,0.9051689,0.90623826,0.9291768,0.90528005,0.0159674305468797,0.0010693669,0.00095820427,0.024007916
QLSTM,2,3,0.90227425,0.89934033,0.9222719,0.90268546,0.0159674305468797,0.0029339194,0.0033451319,0.019997656
QLSTM,2,3,0.8988908,0.89351743,0.91640526,0.898896,0.0159674305468797,0.0053733587,0.0053785443,0.017514467
QLSTM,2,3,0.8958525,0.88887626,0.91171235,0.8961875,0.0159674305468797,0.006976247,0.007311225,0.015859842
QLSTM,2,3,0.8919328,0.8858327,0.9085827,0.8914021,0.0159674305468797,0.0061000586,0.0055693984,0.016649902
QLSTM,2,3,0.8891122,0.88253736,0.9051689,0.8896903,0.0159674305468797,0.0065748096,0.007152915,0.016056716
QLSTM,2,3,0.8861076,0.8797807,0.90227425,0.88629025,0.0159674305468797,0.006326914,0.0065095425,0.016166627
QLSTM,2,3,0.8819099,0.87656945,0.8988908,0.88103974,0.0159674305468797,0.005340457,0.0044702888,0.016980886
QLSTM,2,3,0.8790706,0.87371826,0.8958525,0.87969923,0.0159674305468797,0.0053523183,0.0059809685,0.016781926
QLSTM,2,3,0.8762748,0.87005484,0.8919328,0.87666124,0.0159674305468797,0.006219983,0.0066064,0.015657961
QLSTM,2,3,0.872408,0.86740977,0.8891122,0.87174773,0.0159674305468797,0.004998207,0.0043379664,0.016704202
QLSTM,2,3,0.86526614,0.86460745,0.8861076,0.8624062,0.0159674305468797,0.00065869093,0.0022012591,0.02084148
QLSTM,2,3,0.8608671,0.8607502,0.8819099,0.86182165,0.0159674305468797,0.00011688471,0.0010714531,0.021042824
QLSTM,2,3,0.8576978,0.8581558,0.8790706,0.8593217,0.0159674305468797,0.0004580021,0.0011659265,0.021372795
QLSTM,2,3,0.85427564,0.855602,0.8762748,0.85451627,0.0159674305468797,0.0013263822,0.0010857582,0.02199918
QLSTM,2,3,0.8526115,0.8521246,0.872408,0.8536688,0.0159674305468797,0.00048691034,0.0015442371,0.01979649
QLSTM,2,3,0.8506136,0.8459328,0.86526614,0.85089236,0.0159674305468797,0.0046808124,0.0049595833,0.01465255
QLSTM,2,3,0.8474032,0.84157234,0.8608671,0.84684116,0.0159674305468797,0.005830884,0.005268812,0.013463855
QLSTM,2,3,0.8450784,0.83949655,0.8576978,0.8454967,0.0159674305468797,0.005581856,0.006000161,0.012619376
QLSTM,2,3,0.8427622,0.8359891,0.85427564,0.84297687,0.0159674305468797,0.0067730546,0.0069877505,0.011513472
QLSTM,2,3,0.8403153,0.8343653,0.8526115,0.8403548,0.0159674305468797,0.005949974,0.005989492,0.0122962
QLSTM,2,3,0.8366915,0.8325615,0.8506136,0.8357395,0.0159674305468797,0.004130006,0.0031780005,0.013922095
QLSTM,2,3,0.8340073,0.82972133,0.8474032,0.83432037,0.0159674305468797,0.004285991,0.004599035,0.0133959055
QLSTM,2,3,0.83012605,0.8275726,0.8450784,0.8294981,0.0159674305468797,0.002553463,0.001925528,0.014952362
QLSTM,2,3,0.82451326,0.825418,0.8427622,0.82287145,0.0159674305468797,0.0009047389,0.0025465488,0.018248916
QLSTM,2,3,0.8205257,0.82311106,0.8403153,0.82102644,0.0159674305468797,0.0025853515,0.0020846128,0.019789577
QLSTM,2,3,0.81652045,0.8198038,0.8366915,0.816826,0.0159674305468797,0.0032833219,0.0029777884,0.020171046
QLSTM,2,3,0.8148714,0.8172996,0.8340073,0.8167018,0.0159674305468797,0.0024282336,0.000597775,0.019135952
QLSTM,2,3,0.81345004,0.8139274,0.83012605,0.8141966,0.0159674305468797,0.0004773736,0.00026917458,0.016676009
QLSTM,2,3,0.81083125,0.8088356,0.82451326,0.8101337,0.0159674305468797,0.001995623,0.00129807,0.013682008
QLSTM,2,3,0.80949235,0.8050887,0.8205257,0.81030625,0.0159674305468797,0.0044036508,0.005217552,0.011033356
QLSTM,2,3,0.8077907,0.80173606,0.81652045,0.8080365,0.0159674305468797,0.00605464,0.0063004494,0.008729756
QLSTM,2,3,0.80534774,0.8000869,0.8148714,0.8048893,0.0159674305468797,0.005260825,0.004802406,0.00952363
QLSTM,2,3,0.8030789,0.79888713,0.81345004,0.8029198,0.0159674305468797,0.0041917562,0.0040326715,0.010371149
QLSTM,2,3,0.8005687,0.79687333,0.81083125,0.800389,0.0159674305468797,0.0036953688,0.0035156608,0.010262549
QLSTM,2,3,0.7971,0.79537827,0.80949235,0.79640245,0.0159674305468797,0.0017217398,0.0010241866,0.012392342
QLSTM,2,3,0.79504216,0.7937945,0.8077907,0.7957418,0.0159674305468797,0.0012476444,0.0019472837,0.012748539
QLSTM,2,3,0.7930921,0.79174054,0.80534774,0.7934631,0.0159674305468797,0.0013515353,0.0017225742,0.012255669
QLSTM,2,3,0.79065055,0.78958124,0.8030789,0.79038876,0.0159674305468797,0.0010693073,0.0008075237,0.012428343
QLSTM,2,3,0.7893399,0.7872315,0.8005687,0.79002094,0.0159674305468797,0.002108395,0.0027894378,0.0112288
QLSTM,2,3,0.7877192,0.7844504,0.7971,0.7878335,0.0159674305468797,0.0032687783,0.0033831,0.009380817
QLSTM,2,3,0.786637,0.782294,0.79504216,0.78712314,0.0159674305468797,0.004343033,0.0048291683,0.008405149
QLSTM,2,3,0.78650844,0.7804243,0.7930921,0.7873916,0.0159674305468797,0.006084144,0.006967306,0.006583631
QLSTM,2,3,0.78556013,0.77867484,0.79065055,0.7853034,0.0159674305468797,0.00688529,0.006628573,0.0050904155
QLSTM,2,3,0.7831945,0.77724403,0.7893399,0.7820286,0.0159674305468797,0.005950451,0.004784584,0.0061454177
QLSTM,2,3,0.78296524,0.7757413,0.7877192,0.78414637,0.0159674305468797,0.0072239637,0.008405089,0.0047539473
QLSTM,2,3,0.78112465,0.7751982,0.786637,0.7805529,0.0159674305468797,0.00592643,0.0053547025,0.0055123568
QLSTM,2,3,0.7789756,0.774874,0.78650844,0.77837384,0.0159674305468797,0.004101634,0.0034998655,0.007532835
QLSTM,2,3,0.77641225,0.77398044,0.78556013,0.77577835,0.0159674305468797,0.00243181,0.0017979145,0.009147882
QLSTM,2,3,0.77426714,0.7722611,0.7831945,0.7744358,0.0159674305468797,0.002006054,0.002174735,0.008927345
QLSTM,2,3,0.77218354,0.7718344,0.78296524,0.77238137,0.0159674305468797,0.000349164,0.0005469918,0.010781705
QLSTM,2,3,0.7701503,0.7700058,0.78112465,0.77008814,0.0159674305468797,0.00014448166,8.2314014e-05,0.010974348
QLSTM,2,3,0.76885885,0.7679456,0.7789756,0.76934254,0.0159674305468797,0.00091326237,0.0013969541,0.010116756
QLSTM,2,3,0.7673165,0.76565063,0.77641225,0.76739115,0.0159674305468797,0.0016658902,0.0017405152,0.009095728
QLSTM,2,3,0.76559764,0.7634151,0.77426714,0.76548904,0.0159674305468797,0.0021825433,0.0020739436,0.008669496
QLSTM,2,3,0.76436406,0.7613669,0.77218354,0.76467204,0.0159674305468797,0.00299716,0.0033051372,0.007819474
LSTM,2,3,0.94709116,0.9506677,0.96322995,0.94715166,0.0159674305468797,0.003576517,0.0035160184,0.016138792
LSTM,2,3,0.94401824,0.9465383,0.9591006,0.9441491,0.0159674305468797,0.0025200844,0.0023892522,0.015082359
LSTM,2,3,0.9409319,0.94379425,0.9563565,0.94100815,0.0159674305468797,0.0028623343,0.0027861,0.015424609
LSTM,2,3,0.93779474,0.93632483,0.95320636,0.937746,0.0159674305468797,0.0014699101,0.0014211535,0.015411615
LSTM,2,3,0.93453544,0.93096894,0.9501763,0.9344301,0.0159674305468797,0.0035665035,0.0034611821,0.015640855
LSTM,2,3,0.9291768,0.92655206,0.94709116,0.92757297,0.0159674305468797,0.0026247501,0.0010209084,0.017914355
LSTM,2,3,0.9222719,0.92275876,0.94401824,0.9204411,0.0159674305468797,0.00048685074,0.002317667,0.021746337
LSTM,2,3,0.91640526,0.9190104,0.9409319,0.9165294,0.0159674305468797,0.0026051402,0.0024809837,0.024526656
LSTM,2,3,0.91171235,0.9156144,0.93779474,0.91272277,0.0159674305468797,0.0039020777,0.0028916597,0.026082397
LSTM,2,3,0.9085827,0.9119537,0.93453544,0.90998894,0.0159674305468797,0.0033710003,0.001964748,0.025952756
LSTM,2,3,0.9051689,0.9060371,0.9291768,0.90528005,0.0159674305468797,0.00086820126,0.0007570386,0.024007916
LSTM,2,3,0.90227425,0.89844936,0.9222719,0.90268546,0.0159674305468797,0.0038248897,0.004236102,0.019997656
LSTM,2,3,0.8988908,0.8922343,0.91640526,0.898896,0.0159674305468797,0.006656468,0.0066616535,0.017514467
LSTM,2,3,0.8958525,0.8874356,0.91171235,0.8961875,0.0159674305468797,0.008416891,0.008751869,0.015859842
LSTM,2,3,0.8919328,0.8848063,0.9085827,0.8914021,0.0159674305468797,0.00712651,0.00659585,0.016649902
LSTM,2,3,0.8891122,0.88154113,0.9051689,0.8896903,0.0159674305468797,0.0075710416,0.008149147,0.016056716
LSTM,2,3,0.8861076,0.87937313,0.90227425,0.88629025,0.0159674305468797,0.0067344904,0.006917119,0.016166627
LSTM,2,3,0.8819099,0.8765507,0.8988908,0.88103974,0.0159674305468797,0.0053592324,0.004489064,0.016980886
LSTM,2,3,0.8790706,0.8745786,0.8958525,0.87969923,0.0159674305468797,0.004491985,0.005120635,0.016781926
LSTM,2,3,0.8762748,0.8719155,0.8919328,0.87666124,0.0159674305468797,0.004359305,0.004745722,0.015657961
LSTM,2,3,0.872408,0.87102395,0.8891122,0.87174773,0.0159674305468797,0.0013840199,0.0007237792,0.016704202
LSTM,2,3,0.86526614,0.87018573,0.8861076,0.8624062,0.0159674305468797,0.0049195886,0.0077795386,0.02084148
LSTM,2,3,0.8608671,0.86934763,0.8819099,0.86182165,0.0159674305468797,0.008480549,0.0075259805,0.021042824
LSTM,2,3,0.8576978,0.86486214,0.8790706,0.8593217,0.0159674305468797,0.007164359,0.0055404305,0.021372795
LSTM,2,3,0.85427564,0.86006707,0.8762748,0.85451627,0.0159674305468797,0.0057914257,0.0055508018,0.02199918
LSTM,2,3,0.8526115,0.85521966,0.872408,0.8536688,0.0159674305468797,0.00260818,0.0015508533,0.01979649
LSTM,2,3,0.8506136,0.8460486,0.86526614,0.85089236,0.0159674305468797,0.0045650005,0.0048437715,0.01465255
LSTM,2,3,0.8474032,0.84301126,0.8608671,0.84684116,0.0159674305468797,0.0043919683,0.0038298965,0.013463855
LSTM,2,3,0.8450784,0.84056133,0.8576978,0.8454967,0.0159674305468797,0.0045170784,0.004935384,0.012619376
LSTM,2,3,0.8427622,0.8358689,0.85427564,0.84297687,0.0159674305468797,0.006893277,0.007107973,0.011513472
LSTM,2,3,0.8403153,0.8349402,0.8526115,0.8403548,0.0159674305468797,0.0053750873,0.005414605,0.0122962
LSTM,2,3,0.8366915,0.8335235,0.8506136,0.8357395,0.0159674305468797,0.0031679869,0.0022159815,0.013922095
LSTM,2,3,0.8340073,0.83003324,0.8474032,0.83432037,0.0159674305468797,0.00397408,0.0042871237,0.0133959055
LSTM,2,3,0.83012605,0.8279126,0.8450784,0.8294981,0.0159674305468797,0.0022134185,0.0015854836,0.014952362
LSTM,2,3,0.82451326,0.8258778,0.8427622,0.82287145,0.0159674305468797,0.0013645291,0.003006339,0.018248916
LSTM,2,3,0.8205257,0.822689,0.8403153,0.82102644,0.0159674305468797,0.002163291,0.0016625524,0.019789577
LSTM,2,3,0.81652045,0.8174576,0.8366915,0.816826,0.0159674305468797,0.00093716383,0.0006316304,0.020171046
LSTM,2,3,0.8148714,0.8153361,0.8340073,0.8167018,0.0159674305468797,0.00046473742,0.0013657212,0.019135952
LSTM,2,3,0.81345004,0.8130946,0.83012605,0.8141966,0.0159674305468797,0.0003554225,0.0011019707,0.016676009
LSTM,2,3,0.81083125,0.8069501,0.82451326,0.8101337,0.0159674305468797,0.0038811564,0.0031836033,0.013682008
LSTM,2,3,0.80949235,0.80303305,0.8205257,0.81030625,0.0159674305468797,0.0064592957,0.007273197,0.011033356
LSTM,2,3,0.8077907,0.79886377,0.81652045,0.8080365,0.0159674305468797,0.008926928,0.009172738,0.008729756
LSTM,2,3,0.80534774,0.7972684,0.8148714,0.8048893,0.0159674305468797,0.00807935,0.0076209307,0.00952363
LSTM,2,3,0.8030789,0.797338,0.81345004,0.8029198,0.0159674305468797,0.005740881,0.005581796,0.010371149
LSTM,2,3,0.8005687,0.79407394,0.81083125,0.800389,0.0159674305468797,0.0064947605,0.0063150525,0.010262549
LSTM,2,3,0.7971,0.7915651,0.80949235,0.79640245,0.0159674305468797,0.0055348873,0.004837334,0.012392342
LSTM,2,3,0.79504216,0.79026824,0.8077907,0.7957418,0.0159674305468797,0.004773915,0.005473554,0.012748539
LSTM,2,3,0.7930921,0.7889844,0.80534774,0.7934631,0.0159674305468797,0.004107654,0.004478693,0.012255669
LSTM,2,3,0.79065055,0.7869005,0.8030789,0.79038876,0.0159674305468797,0.0037500262,0.0034882426,0.012428343
LSTM,2,3,0.7893399,0.78476727,0.8005687,0.79002094,0.0159674305468797,0.00457263,0.0052536726,0.0112288
LSTM,2,3,0.7877192,0.78187895,0.7971,0.7878335,0.0159674305468797,0.005840242,0.0059545636,0.009380817
LSTM,2,3,0.786637,0.7785646,0.79504216,0.78712314,0.0159674305468797,0.008072436,0.008558571,0.008405149
LSTM,2,3,0.78650844,0.7769241,0.7930921,0.7873916,0.0159674305468797,0.009584367,0.010467529,0.006583631
LSTM,2,3,0.78556013,0.7750368,0.79065055,0.7853034,0.0159674305468797,0.010523319,0.010266602,0.0050904155
LSTM,2,3,0.7831945,0.7733247,0.7893399,0.7820286,0.0159674305468797,0.009869754,0.008703887,0.0061454177
LSTM,2,3,0.78296524,0.7726179,0.7877192,0.78414637,0.0159674305468797,0.010347366,0.011528492,0.0047539473
LSTM,2,3,0.78112465,0.7733794,0.786637,0.7805529,0.0159674305468797,0.007745266,0.007173538,0.0055123568
LSTM,2,3,0.7789756,0.7717322,0.78650844,0.77837384,0.0159674305468797,0.007243395,0.0066416264,0.007532835
LSTM,2,3,0.77641225,0.77115107,0.78556013,0.77577835,0.0159674305468797,0.005261183,0.0046272874,0.009147882
LSTM,2,3,0.77426714,0.7689581,0.7831945,0.7744358,0.0159674305468797,0.0053090453,0.0054777265,0.008927345
LSTM,2,3,0.77218354,0.76831144,0.78296524,0.77238137,0.0159674305468797,0.0038720965,0.0040699244,0.010781705
LSTM,2,3,0.7701503,0.7672558,0.78112465,0.77008814,0.0159674305468797,0.0028945208,0.002832353,0.010974348
LSTM,2,3,0.76885885,0.76532584,0.7789756,0.76934254,0.0159674305468797,0.0035330057,0.0040166974,0.010116756
LSTM,2,3,0.7673165,0.762785,0.77641225,0.76739115,0.0159674305468797,0.0045315027,0.0046061277,0.009095728
LSTM,2,3,0.76559764,0.7605503,0.77426714,0.76548904,0.0159674305468797,0.0050473213,0.0049387217,0.008669496
LSTM,2,3,0.76436406,0.75886124,0.77218354,0.76467204,0.0159674305468797,0.00550282,0.005810797,0.007819474
GRU,2,3,0.94709116,0.9418445,0.96322995,0.94715166,0.0159674305468797,0.0052466393,0.005307138,0.016138792
GRU,2,3,0.94401824,0.9376413,0.9591006,0.9441491,0.0159674305468797,0.006376922,0.0065077543,0.015082359
GRU,2,3,0.9409319,0.93492335,0.9563565,0.94100815,0.0159674305468797,0.0060085654,0.0060847998,0.015424609
GRU,2,3,0.93779474,0.93060404,0.95320636,0.937746,0.0159674305468797,0.0071907043,0.0071419477,0.015411615
GRU,2,3,0.93453544,0.9265744,0.9501763,0.9344301,0.0159674305468797,0.007961035,0.007855713,0.015640855
GRU,2,3,0.9291768,0.9231426,0.94709116,0.92757297,0.0159674305468797,0.0060341954,0.0044303536,0.017914355
GRU,2,3,0.9222719,0.92020017,0.94401824,0.9204411,0.0159674305468797,0.0020717382,0.00024092197,0.021746337
GRU,2,3,0.91640526,0.91675544,0.9409319,0.9165294,0.0159674305468797,0.0003501773,0.00022602081,0.024526656
GRU,2,3,0.91171235,0.91255546,0.93779474,0.91272277,0.0159674305468797,0.0008431077,0.00016731024,0.026082397
GRU,2,3,0.9085827,0.90787756,0.93453544,0.90998894,0.0159674305468797,0.00070512295,0.0021113753,0.025952756
GRU,2,3,0.9051689,0.8998278,0.9291768,0.90528005,0.0159674305468797,0.0053411126,0.0054522753,0.024007916
GRU,2,3,0.90227425,0.88947487,0.9222719,0.90268546,0.0159674305468797,0.012799382,0.013210595,0.019997656
GRU,2,3,0.8988908,0.8852839,0.91640526,0.898896,0.0159674305468797,0.013606906,0.013612092,0.017514467
GRU,2,3,0.8958525,0.8822279,0.91171235,0.8961875,0.0159674305468797,0.0136246085,0.013959587,0.015859842
GRU,2,3,0.8919328,0.881332,0.9085827,0.8914021,0.0159674305468797,0.010600805,0.010070145,0.016649902
GRU,2,3,0.8891122,0.87903523,0.9051689,0.8896903,0.0159674305468797,0.01007694,0.0106550455,0.016056716
GRU,2,3,0.8861076,0.87788576,0.90227425,0.88629025,0.0159674305468797,0.008221865,0.008404493,0.016166627
GRU,2,3,0.8819099,0.8751845,0.8988908,0.88103974,0.0159674305468797,0.0067254305,0.0058552623,0.016980886
GRU,2,3,0.8790706,0.8736561,0.8958525,0.87969923,0.0159674305468797,0.005414486,0.006043136,0.016781926
GRU,2,3,0.8762748,0.8697197,0.8919328,0.87666124,0.0159674305468797,0.00655514,0.006941557,0.015657961
GRU,2,3,0.872408,0.8684384,0.8891122,0.87174773,0.0159674305468797,0.00396955,0.0033093095,0.016704202
GRU,2,3,0.86526614,0.86616296,0.8861076,0.8624062,0.0159674305468797,0.0008968115,0.0037567616,0.02084148
GRU,2,3,0.8608671,0.86107177,0.8819099,0.86182165,0.0159674305468797,0.00020468235,0.00074988604,0.021042824
GRU,2,3,0.8576978,0.85971564,0.8790706,0.8593217,0.0159674305468797,0.0020178556,0.0003939271,0.021372795
GRU,2,3,0.85427564,0.85715586,0.8762748,0.85451627,0.0159674305468797,0.0028802156,0.0026395917,0.02199918
GRU,2,3,0.8526115,0.85199064,0.872408,0.8536688,0.0159674305468797,0.000620842,0.0016781688,0.01979649
GRU,2,3,0.8506136,0.84454715,0.86526614,0.85089236,0.0159674305468797,0.0060664415,0.0063452125,0.01465255
GRU,2,3,0.8474032,0.84064144,0.8608671,0.84684116,0.0159674305468797,0.0067617893,0.0061997175,0.013463855
GRU,2,3,0.8450784,0.8401053,0.8576978,0.8454967,0.0159674305468797,0.0049731135,0.005391419,0.012619376
GRU,2,3,0.8427622,0.8344284,0.85427564,0.84297687,0.0159674305468797,0.008333743,0.008548439,0.011513472
GRU,2,3,0.8403153,0.8309136,0.8526115,0.8403548,0.0159674305468797,0.009401679,0.009441197,0.0122962
GRU,2,3,0.8366915,0.82825166,0.8506136,0.8357395,0.0159674305468797,0.008439839,0.0074878335,0.013922095
GRU,2,3,0.8340073,0.82660425,0.8474032,0.83432037,0.0159674305468797,0.0074030757,0.0077161193,0.0133959055
GRU,2,3,0.83012605,0.82391524,0.8450784,0.8294981,0.0159674305468797,0.006210804,0.005582869,0.014952362
GRU,2,3,0.82451326,0.8212549,0.8427622,0.82287145,0.0159674305468797,0.0032583475,0.0016165376,0.018248916
GRU,2,3,0.8205257,0.81936693,0.8403153,0.82102644,0.0159674305468797,0.0011587739,0.0016595125,0.019789577
GRU,2,3,0.81652045,0.8157062,0.8366915,0.816826,0.0159674305468797,0.00081425905,0.0011197925,0.020171046
GRU,2,3,0.8148714,0.812797,0.8340073,0.8167018,0.0159674305468797,0.0020743608,0.0039048195,0.019135952
GRU,2,3,0.81345004,0.81120485,0.83012605,0.8141966,0.0159674305468797,0.0022451878,0.002991736,0.016676009
GRU,2,3,0.81083125,0.8066127,0.82451326,0.8101337,0.0159674305468797,0.0042185783,0.0035210252,0.013682008
GRU,2,3,0.80949235,0.8022296,0.8205257,0.81030625,0.0159674305468797,0.0072627664,0.008076668,0.011033356
GRU,2,3,0.8077907,0.7982007,0.81652045,0.8080365,0.0159674305468797,0.00958997,0.00983578,0.008729756
GRU,2,3,0.80534774,0.79586846,0.8148714,0.8048893,0.0159674305468797,0.009479284,0.009020865,0.00952363
GRU,2,3,0.8030789,0.7939569,0.81345004,0.8029198,0.0159674305468797,0.009122014,0.008962929,0.010371149
GRU,2,3,0.8005687,0.7937823,0.81083125,0.800389,0.0159674305468797,0.006786406,0.006606698,0.010262549
GRU,2,3,0.7971,0.7916065,0.80949235,0.79640245,0.0159674305468797,0.0054935217,0.0047959685,0.012392342
GRU,2,3,0.79504216,0.78947484,0.8077907,0.7957418,0.0159674305468797,0.0055673122,0.0062669516,0.012748539
GRU,2,3,0.7930921,0.78896356,0.80534774,0.7934631,0.0159674305468797,0.0041285157,0.0044995546,0.012255669
GRU,2,3,0.79065055,0.78643376,0.8030789,0.79038876,0.0159674305468797,0.00421679,0.0039550066,0.012428343
GRU,2,3,0.7893399,0.78406554,0.8005687,0.79002094,0.0159674305468797,0.0052743554,0.005955398,0.0112288
GRU,2,3,0.7877192,0.7839361,0.7971,0.7878335,0.0159674305468797,0.0037831068,0.0038974285,0.009380817
GRU,2,3,0.786637,0.78095967,0.79504216,0.78712314,0.0159674305468797,0.0056773424,0.006163478,0.008405149
GRU,2,3,0.78650844,0.77847797,0.7930921,0.7873916,0.0159674305468797,0.008030474,0.008913636,0.006583631
GRU,2,3,0.78556013,0.77796656,0.79065055,0.7853034,0.0159674305468797,0.007593572,0.007336855,0.0050904155
GRU,2,3,0.7831945,0.77539104,0.7893399,0.7820286,0.0159674305468797,0.00780344,0.0066375732,0.0061454177
GRU,2,3,0.78296524,0.7734546,0.7877192,0.78414637,0.0159674305468797,0.009510636,0.010691762,0.0047539473
GRU,2,3,0.78112465,0.7745551,0.786637,0.7805529,0.0159674305468797,0.0065695643,0.0059978366,0.0055123568
GRU,2,3,0.7789756,0.77350813,0.78650844,0.77837384,0.0159674305468797,0.0054674745,0.004865706,0.007532835
GRU,2,3,0.77641225,0.77219504,0.78556013,0.77577835,0.0159674305468797,0.0042172074,0.003583312,0.009147882
GRU,2,3,0.77426714,0.7729681,0.7831945,0.7744358,0.0159674305468797,0.0012990236,0.0014677048,0.008927345
GRU,2,3,0.77218354,0.7712577,0.78296524,0.77238137,0.0159674305468797,0.00092583895,0.0011236668,0.010781705
GRU,2,3,0.7701503,0.76910436,0.78112465,0.77008814,0.0159674305468797,0.0010459423,0.0009837747,0.010974348
GRU,2,3,0.76885885,0.76854295,0.7789756,0.76934254,0.0159674305468797,0.00031590462,0.0007995963,0.010116756
GRU,2,3,0.7673165,0.76685923,0.77641225,0.76739115,0.0159674305468797,0.00045728683,0.00053191185,0.009095728
GRU,2,3,0.76559764,0.7636127,0.77426714,0.76548904,0.0159674305468797,0.0019849539,0.0018763542,0.008669496
GRU,2,3,0.76436406,0.7624294,0.77218354,0.76467204,0.0159674305468797,0.0019346476,0.0022426248,0.007819474
MLP,2,3,0.94709116,0.9386357,0.96322995,0.94715166,0.0159674305468797,0.008455455,0.008515954,0.016138792
MLP,2,3,0.94401824,0.9334588,0.9591006,0.9441491,0.0159674305468797,0.01055944,0.010690272,0.015082359
MLP,2,3,0.9409319,0.93602955,0.9563565,0.94100815,0.0159674305468797,0.004902363,0.004978597,0.015424609
MLP,2,3,0.93779474,0.93807393,0.95320636,0.937746,0.0159674305468797,0.00027918816,0.00032794476,0.015411615
MLP,2,3,0.93453544,0.90658844,0.9501763,0.9344301,0.0159674305468797,0.027947009,0.027841687,0.015640855
MLP,2,3,0.9291768,0.9124161,0.94709116,0.92757297,0.0159674305468797,0.016760707,0.015156865,0.017914355
MLP,2,3,0.9222719,0.91146106,0.94401824,0.9204411,0.0159674305468797,0.010810852,0.008980036,0.021746337
MLP,2,3,0.91640526,0.9102424,0.9409319,0.9165294,0.0159674305468797,0.006162882,0.0062870383,0.024526656
MLP,2,3,0.91171235,0.90679395,0.93779474,0.91272277,0.0159674305468797,0.0049183965,0.0059288144,0.026082397
MLP,2,3,0.9085827,0.904235,0.93453544,0.90998894,0.0159674305468797,0.004347682,0.0057539344,0.025952756
MLP,2,3,0.9051689,0.8976589,0.9291768,0.90528005,0.0159674305468797,0.0075100064,0.007621169,0.024007916
MLP,2,3,0.90227425,0.8901976,0.9222719,0.90268546,0.0159674305468797,0.012076676,0.012487888,0.019997656
MLP,2,3,0.8988908,0.8861861,0.91640526,0.898896,0.0159674305468797,0.01270467,0.012709856,0.017514467
MLP,2,3,0.8958525,0.8843175,0.91171235,0.8961875,0.0159674305468797,0.011534989,0.011869967,0.015859842
MLP,2,3,0.8919328,0.8819614,0.9085827,0.8914021,0.0159674305468797,0.00997138,0.00944072,0.016649902
MLP,2,3,0.8891122,0.87852514,0.9051689,0.8896903,0.0159674305468797,0.010587037,0.011165142,0.016056716
MLP,2,3,0.8861076,0.87540007,0.90227425,0.88629025,0.0159674305468797,0.010707557,0.010890186,0.016166627
MLP,2,3,0.8819099,0.8740084,0.8988908,0.88103974,0.0159674305468797,0.00790149,0.0070313215,0.016980886
MLP,2,3,0.8790706,0.86860394,0.8958525,0.87969923,0.0159674305468797,0.010466635,0.011095285,0.016781926
MLP,2,3,0.8762748,0.8677998,0.8919328,0.87666124,0.0159674305468797,0.008475006,0.008861423,0.015657961
MLP,2,3,0.872408,0.86280435,0.8891122,0.87174773,0.0159674305468797,0.00960362,0.008943379,0.016704202
MLP,2,3,0.86526614,0.86259276,0.8861076,0.8624062,0.0159674305468797,0.0026733875,0.00018656254,0.02084148
MLP,2,3,0.8608671,0.8578422,0.8819099,0.86182165,0.0159674305468797,0.0030248761,0.0039794445,0.021042824
MLP,2,3,0.8576978,0.85736907,0.8790706,0.8593217,0.0159674305468797,0.00032871962,0.0019526482,0.021372795
MLP,2,3,0.85427564,0.8526121,0.8762748,0.85451627,0.0159674305468797,0.0016635656,0.0019041896,0.02199918
MLP,2,3,0.8526115,0.84855604,0.872408,0.8536688,0.0159674305468797,0.0040554404,0.005112767,0.01979649
MLP,2,3,0.8506136,0.84431505,0.86526614,0.85089236,0.0159674305468797,0.006298542,0.006577313,0.01465255
MLP,2,3,0.8474032,0.8433246,0.8608671,0.84684116,0.0159674305468797,0.0040786266,0.0035165548,0.013463855
MLP,2,3,0.8450784,0.83580524,0.8576978,0.8454967,0.0159674305468797,0.009273171,0.009691477,0.012619376
MLP,2,3,0.8427622,0.8347243,0.85427564,0.84297687,0.0159674305468797,0.008037865,0.008252561,0.011513472
MLP,2,3,0.8403153,0.82875365,0.8526115,0.8403548,0.0159674305468797,0.011561632,0.01160115,0.0122962
MLP,2,3,0.8366915,0.83257824,0.8506136,0.8357395,0.0159674305468797,0.004113257,0.0031612515,0.013922095
MLP,2,3,0.8340073,0.82337034,0.8474032,0.83432037,0.0159674305468797,0.010636985,0.010950029,0.0133959055
MLP,2,3,0.83012605,0.8236227,0.8450784,0.8294981,0.0159674305468797,0.0065033436,0.0058754086,0.014952362
MLP,2,3,0.82451326,0.8237765,0.8427622,0.82287145,0.0159674305468797,0.000736773,0.0009050369,0.018248916
MLP,2,3,0.8205257,0.8198975,0.8403153,0.82102644,0.0159674305468797,0.00062823296,0.0011289716,0.019789577
MLP,2,3,0.81652045,0.8183879,0.8366915,0.816826,0.0159674305468797,0.0018674731,0.0015619397,0.020171046
MLP,2,3,0.8148714,0.81292117,0.8340073,0.8167018,0.0159674305468797,0.0019502044,0.003780663,0.019135952
MLP,2,3,0.81345004,0.8124307,0.83012605,0.8141966,0.0159674305468797,0.0010193586,0.0017659068,0.016676009
MLP,2,3,0.81083125,0.80907047,0.82451326,0.8101337,0.0159674305468797,0.0017607808,0.0010632277,0.013682008
MLP,2,3,0.80949235,0.8067704,0.8205257,0.81030625,0.0159674305468797,0.0027219653,0.0035358667,0.011033356
MLP,2,3,0.8077907,0.80528975,0.81652045,0.8080365,0.0159674305468797,0.0025009513,0.0027467608,0.008729756
MLP,2,3,0.80534774,0.8012553,0.8148714,0.8048893,0.0159674305468797,0.004092455,0.0036340356,0.00952363
MLP,2,3,0.8030789,0.7987309,0.81345004,0.8029198,0.0159674305468797,0.00434798,0.004188895,0.010371149
MLP,2,3,0.8005687,0.7951603,0.81083125,0.800389,0.0159674305468797,0.0054084063,0.0052286983,0.010262549
MLP,2,3,0.7971,0.7942618,0.80949235,0.79640245,0.0159674305468797,0.0028381944,0.0021406412,0.012392342
MLP,2,3,0.79504216,0.7898135,0.8077907,0.7957418,0.0159674305468797,0.0052286386,0.005928278,0.012748539
MLP,2,3,0.7930921,0.7866779,0.80534774,0.7934631,0.0159674305468797,0.006414175,0.006785214,0.012255669
MLP,2,3,0.79065055,0.78482753,0.8030789,0.79038876,0.0159674305468797,0.005823016,0.0055612326,0.012428343
MLP,2,3,0.7893399,0.78287715,0.8005687,0.79002094,0.0159674305468797,0.006462753,0.0071437955,0.0112288
MLP,2,3,0.7877192,0.7841521,0.7971,0.7878335,0.0159674305468797,0.0035670996,0.0036814213,0.009380817
MLP,2,3,0.786637,0.7815754,0.79504216,0.78712314,0.0159674305468797,0.0050616264,0.005547762,0.008405149
MLP,2,3,0.78650844,0.77904063,0.7930921,0.7873916,0.0159674305468797,0.0074678063,0.008350968,0.006583631
MLP,2,3,0.78556013,0.7748488,0.79065055,0.7853034,0.0159674305468797,0.010711312,0.010454595,0.0050904155
MLP,2,3,0.7831945,0.7739803,0.7893399,0.7820286,0.0159674305468797,0.009214163,0.008048296,0.0061454177
MLP,2,3,0.78296524,0.7706329,0.7877192,0.78414637,0.0159674305468797,0.01233232,0.013513446,0.0047539473
MLP,2,3,0.78112465,0.7723026,0.786637,0.7805529,0.0159674305468797,0.008822024,0.008250296,0.0055123568
MLP,2,3,0.7789756,0.7718407,0.78650844,0.77837384,0.0159674305468797,0.0071349144,0.006533146,0.007532835
MLP,2,3,0.77641225,0.7723003,0.78556013,0.77577835,0.0159674305468797,0.0041119456,0.0034780502,0.009147882
MLP,2,3,0.77426714,0.7682863,0.7831945,0.7744358,0.0159674305468797,0.0059808493,0.0061495304,0.008927345
MLP,2,3,0.77218354,0.77123225,0.78296524,0.77238137,0.0159674305468797,0.00095129013,0.001149118,0.010781705
MLP,2,3,0.7701503,0.7650849,0.78112465,0.77008814,0.0159674305468797,0.0050653815,0.005003214,0.010974348
MLP,2,3,0.76885885,0.76389253,0.7789756,0.76934254,0.0159674305468797,0.0049663186,0.0054500103,0.010116756
MLP,2,3,0.7673165,0.76564205,0.77641225,0.76739115,0.0159674305468797,0.0016744733,0.0017490983,0.009095728
MLP,2,3,0.76559764,0.76048344,0.77426714,0.76548904,0.0159674305468797,0.0051141977,0.005005598,0.008669496
MLP,2,3,0.76436406,0.76210827,0.77218354,0.76467204,0.0159674305468797,0.0022557974,0.0025637746,0.007819474
Seq2Seq,2,3,0.94709116,0.94256765,0.96322995,0.94715166,0.0159674305468797,0.0045235157,0.0045840144,0.016138792
Seq2Seq,2,3,0.94401824,0.93926364,0.9591006,0.9441491,0.0159674305468797,0.004754603,0.004885435,0.015082359
Seq2Seq,2,3,0.9409319,0.93321127,0.9563565,0.94100815,0.0159674305468797,0.0077206492,0.0077968836,0.015424609
Seq2Seq,2,3,0.93779474,0.92897815,0.95320636,0.937746,0.0159674305468797,0.0088166,0.008767843,0.015411615
Seq2Seq,2,3,0.93453544,0.9254175,0.9501763,0.9344301,0.0159674305468797,0.009117961,0.0090126395,0.015640855
Seq2Seq,2,3,0.9291768,0.92191976,0.94709116,0.92757297,0.0159674305468797,0.0072570443,0.0056532025,0.017914355
Seq2Seq,2,3,0.9222719,0.91856503,0.94401824,0.9204411,0.0159674305468797,0.0037068725,0.0018760562,0.021746337
Seq2Seq,2,3,0.91640526,0.9141323,0.9409319,0.9165294,0.0159674305468797,0.0022729635,0.00239712,0.024526656
Seq2Seq,2,3,0.91171235,0.91119874,0.93779474,0.91272277,0.0159674305468797,0.0005136132,0.0015240312,0.026082397
Seq2Seq,2,3,0.9085827,0.90809906,0.93453544,0.90998894,0.0159674305468797,0.0004836321,0.0018898845,0.025952756
Seq2Seq,2,3,0.9051689,0.90311915,0.9291768,0.90528005,0.0159674305468797,0.0020497441,0.0021609068,0.024007916
Seq2Seq,2,3,0.90227425,0.896669,0.9222719,0.90268546,0.0159674305468797,0.0056052804,0.006016493,0.019997656
Seq2Seq,2,3,0.8988908,0.8913574,0.91640526,0.898896,0.0159674305468797,0.0075333714,0.007538557,0.017514467
Seq2Seq,2,3,0.8958525,0.88727635,0.91171235,0.8961875,0.0159674305468797,0.008576155,0.008911133,0.015859842
Seq2Seq,2,3,0.8919328,0.8849425,0.9085827,0.8914021,0.0159674305468797,0.0069903135,0.0064596534,0.016649902
Seq2Seq,2,3,0.8891122,0.88213384,0.9051689,0.8896903,0.0159674305468797,0.006978333,0.0075564384,0.016056716
Seq2Seq,2,3,0.8861076,0.87998146,0.90227425,0.88629025,0.0159674305468797,0.0061261654,0.006308794,0.016166627
Seq2Seq,2,3,0.8819099,0.87707204,0.8988908,0.88103974,0.0159674305468797,0.0048378706,0.0039677024,0.016980886
Seq2Seq,2,3,0.8790706,0.87460816,0.8958525,0.87969923,0.0159674305468797,0.004462421,0.005091071,0.016781926
Seq2Seq,2,3,0.8762748,0.8710789,0.8919328,0.87666124,0.0159674305468797,0.0051959157,0.0055823326,0.015657961
Seq2Seq,2,3,0.872408,0.8688338,0.8891122,0.87174773,0.0159674305468797,0.0035741925,0.0029139519,0.016704202
Seq2Seq,2,3,0.86526614,0.86623263,0.8861076,0.8624062,0.0159674305468797,0.0009664893,0.0038264394,0.02084148
Seq2Seq,2,3,0.8608671,0.8622242,0.8819099,0.86182165,0.0159674305468797,0.0013571382,0.00040256977,0.021042824
Seq2Seq,2,3,0.8576978,0.8601329,0.8790706,0.8593217,0.0159674305468797,0.0024350882,0.0008111596,0.021372795
Seq2Seq,2,3,0.85427564,0.85766697,0.8762748,0.85451627,0.0159674305468797,0.0033913255,0.0031507015,0.02199918
Seq2Seq,2,3,0.8526115,0.8541261,0.872408,0.8536688,0.0159674305468797,0.0015146136,0.00045728683,0.01979649
Seq2Seq,2,3,0.8506136,0.84613144,0.86526614,0.85089236,0.0159674305468797,0.00448215,0.004760921,0.01465255
Seq2Seq,2,3,0.8474032,0.843286,0.8608671,0.84684116,0.0159674305468797,0.0041172504,0.0035551786,0.013463855
Seq2Seq,2,3,0.8450784,0.84013855,0.8576978,0.8454967,0.0159674305468797,0.004939854,0.0053581595,0.012619376
Seq2Seq,2,3,0.8427622,0.8368911,0.85427564,0.84297687,0.0159674305468797,0.0058710575,0.0060857534,0.011513472
Seq2Seq,2,3,0.8403153,0.8354588,0.8526115,0.8403548,0.0159674305468797,0.0048564672,0.004895985,0.0122962
Seq2Seq,2,3,0.8366915,0.83350253,0.8506136,0.8357395,0.0159674305468797,0.0031889677,0.0022369623,0.013922095
Seq2Seq,2,3,0.8340073,0.83064884,0.8474032,0.83432037,0.0159674305468797,0.0033584833,0.003671527,0.0133959055
Seq2Seq,2,3,0.83012605,0.8277681,0.8450784,0.8294981,0.0159674305468797,0.0023579597,0.0017300248,0.014952362
Seq2Seq,2,3,0.82451326,0.8260328,0.8427622,0.82287145,0.0159674305468797,0.0015195608,0.0031613708,0.018248916
Seq2Seq,2,3,0.8205257,0.82361424,0.8403153,0.82102644,0.0159674305468797,0.0030885339,0.0025877953,0.019789577
Seq2Seq,2,3,0.81652045,0.8193171,0.8366915,0.816826,0.0159674305468797,0.00279665,0.0024911165,0.020171046
Seq2Seq,2,3,0.8148714,0.8171267,0.8340073,0.8167018,0.0159674305468797,0.0022553205,0.0004248619,0.019135952
Seq2Seq,2,3,0.81345004,0.8147995,0.83012605,0.8141966,0.0159674305468797,0.0013494492,0.000602901,0.016676009
Seq2Seq,2,3,0.81083125,0.8092179,0.82451326,0.8101337,0.0159674305468797,0.0016133785,0.00091582537,0.013682008
Seq2Seq,2,3,0.80949235,0.8053341,0.8205257,0.81030625,0.0159674305468797,0.0041582584,0.00497216,0.011033356
Seq2Seq,2,3,0.8077907,0.80158347,0.81652045,0.8080365,0.0159674305468797,0.0062072277,0.0064530373,0.008729756
Seq2Seq,2,3,0.80534774,0.800383,0.8148714,0.8048893,0.0159674305468797,0.004964769,0.0045063496,0.00952363
Seq2Seq,2,3,0.8030789,0.7994317,0.81345004,0.8029198,0.0159674305468797,0.0036472082,0.0034881234,0.010371149
Seq2Seq,2,3,0.8005687,0.79688317,0.81083125,0.800389,0.0159674305468797,0.003685534,0.003505826,0.010262549
Seq2Seq,2,3,0.7971,0.7945499,0.80949235,0.79640245,0.0159674305468797,0.0025501251,0.001852572,0.012392342
Seq2Seq,2,3,0.79504216,0.79244083,0.8077907,0.7957418,0.0159674305468797,0.0026013255,0.0033009648,0.012748539
Seq2Seq,2,3,0.7930921,0.791956,0.80534774,0.7934631,0.0159674305468797,0.0011360645,0.0015071034,0.012255669
Seq2Seq,2,3,0.79065055,0.78952473,0.8030789,0.79038876,0.0159674305468797,0.0011258125,0.00086402893,0.012428343
Seq2Seq,2,3,0.7893399,0.7867332,0.8005687,0.79002094,0.0159674305468797,0.00260669,0.0032877326,0.0112288
Seq2Seq,2,3,0.7877192,0.78612584,0.7971,0.7878335,0.0159674305468797,0.0015933514,0.0017076731,0.009380817
Seq2Seq,2,3,0.786637,0.78271174,0.79504216,0.78712314,0.0159674305468797,0.003925264,0.0044113994,0.008405149
Seq2Seq,2,3,0.78650844,0.7807853,0.7930921,0.7873916,0.0159674305468797,0.005723119,0.006606281,0.006583631
Seq2Seq,2,3,0.78556013,0.78019387,0.79065055,0.7853034,0.0159674305468797,0.005366266,0.0051095486,0.0050904155
Seq2Seq,2,3,0.7831945,0.7776114,0.7893399,0.7820286,0.0159674305468797,0.0055831075,0.0044172406,0.0061454177
Seq2Seq,2,3,0.78296524,0.775747,0.7877192,0.78414637,0.0159674305468797,0.0072182417,0.008399367,0.0047539473
Seq2Seq,2,3,0.78112465,0.7773704,0.786637,0.7805529,0.0159674305468797,0.0037542582,0.0031825304,0.0055123568
Seq2Seq,2,3,0.7789756,0.7751225,0.78650844,0.77837384,0.0159674305468797,0.0038530827,0.0032513142,0.007532835
Seq2Seq,2,3,0.77641225,0.7736199,0.78556013,0.77577835,0.0159674305468797,0.0027923584,0.002158463,0.009147882
Seq2Seq,2,3,0.77426714,0.7741607,0.7831945,0.7744358,0.0159674305468797,0.000106453896,0.00027513504,0.008927345
Seq2Seq,2,3,0.77218354,0.77220994,0.78296524,0.77238137,0.0159674305468797,2.6404858e-05,0.00017142296,0.010781705
Seq2Seq,2,3,0.7701503,0.7703729,0.78112465,0.77008814,0.0159674305468797,0.00022262335,0.000284791,0.010974348
Seq2Seq,2,3,0.76885885,0.76920456,0.7789756,0.76934254,0.0159674305468797,0.00034570694,0.00013798475,0.010116756
Seq2Seq,2,3,0.7673165,0.7671216,0.77641225,0.76739115,0.0159674305468797,0.00019490719,0.0002695322,0.009095728
Seq2Seq,2,3,0.76559764,0.7639282,0.77426714,0.76548904,0.0159674305468797,0.0016694665,0.0015608668,0.008669496
Seq2Seq,2,3,0.76436406,0.7627814,0.77218354,0.76467204,0.0159674305468797,0.0015826821,0.0018906593,0.007819474
Persistence,3,2,0.94113797,0.9606321,0.9606321,0.9414375,0.016652463003993,0.019494116,0.019194603,0.019494116
Persistence,3,2,0.9375997,0.9561806,0.9561806,0.9378173,0.016652463003993,0.018580854,0.018363297,0.018580854
Persistence,3,2,0.9340181,0.95254374,0.95254374,0.93405557,0.016652463003993,0.01852566,0.018488169,0.01852566
Persistence,3,2,0.93025273,0.948457,0.948457,0.9301114,0.016652463003993,0.018204272,0.018345594,0.018204272
Persistence,3,2,0.9263759,0.94471425,0.94471425,0.92627954,0.016652463003993,0.018338323,0.018434703,0.018338323
Persistence,3,2,0.92008877,0.94113797,0.94113797,0.91825813,0.016652463003993,0.021049201,0.022879839,0.021049201
Persistence,3,2,0.91254264,0.9375997,0.9375997,0.91081816,0.016652463003993,0.025057077,0.026781559,0.025057077
Persistence,3,2,0.9060747,0.9340181,0.9340181,0.9062835,0.016652463003993,0.027943373,0.027734578,0.027943373
Persistence,3,2,0.9007882,0.93025273,0.93025273,0.9018278,0.016652463003993,0.029464543,0.028424919,0.029464543
Persistence,3,2,0.8973508,0.9263759,0.9263759,0.898967,0.016652463003993,0.029025137,0.027408898,0.029025137
Persistence,3,2,0.89371383,0.92008877,0.92008877,0.89397746,0.016652463003993,0.026374936,0.026111305,0.026374936
Persistence,3,2,0.8908685,0.91254264,0.91254264,0.89155674,0.016652463003993,0.021674156,0.020985901,0.021674156
Persistence,3,2,0.8870938,0.9060747,0.9060747,0.88687485,0.016652463003993,0.01898092,0.019199848,0.01898092
Persistence,3,2,0.8840972,0.9007882,0.9007882,0.88466233,0.016652463003993,0.01669097,0.016125858,0.01669097
Persistence,3,2,0.87969196,0.8973508,0.8973508,0.8789045,0.016652463003993,0.01765883,0.018446267,0.01765883
Persistence,3,2,0.8769984,0.89371383,0.89371383,0.8779261,0.016652463003993,0.016715407,0.01578772,0.016715407
Persistence,3,2,0.87414736,0.8908685,0.8908685,0.87450397,0.016652463003993,0.01672113,0.016364515,0.01672113
Persistence,3,2,0.86923474,0.8870938,0.8870938,0.86774975,0.016652463003993,0.017859042,0.019344032,0.017859042
Persistence,3,2,0.866317,0.8840972,0.8840972,0.8671693,0.016652463003993,0.017780244,0.016927898,0.017780244
Persistence,3,2,0.86317223,0.87969196,0.87969196,0.86350703,0.016652463003993,0.016519725,0.016184926,0.016519725
Persistence,3,2,0.8588393,0.8769984,0.8769984,0.85806805,0.016652463003993,0.018159151,0.018930376,0.018159151
Persistence,3,2,0.8562217,0.87414736,0.87414736,0.8570387,0.016652463003993,0.01792568,0.017108679,0.01792568
Persistence,3,2,0.85032076,0.86923474,0.86923474,0.84824985,0.016652463003993,0.018913984,0.020984888,0.018913984
Persistence,3,2,0.84737295,0.866317,0.866317,0.8488109,0.016652463003993,0.018944025,0.017506063,0.018944025
Persistence,3,2,0.84501934,0.86317223,0.86317223,0.84612906,0.016652463003993,0.018152893,0.017043173,0.018152893
Persistence,3,2,0.840635,0.8588393,0.8588393,0.83940315,0.016652463003993,0.018204272,0.019436121,0.018204272
Persistence,3,2,0.8386372,0.8562217,0.8562217,0.8398147,0.016652463003993,0.017584503,0.016406953,0.017584503
Persistence,3,2,0.836594,0.85032076,0.85032076,0.837187,0.016652463003993,0.013726771,0.013133764,0.013726771
Persistence,3,2,0.83278584,0.84737295,0.84737295,0.8318041,0.016652463003993,0.014587104,0.015568852,0.014587104
Persistence,3,2,0.8304052,0.84501934,0.84501934,0.83092177,0.016652463003993,0.014614165,0.014097571,0.014614165
Persistence,3,2,0.8279812,0.840635,0.840635,0.8282397,0.016652463003993,0.012653828,0.012395322,0.012653828
Persistence,3,2,0.82542586,0.8386372,0.8386372,0.8255578,0.016652463003993,0.01321131,0.013079345,0.01321131
Persistence,3,2,0.821652,0.836594,0.836594,0.82065195,0.016652463003993,0.01494199,0.015942037,0.01494199
Persistence,3,2,0.81947356,0.83278584,0.83278584,0.8202245,0.016652463003993,0.01331228,0.012561321,0.01331228
Persistence,3,2,0.81584245,0.8304052,0.8304052,0.8152558,0.016652463003993,0.014562726,0.015149355,0.014562726
Persistence,3,2,0.7852165,0.8279812,0.8279812,0.76445425,0.016652463003993,0.042764664,0.06352693,0.042764664
Persistence,3,2,0.7745726,0.82542586,0.82542586,0.7809715,0.016652463003993,0.050853252,0.044454336,0.050853252
Persistence,3,2,0.76936585,0.821652,0.821652,0.7776759,0.016652463003993,0.052286148,0.04397607,0.052286148
Persistence,3,2,0.77465296,0.81947356,0.81947356,0.7849715,0.016652463003993,0.044820607,0.03450209,0.044820607
Persistence,3,2,0.7817123,0.81584245,0.81584245,0.7851703,0.016652463003993,0.034130156,0.030672133,0.034130156
Persistence,3,2,0.78228194,0.7852165,0.7852165,0.77831256,0.016652463003993,0.002934575,0.0069039464,0.002934575
Persistence,3,2,0.7822884,0.7745726,0.7745726,0.78225696,0.016652463003993,0.0077157617,0.00768435,0.0077157617
Persistence,3,2,0.7811153,0.76936585,0.76936585,0.781134,0.016652463003993,0.011749446,0.011768162,0.011749446
Persistence,3,2,0.77862954,0.77465296,0.77465296,0.7774245,0.016652463003993,0.0039765835,0.0027715564,0.0039765835
Persistence,3,2,0.7769228,0.7817123,0.7817123,0.7765846,0.016652463003993,0.0047894716,0.0051276684,0.0047894716
Persistence,3,2,0.7747978,0.78228194,0.78228194,0.7743248,0.016652463003993,0.007484138,0.0079571605,0.007484138
Persistence,3,2,0.76932585,0.7822884,0.7822884,0.7668429,0.016652463003993,0.01296252,0.015445471,0.01296252
Persistence,3,2,0.7685439,0.7811153,0.7811153,0.77091295,0.016652463003993,0.012571394,0.010202348,0.012571394
Persistence,3,2,0.7676814,0.77862954,0.77862954,0.76865005,0.016652463003993,0.010948122,0.009979486,0.010948122
Persistence,3,2,0.76306593,0.7769228,0.7769228,0.76043946,0.016652463003993,0.013856888,0.016483366,0.013856888
Persistence,3,2,0.7626847,0.7747978,0.7747978,0.76458675,0.016652463003993,0.012113094,0.0102110505,0.012113094
Persistence,3,2,0.7614515,0.76932585,0.76932585,0.7619401,0.016652463003993,0.00787437,0.0073857307,0.00787437
Persistence,3,2,0.7592007,0.7685439,0.7685439,0.7586939,0.016652463003993,0.009343207,0.009850025,0.009343207
Persistence,3,2,0.7602192,0.7676814,0.7676814,0.7621662,0.016652463003993,0.0074622035,0.005515218,0.0074622035
Persistence,3,2,0.759819,0.76306593,0.76306593,0.7596321,0.016652463003993,0.003246963,0.0034338236,0.003246963
Persistence,3,2,0.7549537,0.7626847,0.7626847,0.75163776,0.016652463003993,0.0077310205,0.011046946,0.0077310205
Persistence,3,2,0.7519001,0.7614515,0.7614515,0.75180364,0.016652463003993,0.009551406,0.009647846,0.009551406
Persistence,3,2,0.750797,0.7592007,0.7592007,0.7525507,0.016652463003993,0.0084037185,0.006649971,0.0084037185
Persistence,3,2,0.7510644,0.7602192,0.7602192,0.7528603,0.016652463003993,0.009154797,0.0073589087,0.009154797
Persistence,3,2,0.7092285,0.759819,0.759819,0.6776149,0.016652463003993,0.050590456,0.082204044,0.050590456
Persistence,3,2,0.72760206,0.7549537,0.7549537,0.7597753,0.016652463003993,0.027351618,0.0048215985,0.027351618
Persistence,3,2,0.7418836,0.7519001,0.7519001,0.7549082,0.016652463003993,0.010016501,0.0030081272,0.010016501
Persistence,3,2,0.7436009,0.750797,0.750797,0.73637134,0.016652463003993,0.0071960688,0.014425635,0.0071960688
MQAttn-LSTM-VQR,3,2,0.94113797,0.94942737,0.9606321,0.9414375,0.016652463003993,0.008289397,0.007989883,0.019494116
MQAttn-LSTM-VQR,3,2,0.9375997,0.9446547,0.9561806,0.9378173,0.016652463003993,0.0070549846,0.0068374276,0.018580854
MQAttn-LSTM-VQR,3,2,0.9340181,0.94095576,0.95254374,0.93405557,0.016652463003993,0.0069376826,0.0069001913,0.01852566
MQAttn-LSTM-VQR,3,2,0.93025273,0.93605995,0.948457,0.9301114,0.016652463003993,0.005807221,0.0059485435,0.018204272
MQAttn-LSTM-VQR,3,2,0.9263759,0.931886,0.94471425,0.92627954,0.016652463003993,0.005510092,0.0056064725,0.018338323
MQAttn-LSTM-VQR,3,2,0.92008877,0.92781985,0.94113797,0.91825813,0.016652463003993,0.00773108,0.0095617175,0.021049201
MQAttn-LSTM-VQR,3,2,0.91254264,0.92383003,0.9375997,0.91081816,0.016652463003993,0.011287391,0.013011873,0.025057077
MQAttn-LSTM-VQR,3,2,0.9060747,0.91970557,0.9340181,0.9062835,0.016652463003993,0.013630867,0.013422072,0.027943373
MQAttn-LSTM-VQR,3,2,0.9007882,0.91550225,0.93025273,0.9018278,0.016652463003993,0.014714062,0.013674438,0.029464543
MQAttn-LSTM-VQR,3,2,0.8973508,0.9111864,0.9263759,0.898967,0.016652463003993,0.013835609,0.012219369,0.029025137
MQAttn-LSTM-VQR,3,2,0.89371383,0.9039936,0.92008877,0.89397746,0.016652463003993,0.010279775,0.010016143,0.026374936
MQAttn-LSTM-VQR,3,2,0.8908685,0.89585066,0.91254264,0.89155674,0.016652463003993,0.0049821734,0.0042939186,0.021674156
MQAttn-LSTM-VQR,3,2,0.8870938,0.88896114,0.9060747,0.88687485,0.016652463003993,0.0018673539,0.0020862818,0.01898092
MQAttn-LSTM-VQR,3,2,0.8840972,0.88340366,0.9007882,0.88466233,0.016652463003993,0.00069355965,0.0012586713,0.01669097
MQAttn-LSTM-VQR,3,2,0.87969196,0.87991214,0.8973508,0.8789045,0.016652463003993,0.00022017956,0.0010076165,0.01765883
MQAttn-LSTM-VQR,3,2,0.8769984,0.87616545,0.89371383,0.8779261,0.016652463003993,0.0008329749,0.0017606616,0.016715407
MQAttn-LSTM-VQR,3,2,0.87414736,0.87332326,0.8908685,0.87450397,0.016652463003993,0.0008240938,0.0011807084,0.01672113
MQAttn-LSTM-VQR,3,2,0.86923474,0.86965007,0.8870938,0.86774975,0.016652463003993,0.00041532516,0.0019003153,0.017859042
MQAttn-LSTM-VQR,3,2,0.866317,0.8666414,0.8840972,0.8671693,0.016652463003993,0.00032442808,0.00052791834,0.017780244
MQAttn-LSTM-VQR,3,2,0.86317223,0.8628255,0.87969196,0.86350703,0.016652463003993,0.00034672022,0.0006815195,0.016519725
MQAttn-LSTM-VQR,3,2,0.8588393,0.8598035,0.8769984,0.85806805,0.016652463003993,0.00096422434,0.0017354488,0.018159151
MQAttn-LSTM-VQR,3,2,0.8562217,0.85713637,0.87414736,0.8570387,0.016652463003993,0.0009146929,9.769201e-05,0.01792568
MQAttn-LSTM-VQR,3,2,0.85032076,0.8537639,0.86923474,0.84824985,0.016652463003993,0.003443122,0.0055140257,0.018913984
MQAttn-LSTM-VQR,3,2,0.84737295,0.8498896,0.866317,0.8488109,0.016652463003993,0.0025166273,0.0010786653,0.018944025
MQAttn-LSTM-VQR,3,2,0.84501934,0.847067,0.86317223,0.84612906,0.016652463003993,0.002047658,0.0009379387,0.018152893
MQAttn-LSTM-VQR,3,2,0.840635,0.84470785,0.8588393,0.83940315,0.016652463003993,0.004072845,0.005304694,0.018204272
MQAttn-LSTM-VQR,3,2,0.8386372,0.8408216,0.8562217,0.8398147,0.016652463003993,0.0021844506,0.0010069013,0.017584503
MQAttn-LSTM-VQR,3,2,0.836594,0.8382379,0.85032076,0.837187,0.016652463003993,0.0016438961,0.0010508895,0.013726771
MQAttn-LSTM-VQR,3,2,0.83278584,0.83346397,0.84737295,0.8318041,0.016652463003993,0.00067812204,0.0016598701,0.014587104
MQAttn-LSTM-VQR,3,2,0.8304052,0.8304484,0.84501934,0.83092177,0.016652463003993,4.3213367e-05,0.0004733801,0.014614165
MQAttn-LSTM-VQR,3,2,0.8279812,0.8310163,0.840635,0.8282397,0.016652463003993,0.0030351281,0.0027766228,0.012653828
MQAttn-LSTM-VQR,3,2,0.82542586,0.8262171,0.8386372,0.8255578,0.016652463003993,0.00079125166,0.000659287,0.01321131
MQAttn-LSTM-VQR,3,2,0.821652,0.82456726,0.836594,0.82065195,0.016652463003993,0.0029152632,0.00391531,0.01494199
MQAttn-LSTM-VQR,3,2,0.81947356,0.8244287,0.83278584,0.8202245,0.016652463003993,0.004955113,0.004204154,0.01331228
MQAttn-LSTM-VQR,3,2,0.81584245,0.81974494,0.8304052,0.8152558,0.016652463003993,0.003902495,0.004489124,0.014562726
MQAttn-LSTM-VQR,3,2,0.7852165,0.81732446,0.8279812,0.76445425,0.016652463003993,0.03210795,0.052870214,0.042764664
MQAttn-LSTM-VQR,3,2,0.7745726,0.81509864,0.82542586,0.7809715,0.016652463003993,0.040526032,0.034127116,0.050853252
MQAttn-LSTM-VQR,3,2,0.76936585,0.81542945,0.821652,0.7776759,0.016652463003993,0.046063602,0.037753522,0.052286148
MQAttn-LSTM-VQR,3,2,0.77465296,0.8100871,0.81947356,0.7849715,0.016652463003993,0.035434127,0.02511561,0.044820607
MQAttn-LSTM-VQR,3,2,0.7817123,0.8074638,0.81584245,0.7851703,0.016652463003993,0.025751531,0.022293508,0.034130156
MQAttn-LSTM-VQR,3,2,0.78228194,0.7853725,0.7852165,0.77831256,0.016652463003993,0.0030905604,0.0070599318,0.002934575
MQAttn-LSTM-VQR,3,2,0.7822884,0.7704679,0.7745726,0.78225696,0.016652463003993,0.011820495,0.0117890835,0.0077157617
MQAttn-LSTM-VQR,3,2,0.7811153,0.7775301,0.76936585,0.781134,0.016652463003993,0.0035852194,0.0036039352,0.011749446
MQAttn-LSTM-VQR,3,2,0.77862954,0.77096725,0.77465296,0.7774245,0.016652463003993,0.0076622963,0.006457269,0.0039765835
MQAttn-LSTM-VQR,3,2,0.7769228,0.7773665,0.7817123,0.7765846,0.016652463003993,0.00044369698,0.00078189373,0.0047894716
MQAttn-LSTM-VQR,3,2,0.7747978,0.791916,0.78228194,0.7743248,0.016652463003993,0.017118216,0.017591238,0.007484138
MQAttn-LSTM-VQR,3,2,0.76932585,0.7792881,0.7822884,0.7668429,0.016652463003993,0.009962261,0.012445211,0.01296252
MQAttn-LSTM-VQR,3,2,0.7685439,0.7775385,0.7811153,0.77091295,0.016652463003993,0.008994579,0.006625533,0.012571394
MQAttn-LSTM-VQR,3,2,0.7676814,0.77857167,0.77862954,0.76865005,0.016652463003993,0.010890245,0.00992161,0.010948122
MQAttn-LSTM-VQR,3,2,0.76306593,0.7736006,0.7769228,0.76043946,0.016652463003993,0.010534644,0.013161123,0.013856888
MQAttn-LSTM-VQR,3,2,0.7626847,0.77171427,0.7747978,0.76458675,0.016652463003993,0.009029567,0.0071275234,0.012113094
MQAttn-LSTM-VQR,3,2,0.7614515,0.7773767,0.76932585,0.7619401,0.016652463003993,0.015925229,0.01543659,0.00787437
MQAttn-LSTM-VQR,3,2,0.7592007,0.76599425,0.7685439,0.7586939,0.016652463003993,0.0067935586,0.007300377,0.009343207
MQAttn-LSTM-VQR,3,2,0.7602192,0.7652509,0.7676814,0.7621662,0.016652463003993,0.005031705,0.0030847192,0.0074622035
MQAttn-LSTM-VQR,3,2,0.759819,0.7746184,0.76306593,0.7596321,0.016652463003993,0.014799416,0.014986277,0.003246963
MQAttn-LSTM-VQR,3,2,0.7549537,0.7613771,0.7626847,0.75163776,0.016652463003993,0.0064234138,0.009739339,0.0077310205
MQAttn-LSTM-VQR,3,2,0.7519001,0.760198,0.7614515,0.75180364,0.016652463003993,0.00829792,0.008394361,0.009551406
MQAttn-LSTM-VQR,3,2,0.750797,0.7728452,0.7592007,0.7525507,0.016652463003993,0.022048235,0.020294487,0.0084037185
MQAttn-LSTM-VQR,3,2,0.7510644,0.76080716,0.7602192,0.7528603,0.016652463003993,0.009742737,0.007946849,0.009154797
MQAttn-LSTM-VQR,3,2,0.7092285,0.7597925,0.759819,0.6776149,0.016652463003993,0.05056399,0.08217758,0.050590456
MQAttn-LSTM-VQR,3,2,0.72760206,0.77021134,0.7549537,0.7597753,0.016652463003993,0.042609274,0.010436058,0.027351618
MQAttn-LSTM-VQR,3,2,0.7418836,0.7594286,0.7519001,0.7549082,0.016652463003993,0.017545044,0.0045204163,0.010016501
MQAttn-LSTM-VQR,3,2,0.7436009,0.7528557,0.750797,0.73637134,0.016652463003993,0.009254813,0.01648438,0.0071960688
MQAttn-LSTM-VQR classical twin,3,2,0.94113797,0.9475918,0.9606321,0.9414375,0.016652463003993,0.006453812,0.006154299,0.019494116
MQAttn-LSTM-VQR classical twin,3,2,0.9375997,0.94363976,0.9561806,0.9378173,0.016652463003993,0.0060400367,0.0058224797,0.018580854
MQAttn-LSTM-VQR classical twin,3,2,0.9340181,0.9408997,0.95254374,0.93405557,0.016652463003993,0.0068816543,0.006844163,0.01852566
MQAttn-LSTM-VQR classical twin,3,2,0.93025273,0.9331609,0.948457,0.9301114,0.016652463003993,0.0029081702,0.0030494928,0.018204272
MQAttn-LSTM-VQR classical twin,3,2,0.9263759,0.9295882,0.94471425,0.92627954,0.016652463003993,0.0032122731,0.0033086538,0.018338323
MQAttn-LSTM-VQR classical twin,3,2,0.92008877,0.92685807,0.94113797,0.91825813,0.016652463003993,0.0067692995,0.008599937,0.021049201
MQAttn-LSTM-VQR classical twin,3,2,0.91254264,0.9237777,0.9375997,0.91081816,0.016652463003993,0.011235058,0.01295954,0.025057077
MQAttn-LSTM-VQR classical twin,3,2,0.9060747,0.92132646,0.9340181,0.9062835,0.016652463003993,0.015251756,0.015042961,0.027943373
MQAttn-LSTM-VQR classical twin,3,2,0.9007882,0.917412,0.93025273,0.9018278,0.016652463003993,0.016623795,0.015584171,0.029464543
MQAttn-LSTM-VQR classical twin,3,2,0.8973508,0.9133847,0.9263759,0.898967,0.016652463003993,0.016033888,0.014417648,0.029025137
MQAttn-LSTM-VQR classical twin,3,2,0.89371383,0.9071039,0.92008877,0.89397746,0.016652463003993,0.013390064,0.013126433,0.026374936
MQAttn-LSTM-VQR classical twin,3,2,0.8908685,0.8995172,0.91254264,0.89155674,0.016652463003993,0.008648694,0.007960439,0.021674156
MQAttn-LSTM-VQR classical twin,3,2,0.8870938,0.8933071,0.9060747,0.88687485,0.016652463003993,0.0062133074,0.0064322352,0.01898092
MQAttn-LSTM-VQR classical twin,3,2,0.8840972,0.888266,0.9007882,0.88466233,0.016652463003993,0.0041688085,0.0036036968,0.01669097
MQAttn-LSTM-VQR classical twin,3,2,0.87969196,0.88430625,0.8973508,0.8789045,0.016652463003993,0.0046142936,0.0054017305,0.01765883
MQAttn-LSTM-VQR classical twin,3,2,0.8769984,0.8806286,0.89371383,0.8779261,0.016652463003993,0.0036301613,0.0027024746,0.016715407
MQAttn-LSTM-VQR classical twin,3,2,0.87414736,0.8773165,0.8908685,0.87450397,0.016652463003993,0.0031691194,0.0028125048,0.01672113
MQAttn-LSTM-VQR classical twin,3,2,0.86923474,0.8735601,0.8870938,0.86774975,0.016652463003993,0.0043253303,0.0058103204,0.017859042
MQAttn-LSTM-VQR classical twin,3,2,0.866317,0.87030524,0.8840972,0.8671693,0.016652463003993,0.003988266,0.0031359196,0.017780244
MQAttn-LSTM-VQR classical twin,3,2,0.86317223,0.86637366,0.87969196,0.86350703,0.016652463003993,0.003201425,0.0028666258,0.016519725
MQAttn-LSTM-VQR classical twin,3,2,0.8588393,0.8634086,0.8769984,0.85806805,0.016652463003993,0.0045693517,0.005340576,0.018159151
MQAttn-LSTM-VQR classical twin,3,2,0.8562217,0.8609037,0.87414736,0.8570387,0.016652463003993,0.0046820045,0.0038650036,0.01792568
MQAttn-LSTM-VQR classical twin,3,2,0.85032076,0.85703707,0.86923474,0.84824985,0.016652463003993,0.006716311,0.008787215,0.018913984
MQAttn-LSTM-VQR classical twin,3,2,0.84737295,0.8540565,0.866317,0.8488109,0.016652463003993,0.0066835284,0.0052455664,0.018944025
MQAttn-LSTM-VQR classical twin,3,2,0.84501934,0.8516972,0.86317223,0.84612906,0.016652463003993,0.006677866,0.0055681467,0.018152893
MQAttn-LSTM-VQR classical twin,3,2,0.840635,0.84870166,0.8588393,0.83940315,0.016652463003993,0.008066654,0.009298503,0.018204272
MQAttn-LSTM-VQR classical twin,3,2,0.8386372,0.8463936,0.8562217,0.8398147,0.016652463003993,0.007756412,0.0065788627,0.017584503
MQAttn-LSTM-VQR classical twin,3,2,0.836594,0.845294,0.85032076,0.837187,0.016652463003993,0.008700013,0.008107007,0.013726771
MQAttn-LSTM-VQR classical twin,3,2,0.83278584,0.8411112,0.84737295,0.8318041,0.016652463003993,0.008325338,0.0093070865,0.014587104
MQAttn-LSTM-VQR classical twin,3,2,0.8304052,0.84615976,0.84501934,0.83092177,0.016652463003993,0.01575458,0.015237987,0.014614165
MQAttn-LSTM-VQR classical twin,3,2,0.8279812,0.8378538,0.840635,0.8282397,0.016652463003993,0.009872615,0.00961411,0.012653828
MQAttn-LSTM-VQR classical twin,3,2,0.82542586,0.8349997,0.8386372,0.8255578,0.016652463003993,0.009573817,0.009441853,0.01321131
MQAttn-LSTM-VQR classical twin,3,2,0.821652,0.83264655,0.836594,0.82065195,0.016652463003993,0.010994554,0.0119946,0.01494199
MQAttn-LSTM-VQR classical twin,3,2,0.81947356,0.82943535,0.83278584,0.8202245,0.016652463003993,0.009961784,0.009210825,0.01331228
MQAttn-LSTM-VQR classical twin,3,2,0.81584245,0.8273876,0.8304052,0.8152558,0.016652463003993,0.011545122,0.012131751,0.014562726
MQAttn-LSTM-VQR classical twin,3,2,0.7852165,0.82515585,0.8279812,0.76445425,0.016652463003993,0.039939344,0.06070161,0.042764664
MQAttn-LSTM-VQR classical twin,3,2,0.7745726,0.82287407,0.82542586,0.7809715,0.016652463003993,0.04830146,0.041902542,0.050853252
MQAttn-LSTM-VQR classical twin,3,2,0.76936585,0.8193854,0.821652,0.7776759,0.016652463003993,0.050019562,0.041709483,0.052286148
MQAttn-LSTM-VQR classical twin,3,2,0.77465296,0.81772554,0.81947356,0.7849715,0.016652463003993,0.04307258,0.032754064,0.044820607
MQAttn-LSTM-VQR classical twin,3,2,0.7817123,0.8143238,0.81584245,0.7851703,0.016652463003993,0.03261149,0.029153466,0.034130156
MQAttn-LSTM-VQR classical twin,3,2,0.78228194,0.77624965,0.7852165,0.77831256,0.016652463003993,0.006032288,0.0020629168,0.002934575
MQAttn-LSTM-VQR classical twin,3,2,0.7822884,0.76920575,0.7745726,0.78225696,0.016652463003993,0.0130826235,0.013051212,0.0077157617
MQAttn-LSTM-VQR classical twin,3,2,0.7811153,0.76385057,0.76936585,0.781134,0.016652463003993,0.017264724,0.01728344,0.011749446
MQAttn-LSTM-VQR classical twin,3,2,0.77862954,0.77096236,0.77465296,0.7774245,0.016652463003993,0.007667184,0.006462157,0.0039765835
MQAttn-LSTM-VQR classical twin,3,2,0.7769228,0.77675104,0.7817123,0.7765846,0.016652463003993,0.00017178059,0.00016641617,0.0047894716
MQAttn-LSTM-VQR classical twin,3,2,0.7747978,0.77366394,0.78228194,0.7743248,0.016652463003993,0.0011338592,0.0006608367,0.007484138
MQAttn-LSTM-VQR classical twin,3,2,0.76932585,0.7763497,0.7822884,0.7668429,0.016652463003993,0.007023871,0.009506822,0.01296252
MQAttn-LSTM-VQR classical twin,3,2,0.7685439,0.77530724,0.7811153,0.77091295,0.016652463003993,0.006763339,0.004394293,0.012571394
MQAttn-LSTM-VQR classical twin,3,2,0.7676814,0.7733925,0.77862954,0.76865005,0.016652463003993,0.0057110786,0.0047424436,0.010948122
MQAttn-LSTM-VQR classical twin,3,2,0.76306593,0.7713032,0.7769228,0.76043946,0.016652463003993,0.008237243,0.010863721,0.013856888
MQAttn-LSTM-VQR classical twin,3,2,0.7626847,0.76878846,0.7747978,0.76458675,0.016652463003993,0.006103754,0.00420171,0.012113094
MQAttn-LSTM-VQR classical twin,3,2,0.7614515,0.76280063,0.76932585,0.7619401,0.016652463003993,0.0013491511,0.00086051226,0.00787437
MQAttn-LSTM-VQR classical twin,3,2,0.7592007,0.7629451,0.7685439,0.7586939,0.016652463003993,0.0037444234,0.0042512417,0.009343207
MQAttn-LSTM-VQR classical twin,3,2,0.7602192,0.761885,0.7676814,0.7621662,0.016652463003993,0.001665771,0.0002812147,0.0074622035
MQAttn-LSTM-VQR classical twin,3,2,0.759819,0.75539577,0.76306593,0.7596321,0.016652463003993,0.004423201,0.0042363405,0.003246963
MQAttn-LSTM-VQR classical twin,3,2,0.7549537,0.7566668,0.7626847,0.75163776,0.016652463003993,0.0017130971,0.0050290227,0.0077310205
MQAttn-LSTM-VQR classical twin,3,2,0.7519001,0.75437224,0.7614515,0.75180364,0.016652463003993,0.0024721622,0.0025686026,0.009551406
MQAttn-LSTM-VQR classical twin,3,2,0.750797,0.7534116,0.7592007,0.7525507,0.016652463003993,0.0026146173,0.0008608699,0.0084037185
MQAttn-LSTM-VQR classical twin,3,2,0.7510644,0.7562161,0.7602192,0.7528603,0.016652463003993,0.005151689,0.003355801,0.009154797
MQAttn-LSTM-VQR classical twin,3,2,0.7092285,0.75403154,0.759819,0.6776149,0.016652463003993,0.044803023,0.07641661,0.050590456
MQAttn-LSTM-VQR classical twin,3,2,0.72760206,0.7472724,0.7549537,0.7597753,0.016652463003993,0.019670308,0.012502909,0.027351618
MQAttn-LSTM-VQR classical twin,3,2,0.7418836,0.74693954,0.7519001,0.7549082,0.016652463003993,0.005055964,0.007968664,0.010016501
MQAttn-LSTM-VQR classical twin,3,2,0.7436009,0.7460386,0.750797,0.73637134,0.016652463003993,0.0024377108,0.009667277,0.0071960688
MQAttn-QLSTM-VQR,3,2,0.94113797,0.94406325,0.9606321,0.9414375,0.016652463003993,0.0029252768,0.0026257634,0.019494116
MQAttn-QLSTM-VQR,3,2,0.9375997,0.93943644,0.9561806,0.9378173,0.016652463003993,0.0018367171,0.0016191602,0.018580854
MQAttn-QLSTM-VQR,3,2,0.9340181,0.9357603,0.95254374,0.93405557,0.016652463003993,0.0017422438,0.0017047524,0.01852566
MQAttn-QLSTM-VQR,3,2,0.93025273,0.9314354,0.948457,0.9301114,0.016652463003993,0.0011826754,0.001323998,0.018204272
MQAttn-QLSTM-VQR,3,2,0.9263759,0.9275513,0.94471425,0.92627954,0.016652463003993,0.0011754036,0.0012717843,0.018338323
MQAttn-QLSTM-VQR,3,2,0.92008877,0.92384326,0.94113797,0.91825813,0.016652463003993,0.0037544966,0.005585134,0.021049201
MQAttn-QLSTM-VQR,3,2,0.91254264,0.92020684,0.9375997,0.91081816,0.016652463003993,0.0076642036,0.009388685,0.025057077
MQAttn-QLSTM-VQR,3,2,0.9060747,0.9165274,0.9340181,0.9062835,0.016652463003993,0.010452688,0.010243893,0.027943373
MQAttn-QLSTM-VQR,3,2,0.9007882,0.9127338,0.93025273,0.9018278,0.016652463003993,0.011945605,0.010905981,0.029464543
MQAttn-QLSTM-VQR,3,2,0.8973508,0.9088452,0.9263759,0.898967,0.016652463003993,0.011494398,0.009878159,0.029025137
MQAttn-QLSTM-VQR,3,2,0.89371383,0.90259767,0.92008877,0.89397746,0.016652463003993,0.008883834,0.008620203,0.026374936
MQAttn-QLSTM-VQR,3,2,0.8908685,0.8952268,0.91254264,0.89155674,0.016652463003993,0.0043582916,0.0036700368,0.021674156
MQAttn-QLSTM-VQR,3,2,0.8870938,0.8889654,0.9060747,0.88687485,0.016652463003993,0.0018716455,0.0020905733,0.01898092
MQAttn-QLSTM-VQR,3,2,0.8840972,0.8839304,0.9007882,0.88466233,0.016652463003993,0.0001668334,0.00073194504,0.01669097
MQAttn-QLSTM-VQR,3,2,0.87969196,0.8807455,0.8973508,0.8789045,0.016652463003993,0.0010535121,0.0018409491,0.01765883
MQAttn-QLSTM-VQR,3,2,0.8769984,0.8774186,0.89371383,0.8779261,0.016652463003993,0.00042015314,0.00050753355,0.016715407
MQAttn-QLSTM-VQR,3,2,0.87414736,0.87486905,0.8908685,0.87450397,0.016652463003993,0.00072169304,0.00036507845,0.01672113
MQAttn-QLSTM-VQR,3,2,0.86923474,0.87142825,0.8870938,0.86774975,0.016652463003993,0.0021935105,0.0036785007,0.017859042
MQAttn-QLSTM-VQR,3,2,0.866317,0.86873734,0.8840972,0.8671693,0.016652463003993,0.0024203658,0.0015680194,0.017780244
MQAttn-QLSTM-VQR,3,2,0.86317223,0.86472803,0.87969196,0.86350703,0.016652463003993,0.0015558004,0.0012210011,0.016519725
MQAttn-QLSTM-VQR,3,2,0.8588393,0.8623071,0.8769984,0.85806805,0.016652463003993,0.0034677982,0.0042390227,0.018159151
MQAttn-QLSTM-VQR,3,2,0.8562217,0.8597188,0.87414736,0.8570387,0.016652463003993,0.0034971237,0.0026801229,0.01792568
MQAttn-QLSTM-VQR,3,2,0.85032076,0.8553222,0.86923474,0.84824985,0.016652463003993,0.0050014257,0.0070723295,0.018913984
MQAttn-QLSTM-VQR,3,2,0.84737295,0.8526836,0.866317,0.8488109,0.016652463003993,0.0053106546,0.0038726926,0.018944025
MQAttn-QLSTM-VQR,3,2,0.84501934,0.8498227,0.86317223,0.84612906,0.016652463003993,0.0048033595,0.0036936402,0.018152893
MQAttn-QLSTM-VQR,3,2,0.840635,0.8459823,0.8588393,0.83940315,0.016652463003993,0.0053473115,0.0065791607,0.018204272
MQAttn-QLSTM-VQR,3,2,0.8386372,0.84360725,0.8562217,0.8398147,0.016652463003993,0.0049700737,0.0037925243,0.017584503
MQAttn-QLSTM-VQR,3,2,0.836594,0.83828163,0.85032076,0.837187,0.016652463003993,0.0016876459,0.0010946393,0.013726771
MQAttn-QLSTM-VQR,3,2,0.83278584,0.8355013,0.84737295,0.8318041,0.016652463003993,0.0027154684,0.0036972165,0.014587104
MQAttn-QLSTM-VQR,3,2,0.8304052,0.8338842,0.84501934,0.83092177,0.016652463003993,0.003479004,0.0029624104,0.014614165
MQAttn-QLSTM-VQR,3,2,0.8279812,0.8295543,0.840635,0.8282397,0.016652463003993,0.0015731454,0.00131464,0.012653828
MQAttn-QLSTM-VQR,3,2,0.82542586,0.8276774,0.8386372,0.8255578,0.016652463003993,0.0022515655,0.0021196008,0.01321131
MQAttn-QLSTM-VQR,3,2,0.821652,0.8258483,0.836594,0.82065195,0.016652463003993,0.004196286,0.005196333,0.01494199
MQAttn-QLSTM-VQR,3,2,0.81947356,0.82255566,0.83278584,0.8202245,0.016652463003993,0.0030820966,0.0023311377,0.01331228
MQAttn-QLSTM-VQR,3,2,0.81584245,0.82029533,0.8304052,0.8152558,0.016652463003993,0.004452884,0.005039513,0.014562726
MQAttn-QLSTM-VQR,3,2,0.7852165,0.81807566,0.8279812,0.76445425,0.016652463003993,0.032859147,0.05362141,0.042764664
MQAttn-QLSTM-VQR,3,2,0.7745726,0.8157391,0.82542586,0.7809715,0.016652463003993,0.041166484,0.034767568,0.050853252
MQAttn-QLSTM-VQR,3,2,0.76936585,0.8124471,0.821652,0.7776759,0.016652463003993,0.043081224,0.034771144,0.052286148
MQAttn-QLSTM-VQR,3,2,0.77465296,0.8103345,0.81947356,0.7849715,0.016652463003993,0.035681546,0.025363028,0.044820607
MQAttn-QLSTM-VQR,3,2,0.7817123,0.8069949,0.81584245,0.7851703,0.016652463003993,0.025282621,0.021824598,0.034130156
MQAttn-QLSTM-VQR,3,2,0.78228194,0.7787905,0.7852165,0.77831256,0.016652463003993,0.0034914613,0.00047791004,0.002934575
MQAttn-QLSTM-VQR,3,2,0.7822884,0.7691226,0.7745726,0.78225696,0.016652463003993,0.013165772,0.01313436,0.0077157617
MQAttn-QLSTM-VQR,3,2,0.7811153,0.7648818,0.76936585,0.781134,0.016652463003993,0.016233504,0.01625222,0.011749446
MQAttn-QLSTM-VQR,3,2,0.77862954,0.7698301,0.77465296,0.7774245,0.016652463003993,0.008799434,0.0075944066,0.0039765835
MQAttn-QLSTM-VQR,3,2,0.7769228,0.77678823,0.7817123,0.7765846,0.016652463003993,0.00013458729,0.00020360947,0.0047894716
MQAttn-QLSTM-VQR,3,2,0.7747978,0.7778278,0.78228194,0.7743248,0.016652463003993,0.0030300021,0.0035030246,0.007484138
MQAttn-QLSTM-VQR,3,2,0.76932585,0.777334,0.7822884,0.7668429,0.016652463003993,0.008008122,0.010491073,0.01296252
MQAttn-QLSTM-VQR,3,2,0.7685439,0.77617615,0.7811153,0.77091295,0.016652463003993,0.0076322556,0.0052632093,0.012571394
MQAttn-QLSTM-VQR,3,2,0.7676814,0.77383983,0.77862954,0.76865005,0.016652463003993,0.0061584115,0.0051897764,0.010948122
MQAttn-QLSTM-VQR,3,2,0.76306593,0.7722979,0.7769228,0.76043946,0.016652463003993,0.009231985,0.011858463,0.013856888
MQAttn-QLSTM-VQR,3,2,0.7626847,0.77032065,0.7747978,0.76458675,0.016652463003993,0.007635951,0.005733907,0.012113094
MQAttn-QLSTM-VQR,3,2,0.7614515,0.7653511,0.76932585,0.7619401,0.016652463003993,0.003899634,0.003410995,0.00787437
MQAttn-QLSTM-VQR,3,2,0.7592007,0.7644963,0.7685439,0.7586939,0.016652463003993,0.0052956343,0.0058024526,0.009343207
MQAttn-QLSTM-VQR,3,2,0.7602192,0.76373905,0.7676814,0.7621662,0.016652463003993,0.003519833,0.0015728474,0.0074622035
MQAttn-QLSTM-VQR,3,2,0.759819,0.7596437,0.76306593,0.7596321,0.016652463003993,0.00017529726,1.1563301e-05,0.003246963
MQAttn-QLSTM-VQR,3,2,0.7549537,0.7590463,0.7626847,0.75163776,0.016652463003993,0.0040926337,0.0074085593,0.0077310205
MQAttn-QLSTM-VQR,3,2,0.7519001,0.7579273,0.7614515,0.75180364,0.016652463003993,0.0060272217,0.006123662,0.009551406
MQAttn-QLSTM-VQR,3,2,0.750797,0.75594586,0.7592007,0.7525507,0.016652463003993,0.0051488876,0.0033951402,0.0084037185
MQAttn-QLSTM-VQR,3,2,0.7510644,0.7565113,0.7602192,0.7528603,0.016652463003993,0.0054468513,0.0036509633,0.009154797
MQAttn-QLSTM-VQR,3,2,0.7092285,0.7562011,0.759819,0.6776149,0.016652463003993,0.046972573,0.07858616,0.050590456
MQAttn-QLSTM-VQR,3,2,0.72760206,0.75194716,0.7549537,0.7597753,0.016652463003993,0.0243451,0.007828116,0.027351618
MQAttn-QLSTM-VQR,3,2,0.7418836,0.7486957,0.7519001,0.7549082,0.016652463003993,0.0068120956,0.0062125325,0.010016501
MQAttn-QLSTM-VQR,3,2,0.7436009,0.7477617,0.750797,0.73637134,0.016652463003993,0.0041608214,0.011390388,0.0071960688
MQAttn-QLSTM-VQR classical twin,3,2,0.94113797,0.9396143,0.9606321,0.9414375,0.016652463003993,0.0015236735,0.0018231869,0.019494116
MQAttn-QLSTM-VQR classical twin,3,2,0.9375997,0.93522567,0.9561806,0.9378173,0.016652463003993,0.002374053,0.00259161,0.018580854
MQAttn-QLSTM-VQR classical twin,3,2,0.9340181,0.93494445,0.95254374,0.93405557,0.016652463003993,0.0009263754,0.00088888407,0.01852566
MQAttn-QLSTM-VQR classical twin,3,2,0.93025273,0.93127275,0.948457,0.9301114,0.016652463003993,0.0010200143,0.0011613369,0.018204272
MQAttn-QLSTM-VQR classical twin,3,2,0.9263759,0.9277862,0.94471425,0.92627954,0.016652463003993,0.0014102459,0.0015066266,0.018338323
MQAttn-QLSTM-VQR classical twin,3,2,0.92008877,0.9243653,0.94113797,0.91825813,0.016652463003993,0.004276514,0.0061071515,0.021049201
MQAttn-QLSTM-VQR classical twin,3,2,0.91254264,0.9210551,0.9375997,0.91081816,0.016652463003993,0.008512437,0.010236919,0.025057077
MQAttn-QLSTM-VQR classical twin,3,2,0.9060747,0.9174944,0.9340181,0.9062835,0.016652463003993,0.0114197135,0.011210918,0.027943373
MQAttn-QLSTM-VQR classical twin,3,2,0.9007882,0.9137761,0.93025273,0.9018278,0.016652463003993,0.012987912,0.0119482875,0.029464543
MQAttn-QLSTM-VQR classical twin,3,2,0.8973508,0.9099223,0.9263759,0.898967,0.016652463003993,0.012571514,0.010955274,0.029025137
MQAttn-QLSTM-VQR classical twin,3,2,0.89371383,0.90369314,0.92008877,0.89397746,0.016652463003993,0.009979308,0.009715676,0.026374936
MQAttn-QLSTM-VQR classical twin,3,2,0.8908685,0.8961445,0.91254264,0.89155674,0.016652463003993,0.0052760243,0.0045877695,0.021674156
MQAttn-QLSTM-VQR classical twin,3,2,0.8870938,0.88954073,0.9060747,0.88687485,0.016652463003993,0.0024469495,0.0026658773,0.01898092
MQAttn-QLSTM-VQR classical twin,3,2,0.8840972,0.8841078,0.9007882,0.88466233,0.016652463003993,1.0609627e-05,0.000554502,0.01669097
MQAttn-QLSTM-VQR classical twin,3,2,0.87969196,0.88053083,0.8973508,0.8789045,0.016652463003993,0.00083887577,0.0016263127,0.01765883
MQAttn-QLSTM-VQR classical twin,3,2,0.8769984,0.876963,0.89371383,0.8779261,0.016652463003993,3.540516e-05,0.00096309185,0.016715407
MQAttn-QLSTM-VQR classical twin,3,2,0.87414736,0.87407875,0.8908685,0.87450397,0.016652463003993,6.8604946e-05,0.00042521954,0.01672113
MQAttn-QLSTM-VQR classical twin,3,2,0.86923474,0.8705048,0.8870938,0.86774975,0.016652463003993,0.0012700558,0.002755046,0.017859042
MQAttn-QLSTM-VQR classical twin,3,2,0.866317,0.86752194,0.8840972,0.8671693,0.016652463003993,0.0012049675,0.00035262108,0.017780244
MQAttn-QLSTM-VQR classical twin,3,2,0.86317223,0.86355275,0.87969196,0.86350703,0.016652463003993,0.00038051605,4.5716763e-05,0.016519725
MQAttn-QLSTM-VQR classical twin,3,2,0.8588393,0.8607779,0.8769984,0.85806805,0.016652463003993,0.0019386411,0.0027098656,0.018159151
MQAttn-QLSTM-VQR classical twin,3,2,0.8562217,0.8579645,0.87414736,0.8570387,0.016652463003993,0.0017428398,0.00092583895,0.01792568
MQAttn-QLSTM-VQR classical twin,3,2,0.85032076,0.85421544,0.86923474,0.84824985,0.016652463003993,0.0038946867,0.0059655905,0.018913984
MQAttn-QLSTM-VQR classical twin,3,2,0.84737295,0.85083145,0.866317,0.8488109,0.016652463003993,0.0034585,0.0020205379,0.018944025
MQAttn-QLSTM-VQR classical twin,3,2,0.84501934,0.84781563,0.86317223,0.84612906,0.016652463003993,0.0027962923,0.001686573,0.018152893
MQAttn-QLSTM-VQR classical twin,3,2,0.840635,0.84477764,0.8588393,0.83940315,0.016652463003993,0.004142642,0.005374491,0.018204272
MQAttn-QLSTM-VQR classical twin,3,2,0.8386372,0.841464,0.8562217,0.8398147,0.016652463003993,0.0028268099,0.0016492605,0.017584503
MQAttn-QLSTM-VQR classical twin,3,2,0.836594,0.83725125,0.85032076,0.837187,0.016652463003993,0.0006572604,6.425381e-05,0.013726771
MQAttn-QLSTM-VQR classical twin,3,2,0.83278584,0.8336379,0.84737295,0.8318041,0.016652463003993,0.0008520484,0.0018337965,0.014587104
MQAttn-QLSTM-VQR classical twin,3,2,0.8304052,0.83054346,0.84501934,0.83092177,0.016652463003993,0.00013828278,0.00037831068,0.014614165
MQAttn-QLSTM-VQR classical twin,3,2,0.8279812,0.8296276,0.840635,0.8282397,0.016652463003993,0.0016463995,0.0013878942,0.012653828
MQAttn-QLSTM-VQR classical twin,3,2,0.82542586,0.82625794,0.8386372,0.8255578,0.016652463003993,0.00083208084,0.00070011616,0.01321131
MQAttn-QLSTM-VQR classical twin,3,2,0.821652,0.82448846,0.836594,0.82065195,0.016652463003993,0.0028364658,0.0038365126,0.01494199
MQAttn-QLSTM-VQR classical twin,3,2,0.81947356,0.82287455,0.83278584,0.8202245,0.016652463003993,0.0034009814,0.0026500225,0.01331228
MQAttn-QLSTM-VQR classical twin,3,2,0.81584245,0.81933755,0.8304052,0.8152558,0.016652463003993,0.0034950972,0.004081726,0.014562726
MQAttn-QLSTM-VQR classical twin,3,2,0.7852165,0.8168839,0.8279812,0.76445425,0.016652463003993,0.03166741,0.052429676,0.042764664
MQAttn-QLSTM-VQR classical twin,3,2,0.7745726,0.8147225,0.82542586,0.7809715,0.016652463003993,0.040149868,0.03375095,0.050853252
MQAttn-QLSTM-VQR classical twin,3,2,0.76936585,0.81330055,0.821652,0.7776759,0.016652463003993,0.043934703,0.035624623,0.052286148
MQAttn-QLSTM-VQR classical twin,3,2,0.77465296,0.8095136,0.81947356,0.7849715,0.016652463003993,0.03486067,0.024542153,0.044820607
MQAttn-QLSTM-VQR classical twin,3,2,0.7817123,0.8065985,0.81584245,0.7851703,0.016652463003993,0.02488619,0.021428168,0.034130156
MQAttn-QLSTM-VQR classical twin,3,2,0.78228194,0.78265446,0.7852165,0.77831256,0.016652463003993,0.00037252903,0.0043419003,0.002934575
MQAttn-QLSTM-VQR classical twin,3,2,0.7822884,0.7696879,0.7745726,0.78225696,0.016652463003993,0.0126004815,0.01256907,0.0077157617
MQAttn-QLSTM-VQR classical twin,3,2,0.7811153,0.7701339,0.76936585,0.781134,0.016652463003993,0.010981381,0.011000097,0.011749446
MQAttn-QLSTM-VQR classical twin,3,2,0.77862954,0.76973885,0.77465296,0.7774245,0.016652463003993,0.008890688,0.0076856613,0.0039765835
MQAttn-QLSTM-VQR classical twin,3,2,0.7769228,0.77640766,0.7817123,0.7765846,0.016652463003993,0.00051516294,0.00017696619,0.0047894716
MQAttn-QLSTM-VQR classical twin,3,2,0.7747978,0.7836077,0.78228194,0.7743248,0.016652463003993,0.008809924,0.009282947,0.007484138
MQAttn-QLSTM-VQR classical twin,3,2,0.76932585,0.7782903,0.7822884,0.7668429,0.016652463003993,0.008964419,0.01144737,0.01296252
MQAttn-QLSTM-VQR classical twin,3,2,0.7685439,0.7768791,0.7811153,0.77091295,0.016652463003993,0.008335173,0.005966127,0.012571394
MQAttn-QLSTM-VQR classical twin,3,2,0.7676814,0.77625275,0.77862954,0.76865005,0.016652463003993,0.008571327,0.0076026917,0.010948122
MQAttn-QLSTM-VQR classical twin,3,2,0.76306593,0.77311456,0.7769228,0.76043946,0.016652463003993,0.010048628,0.0126751065,0.013856888
MQAttn-QLSTM-VQR classical twin,3,2,0.7626847,0.77114224,0.7747978,0.76458675,0.016652463003993,0.0084575415,0.0065554976,0.012113094
MQAttn-QLSTM-VQR classical twin,3,2,0.7614515,0.77081627,0.76932585,0.7619401,0.016652463003993,0.009364784,0.008876145,0.00787437
MQAttn-QLSTM-VQR classical twin,3,2,0.7592007,0.76546156,0.7685439,0.7586939,0.016652463003993,0.006260872,0.00676769,0.009343207
MQAttn-QLSTM-VQR classical twin,3,2,0.7602192,0.7645628,0.7676814,0.7621662,0.016652463003993,0.0043435693,0.0023965836,0.0074622035
MQAttn-QLSTM-VQR classical twin,3,2,0.759819,0.7661655,0.76306593,0.7596321,0.016652463003993,0.0063465238,0.0065333843,0.003246963
MQAttn-QLSTM-VQR classical twin,3,2,0.7549537,0.7604295,0.7626847,0.75163776,0.016652463003993,0.005475819,0.008791745,0.0077310205
MQAttn-QLSTM-VQR classical twin,3,2,0.7519001,0.7593475,0.7614515,0.75180364,0.016652463003993,0.0074474216,0.007543862,0.009551406
MQAttn-QLSTM-VQR classical twin,3,2,0.750797,0.7629221,0.7592007,0.7525507,0.016652463003993,0.0121251345,0.010371387,0.0084037185
MQAttn-QLSTM-VQR classical twin,3,2,0.7510644,0.75889397,0.7602192,0.7528603,0.016652463003993,0.007829547,0.006033659,0.009154797
MQAttn-QLSTM-VQR classical twin,3,2,0.7092285,0.7584738,0.759819,0.6776149,0.016652463003993,0.049245298,0.080858886,0.050590456
MQAttn-QLSTM-VQR classical twin,3,2,0.72760206,0.75994635,0.7549537,0.7597753,0.016652463003993,0.03234428,0.00017106533,0.027351618
MQAttn-QLSTM-VQR classical twin,3,2,0.7418836,0.75395215,0.7519001,0.7549082,0.016652463003993,0.01206857,0.0009560585,0.010016501
MQAttn-QLSTM-VQR classical twin,3,2,0.7436009,0.75058264,0.750797,0.73637134,0.016652463003993,0.0069817305,0.014211297,0.0071960688
QLSTM,3,2,0.94113797,0.9407851,0.9606321,0.9414375,0.016652463003993,0.0003528595,0.00065237284,0.019494116
QLSTM,3,2,0.9375997,0.93645984,0.9561806,0.9378173,0.016652463003993,0.0011398792,0.0013574362,0.018580854
QLSTM,3,2,0.9340181,0.93383884,0.95254374,0.93405557,0.016652463003993,0.00017923117,0.00021672249,0.01852566
QLSTM,3,2,0.93025273,0.93075395,0.948457,0.9301114,0.016652463003993,0.00050121546,0.00064253807,0.018204272
QLSTM,3,2,0.9263759,0.9277027,0.94471425,0.92627954,0.016652463003993,0.0013267994,0.0014231801,0.018338323
QLSTM,3,2,0.92008877,0.924644,0.94113797,0.91825813,0.016652463003993,0.0045552254,0.006385863,0.021049201
QLSTM,3,2,0.91254264,0.92156863,0.9375997,0.91081816,0.016652463003993,0.009025991,0.010750473,0.025057077
QLSTM,3,2,0.9060747,0.91840714,0.9340181,0.9062835,0.016652463003993,0.012332439,0.012123644,0.027943373
QLSTM,3,2,0.9007882,0.9150167,0.93025273,0.9018278,0.016652463003993,0.014228523,0.013188899,0.029464543
QLSTM,3,2,0.8973508,0.91148764,0.9263759,0.898967,0.016652463003993,0.014136851,0.012520611,0.029025137
QLSTM,3,2,0.89371383,0.9059488,0.92008877,0.89397746,0.016652463003993,0.012234986,0.0119713545,0.026374936
QLSTM,3,2,0.8908685,0.89906937,0.91254264,0.89155674,0.016652463003993,0.008200884,0.007512629,0.021674156
QLSTM,3,2,0.8870938,0.8932103,0.9060747,0.88687485,0.016652463003993,0.0061165094,0.0063354373,0.01898092
QLSTM,3,2,0.8840972,0.8883981,0.9007882,0.88466233,0.016652463003993,0.0043008924,0.0037357807,0.01669097
QLSTM,3,2,0.87969196,0.8852684,0.8973508,0.8789045,0.016652463003993,0.0055764318,0.0063638687,0.01765883
QLSTM,3,2,0.8769984,0.88212943,0.89371383,0.8779261,0.016652463003993,0.0051310062,0.0042033195,0.016715407
QLSTM,3,2,0.87414736,0.879496,0.8908685,0.87450397,0.016652463003993,0.005348623,0.004992008,0.01672113
QLSTM,3,2,0.86923474,0.8761944,0.8870938,0.86774975,0.016652463003993,0.0069596767,0.008444667,0.017859042
QLSTM,3,2,0.866317,0.87332034,0.8840972,0.8671693,0.016652463003993,0.007003367,0.0061510205,0.017780244
QLSTM,3,2,0.86317223,0.869622,0.87969196,0.86350703,0.016652463003993,0.006449759,0.0061149597,0.016519725
QLSTM,3,2,0.8588393,0.86671627,0.8769984,0.85806805,0.016652463003993,0.007876992,0.008648217,0.018159151
QLSTM,3,2,0.8562217,0.86398154,0.87414736,0.8570387,0.016652463003993,0.007759869,0.006942868,0.01792568
QLSTM,3,2,0.85032076,0.859834,0.86923474,0.84824985,0.016652463003993,0.009513259,0.011584163,0.018913984
QLSTM,3,2,0.84737295,0.8566979,0.866317,0.8488109,0.016652463003993,0.009324968,0.007887006,0.018944025
QLSTM,3,2,0.84501934,0.8535887,0.86317223,0.84612906,0.016652463003993,0.00856936,0.0074596405,0.018152893
QLSTM,3,2,0.840635,0.84998757,0.8588393,0.83940315,0.016652463003993,0.009352565,0.010584414,0.018204272
QLSTM,3,2,0.8386372,0.8469712,0.8562217,0.8398147,0.016652463003993,0.008334041,0.0071564913,0.017584503
QLSTM,3,2,0.836594,0.8433766,0.85032076,0.837187,0.016652463003993,0.0067825913,0.0061895847,0.013726771
QLSTM,3,2,0.83278584,0.8389798,0.84737295,0.8318041,0.016652463003993,0.006193936,0.007175684,0.014587104
QLSTM,3,2,0.8304052,0.83877075,0.84501934,0.83092177,0.016652463003993,0.0083655715,0.007848978,0.014614165
QLSTM,3,2,0.8279812,0.8338536,0.840635,0.8282397,0.016652463003993,0.0058724284,0.005613923,0.012653828
QLSTM,3,2,0.82542586,0.8307508,0.8386372,0.8255578,0.016652463003993,0.0053249598,0.005192995,0.01321131
QLSTM,3,2,0.821652,0.8283197,0.836594,0.82065195,0.016652463003993,0.006667733,0.00766778,0.01494199
QLSTM,3,2,0.81947356,0.8251639,0.83278584,0.8202245,0.016652463003993,0.005690336,0.0049393773,0.01331228
QLSTM,3,2,0.81584245,0.8222041,0.8304052,0.8152558,0.016652463003993,0.0063616633,0.0069482923,0.014562726
QLSTM,3,2,0.7852165,0.81929755,0.8279812,0.76445425,0.016652463003993,0.03408104,0.054843307,0.042764664
QLSTM,3,2,0.7745726,0.8164536,0.82542586,0.7809715,0.016652463003993,0.041880965,0.03548205,0.050853252
QLSTM,3,2,0.76936585,0.8133678,0.821652,0.7776759,0.016652463003993,0.044001937,0.035691857,0.052286148
QLSTM,3,2,0.77465296,0.810329,0.81947356,0.7849715,0.016652463003993,0.035676062,0.025357544,0.044820607
QLSTM,3,2,0.7817123,0.8065507,0.81584245,0.7851703,0.016652463003993,0.024838388,0.021380365,0.034130156
QLSTM,3,2,0.78228194,0.77341866,0.7852165,0.77831256,0.016652463003993,0.00886327,0.004893899,0.002934575
QLSTM,3,2,0.7822884,0.76042515,0.7745726,0.78225696,0.016652463003993,0.021863222,0.02183181,0.0077157617
QLSTM,3,2,0.7811153,0.7572945,0.76936585,0.781134,0.016652463003993,0.023820817,0.023839533,0.011749446
QLSTM,3,2,0.77862954,0.7602703,0.77465296,0.7774245,0.016652463003993,0.018359244,0.017154217,0.0039765835
QLSTM,3,2,0.7769228,0.76681995,0.7817123,0.7765846,0.016652463003993,0.010102868,0.009764671,0.0047894716
QLSTM,3,2,0.7747978,0.7707919,0.78228194,0.7743248,0.016652463003993,0.004005909,0.0035328865,0.007484138
QLSTM,3,2,0.76932585,0.7686584,0.7822884,0.7668429,0.016652463003993,0.0006674528,0.0018154979,0.01296252
QLSTM,3,2,0.7685439,0.76682353,0.7811153,0.77091295,0.016652463003993,0.0017203689,0.004089415,0.012571394
QLSTM,3,2,0.7676814,0.76460236,0.77862954,0.76865005,0.016652463003993,0.0030790567,0.004047692,0.010948122
QLSTM,3,2,0.76306593,0.7619514,0.7769228,0.76043946,0.016652463003993,0.0011145473,0.0015119314,0.013856888
QLSTM,3,2,0.7626847,0.7593725,0.7747978,0.76458675,0.016652463003993,0.00331223,0.005214274,0.012113094
QLSTM,3,2,0.7614515,0.75607115,0.76932585,0.7619401,0.016652463003993,0.0053803325,0.0058689713,0.00787437
QLSTM,3,2,0.7592007,0.7533553,0.7685439,0.7586939,0.016652463003993,0.005845368,0.0053385496,0.009343207
QLSTM,3,2,0.7602192,0.7517769,0.7676814,0.7621662,0.016652463003993,0.008442342,0.010389328,0.0074622035
QLSTM,3,2,0.759819,0.7503496,0.76306593,0.7596321,0.016652463003993,0.00946939,0.009282529,0.003246963
QLSTM,3,2,0.7549537,0.74749744,0.7626847,0.75163776,0.016652463003993,0.007456243,0.0041403174,0.0077310205
QLSTM,3,2,0.7519001,0.74558127,0.7614515,0.75180364,0.016652463003993,0.0063188076,0.0062223673,0.009551406
QLSTM,3,2,0.750797,0.74822915,0.7592007,0.7525507,0.016652463003993,0.0025678277,0.004321575,0.0084037185
QLSTM,3,2,0.7510644,0.74657446,0.7602192,0.7528603,0.016652463003993,0.0044899583,0.0062858462,0.009154797
QLSTM,3,2,0.7092285,0.7453046,0.759819,0.6776149,0.016652463003993,0.03607607,0.06768966,0.050590456
QLSTM,3,2,0.72760206,0.74460554,0.7549537,0.7597753,0.016652463003993,0.017003477,0.01516974,0.027351618
QLSTM,3,2,0.7418836,0.7393887,0.7519001,0.7549082,0.016652463003993,0.0024948716,0.0155195,0.010016501
QLSTM,3,2,0.7436009,0.7361812,0.750797,0.73637134,0.016652463003993,0.0074197054,0.00019013882,0.0071960688
LSTM,3,2,0.94113797,0.9416379,0.9606321,0.9414375,0.016652463003993,0.00049990416,0.00020039082,0.019494116
LSTM,3,2,0.9375997,0.93730235,0.9561806,0.9378173,0.016652463003993,0.00029736757,0.0005149245,0.018580854
LSTM,3,2,0.9340181,0.9328617,0.95254374,0.93405557,0.016652463003993,0.0011563897,0.001193881,0.01852566
LSTM,3,2,0.93025273,0.9280999,0.948457,0.9301114,0.016652463003993,0.0021528602,0.0020115376,0.018204272
LSTM,3,2,0.9263759,0.9238512,0.94471425,0.92627954,0.016652463003993,0.0025247335,0.0024283528,0.018338323
LSTM,3,2,0.92008877,0.9199829,0.94113797,0.91825813,0.016652463003993,0.00010585785,0.0017247796,0.021049201
LSTM,3,2,0.91254264,0.9162687,0.9375997,0.91081816,0.016652463003993,0.0037260652,0.0054505467,0.025057077
LSTM,3,2,0.9060747,0.91273934,0.9340181,0.9062835,0.016652463003993,0.0066646338,0.0064558387,0.027943373
LSTM,3,2,0.9007882,0.9092999,0.93025273,0.9018278,0.016652463003993,0.008511722,0.007472098,0.029464543
LSTM,3,2,0.8973508,0.9057544,0.9263759,0.898967,0.016652463003993,0.008403599,0.0067873597,0.029025137
LSTM,3,2,0.89371383,0.8999366,0.92008877,0.89397746,0.016652463003993,0.0062227845,0.005959153,0.026374936
LSTM,3,2,0.8908685,0.8929833,0.91254264,0.89155674,0.016652463003993,0.0021148324,0.0014265776,0.021674156
LSTM,3,2,0.8870938,0.88710827,0.9060747,0.88687485,0.016652463003993,1.4483929e-05,0.00023341179,0.01898092
LSTM,3,2,0.8840972,0.8823245,0.9007882,0.88466233,0.016652463003993,0.0017727017,0.0023378134,0.01669097
LSTM,3,2,0.87969196,0.8791578,0.8973508,0.8789045,0.016652463003993,0.0005341768,0.00025326014,0.01765883
LSTM,3,2,0.8769984,0.87580836,0.89371383,0.8779261,0.016652463003993,0.0011900663,0.002117753,0.016715407
LSTM,3,2,0.87414736,0.8731174,0.8908685,0.87450397,0.016652463003993,0.0010299683,0.0013865829,0.01672113
LSTM,3,2,0.86923474,0.8695096,0.8870938,0.86774975,0.016652463003993,0.00027483702,0.0017598271,0.017859042
LSTM,3,2,0.866317,0.8666085,0.8840972,0.8671693,0.016652463003993,0.00029152632,0.0005608201,0.017780244
LSTM,3,2,0.86317223,0.8622731,0.87969196,0.86350703,0.016652463003993,0.00089913607,0.0012339354,0.016519725
LSTM,3,2,0.8588393,0.8596019,0.8769984,0.85806805,0.016652463003993,0.00076264143,0.0015338659,0.018159151
LSTM,3,2,0.8562217,0.85673624,0.87414736,0.8570387,0.016652463003993,0.0005145669,0.00030243397,0.01792568
LSTM,3,2,0.85032076,0.851633,0.86923474,0.84824985,0.016652463003993,0.0013122559,0.0033831596,0.018913984
LSTM,3,2,0.84737295,0.84873486,0.866317,0.8488109,0.016652463003993,0.0013619065,7.605553e-05,0.018944025
LSTM,3,2,0.84501934,0.84549373,0.86317223,0.84612906,0.016652463003993,0.00047439337,0.0006353259,0.018152893
LSTM,3,2,0.840635,0.84144324,0.8588393,0.83940315,0.016652463003993,0.000808239,0.0020400882,0.018204272
LSTM,3,2,0.8386372,0.83850944,0.8562217,0.8398147,0.016652463003993,0.00012773275,0.0013052821,0.017584503
LSTM,3,2,0.836594,0.8359953,0.85032076,0.837187,0.016652463003993,0.00059866905,0.0011916757,0.013726771
LSTM,3,2,0.83278584,0.8326618,0.84737295,0.8318041,0.016652463003993,0.00012403727,0.00085771084,0.014587104
LSTM,3,2,0.8304052,0.8304885,0.84501934,0.83092177,0.016652463003993,8.332729e-05,0.00043326616,0.014614165
LSTM,3,2,0.8279812,0.82820517,0.840635,0.8282397,0.016652463003993,0.00022399426,3.451109e-05,0.012653828
LSTM,3,2,0.82542586,0.8250298,0.8386372,0.8255578,0.016652463003993,0.00039607286,0.00052803755,0.01321131
LSTM,3,2,0.821652,0.8227891,0.836594,0.82065195,0.016652463003993,0.0011370778,0.0021371245,0.01494199
LSTM,3,2,0.81947356,0.8209226,0.83278584,0.8202245,0.016652463003993,0.0014490485,0.0006980896,0.01331228
LSTM,3,2,0.81584245,0.8178141,0.8304052,0.8152558,0.016652463003993,0.001971662,0.002558291,0.014562726
LSTM,3,2,0.7852165,0.8151876,0.8279812,0.76445425,0.016652463003993,0.029971063,0.050733328,0.042764664
LSTM,3,2,0.7745726,0.8126666,0.82542586,0.7809715,0.016652463003993,0.038093984,0.031695068,0.050853252
LSTM,3,2,0.76936585,0.810687,0.821652,0.7776759,0.016652463003993,0.04132116,0.03301108,0.052286148
LSTM,3,2,0.77465296,0.8075486,0.81947356,0.7849715,0.016652463003993,0.032895625,0.022577107,0.044820607
LSTM,3,2,0.7817123,0.8039424,0.81584245,0.7851703,0.016652463003993,0.022230089,0.018772066,0.034130156
LSTM,3,2,0.78228194,0.7751796,0.7852165,0.77831256,0.016652463003993,0.0071023107,0.0031329393,0.002934575
LSTM,3,2,0.7822884,0.76429427,0.7745726,0.78225696,0.016652463003993,0.017994106,0.017962694,0.0077157617
LSTM,3,2,0.7811153,0.76093566,0.76936585,0.781134,0.016652463003993,0.02017963,0.020198345,0.011749446
LSTM,3,2,0.77862954,0.76453364,0.77465296,0.7774245,0.016652463003993,0.014095902,0.012890875,0.0039765835
LSTM,3,2,0.7769228,0.77104247,0.7817123,0.7765846,0.016652463003993,0.005880356,0.005542159,0.0047894716
LSTM,3,2,0.7747978,0.773914,0.78228194,0.7743248,0.016652463003993,0.0008838177,0.0004107952,0.007484138
LSTM,3,2,0.76932585,0.7722141,0.7822884,0.7668429,0.016652463003993,0.0028882623,0.005371213,0.01296252
LSTM,3,2,0.7685439,0.7703725,0.7811153,0.77091295,0.016652463003993,0.0018286109,0.0005404353,0.012571394
LSTM,3,2,0.7676814,0.76867485,0.77862954,0.76865005,0.016652463003993,0.0009934306,2.4795532e-05,0.010948122
LSTM,3,2,0.76306593,0.7664027,0.7769228,0.76043946,0.016652463003993,0.0033367872,0.005963266,0.013856888
LSTM,3,2,0.7626847,0.764166,0.7747978,0.76458675,0.016652463003993,0.0014812946,0.0004207492,0.012113094
LSTM,3,2,0.7614515,0.76045585,0.76932585,0.7619401,0.016652463003993,0.000995636,0.0014842749,0.00787437
LSTM,3,2,0.7592007,0.7582755,0.7685439,0.7586939,0.016652463003993,0.0009251833,0.000418365,0.009343207
LSTM,3,2,0.7602192,0.75704426,0.7676814,0.7621662,0.016652463003993,0.0031749606,0.0051219463,0.0074622035
LSTM,3,2,0.759819,0.7541255,0.76306593,0.7596321,0.016652463003993,0.0056934953,0.0055066347,0.003246963
LSTM,3,2,0.7549537,0.75237787,0.7626847,0.75163776,0.016652463003993,0.0025758147,0.0007401109,0.0077310205
LSTM,3,2,0.7519001,0.7508927,0.7614515,0.75180364,0.016652463003993,0.0010073781,0.0009109378,0.009551406
LSTM,3,2,0.750797,0.7503114,0.7592007,0.7525507,0.016652463003993,0.00048559904,0.0022393465,0.0084037185
LSTM,3,2,0.7510644,0.7498565,0.7602192,0.7528603,0.016652463003993,0.0012079477,0.0030038357,0.009154797
LSTM,3,2,0.7092285,0.7491136,0.759819,0.6776149,0.016652463003993,0.039885104,0.07149869,0.050590456
LSTM,3,2,0.72760206,0.7455751,0.7549537,0.7597753,0.016652463003993,0.017973006,0.014200211,0.027351618
LSTM,3,2,0.7418836,0.7421399,0.7519001,0.7549082,0.016652463003993,0.00025629997,0.012768328,0.010016501
LSTM,3,2,0.7436009,0.7401108,0.750797,0.73637134,0.016652463003993,0.0034900904,0.0037394762,0.0071960688
GRU,3,2,0.94113797,0.9467685,0.9606321,0.9414375,0.016652463003993,0.005630553,0.0053310394,0.019494116
GRU,3,2,0.9375997,0.94198644,0.9561806,0.9378173,0.016652463003993,0.004386723,0.004169166,0.018580854
GRU,3,2,0.9340181,0.93820125,0.95254374,0.93405557,0.016652463003993,0.004183173,0.004145682,0.01852566
GRU,3,2,0.93025273,0.9317574,0.948457,0.9301114,0.016652463003993,0.0015046597,0.0016459823,0.018204272
GRU,3,2,0.9263759,0.9272719,0.94471425,0.92627954,0.016652463003993,0.000895977,0.0009923577,0.018338323
GRU,3,2,0.92008877,0.92339224,0.94113797,0.91825813,0.016652463003993,0.0033034682,0.0051341057,0.021049201
GRU,3,2,0.91254264,0.91946924,0.9375997,0.91081816,0.016652463003993,0.006926596,0.008651078,0.025057077
GRU,3,2,0.9060747,0.91541946,0.9340181,0.9062835,0.016652463003993,0.009344757,0.0091359615,0.027943373
GRU,3,2,0.9007882,0.91128176,0.93025273,0.9018278,0.016652463003993,0.0104935765,0.009453952,0.029464543
GRU,3,2,0.8973508,0.90701723,0.9263759,0.898967,0.016652463003993,0.009666443,0.008050203,0.029025137
GRU,3,2,0.89371383,0.90003574,0.92008877,0.89397746,0.016652463003993,0.006321907,0.0060582757,0.026374936
GRU,3,2,0.8908685,0.8934392,0.91254264,0.89155674,0.016652463003993,0.0025706887,0.0018824339,0.021674156
GRU,3,2,0.8870938,0.8881482,0.9060747,0.88687485,0.016652463003993,0.0010544062,0.001273334,0.01898092
GRU,3,2,0.8840972,0.88368297,0.9007882,0.88466233,0.016652463003993,0.00041425228,0.0009793639,0.01669097
GRU,3,2,0.87969196,0.8805928,0.8973508,0.8789045,0.016652463003993,0.0009008646,0.0016883016,0.01765883
GRU,3,2,0.8769984,0.8774887,0.89371383,0.8779261,0.016652463003993,0.0004902482,0.0004374385,0.016715407
GRU,3,2,0.87414736,0.87474275,0.8908685,0.87450397,0.016652463003993,0.0005953908,0.0002387762,0.01672113
GRU,3,2,0.86923474,0.8715068,0.8870938,0.86774975,0.016652463003993,0.0022720695,0.0037570596,0.017859042
GRU,3,2,0.866317,0.8685959,0.8840972,0.8671693,0.016652463003993,0.002278924,0.0014265776,0.017780244
GRU,3,2,0.86317223,0.8649982,0.87969196,0.86350703,0.016652463003993,0.0018259883,0.001491189,0.016519725
GRU,3,2,0.8588393,0.86178446,0.8769984,0.85806805,0.016652463003993,0.0029451847,0.0037164092,0.018159151
GRU,3,2,0.8562217,0.8592691,0.87414736,0.8570387,0.016652463003993,0.0030474067,0.0022304058,0.01792568
GRU,3,2,0.85032076,0.85530216,0.86923474,0.84824985,0.016652463003993,0.0049813986,0.0070523024,0.018913984
GRU,3,2,0.84737295,0.8518909,0.866317,0.8488109,0.016652463003993,0.0045179725,0.0030800104,0.018944025
GRU,3,2,0.84501934,0.8489385,0.86317223,0.84612906,0.016652463003993,0.003919184,0.002809465,0.018152893
GRU,3,2,0.840635,0.8453719,0.8588393,0.83940315,0.016652463003993,0.0047369003,0.0059687495,0.018204272
GRU,3,2,0.8386372,0.84206223,0.8562217,0.8398147,0.016652463003993,0.0034250617,0.0022475123,0.017584503
GRU,3,2,0.836594,0.8383734,0.85032076,0.837187,0.016652463003993,0.0017794371,0.0011864305,0.013726771
GRU,3,2,0.83278584,0.8340564,0.84737295,0.8318041,0.016652463003993,0.0012705326,0.0022522807,0.014587104
GRU,3,2,0.8304052,0.8341818,0.84501934,0.83092177,0.016652463003993,0.00377661,0.0032600164,0.014614165
GRU,3,2,0.8279812,0.82878685,0.840635,0.8282397,0.016652463003993,0.000805676,0.00054717064,0.012653828
GRU,3,2,0.82542586,0.82521003,0.8386372,0.8255578,0.016652463003993,0.00021582842,0.0003477931,0.01321131
GRU,3,2,0.821652,0.8227049,0.836594,0.82065195,0.016652463003993,0.001052916,0.0020529628,0.01494199
GRU,3,2,0.81947356,0.81995535,0.83278584,0.8202245,0.016652463003993,0.00048178434,0.00026917458,0.01331228
GRU,3,2,0.81584245,0.8170478,0.8304052,0.8152558,0.016652463003993,0.0012053251,0.001791954,0.014562726
GRU,3,2,0.7852165,0.81487423,0.8279812,0.76445425,0.016652463003993,0.029657722,0.050419986,0.042764664
GRU,3,2,0.7745726,0.81271076,0.82542586,0.7809715,0.016652463003993,0.03813815,0.031739235,0.050853252
GRU,3,2,0.76936585,0.8099109,0.821652,0.7776759,0.016652463003993,0.040545046,0.032234967,0.052286148
GRU,3,2,0.77465296,0.8072845,0.81947356,0.7849715,0.016652463003993,0.032631516,0.022312999,0.044820607
GRU,3,2,0.7817123,0.8044392,0.81584245,0.7851703,0.016652463003993,0.022726893,0.01926887,0.034130156
GRU,3,2,0.78228194,0.77724946,0.7852165,0.77831256,0.016652463003993,0.0050324798,0.0010631084,0.002934575
GRU,3,2,0.7822884,0.76801103,0.7745726,0.78225696,0.016652463003993,0.014277339,0.014245927,0.0077157617
GRU,3,2,0.7811153,0.7657002,0.76936585,0.781134,0.016652463003993,0.015415072,0.015433788,0.011749446
GRU,3,2,0.77862954,0.76915014,0.77465296,0.7774245,0.016652463003993,0.0094794035,0.008274376,0.0039765835
GRU,3,2,0.7769228,0.7737876,0.7817123,0.7765846,0.016652463003993,0.0031352043,0.0027970076,0.0047894716
GRU,3,2,0.7747978,0.7754891,0.78228194,0.7743248,0.016652463003993,0.00069129467,0.0011643171,0.007484138
GRU,3,2,0.76932585,0.77355444,0.7822884,0.7668429,0.016652463003993,0.004228592,0.0067115426,0.01296252
GRU,3,2,0.7685439,0.77130663,0.7811153,0.77091295,0.016652463003993,0.002762735,0.00039368868,0.012571394
GRU,3,2,0.7676814,0.77013624,0.77862954,0.76865005,0.016652463003993,0.0024548173,0.0014861822,0.010948122
GRU,3,2,0.76306593,0.7680795,0.7769228,0.76043946,0.016652463003993,0.005013585,0.0076400638,0.013856888
GRU,3,2,0.7626847,0.76603675,0.7747978,0.76458675,0.016652463003993,0.003352046,0.0014500022,0.012113094
GRU,3,2,0.7614515,0.76422554,0.76932585,0.7619401,0.016652463003993,0.0027740598,0.002285421,0.00787437
GRU,3,2,0.7592007,0.762218,0.7685439,0.7586939,0.016652463003993,0.0030173063,0.0035241246,0.009343207
GRU,3,2,0.7602192,0.7609564,0.7676814,0.7621662,0.016652463003993,0.00073719025,0.0012097955,0.0074622035
GRU,3,2,0.759819,0.7597612,0.76306593,0.7596321,0.016652463003993,5.77569e-05,0.00012910366,0.003246963
GRU,3,2,0.7549537,0.75761414,0.7626847,0.75163776,0.016652463003993,0.0026604533,0.005976379,0.0077310205
GRU,3,2,0.7519001,0.7555661,0.7614515,0.75180364,0.016652463003993,0.0036660433,0.0037624836,0.009551406
GRU,3,2,0.750797,0.7577699,0.7592007,0.7525507,0.016652463003993,0.006972909,0.0052191615,0.0084037185
GRU,3,2,0.7510644,0.7567151,0.7602192,0.7528603,0.016652463003993,0.005650699,0.0038548112,0.009154797
GRU,3,2,0.7092285,0.75497854,0.759819,0.6776149,0.016652463003993,0.045750022,0.07736361,0.050590456
GRU,3,2,0.72760206,0.75437194,0.7549537,0.7597753,0.016652463003993,0.026769876,0.00540334,0.027351618
GRU,3,2,0.7418836,0.75035644,0.7519001,0.7549082,0.016652463003993,0.00847286,0.0045517683,0.010016501
GRU,3,2,0.7436009,0.7477816,0.750797,0.73637134,0.016652463003993,0.00418067,0.011410236,0.0071960688
MLP,3,2,0.94113797,0.9351703,0.9606321,0.9414375,0.016652463003993,0.0059676766,0.00626719,0.019494116
MLP,3,2,0.9375997,0.9448658,0.9561806,0.9378173,0.016652463003993,0.007266104,0.0070485473,0.018580854
MLP,3,2,0.9340181,0.93714654,0.95254374,0.93405557,0.016652463003993,0.003128469,0.0030909777,0.01852566
MLP,3,2,0.93025273,0.93193614,0.948457,0.9301114,0.016652463003993,0.001683414,0.0018247366,0.018204272
MLP,3,2,0.9263759,0.9300015,0.94471425,0.92627954,0.016652463003993,0.0036255717,0.0037219524,0.018338323
MLP,3,2,0.92008877,0.9282536,0.94113797,0.91825813,0.016652463003993,0.008164823,0.0099954605,0.021049201
MLP,3,2,0.91254264,0.92534465,0.9375997,0.91081816,0.016652463003993,0.012802005,0.014526486,0.025057077
MLP,3,2,0.9060747,0.9090295,0.9340181,0.9062835,0.016652463003993,0.002954781,0.002745986,0.027943373
MLP,3,2,0.9007882,0.9084609,0.93025273,0.9018278,0.016652463003993,0.007672727,0.006633103,0.029464543
MLP,3,2,0.8973508,0.9043356,0.9263759,0.898967,0.016652463003993,0.00698483,0.0053685904,0.029025137
MLP,3,2,0.89371383,0.8966693,0.92008877,0.89397746,0.016652463003993,0.0029554963,0.002691865,0.026374936
MLP,3,2,0.8908685,0.8874141,0.91254264,0.89155674,0.016652463003993,0.0034543872,0.004142642,0.021674156
MLP,3,2,0.8870938,0.88660866,0.9060747,0.88687485,0.016652463003993,0.0004851222,0.00026619434,0.01898092
MLP,3,2,0.8840972,0.87962604,0.9007882,0.88466233,0.016652463003993,0.004471183,0.0050362945,0.01669097
MLP,3,2,0.87969196,0.8748312,0.8973508,0.8789045,0.016652463003993,0.004860759,0.004073322,0.01765883
MLP,3,2,0.8769984,0.8747015,0.89371383,0.8779261,0.016652463003993,0.0022969246,0.0032246113,0.016715407
MLP,3,2,0.87414736,0.87485105,0.8908685,0.87450397,0.016652463003993,0.00070369244,0.00034707785,0.01672113
MLP,3,2,0.86923474,0.874975,0.8870938,0.86774975,0.016652463003993,0.005740285,0.007225275,0.017859042
MLP,3,2,0.866317,0.8717385,0.8840972,0.8671693,0.016652463003993,0.0054215193,0.004569173,0.017780244
MLP,3,2,0.86317223,0.8635899,0.87969196,0.86350703,0.016652463003993,0.00041764975,8.2850456e-05,0.016519725
MLP,3,2,0.8588393,0.8590048,0.8769984,0.85806805,0.016652463003993,0.0001655221,0.0009367466,0.018159151
MLP,3,2,0.8562217,0.8610751,0.87414736,0.8570387,0.016652463003993,0.0048534274,0.0040364265,0.01792568
MLP,3,2,0.85032076,0.84892094,0.86923474,0.84824985,0.016652463003993,0.0013998151,0.0006710887,0.018913984
MLP,3,2,0.84737295,0.849146,0.866317,0.8488109,0.016652463003993,0.0017730594,0.0003350973,0.018944025
MLP,3,2,0.84501934,0.8521213,0.86317223,0.84612906,0.016652463003993,0.007101953,0.0059922338,0.018152893
MLP,3,2,0.840635,0.8423077,0.8588393,0.83940315,0.016652463003993,0.0016726851,0.0029045343,0.018204272
MLP,3,2,0.8386372,0.8435898,0.8562217,0.8398147,0.016652463003993,0.0049526095,0.0037750602,0.017584503
MLP,3,2,0.836594,0.83679557,0.85032076,0.837187,0.016652463003993,0.00020158291,0.0003914237,0.013726771
MLP,3,2,0.83278584,0.8357346,0.84737295,0.8318041,0.016652463003993,0.002948761,0.003930509,0.014587104
MLP,3,2,0.8304052,0.8372506,0.84501934,0.83092177,0.016652463003993,0.0068454146,0.006328821,0.014614165
MLP,3,2,0.8279812,0.8343315,0.840635,0.8282397,0.016652463003993,0.0063503385,0.006091833,0.012653828
MLP,3,2,0.82542586,0.8364371,0.8386372,0.8255578,0.016652463003993,0.011011243,0.010879278,0.01321131
MLP,3,2,0.821652,0.8278495,0.836594,0.82065195,0.016652463003993,0.006197512,0.007197559,0.01494199
MLP,3,2,0.81947356,0.8245688,0.83278584,0.8202245,0.016652463003993,0.0050952435,0.0043442845,0.01331228
MLP,3,2,0.81584245,0.81675917,0.8304052,0.8152558,0.016652463003993,0.00091671944,0.0015033484,0.014562726
MLP,3,2,0.7852165,0.822941,0.8279812,0.76445425,0.016652463003993,0.037724495,0.05848676,0.042764664
MLP,3,2,0.7745726,0.8198317,0.82542586,0.7809715,0.016652463003993,0.045259118,0.0388602,0.050853252
MLP,3,2,0.76936585,0.81868994,0.821652,0.7776759,0.016652463003993,0.049324095,0.041014016,0.052286148
MLP,3,2,0.77465296,0.8102968,0.81947356,0.7849715,0.016652463003993,0.035643816,0.025325298,0.044820607
MLP,3,2,0.7817123,0.80745715,0.81584245,0.7851703,0.016652463003993,0.025744855,0.022286832,0.034130156
MLP,3,2,0.78228194,0.775802,0.7852165,0.77831256,0.016652463003993,0.006479919,0.0025105476,0.002934575
MLP,3,2,0.7822884,0.7469318,0.7745726,0.78225696,0.016652463003993,0.03535658,0.03532517,0.0077157617
MLP,3,2,0.7811153,0.77777916,0.76936585,0.781134,0.016652463003993,0.0033361316,0.0033548474,0.011749446
MLP,3,2,0.77862954,0.7913008,0.77465296,0.7774245,0.016652463003993,0.012671232,0.013876259,0.0039765835
MLP,3,2,0.7769228,0.80667686,0.7817123,0.7765846,0.016652463003993,0.029754043,0.03009224,0.0047894716
MLP,3,2,0.7747978,0.80987924,0.78228194,0.7743248,0.016652463003993,0.035081446,0.03555447,0.007484138
MLP,3,2,0.76932585,0.8031467,0.7822884,0.7668429,0.016652463003993,0.033820868,0.03630382,0.01296252
MLP,3,2,0.7685439,0.7938937,0.7811153,0.77091295,0.016652463003993,0.025349796,0.02298075,0.012571394
MLP,3,2,0.7676814,0.7905477,0.77862954,0.76865005,0.016652463003993,0.022866309,0.021897674,0.010948122
MLP,3,2,0.76306593,0.79693824,0.7769228,0.76043946,0.016652463003993,0.033872306,0.036498785,0.013856888
MLP,3,2,0.7626847,0.7877108,0.7747978,0.76458675,0.016652463003993,0.025026083,0.02312404,0.012113094
MLP,3,2,0.7614515,0.7762662,0.76932585,0.7619401,0.016652463003993,0.014814734,0.014326096,0.00787437
MLP,3,2,0.7592007,0.77066797,0.7685439,0.7586939,0.016652463003993,0.011467278,0.011974096,0.009343207
MLP,3,2,0.7602192,0.7732244,0.7676814,0.7621662,0.016652463003993,0.013005197,0.011058211,0.0074622035
MLP,3,2,0.759819,0.7756933,0.76306593,0.7596321,0.016652463003993,0.015874326,0.016061187,0.003246963
MLP,3,2,0.7549537,0.7722066,0.7626847,0.75163776,0.016652463003993,0.017252922,0.020568848,0.0077310205
MLP,3,2,0.7519001,0.7667784,0.7614515,0.75180364,0.016652463003993,0.014878333,0.014974773,0.009551406
MLP,3,2,0.750797,0.7690257,0.7592007,0.7525507,0.016652463003993,0.01822871,0.016474962,0.0084037185
MLP,3,2,0.7510644,0.7795039,0.7602192,0.7528603,0.016652463003993,0.028439462,0.026643574,0.009154797
MLP,3,2,0.7092285,0.76675624,0.759819,0.6776149,0.016652463003993,0.05752772,0.08914131,0.050590456
MLP,3,2,0.72760206,0.7598024,0.7549537,0.7597753,0.016652463003993,0.032200336,2.7120113e-05,0.027351618
MLP,3,2,0.7418836,0.77112615,0.7519001,0.7549082,0.016652463003993,0.029242575,0.016217947,0.010016501
MLP,3,2,0.7436009,0.75732994,0.750797,0.73637134,0.016652463003993,0.013729036,0.020958602,0.0071960688
Seq2Seq,3,2,0.94113797,0.939659,0.9606321,0.9414375,0.016652463003993,0.00147897,0.0017784834,0.019494116
Seq2Seq,3,2,0.9375997,0.9358983,0.9561806,0.9378173,0.016652463003993,0.0017014146,0.0019189715,0.018580854
Seq2Seq,3,2,0.9340181,0.938552,0.95254374,0.93405557,0.016652463003993,0.0045339465,0.004496455,0.01852566
Seq2Seq,3,2,0.93025273,0.9350656,0.948457,0.9301114,0.016652463003993,0.0048128963,0.004954219,0.018204272
Seq2Seq,3,2,0.9263759,0.93191004,0.94471425,0.92627954,0.016652463003993,0.0055341125,0.005630493,0.018338323
Seq2Seq,3,2,0.92008877,0.92843336,0.94113797,0.91825813,0.016652463003993,0.008344591,0.010175228,0.021049201
Seq2Seq,3,2,0.91254264,0.9238416,0.9375997,0.91081816,0.016652463003993,0.0112989545,0.013023436,0.025057077
Seq2Seq,3,2,0.9060747,0.9187147,0.9340181,0.9062835,0.016652463003993,0.012639999,0.012431204,0.027943373
Seq2Seq,3,2,0.9007882,0.91507703,0.93025273,0.9018278,0.016652463003993,0.014288843,0.013249218,0.029464543
Seq2Seq,3,2,0.8973508,0.9112845,0.9263759,0.898967,0.016652463003993,0.013933718,0.012317479,0.029025137
Seq2Seq,3,2,0.89371383,0.905235,0.92008877,0.89397746,0.016652463003993,0.011521161,0.011257529,0.026374936
Seq2Seq,3,2,0.8908685,0.8978045,0.91254264,0.89155674,0.016652463003993,0.0069360137,0.006247759,0.021674156
Seq2Seq,3,2,0.8870938,0.8915285,0.9060747,0.88687485,0.016652463003993,0.004434705,0.0046536326,0.01898092
Seq2Seq,3,2,0.8840972,0.8864095,0.9007882,0.88466233,0.016652463003993,0.0023123026,0.001747191,0.01669097
Seq2Seq,3,2,0.87969196,0.8830044,0.8973508,0.8789045,0.016652463003993,0.0033124685,0.0040999055,0.01765883
Seq2Seq,3,2,0.8769984,0.87911654,0.89371383,0.8779261,0.016652463003993,0.0021181107,0.001190424,0.016715407
Seq2Seq,3,2,0.87414736,0.8762632,0.8908685,0.87450397,0.016652463003993,0.0021158457,0.0017592311,0.01672113
Seq2Seq,3,2,0.86923474,0.87214726,0.8870938,0.86774975,0.016652463003993,0.0029125214,0.0043975115,0.017859042
Seq2Seq,3,2,0.866317,0.8691644,0.8840972,0.8671693,0.016652463003993,0.002847433,0.0019950867,0.017780244
Seq2Seq,3,2,0.86317223,0.86425674,0.87969196,0.86350703,0.016652463003993,0.0010845065,0.0007497072,0.016519725
Seq2Seq,3,2,0.8588393,0.8616429,0.8769984,0.85806805,0.016652463003993,0.0028036237,0.0035748482,0.018159151
Seq2Seq,3,2,0.8562217,0.8587392,0.87414736,0.8570387,0.016652463003993,0.0025175214,0.0017005205,0.01792568
Seq2Seq,3,2,0.85032076,0.8537188,0.86923474,0.84824985,0.016652463003993,0.0033980608,0.0054689646,0.018913984
Seq2Seq,3,2,0.84737295,0.8506312,0.866317,0.8488109,0.016652463003993,0.0032582283,0.0018202662,0.018944025
Seq2Seq,3,2,0.84501934,0.8475951,0.86317223,0.84612906,0.016652463003993,0.0025757551,0.0014660358,0.018152893
Seq2Seq,3,2,0.840635,0.843359,0.8588393,0.83940315,0.016652463003993,0.0027239919,0.003955841,0.018204272
Seq2Seq,3,2,0.8386372,0.84075433,0.8562217,0.8398147,0.016652463003993,0.002117157,0.0009396076,0.017584503
Seq2Seq,3,2,0.836594,0.83511686,0.85032076,0.837187,0.016652463003993,0.0014771223,0.002070129,0.013726771
Seq2Seq,3,2,0.83278584,0.83255774,0.84737295,0.8318041,0.016652463003993,0.00022810698,0.0007536411,0.014587104
Seq2Seq,3,2,0.8304052,0.8321183,0.84501934,0.83092177,0.016652463003993,0.0017130971,0.0011965036,0.014614165
Seq2Seq,3,2,0.8279812,0.82747895,0.840635,0.8282397,0.016652463003993,0.00050222874,0.0007607341,0.012653828
Seq2Seq,3,2,0.82542586,0.82474756,0.8386372,0.8255578,0.016652463003993,0.00067830086,0.00081026554,0.01321131
Seq2Seq,3,2,0.821652,0.8230188,0.836594,0.82065195,0.016652463003993,0.0013667941,0.0023668408,0.01494199
Seq2Seq,3,2,0.81947356,0.8198158,0.83278584,0.8202245,0.016652463003993,0.00034224987,0.00040870905,0.01331228
Seq2Seq,3,2,0.81584245,0.8176662,0.8304052,0.8152558,0.016652463003993,0.0018237233,0.0024103522,0.014562726
Seq2Seq,3,2,0.7852165,0.8146394,0.8279812,0.76445425,0.016652463003993,0.02942288,0.050185144,0.042764664
Seq2Seq,3,2,0.7745726,0.81212926,0.82542586,0.7809715,0.016652463003993,0.03755665,0.031157732,0.050853252
Seq2Seq,3,2,0.76936585,0.8091331,0.821652,0.7776759,0.016652463003993,0.039767265,0.031457186,0.052286148
Seq2Seq,3,2,0.77465296,0.80689764,0.81947356,0.7849715,0.016652463003993,0.032244682,0.021926165,0.044820607
Seq2Seq,3,2,0.7817123,0.8034667,0.81584245,0.7851703,0.016652463003993,0.021754384,0.018296361,0.034130156
Seq2Seq,3,2,0.78228194,0.7748248,0.7852165,0.77831256,0.016652463003993,0.007457137,0.0034877658,0.002934575
Seq2Seq,3,2,0.7822884,0.76384866,0.7745726,0.78225696,0.016652463003993,0.01843971,0.018408298,0.0077157617
Seq2Seq,3,2,0.7811153,0.76237386,0.76936585,0.781134,0.016652463003993,0.018741429,0.018760145,0.011749446
Seq2Seq,3,2,0.77862954,0.7649066,0.77465296,0.7774245,0.016652463003993,0.013722956,0.012517929,0.0039765835
Seq2Seq,3,2,0.7769228,0.77328634,0.7817123,0.7765846,0.016652463003993,0.0036364794,0.0032982826,0.0047894716
Seq2Seq,3,2,0.7747978,0.7796902,0.78228194,0.7743248,0.016652463003993,0.004892409,0.0053654313,0.007484138
Seq2Seq,3,2,0.76932585,0.77590084,0.7822884,0.7668429,0.016652463003993,0.0065749884,0.009057939,0.01296252
Seq2Seq,3,2,0.7685439,0.7754721,0.7811153,0.77091295,0.016652463003993,0.0069282055,0.0045591593,0.012571394
Seq2Seq,3,2,0.7676814,0.7728705,0.77862954,0.76865005,0.016652463003993,0.005189061,0.004220426,0.010948122
Seq2Seq,3,2,0.76306593,0.7709741,0.7769228,0.76043946,0.016652463003993,0.007908165,0.010534644,0.013856888
Seq2Seq,3,2,0.7626847,0.7700132,0.7747978,0.76458675,0.016652463003993,0.0073285103,0.0054264665,0.012113094
Seq2Seq,3,2,0.7614515,0.7663277,0.76932585,0.7619401,0.016652463003993,0.0048761964,0.0043875575,0.00787437
Seq2Seq,3,2,0.7592007,0.76267976,0.7685439,0.7586939,0.016652463003993,0.0034790635,0.003985882,0.009343207
Seq2Seq,3,2,0.7602192,0.7627264,0.7676814,0.7621662,0.016652463003993,0.0025072098,0.00056022406,0.0074622035
Seq2Seq,3,2,0.759819,0.7619723,0.76306593,0.7596321,0.016652463003993,0.002153337,0.0023401976,0.003246963
Seq2Seq,3,2,0.7549537,0.75822866,0.7626847,0.75163776,0.016652463003993,0.0032749772,0.006590903,0.0077310205
Seq2Seq,3,2,0.7519001,0.75794035,0.7614515,0.75180364,0.016652463003993,0.006040275,0.0061367154,0.009551406
Seq2Seq,3,2,0.750797,0.7591981,0.7592007,0.7525507,0.016652463003993,0.0084011555,0.006647408,0.0084037185
Seq2Seq,3,2,0.7510644,0.75726485,0.7602192,0.7528603,0.016652463003993,0.006200433,0.004404545,0.009154797
Seq2Seq,3,2,0.7092285,0.7577394,0.759819,0.6776149,0.016652463003993,0.04851091,0.0801245,0.050590456
Seq2Seq,3,2,0.72760206,0.75645274,0.7549537,0.7597753,0.016652463003993,0.028850675,0.0033225417,0.027351618
Seq2Seq,3,2,0.7418836,0.75101185,0.7519001,0.7549082,0.016652463003993,0.0091282725,0.0038963556,0.010016501
Seq2Seq,3,2,0.7436009,0.75011814,0.750797,0.73637134,0.016652463003993,0.0065172315,0.013746798,0.0071960688
Persistence,4,8,0.93683,0.94997877,0.94997877,0.93700594,0.0160684995353221,0.013148785,0.012972832,0.013148785
Persistence,4,8,0.9340925,0.94775486,0.94775486,0.9342602,0.0160684995353221,0.013662338,0.01349467,0.013662338
Persistence,4,8,0.9314681,0.9453048,0.9453048,0.9315556,0.0160684995353221,0.013836682,0.013749182,0.013836682
Persistence,4,8,0.9289253,0.9425526,0.9425526,0.9290431,0.0160684995353221,0.01362735,0.013509512,0.01362735
Persistence,4,8,0.9249288,0.9396827,0.9396827,0.9239091,0.0160684995353221,0.014753938,0.015773594,0.014753938
Persistence,4,8,0.91991353,0.93683,0.93683,0.918714,0.0160684995353221,0.016916454,0.018115997,0.016916454
Persistence,4,8,0.91546106,0.9340925,0.9340925,0.91546667,0.0160684995353221,0.018631458,0.018625855,0.018631458
Persistence,4,8,0.9118359,0.9314681,0.9314681,0.91252786,0.0160684995353221,0.01963222,0.01894027,0.01963222
Persistence,4,8,0.9094296,0.9289253,0.9289253,0.91051894,0.0160684995353221,0.019495666,0.018406332,0.019495666
Persistence,4,8,0.9068412,0.9249288,0.9249288,0.9069752,0.0160684995353221,0.018087566,0.017953575,0.018087566
Persistence,4,8,0.90469533,0.91991353,0.91991353,0.9050516,0.0160684995353221,0.015218198,0.014861941,0.015218198
Persistence,4,8,0.9011971,0.91546106,0.91546106,0.90045947,0.0160684995353221,0.014263988,0.015001595,0.014263988
Persistence,4,8,0.8979334,0.9118359,0.9118359,0.89786327,0.0160684995353221,0.013902485,0.01397264,0.013902485
Persistence,4,8,0.8935779,0.9094296,0.9094296,0.8927835,0.0160684995353221,0.015851736,0.016646087,0.015851736
Persistence,4,8,0.8903983,0.9068412,0.9068412,0.8909326,0.0160684995353221,0.016442895,0.015908599,0.016442895
Persistence,4,8,0.8872067,0.90469533,0.90469533,0.88743687,0.0160684995353221,0.017488658,0.017258465,0.017488658
Persistence,4,8,0.88281226,0.9011971,0.9011971,0.88189805,0.0160684995353221,0.018384814,0.01929903,0.018384814
Persistence,4,8,0.8798018,0.8979334,0.8979334,0.88043463,0.0160684995353221,0.018131614,0.017498791,0.018131614
Persistence,4,8,0.8768994,0.8935779,0.8935779,0.8773423,0.0160684995353221,0.016678452,0.01623559,0.016678452
Persistence,4,8,0.87308687,0.8903983,0.8903983,0.8725722,0.0160684995353221,0.017311454,0.01782614,0.017311454
Persistence,4,8,0.87054336,0.8872067,0.8872067,0.8711753,0.0160684995353221,0.016663313,0.016031384,0.016663313
Persistence,4,8,0.8653625,0.88281226,0.88281226,0.8636935,0.0160684995353221,0.017449737,0.019118786,0.017449737
Persistence,4,8,0.86199594,0.8798018,0.8798018,0.8627271,0.0160684995353221,0.017805874,0.017074704,0.017805874
Persistence,4,8,0.858977,0.8768994,0.8768994,0.8596122,0.0160684995353221,0.017922401,0.017287195,0.017922401
Persistence,4,8,0.8548072,0.87308687,0.87308687,0.8541004,0.0160684995353221,0.018279672,0.018986464,0.018279672
Persistence,4,8,0.85227776,0.87054336,0.87054336,0.8531293,0.0160684995353221,0.018265605,0.017414033,0.018265605
Persistence,4,8,0.8497689,0.8653625,0.8653625,0.85018986,0.0160684995353221,0.015593648,0.01517266,0.015593648
Persistence,4,8,0.84596294,0.86199594,0.86199594,0.8452262,0.0160684995353221,0.016032994,0.016769707,0.016032994
Persistence,4,8,0.8434499,0.858977,0.858977,0.8440351,0.0160684995353221,0.015527129,0.014941931,0.015527129
Persistence,4,8,0.8410229,0.8548072,0.8548072,0.841397,0.0160684995353221,0.013784289,0.013410211,0.013784289
Persistence,4,8,0.8384085,0.85227776,0.85227776,0.8384812,0.0160684995353221,0.013869226,0.013796568,0.013869226
Persistence,4,8,0.8346899,0.8497689,0.8497689,0.8337816,0.0160684995353221,0.015078962,0.015987277,0.015078962
Persistence,4,8,0.8322796,0.84596294,0.84596294,0.8328909,0.0160684995353221,0.013683319,0.013072014,0.013683319
Persistence,4,8,0.8282152,0.8434499,0.8434499,0.82739633,0.0160684995353221,0.015234709,0.016053557,0.015234709
Persistence,4,8,0.8224394,0.8410229,0.8410229,0.8207112,0.0160684995353221,0.018583536,0.020311713,0.018583536
Persistence,4,8,0.81832886,0.8384085,0.8384085,0.81884015,0.0160684995353221,0.020079672,0.019568384,0.020079672
Persistence,4,8,0.81353146,0.8346899,0.8346899,0.8133654,0.0160684995353221,0.021158457,0.021324515,0.021158457
Persistence,4,8,0.81149614,0.8322796,0.8322796,0.81342536,0.0160684995353221,0.020783484,0.01885426,0.020783484
Persistence,4,8,0.80988216,0.8282152,0.8282152,0.8108213,0.0160684995353221,0.018333018,0.017393887,0.018333018
Persistence,4,8,0.8067483,0.8224394,0.8224394,0.8058771,0.0160684995353221,0.015691102,0.016562283,0.015691102
Persistence,4,8,0.8049616,0.81832886,0.81832886,0.8057116,0.0160684995353221,0.013367236,0.01261723,0.013367236
Persistence,4,8,0.8028835,0.81353146,0.81353146,0.80316347,0.0160684995353221,0.010647953,0.01036799,0.010647953
Persistence,4,8,0.8002674,0.81149614,0.81149614,0.80001974,0.0160684995353221,0.01122874,0.0114763975,0.01122874
Persistence,4,8,0.79795,0.80988216,0.80988216,0.79795176,0.0160684995353221,0.011932135,0.011930406,0.011932135
Persistence,4,8,0.7954731,0.8067483,0.8067483,0.7953816,0.0160684995353221,0.011275172,0.011366665,0.011275172
Persistence,4,8,0.7917763,0.8049616,0.8049616,0.79093003,0.0160684995353221,0.013185322,0.014031589,0.013185322
Persistence,4,8,0.7898146,0.8028835,0.8028835,0.790719,0.0160684995353221,0.013068914,0.012164533,0.013068914
Persistence,4,8,0.7877891,0.8002674,0.8002674,0.7881407,0.0160684995353221,0.012478292,0.012126684,0.012478292
Persistence,4,8,0.78448933,0.79795,0.79795,0.78360945,0.0160684995353221,0.013460696,0.0143405795,0.013460696
Persistence,4,8,0.78317857,0.7954731,0.7954731,0.7842444,0.0160684995353221,0.012294531,0.011228681,0.012294531
Persistence,4,8,0.78152376,0.7917763,0.7917763,0.7818289,0.0160684995353221,0.010252535,0.009947419,0.010252535
Persistence,4,8,0.78051496,0.7898146,0.7898146,0.78112775,0.0160684995353221,0.009299636,0.0086868405,0.009299636
Persistence,4,8,0.7800982,0.7877891,0.7877891,0.78069496,0.0160684995353221,0.0076909065,0.007094145,0.0076909065
Persistence,4,8,0.779117,0.78448933,0.78448933,0.7789461,0.0160684995353221,0.0053723454,0.005543232,0.0053723454
Persistence,4,8,0.775965,0.78317857,0.78317857,0.7743528,0.0160684995353221,0.0072135925,0.008825779,0.0072135925
Persistence,4,8,0.7753005,0.78152376,0.78152376,0.7765333,0.0160684995353221,0.0062232614,0.0049904585,0.0062232614
Persistence,4,8,0.77288765,0.78051496,0.78051496,0.77223295,0.0160684995353221,0.0076273084,0.008282006,0.0076273084
Persistence,4,8,0.7704472,0.7800982,0.7800982,0.77001107,0.0160684995353221,0.009651005,0.010087132,0.009651005
Persistence,4,8,0.767572,0.779117,0.779117,0.7669814,0.0160684995353221,0.011545002,0.012135565,0.011545002
Persistence,4,8,0.76539034,0.775965,0.775965,0.7657531,0.0160684995353221,0.010574639,0.010211885,0.010574639
Persistence,4,8,0.7635203,0.7753005,0.7753005,0.76400506,0.0160684995353221,0.011780202,0.011295438,0.011780202
Persistence,4,8,0.7611381,0.77288765,0.77288765,0.7607664,0.0160684995353221,0.011749566,0.01212126,0.011749566
Persistence,4,8,0.75974095,0.7704472,0.7704472,0.76027095,0.0160684995353221,0.010706246,0.010176241,0.010706246
Persistence,4,8,0.75810933,0.767572,0.767572,0.7582583,0.0160684995353221,0.009462655,0.009313703,0.009462655
Persistence,4,8,0.75518143,0.76539034,0.76539034,0.75427175,0.0160684995353221,0.010208905,0.011118591,0.010208905
Persistence,4,8,0.7542566,0.7635203,0.7635203,0.75534886,0.0160684995353221,0.009263694,0.008171439,0.009263694
MQAttn-LSTM-VQR,4,8,0.93683,0.93129766,0.94997877,0.93700594,0.0160684995353221,0.0055323243,0.005708277,0.013148785
MQAttn-LSTM-VQR,4,8,0.9340925,0.9277648,0.94775486,0.9342602,0.0160684995353221,0.0063277483,0.006495416,0.013662338
MQAttn-LSTM-VQR,4,8,0.9314681,0.9236205,0.9453048,0.9315556,0.0160684995353221,0.007847607,0.007935107,0.013836682
MQAttn-LSTM-VQR,4,8,0.9289253,0.92014325,0.9425526,0.9290431,0.0160684995353221,0.008782029,0.008899868,0.01362735
MQAttn-LSTM-VQR,4,8,0.9249288,0.9168327,0.9396827,0.9239091,0.0160684995353221,0.008096099,0.0070764422,0.014753938
MQAttn-LSTM-VQR,4,8,0.91991353,0.9134992,0.93683,0.918714,0.0160684995353221,0.006414354,0.0052148104,0.016916454
MQAttn-LSTM-VQR,4,8,0.91546106,0.91041815,0.9340925,0.91546667,0.0160684995353221,0.0050429106,0.0050485134,0.018631458
MQAttn-LSTM-VQR,4,8,0.9118359,0.9075825,0.9314681,0.91252786,0.0160684995353221,0.0042533875,0.004945338,0.01963222
MQAttn-LSTM-VQR,4,8,0.9094296,0.90468687,0.9289253,0.91051894,0.0160684995353221,0.0047427416,0.005832076,0.019495666
MQAttn-LSTM-VQR,4,8,0.9068412,0.90136105,0.9249288,0.9069752,0.0160684995353221,0.0054801702,0.0056141615,0.018087566
MQAttn-LSTM-VQR,4,8,0.90469533,0.8976021,0.91991353,0.9050516,0.0160684995353221,0.0070932508,0.0074495077,0.015218198
MQAttn-LSTM-VQR,4,8,0.9011971,0.894221,0.91546106,0.90045947,0.0160684995353221,0.006976068,0.0062384605,0.014263988
MQAttn-LSTM-VQR,4,8,0.8979334,0.8916755,0.9118359,0.89786327,0.0160684995353221,0.0062579513,0.0061877966,0.013902485
MQAttn-LSTM-VQR,4,8,0.8935779,0.88993543,0.9094296,0.8927835,0.0160684995353221,0.0036424398,0.0028480887,0.015851736
MQAttn-LSTM-VQR,4,8,0.8903983,0.8880222,0.9068412,0.8909326,0.0160684995353221,0.0023761392,0.0029104352,0.016442895
MQAttn-LSTM-VQR,4,8,0.8872067,0.8862951,0.90469533,0.88743687,0.0160684995353221,0.00091159344,0.0011417866,0.017488658
MQAttn-LSTM-VQR,4,8,0.88281226,0.88341516,0.9011971,0.88189805,0.0160684995353221,0.000602901,0.001517117,0.018384814
MQAttn-LSTM-VQR,4,8,0.8798018,0.8806092,0.8979334,0.88043463,0.0160684995353221,0.0008074045,0.000174582,0.018131614
MQAttn-LSTM-VQR,4,8,0.8768994,0.87703973,0.8935779,0.8773423,0.0160684995353221,0.00014030933,0.00030255318,0.016678452
MQAttn-LSTM-VQR,4,8,0.87308687,0.87424904,0.8903983,0.8725722,0.0160684995353221,0.0011621714,0.0016768575,0.017311454
MQAttn-LSTM-VQR,4,8,0.87054336,0.8715805,0.8872067,0.8711753,0.0160684995353221,0.0010371208,0.00040519238,0.016663313
MQAttn-LSTM-VQR,4,8,0.8653625,0.867708,0.88281226,0.8636935,0.0160684995353221,0.0023455024,0.0040145516,0.017449737
MQAttn-LSTM-VQR,4,8,0.86199594,0.86481917,0.8798018,0.8627271,0.0160684995353221,0.0028232336,0.0020920634,0.017805874
MQAttn-LSTM-VQR,4,8,0.858977,0.8620936,0.8768994,0.8596122,0.0160684995353221,0.0031166077,0.002481401,0.017922401
MQAttn-LSTM-VQR,4,8,0.8548072,0.8588029,0.87308687,0.8541004,0.0160684995353221,0.0039957166,0.0047025084,0.018279672
MQAttn-LSTM-VQR,4,8,0.85227776,0.8559721,0.87054336,0.8531293,0.0160684995353221,0.0036943555,0.002842784,0.018265605
MQAttn-LSTM-VQR,4,8,0.8497689,0.8499155,0.8653625,0.85018986,0.0160684995353221,0.00014662743,0.00027436018,0.015593648
MQAttn-LSTM-VQR,4,8,0.84596294,0.8470558,0.86199594,0.8452262,0.0160684995353221,0.0010928512,0.0018295646,0.016032994
MQAttn-LSTM-VQR,4,8,0.8434499,0.8448674,0.858977,0.8440351,0.0160684995353221,0.0014175177,0.00083231926,0.015527129
MQAttn-LSTM-VQR,4,8,0.8410229,0.8399694,0.8548072,0.841397,0.0160684995353221,0.0010535121,0.0014275908,0.013784289
MQAttn-LSTM-VQR,4,8,0.8384085,0.83747375,0.85227776,0.8384812,0.0160684995353221,0.00093477964,0.0010074377,0.013869226
MQAttn-LSTM-VQR,4,8,0.8346899,0.8348482,0.8497689,0.8337816,0.0160684995353221,0.00015830994,0.0010666251,0.015078962
MQAttn-LSTM-VQR,4,8,0.8322796,0.8313305,0.84596294,0.8328909,0.0160684995353221,0.00094914436,0.0015604496,0.013683319
MQAttn-LSTM-VQR,4,8,0.8282152,0.82824063,0.8434499,0.82739633,0.0160684995353221,2.5451183e-05,0.0008442998,0.015234709
MQAttn-LSTM-VQR,4,8,0.8224394,0.8258505,0.8410229,0.8207112,0.0160684995353221,0.0034111142,0.0051392913,0.018583536
MQAttn-LSTM-VQR,4,8,0.81832886,0.8238791,0.8384085,0.81884015,0.0160684995353221,0.0055502653,0.0050389767,0.020079672
MQAttn-LSTM-VQR,4,8,0.81353146,0.8207344,0.8346899,0.8133654,0.0160684995353221,0.0072029233,0.007368982,0.021158457
MQAttn-LSTM-VQR,4,8,0.81149614,0.81753707,0.8322796,0.81342536,0.0160684995353221,0.0060409307,0.004111707,0.020783484
MQAttn-LSTM-VQR,4,8,0.80988216,0.813892,0.8282152,0.8108213,0.0160684995353221,0.004009843,0.003070712,0.018333018
MQAttn-LSTM-VQR,4,8,0.8067483,0.8086398,0.8224394,0.8058771,0.0160684995353221,0.0018915534,0.002762735,0.015691102
MQAttn-LSTM-VQR,4,8,0.8049616,0.80470914,0.81832886,0.8057116,0.0160684995353221,0.00025248528,0.0010024905,0.013367236
MQAttn-LSTM-VQR,4,8,0.8028835,0.80180556,0.81353146,0.80316347,0.0160684995353221,0.00107795,0.001357913,0.010647953
MQAttn-LSTM-VQR,4,8,0.8002674,0.7986068,0.81149614,0.80001974,0.0160684995353221,0.0016605854,0.0014129281,0.01122874
MQAttn-LSTM-VQR,4,8,0.79795,0.79765314,0.80988216,0.79795176,0.0160684995353221,0.00029689074,0.00029861927,0.011932135
MQAttn-LSTM-VQR,4,8,0.7954731,0.79623413,0.8067483,0.7953816,0.0160684995353221,0.0007610321,0.00085252523,0.011275172
MQAttn-LSTM-VQR,4,8,0.7917763,0.79308915,0.8049616,0.79093003,0.0160684995353221,0.0013128519,0.0021591187,0.013185322
MQAttn-LSTM-VQR,4,8,0.7898146,0.79170924,0.8028835,0.790719,0.0160684995353221,0.0018946528,0.0009902716,0.013068914
MQAttn-LSTM-VQR,4,8,0.7877891,0.7902502,0.8002674,0.7881407,0.0160684995353221,0.0024610758,0.002109468,0.012478292
MQAttn-LSTM-VQR,4,8,0.78448933,0.7877474,0.79795,0.78360945,0.0160684995353221,0.0032580495,0.0041379333,0.013460696
MQAttn-LSTM-VQR,4,8,0.78317857,0.7856557,0.7954731,0.7842444,0.0160684995353221,0.0024771094,0.0014112592,0.012294531
MQAttn-LSTM-VQR,4,8,0.78152376,0.7832485,0.7917763,0.7818289,0.0160684995353221,0.00172472,0.0014196038,0.010252535
MQAttn-LSTM-VQR,4,8,0.78051496,0.78037715,0.7898146,0.78112775,0.0160684995353221,0.00013780594,0.0007506013,0.009299636
MQAttn-LSTM-VQR,4,8,0.7800982,0.77879137,0.7877891,0.78069496,0.0160684995353221,0.0013068318,0.0019035935,0.0076909065
MQAttn-LSTM-VQR,4,8,0.779117,0.77595705,0.78448933,0.7789461,0.0160684995353221,0.0031599402,0.0029890537,0.0053723454
MQAttn-LSTM-VQR,4,8,0.775965,0.7741982,0.78317857,0.7743528,0.0160684995353221,0.0017668009,0.00015461445,0.0072135925
MQAttn-LSTM-VQR,4,8,0.7753005,0.77323484,0.78152376,0.7765333,0.0160684995353221,0.0020656586,0.0032984614,0.0062232614
MQAttn-LSTM-VQR,4,8,0.77288765,0.7719947,0.78051496,0.77223295,0.0160684995353221,0.0008929372,0.00023823977,0.0076273084
MQAttn-LSTM-VQR,4,8,0.7704472,0.7701933,0.7800982,0.77001107,0.0160684995353221,0.0002539158,0.0001822114,0.009651005
MQAttn-LSTM-VQR,4,8,0.767572,0.7698102,0.779117,0.7669814,0.0160684995353221,0.002238214,0.0028287768,0.011545002
MQAttn-LSTM-VQR,4,8,0.76539034,0.767,0.775965,0.7657531,0.0160684995353221,0.001609683,0.0012469292,0.010574639
MQAttn-LSTM-VQR,4,8,0.7635203,0.7654323,0.7753005,0.76400506,0.0160684995353221,0.0019119978,0.0014272332,0.011780202
MQAttn-LSTM-VQR,4,8,0.7611381,0.7641235,0.77288765,0.7607664,0.0160684995353221,0.0029854178,0.0033571124,0.011749566
MQAttn-LSTM-VQR,4,8,0.75974095,0.76240546,0.7704472,0.76027095,0.0160684995353221,0.0026645064,0.002134502,0.010706246
MQAttn-LSTM-VQR,4,8,0.75810933,0.76002425,0.767572,0.7582583,0.0160684995353221,0.0019149184,0.0017659664,0.009462655
MQAttn-LSTM-VQR,4,8,0.75518143,0.75728375,0.76539034,0.75427175,0.0160684995353221,0.0021023154,0.0030120015,0.010208905
MQAttn-LSTM-VQR,4,8,0.7542566,0.756075,0.7635203,0.75534886,0.0160684995353221,0.0018184185,0.0007261634,0.009263694
MQAttn-LSTM-VQR classical twin,4,8,0.93683,0.9283141,0.94997877,0.93700594,0.0160684995353221,0.008515894,0.008691847,0.013148785
MQAttn-LSTM-VQR classical twin,4,8,0.9340925,0.92788106,0.94775486,0.9342602,0.0160684995353221,0.0062114596,0.0063791275,0.013662338
MQAttn-LSTM-VQR classical twin,4,8,0.9314681,0.92515147,0.9453048,0.9315556,0.0160684995353221,0.006316662,0.0064041615,0.013836682
MQAttn-LSTM-VQR classical twin,4,8,0.9289253,0.9220379,0.9425526,0.9290431,0.0160684995353221,0.0068873763,0.0070052147,0.01362735
MQAttn-LSTM-VQR classical twin,4,8,0.9249288,0.9188252,0.9396827,0.9239091,0.0160684995353221,0.006103575,0.0050839186,0.014753938
MQAttn-LSTM-VQR classical twin,4,8,0.91991353,0.9156593,0.93683,0.918714,0.0160684995353221,0.004254222,0.0030546784,0.016916454
MQAttn-LSTM-VQR classical twin,4,8,0.91546106,0.9127192,0.9340925,0.91546667,0.0160684995353221,0.0027418733,0.002747476,0.018631458
MQAttn-LSTM-VQR classical twin,4,8,0.9118359,0.9104152,0.9314681,0.91252786,0.0160684995353221,0.0014207363,0.0021126866,0.01963222
MQAttn-LSTM-VQR classical twin,4,8,0.9094296,0.90813935,0.9289253,0.91051894,0.0160684995353221,0.0012902617,0.0023795962,0.019495666
MQAttn-LSTM-VQR classical twin,4,8,0.9068412,0.9044994,0.9249288,0.9069752,0.0160684995353221,0.002341807,0.0024757981,0.018087566
MQAttn-LSTM-VQR classical twin,4,8,0.90469533,0.89999646,0.91991353,0.9050516,0.0160684995353221,0.0046988726,0.0050551295,0.015218198
MQAttn-LSTM-VQR classical twin,4,8,0.9011971,0.89571565,0.91546106,0.90045947,0.0160684995353221,0.005481422,0.0047438145,0.014263988
MQAttn-LSTM-VQR classical twin,4,8,0.8979334,0.8924347,0.9118359,0.89786327,0.0160684995353221,0.0054987073,0.0054285526,0.013902485
MQAttn-LSTM-VQR classical twin,4,8,0.8935779,0.8906305,0.9094296,0.8927835,0.0160684995353221,0.00294739,0.002153039,0.015851736
MQAttn-LSTM-VQR classical twin,4,8,0.8903983,0.88820016,0.9068412,0.8909326,0.0160684995353221,0.0021981597,0.0027324557,0.016442895
MQAttn-LSTM-VQR classical twin,4,8,0.8872067,0.886705,0.90469533,0.88743687,0.0160684995353221,0.0005016923,0.00073188543,0.017488658
MQAttn-LSTM-VQR classical twin,4,8,0.88281226,0.8831857,0.9011971,0.88189805,0.0160684995353221,0.0003734231,0.0012876391,0.018384814
MQAttn-LSTM-VQR classical twin,4,8,0.8798018,0.88043576,0.8979334,0.88043463,0.0160684995353221,0.000633955,1.1324883e-06,0.018131614
MQAttn-LSTM-VQR classical twin,4,8,0.8768994,0.87565434,0.8935779,0.8773423,0.0160684995353221,0.0012450814,0.0016879439,0.016678452
MQAttn-LSTM-VQR classical twin,4,8,0.87308687,0.8732247,0.8903983,0.8725722,0.0160684995353221,0.00013780594,0.00065249205,0.017311454
MQAttn-LSTM-VQR classical twin,4,8,0.87054336,0.8705113,0.8872067,0.8711753,0.0160684995353221,3.20673e-05,0.00066399574,0.016663313
MQAttn-LSTM-VQR classical twin,4,8,0.8653625,0.865683,0.88281226,0.8636935,0.0160684995353221,0.00032049417,0.0019895434,0.017449737
MQAttn-LSTM-VQR classical twin,4,8,0.86199594,0.8631762,0.8798018,0.8627271,0.0160684995353221,0.0011802912,0.000449121,0.017805874
MQAttn-LSTM-VQR classical twin,4,8,0.858977,0.86088127,0.8768994,0.8596122,0.0160684995353221,0.0019042492,0.0012690425,0.017922401
MQAttn-LSTM-VQR classical twin,4,8,0.8548072,0.8568339,0.87308687,0.8541004,0.0160684995353221,0.0020266771,0.002733469,0.018279672
MQAttn-LSTM-VQR classical twin,4,8,0.85227776,0.85479873,0.87054336,0.8531293,0.0160684995353221,0.0025209785,0.0016694069,0.018265605
MQAttn-LSTM-VQR classical twin,4,8,0.8497689,0.84930116,0.8653625,0.85018986,0.0160684995353221,0.00046771765,0.00088870525,0.015593648
MQAttn-LSTM-VQR classical twin,4,8,0.84596294,0.8463973,0.86199594,0.8452262,0.0160684995353221,0.00043433905,0.0011710525,0.016032994
MQAttn-LSTM-VQR classical twin,4,8,0.8434499,0.84295815,0.858977,0.8440351,0.0160684995353221,0.0004917383,0.0010769367,0.015527129
MQAttn-LSTM-VQR classical twin,4,8,0.8410229,0.84071857,0.8548072,0.841397,0.0160684995353221,0.00030434132,0.00067842007,0.013784289
MQAttn-LSTM-VQR classical twin,4,8,0.8384085,0.83779407,0.85227776,0.8384812,0.0160684995353221,0.0006144643,0.00068712234,0.013869226
MQAttn-LSTM-VQR classical twin,4,8,0.8346899,0.83541054,0.8497689,0.8337816,0.0160684995353221,0.00072062016,0.0016289353,0.015078962
MQAttn-LSTM-VQR classical twin,4,8,0.8322796,0.83140624,0.84596294,0.8328909,0.0160684995353221,0.00087338686,0.0014846921,0.013683319
MQAttn-LSTM-VQR classical twin,4,8,0.8282152,0.8287018,0.8434499,0.82739633,0.0160684995353221,0.00048661232,0.0013054609,0.015234709
MQAttn-LSTM-VQR classical twin,4,8,0.8224394,0.8265558,0.8410229,0.8207112,0.0160684995353221,0.004116416,0.005844593,0.018583536
MQAttn-LSTM-VQR classical twin,4,8,0.81832886,0.82430756,0.8384085,0.81884015,0.0160684995353221,0.0059787035,0.005467415,0.020079672
MQAttn-LSTM-VQR classical twin,4,8,0.81353146,0.8207647,0.8346899,0.8133654,0.0160684995353221,0.007233262,0.0073993206,0.021158457
MQAttn-LSTM-VQR classical twin,4,8,0.81149614,0.81819296,0.8322796,0.81342536,0.0160684995353221,0.0066968203,0.0047675967,0.020783484
MQAttn-LSTM-VQR classical twin,4,8,0.80988216,0.8147589,0.8282152,0.8108213,0.0160684995353221,0.004876733,0.003937602,0.018333018
MQAttn-LSTM-VQR classical twin,4,8,0.8067483,0.809457,0.8224394,0.8058771,0.0160684995353221,0.002708733,0.0035799146,0.015691102
MQAttn-LSTM-VQR classical twin,4,8,0.8049616,0.80537575,0.81832886,0.8057116,0.0160684995353221,0.00041413307,0.00033587217,0.013367236
MQAttn-LSTM-VQR classical twin,4,8,0.8028835,0.80089515,0.81353146,0.80316347,0.0160684995353221,0.0019883513,0.0022683144,0.010647953
MQAttn-LSTM-VQR classical twin,4,8,0.8002674,0.7979097,0.81149614,0.80001974,0.0160684995353221,0.0023577213,0.002110064,0.01122874
MQAttn-LSTM-VQR classical twin,4,8,0.79795,0.7966657,0.80988216,0.79795176,0.0160684995353221,0.0012843013,0.0012860298,0.011932135
MQAttn-LSTM-VQR classical twin,4,8,0.7954731,0.7947995,0.8067483,0.7953816,0.0160684995353221,0.0006735921,0.00058209896,0.011275172
MQAttn-LSTM-VQR classical twin,4,8,0.7917763,0.791868,0.8049616,0.79093003,0.0160684995353221,9.1671944e-05,0.0009379387,0.013185322
MQAttn-LSTM-VQR classical twin,4,8,0.7898146,0.79025364,0.8028835,0.790719,0.0160684995353221,0.0004390478,0.00046533346,0.013068914
MQAttn-LSTM-VQR classical twin,4,8,0.7877891,0.7882708,0.8002674,0.7881407,0.0160684995353221,0.00048166513,0.00013005733,0.012478292
MQAttn-LSTM-VQR classical twin,4,8,0.78448933,0.7856081,0.79795,0.78360945,0.0160684995353221,0.0011187792,0.001998663,0.013460696
MQAttn-LSTM-VQR classical twin,4,8,0.78317857,0.7836161,0.7954731,0.7842444,0.0160684995353221,0.0004375577,0.00062829256,0.012294531
MQAttn-LSTM-VQR classical twin,4,8,0.78152376,0.78100336,0.7917763,0.7818289,0.0160684995353221,0.00052040815,0.00082552433,0.010252535
MQAttn-LSTM-VQR classical twin,4,8,0.78051496,0.7778508,0.7898146,0.78112775,0.0160684995353221,0.0026641488,0.0032769442,0.009299636
MQAttn-LSTM-VQR classical twin,4,8,0.7800982,0.7760875,0.7877891,0.78069496,0.0160684995353221,0.0040106773,0.004607439,0.0076909065
MQAttn-LSTM-VQR classical twin,4,8,0.779117,0.7746743,0.78448933,0.7789461,0.0160684995353221,0.004442692,0.0042718053,0.0053723454
MQAttn-LSTM-VQR classical twin,4,8,0.775965,0.772049,0.78317857,0.7743528,0.0160684995353221,0.0039159656,0.0023037791,0.0072135925
MQAttn-LSTM-VQR classical twin,4,8,0.7753005,0.7710683,0.78152376,0.7765333,0.0160684995353221,0.004232228,0.0054650307,0.0062232614
MQAttn-LSTM-VQR classical twin,4,8,0.77288765,0.7709579,0.78051496,0.77223295,0.0160684995353221,0.00192976,0.0012750626,0.0076273084
MQAttn-LSTM-VQR classical twin,4,8,0.7704472,0.7691732,0.7800982,0.77001107,0.0160684995353221,0.0012739897,0.0008378625,0.009651005
MQAttn-LSTM-VQR classical twin,4,8,0.767572,0.7685981,0.779117,0.7669814,0.0160684995353221,0.001026094,0.0016166568,0.011545002
MQAttn-LSTM-VQR classical twin,4,8,0.76539034,0.7670242,0.775965,0.7657531,0.0160684995353221,0.0016338825,0.0012711287,0.010574639
MQAttn-LSTM-VQR classical twin,4,8,0.7635203,0.76473534,0.7753005,0.76400506,0.0160684995353221,0.0012150407,0.0007302761,0.011780202
MQAttn-LSTM-VQR classical twin,4,8,0.7611381,0.7625424,0.77288765,0.7607664,0.0160684995353221,0.001404345,0.0017760396,0.011749566
MQAttn-LSTM-VQR classical twin,4,8,0.75974095,0.760647,0.7704472,0.76027095,0.0160684995353221,0.0009060502,0.0003760457,0.010706246
MQAttn-LSTM-VQR classical twin,4,8,0.75810933,0.7584294,0.767572,0.7582583,0.0160684995353221,0.00032007694,0.00017112494,0.009462655
MQAttn-LSTM-VQR classical twin,4,8,0.75518143,0.75570625,0.76539034,0.75427175,0.0160684995353221,0.0005248189,0.001434505,0.010208905
MQAttn-LSTM-VQR classical twin,4,8,0.7542566,0.75391656,0.7635203,0.75534886,0.0160684995353221,0.0003400445,0.0014322996,0.009263694
MQAttn-QLSTM-VQR,4,8,0.93683,0.9282104,0.94997877,0.93700594,0.0160684995353221,0.0086196065,0.008795559,0.013148785
MQAttn-QLSTM-VQR,4,8,0.9340925,0.9260956,0.94775486,0.9342602,0.0160684995353221,0.007996917,0.008164585,0.013662338
MQAttn-QLSTM-VQR,4,8,0.9314681,0.9233398,0.9453048,0.9315556,0.0160684995353221,0.008128345,0.008215845,0.013836682
MQAttn-QLSTM-VQR,4,8,0.9289253,0.92033744,0.9425526,0.9290431,0.0160684995353221,0.008587837,0.008705676,0.01362735
MQAttn-QLSTM-VQR,4,8,0.9249288,0.9172896,0.9396827,0.9239091,0.0160684995353221,0.0076391697,0.006619513,0.014753938
MQAttn-QLSTM-VQR,4,8,0.91991353,0.9143364,0.93683,0.918714,0.0160684995353221,0.005577147,0.0043776035,0.016916454
MQAttn-QLSTM-VQR,4,8,0.91546106,0.9115552,0.9340925,0.91546667,0.0160684995353221,0.0039058924,0.003911495,0.018631458
MQAttn-QLSTM-VQR,4,8,0.9118359,0.9089881,0.9314681,0.91252786,0.0160684995353221,0.0028477907,0.003539741,0.01963222
MQAttn-QLSTM-VQR,4,8,0.9094296,0.9064946,0.9289253,0.91051894,0.0160684995353221,0.0029349923,0.004024327,0.019495666
MQAttn-QLSTM-VQR,4,8,0.9068412,0.90257066,0.9249288,0.9069752,0.0160684995353221,0.0042705536,0.004404545,0.018087566
MQAttn-QLSTM-VQR,4,8,0.90469533,0.8976645,0.91991353,0.9050516,0.0160684995353221,0.0070308447,0.0073871017,0.015218198
MQAttn-QLSTM-VQR,4,8,0.9011971,0.8933427,0.91546106,0.90045947,0.0160684995353221,0.007854402,0.0071167946,0.014263988
MQAttn-QLSTM-VQR,4,8,0.8979334,0.88984114,0.9118359,0.89786327,0.0160684995353221,0.008092284,0.00802213,0.013902485
MQAttn-QLSTM-VQR,4,8,0.8935779,0.88753945,0.9094296,0.8927835,0.0160684995353221,0.0060384274,0.0052440763,0.015851736
MQAttn-QLSTM-VQR,4,8,0.8903983,0.8851354,0.9068412,0.8909326,0.0160684995353221,0.0052629113,0.0057972074,0.016442895
MQAttn-QLSTM-VQR,4,8,0.8872067,0.8830767,0.90469533,0.88743687,0.0160684995353221,0.004129946,0.0043601394,0.017488658
MQAttn-QLSTM-VQR,4,8,0.88281226,0.87981856,0.9011971,0.88189805,0.0160684995353221,0.002993703,0.0020794868,0.018384814
MQAttn-QLSTM-VQR,4,8,0.8798018,0.8766588,0.8979334,0.88043463,0.0160684995353221,0.0031430125,0.003775835,0.018131614
MQAttn-QLSTM-VQR,4,8,0.8768994,0.872695,0.8935779,0.8773423,0.0160684995353221,0.0042043924,0.004647255,0.016678452
MQAttn-QLSTM-VQR,4,8,0.87308687,0.86953413,0.8903983,0.8725722,0.0160684995353221,0.0035527349,0.0030380487,0.017311454
MQAttn-QLSTM-VQR,4,8,0.87054336,0.8665516,0.8872067,0.8711753,0.0160684995353221,0.0039917827,0.004623711,0.016663313
MQAttn-QLSTM-VQR,4,8,0.8653625,0.86262774,0.88281226,0.8636935,0.0160684995353221,0.0027347803,0.001065731,0.017449737
MQAttn-QLSTM-VQR,4,8,0.86199594,0.8596416,0.8798018,0.8627271,0.0160684995353221,0.0023543239,0.003085494,0.017805874
MQAttn-QLSTM-VQR,4,8,0.858977,0.85692817,0.8768994,0.8596122,0.0160684995353221,0.00204885,0.0026840568,0.017922401
MQAttn-QLSTM-VQR,4,8,0.8548072,0.85359603,0.87308687,0.8541004,0.0160684995353221,0.0012111664,0.0005043745,0.018279672
MQAttn-QLSTM-VQR,4,8,0.85227776,0.8509776,0.87054336,0.8531293,0.0160684995353221,0.0013001561,0.0021517277,0.018265605
MQAttn-QLSTM-VQR,4,8,0.8497689,0.8465452,0.8653625,0.85018986,0.0160684995353221,0.0032236576,0.0036446452,0.015593648
MQAttn-QLSTM-VQR,4,8,0.84596294,0.8430125,0.86199594,0.8452262,0.0160684995353221,0.00295043,0.0022137165,0.016032994
MQAttn-QLSTM-VQR,4,8,0.8434499,0.8418084,0.858977,0.8440351,0.0160684995353221,0.0016415119,0.0022267103,0.015527129
MQAttn-QLSTM-VQR,4,8,0.8410229,0.8367509,0.8548072,0.841397,0.0160684995353221,0.004271984,0.004646063,0.013784289
MQAttn-QLSTM-VQR,4,8,0.8384085,0.8340717,0.85227776,0.8384812,0.0160684995353221,0.004336834,0.004409492,0.013869226
MQAttn-QLSTM-VQR,4,8,0.8346899,0.8317709,0.8497689,0.8337816,0.0160684995353221,0.0029190183,0.002010703,0.015078962
MQAttn-QLSTM-VQR,4,8,0.8322796,0.82845545,0.84596294,0.8328909,0.0160684995353221,0.0038241744,0.0044354796,0.013683319
MQAttn-QLSTM-VQR,4,8,0.8282152,0.82587683,0.8434499,0.82739633,0.0160684995353221,0.0023383498,0.0015195012,0.015234709
MQAttn-QLSTM-VQR,4,8,0.8224394,0.8235806,0.8410229,0.8207112,0.0160684995353221,0.0011412501,0.0028694272,0.018583536
MQAttn-QLSTM-VQR,4,8,0.81832886,0.82115155,0.8384085,0.81884015,0.0160684995353221,0.0028226972,0.0023114085,0.020079672
MQAttn-QLSTM-VQR,4,8,0.81353146,0.81787354,0.8346899,0.8133654,0.0160684995353221,0.004342079,0.0045081377,0.021158457
MQAttn-QLSTM-VQR,4,8,0.81149614,0.8153761,0.8322796,0.81342536,0.0160684995353221,0.0038799644,0.0019507408,0.020783484
MQAttn-QLSTM-VQR,4,8,0.80988216,0.8116405,0.8282152,0.8108213,0.0160684995353221,0.001758337,0.00081920624,0.018333018
MQAttn-QLSTM-VQR,4,8,0.8067483,0.80629784,0.8224394,0.8058771,0.0160684995353221,0.0004504323,0.0004207492,0.015691102
MQAttn-QLSTM-VQR,4,8,0.8049616,0.8023362,0.81832886,0.8057116,0.0160684995353221,0.0026254058,0.003375411,0.013367236
MQAttn-QLSTM-VQR,4,8,0.8028835,0.79804546,0.81353146,0.80316347,0.0160684995353221,0.0048380494,0.0051180124,0.010647953
MQAttn-QLSTM-VQR,4,8,0.8002674,0.79596627,0.81149614,0.80001974,0.0160684995353221,0.004301131,0.0040534735,0.01122874
MQAttn-QLSTM-VQR,4,8,0.79795,0.7945179,0.80988216,0.79795176,0.0160684995353221,0.0034321547,0.0034338832,0.011932135
MQAttn-QLSTM-VQR,4,8,0.7954731,0.7916634,0.8067483,0.7953816,0.0160684995353221,0.0038096905,0.0037181973,0.011275172
MQAttn-QLSTM-VQR,4,8,0.7917763,0.7899114,0.8049616,0.79093003,0.0160684995353221,0.0018649101,0.0010186434,0.013185322
MQAttn-QLSTM-VQR,4,8,0.7898146,0.7879556,0.8028835,0.790719,0.0160684995353221,0.0018590093,0.0027633905,0.013068914
MQAttn-QLSTM-VQR,4,8,0.7877891,0.78543127,0.8002674,0.7881407,0.0160684995353221,0.0023578405,0.0027094483,0.012478292
MQAttn-QLSTM-VQR,4,8,0.78448933,0.7831631,0.79795,0.78360945,0.0160684995353221,0.001326263,0.00044637918,0.013460696
MQAttn-QLSTM-VQR,4,8,0.78317857,0.7807757,0.7954731,0.7842444,0.0160684995353221,0.002402842,0.0034686923,0.012294531
MQAttn-QLSTM-VQR,4,8,0.78152376,0.7771499,0.7917763,0.7818289,0.0160684995353221,0.0043738484,0.0046789646,0.010252535
MQAttn-QLSTM-VQR,4,8,0.78051496,0.7752916,0.7898146,0.78112775,0.0160684995353221,0.005223334,0.005836129,0.009299636
MQAttn-QLSTM-VQR,4,8,0.7800982,0.77336407,0.7877891,0.78069496,0.0160684995353221,0.0067341328,0.0073308945,0.0076909065
MQAttn-QLSTM-VQR,4,8,0.779117,0.77010906,0.78448933,0.7789461,0.0160684995353221,0.009007931,0.008837044,0.0053723454
MQAttn-QLSTM-VQR,4,8,0.775965,0.769005,0.78317857,0.7743528,0.0160684995353221,0.0069599748,0.0053477883,0.0072135925
MQAttn-QLSTM-VQR,4,8,0.7753005,0.7675012,0.78152376,0.7765333,0.0160684995353221,0.0077993274,0.00903213,0.0062232614
MQAttn-QLSTM-VQR,4,8,0.77288765,0.76677525,0.78051496,0.77223295,0.0160684995353221,0.0061123967,0.0054576993,0.0076273084
MQAttn-QLSTM-VQR,4,8,0.7704472,0.76672405,0.7800982,0.77001107,0.0160684995353221,0.0037231445,0.0032870173,0.009651005
MQAttn-QLSTM-VQR,4,8,0.767572,0.7658935,0.779117,0.7669814,0.0160684995353221,0.0016784668,0.001087904,0.011545002
MQAttn-QLSTM-VQR,4,8,0.76539034,0.76274085,0.775965,0.7657531,0.0160684995353221,0.002649486,0.00301224,0.010574639
MQAttn-QLSTM-VQR,4,8,0.7635203,0.76229376,0.7753005,0.76400506,0.0160684995353221,0.0012265444,0.001711309,0.011780202
MQAttn-QLSTM-VQR,4,8,0.7611381,0.759987,0.77288765,0.7607664,0.0160684995353221,0.0011510849,0.00077939034,0.011749566
MQAttn-QLSTM-VQR,4,8,0.75974095,0.7575772,0.7704472,0.76027095,0.0160684995353221,0.0021637678,0.0026937723,0.010706246
MQAttn-QLSTM-VQR,4,8,0.75810933,0.75456566,0.767572,0.7582583,0.0160684995353221,0.003543675,0.003692627,0.009462655
MQAttn-QLSTM-VQR,4,8,0.75518143,0.7524563,0.76539034,0.75427175,0.0160684995353221,0.0027251244,0.0018154383,0.010208905
MQAttn-QLSTM-VQR,4,8,0.7542566,0.7506167,0.7635203,0.75534886,0.0160684995353221,0.0036398768,0.004732132,0.009263694
MQAttn-QLSTM-VQR classical twin,4,8,0.93683,0.9275361,0.94997877,0.93700594,0.0160684995353221,0.009293914,0.009469867,0.013148785
MQAttn-QLSTM-VQR classical twin,4,8,0.9340925,0.9250967,0.94775486,0.9342602,0.0160684995353221,0.008995831,0.009163499,0.013662338
MQAttn-QLSTM-VQR classical twin,4,8,0.9314681,0.922564,0.9453048,0.9315556,0.0160684995353221,0.008904099,0.008991599,0.013836682
MQAttn-QLSTM-VQR classical twin,4,8,0.9289253,0.9196808,0.9425526,0.9290431,0.0160684995353221,0.009244502,0.00936234,0.01362735
MQAttn-QLSTM-VQR classical twin,4,8,0.9249288,0.916663,0.9396827,0.9239091,0.0160684995353221,0.008265793,0.0072461367,0.014753938
MQAttn-QLSTM-VQR classical twin,4,8,0.91991353,0.9136855,0.93683,0.918714,0.0160684995353221,0.0062280297,0.0050284863,0.016916454
MQAttn-QLSTM-VQR classical twin,4,8,0.91546106,0.9108458,0.9340925,0.91546667,0.0160684995353221,0.0046152472,0.00462085,0.018631458
MQAttn-QLSTM-VQR classical twin,4,8,0.9118359,0.9082075,0.9314681,0.91252786,0.0160684995353221,0.0036284328,0.004320383,0.01963222
MQAttn-QLSTM-VQR classical twin,4,8,0.9094296,0.9056347,0.9289253,0.91051894,0.0160684995353221,0.0037949085,0.004884243,0.019495666
MQAttn-QLSTM-VQR classical twin,4,8,0.9068412,0.90173227,0.9249288,0.9069752,0.0160684995353221,0.0051089525,0.0052429438,0.018087566
MQAttn-QLSTM-VQR classical twin,4,8,0.90469533,0.8967558,0.91991353,0.9050516,0.0160684995353221,0.0079395175,0.008295774,0.015218198
MQAttn-QLSTM-VQR classical twin,4,8,0.9011971,0.8924331,0.91546106,0.90045947,0.0160684995353221,0.008763969,0.008026361,0.014263988
MQAttn-QLSTM-VQR classical twin,4,8,0.8979334,0.8888883,0.9118359,0.89786327,0.0160684995353221,0.009045124,0.008974969,0.013902485
MQAttn-QLSTM-VQR classical twin,4,8,0.8935779,0.88640714,0.9094296,0.8927835,0.0160684995353221,0.007170737,0.0063763857,0.015851736
MQAttn-QLSTM-VQR classical twin,4,8,0.8903983,0.88420546,0.9068412,0.8909326,0.0160684995353221,0.006192863,0.006727159,0.016442895
MQAttn-QLSTM-VQR classical twin,4,8,0.8872067,0.88194346,0.90469533,0.88743687,0.0160684995353221,0.0052632093,0.0054934025,0.017488658
MQAttn-QLSTM-VQR classical twin,4,8,0.88281226,0.8790449,0.9011971,0.88189805,0.0160684995353221,0.0037673712,0.0028531551,0.018384814
MQAttn-QLSTM-VQR classical twin,4,8,0.8798018,0.8757558,0.8979334,0.88043463,0.0160684995353221,0.004046023,0.0046788454,0.018131614
MQAttn-QLSTM-VQR classical twin,4,8,0.8768994,0.87246037,0.8935779,0.8773423,0.0160684995353221,0.004439056,0.0048819184,0.016678452
MQAttn-QLSTM-VQR classical twin,4,8,0.87308687,0.86889964,0.8903983,0.8725722,0.0160684995353221,0.0041872263,0.0036725402,0.017311454
MQAttn-QLSTM-VQR classical twin,4,8,0.87054336,0.8659383,0.8872067,0.8711753,0.0160684995353221,0.004605055,0.0052369833,0.016663313
MQAttn-QLSTM-VQR classical twin,4,8,0.8653625,0.86268914,0.88281226,0.8636935,0.0160684995353221,0.0026733875,0.0010043383,0.017449737
MQAttn-QLSTM-VQR classical twin,4,8,0.86199594,0.8593152,0.8798018,0.8627271,0.0160684995353221,0.002680719,0.003411889,0.017805874
MQAttn-QLSTM-VQR classical twin,4,8,0.858977,0.85651237,0.8768994,0.8596122,0.0160684995353221,0.002464652,0.0030998588,0.017922401
MQAttn-QLSTM-VQR classical twin,4,8,0.8548072,0.85373926,0.87308687,0.8541004,0.0160684995353221,0.0010679364,0.00036114454,0.018279672
MQAttn-QLSTM-VQR classical twin,4,8,0.85227776,0.85062057,0.87054336,0.8531293,0.0160684995353221,0.0016571879,0.0025087595,0.018265605
MQAttn-QLSTM-VQR classical twin,4,8,0.8497689,0.8469653,0.8653625,0.85018986,0.0160684995353221,0.002803564,0.0032245517,0.015593648
MQAttn-QLSTM-VQR classical twin,4,8,0.84596294,0.84285355,0.86199594,0.8452262,0.0160684995353221,0.0031093955,0.002372682,0.016032994
MQAttn-QLSTM-VQR classical twin,4,8,0.8434499,0.84184355,0.858977,0.8440351,0.0160684995353221,0.0016063452,0.0021915436,0.015527129
MQAttn-QLSTM-VQR classical twin,4,8,0.8410229,0.837012,0.8548072,0.841397,0.0160684995353221,0.0040109158,0.0043849945,0.013784289
MQAttn-QLSTM-VQR classical twin,4,8,0.8384085,0.8338748,0.85227776,0.8384812,0.0160684995353221,0.004533708,0.004606366,0.013869226
MQAttn-QLSTM-VQR classical twin,4,8,0.8346899,0.8314388,0.8497689,0.8337816,0.0160684995353221,0.0032511353,0.0023428202,0.015078962
MQAttn-QLSTM-VQR classical twin,4,8,0.8322796,0.8288094,0.84596294,0.8328909,0.0160684995353221,0.003470242,0.0040815473,0.013683319
MQAttn-QLSTM-VQR classical twin,4,8,0.8282152,0.82579494,0.8434499,0.82739633,0.0160684995353221,0.0024202466,0.001601398,0.015234709
MQAttn-QLSTM-VQR classical twin,4,8,0.8224394,0.82323146,0.8410229,0.8207112,0.0160684995353221,0.0007920861,0.0025202632,0.018583536
MQAttn-QLSTM-VQR classical twin,4,8,0.81832886,0.8205953,0.8384085,0.81884015,0.0160684995353221,0.0022664666,0.001755178,0.020079672
MQAttn-QLSTM-VQR classical twin,4,8,0.81353146,0.8181474,0.8346899,0.8133654,0.0160684995353221,0.0046159625,0.004782021,0.021158457
MQAttn-QLSTM-VQR classical twin,4,8,0.81149614,0.8149931,0.8322796,0.81342536,0.0160684995353221,0.003496945,0.0015677214,0.020783484
MQAttn-QLSTM-VQR classical twin,4,8,0.80988216,0.811108,0.8282152,0.8108213,0.0160684995353221,0.0012258291,0.00028669834,0.018333018
MQAttn-QLSTM-VQR classical twin,4,8,0.8067483,0.805893,0.8224394,0.8058771,0.0160684995353221,0.00085526705,1.591444e-05,0.015691102
MQAttn-QLSTM-VQR classical twin,4,8,0.8049616,0.8015089,0.81832886,0.8057116,0.0160684995353221,0.0034527183,0.0042027235,0.013367236
MQAttn-QLSTM-VQR classical twin,4,8,0.8028835,0.79882675,0.81353146,0.80316347,0.0160684995353221,0.0040567517,0.0043367147,0.010647953
MQAttn-QLSTM-VQR classical twin,4,8,0.8002674,0.7958024,0.81149614,0.80001974,0.0160684995353221,0.004464984,0.0042173266,0.01122874
MQAttn-QLSTM-VQR classical twin,4,8,0.79795,0.793966,0.80988216,0.79795176,0.0160684995353221,0.003984034,0.0039857626,0.011932135
MQAttn-QLSTM-VQR classical twin,4,8,0.7954731,0.79231113,0.8067483,0.7953816,0.0160684995353221,0.0031619668,0.0030704737,0.011275172
MQAttn-QLSTM-VQR classical twin,4,8,0.7917763,0.7894257,0.8049616,0.79093003,0.0160684995353221,0.0023506284,0.0015043616,0.013185322
MQAttn-QLSTM-VQR classical twin,4,8,0.7898146,0.7870809,0.8028835,0.790719,0.0160684995353221,0.0027337074,0.0036380887,0.013068914
MQAttn-QLSTM-VQR classical twin,4,8,0.7877891,0.7848276,0.8002674,0.7881407,0.0160684995353221,0.0029615164,0.0033131242,0.012478292
MQAttn-QLSTM-VQR classical twin,4,8,0.78448933,0.7823694,0.79795,0.78360945,0.0160684995353221,0.0021199584,0.0012400746,0.013460696
MQAttn-QLSTM-VQR classical twin,4,8,0.78317857,0.77986944,0.7954731,0.7842444,0.0160684995353221,0.0033091307,0.004374981,0.012294531
MQAttn-QLSTM-VQR classical twin,4,8,0.78152376,0.7774285,0.7917763,0.7818289,0.0160684995353221,0.0040952563,0.0044003725,0.010252535
MQAttn-QLSTM-VQR classical twin,4,8,0.78051496,0.774762,0.7898146,0.78112775,0.0160684995353221,0.0057529807,0.006365776,0.009299636
MQAttn-QLSTM-VQR classical twin,4,8,0.7800982,0.7725462,0.7877891,0.78069496,0.0160684995353221,0.0075520277,0.008148789,0.0076909065
MQAttn-QLSTM-VQR classical twin,4,8,0.779117,0.7705727,0.78448933,0.7789461,0.0160684995353221,0.008544266,0.00837338,0.0053723454
MQAttn-QLSTM-VQR classical twin,4,8,0.775965,0.76796865,0.78317857,0.7743528,0.0160684995353221,0.007996321,0.0063841343,0.0072135925
MQAttn-QLSTM-VQR classical twin,4,8,0.7753005,0.7658966,0.78152376,0.7765333,0.0160684995353221,0.009403884,0.010636687,0.0062232614
MQAttn-QLSTM-VQR classical twin,4,8,0.77288765,0.76605016,0.78051496,0.77223295,0.0160684995353221,0.006837487,0.00618279,0.0076273084
MQAttn-QLSTM-VQR classical twin,4,8,0.7704472,0.76405084,0.7800982,0.77001107,0.0160684995353221,0.0063963532,0.005960226,0.009651005
MQAttn-QLSTM-VQR classical twin,4,8,0.767572,0.762383,0.779117,0.7669814,0.0160684995353221,0.0051890016,0.0045984387,0.011545002
MQAttn-QLSTM-VQR classical twin,4,8,0.76539034,0.7607755,0.775965,0.7657531,0.0160684995353221,0.00461483,0.004977584,0.010574639
MQAttn-QLSTM-VQR classical twin,4,8,0.7635203,0.7586815,0.7753005,0.76400506,0.0160684995353221,0.0048388243,0.005323589,0.011780202
MQAttn-QLSTM-VQR classical twin,4,8,0.7611381,0.7557051,0.77288765,0.7607664,0.0160684995353221,0.0054329634,0.005061269,0.011749566
MQAttn-QLSTM-VQR classical twin,4,8,0.75974095,0.7529653,0.7704472,0.76027095,0.0160684995353221,0.006775677,0.0073056817,0.010706246
MQAttn-QLSTM-VQR classical twin,4,8,0.75810933,0.75114053,0.767572,0.7582583,0.0160684995353221,0.0069687963,0.0071177483,0.009462655
MQAttn-QLSTM-VQR classical twin,4,8,0.75518143,0.74853736,0.76539034,0.75427175,0.0160684995353221,0.00664407,0.005734384,0.010208905
MQAttn-QLSTM-VQR classical twin,4,8,0.7542566,0.7464733,0.7635203,0.75534886,0.0160684995353221,0.0077832937,0.008875549,0.009263694
QLSTM,4,8,0.93683,0.92982006,0.94997877,0.93700594,0.0160684995353221,0.0070099235,0.0071858764,0.013148785
QLSTM,4,8,0.9340925,0.924631,0.94775486,0.9342602,0.0160684995353221,0.009461522,0.00962919,0.013662338
QLSTM,4,8,0.9314681,0.92141396,0.9453048,0.9315556,0.0160684995353221,0.010054171,0.010141671,0.013836682
QLSTM,4,8,0.9289253,0.9183575,0.9425526,0.9290431,0.0160684995353221,0.010567784,0.010685623,0.01362735
QLSTM,4,8,0.9249288,0.91541785,0.9396827,0.9239091,0.0160684995353221,0.009510934,0.008491278,0.014753938
QLSTM,4,8,0.91991353,0.9125976,0.93683,0.918714,0.0160684995353221,0.0073159337,0.00611639,0.016916454
QLSTM,4,8,0.91546106,0.9099872,0.9340925,0.91546667,0.0160684995353221,0.005473852,0.005479455,0.018631458
QLSTM,4,8,0.9118359,0.9075086,0.9314681,0.91252786,0.0160684995353221,0.004327297,0.0050192475,0.01963222
QLSTM,4,8,0.9094296,0.90520275,0.9289253,0.91051894,0.0160684995353221,0.0042268634,0.005316198,0.019495666
QLSTM,4,8,0.9068412,0.90159047,0.9249288,0.9069752,0.0160684995353221,0.005250752,0.005384743,0.018087566
QLSTM,4,8,0.90469533,0.89708024,0.91991353,0.9050516,0.0160684995353221,0.0076150894,0.007971346,0.015218198
QLSTM,4,8,0.9011971,0.8928648,0.91546106,0.90045947,0.0160684995353221,0.0083322525,0.007594645,0.014263988
QLSTM,4,8,0.8979334,0.88953346,0.9118359,0.89786327,0.0160684995353221,0.008399963,0.008329809,0.013902485
QLSTM,4,8,0.8935779,0.887292,0.9094296,0.8927835,0.0160684995353221,0.0062858462,0.005491495,0.015851736
QLSTM,4,8,0.8903983,0.8849308,0.9068412,0.8909326,0.0160684995353221,0.005467534,0.00600183,0.016442895
QLSTM,4,8,0.8872067,0.88293225,0.90469533,0.88743687,0.0160684995353221,0.004274428,0.004504621,0.017488658
QLSTM,4,8,0.88281226,0.87980974,0.9011971,0.88189805,0.0160684995353221,0.0030025244,0.0020883083,0.018384814
QLSTM,4,8,0.8798018,0.876795,0.8979334,0.88043463,0.0160684995353221,0.003006816,0.0036396384,0.018131614
QLSTM,4,8,0.8768994,0.87285006,0.8935779,0.8773423,0.0160684995353221,0.0040493608,0.0044922233,0.016678452
QLSTM,4,8,0.87308687,0.8698819,0.8903983,0.8725722,0.0160684995353221,0.0032049417,0.0026902556,0.017311454
QLSTM,4,8,0.87054336,0.8670077,0.8872067,0.8711753,0.0160684995353221,0.003535688,0.0041676164,0.016663313
QLSTM,4,8,0.8653625,0.86316735,0.88281226,0.8636935,0.0160684995353221,0.0021951795,0.0005261302,0.017449737
QLSTM,4,8,0.86199594,0.8601015,0.8798018,0.8627271,0.0160684995353221,0.0018944144,0.0026255846,0.017805874
QLSTM,4,8,0.858977,0.85741127,0.8768994,0.8596122,0.0160684995353221,0.0015657544,0.002200961,0.017922401
QLSTM,4,8,0.8548072,0.85404533,0.87308687,0.8541004,0.0160684995353221,0.00076186657,5.507469e-05,0.018279672
QLSTM,4,8,0.85227776,0.8515218,0.87054336,0.8531293,0.0160684995353221,0.0007559657,0.0016075373,0.018265605
QLSTM,4,8,0.8497689,0.8480697,0.8653625,0.85018986,0.0160684995353221,0.0016991496,0.0021201372,0.015593648
QLSTM,4,8,0.84596294,0.84350085,0.86199594,0.8452262,0.0160684995353221,0.002462089,0.0017253757,0.016032994
QLSTM,4,8,0.8434499,0.84073275,0.858977,0.8440351,0.0160684995353221,0.0027171373,0.0033023357,0.015527129
QLSTM,4,8,0.8410229,0.8366511,0.8548072,0.841397,0.0160684995353221,0.004371822,0.0047459006,0.013784289
QLSTM,4,8,0.8384085,0.8343247,0.85227776,0.8384812,0.0160684995353221,0.0040838122,0.0041564703,0.013869226
QLSTM,4,8,0.8346899,0.8320175,0.8497689,0.8337816,0.0160684995353221,0.0026724339,0.0017641187,0.015078962
QLSTM,4,8,0.8322796,0.8286825,0.84596294,0.8328909,0.0160684995353221,0.0035971403,0.0042084455,0.013683319
QLSTM,4,8,0.8282152,0.82606894,0.8434499,0.82739633,0.0160684995353221,0.002146244,0.0013273954,0.015234709
QLSTM,4,8,0.8224394,0.8238084,0.8410229,0.8207112,0.0160684995353221,0.0013689995,0.0030971766,0.018583536
QLSTM,4,8,0.81832886,0.82138616,0.8384085,0.81884015,0.0160684995353221,0.003057301,0.0025460124,0.020079672
QLSTM,4,8,0.81353146,0.81816435,0.8346899,0.8133654,0.0160684995353221,0.00463289,0.0047989488,0.021158457
QLSTM,4,8,0.81149614,0.81559736,0.8322796,0.81342536,0.0160684995353221,0.004101217,0.0021719933,0.020783484
QLSTM,4,8,0.80988216,0.81204283,0.8282152,0.8108213,0.0160684995353221,0.0021606684,0.0012215376,0.018333018
QLSTM,4,8,0.8067483,0.8068911,0.8224394,0.8058771,0.0160684995353221,0.00014281273,0.0010139942,0.015691102
QLSTM,4,8,0.8049616,0.80285746,0.81832886,0.8057116,0.0160684995353221,0.0021041632,0.0028541684,0.013367236
QLSTM,4,8,0.8028835,0.798309,0.81353146,0.80316347,0.0160684995353221,0.0045744777,0.0048544407,0.010647953
QLSTM,4,8,0.8002674,0.7960562,0.81149614,0.80001974,0.0160684995353221,0.0042111874,0.00396353,0.01122874
QLSTM,4,8,0.79795,0.7947409,0.80988216,0.79795176,0.0160684995353221,0.003209114,0.0032108426,0.011932135
QLSTM,4,8,0.7954731,0.7924012,0.8067483,0.7953816,0.0160684995353221,0.0030719042,0.002980411,0.011275172
QLSTM,4,8,0.7917763,0.7904379,0.8049616,0.79093003,0.0160684995353221,0.0013384223,0.00049215555,0.013185322
QLSTM,4,8,0.7898146,0.7886307,0.8028835,0.790719,0.0160684995353221,0.0011838675,0.0020882487,0.013068914
QLSTM,4,8,0.7877891,0.7863087,0.8002674,0.7881407,0.0160684995353221,0.0014804006,0.0018320084,0.012478292
QLSTM,4,8,0.78448933,0.783964,0.79795,0.78360945,0.0160684995353221,0.00052535534,0.00035452843,0.013460696
QLSTM,4,8,0.78317857,0.78179026,0.7954731,0.7842444,0.0160684995353221,0.0013883114,0.0024541616,0.012294531
QLSTM,4,8,0.78152376,0.7786097,0.7917763,0.7818289,0.0160684995353221,0.002914071,0.0032191873,0.010252535
QLSTM,4,8,0.78051496,0.7765539,0.7898146,0.78112775,0.0160684995353221,0.0039610267,0.004573822,0.009299636
QLSTM,4,8,0.7800982,0.7747058,0.7877891,0.78069496,0.0160684995353221,0.0053923726,0.0059891343,0.0076909065
QLSTM,4,8,0.779117,0.77206945,0.78448933,0.7789461,0.0160684995353221,0.007047534,0.0068766475,0.0053723454
QLSTM,4,8,0.775965,0.77086157,0.78317857,0.7743528,0.0160684995353221,0.0051034093,0.0034912229,0.0072135925
QLSTM,4,8,0.7753005,0.76956564,0.78152376,0.7765333,0.0160684995353221,0.005734861,0.0069676638,0.0062232614
QLSTM,4,8,0.77288765,0.7693762,0.78051496,0.77223295,0.0160684995353221,0.0035114288,0.0028567314,0.0076273084
QLSTM,4,8,0.7704472,0.76870805,0.7800982,0.77001107,0.0160684995353221,0.0017391443,0.0013030171,0.009651005
QLSTM,4,8,0.767572,0.76780146,0.779117,0.7669814,0.0160684995353221,0.00022947788,0.0008200407,0.011545002
QLSTM,4,8,0.76539034,0.7654306,0.775965,0.7657531,0.0160684995353221,4.029274e-05,0.00032246113,0.010574639
QLSTM,4,8,0.7635203,0.764351,0.7753005,0.76400506,0.0160684995353221,0.00083070993,0.00034594536,0.011780202
QLSTM,4,8,0.7611381,0.7620453,0.77288765,0.7607664,0.0160684995353221,0.0009072423,0.0012789369,0.011749566
QLSTM,4,8,0.75974095,0.7597863,0.7704472,0.76027095,0.0160684995353221,4.5359135e-05,0.00048464537,0.010706246
QLSTM,4,8,0.75810933,0.7571283,0.767572,0.7582583,0.0160684995353221,0.0009810328,0.0011299849,0.009462655
QLSTM,4,8,0.75518143,0.7548675,0.76539034,0.75427175,0.0160684995353221,0.00031393766,0.0005957484,0.010208905
QLSTM,4,8,0.7542566,0.7531214,0.7635203,0.75534886,0.0160684995353221,0.0011352301,0.0022274852,0.009263694
LSTM,4,8,0.93683,0.92644244,0.94997877,0.93700594,0.0160684995353221,0.01038754,0.010563493,0.013148785
LSTM,4,8,0.9340925,0.92205006,0.94775486,0.9342602,0.0160684995353221,0.012042463,0.012210131,0.013662338
LSTM,4,8,0.9314681,0.91908175,0.9453048,0.9315556,0.0160684995353221,0.012386382,0.012473881,0.013836682
LSTM,4,8,0.9289253,0.9163216,0.9425526,0.9290431,0.0160684995353221,0.0126037,0.012721539,0.01362735
LSTM,4,8,0.9249288,0.91367924,0.9396827,0.9239091,0.0160684995353221,0.011249542,0.010229886,0.014753938
LSTM,4,8,0.91991353,0.9110947,0.93683,0.918714,0.0160684995353221,0.008818805,0.0076192617,0.016916454
LSTM,4,8,0.91546106,0.9087161,0.9340925,0.91546667,0.0160684995353221,0.006744981,0.0067505836,0.018631458
LSTM,4,8,0.9118359,0.9064324,0.9314681,0.91252786,0.0160684995353221,0.0054035187,0.006095469,0.01963222
LSTM,4,8,0.9094296,0.90423787,0.9289253,0.91051894,0.0160684995353221,0.0051917434,0.006281078,0.019495666
LSTM,4,8,0.9068412,0.90090346,0.9249288,0.9069752,0.0160684995353221,0.005937755,0.0060717463,0.018087566
LSTM,4,8,0.90469533,0.89627415,0.91991353,0.9050516,0.0160684995353221,0.008421183,0.00877744,0.015218198
LSTM,4,8,0.9011971,0.892112,0.91546106,0.90045947,0.0160684995353221,0.009085059,0.008347452,0.014263988
LSTM,4,8,0.8979334,0.88879925,0.9118359,0.89786327,0.0160684995353221,0.009134173,0.009064019,0.013902485
LSTM,4,8,0.8935779,0.8865847,0.9094296,0.8927835,0.0160684995353221,0.0069931746,0.0061988235,0.015851736
LSTM,4,8,0.8903983,0.8843812,0.9068412,0.8909326,0.0160684995353221,0.0060171485,0.0065514445,0.016442895
LSTM,4,8,0.8872067,0.8824145,0.90469533,0.88743687,0.0160684995353221,0.004792154,0.005022347,0.017488658
LSTM,4,8,0.88281226,0.87936795,0.9011971,0.88189805,0.0160684995353221,0.003444314,0.002530098,0.018384814
LSTM,4,8,0.8798018,0.8763383,0.8979334,0.88043463,0.0160684995353221,0.0034635067,0.004096329,0.018131614
LSTM,4,8,0.8768994,0.87254,0.8935779,0.8773423,0.0160684995353221,0.004359424,0.0048022866,0.016678452
LSTM,4,8,0.87308687,0.8695595,0.8903983,0.8725722,0.0160684995353221,0.0035273433,0.0030126572,0.017311454
LSTM,4,8,0.87054336,0.8666548,0.8872067,0.8711753,0.0160684995353221,0.0038885474,0.004520476,0.016663313
LSTM,4,8,0.8653625,0.86284614,0.88281226,0.8636935,0.0160684995353221,0.002516389,0.00084733963,0.017449737
LSTM,4,8,0.86199594,0.86003006,0.8798018,0.8627271,0.0160684995353221,0.0019658804,0.0026970506,0.017805874
LSTM,4,8,0.858977,0.85735685,0.8768994,0.8596122,0.0160684995353221,0.0016201735,0.0022553802,0.017922401
LSTM,4,8,0.8548072,0.8539584,0.87308687,0.8541004,0.0160684995353221,0.00084877014,0.00014197826,0.018279672
LSTM,4,8,0.85227776,0.8516701,0.87054336,0.8531293,0.0160684995353221,0.00060766935,0.0014592409,0.018265605
LSTM,4,8,0.8497689,0.8465692,0.8653625,0.85018986,0.0160684995353221,0.0031996965,0.0036206841,0.015593648
LSTM,4,8,0.84596294,0.8435103,0.86199594,0.8452262,0.0160684995353221,0.002452612,0.0017158985,0.016032994
LSTM,4,8,0.8434499,0.84006995,0.858977,0.8440351,0.0160684995353221,0.003379941,0.0039651394,0.015527129
LSTM,4,8,0.8410229,0.8359675,0.8548072,0.841397,0.0160684995353221,0.0050554276,0.0054295063,0.013784289
LSTM,4,8,0.8384085,0.834217,0.85227776,0.8384812,0.0160684995353221,0.004191518,0.004264176,0.013869226
LSTM,4,8,0.8346899,0.8319711,0.8497689,0.8337816,0.0160684995353221,0.0027188063,0.0018104911,0.015078962
LSTM,4,8,0.8322796,0.8279233,0.84596294,0.8328909,0.0160684995353221,0.0043563247,0.00496763,0.013683319
LSTM,4,8,0.8282152,0.82573533,0.8434499,0.82739633,0.0160684995353221,0.0024798512,0.0016610026,0.015234709
LSTM,4,8,0.8224394,0.8236002,0.8410229,0.8207112,0.0160684995353221,0.0011608005,0.0028889775,0.018583536
LSTM,4,8,0.81832886,0.82123196,0.8384085,0.81884015,0.0160684995353221,0.0029031038,0.0023918152,0.020079672
LSTM,4,8,0.81353146,0.8168192,0.8346899,0.8133654,0.0160684995353221,0.0032877326,0.0034537911,0.021158457
LSTM,4,8,0.81149614,0.81482387,0.8322796,0.81342536,0.0160684995353221,0.0033277273,0.0013985038,0.020783484
LSTM,4,8,0.80988216,0.8108616,0.8282152,0.8108213,0.0160684995353221,0.0009794235,4.029274e-05,0.018333018
LSTM,4,8,0.8067483,0.8046918,0.8224394,0.8058771,0.0160684995353221,0.0020564795,0.001185298,0.015691102
LSTM,4,8,0.8049616,0.8006108,0.81832886,0.8057116,0.0160684995353221,0.004350841,0.0051008463,0.013367236
LSTM,4,8,0.8028835,0.7943395,0.81353146,0.80316347,0.0160684995353221,0.008544028,0.008823991,0.010647953
LSTM,4,8,0.8002674,0.7923326,0.81149614,0.80001974,0.0160684995353221,0.007934809,0.0076871514,0.01122874
LSTM,4,8,0.79795,0.79107994,0.80988216,0.79795176,0.0160684995353221,0.006870091,0.0068718195,0.011932135
LSTM,4,8,0.7954731,0.78981054,0.8067483,0.7953816,0.0160684995353221,0.0056625605,0.0055710673,0.011275172
LSTM,4,8,0.7917763,0.78856087,0.8049616,0.79093003,0.0160684995353221,0.0032154322,0.0023691654,0.013185322
LSTM,4,8,0.7898146,0.7868265,0.8028835,0.790719,0.0160684995353221,0.0029881,0.0038924813,0.013068914
LSTM,4,8,0.7877891,0.78439486,0.8002674,0.7881407,0.0160684995353221,0.003394246,0.003745854,0.012478292
LSTM,4,8,0.78448933,0.7825052,0.79795,0.78360945,0.0160684995353221,0.0019841194,0.0011042356,0.013460696
LSTM,4,8,0.78317857,0.7804684,0.7954731,0.7842444,0.0160684995353221,0.0027101636,0.0037760139,0.012294531
LSTM,4,8,0.78152376,0.77690387,0.7917763,0.7818289,0.0160684995353221,0.0046198964,0.0049250126,0.010252535
LSTM,4,8,0.78051496,0.77556545,0.7898146,0.78112775,0.0160684995353221,0.00494951,0.0055623055,0.009299636
LSTM,4,8,0.7800982,0.77393097,0.7877891,0.78069496,0.0160684995353221,0.006167233,0.0067639947,0.0076909065
LSTM,4,8,0.779117,0.77039415,0.78448933,0.7789461,0.0160684995353221,0.008722842,0.008551955,0.0053723454
LSTM,4,8,0.775965,0.7691112,0.78317857,0.7743528,0.0160684995353221,0.0068537593,0.005241573,0.0072135925
LSTM,4,8,0.7753005,0.76754767,0.78152376,0.7765333,0.0160684995353221,0.0077528358,0.008985639,0.0062232614
LSTM,4,8,0.77288765,0.76675785,0.78051496,0.77223295,0.0160684995353221,0.0061298013,0.005475104,0.0076273084
LSTM,4,8,0.7704472,0.76667684,0.7800982,0.77001107,0.0160684995353221,0.0037703514,0.0033342242,0.009651005
LSTM,4,8,0.767572,0.7656575,0.779117,0.7669814,0.0160684995353221,0.0019145012,0.0013239384,0.011545002
LSTM,4,8,0.76539034,0.76222855,0.775965,0.7657531,0.0160684995353221,0.003161788,0.0035245419,0.010574639
LSTM,4,8,0.7635203,0.76188815,0.7753005,0.76400506,0.0160684995353221,0.001632154,0.0021169186,0.011780202
LSTM,4,8,0.7611381,0.7596323,0.77288765,0.7607664,0.0160684995353221,0.0015057921,0.0011340976,0.011749566
LSTM,4,8,0.75974095,0.7570501,0.7704472,0.76027095,0.0160684995353221,0.0026908517,0.0032208562,0.010706246
LSTM,4,8,0.75810933,0.7543187,0.767572,0.7582583,0.0160684995353221,0.003790617,0.003939569,0.009462655
LSTM,4,8,0.75518143,0.75255674,0.76539034,0.75427175,0.0160684995353221,0.0026246905,0.0017150044,0.010208905
LSTM,4,8,0.7542566,0.7506235,0.7635203,0.75534886,0.0160684995353221,0.003633082,0.004725337,0.009263694
GRU,4,8,0.93683,0.9308863,0.94997877,0.93700594,0.0160684995353221,0.005943656,0.006119609,0.013148785
GRU,4,8,0.9340925,0.92942137,0.94775486,0.9342602,0.0160684995353221,0.0046711564,0.0048388243,0.013662338
GRU,4,8,0.9314681,0.92460746,0.9453048,0.9315556,0.0160684995353221,0.0068606734,0.006948173,0.013836682
GRU,4,8,0.9289253,0.92112416,0.9425526,0.9290431,0.0160684995353221,0.0078011155,0.007918954,0.01362735
GRU,4,8,0.9249288,0.91773295,0.9396827,0.9239091,0.0160684995353221,0.0071958303,0.0061761737,0.014753938
GRU,4,8,0.91991353,0.9144019,0.93683,0.918714,0.0160684995353221,0.0055116415,0.004312098,0.016916454
GRU,4,8,0.91546106,0.911561,0.9340925,0.91546667,0.0160684995353221,0.0039000511,0.003905654,0.018631458
GRU,4,8,0.9118359,0.9079713,0.9314681,0.91252786,0.0160684995353221,0.0038645864,0.0045565367,0.01963222
GRU,4,8,0.9094296,0.9041335,0.9289253,0.91051894,0.0160684995353221,0.005296111,0.0063854456,0.019495666
GRU,4,8,0.9068412,0.8973811,0.9249288,0.9069752,0.0160684995353221,0.009460092,0.009594083,0.018087566
GRU,4,8,0.90469533,0.89363116,0.91991353,0.9050516,0.0160684995353221,0.011064172,0.011420429,0.015218198
GRU,4,8,0.9011971,0.8900421,0.91546106,0.90045947,0.0160684995353221,0.01115495,0.010417342,0.014263988
GRU,4,8,0.8979334,0.88730645,0.9118359,0.89786327,0.0160684995353221,0.010626972,0.010556817,0.013902485
GRU,4,8,0.8935779,0.8857017,0.9094296,0.8927835,0.0160684995353221,0.007876158,0.0070818067,0.015851736
GRU,4,8,0.8903983,0.8840016,0.9068412,0.8909326,0.0160684995353221,0.006396711,0.006931007,0.016442895
GRU,4,8,0.8872067,0.8829857,0.90469533,0.88743687,0.0160684995353221,0.0042209625,0.0044511557,0.017488658
GRU,4,8,0.88281226,0.8800841,0.9011971,0.88189805,0.0160684995353221,0.0027281642,0.0018139482,0.018384814
GRU,4,8,0.8798018,0.87776536,0.8979334,0.88043463,0.0160684995353221,0.0020364523,0.0026692748,0.018131614
GRU,4,8,0.8768994,0.87373054,0.8935779,0.8773423,0.0160684995353221,0.003168881,0.0036117435,0.016678452
GRU,4,8,0.87308687,0.87148076,0.8903983,0.8725722,0.0160684995353221,0.0016061068,0.0010914207,0.017311454
GRU,4,8,0.87054336,0.8681577,0.8872067,0.8711753,0.0160684995353221,0.002385676,0.0030176044,0.016663313
GRU,4,8,0.8653625,0.86388487,0.88281226,0.8636935,0.0160684995353221,0.0014776587,0.00019139051,0.017449737
GRU,4,8,0.86199594,0.86132044,0.8798018,0.8627271,0.0160684995353221,0.00067549944,0.0014066696,0.017805874
GRU,4,8,0.858977,0.85793835,0.8768994,0.8596122,0.0160684995353221,0.0010386705,0.0016738772,0.017922401
GRU,4,8,0.8548072,0.8538053,0.87308687,0.8541004,0.0160684995353221,0.0010018945,0.0002951026,0.018279672
GRU,4,8,0.85227776,0.8508774,0.87054336,0.8531293,0.0160684995353221,0.0014003515,0.002251923,0.018265605
GRU,4,8,0.8497689,0.8441929,0.8653625,0.85018986,0.0160684995353221,0.005575955,0.0059969425,0.015593648
GRU,4,8,0.84596294,0.8411027,0.86199594,0.8452262,0.0160684995353221,0.0048602223,0.004123509,0.016032994
GRU,4,8,0.8434499,0.8447693,0.858977,0.8440351,0.0160684995353221,0.0013194084,0.00073421,0.015527129
GRU,4,8,0.8410229,0.8390654,0.8548072,0.841397,0.0160684995353221,0.0019575357,0.0023316145,0.013784289
GRU,4,8,0.8384085,0.8331029,0.85227776,0.8384812,0.0160684995353221,0.005305648,0.005378306,0.013869226
GRU,4,8,0.8346899,0.8286391,0.8497689,0.8337816,0.0160684995353221,0.006050825,0.00514251,0.015078962
GRU,4,8,0.8322796,0.8251483,0.84596294,0.8328909,0.0160684995353221,0.007131338,0.0077426434,0.013683319
GRU,4,8,0.8282152,0.8207995,0.8434499,0.82739633,0.0160684995353221,0.0074156523,0.0065968037,0.015234709
GRU,4,8,0.8224394,0.81774694,0.8410229,0.8207112,0.0160684995353221,0.0046924353,0.0029642582,0.018583536
GRU,4,8,0.81832886,0.81608135,0.8384085,0.81884015,0.0160684995353221,0.0022475123,0.002758801,0.020079672
GRU,4,8,0.81353146,0.8135578,0.8346899,0.8133654,0.0160684995353221,2.6345253e-05,0.0001924038,0.021158457
GRU,4,8,0.81149614,0.81088734,0.8322796,0.81342536,0.0160684995353221,0.00060880184,0.0025380254,0.020783484
GRU,4,8,0.80988216,0.80813926,0.8282152,0.8108213,0.0160684995353221,0.0017428994,0.0026820302,0.018333018
GRU,4,8,0.8067483,0.8038906,0.8224394,0.8058771,0.0160684995353221,0.002857685,0.0019865036,0.015691102
GRU,4,8,0.8049616,0.8000008,0.81832886,0.8057116,0.0160684995353221,0.004960835,0.00571084,0.013367236
GRU,4,8,0.8028835,0.79754287,0.81353146,0.80316347,0.0160684995353221,0.005340636,0.005620599,0.010647953
GRU,4,8,0.8002674,0.79541343,0.81149614,0.80001974,0.0160684995353221,0.004853964,0.0046063066,0.01122874
GRU,4,8,0.79795,0.79288226,0.80988216,0.79795176,0.0160684995353221,0.0050677657,0.0050694942,0.011932135
GRU,4,8,0.7954731,0.79023665,0.8067483,0.7953816,0.0160684995353221,0.005236447,0.0051449537,0.011275172
GRU,4,8,0.7917763,0.78808635,0.8049616,0.79093003,0.0160684995353221,0.0036899447,0.002843678,0.013185322
GRU,4,8,0.7898146,0.7848658,0.8028835,0.790719,0.0160684995353221,0.004948795,0.005853176,0.013068914
GRU,4,8,0.7877891,0.78252643,0.8002674,0.7881407,0.0160684995353221,0.005262673,0.0056142807,0.012478292
GRU,4,8,0.78448933,0.78113776,0.79795,0.78360945,0.0160684995353221,0.0033515692,0.0024716854,0.013460696
GRU,4,8,0.78317857,0.77816254,0.7954731,0.7842444,0.0160684995353221,0.005016029,0.006081879,0.012294531
GRU,4,8,0.78152376,0.77551657,0.7917763,0.7818289,0.0160684995353221,0.0060071945,0.0063123107,0.010252535
GRU,4,8,0.78051496,0.7736787,0.7898146,0.78112775,0.0160684995353221,0.0068362355,0.007449031,0.009299636
GRU,4,8,0.7800982,0.77138245,0.7877891,0.78069496,0.0160684995353221,0.008715749,0.0093125105,0.0076909065
GRU,4,8,0.779117,0.7681134,0.78448933,0.7789461,0.0160684995353221,0.0110036135,0.010832727,0.0053723454
GRU,4,8,0.775965,0.76574665,0.78317857,0.7743528,0.0160684995353221,0.010218322,0.008606136,0.0072135925
GRU,4,8,0.7753005,0.7621293,0.78152376,0.7765333,0.0160684995353221,0.013171196,0.014403999,0.0062232614
GRU,4,8,0.77288765,0.76050335,0.78051496,0.77223295,0.0160684995353221,0.012384295,0.011729598,0.0076273084
GRU,4,8,0.7704472,0.7598844,0.7800982,0.77001107,0.0160684995353221,0.0105627775,0.01012665,0.009651005
GRU,4,8,0.767572,0.7576756,0.779117,0.7669814,0.0160684995353221,0.009896398,0.009305835,0.011545002
GRU,4,8,0.76539034,0.7549622,0.775965,0.7657531,0.0160684995353221,0.010428131,0.0107908845,0.010574639
GRU,4,8,0.7635203,0.7550902,0.7753005,0.76400506,0.0160684995353221,0.008430123,0.008914888,0.011780202
GRU,4,8,0.7611381,0.75277245,0.77288765,0.7607664,0.0160684995353221,0.008365631,0.007993937,0.011749566
GRU,4,8,0.75974095,0.75031817,0.7704472,0.76027095,0.0160684995353221,0.009422779,0.009952784,0.010706246
GRU,4,8,0.75810933,0.74771494,0.767572,0.7582583,0.0160684995353221,0.010394394,0.010543346,0.009462655
GRU,4,8,0.75518143,0.7451022,0.76539034,0.75427175,0.0160684995353221,0.010079205,0.009169519,0.010208905
GRU,4,8,0.7542566,0.7431905,0.7635203,0.75534886,0.0160684995353221,0.011066079,0.012158334,0.009263694
MLP,4,8,0.93683,0.9125784,0.94997877,0.93700594,0.0160684995353221,0.02425158,0.024427533,0.013148785
MLP,4,8,0.9340925,0.9088715,0.94775486,0.9342602,0.0160684995353221,0.02522105,0.025388718,0.013662338
MLP,4,8,0.9314681,0.9124734,0.9453048,0.9315556,0.0160684995353221,0.018994749,0.019082248,0.013836682
MLP,4,8,0.9289253,0.91205466,0.9425526,0.9290431,0.0160684995353221,0.016870618,0.016988456,0.01362735
MLP,4,8,0.9249288,0.90653175,0.9396827,0.9239091,0.0160684995353221,0.018397033,0.017377377,0.014753938
MLP,4,8,0.91991353,0.9069143,0.93683,0.918714,0.0160684995353221,0.012999237,0.011799693,0.016916454
MLP,4,8,0.91546106,0.90734434,0.9340925,0.91546667,0.0160684995353221,0.008116722,0.008122325,0.018631458
MLP,4,8,0.9118359,0.9050327,0.9314681,0.91252786,0.0160684995353221,0.0068032146,0.007495165,0.01963222
MLP,4,8,0.9094296,0.90404004,0.9289253,0.91051894,0.0160684995353221,0.005389571,0.0064789057,0.019495666
MLP,4,8,0.9068412,0.9011187,0.9249288,0.9069752,0.0160684995353221,0.0057225227,0.005856514,0.018087566
MLP,4,8,0.90469533,0.89733577,0.91991353,0.9050516,0.0160684995353221,0.0073595643,0.0077158213,0.015218198
MLP,4,8,0.9011971,0.8936915,0.91546106,0.90045947,0.0160684995353221,0.0075055957,0.006767988,0.014263988
MLP,4,8,0.8979334,0.89146984,0.9118359,0.89786327,0.0160684995353221,0.0064635873,0.0063934326,0.013902485
MLP,4,8,0.8935779,0.88906395,0.9094296,0.8927835,0.0160684995353221,0.0045139194,0.0037195683,0.015851736
MLP,4,8,0.8903983,0.8879245,0.9068412,0.8909326,0.0160684995353221,0.0024738312,0.0030081272,0.016442895
MLP,4,8,0.8872067,0.8862181,0.90469533,0.88743687,0.0160684995353221,0.0009886026,0.0012187958,0.017488658
MLP,4,8,0.88281226,0.88276047,0.9011971,0.88189805,0.0160684995353221,5.1796436e-05,0.0008624196,0.018384814
MLP,4,8,0.8798018,0.8793726,0.8979334,0.88043463,0.0160684995353221,0.00042921305,0.0010620356,0.018131614
MLP,4,8,0.8768994,0.8749812,0.8935779,0.8773423,0.0160684995353221,0.0019181967,0.0023610592,0.016678452
MLP,4,8,0.87308687,0.87281907,0.8903983,0.8725722,0.0160684995353221,0.00026780367,0.00024688244,0.017311454
MLP,4,8,0.87054336,0.87077975,0.8872067,0.8711753,0.0160684995353221,0.00023639202,0.00039553642,0.016663313
MLP,4,8,0.8653625,0.8662988,0.88281226,0.8636935,0.0160684995353221,0.00093626976,0.002605319,0.017449737
MLP,4,8,0.86199594,0.86356515,0.8798018,0.8627271,0.0160684995353221,0.0015692115,0.0008380413,0.017805874
MLP,4,8,0.858977,0.8621118,0.8768994,0.8596122,0.0160684995353221,0.003134787,0.0024995804,0.017922401
MLP,4,8,0.8548072,0.8584177,0.87308687,0.8541004,0.0160684995353221,0.0036104918,0.0043172836,0.018279672
MLP,4,8,0.85227776,0.8569421,0.87054336,0.8531293,0.0160684995353221,0.0046643615,0.00381279,0.018265605
MLP,4,8,0.8497689,0.84742385,0.8653625,0.85018986,0.0160684995353221,0.0023450255,0.0027660131,0.015593648
MLP,4,8,0.84596294,0.8464938,0.86199594,0.8452262,0.0160684995353221,0.00053083897,0.0012675524,0.016032994
MLP,4,8,0.8434499,0.842164,0.858977,0.8440351,0.0160684995353221,0.0012859106,0.001871109,0.015527129
MLP,4,8,0.8410229,0.8389866,0.8548072,0.841397,0.0160684995353221,0.002036333,0.0024104118,0.013784289
MLP,4,8,0.8384085,0.8376676,0.85227776,0.8384812,0.0160684995353221,0.00074094534,0.0008136034,0.013869226
MLP,4,8,0.8346899,0.83491886,0.8497689,0.8337816,0.0160684995353221,0.00022894144,0.0011372566,0.015078962
MLP,4,8,0.8322796,0.83142823,0.84596294,0.8328909,0.0160684995353221,0.00085139275,0.001462698,0.013683319
MLP,4,8,0.8282152,0.83411235,0.8434499,0.82739633,0.0160684995353221,0.0058971643,0.006716013,0.015234709
MLP,4,8,0.8224394,0.8264849,0.8410229,0.8207112,0.0160684995353221,0.004045546,0.005773723,0.018583536
MLP,4,8,0.81832886,0.8235613,0.8384085,0.81884015,0.0160684995353221,0.0052324533,0.0047211647,0.020079672
MLP,4,8,0.81353146,0.8185604,0.8346899,0.8133654,0.0160684995353221,0.005028963,0.0051950216,0.021158457
MLP,4,8,0.81149614,0.8176386,0.8322796,0.81342536,0.0160684995353221,0.0061424375,0.004213214,0.020783484
MLP,4,8,0.80988216,0.8137848,0.8282152,0.8108213,0.0160684995353221,0.0039026141,0.0029634833,0.018333018
MLP,4,8,0.8067483,0.8081983,0.8224394,0.8058771,0.0160684995353221,0.0014500022,0.0023211837,0.015691102
MLP,4,8,0.8049616,0.8039411,0.81832886,0.8057116,0.0160684995353221,0.0010205507,0.001770556,0.013367236
MLP,4,8,0.8028835,0.80156285,0.81353146,0.80316347,0.0160684995353221,0.0013206601,0.0016006231,0.010647953
MLP,4,8,0.8002674,0.79981,0.81149614,0.80001974,0.0160684995353221,0.00045740604,0.00020974874,0.01122874
MLP,4,8,0.79795,0.7956747,0.80988216,0.79795176,0.0160684995353221,0.0022753477,0.0022770762,0.011932135
MLP,4,8,0.7954731,0.7946698,0.8067483,0.7953816,0.0160684995353221,0.0008032918,0.00071179867,0.011275172
MLP,4,8,0.7917763,0.79071033,0.8049616,0.79093003,0.0160684995353221,0.0010659695,0.00021970272,0.013185322
MLP,4,8,0.7898146,0.79008734,0.8028835,0.790719,0.0160684995353221,0.00027275085,0.0006316304,0.013068914
MLP,4,8,0.7877891,0.7883466,0.8002674,0.7881407,0.0160684995353221,0.00055748224,0.00020587444,0.012478292
MLP,4,8,0.78448933,0.78382903,0.79795,0.78360945,0.0160684995353221,0.00066030025,0.00021958351,0.013460696
MLP,4,8,0.78317857,0.78331983,0.7954731,0.7842444,0.0160684995353221,0.00014126301,0.00092458725,0.012294531
MLP,4,8,0.78152376,0.7817074,0.7917763,0.7818289,0.0160684995353221,0.00018364191,0.000121474266,0.010252535
MLP,4,8,0.78051496,0.7789764,0.7898146,0.78112775,0.0160684995353221,0.0015385747,0.00215137,0.009299636
MLP,4,8,0.7800982,0.7759507,0.7877891,0.78069496,0.0160684995353221,0.0041475296,0.0047442913,0.0076909065
MLP,4,8,0.779117,0.7756762,0.78448933,0.7789461,0.0160684995353221,0.0034407973,0.0032699108,0.0053723454
MLP,4,8,0.775965,0.77130544,0.78317857,0.7743528,0.0160684995353221,0.0046595335,0.003047347,0.0072135925
MLP,4,8,0.7753005,0.77089524,0.78152376,0.7765333,0.0160684995353221,0.00440526,0.005638063,0.0062232614
MLP,4,8,0.77288765,0.7718838,0.78051496,0.77223295,0.0160684995353221,0.0010038614,0.000349164,0.0076273084
MLP,4,8,0.7704472,0.7699138,0.7800982,0.77001107,0.0160684995353221,0.00053340197,9.727478e-05,0.009651005
MLP,4,8,0.767572,0.7698294,0.779117,0.7669814,0.0160684995353221,0.0022574067,0.0028479695,0.011545002
MLP,4,8,0.76539034,0.76917464,0.775965,0.7657531,0.0160684995353221,0.003784299,0.003421545,0.010574639
MLP,4,8,0.7635203,0.76544803,0.7753005,0.76400506,0.0160684995353221,0.0019277334,0.0014429688,0.011780202
MLP,4,8,0.7611381,0.765778,0.77288765,0.7607664,0.0160684995353221,0.0046399236,0.005011618,0.011749566
MLP,4,8,0.75974095,0.7604595,0.7704472,0.76027095,0.0160684995353221,0.000718534,0.00018852949,0.010706246
MLP,4,8,0.75810933,0.7552791,0.767572,0.7582583,0.0160684995353221,0.0028302073,0.0029791594,0.009462655
MLP,4,8,0.75518143,0.7574885,0.76539034,0.75427175,0.0160684995353221,0.0023070574,0.0032167435,0.010208905
MLP,4,8,0.7542566,0.7555161,0.7635203,0.75534886,0.0160684995353221,0.0012595057,0.00016725063,0.009263694
Seq2Seq,4,8,0.93683,0.9291083,0.94997877,0.93700594,0.0160684995353221,0.0077216625,0.007897615,0.013148785
Seq2Seq,4,8,0.9340925,0.92641675,0.94775486,0.9342602,0.0160684995353221,0.007675767,0.007843435,0.013662338
Seq2Seq,4,8,0.9314681,0.9252605,0.9453048,0.9315556,0.0160684995353221,0.006207645,0.0062951446,0.013836682
Seq2Seq,4,8,0.9289253,0.9229824,0.9425526,0.9290431,0.0160684995353221,0.005942881,0.0060607195,0.01362735
Seq2Seq,4,8,0.9249288,0.9202052,0.9396827,0.9239091,0.0160684995353221,0.0047236085,0.0037039518,0.014753938
Seq2Seq,4,8,0.91991353,0.91694224,0.93683,0.918714,0.0160684995353221,0.0029712915,0.0017717481,0.016916454
Seq2Seq,4,8,0.91546106,0.9134759,0.9340925,0.91546667,0.0160684995353221,0.0019851923,0.0019907951,0.018631458
Seq2Seq,4,8,0.9118359,0.9111305,0.9314681,0.91252786,0.0160684995353221,0.000705421,0.0013973713,0.01963222
Seq2Seq,4,8,0.9094296,0.90890944,0.9289253,0.91051894,0.0160684995353221,0.00052016973,0.0016095042,0.019495666
Seq2Seq,4,8,0.9068412,0.9054788,0.9249288,0.9069752,0.0160684995353221,0.001362443,0.0014964342,0.018087566
Seq2Seq,4,8,0.90469533,0.90105844,0.91991353,0.9050516,0.0160684995353221,0.0036368966,0.0039931536,0.015218198
Seq2Seq,4,8,0.9011971,0.8971112,0.91546106,0.90045947,0.0160684995353221,0.0040858984,0.003348291,0.014263988
Seq2Seq,4,8,0.8979334,0.8938785,0.9118359,0.89786327,0.0160684995353221,0.004054904,0.0039847493,0.013902485
Seq2Seq,4,8,0.8935779,0.89176595,0.9094296,0.8927835,0.0160684995353221,0.0018119216,0.0010175705,0.015851736
Seq2Seq,4,8,0.8903983,0.88959193,0.9068412,0.8909326,0.0160684995353221,0.00080639124,0.0013406873,0.016442895
Seq2Seq,4,8,0.8872067,0.8877008,0.90469533,0.88743687,0.0160684995353221,0.0004941225,0.00026392937,0.017488658
Seq2Seq,4,8,0.88281226,0.88454837,0.9011971,0.88189805,0.0160684995353221,0.0017361045,0.0026503205,0.018384814
Seq2Seq,4,8,0.8798018,0.8814239,0.8979334,0.88043463,0.0160684995353221,0.0016220808,0.0009892583,0.018131614
Seq2Seq,4,8,0.8768994,0.8774955,0.8935779,0.8773423,0.0160684995353221,0.00059610605,0.00015324354,0.016678452
Seq2Seq,4,8,0.87308687,0.87429035,0.8903983,0.8725722,0.0160684995353221,0.0012034774,0.0017181635,0.017311454
Seq2Seq,4,8,0.87054336,0.871438,0.8872067,0.8711753,0.0160684995353221,0.0008946657,0.00026273727,0.016663313
Seq2Seq,4,8,0.8653625,0.86743104,0.88281226,0.8636935,0.0160684995353221,0.0020685196,0.0037375689,0.017449737
Seq2Seq,4,8,0.86199594,0.86436164,0.8798018,0.8627271,0.0160684995353221,0.0023657084,0.0016345382,0.017805874
Seq2Seq,4,8,0.858977,0.8616151,0.8768994,0.8596122,0.0160684995353221,0.0026381016,0.0020028949,0.017922401
Seq2Seq,4,8,0.8548072,0.858501,0.87308687,0.8541004,0.0160684995353221,0.003693819,0.004400611,0.018279672
Seq2Seq,4,8,0.85227776,0.85574585,0.87054336,0.8531293,0.0160684995353221,0.0034680963,0.0026165247,0.018265605
Seq2Seq,4,8,0.8497689,0.85041404,0.8653625,0.85018986,0.0160684995353221,0.0006451607,0.00022417307,0.015593648
Seq2Seq,4,8,0.84596294,0.84753835,0.86199594,0.8452262,0.0160684995353221,0.0015754104,0.0023121238,0.016032994
Seq2Seq,4,8,0.8434499,0.84524953,0.858977,0.8440351,0.0160684995353221,0.001799643,0.0012144446,0.015527129
Seq2Seq,4,8,0.8410229,0.84090817,0.8548072,0.841397,0.0160684995353221,0.00011473894,0.0004888177,0.013784289
Seq2Seq,4,8,0.8384085,0.83844435,0.85227776,0.8384812,0.0160684995353221,3.582239e-05,3.683567e-05,0.013869226
Seq2Seq,4,8,0.8346899,0.8360596,0.8497689,0.8337816,0.0160684995353221,0.0013696551,0.0022779703,0.015078962
Seq2Seq,4,8,0.8322796,0.8331402,0.84596294,0.8328909,0.0160684995353221,0.00086057186,0.00024926662,0.013683319
Seq2Seq,4,8,0.8282152,0.83049566,0.8434499,0.82739633,0.0160684995353221,0.0022804737,0.0030993223,0.015234709
Seq2Seq,4,8,0.8224394,0.82781243,0.8410229,0.8207112,0.0160684995353221,0.0053730607,0.007101238,0.018583536
Seq2Seq,4,8,0.81832886,0.8260337,0.8384085,0.81884015,0.0160684995353221,0.007704854,0.0071935654,0.020079672
Seq2Seq,4,8,0.81353146,0.8226165,0.8346899,0.8133654,0.0160684995353221,0.009085059,0.009251118,0.021158457
Seq2Seq,4,8,0.81149614,0.8197682,0.8322796,0.81342536,0.0160684995353221,0.008272052,0.0063428283,0.020783484
Seq2Seq,4,8,0.80988216,0.81662434,0.8282152,0.8108213,0.0160684995353221,0.0067421794,0.0058030486,0.018333018
Seq2Seq,4,8,0.8067483,0.81151617,0.8224394,0.8058771,0.0160684995353221,0.0047678947,0.0056390762,0.015691102
Seq2Seq,4,8,0.8049616,0.8073937,0.81832886,0.8057116,0.0160684995353221,0.002432108,0.0016821027,0.013367236
Seq2Seq,4,8,0.8028835,0.8031534,0.81353146,0.80316347,0.0160684995353221,0.00026988983,1.0073185e-05,0.010647953
Seq2Seq,4,8,0.8002674,0.800736,0.81149614,0.80001974,0.0160684995353221,0.00046861172,0.000716269,0.01122874
Seq2Seq,4,8,0.79795,0.7992864,0.80988216,0.79795176,0.0160684995353221,0.0013363957,0.0013346672,0.011932135
Seq2Seq,4,8,0.7954731,0.79674745,0.8067483,0.7953816,0.0160684995353221,0.0012743473,0.0013658404,0.011275172
Seq2Seq,4,8,0.7917763,0.7942704,0.8049616,0.79093003,0.0160684995353221,0.0024940968,0.0033403635,0.013185322
Seq2Seq,4,8,0.7898146,0.792081,0.8028835,0.790719,0.0160684995353221,0.002266407,0.0013620257,0.013068914
Seq2Seq,4,8,0.7877891,0.7906181,0.8002674,0.7881407,0.0160684995353221,0.0028290153,0.0024774075,0.012478292
Seq2Seq,4,8,0.78448933,0.78820264,0.79795,0.78360945,0.0160684995353221,0.0037133098,0.0045931935,0.013460696
Seq2Seq,4,8,0.78317857,0.78535336,0.7954731,0.7842444,0.0160684995353221,0.0021747947,0.0011089444,0.012294531
Seq2Seq,4,8,0.78152376,0.7826831,0.7917763,0.7818289,0.0160684995353221,0.0011593103,0.00085419416,0.010252535
Seq2Seq,4,8,0.78051496,0.78056484,0.7898146,0.78112775,0.0160684995353221,4.9889088e-05,0.00056290627,0.009299636
Seq2Seq,4,8,0.7800982,0.7785534,0.7877891,0.78069496,0.0160684995353221,0.0015447736,0.0021415353,0.0076909065
Seq2Seq,4,8,0.779117,0.7754788,0.78448933,0.7789461,0.0160684995353221,0.003638208,0.0034673214,0.0053723454
Seq2Seq,4,8,0.775965,0.7738426,0.78317857,0.7743528,0.0160684995353221,0.0021224022,0.00051021576,0.0072135925
Seq2Seq,4,8,0.7753005,0.7718395,0.78152376,0.7765333,0.0160684995353221,0.0034610033,0.004693806,0.0062232614
Seq2Seq,4,8,0.77288765,0.77147603,0.78051496,0.77223295,0.0160684995353221,0.0014116168,0.0007569194,0.0076273084
Seq2Seq,4,8,0.7704472,0.77028567,0.7800982,0.77001107,0.0160684995353221,0.00016152859,0.0002745986,0.009651005
Seq2Seq,4,8,0.767572,0.7690653,0.779117,0.7669814,0.0160684995353221,0.0014933348,0.0020838976,0.011545002
Seq2Seq,4,8,0.76539034,0.7668435,0.775965,0.7657531,0.0160684995353221,0.0014531612,0.0010904074,0.010574639
Seq2Seq,4,8,0.7635203,0.76578236,0.7753005,0.76400506,0.0160684995353221,0.0022620559,0.0017772913,0.011780202
Seq2Seq,4,8,0.7611381,0.7634366,0.77288765,0.7607664,0.0160684995353221,0.002298534,0.0026702285,0.011749566
Seq2Seq,4,8,0.75974095,0.76126224,0.7704472,0.76027095,0.0160684995353221,0.0015212893,0.0009912848,0.010706246
Seq2Seq,4,8,0.75810933,0.7584628,0.767572,0.7582583,0.0160684995353221,0.00035345554,0.00020450354,0.009462655
Seq2Seq,4,8,0.75518143,0.7561969,0.76539034,0.75427175,0.0160684995353221,0.0010154843,0.0019251704,0.010208905
Seq2Seq,4,8,0.7542566,0.7543937,0.7635203,0.75534886,0.0160684995353221,0.00013709068,0.00095516443,0.009263694
Persistence,5,4,0.9340276,0.955776,0.955776,0.9336723,0.0164167173206806,0.021748364,0.022103667,0.021748364
Persistence,5,4,0.928967,0.9501019,0.9501019,0.9286336,0.0164167173206806,0.021134913,0.021468341,0.021134913
Persistence,5,4,0.92336273,0.9465922,0.9465922,0.9229065,0.0164167173206806,0.02322948,0.023685694,0.02322948
Persistence,5,4,0.91777354,0.9427225,0.9427225,0.9175322,0.0164167173206806,0.024948955,0.025190294,0.024948955
Persistence,5,4,0.9120807,0.93862224,0.93862224,0.91188467,0.0164167173206806,0.026541531,0.02673757,0.026541531
Persistence,5,4,0.90363693,0.9340276,0.9340276,0.9014712,0.0164167173206806,0.03039068,0.032556415,0.03039068
Persistence,5,4,0.8934652,0.928967,0.928967,0.89122444,0.0164167173206806,0.035501778,0.037742555,0.035501778
Persistence,5,4,0.88541955,0.92336273,0.92336273,0.8862167,0.0164167173206806,0.037943184,0.03714603,0.037943184
Persistence,5,4,0.87911755,0.91777354,0.91777354,0.8808593,0.0164167173206806,0.038655996,0.03691423,0.038655996
Persistence,5,4,0.87507546,0.9120807,0.9120807,0.8772058,0.0164167173206806,0.037005246,0.034874916,0.037005246
Persistence,5,4,0.8709249,0.90363693,0.90363693,0.8713887,0.0164167173206806,0.032712042,0.03224826,0.032712042
Persistence,5,4,0.867671,0.8934652,0.8934652,0.86856025,0.0164167173206806,0.025794208,0.024904966,0.025794208
Persistence,5,4,0.86412245,0.88541955,0.88541955,0.8645669,0.0164167173206806,0.021297097,0.020852625,0.021297097
Persistence,5,4,0.86125904,0.87911755,0.87911755,0.86204386,0.0164167173206806,0.017858505,0.01707369,0.017858505
Persistence,5,4,0.85638905,0.87507546,0.87507546,0.855195,0.0164167173206806,0.018686414,0.019880474,0.018686414
Persistence,5,4,0.8527614,0.8709249,0.8709249,0.8531848,0.0164167173206806,0.018163502,0.01774007,0.018163502
Persistence,5,4,0.84960145,0.867671,0.867671,0.8503166,0.0164167173206806,0.018069565,0.017354429,0.018069565
Persistence,5,4,0.8447772,0.86412245,0.86412245,0.8437935,0.0164167173206806,0.019345224,0.020328939,0.019345224
Persistence,5,4,0.8421581,0.86125904,0.86125904,0.8432759,0.0164167173206806,0.019100964,0.017983139,0.019100964
Persistence,5,4,0.8390653,0.85638905,0.85638905,0.8392441,0.0164167173206806,0.017323732,0.017144918,0.017323732
Persistence,5,4,0.83499646,0.8527614,0.8527614,0.8343646,0.0164167173206806,0.017764926,0.018396795,0.017764926
Persistence,5,4,0.83244246,0.84960145,0.84960145,0.8332569,0.0164167173206806,0.017158985,0.016344547,0.017158985
Persistence,5,4,0.82650006,0.8447772,0.8447772,0.8243376,0.0164167173206806,0.018277168,0.020439625,0.018277168
Persistence,5,4,0.82248753,0.8421581,0.8421581,0.8230872,0.0164167173206806,0.019670546,0.019070864,0.019670546
Persistence,5,4,0.81919056,0.8390653,0.8390653,0.8200571,0.0164167173206806,0.019874752,0.01900822,0.019874752
Persistence,5,4,0.81449026,0.83499646,0.83499646,0.8137067,0.0164167173206806,0.020506203,0.021289766,0.020506203
Persistence,5,4,0.8123757,0.83244246,0.83244246,0.8138636,0.0164167173206806,0.020066738,0.018578887,0.020066738
Persistence,5,4,0.81083,0.82650006,0.82650006,0.8119029,0.0164167173206806,0.015670061,0.0145971775,0.015670061
Persistence,5,4,0.8072093,0.82248753,0.82248753,0.806151,0.0164167173206806,0.01527822,0.01633656,0.01527822
Persistence,5,4,0.8046702,0.81919056,0.81919056,0.8049412,0.0164167173206806,0.014520347,0.014249384,0.014520347
Persistence,5,4,0.80205685,0.81449026,0.81449026,0.8022504,0.0164167173206806,0.01243341,0.012239873,0.01243341
Persistence,5,4,0.799562,0.8123757,0.8123757,0.79988277,0.0164167173206806,0.012813747,0.012492955,0.012813747
Persistence,5,4,0.7958715,0.81083,0.81083,0.7949636,0.0164167173206806,0.014958501,0.015866399,0.014958501
Persistence,5,4,0.79368067,0.8072093,0.8072093,0.7943463,0.0164167173206806,0.013528645,0.01286304,0.013528645
Persistence,5,4,0.7903169,0.8046702,0.8046702,0.789901,0.0164167173206806,0.014353335,0.0147691965,0.014353335
Persistence,5,4,0.7870814,0.80205685,0.80205685,0.78694314,0.0164167173206806,0.014975429,0.015113711,0.014975429
Persistence,5,4,0.78482234,0.799562,0.799562,0.78545105,0.0164167173206806,0.014739633,0.014110923,0.014739633
MQAttn-LSTM-VQR,5,4,0.9340276,0.9328694,0.955776,0.9336723,0.0164167173206806,0.0011582375,0.00080293417,0.021748364
MQAttn-LSTM-VQR,5,4,0.928967,0.9276834,0.9501019,0.9286336,0.0164167173206806,0.001283586,0.00095015764,0.021134913
MQAttn-LSTM-VQR,5,4,0.92336273,0.9240029,0.9465922,0.9229065,0.0164167173206806,0.0006401539,0.0010963678,0.02322948
MQAttn-LSTM-VQR,5,4,0.91777354,0.92173463,0.9427225,0.9175322,0.0164167173206806,0.0039610863,0.0042024255,0.024948955
MQAttn-LSTM-VQR,5,4,0.9120807,0.91857177,0.93862224,0.91188467,0.0164167173206806,0.006491065,0.0066871047,0.026541531
MQAttn-LSTM-VQR,5,4,0.90363693,0.9144665,0.9340276,0.9014712,0.0164167173206806,0.010829568,0.012995303,0.03039068
MQAttn-LSTM-VQR,5,4,0.8934652,0.90980935,0.928967,0.89122444,0.0164167173206806,0.01634413,0.018584907,0.035501778
MQAttn-LSTM-VQR,5,4,0.88541955,0.90442497,0.92336273,0.8862167,0.0164167173206806,0.019005418,0.018208265,0.037943184
MQAttn-LSTM-VQR,5,4,0.87911755,0.89906144,0.91777354,0.8808593,0.0164167173206806,0.019943893,0.018202126,0.038655996
MQAttn-LSTM-VQR,5,4,0.87507546,0.89360356,0.9120807,0.8772058,0.0164167173206806,0.018528104,0.016397774,0.037005246
MQAttn-LSTM-VQR,5,4,0.8709249,0.8854489,0.90363693,0.8713887,0.0164167173206806,0.014523983,0.014060199,0.032712042
MQAttn-LSTM-VQR,5,4,0.867671,0.87569094,0.8934652,0.86856025,0.0164167173206806,0.008019924,0.0071306825,0.025794208
MQAttn-LSTM-VQR,5,4,0.86412245,0.86774796,0.88541955,0.8645669,0.0164167173206806,0.0036255121,0.0031810403,0.021297097
MQAttn-LSTM-VQR,5,4,0.86125904,0.86168206,0.87911755,0.86204386,0.0164167173206806,0.00042301416,0.0003618002,0.017858505
MQAttn-LSTM-VQR,5,4,0.85638905,0.8585299,0.87507546,0.855195,0.0164167173206806,0.0021408796,0.0033349395,0.018686414
MQAttn-LSTM-VQR,5,4,0.8527614,0.8543273,0.8709249,0.8531848,0.0164167173206806,0.0015659332,0.0011425018,0.018163502
MQAttn-LSTM-VQR,5,4,0.84960145,0.8519177,0.867671,0.8503166,0.0164167173206806,0.0023162365,0.0016011,0.018069565
MQAttn-LSTM-VQR,5,4,0.8447772,0.84813946,0.86412245,0.8437935,0.0164167173206806,0.0033622384,0.0043459535,0.019345224
MQAttn-LSTM-VQR,5,4,0.8421581,0.8463191,0.86125904,0.8432759,0.0164167173206806,0.0041610003,0.0030431747,0.019100964
MQAttn-LSTM-VQR,5,4,0.8390653,0.841013,0.85638905,0.8392441,0.0164167173206806,0.001947701,0.001768887,0.017323732
MQAttn-LSTM-VQR,5,4,0.83499646,0.83869267,0.8527614,0.8343646,0.0164167173206806,0.0036962032,0.004328072,0.017764926
MQAttn-LSTM-VQR,5,4,0.83244246,0.83614963,0.84960145,0.8332569,0.0164167173206806,0.0037071705,0.0028927326,0.017158985
MQAttn-LSTM-VQR,5,4,0.82650006,0.8311192,0.8447772,0.8243376,0.0164167173206806,0.0046191216,0.006781578,0.018277168
MQAttn-LSTM-VQR,5,4,0.82248753,0.8297507,0.8421581,0.8230872,0.0164167173206806,0.0072631836,0.0066635013,0.019670546
MQAttn-LSTM-VQR,5,4,0.81919056,0.82748145,0.8390653,0.8200571,0.0164167173206806,0.008290887,0.0074243546,0.019874752
MQAttn-LSTM-VQR,5,4,0.81449026,0.8243938,0.83499646,0.8137067,0.0164167173206806,0.00990355,0.010687113,0.020506203
MQAttn-LSTM-VQR,5,4,0.8123757,0.82338,0.83244246,0.8138636,0.0164167173206806,0.011004269,0.009516418,0.020066738
MQAttn-LSTM-VQR,5,4,0.81083,0.81735104,0.82650006,0.8119029,0.0164167173206806,0.006521046,0.0054481626,0.015670061
MQAttn-LSTM-VQR,5,4,0.8072093,0.81344086,0.82248753,0.806151,0.0164167173206806,0.0062315464,0.0072898865,0.01527822
MQAttn-LSTM-VQR,5,4,0.8046702,0.80839646,0.81919056,0.8049412,0.0164167173206806,0.003726244,0.0034552813,0.014520347
MQAttn-LSTM-VQR,5,4,0.80205685,0.80563045,0.81449026,0.8022504,0.0164167173206806,0.0035735965,0.0033800602,0.01243341
MQAttn-LSTM-VQR,5,4,0.799562,0.8034371,0.8123757,0.79988277,0.0164167173206806,0.0038751364,0.0035543442,0.012813747
MQAttn-LSTM-VQR,5,4,0.7958715,0.8019826,0.81083,0.7949636,0.0164167173206806,0.0061110854,0.0070189834,0.014958501
MQAttn-LSTM-VQR,5,4,0.79368067,0.79856676,0.8072093,0.7943463,0.0164167173206806,0.0048860908,0.0042204857,0.013528645
MQAttn-LSTM-VQR,5,4,0.7903169,0.795946,0.8046702,0.789901,0.0164167173206806,0.0056291223,0.006044984,0.014353335
MQAttn-LSTM-VQR,5,4,0.7870814,0.793326,0.80205685,0.78694314,0.0164167173206806,0.0062446,0.0063828826,0.014975429
MQAttn-LSTM-VQR,5,4,0.78482234,0.7908739,0.799562,0.78545105,0.0164167173206806,0.0060515404,0.0054228306,0.014739633
MQAttn-LSTM-VQR classical twin,5,4,0.9340276,0.94078207,0.955776,0.9336723,0.0164167173206806,0.006754458,0.0071097612,0.021748364
MQAttn-LSTM-VQR classical twin,5,4,0.928967,0.936367,0.9501019,0.9286336,0.0164167173206806,0.0073999763,0.0077334046,0.021134913
MQAttn-LSTM-VQR classical twin,5,4,0.92336273,0.93146366,0.9465922,0.9229065,0.0164167173206806,0.008100927,0.008557141,0.02322948
MQAttn-LSTM-VQR classical twin,5,4,0.91777354,0.9275595,0.9427225,0.9175322,0.0164167173206806,0.00978595,0.010027289,0.024948955
MQAttn-LSTM-VQR classical twin,5,4,0.9120807,0.9239746,0.93862224,0.91188467,0.0164167173206806,0.011893868,0.012089908,0.026541531
MQAttn-LSTM-VQR classical twin,5,4,0.90363693,0.92020965,0.9340276,0.9014712,0.0164167173206806,0.016572714,0.018738449,0.03039068
MQAttn-LSTM-VQR classical twin,5,4,0.8934652,0.91601044,0.928967,0.89122444,0.0164167173206806,0.022545218,0.024785995,0.035501778
MQAttn-LSTM-VQR classical twin,5,4,0.88541955,0.9111684,0.92336273,0.8862167,0.0164167173206806,0.025748849,0.024951696,0.037943184
MQAttn-LSTM-VQR classical twin,5,4,0.87911755,0.9061493,0.91777354,0.8808593,0.0164167173206806,0.02703178,0.025290012,0.038655996
MQAttn-LSTM-VQR classical twin,5,4,0.87507546,0.90087473,0.9120807,0.8772058,0.0164167173206806,0.025799274,0.023668945,0.037005246
MQAttn-LSTM-VQR classical twin,5,4,0.8709249,0.89285773,0.90363693,0.8713887,0.0164167173206806,0.02193284,0.021469057,0.032712042
MQAttn-LSTM-VQR classical twin,5,4,0.867671,0.8822926,0.8934652,0.86856025,0.0164167173206806,0.014621615,0.013732374,0.025794208
MQAttn-LSTM-VQR classical twin,5,4,0.86412245,0.87322783,0.88541955,0.8645669,0.0164167173206806,0.009105384,0.0086609125,0.021297097
MQAttn-LSTM-VQR classical twin,5,4,0.86125904,0.8655168,0.87911755,0.86204386,0.0164167173206806,0.0042577386,0.0034729242,0.017858505
MQAttn-LSTM-VQR classical twin,5,4,0.85638905,0.8602846,0.87507546,0.855195,0.0164167173206806,0.0038955808,0.0050896406,0.018686414
MQAttn-LSTM-VQR classical twin,5,4,0.8527614,0.85540205,0.8709249,0.8531848,0.0164167173206806,0.0026406646,0.0022172332,0.018163502
MQAttn-LSTM-VQR classical twin,5,4,0.84960145,0.85145545,0.867671,0.8503166,0.0164167173206806,0.0018540025,0.001138866,0.018069565
MQAttn-LSTM-VQR classical twin,5,4,0.8447772,0.8478532,0.86412245,0.8437935,0.0164167173206806,0.0030759573,0.0040596724,0.019345224
MQAttn-LSTM-VQR classical twin,5,4,0.8421581,0.84461206,0.86125904,0.8432759,0.0164167173206806,0.0024539828,0.0013361573,0.019100964
MQAttn-LSTM-VQR classical twin,5,4,0.8390653,0.8402441,0.85638905,0.8392441,0.0164167173206806,0.0011788011,0.0009999871,0.017323732
MQAttn-LSTM-VQR classical twin,5,4,0.83499646,0.83583945,0.8527614,0.8343646,0.0164167173206806,0.0008429885,0.0014748573,0.017764926
MQAttn-LSTM-VQR classical twin,5,4,0.83244246,0.83325076,0.84960145,0.8332569,0.0164167173206806,0.0008082986,6.1392784e-06,0.017158985
MQAttn-LSTM-VQR classical twin,5,4,0.82650006,0.8296936,0.8447772,0.8243376,0.0164167173206806,0.0031935573,0.005356014,0.018277168
MQAttn-LSTM-VQR classical twin,5,4,0.82248753,0.8263126,0.8421581,0.8230872,0.0164167173206806,0.0038250685,0.0032253861,0.019670546
MQAttn-LSTM-VQR classical twin,5,4,0.81919056,0.8241491,0.8390653,0.8200571,0.0164167173206806,0.0049585104,0.004091978,0.019874752
MQAttn-LSTM-VQR classical twin,5,4,0.81449026,0.8214618,0.83499646,0.8137067,0.0164167173206806,0.006971538,0.0077551007,0.020506203
MQAttn-LSTM-VQR classical twin,5,4,0.8123757,0.8187251,0.83244246,0.8138636,0.0164167173206806,0.006349385,0.0048615336,0.020066738
MQAttn-LSTM-VQR classical twin,5,4,0.81083,0.81465447,0.82650006,0.8119029,0.0164167173206806,0.0038244724,0.0027515888,0.015670061
MQAttn-LSTM-VQR classical twin,5,4,0.8072093,0.8100895,0.82248753,0.806151,0.0164167173206806,0.0028802156,0.0039385557,0.01527822
MQAttn-LSTM-VQR classical twin,5,4,0.8046702,0.80762124,0.81919056,0.8049412,0.0164167173206806,0.002951026,0.0026800632,0.014520347
MQAttn-LSTM-VQR classical twin,5,4,0.80205685,0.80448765,0.81449026,0.8022504,0.0164167173206806,0.0024307966,0.0022372603,0.01243341
MQAttn-LSTM-VQR classical twin,5,4,0.799562,0.8018189,0.8123757,0.79988277,0.0164167173206806,0.0022569299,0.0019361377,0.012813747
MQAttn-LSTM-VQR classical twin,5,4,0.7958715,0.80044013,0.81083,0.7949636,0.0164167173206806,0.0045686364,0.0054765344,0.014958501
MQAttn-LSTM-VQR classical twin,5,4,0.79368067,0.7964688,0.8072093,0.7943463,0.0164167173206806,0.0027881265,0.0021225214,0.013528645
MQAttn-LSTM-VQR classical twin,5,4,0.7903169,0.79347575,0.8046702,0.789901,0.0164167173206806,0.0031588674,0.003574729,0.014353335
MQAttn-LSTM-VQR classical twin,5,4,0.7870814,0.7906801,0.80205685,0.78694314,0.0164167173206806,0.00359869,0.0037369728,0.014975429
MQAttn-LSTM-VQR classical twin,5,4,0.78482234,0.7881879,0.799562,0.78545105,0.0164167173206806,0.0033655763,0.0027368665,0.014739633
MQAttn-QLSTM-VQR,5,4,0.9340276,0.94097084,0.955776,0.9336723,0.0164167173206806,0.006943226,0.007298529,0.021748364
MQAttn-QLSTM-VQR,5,4,0.928967,0.93568444,0.9501019,0.9286336,0.0164167173206806,0.0067174435,0.007050872,0.021134913
MQAttn-QLSTM-VQR,5,4,0.92336273,0.9325923,0.9465922,0.9229065,0.0164167173206806,0.009229541,0.009685755,0.02322948
MQAttn-QLSTM-VQR,5,4,0.91777354,0.9283396,0.9427225,0.9175322,0.0164167173206806,0.010566056,0.010807395,0.024948955
MQAttn-QLSTM-VQR,5,4,0.9120807,0.9241461,0.93862224,0.91188467,0.0164167173206806,0.012065411,0.01226145,0.026541531
MQAttn-QLSTM-VQR,5,4,0.90363693,0.91969335,0.9340276,0.9014712,0.0164167173206806,0.016056418,0.018222153,0.03039068
MQAttn-QLSTM-VQR,5,4,0.8934652,0.914712,0.928967,0.89122444,0.0164167173206806,0.02124679,0.023487568,0.035501778
MQAttn-QLSTM-VQR,5,4,0.88541955,0.9094589,0.92336273,0.8862167,0.0164167173206806,0.024039328,0.023242176,0.037943184
MQAttn-QLSTM-VQR,5,4,0.87911755,0.90427077,0.91777354,0.8808593,0.0164167173206806,0.02515322,0.023411453,0.038655996
MQAttn-QLSTM-VQR,5,4,0.87507546,0.89901835,0.9120807,0.8772058,0.0164167173206806,0.023942888,0.021812558,0.037005246
MQAttn-QLSTM-VQR,5,4,0.8709249,0.8910912,0.90363693,0.8713887,0.0164167173206806,0.020166337,0.019702554,0.032712042
MQAttn-QLSTM-VQR,5,4,0.867671,0.88167655,0.8934652,0.86856025,0.0164167173206806,0.014005542,0.0131163,0.025794208
MQAttn-QLSTM-VQR,5,4,0.86412245,0.8742711,0.88541955,0.8645669,0.0164167173206806,0.010148644,0.009704173,0.021297097
MQAttn-QLSTM-VQR,5,4,0.86125904,0.86866885,0.87911755,0.86204386,0.0164167173206806,0.007409811,0.0066249967,0.017858505
MQAttn-QLSTM-VQR,5,4,0.85638905,0.8649315,0.87507546,0.855195,0.0164167173206806,0.008542478,0.009736538,0.018686414
MQAttn-QLSTM-VQR,5,4,0.8527614,0.8612512,0.8709249,0.8531848,0.0164167173206806,0.008489788,0.008066356,0.018163502
MQAttn-QLSTM-VQR,5,4,0.84960145,0.8582711,0.867671,0.8503166,0.0164167173206806,0.008669674,0.007954538,0.018069565
MQAttn-QLSTM-VQR,5,4,0.8447772,0.85508686,0.86412245,0.8437935,0.0164167173206806,0.010309637,0.011293352,0.019345224
MQAttn-QLSTM-VQR,5,4,0.8421581,0.85237044,0.86125904,0.8432759,0.0164167173206806,0.010212362,0.009094536,0.019100964
MQAttn-QLSTM-VQR,5,4,0.8390653,0.84789354,0.85638905,0.8392441,0.0164167173206806,0.008828223,0.008649409,0.017323732
MQAttn-QLSTM-VQR,5,4,0.83499646,0.844566,0.8527614,0.8343646,0.0164167173206806,0.009569526,0.010201395,0.017764926
MQAttn-QLSTM-VQR,5,4,0.83244246,0.8415409,0.84960145,0.8332569,0.0164167173206806,0.009098411,0.008283973,0.017158985
MQAttn-QLSTM-VQR,5,4,0.82650006,0.8372403,0.8447772,0.8243376,0.0164167173206806,0.010740221,0.012902677,0.018277168
MQAttn-QLSTM-VQR,5,4,0.82248753,0.8346611,0.8421581,0.8230872,0.0164167173206806,0.012173593,0.011573911,0.019670546
MQAttn-QLSTM-VQR,5,4,0.81919056,0.83181494,0.8390653,0.8200571,0.0164167173206806,0.012624383,0.011757851,0.019874752
MQAttn-QLSTM-VQR,5,4,0.81449026,0.8280657,0.83499646,0.8137067,0.0164167173206806,0.013575435,0.014358997,0.020506203
MQAttn-QLSTM-VQR,5,4,0.8123757,0.82569945,0.83244246,0.8138636,0.0164167173206806,0.013323724,0.011835873,0.020066738
MQAttn-QLSTM-VQR,5,4,0.81083,0.8198702,0.82650006,0.8119029,0.0164167173206806,0.009040177,0.007967293,0.015670061
MQAttn-QLSTM-VQR,5,4,0.8072093,0.8162852,0.82248753,0.806151,0.0164167173206806,0.00907588,0.01013422,0.01527822
MQAttn-QLSTM-VQR,5,4,0.8046702,0.8175782,0.81919056,0.8049412,0.0164167173206806,0.012907982,0.012637019,0.014520347
MQAttn-QLSTM-VQR,5,4,0.80205685,0.8082368,0.81449026,0.8022504,0.0164167173206806,0.006179929,0.0059863925,0.01243341
MQAttn-QLSTM-VQR,5,4,0.799562,0.8065033,0.8123757,0.79988277,0.0164167173206806,0.0069413185,0.0066205263,0.012813747
MQAttn-QLSTM-VQR,5,4,0.7958715,0.80508494,0.81083,0.7949636,0.0164167173206806,0.009213448,0.0101213455,0.014958501
MQAttn-QLSTM-VQR,5,4,0.79368067,0.80144256,0.8072093,0.7943463,0.0164167173206806,0.0077618957,0.0070962906,0.013528645
MQAttn-QLSTM-VQR,5,4,0.7903169,0.7991998,0.8046702,0.789901,0.0164167173206806,0.00888294,0.009298801,0.014353335
MQAttn-QLSTM-VQR,5,4,0.7870814,0.79679215,0.80205685,0.78694314,0.0164167173206806,0.009710729,0.009849012,0.014975429
MQAttn-QLSTM-VQR,5,4,0.78482234,0.7943695,0.799562,0.78545105,0.0164167173206806,0.009547174,0.008918464,0.014739633
MQAttn-QLSTM-VQR classical twin,5,4,0.9340276,0.94084203,0.955776,0.9336723,0.0164167173206806,0.00681442,0.0071697235,0.021748364
MQAttn-QLSTM-VQR classical twin,5,4,0.928967,0.93550086,0.9501019,0.9286336,0.0164167173206806,0.006533861,0.0068672895,0.021134913
MQAttn-QLSTM-VQR classical twin,5,4,0.92336273,0.9318065,0.9465922,0.9229065,0.0164167173206806,0.008443773,0.008899987,0.02322948
MQAttn-QLSTM-VQR classical twin,5,4,0.91777354,0.927747,0.9427225,0.9175322,0.0164167173206806,0.009973466,0.010214806,0.024948955
MQAttn-QLSTM-VQR classical twin,5,4,0.9120807,0.92359763,0.93862224,0.91188467,0.0164167173206806,0.011516929,0.011712968,0.026541531
MQAttn-QLSTM-VQR classical twin,5,4,0.90363693,0.9191195,0.9340276,0.9014712,0.0164167173206806,0.015482545,0.01764828,0.03039068
MQAttn-QLSTM-VQR classical twin,5,4,0.8934652,0.91396743,0.928967,0.89122444,0.0164167173206806,0.02050221,0.022742987,0.035501778
MQAttn-QLSTM-VQR classical twin,5,4,0.88541955,0.90836054,0.92336273,0.8862167,0.0164167173206806,0.022940993,0.02214384,0.037943184
MQAttn-QLSTM-VQR classical twin,5,4,0.87911755,0.9026723,0.91777354,0.8808593,0.0164167173206806,0.023554742,0.021812975,0.038655996
MQAttn-QLSTM-VQR classical twin,5,4,0.87507546,0.89699006,0.9120807,0.8772058,0.0164167173206806,0.021914601,0.019784272,0.037005246
MQAttn-QLSTM-VQR classical twin,5,4,0.8709249,0.8882306,0.90363693,0.8713887,0.0164167173206806,0.017305732,0.016841948,0.032712042
MQAttn-QLSTM-VQR classical twin,5,4,0.867671,0.87805045,0.8934652,0.86856025,0.0164167173206806,0.010379434,0.009490192,0.025794208
MQAttn-QLSTM-VQR classical twin,5,4,0.86412245,0.86937135,0.88541955,0.8645669,0.0164167173206806,0.005248904,0.0048044324,0.021297097
MQAttn-QLSTM-VQR classical twin,5,4,0.86125904,0.8629257,0.87911755,0.86204386,0.0164167173206806,0.0016666651,0.0008818507,0.017858505
MQAttn-QLSTM-VQR classical twin,5,4,0.85638905,0.8592764,0.87507546,0.855195,0.0164167173206806,0.0028873682,0.004081428,0.018686414
MQAttn-QLSTM-VQR classical twin,5,4,0.8527614,0.8541554,0.8709249,0.8531848,0.0164167173206806,0.0013940334,0.00097060204,0.018163502
MQAttn-QLSTM-VQR classical twin,5,4,0.84960145,0.8514195,0.867671,0.8503166,0.0164167173206806,0.0018180609,0.0011029243,0.018069565
MQAttn-QLSTM-VQR classical twin,5,4,0.8447772,0.84703004,0.86412245,0.8437935,0.0164167173206806,0.0022528172,0.0032365322,0.019345224
MQAttn-QLSTM-VQR classical twin,5,4,0.8421581,0.8449554,0.86125904,0.8432759,0.0164167173206806,0.0027973056,0.0016794801,0.019100964
MQAttn-QLSTM-VQR classical twin,5,4,0.8390653,0.8383732,0.85638905,0.8392441,0.0164167173206806,0.00069212914,0.00087094307,0.017323732
MQAttn-QLSTM-VQR classical twin,5,4,0.83499646,0.8365321,0.8527614,0.8343646,0.0164167173206806,0.0015356541,0.002167523,0.017764926
MQAttn-QLSTM-VQR classical twin,5,4,0.83244246,0.8331935,0.84960145,0.8332569,0.0164167173206806,0.0007510185,6.341934e-05,0.017158985
MQAttn-QLSTM-VQR classical twin,5,4,0.82650006,0.82635134,0.8447772,0.8243376,0.0164167173206806,0.00014871359,0.002013743,0.018277168
MQAttn-QLSTM-VQR classical twin,5,4,0.82248753,0.8257557,0.8421581,0.8230872,0.0164167173206806,0.0032681823,0.0026685,0.019670546
MQAttn-QLSTM-VQR classical twin,5,4,0.81919056,0.82270026,0.8390653,0.8200571,0.0164167173206806,0.0035097003,0.002643168,0.019874752
MQAttn-QLSTM-VQR classical twin,5,4,0.81449026,0.8167181,0.83499646,0.8137067,0.0164167173206806,0.0022278428,0.0030114055,0.020506203
MQAttn-QLSTM-VQR classical twin,5,4,0.8123757,0.8163833,0.83244246,0.8138636,0.0164167173206806,0.004007578,0.0025197268,0.020066738
MQAttn-QLSTM-VQR classical twin,5,4,0.81083,0.8075267,0.82650006,0.8119029,0.0164167173206806,0.0033032894,0.004376173,0.015670061
MQAttn-QLSTM-VQR classical twin,5,4,0.8072093,0.8061003,0.82248753,0.806151,0.0164167173206806,0.001109004,5.0663948e-05,0.01527822
MQAttn-QLSTM-VQR classical twin,5,4,0.8046702,0.80644476,0.81919056,0.8049412,0.0164167173206806,0.0017745495,0.0015035868,0.014520347
MQAttn-QLSTM-VQR classical twin,5,4,0.80205685,0.79441327,0.81449026,0.8022504,0.0164167173206806,0.0076435804,0.007837117,0.01243341
MQAttn-QLSTM-VQR classical twin,5,4,0.799562,0.7956894,0.8123757,0.79988277,0.0164167173206806,0.0038725734,0.0041933656,0.012813747
MQAttn-QLSTM-VQR classical twin,5,4,0.7958715,0.794548,0.81083,0.7949636,0.0164167173206806,0.0013235211,0.0004156232,0.014958501
MQAttn-QLSTM-VQR classical twin,5,4,0.79368067,0.7883453,0.8072093,0.7943463,0.0164167173206806,0.0053353906,0.0060009956,0.013528645
MQAttn-QLSTM-VQR classical twin,5,4,0.7903169,0.78835523,0.8046702,0.789901,0.0164167173206806,0.0019616485,0.0015457869,0.014353335
MQAttn-QLSTM-VQR classical twin,5,4,0.7870814,0.78654474,0.80205685,0.78694314,0.0164167173206806,0.0005366802,0.00039839745,0.014975429
MQAttn-QLSTM-VQR classical twin,5,4,0.78482234,0.7842274,0.799562,0.78545105,0.0164167173206806,0.00059497356,0.0012236834,0.014739633
QLSTM,5,4,0.9340276,0.93965894,0.955776,0.9336723,0.0164167173206806,0.0056313276,0.005986631,0.021748364
QLSTM,5,4,0.928967,0.93403274,0.9501019,0.9286336,0.0164167173206806,0.005065739,0.0053991675,0.021134913
QLSTM,5,4,0.92336273,0.9316486,0.9465922,0.9229065,0.0164167173206806,0.00828588,0.008742094,0.02322948
QLSTM,5,4,0.91777354,0.9279897,0.9427225,0.9175322,0.0164167173206806,0.0102161765,0.010457516,0.024948955
QLSTM,5,4,0.9120807,0.92378634,0.93862224,0.91188467,0.0164167173206806,0.011705637,0.011901677,0.026541531
QLSTM,5,4,0.90363693,0.91905564,0.9340276,0.9014712,0.0164167173206806,0.015418708,0.017584443,0.03039068
QLSTM,5,4,0.8934652,0.91393524,0.928967,0.89122444,0.0164167173206806,0.020470023,0.0227108,0.035501778
QLSTM,5,4,0.88541955,0.9083373,0.92336273,0.8862167,0.0164167173206806,0.022917747,0.022120595,0.037943184
QLSTM,5,4,0.87911755,0.90286434,0.91777354,0.8808593,0.0164167173206806,0.023746789,0.022005022,0.038655996
QLSTM,5,4,0.87507546,0.8973323,0.9120807,0.8772058,0.0164167173206806,0.022256851,0.020126522,0.037005246
QLSTM,5,4,0.8709249,0.88927716,0.90363693,0.8713887,0.0164167173206806,0.01835227,0.017888486,0.032712042
QLSTM,5,4,0.867671,0.8795677,0.8934652,0.86856025,0.0164167173206806,0.01189667,0.011007428,0.025794208
QLSTM,5,4,0.86412245,0.8718916,0.88541955,0.8645669,0.0164167173206806,0.0077691674,0.0073246956,0.021297097
QLSTM,5,4,0.86125904,0.86596256,0.87911755,0.86204386,0.0164167173206806,0.0047035217,0.0039187074,0.017858505
QLSTM,5,4,0.85638905,0.8621917,0.87507546,0.855195,0.0164167173206806,0.0058026314,0.006996691,0.018686414
QLSTM,5,4,0.8527614,0.8584827,0.8709249,0.8531848,0.0164167173206806,0.0057213306,0.0052978992,0.018163502
QLSTM,5,4,0.84960145,0.8554926,0.867671,0.8503166,0.0164167173206806,0.0058911443,0.0051760077,0.018069565
QLSTM,5,4,0.8447772,0.85238445,0.86412245,0.8437935,0.0164167173206806,0.0076072216,0.008590937,0.019345224
QLSTM,5,4,0.8421581,0.8497081,0.86125904,0.8432759,0.0164167173206806,0.007550001,0.0064321756,0.019100964
QLSTM,5,4,0.8390653,0.845453,0.85638905,0.8392441,0.0164167173206806,0.0063877106,0.0062088966,0.017323732
QLSTM,5,4,0.83499646,0.8419416,0.8527614,0.8343646,0.0164167173206806,0.006945133,0.007577002,0.017764926
QLSTM,5,4,0.83244246,0.83902067,0.84960145,0.8332569,0.0164167173206806,0.006578207,0.005763769,0.017158985
QLSTM,5,4,0.82650006,0.8348088,0.8447772,0.8243376,0.0164167173206806,0.008308768,0.010471225,0.018277168
QLSTM,5,4,0.82248753,0.8323037,0.8421581,0.8230872,0.0164167173206806,0.00981617,0.009216487,0.019670546
QLSTM,5,4,0.81919056,0.82945466,0.8390653,0.8200571,0.0164167173206806,0.010264099,0.009397566,0.019874752
QLSTM,5,4,0.81449026,0.82586735,0.83499646,0.8137067,0.0164167173206806,0.011377096,0.012160659,0.020506203
QLSTM,5,4,0.8123757,0.823347,0.83244246,0.8138636,0.0164167173206806,0.010971248,0.009483397,0.020066738
QLSTM,5,4,0.81083,0.81839913,0.82650006,0.8119029,0.0164167173206806,0.0075691342,0.0064962506,0.015670061
QLSTM,5,4,0.8072093,0.8141591,0.82248753,0.806151,0.0164167173206806,0.0069497824,0.008008122,0.01527822
QLSTM,5,4,0.8046702,0.81051946,0.81919056,0.8049412,0.0164167173206806,0.005849242,0.0055782795,0.014520347
QLSTM,5,4,0.80205685,0.80657876,0.81449026,0.8022504,0.0164167173206806,0.0045219064,0.00432837,0.01243341
QLSTM,5,4,0.799562,0.80455613,0.8123757,0.79988277,0.0164167173206806,0.004994154,0.004673362,0.012813747
QLSTM,5,4,0.7958715,0.80313754,0.81083,0.7949636,0.0164167173206806,0.0072660446,0.008173943,0.014958501
QLSTM,5,4,0.79368067,0.79982936,0.8072093,0.7943463,0.0164167173206806,0.006148696,0.005483091,0.013528645
QLSTM,5,4,0.7903169,0.79731953,0.8046702,0.789901,0.0164167173206806,0.0070026517,0.0074185133,0.014353335
QLSTM,5,4,0.7870814,0.79472035,0.80205685,0.78694314,0.0164167173206806,0.0076389313,0.007777214,0.014975429
QLSTM,5,4,0.78482234,0.7922556,0.799562,0.78545105,0.0164167173206806,0.0074332356,0.006804526,0.014739633
LSTM,5,4,0.9340276,0.93826985,0.955776,0.9336723,0.0164167173206806,0.0042422414,0.0045975447,0.021748364
LSTM,5,4,0.928967,0.9322979,0.9501019,0.9286336,0.0164167173206806,0.0033308864,0.0036643147,0.021134913
LSTM,5,4,0.92336273,0.9314456,0.9465922,0.9229065,0.0164167173206806,0.008082867,0.008539081,0.02322948
LSTM,5,4,0.91777354,0.9283726,0.9427225,0.9175322,0.0164167173206806,0.010599077,0.010840416,0.024948955
LSTM,5,4,0.9120807,0.9248863,0.93862224,0.91188467,0.0164167173206806,0.012805581,0.013001621,0.026541531
LSTM,5,4,0.90363693,0.92029345,0.9340276,0.9014712,0.0164167173206806,0.016656518,0.018822253,0.03039068
LSTM,5,4,0.8934652,0.9152019,0.928967,0.89122444,0.0164167173206806,0.021736681,0.023977458,0.035501778
LSTM,5,4,0.88541955,0.909573,0.92336273,0.8862167,0.0164167173206806,0.024153471,0.023356318,0.037943184
LSTM,5,4,0.87911755,0.9039887,0.91777354,0.8808593,0.0164167173206806,0.02487117,0.023129404,0.038655996
LSTM,5,4,0.87507546,0.898306,0.9120807,0.8772058,0.0164167173206806,0.023230553,0.021100223,0.037005246
LSTM,5,4,0.8709249,0.8898826,0.90363693,0.8713887,0.0164167173206806,0.018957734,0.01849395,0.032712042
LSTM,5,4,0.867671,0.879769,0.8934652,0.86856025,0.0164167173206806,0.012098014,0.011208773,0.025794208
LSTM,5,4,0.86412245,0.87177867,0.88541955,0.8645669,0.0164167173206806,0.0076562166,0.007211745,0.021297097
LSTM,5,4,0.86125904,0.8655803,0.87911755,0.86204386,0.0164167173206806,0.004321277,0.0035364628,0.017858505
LSTM,5,4,0.85638905,0.86160785,0.87507546,0.855195,0.0164167173206806,0.005218804,0.0064128637,0.018686414
LSTM,5,4,0.8527614,0.8575788,0.8709249,0.8531848,0.0164167173206806,0.004817426,0.004393995,0.018163502
LSTM,5,4,0.84960145,0.8543421,0.867671,0.8503166,0.0164167173206806,0.0047406554,0.004025519,0.018069565
LSTM,5,4,0.8447772,0.85084856,0.86412245,0.8437935,0.0164167173206806,0.006071329,0.007055044,0.019345224
LSTM,5,4,0.8421581,0.8480213,0.86125904,0.8432759,0.0164167173206806,0.0058632493,0.004745424,0.019100964
LSTM,5,4,0.8390653,0.8432195,0.85638905,0.8392441,0.0164167173206806,0.0041542053,0.0039753914,0.017323732
LSTM,5,4,0.83499646,0.83965844,0.8527614,0.8343646,0.0164167173206806,0.0046619773,0.005293846,0.017764926
LSTM,5,4,0.83244246,0.83655345,0.84960145,0.8332569,0.0164167173206806,0.004110992,0.003296554,0.017158985
LSTM,5,4,0.82650006,0.83186173,0.8447772,0.8243376,0.0164167173206806,0.005361676,0.0075241327,0.018277168
LSTM,5,4,0.82248753,0.82925653,0.8421581,0.8230872,0.0164167173206806,0.0067690015,0.006169319,0.019670546
LSTM,5,4,0.81919056,0.82622784,0.8390653,0.8200571,0.0164167173206806,0.007037282,0.0061707497,0.019874752
LSTM,5,4,0.81449026,0.8222371,0.83499646,0.8137067,0.0164167173206806,0.0077468157,0.008530378,0.020506203
LSTM,5,4,0.8123757,0.8197571,0.83244246,0.8138636,0.0164167173206806,0.0073813796,0.0058935285,0.020066738
LSTM,5,4,0.81083,0.8140005,0.82650006,0.8119029,0.0164167173206806,0.0031704903,0.0020976067,0.015670061
LSTM,5,4,0.8072093,0.80998796,0.82248753,0.806151,0.0164167173206806,0.0027786493,0.0038369894,0.01527822
LSTM,5,4,0.8046702,0.806691,0.81919056,0.8049412,0.0164167173206806,0.0020207763,0.0017498136,0.014520347
LSTM,5,4,0.80205685,0.8019907,0.81449026,0.8022504,0.0164167173206806,6.6161156e-05,0.00025969744,0.01243341
LSTM,5,4,0.799562,0.79987615,0.8123757,0.79988277,0.0164167173206806,0.00031417608,6.6161156e-06,0.012813747
LSTM,5,4,0.7958715,0.7983304,0.81083,0.7949636,0.0164167173206806,0.00245893,0.003366828,0.014958501
LSTM,5,4,0.79368067,0.79470974,0.8072093,0.7943463,0.0164167173206806,0.0010290742,0.00036346912,0.013528645
LSTM,5,4,0.7903169,0.79217064,0.8046702,0.789901,0.0164167173206806,0.001853764,0.0022696257,0.014353335
LSTM,5,4,0.7870814,0.7895573,0.80205685,0.78694314,0.0164167173206806,0.0024758577,0.0026141405,0.014975429
LSTM,5,4,0.78482234,0.7870624,0.799562,0.78545105,0.0164167173206806,0.0022400618,0.001611352,0.014739633
GRU,5,4,0.9340276,0.92914605,0.955776,0.9336723,0.0164167173206806,0.004881561,0.0045262575,0.021748364
GRU,5,4,0.928967,0.92319614,0.9501019,0.9286336,0.0164167173206806,0.005770862,0.0054374337,0.021134913
GRU,5,4,0.92336273,0.9219746,0.9465922,0.9229065,0.0164167173206806,0.0013881326,0.0009319186,0.02322948
GRU,5,4,0.91777354,0.91944474,0.9427225,0.9175322,0.0164167173206806,0.001671195,0.0019125342,0.024948955
GRU,5,4,0.9120807,0.91653836,0.93862224,0.91188467,0.0164167173206806,0.0044576526,0.0046536922,0.026541531
GRU,5,4,0.90363693,0.9129453,0.9340276,0.9014712,0.0164167173206806,0.009308338,0.011474073,0.03039068
GRU,5,4,0.8934652,0.9089402,0.928967,0.89122444,0.0164167173206806,0.015474975,0.017715752,0.035501778
GRU,5,4,0.88541955,0.9044355,0.92336273,0.8862167,0.0164167173206806,0.019015968,0.018218815,0.037943184
GRU,5,4,0.87911755,0.8989083,0.91777354,0.8808593,0.0164167173206806,0.019790769,0.018049002,0.038655996
GRU,5,4,0.87507546,0.8932445,0.9120807,0.8772058,0.0164167173206806,0.018169045,0.016038716,0.037005246
GRU,5,4,0.8709249,0.88471806,0.90363693,0.8713887,0.0164167173206806,0.01379317,0.013329387,0.032712042
GRU,5,4,0.867671,0.873906,0.8934652,0.86856025,0.0164167173206806,0.0062350035,0.005345762,0.025794208
GRU,5,4,0.86412245,0.8676786,0.88541955,0.8645669,0.0164167173206806,0.0035561323,0.0031116605,0.021297097
GRU,5,4,0.86125904,0.86438817,0.87911755,0.86204386,0.0164167173206806,0.0031291246,0.0023443103,0.017858505
GRU,5,4,0.85638905,0.86184007,0.87507546,0.855195,0.0164167173206806,0.0054510236,0.0066450834,0.018686414
GRU,5,4,0.8527614,0.85844034,0.8709249,0.8531848,0.0164167173206806,0.0056789517,0.0052555203,0.018163502
GRU,5,4,0.84960145,0.8547034,0.867671,0.8503166,0.0164167173206806,0.005101979,0.0043868423,0.018069565
GRU,5,4,0.8447772,0.8501616,0.86412245,0.8437935,0.0164167173206806,0.0053843856,0.0063681006,0.019345224
GRU,5,4,0.8421581,0.84783405,0.86125904,0.8432759,0.0164167173206806,0.0056759715,0.004558146,0.019100964
GRU,5,4,0.8390653,0.84491855,0.85638905,0.8392441,0.0164167173206806,0.0058532357,0.005674422,0.017323732
GRU,5,4,0.83499646,0.84060866,0.8527614,0.8343646,0.0164167173206806,0.0056121945,0.0062440634,0.017764926
GRU,5,4,0.83244246,0.83763504,0.84960145,0.8332569,0.0164167173206806,0.005192578,0.00437814,0.017158985
GRU,5,4,0.82650006,0.8330572,0.8447772,0.8243376,0.0164167173206806,0.0065571666,0.008719623,0.018277168
GRU,5,4,0.82248753,0.8303312,0.8421581,0.8230872,0.0164167173206806,0.007843673,0.007243991,0.019670546
GRU,5,4,0.81919056,0.8276234,0.8390653,0.8200571,0.0164167173206806,0.008432865,0.007566333,0.019874752
GRU,5,4,0.81449026,0.82485855,0.83499646,0.8137067,0.0164167173206806,0.010368288,0.01115185,0.020506203
GRU,5,4,0.8123757,0.8216324,0.83244246,0.8138636,0.0164167173206806,0.009256661,0.00776881,0.020066738
GRU,5,4,0.81083,0.81648344,0.82650006,0.8119029,0.0164167173206806,0.005653441,0.0045805573,0.015670061
GRU,5,4,0.8072093,0.81236845,0.82248753,0.806151,0.0164167173206806,0.0051591396,0.0062174797,0.01527822
GRU,5,4,0.8046702,0.80669326,0.81919056,0.8049412,0.0164167173206806,0.0020230412,0.0017520785,0.014520347
GRU,5,4,0.80205685,0.80765784,0.81449026,0.8022504,0.0164167173206806,0.005600989,0.0054074526,0.01243341
GRU,5,4,0.799562,0.80521214,0.8123757,0.79988277,0.0164167173206806,0.0056501627,0.0053293705,0.012813747
GRU,5,4,0.7958715,0.80397457,0.81083,0.7949636,0.0164167173206806,0.008103073,0.009010971,0.014958501
GRU,5,4,0.79368067,0.801717,0.8072093,0.7943463,0.0164167173206806,0.008036315,0.0073707104,0.013528645
GRU,5,4,0.7903169,0.7982525,0.8046702,0.789901,0.0164167173206806,0.007935643,0.008351505,0.014353335
GRU,5,4,0.7870814,0.7946464,0.80205685,0.78694314,0.0164167173206806,0.007564962,0.0077032447,0.014975429
GRU,5,4,0.78482234,0.7922614,0.799562,0.78545105,0.0164167173206806,0.007439077,0.006810367,0.014739633
MLP,5,4,0.9340276,0.93765765,0.955776,0.9336723,0.0164167173206806,0.003630042,0.0039853454,0.021748364
MLP,5,4,0.928967,0.93011916,0.9501019,0.9286336,0.0164167173206806,0.0011521578,0.0014855862,0.021134913
MLP,5,4,0.92336273,0.9164481,0.9465922,0.9229065,0.0164167173206806,0.0069146156,0.0064584017,0.02322948
MLP,5,4,0.91777354,0.92504203,0.9427225,0.9175322,0.0164167173206806,0.0072684884,0.0075098276,0.024948955
MLP,5,4,0.9120807,0.9197089,0.93862224,0.91188467,0.0164167173206806,0.0076282024,0.007824242,0.026541531
MLP,5,4,0.90363693,0.9104084,0.9340276,0.9014712,0.0164167173206806,0.0067714453,0.00893718,0.03039068
MLP,5,4,0.8934652,0.9161902,0.928967,0.89122444,0.0164167173206806,0.022724986,0.024965763,0.035501778
MLP,5,4,0.88541955,0.9112855,0.92336273,0.8862167,0.0164167173206806,0.025865972,0.02506882,0.037943184
MLP,5,4,0.87911755,0.9059285,0.91777354,0.8808593,0.0164167173206806,0.026810944,0.025069177,0.038655996
MLP,5,4,0.87507546,0.8985526,0.9120807,0.8772058,0.0164167173206806,0.023477137,0.021346807,0.037005246
MLP,5,4,0.8709249,0.88738066,0.90363693,0.8713887,0.0164167173206806,0.01645577,0.015991986,0.032712042
MLP,5,4,0.867671,0.8818551,0.8934652,0.86856025,0.0164167173206806,0.014184058,0.013294816,0.025794208
MLP,5,4,0.86412245,0.8875488,0.88541955,0.8645669,0.0164167173206806,0.023426354,0.022981882,0.021297097
MLP,5,4,0.86125904,0.8874209,0.87911755,0.86204386,0.0164167173206806,0.02616185,0.025377035,0.017858505
MLP,5,4,0.85638905,0.8818001,0.87507546,0.855195,0.0164167173206806,0.02541107,0.02660513,0.018686414
MLP,5,4,0.8527614,0.8711735,0.8709249,0.8531848,0.0164167173206806,0.018412113,0.017988682,0.018163502
MLP,5,4,0.84960145,0.85345685,0.867671,0.8503166,0.0164167173206806,0.0038554072,0.0031402707,0.018069565
MLP,5,4,0.8447772,0.8508243,0.86412245,0.8437935,0.0164167173206806,0.00604707,0.007030785,0.019345224
MLP,5,4,0.8421581,0.8430162,0.86125904,0.8432759,0.0164167173206806,0.00085812807,0.00025969744,0.019100964
MLP,5,4,0.8390653,0.8457635,0.85638905,0.8392441,0.0164167173206806,0.006698191,0.006519377,0.017323732
MLP,5,4,0.83499646,0.83511835,0.8527614,0.8343646,0.0164167173206806,0.0001218915,0.00075376034,0.017764926
MLP,5,4,0.83244246,0.8330264,0.84960145,0.8332569,0.0164167173206806,0.0005839467,0.00023049116,0.017158985
MLP,5,4,0.82650006,0.8364325,0.8447772,0.8243376,0.0164167173206806,0.009932458,0.012094915,0.018277168
MLP,5,4,0.82248753,0.82588273,0.8421581,0.8230872,0.0164167173206806,0.0033951998,0.0027955174,0.019670546
MLP,5,4,0.81919056,0.82247615,0.8390653,0.8200571,0.0164167173206806,0.0032855868,0.0024190545,0.019874752
MLP,5,4,0.81449026,0.8249116,0.83499646,0.8137067,0.0164167173206806,0.010421336,0.011204898,0.020506203
MLP,5,4,0.8123757,0.8141777,0.83244246,0.8138636,0.0164167173206806,0.0018019676,0.00031411648,0.020066738
MLP,5,4,0.81083,0.8175193,0.82650006,0.8119029,0.0164167173206806,0.00668931,0.0056164265,0.015670061
MLP,5,4,0.8072093,0.8152743,0.82248753,0.806151,0.0164167173206806,0.008064985,0.009123325,0.01527822
MLP,5,4,0.8046702,0.8044612,0.81919056,0.8049412,0.0164167173206806,0.00020903349,0.0004799962,0.014520347
MLP,5,4,0.80205685,0.81264955,0.81449026,0.8022504,0.0164167173206806,0.010592699,0.010399163,0.01243341
MLP,5,4,0.799562,0.8132628,0.8123757,0.79988277,0.0164167173206806,0.013700843,0.013380051,0.012813747
MLP,5,4,0.7958715,0.8081395,0.81083,0.7949636,0.0164167173206806,0.012268007,0.013175905,0.014958501
MLP,5,4,0.79368067,0.79544526,0.8072093,0.7943463,0.0164167173206806,0.0017645955,0.0010989904,0.013528645
MLP,5,4,0.7903169,0.80909646,0.8046702,0.789901,0.0164167173206806,0.018779576,0.019195437,0.014353335
MLP,5,4,0.7870814,0.7902946,0.80205685,0.78694314,0.0164167173206806,0.0032131672,0.00335145,0.014975429
MLP,5,4,0.78482234,0.79167235,0.799562,0.78545105,0.0164167173206806,0.006850004,0.0062212944,0.014739633
Seq2Seq,5,4,0.9340276,0.9405534,0.955776,0.9336723,0.0164167173206806,0.0065258145,0.006881118,0.021748364
Seq2Seq,5,4,0.928967,0.93367213,0.9501019,0.9286336,0.0164167173206806,0.004705131,0.0050385594,0.021134913
Seq2Seq,5,4,0.92336273,0.9299043,0.9465922,0.9229065,0.0164167173206806,0.00654155,0.006997764,0.02322948
Seq2Seq,5,4,0.91777354,0.9289166,0.9427225,0.9175322,0.0164167173206806,0.011143029,0.011384368,0.024948955
Seq2Seq,5,4,0.9120807,0.9252455,0.93862224,0.91188467,0.0164167173206806,0.013164818,0.013360858,0.026541531
Seq2Seq,5,4,0.90363693,0.92053986,0.9340276,0.9014712,0.0164167173206806,0.016902924,0.019068658,0.03039068
Seq2Seq,5,4,0.8934652,0.9124627,0.928967,0.89122444,0.0164167173206806,0.01899749,0.021238267,0.035501778
Seq2Seq,5,4,0.88541955,0.9018723,0.92336273,0.8862167,0.0164167173206806,0.01645273,0.015655577,0.037943184
Seq2Seq,5,4,0.87911755,0.89690816,0.91777354,0.8808593,0.0164167173206806,0.017790616,0.016048849,0.038655996
Seq2Seq,5,4,0.87507546,0.8920796,0.9120807,0.8772058,0.0164167173206806,0.017004132,0.014873803,0.037005246
Seq2Seq,5,4,0.8709249,0.8843988,0.90363693,0.8713887,0.0164167173206806,0.013473928,0.013010144,0.032712042
Seq2Seq,5,4,0.867671,0.8749984,0.8934652,0.86856025,0.0164167173206806,0.007327378,0.006438136,0.025794208
Seq2Seq,5,4,0.86412245,0.86747164,0.88541955,0.8645669,0.0164167173206806,0.003349185,0.0029047132,0.021297097
Seq2Seq,5,4,0.86125904,0.8617334,0.87911755,0.86204386,0.0164167173206806,0.00047433376,0.0003104806,0.017858505
Seq2Seq,5,4,0.85638905,0.8583711,0.87507546,0.855195,0.0164167173206806,0.0019820333,0.003176093,0.018686414
Seq2Seq,5,4,0.8527614,0.8544383,0.8709249,0.8531848,0.0164167173206806,0.0016769171,0.0012534857,0.018163502
Seq2Seq,5,4,0.84960145,0.85226166,0.867671,0.8503166,0.0164167173206806,0.002660215,0.0019450784,0.018069565
Seq2Seq,5,4,0.8447772,0.8491686,0.86412245,0.8437935,0.0164167173206806,0.004391372,0.0053750873,0.019345224
Seq2Seq,5,4,0.8421581,0.8463682,0.86125904,0.8432759,0.0164167173206806,0.0042101145,0.003092289,0.019100964
Seq2Seq,5,4,0.8390653,0.8419266,0.85638905,0.8392441,0.0164167173206806,0.0028612614,0.0026824474,0.017323732
Seq2Seq,5,4,0.83499646,0.83836603,0.8527614,0.8343646,0.0164167173206806,0.0033695698,0.0040014386,0.017764926
Seq2Seq,5,4,0.83244246,0.83531284,0.84960145,0.8332569,0.0164167173206806,0.0028703809,0.002055943,0.017158985
Seq2Seq,5,4,0.82650006,0.8305204,0.8447772,0.8243376,0.0164167173206806,0.0040203333,0.00618279,0.018277168
Seq2Seq,5,4,0.82248753,0.8279891,0.8421581,0.8230872,0.0164167173206806,0.0055015683,0.004901886,0.019670546
Seq2Seq,5,4,0.81919056,0.8252156,0.8390653,0.8200571,0.0164167173206806,0.0060250163,0.005158484,0.019874752
Seq2Seq,5,4,0.81449026,0.8214436,0.83499646,0.8137067,0.0164167173206806,0.0069533587,0.0077369213,0.020506203
Seq2Seq,5,4,0.8123757,0.8186826,0.83244246,0.8138636,0.0164167173206806,0.0063068867,0.0048190355,0.020066738
Seq2Seq,5,4,0.81083,0.81458235,0.82650006,0.8119029,0.0164167173206806,0.0037523508,0.0026794672,0.015670061
Seq2Seq,5,4,0.8072093,0.80853206,0.82248753,0.806151,0.0164167173206806,0.0013227463,0.0023810863,0.01527822
Seq2Seq,5,4,0.8046702,0.8083253,0.81919056,0.8049412,0.0164167173206806,0.003655076,0.0033841133,0.014520347
Seq2Seq,5,4,0.80205685,0.8017853,0.81449026,0.8022504,0.0164167173206806,0.00027155876,0.00046509504,0.01243341
Seq2Seq,5,4,0.799562,0.79991114,0.8123757,0.79988277,0.0164167173206806,0.000349164,2.8371811e-05,0.012813747
Seq2Seq,5,4,0.7958715,0.7992834,0.81083,0.7949636,0.0164167173206806,0.003411889,0.004319787,0.014958501
Seq2Seq,5,4,0.79368067,0.79611737,0.8072093,0.7943463,0.0164167173206806,0.0024366975,0.0017710924,0.013528645
Seq2Seq,5,4,0.7903169,0.7938098,0.8046702,0.789901,0.0164167173206806,0.0034928918,0.0039087534,0.014353335
Seq2Seq,5,4,0.7870814,0.7908787,0.80205685,0.78694314,0.0164167173206806,0.0037972927,0.0039355755,0.014975429
Seq2Seq,5,4,0.78482234,0.7875571,0.799562,0.78545105,0.0164167173206806,0.0027347803,0.0021060705,0.014739633
Persistence,6,1,0.945266,0.9657876,0.9657876,0.9451563,0.0160120148211717,0.020521581,0.020631313,0.020521581
Persistence,6,1,0.94089407,0.96117985,0.96117985,0.94092375,0.0160120148211717,0.020285785,0.020256102,0.020285785
Persistence,6,1,0.93669385,0.9578325,0.9578325,0.9368477,0.0160120148211717,0.021138668,0.020984828,0.021138668
Persistence,6,1,0.9327452,0.9538108,0.9538108,0.9329308,0.0160120148211717,0.021065593,0.020879984,0.021065593
Persistence,6,1,0.9289982,0.9495974,0.9495974,0.9292152,0.0160120148211717,0.020599246,0.020382226,0.020599246
Persistence,6,1,0.9229916,0.945266,0.945266,0.9213869,0.0160120148211717,0.022274435,0.02387911,0.022274435
Persistence,6,1,0.91530347,0.94089407,0.94089407,0.91336095,0.0160120148211717,0.025590599,0.027533114,0.025590599
Persistence,6,1,0.90885204,0.93669385,0.93669385,0.9091126,0.0160120148211717,0.027841806,0.027581275,0.027841806
Persistence,6,1,0.903782,0.9327452,0.9327452,0.90504295,0.0160120148211717,0.028963208,0.027702272,0.028963208
Persistence,6,1,0.900359,0.9289982,0.9289982,0.90191686,0.0160120148211717,0.028639197,0.02708131,0.028639197
Persistence,6,1,0.8969041,0.9229916,0.9229916,0.89723325,0.0160120148211717,0.026087463,0.025758326,0.026087463
Persistence,6,1,0.8936016,0.91530347,0.91530347,0.89383733,0.0160120148211717,0.021701872,0.021466136,0.021701872
Persistence,6,1,0.88966167,0.90885204,0.90885204,0.8895033,0.0160120148211717,0.019190371,0.01934874,0.019190371
Persistence,6,1,0.8863704,0.903782,0.903782,0.8868945,0.0160120148211717,0.01741159,0.016887486,0.01741159
Persistence,6,1,0.8824113,0.900359,0.900359,0.8821365,0.0160120148211717,0.017947674,0.018222451,0.017947674
Persistence,6,1,0.8794906,0.8969041,0.8969041,0.88010037,0.0160120148211717,0.017413497,0.016803741,0.017413497
Persistence,6,1,0.876546,0.8936016,0.8936016,0.87682444,0.0160120148211717,0.017055571,0.016777158,0.017055571
Persistence,6,1,0.8724341,0.88966167,0.88966167,0.8716511,0.0160120148211717,0.01722759,0.018010557,0.01722759
Persistence,6,1,0.86975086,0.8863704,0.8863704,0.87049866,0.0160120148211717,0.016619563,0.015871763,0.016619563
Persistence,6,1,0.86719644,0.8824113,0.8824113,0.86768806,0.0160120148211717,0.01521486,0.014723241,0.01521486
Persistence,6,1,0.8637198,0.8794906,0.8794906,0.8632066,0.0160120148211717,0.015770793,0.016283989,0.015770793
Persistence,6,1,0.86137325,0.876546,0.876546,0.8619179,0.0160120148211717,0.01517278,0.014628112,0.01517278
Persistence,6,1,0.8561789,0.8724341,0.8724341,0.8543284,0.0160120148211717,0.0162552,0.018105686,0.0162552
Persistence,6,1,0.85294104,0.86975086,0.86975086,0.8537088,0.0160120148211717,0.016809821,0.016042054,0.016809821
Persistence,6,1,0.85004735,0.86719644,0.86719644,0.85070306,0.0160120148211717,0.01714909,0.01649338,0.01714909
Persistence,6,1,0.84598464,0.8637198,0.8637198,0.8452579,0.0160120148211717,0.017735183,0.018461943,0.017735183
Persistence,6,1,0.8438785,0.86137325,0.86137325,0.84494364,0.0160120148211717,0.017494738,0.016429603,0.017494738
Persistence,6,1,0.84198195,0.8561789,0.8561789,0.8426394,0.0160120148211717,0.014196932,0.013539493,0.014196932
Persistence,6,1,0.83898056,0.85294104,0.85294104,0.83848304,0.0160120148211717,0.013960481,0.014458001,0.013960481
Persistence,6,1,0.83684295,0.85004735,0.85004735,0.8371874,0.0160120148211717,0.013204396,0.0128599405,0.013204396
Persistence,6,1,0.83452696,0.84598464,0.84598464,0.83460516,0.0160120148211717,0.011457682,0.01137948,0.011457682
Persistence,6,1,0.83204395,0.8438785,0.8438785,0.8320624,0.0160120148211717,0.011834562,0.011816084,0.011834562
Persistence,6,1,0.8287292,0.84198195,0.84198195,0.82803303,0.0160120148211717,0.013252735,0.013948917,0.013252735
Persistence,6,1,0.8267836,0.83898056,0.83898056,0.82749945,0.0160120148211717,0.012196958,0.011481106,0.012196958
Persistence,6,1,0.8234418,0.83684295,0.83684295,0.82280654,0.0160120148211717,0.013401151,0.014036417,0.013401151
Persistence,6,1,0.818311,0.83452696,0.83452696,0.81660396,0.0160120148211717,0.01621598,0.017922997,0.01621598
Persistence,6,1,0.814708,0.83204395,0.83204395,0.81514454,0.0160120148211717,0.017335951,0.016899407,0.017335951
Persistence,6,1,0.8106109,0.8287292,0.8287292,0.81057286,0.0160120148211717,0.018118322,0.01815635,0.018118322
Persistence,6,1,0.8089088,0.8267836,0.8267836,0.81062454,0.0160120148211717,0.017874777,0.016159058,0.017874777
Persistence,6,1,0.8075428,0.8234418,0.8234418,0.80832255,0.0160120148211717,0.015899003,0.015119255,0.015899003
Persistence,6,1,0.804289,0.818311,0.818311,0.8030813,0.0160120148211717,0.014021993,0.015229702,0.014021993
Persistence,6,1,0.80257004,0.814708,0.814708,0.80333453,0.0160120148211717,0.0121379495,0.01137346,0.0121379495
Persistence,6,1,0.80073166,0.8106109,0.8106109,0.8011586,0.0160120148211717,0.009879231,0.009452283,0.009879231
Persistence,6,1,0.7982084,0.8089088,0.8089088,0.7978721,0.0160120148211717,0.010700405,0.011036694,0.010700405
Persistence,6,1,0.7963442,0.8075428,0.8075428,0.79655015,0.0160120148211717,0.01119858,0.010992646,0.01119858
Persistence,6,1,0.79456365,0.804289,0.804289,0.79475313,0.0160120148211717,0.009725332,0.009535849,0.009725332
Persistence,6,1,0.791823,0.80257004,0.80257004,0.7912978,0.0160120148211717,0.0107470155,0.011272252,0.0107470155
Persistence,6,1,0.79065543,0.80073166,0.80073166,0.79154915,0.0160120148211717,0.010076225,0.009182513,0.010076225
Persistence,6,1,0.7892154,0.7982084,0.7982084,0.7893944,0.0160120148211717,0.00899303,0.008814037,0.00899303
Persistence,6,1,0.78644973,0.7963442,0.7963442,0.7855078,0.0160120148211717,0.00989449,0.010836422,0.00989449
Persistence,6,1,0.7852575,0.79456365,0.79456365,0.78602,0.0160120148211717,0.009306133,0.00854367,0.009306133
Persistence,6,1,0.78368604,0.791823,0.791823,0.783829,0.0160120148211717,0.008136988,0.007994056,0.008136988
Persistence,6,1,0.7812152,0.79065543,0.79065543,0.7805863,0.0160120148211717,0.009440243,0.010069132,0.009440243
Persistence,6,1,0.77996975,0.7892154,0.7892154,0.7805262,0.0160120148211717,0.009245634,0.008689165,0.009245634
Persistence,6,1,0.77867305,0.78644973,0.78644973,0.7789416,0.0160120148211717,0.0077766776,0.0075081587,0.0077766776
Persistence,6,1,0.7756265,0.7852575,0.7852575,0.77445674,0.0160120148211717,0.009631038,0.010800779,0.009631038
Persistence,6,1,0.773985,0.78368604,0.78368604,0.77445674,0.0160120148211717,0.009701014,0.009229302,0.009701014
Persistence,6,1,0.774817,0.7812152,0.7812152,0.77698845,0.0160120148211717,0.006398201,0.004226744,0.006398201
Persistence,6,1,0.77362555,0.77996975,0.77996975,0.7730237,0.0160120148211717,0.006344199,0.0069460273,0.006344199
Persistence,6,1,0.7718343,0.77867305,0.77867305,0.77086025,0.0160120148211717,0.006838739,0.007812798,0.006838739
Persistence,6,1,0.7690168,0.7756265,0.7756265,0.76792955,0.0160120148211717,0.0066096783,0.0076969266,0.0066096783
Persistence,6,1,0.766893,0.773985,0.773985,0.76728773,0.0160120148211717,0.007091999,0.006697297,0.007091999
Persistence,6,1,0.7652964,0.774817,0.774817,0.76588273,0.0160120148211717,0.00952059,0.008934259,0.00952059
Persistence,6,1,0.76302576,0.77362555,0.77362555,0.76246834,0.0160120148211717,0.010599792,0.011157215,0.010599792
Persistence,6,1,0.76197636,0.7718343,0.7718343,0.7625915,0.0160120148211717,0.009857953,0.009242833,0.009857953
Persistence,6,1,0.7606726,0.7690168,0.7690168,0.7608736,0.0160120148211717,0.008344173,0.008143187,0.008344173
Persistence,6,1,0.7578365,0.766893,0.766893,0.75677514,0.0160120148211717,0.009056509,0.010117888,0.009056509
Persistence,6,1,0.75679064,0.7652964,0.7652964,0.7576346,0.0160120148211717,0.008505762,0.0076618195,0.008505762
MQAttn-LSTM-VQR,6,1,0.945266,0.9366191,0.9657876,0.9451563,0.0160120148211717,0.008646905,0.008537173,0.020521581
MQAttn-LSTM-VQR,6,1,0.94089407,0.9321735,0.96117985,0.94092375,0.0160120148211717,0.008720577,0.00875026,0.020285785
MQAttn-LSTM-VQR,6,1,0.93669385,0.94592947,0.9578325,0.9368477,0.0160120148211717,0.0092356205,0.009081781,0.021138668
MQAttn-LSTM-VQR,6,1,0.9327452,0.943881,0.9538108,0.9329308,0.0160120148211717,0.011135757,0.010950148,0.021065593
MQAttn-LSTM-VQR,6,1,0.9289982,0.9382076,0.9495974,0.9292152,0.0160120148211717,0.009209454,0.008992434,0.020599246
MQAttn-LSTM-VQR,6,1,0.9229916,0.93281394,0.945266,0.9213869,0.0160120148211717,0.009822369,0.011427045,0.022274435
MQAttn-LSTM-VQR,6,1,0.91530347,0.9270302,0.94089407,0.91336095,0.0160120148211717,0.011726737,0.013669252,0.025590599
MQAttn-LSTM-VQR,6,1,0.90885204,0.9224557,0.93669385,0.9091126,0.0160120148211717,0.013603687,0.013343155,0.027841806
MQAttn-LSTM-VQR,6,1,0.903782,0.91786003,0.9327452,0.90504295,0.0160120148211717,0.014078021,0.012817085,0.028963208
MQAttn-LSTM-VQR,6,1,0.900359,0.91358286,0.9289982,0.90191686,0.0160120148211717,0.0132238865,0.011666,0.028639197
MQAttn-LSTM-VQR,6,1,0.8969041,0.8787362,0.9229916,0.89723325,0.0160120148211717,0.018167913,0.01849705,0.026087463
MQAttn-LSTM-VQR,6,1,0.8936016,0.863082,0.91530347,0.89383733,0.0160120148211717,0.030519605,0.030755341,0.021701872
MQAttn-LSTM-VQR,6,1,0.88966167,0.8818668,0.90885204,0.8895033,0.0160120148211717,0.007794857,0.0076364875,0.019190371
MQAttn-LSTM-VQR,6,1,0.8863704,0.8880016,0.903782,0.8868945,0.0160120148211717,0.0016312003,0.0011070967,0.01741159
MQAttn-LSTM-VQR,6,1,0.8824113,0.8846779,0.900359,0.8821365,0.0160120148211717,0.0022665858,0.0025413632,0.017947674
MQAttn-LSTM-VQR,6,1,0.8794906,0.88042,0.8969041,0.88010037,0.0160120148211717,0.0009294152,0.0003196597,0.017413497
MQAttn-LSTM-VQR,6,1,0.876546,0.87525195,0.8936016,0.87682444,0.0160120148211717,0.0012940764,0.0015724897,0.017055571
MQAttn-LSTM-VQR,6,1,0.8724341,0.8712832,0.88966167,0.8716511,0.0160120148211717,0.0011509061,0.00036793947,0.01722759
MQAttn-LSTM-VQR,6,1,0.86975086,0.8670659,0.8863704,0.87049866,0.0160120148211717,0.0026849508,0.0034327507,0.016619563
MQAttn-LSTM-VQR,6,1,0.86719644,0.86431444,0.8824113,0.86768806,0.0160120148211717,0.0028820038,0.003373623,0.01521486
MQAttn-LSTM-VQR,6,1,0.8637198,0.86045235,0.8794906,0.8632066,0.0160120148211717,0.003267467,0.002754271,0.015770793
MQAttn-LSTM-VQR,6,1,0.86137325,0.8579162,0.876546,0.8619179,0.0160120148211717,0.0034570694,0.0040017366,0.01517278
MQAttn-LSTM-VQR,6,1,0.8561789,0.85678434,0.8724341,0.8543284,0.0160120148211717,0.000605464,0.0024559498,0.0162552
MQAttn-LSTM-VQR,6,1,0.85294104,0.8523763,0.86975086,0.8537088,0.0160120148211717,0.000564754,0.0013325214,0.016809821
MQAttn-LSTM-VQR,6,1,0.85004735,0.8490646,0.86719644,0.85070306,0.0160120148211717,0.0009827614,0.0016384721,0.01714909
MQAttn-LSTM-VQR,6,1,0.84598464,0.8488329,0.8637198,0.8452579,0.0160120148211717,0.0028482676,0.003575027,0.017735183
MQAttn-LSTM-VQR,6,1,0.8438785,0.84454256,0.86137325,0.84494364,0.0160120148211717,0.00066405535,0.00040107965,0.017494738
MQAttn-LSTM-VQR,6,1,0.84198195,0.8403935,0.8561789,0.8426394,0.0160120148211717,0.0015884638,0.002245903,0.014196932
MQAttn-LSTM-VQR,6,1,0.83898056,0.8370233,0.85294104,0.83848304,0.0160120148211717,0.0019572377,0.0014597178,0.013960481
MQAttn-LSTM-VQR,6,1,0.83684295,0.81676483,0.85004735,0.8371874,0.0160120148211717,0.020078123,0.020422578,0.013204396
MQAttn-LSTM-VQR,6,1,0.83452696,0.83457625,0.84598464,0.83460516,0.0160120148211717,4.929304e-05,2.8908253e-05,0.011457682
MQAttn-LSTM-VQR,6,1,0.83204395,0.8315639,0.8438785,0.8320624,0.0160120148211717,0.0004800558,0.00049853325,0.011834562
MQAttn-LSTM-VQR,6,1,0.8287292,0.83011097,0.84198195,0.82803303,0.0160120148211717,0.0013817549,0.0020779371,0.013252735
MQAttn-LSTM-VQR,6,1,0.8267836,0.829392,0.83898056,0.82749945,0.0160120148211717,0.0026084185,0.0018925667,0.012196958
MQAttn-LSTM-VQR,6,1,0.8234418,0.8253986,0.83684295,0.82280654,0.0160120148211717,0.0019568205,0.0025920868,0.013401151
MQAttn-LSTM-VQR,6,1,0.818311,0.82215893,0.83452696,0.81660396,0.0160120148211717,0.0038479567,0.005554974,0.01621598
MQAttn-LSTM-VQR,6,1,0.814708,0.82014877,0.83204395,0.81514454,0.0160120148211717,0.0054407716,0.005004227,0.017335951
MQAttn-LSTM-VQR,6,1,0.8106109,0.8197984,0.8287292,0.81057286,0.0160120148211717,0.00918752,0.009225547,0.018118322
MQAttn-LSTM-VQR,6,1,0.8089088,0.81450903,0.8267836,0.81062454,0.0160120148211717,0.005600214,0.0038844943,0.017874777
MQAttn-LSTM-VQR,6,1,0.8075428,0.81223106,0.8234418,0.80832255,0.0160120148211717,0.004688263,0.003908515,0.015899003
MQAttn-LSTM-VQR,6,1,0.804289,0.8072961,0.818311,0.8030813,0.0160120148211717,0.003007114,0.0042148232,0.014021993
MQAttn-LSTM-VQR,6,1,0.80257004,0.8013436,0.814708,0.80333453,0.0160120148211717,0.0012264252,0.0019909143,0.0121379495
MQAttn-LSTM-VQR,6,1,0.80073166,0.8068277,0.8106109,0.8011586,0.0160120148211717,0.006096065,0.005669117,0.009879231
MQAttn-LSTM-VQR,6,1,0.7982084,0.80313736,0.8089088,0.7978721,0.0160120148211717,0.0049289465,0.005265236,0.010700405
MQAttn-LSTM-VQR,6,1,0.7963442,0.80064005,0.8075428,0.79655015,0.0160120148211717,0.004295826,0.004089892,0.01119858
MQAttn-LSTM-VQR,6,1,0.79456365,0.80004704,0.804289,0.79475313,0.0160120148211717,0.005483389,0.0052939057,0.009725332
MQAttn-LSTM-VQR,6,1,0.791823,0.7956326,0.80257004,0.7912978,0.0160120148211717,0.0038095713,0.0043348074,0.0107470155
MQAttn-LSTM-VQR,6,1,0.79065543,0.794146,0.80073166,0.79154915,0.0160120148211717,0.0034905672,0.0025968552,0.010076225
MQAttn-LSTM-VQR,6,1,0.7892154,0.79327035,0.7982084,0.7893944,0.0160120148211717,0.0040549636,0.0038759708,0.00899303
MQAttn-LSTM-VQR,6,1,0.78644973,0.7908108,0.7963442,0.7855078,0.0160120148211717,0.004361093,0.0053030252,0.00989449
MQAttn-LSTM-VQR,6,1,0.7852575,0.7888578,0.79456365,0.78602,0.0160120148211717,0.0036002994,0.0028378367,0.009306133
MQAttn-LSTM-VQR,6,1,0.78368604,0.78787106,0.791823,0.783829,0.0160120148211717,0.004185021,0.004042089,0.008136988
MQAttn-LSTM-VQR,6,1,0.7812152,0.7854845,0.79065543,0.7805863,0.0160120148211717,0.004269302,0.0048981905,0.009440243
MQAttn-LSTM-VQR,6,1,0.77996975,0.783699,0.7892154,0.7805262,0.0160120148211717,0.0037292242,0.0031727552,0.009245634
MQAttn-LSTM-VQR,6,1,0.77867305,0.7832672,0.78644973,0.7789416,0.0160120148211717,0.004594147,0.0043256283,0.0077766776
MQAttn-LSTM-VQR,6,1,0.7756265,0.7809303,0.7852575,0.77445674,0.0160120148211717,0.0053038,0.0064735413,0.009631038
MQAttn-LSTM-VQR,6,1,0.773985,0.77953404,0.78368604,0.77445674,0.0160120148211717,0.0055490136,0.0050773025,0.009701014
MQAttn-LSTM-VQR,6,1,0.774817,0.7757928,0.7812152,0.77698845,0.0160120148211717,0.00097578764,0.0011956692,0.006398201
MQAttn-LSTM-VQR,6,1,0.77362555,0.77302855,0.77996975,0.7730237,0.0160120148211717,0.0005970001,4.827976e-06,0.006344199
MQAttn-LSTM-VQR,6,1,0.7718343,0.77157813,0.77867305,0.77086025,0.0160120148211717,0.00025618076,0.00071787834,0.006838739
MQAttn-LSTM-VQR,6,1,0.7690168,0.7667344,0.7756265,0.76792955,0.0160120148211717,0.002282381,0.0011951327,0.0066096783
MQAttn-LSTM-VQR,6,1,0.766893,0.7643739,0.773985,0.76728773,0.0160120148211717,0.0025191307,0.0029138327,0.007091999
MQAttn-LSTM-VQR,6,1,0.7652964,0.7671974,0.774817,0.76588273,0.0160120148211717,0.0019009709,0.00131464,0.00952059
MQAttn-LSTM-VQR,6,1,0.76302576,0.7664454,0.77362555,0.76246834,0.0160120148211717,0.0034196377,0.0039770603,0.010599792
MQAttn-LSTM-VQR,6,1,0.76197636,0.7644226,0.7718343,0.7625915,0.0160120148211717,0.0024462342,0.0018311143,0.009857953
MQAttn-LSTM-VQR,6,1,0.7606726,0.7620584,0.7690168,0.7608736,0.0160120148211717,0.0013857484,0.0011847615,0.008344173
MQAttn-LSTM-VQR,6,1,0.7578365,0.75983006,0.766893,0.75677514,0.0160120148211717,0.001993537,0.0030549169,0.009056509
MQAttn-LSTM-VQR,6,1,0.75679064,0.7582489,0.7652964,0.7576346,0.0160120148211717,0.0014582872,0.0006143451,0.008505762
MQAttn-LSTM-VQR classical twin,6,1,0.945266,0.9499061,0.9657876,0.9451563,0.0160120148211717,0.0046401024,0.0047498345,0.020521581
MQAttn-LSTM-VQR classical twin,6,1,0.94089407,0.9509297,0.96117985,0.94092375,0.0160120148211717,0.010035634,0.010005951,0.020285785
MQAttn-LSTM-VQR classical twin,6,1,0.93669385,0.94490165,0.9578325,0.9368477,0.0160120148211717,0.008207798,0.008053958,0.021138668
MQAttn-LSTM-VQR classical twin,6,1,0.9327452,0.93219143,0.9538108,0.9329308,0.0160120148211717,0.00055378675,0.0007393956,0.021065593
MQAttn-LSTM-VQR classical twin,6,1,0.9289982,0.9248286,0.9495974,0.9292152,0.0160120148211717,0.0041695833,0.004386604,0.020599246
MQAttn-LSTM-VQR classical twin,6,1,0.9229916,0.9183308,0.945266,0.9213869,0.0160120148211717,0.004660785,0.003056109,0.022274435
MQAttn-LSTM-VQR classical twin,6,1,0.91530347,0.9129042,0.94089407,0.91336095,0.0160120148211717,0.0023992658,0.0004567504,0.025590599
MQAttn-LSTM-VQR classical twin,6,1,0.90885204,0.9079668,0.93669385,0.9091126,0.0160120148211717,0.0008852482,0.0011457801,0.027841806
MQAttn-LSTM-VQR classical twin,6,1,0.903782,0.9045937,0.9327452,0.90504295,0.0160120148211717,0.00081169605,0.0004492402,0.028963208
MQAttn-LSTM-VQR classical twin,6,1,0.900359,0.90151256,0.9289982,0.90191686,0.0160120148211717,0.0011535883,0.0004042983,0.028639197
MQAttn-LSTM-VQR classical twin,6,1,0.8969041,0.90649366,0.9229916,0.89723325,0.0160120148211717,0.009589553,0.009260416,0.026087463
MQAttn-LSTM-VQR classical twin,6,1,0.8936016,0.9154275,0.91530347,0.89383733,0.0160120148211717,0.02182591,0.021590173,0.021701872
MQAttn-LSTM-VQR classical twin,6,1,0.88966167,0.89669776,0.90885204,0.8895033,0.0160120148211717,0.00703609,0.0071944594,0.019190371
MQAttn-LSTM-VQR classical twin,6,1,0.8863704,0.8877884,0.903782,0.8868945,0.0160120148211717,0.0014179945,0.00089389086,0.01741159
MQAttn-LSTM-VQR classical twin,6,1,0.8824113,0.88218397,0.900359,0.8821365,0.0160120148211717,0.00022733212,4.7445297e-05,0.017947674
MQAttn-LSTM-VQR classical twin,6,1,0.8794906,0.8778961,0.8969041,0.88010037,0.0160120148211717,0.0015945435,0.002204299,0.017413497
MQAttn-LSTM-VQR classical twin,6,1,0.876546,0.8742868,0.8936016,0.87682444,0.0160120148211717,0.0022592545,0.0025376678,0.017055571
MQAttn-LSTM-VQR classical twin,6,1,0.8724341,0.87138987,0.88966167,0.8716511,0.0160120148211717,0.0010442138,0.00026124716,0.01722759
MQAttn-LSTM-VQR classical twin,6,1,0.86975086,0.8681388,0.8863704,0.87049866,0.0160120148211717,0.0016120672,0.002359867,0.016619563
MQAttn-LSTM-VQR classical twin,6,1,0.86719644,0.86512655,0.8824113,0.86768806,0.0160120148211717,0.0020698905,0.0025615096,0.01521486
MQAttn-LSTM-VQR classical twin,6,1,0.8637198,0.8613107,0.8794906,0.8632066,0.0160120148211717,0.0024091005,0.0018959045,0.015770793
MQAttn-LSTM-VQR classical twin,6,1,0.86137325,0.85878646,0.876546,0.8619179,0.0160120148211717,0.002586782,0.0031314492,0.01517278
MQAttn-LSTM-VQR classical twin,6,1,0.8561789,0.8541264,0.8724341,0.8543284,0.0160120148211717,0.002052486,0.00020200014,0.0162552
MQAttn-LSTM-VQR classical twin,6,1,0.85294104,0.853142,0.86975086,0.8537088,0.0160120148211717,0.00020098686,0.00056678057,0.016809821
MQAttn-LSTM-VQR classical twin,6,1,0.85004735,0.8487736,0.86719644,0.85070306,0.0160120148211717,0.0012737513,0.001929462,0.01714909
MQAttn-LSTM-VQR classical twin,6,1,0.84598464,0.84539354,0.8637198,0.8452579,0.0160120148211717,0.00059109926,0.00013566017,0.017735183
MQAttn-LSTM-VQR classical twin,6,1,0.8438785,0.8433966,0.86137325,0.84494364,0.0160120148211717,0.00048190355,0.0015470386,0.017494738
MQAttn-LSTM-VQR classical twin,6,1,0.84198195,0.8433359,0.8561789,0.8426394,0.0160120148211717,0.0013539791,0.0006965399,0.014196932
MQAttn-LSTM-VQR classical twin,6,1,0.83898056,0.83902365,0.85294104,0.83848304,0.0160120148211717,4.3094158e-05,0.0005406141,0.013960481
MQAttn-LSTM-VQR classical twin,6,1,0.83684295,0.8049314,0.85004735,0.8371874,0.0160120148211717,0.031911552,0.032256007,0.013204396
MQAttn-LSTM-VQR classical twin,6,1,0.83452696,0.8282539,0.84598464,0.83460516,0.0160120148211717,0.0062730312,0.0063512325,0.011457682
MQAttn-LSTM-VQR classical twin,6,1,0.83204395,0.8300934,0.8438785,0.8320624,0.0160120148211717,0.001950562,0.0019690394,0.011834562
MQAttn-LSTM-VQR classical twin,6,1,0.8287292,0.8291738,0.84198195,0.82803303,0.0160120148211717,0.00044459105,0.0011407733,0.013252735
MQAttn-LSTM-VQR classical twin,6,1,0.8267836,0.82484347,0.83898056,0.82749945,0.0160120148211717,0.0019401312,0.002655983,0.012196958
MQAttn-LSTM-VQR classical twin,6,1,0.8234418,0.8254554,0.83684295,0.82280654,0.0160120148211717,0.0020136237,0.00264889,0.013401151
MQAttn-LSTM-VQR classical twin,6,1,0.818311,0.8254552,0.83452696,0.81660396,0.0160120148211717,0.0071442127,0.00885123,0.01621598
MQAttn-LSTM-VQR classical twin,6,1,0.814708,0.82420546,0.83204395,0.81514454,0.0160120148211717,0.009497464,0.009060919,0.017335951
MQAttn-LSTM-VQR classical twin,6,1,0.8106109,0.81799227,0.8287292,0.81057286,0.0160120148211717,0.0073813796,0.0074194074,0.018118322
MQAttn-LSTM-VQR classical twin,6,1,0.8089088,0.8210505,0.8267836,0.81062454,0.0160120148211717,0.012141705,0.010425985,0.017874777
MQAttn-LSTM-VQR classical twin,6,1,0.8075428,0.8166777,0.8234418,0.80832255,0.0160120148211717,0.009134889,0.008355141,0.015899003
MQAttn-LSTM-VQR classical twin,6,1,0.804289,0.8130805,0.818311,0.8030813,0.0160120148211717,0.008791506,0.009999216,0.014021993
MQAttn-LSTM-VQR classical twin,6,1,0.80257004,0.81314075,0.814708,0.80333453,0.0160120148211717,0.010570705,0.009806216,0.0121379495
MQAttn-LSTM-VQR classical twin,6,1,0.80073166,0.8007387,0.8106109,0.8011586,0.0160120148211717,7.033348e-06,0.00041991472,0.009879231
MQAttn-LSTM-VQR classical twin,6,1,0.7982084,0.8029889,0.8089088,0.7978721,0.0160120148211717,0.0047804713,0.0051167607,0.010700405
MQAttn-LSTM-VQR classical twin,6,1,0.7963442,0.8003332,0.8075428,0.79655015,0.0160120148211717,0.0039889812,0.0037830472,0.01119858
MQAttn-LSTM-VQR classical twin,6,1,0.79456365,0.79170597,0.804289,0.79475313,0.0160120148211717,0.002857685,0.0030471683,0.009725332
MQAttn-LSTM-VQR classical twin,6,1,0.791823,0.79785436,0.80257004,0.7912978,0.0160120148211717,0.0060313344,0.0065565705,0.0107470155
MQAttn-LSTM-VQR classical twin,6,1,0.79065543,0.7940928,0.80073166,0.79154915,0.0160120148211717,0.0034373403,0.0025436282,0.010076225
MQAttn-LSTM-VQR classical twin,6,1,0.7892154,0.78708375,0.7982084,0.7893944,0.0160120148211717,0.002131641,0.0023106337,0.00899303
MQAttn-LSTM-VQR classical twin,6,1,0.78644973,0.7865672,0.7963442,0.7855078,0.0160120148211717,0.000117480755,0.001059413,0.00989449
MQAttn-LSTM-VQR classical twin,6,1,0.7852575,0.78530765,0.79456365,0.78602,0.0160120148211717,5.0127506e-05,0.0007123351,0.009306133
MQAttn-LSTM-VQR classical twin,6,1,0.78368604,0.779711,0.791823,0.783829,0.0160120148211717,0.0039750338,0.0041179657,0.008136988
MQAttn-LSTM-VQR classical twin,6,1,0.7812152,0.7834703,0.79065543,0.7805863,0.0160120148211717,0.0022550821,0.0028839707,0.009440243
MQAttn-LSTM-VQR classical twin,6,1,0.77996975,0.78135103,0.7892154,0.7805262,0.0160120148211717,0.001381278,0.0008248091,0.009245634
MQAttn-LSTM-VQR classical twin,6,1,0.77867305,0.7728938,0.78644973,0.7789416,0.0160120148211717,0.0057792664,0.0060477853,0.0077766776
MQAttn-LSTM-VQR classical twin,6,1,0.7756265,0.7769615,0.7852575,0.77445674,0.0160120148211717,0.0013350248,0.002504766,0.009631038
MQAttn-LSTM-VQR classical twin,6,1,0.773985,0.77351546,0.78368604,0.77445674,0.0160120148211717,0.0004695654,0.00094127655,0.009701014
MQAttn-LSTM-VQR classical twin,6,1,0.774817,0.7714861,0.7812152,0.77698845,0.0160120148211717,0.0033308864,0.005502343,0.006398201
MQAttn-LSTM-VQR classical twin,6,1,0.77362555,0.7754971,0.77996975,0.7730237,0.0160120148211717,0.0018715262,0.0024733543,0.006344199
MQAttn-LSTM-VQR classical twin,6,1,0.7718343,0.773195,0.77867305,0.77086025,0.0160120148211717,0.0013607144,0.0023347735,0.006838739
MQAttn-LSTM-VQR classical twin,6,1,0.7690168,0.76836145,0.7756265,0.76792955,0.0160120148211717,0.00065535307,0.00043189526,0.0066096783
MQAttn-LSTM-VQR classical twin,6,1,0.766893,0.7682547,0.773985,0.76728773,0.0160120148211717,0.0013616681,0.00096696615,0.007091999
MQAttn-LSTM-VQR classical twin,6,1,0.7652964,0.77068025,0.774817,0.76588273,0.0160120148211717,0.005383849,0.0047975183,0.00952059
MQAttn-LSTM-VQR classical twin,6,1,0.76302576,0.7667862,0.77362555,0.76246834,0.0160120148211717,0.003760457,0.0043178797,0.010599792
MQAttn-LSTM-VQR classical twin,6,1,0.76197636,0.7635495,0.7718343,0.7625915,0.0160120148211717,0.0015731454,0.00095802546,0.009857953
MQAttn-LSTM-VQR classical twin,6,1,0.7606726,0.7582142,0.7690168,0.7608736,0.0160120148211717,0.0024584532,0.00265944,0.008344173
MQAttn-LSTM-VQR classical twin,6,1,0.7578365,0.7593052,0.766893,0.75677514,0.0160120148211717,0.0014686584,0.0025300384,0.009056509
MQAttn-LSTM-VQR classical twin,6,1,0.75679064,0.75685453,0.7652964,0.7576346,0.0160120148211717,6.389618e-05,0.000780046,0.008505762
MQAttn-QLSTM-VQR,6,1,0.945266,0.94049007,0.9657876,0.9451563,0.0160120148211717,0.0047759414,0.004666209,0.020521581
MQAttn-QLSTM-VQR,6,1,0.94089407,0.9360272,0.96117985,0.94092375,0.0160120148211717,0.0048668385,0.0048965216,0.020285785
MQAttn-QLSTM-VQR,6,1,0.93669385,0.9360183,0.9578325,0.9368477,0.0160120148211717,0.00067555904,0.00082939863,0.021138668
MQAttn-QLSTM-VQR,6,1,0.9327452,0.9328767,0.9538108,0.9329308,0.0160120148211717,0.00013148785,5.4121017e-05,0.021065593
MQAttn-QLSTM-VQR,6,1,0.9289982,0.92887324,0.9495974,0.9292152,0.0160120148211717,0.00012493134,0.00034195185,0.020599246
MQAttn-QLSTM-VQR,6,1,0.9229916,0.9246983,0.945266,0.9213869,0.0160120148211717,0.0017067194,0.0033113956,0.022274435
MQAttn-QLSTM-VQR,6,1,0.91530347,0.9201185,0.94089407,0.91336095,0.0160120148211717,0.004815042,0.0067575574,0.025590599
MQAttn-QLSTM-VQR,6,1,0.90885204,0.9157823,0.93669385,0.9091126,0.0160120148211717,0.006930232,0.0066697,0.027841806
MQAttn-QLSTM-VQR,6,1,0.903782,0.91170716,0.9327452,0.90504295,0.0160120148211717,0.007925153,0.0066642165,0.028963208
MQAttn-QLSTM-VQR,6,1,0.900359,0.907841,0.9289982,0.90191686,0.0160120148211717,0.007482052,0.0059241652,0.028639197
MQAttn-QLSTM-VQR,6,1,0.8969041,0.9073293,0.9229916,0.89723325,0.0160120148211717,0.01042521,0.010096073,0.026087463
MQAttn-QLSTM-VQR,6,1,0.8936016,0.8943922,0.91530347,0.89383733,0.0160120148211717,0.000790596,0.00055485964,0.021701872
MQAttn-QLSTM-VQR,6,1,0.88966167,0.8873969,0.90885204,0.8895033,0.0160120148211717,0.0022647977,0.0021064281,0.019190371
MQAttn-QLSTM-VQR,6,1,0.8863704,0.88226527,0.903782,0.8868945,0.0160120148211717,0.0041051507,0.0046292543,0.01741159
MQAttn-QLSTM-VQR,6,1,0.8824113,0.8786751,0.900359,0.8821365,0.0160120148211717,0.003736198,0.0034614205,0.017947674
MQAttn-QLSTM-VQR,6,1,0.8794906,0.87499034,0.8969041,0.88010037,0.0160120148211717,0.00450027,0.0051100254,0.017413497
MQAttn-QLSTM-VQR,6,1,0.876546,0.8717811,0.8936016,0.87682444,0.0160120148211717,0.0047649145,0.005043328,0.017055571
MQAttn-QLSTM-VQR,6,1,0.8724341,0.86772275,0.88966167,0.8716511,0.0160120148211717,0.00471133,0.0039283633,0.01722759
MQAttn-QLSTM-VQR,6,1,0.86975086,0.8644029,0.8863704,0.87049866,0.0160120148211717,0.005347967,0.006095767,0.016619563
MQAttn-QLSTM-VQR,6,1,0.86719644,0.8604358,0.8824113,0.86768806,0.0160120148211717,0.006760657,0.007252276,0.01521486
MQAttn-QLSTM-VQR,6,1,0.8637198,0.8576224,0.8794906,0.8632066,0.0160120148211717,0.006097436,0.00558424,0.015770793
MQAttn-QLSTM-VQR,6,1,0.86137325,0.8547092,0.876546,0.8619179,0.0160120148211717,0.0066640377,0.007208705,0.01517278
MQAttn-QLSTM-VQR,6,1,0.8561789,0.8509552,0.8724341,0.8543284,0.0160120148211717,0.0052236915,0.0033732057,0.0162552
MQAttn-QLSTM-VQR,6,1,0.85294104,0.84821,0.86975086,0.8537088,0.0160120148211717,0.004731059,0.0054988265,0.016809821
MQAttn-QLSTM-VQR,6,1,0.85004735,0.8456749,0.86719644,0.85070306,0.0160120148211717,0.0043724775,0.005028188,0.01714909
MQAttn-QLSTM-VQR,6,1,0.84598464,0.84258384,0.8637198,0.8452579,0.0160120148211717,0.0034008026,0.0026740432,0.017735183
MQAttn-QLSTM-VQR,6,1,0.8438785,0.8402329,0.86137325,0.84494364,0.0160120148211717,0.003645599,0.004710734,0.017494738
MQAttn-QLSTM-VQR,6,1,0.84198195,0.8356093,0.8561789,0.8426394,0.0160120148211717,0.0063726306,0.00703007,0.014196932
MQAttn-QLSTM-VQR,6,1,0.83898056,0.83254486,0.85294104,0.83848304,0.0160120148211717,0.0064356923,0.0059381723,0.013960481
MQAttn-QLSTM-VQR,6,1,0.83684295,0.83176315,0.85004735,0.8371874,0.0160120148211717,0.005079806,0.005424261,0.013204396
MQAttn-QLSTM-VQR,6,1,0.83452696,0.8273594,0.84598464,0.83460516,0.0160120148211717,0.0071675777,0.007245779,0.011457682
MQAttn-QLSTM-VQR,6,1,0.83204395,0.82468396,0.8438785,0.8320624,0.0160120148211717,0.0073599815,0.007378459,0.011834562
MQAttn-QLSTM-VQR,6,1,0.8287292,0.82263297,0.84198195,0.82803303,0.0160120148211717,0.006096244,0.0054000616,0.013252735
MQAttn-QLSTM-VQR,6,1,0.8267836,0.8201894,0.83898056,0.82749945,0.0160120148211717,0.006594181,0.007310033,0.012196958
MQAttn-QLSTM-VQR,6,1,0.8234418,0.81767404,0.83684295,0.82280654,0.0160120148211717,0.0057677627,0.0051324964,0.013401151
MQAttn-QLSTM-VQR,6,1,0.818311,0.81532556,0.83452696,0.81660396,0.0160120148211717,0.0029854178,0.0012784004,0.01621598
MQAttn-QLSTM-VQR,6,1,0.814708,0.8129884,0.83204395,0.81514454,0.0160120148211717,0.001719594,0.0021561384,0.017335951
MQAttn-QLSTM-VQR,6,1,0.8106109,0.8105692,0.8287292,0.81057286,0.0160120148211717,4.1663647e-05,3.6358833e-06,0.018118322
MQAttn-QLSTM-VQR,6,1,0.8089088,0.8082738,0.8267836,0.81062454,0.0160120148211717,0.0006350279,0.0023507476,0.017874777
MQAttn-QLSTM-VQR,6,1,0.8075428,0.80520815,0.8234418,0.80832255,0.0160120148211717,0.0023346543,0.0031144023,0.015899003
MQAttn-QLSTM-VQR,6,1,0.804289,0.8008208,0.818311,0.8030813,0.0160120148211717,0.0034681559,0.0022604465,0.014021993
MQAttn-QLSTM-VQR,6,1,0.80257004,0.79731494,0.814708,0.80333453,0.0160120148211717,0.005255103,0.0060195923,0.0121379495
MQAttn-QLSTM-VQR,6,1,0.80073166,0.7947859,0.8106109,0.8011586,0.0160120148211717,0.005945742,0.00637269,0.009879231
MQAttn-QLSTM-VQR,6,1,0.7982084,0.7919779,0.8089088,0.7978721,0.0160120148211717,0.006230533,0.0058942437,0.010700405
MQAttn-QLSTM-VQR,6,1,0.7963442,0.7904735,0.8075428,0.79655015,0.0160120148211717,0.0058707,0.006076634,0.01119858
MQAttn-QLSTM-VQR,6,1,0.79456365,0.7887591,0.804289,0.79475313,0.0160120148211717,0.0058045387,0.005994022,0.009725332
MQAttn-QLSTM-VQR,6,1,0.791823,0.78585684,0.80257004,0.7912978,0.0160120148211717,0.0059661865,0.0054409504,0.0107470155
MQAttn-QLSTM-VQR,6,1,0.79065543,0.7840087,0.80073166,0.79154915,0.0160120148211717,0.0066467524,0.0075404644,0.010076225
MQAttn-QLSTM-VQR,6,1,0.7892154,0.78203094,0.7982084,0.7893944,0.0160120148211717,0.007184446,0.0073634386,0.00899303
MQAttn-QLSTM-VQR,6,1,0.78644973,0.77997375,0.7963442,0.7855078,0.0160120148211717,0.006475985,0.005534053,0.00989449
MQAttn-QLSTM-VQR,6,1,0.7852575,0.778349,0.79456365,0.78602,0.0160120148211717,0.006908536,0.0076709986,0.009306133
MQAttn-QLSTM-VQR,6,1,0.78368604,0.7768555,0.791823,0.783829,0.0160120148211717,0.0068305135,0.0069734454,0.008136988
MQAttn-QLSTM-VQR,6,1,0.7812152,0.7748702,0.79065543,0.7805863,0.0160120148211717,0.006344974,0.0057160854,0.009440243
MQAttn-QLSTM-VQR,6,1,0.77996975,0.77352804,0.7892154,0.7805262,0.0160120148211717,0.0064417124,0.0069981813,0.009245634
MQAttn-QLSTM-VQR,6,1,0.77867305,0.77223325,0.78644973,0.7789416,0.0160120148211717,0.006439805,0.006708324,0.0077766776
MQAttn-QLSTM-VQR,6,1,0.7756265,0.7699798,0.7852575,0.77445674,0.0160120148211717,0.0056467056,0.0044769645,0.009631038
MQAttn-QLSTM-VQR,6,1,0.773985,0.76844347,0.78368604,0.77445674,0.0160120148211717,0.005541563,0.006013274,0.009701014
MQAttn-QLSTM-VQR,6,1,0.774817,0.76756954,0.7812152,0.77698845,0.0160120148211717,0.007247448,0.009418905,0.006398201
MQAttn-QLSTM-VQR,6,1,0.77362555,0.76515156,0.77996975,0.7730237,0.0160120148211717,0.008473992,0.007872164,0.006344199
MQAttn-QLSTM-VQR,6,1,0.7718343,0.76375663,0.77867305,0.77086025,0.0160120148211717,0.008077681,0.007103622,0.006838739
MQAttn-QLSTM-VQR,6,1,0.7690168,0.7624721,0.7756265,0.76792955,0.0160120148211717,0.006544709,0.005457461,0.0066096783
MQAttn-QLSTM-VQR,6,1,0.766893,0.7612047,0.773985,0.76728773,0.0160120148211717,0.0056883097,0.0060830116,0.007091999
MQAttn-QLSTM-VQR,6,1,0.7652964,0.76068705,0.774817,0.76588273,0.0160120148211717,0.0046093464,0.0051956773,0.00952059
MQAttn-QLSTM-VQR,6,1,0.76302576,0.7592499,0.77362555,0.76246834,0.0160120148211717,0.003775835,0.0032184124,0.010599792
MQAttn-QLSTM-VQR,6,1,0.76197636,0.7575055,0.7718343,0.7625915,0.0160120148211717,0.004470885,0.0050860047,0.009857953
MQAttn-QLSTM-VQR,6,1,0.7606726,0.7556919,0.7690168,0.7608736,0.0160120148211717,0.004980743,0.00518173,0.008344173
MQAttn-QLSTM-VQR,6,1,0.7578365,0.7530514,0.766893,0.75677514,0.0160120148211717,0.0047851205,0.0037237406,0.009056509
MQAttn-QLSTM-VQR,6,1,0.75679064,0.7515544,0.7652964,0.7576346,0.0160120148211717,0.0052362084,0.0060801506,0.008505762
MQAttn-QLSTM-VQR classical twin,6,1,0.945266,0.94789165,0.9657876,0.9451563,0.0160120148211717,0.0026256442,0.0027353764,0.020521581
MQAttn-QLSTM-VQR classical twin,6,1,0.94089407,0.9429737,0.96117985,0.94092375,0.0160120148211717,0.002079606,0.002049923,0.020285785
MQAttn-QLSTM-VQR classical twin,6,1,0.93669385,0.9335005,0.9578325,0.9368477,0.0160120148211717,0.0031933188,0.0033471584,0.021138668
MQAttn-QLSTM-VQR classical twin,6,1,0.9327452,0.9286779,0.9538108,0.9329308,0.0160120148211717,0.0040673018,0.0042529106,0.021065593
MQAttn-QLSTM-VQR classical twin,6,1,0.9289982,0.9243367,0.9495974,0.9292152,0.0160120148211717,0.0046615005,0.004878521,0.020599246
MQAttn-QLSTM-VQR classical twin,6,1,0.9229916,0.91983134,0.945266,0.9213869,0.0160120148211717,0.0031602383,0.001555562,0.022274435
MQAttn-QLSTM-VQR classical twin,6,1,0.91530347,0.9153328,0.94089407,0.91336095,0.0160120148211717,2.9325485e-05,0.0019718409,0.025590599
MQAttn-QLSTM-VQR classical twin,6,1,0.90885204,0.91123563,0.93669385,0.9091126,0.0160120148211717,0.0023835897,0.0021230578,0.027841806
MQAttn-QLSTM-VQR classical twin,6,1,0.903782,0.9073765,0.9327452,0.90504295,0.0160120148211717,0.0035945177,0.0023335814,0.028963208
MQAttn-QLSTM-VQR classical twin,6,1,0.900359,0.9037744,0.9289982,0.90191686,0.0160120148211717,0.0034154058,0.0018575191,0.028639197
MQAttn-QLSTM-VQR classical twin,6,1,0.8969041,0.90757936,0.9229916,0.89723325,0.0160120148211717,0.0106752515,0.010346115,0.026087463
MQAttn-QLSTM-VQR classical twin,6,1,0.8936016,0.89092577,0.91530347,0.89383733,0.0160120148211717,0.0026758313,0.0029115677,0.021701872
MQAttn-QLSTM-VQR classical twin,6,1,0.88966167,0.8849741,0.90885204,0.8895033,0.0160120148211717,0.0046875477,0.004529178,0.019190371
MQAttn-QLSTM-VQR classical twin,6,1,0.8863704,0.8806654,0.903782,0.8868945,0.0160120148211717,0.005704999,0.0062291026,0.01741159
MQAttn-QLSTM-VQR classical twin,6,1,0.8824113,0.8768223,0.900359,0.8821365,0.0160120148211717,0.0055890083,0.005314231,0.017947674
MQAttn-QLSTM-VQR classical twin,6,1,0.8794906,0.87376356,0.8969041,0.88010037,0.0160120148211717,0.0057270527,0.006336808,0.017413497
MQAttn-QLSTM-VQR classical twin,6,1,0.876546,0.8702666,0.8936016,0.87682444,0.0160120148211717,0.006279409,0.006557822,0.017055571
MQAttn-QLSTM-VQR classical twin,6,1,0.8724341,0.86681974,0.88966167,0.8716511,0.0160120148211717,0.0056143403,0.0048313737,0.01722759
MQAttn-QLSTM-VQR classical twin,6,1,0.86975086,0.86338645,0.8863704,0.87049866,0.0160120148211717,0.006364405,0.007112205,0.016619563
MQAttn-QLSTM-VQR classical twin,6,1,0.86719644,0.8603494,0.8824113,0.86768806,0.0160120148211717,0.006847024,0.007338643,0.01521486
MQAttn-QLSTM-VQR classical twin,6,1,0.8637198,0.8569545,0.8794906,0.8632066,0.0160120148211717,0.006765306,0.00625211,0.015770793
MQAttn-QLSTM-VQR classical twin,6,1,0.86137325,0.85409147,0.876546,0.8619179,0.0160120148211717,0.0072817802,0.0078264475,0.01517278
MQAttn-QLSTM-VQR classical twin,6,1,0.8561789,0.85180366,0.8724341,0.8543284,0.0160120148211717,0.0043752193,0.0025247335,0.0162552
MQAttn-QLSTM-VQR classical twin,6,1,0.85294104,0.84769046,0.86975086,0.8537088,0.0160120148211717,0.005250573,0.0060183406,0.016809821
MQAttn-QLSTM-VQR classical twin,6,1,0.85004735,0.8454989,0.86719644,0.85070306,0.0160120148211717,0.0045484304,0.005204141,0.01714909
MQAttn-QLSTM-VQR classical twin,6,1,0.84598464,0.8432603,0.8637198,0.8452579,0.0160120148211717,0.0027243495,0.00199759,0.017735183
MQAttn-QLSTM-VQR classical twin,6,1,0.8438785,0.8402437,0.86137325,0.84494364,0.0160120148211717,0.0036348104,0.0046999454,0.017494738
MQAttn-QLSTM-VQR classical twin,6,1,0.84198195,0.83786,0.8561789,0.8426394,0.0160120148211717,0.004121959,0.0047793984,0.014196932
MQAttn-QLSTM-VQR classical twin,6,1,0.83898056,0.8337125,0.85294104,0.83848304,0.0160120148211717,0.0052680373,0.0047705173,0.013960481
MQAttn-QLSTM-VQR classical twin,6,1,0.83684295,0.83924615,0.85004735,0.8371874,0.0160120148211717,0.0024031997,0.0020587444,0.013204396
MQAttn-QLSTM-VQR classical twin,6,1,0.83452696,0.8280718,0.84598464,0.83460516,0.0160120148211717,0.006455183,0.0065333843,0.011457682
MQAttn-QLSTM-VQR classical twin,6,1,0.83204395,0.8247798,0.8438785,0.8320624,0.0160120148211717,0.0072641373,0.0072826147,0.011834562
MQAttn-QLSTM-VQR classical twin,6,1,0.8287292,0.82235014,0.84198195,0.82803303,0.0160120148211717,0.006379068,0.0056828856,0.013252735
MQAttn-QLSTM-VQR classical twin,6,1,0.8267836,0.82076293,0.83898056,0.82749945,0.0160120148211717,0.006020665,0.006736517,0.012196958
MQAttn-QLSTM-VQR classical twin,6,1,0.8234418,0.81750774,0.83684295,0.82280654,0.0160120148211717,0.0059340596,0.0052987933,0.013401151
MQAttn-QLSTM-VQR classical twin,6,1,0.818311,0.81540847,0.83452696,0.81660396,0.0160120148211717,0.0029025078,0.0011954904,0.01621598
MQAttn-QLSTM-VQR classical twin,6,1,0.814708,0.81284463,0.83204395,0.81514454,0.0160120148211717,0.0018633604,0.0022999048,0.017335951
MQAttn-QLSTM-VQR classical twin,6,1,0.8106109,0.8109055,0.8287292,0.81057286,0.0160120148211717,0.00029462576,0.00033265352,0.018118322
MQAttn-QLSTM-VQR classical twin,6,1,0.8089088,0.80843127,0.8267836,0.81062454,0.0160120148211717,0.0004775524,0.002193272,0.017874777
MQAttn-QLSTM-VQR classical twin,6,1,0.8075428,0.80488104,0.8234418,0.80832255,0.0160120148211717,0.0026617646,0.0034415126,0.015899003
MQAttn-QLSTM-VQR classical twin,6,1,0.804289,0.8008924,0.818311,0.8030813,0.0160120148211717,0.0033965707,0.0021888614,0.014021993
MQAttn-QLSTM-VQR classical twin,6,1,0.80257004,0.79755896,0.814708,0.80333453,0.0160120148211717,0.0050110817,0.005775571,0.0121379495
MQAttn-QLSTM-VQR classical twin,6,1,0.80073166,0.7929557,0.8106109,0.8011586,0.0160120148211717,0.0077759624,0.00820291,0.009879231
MQAttn-QLSTM-VQR classical twin,6,1,0.7982084,0.7895004,0.8089088,0.7978721,0.0160120148211717,0.008708,0.008371711,0.010700405
MQAttn-QLSTM-VQR classical twin,6,1,0.7963442,0.78791344,0.8075428,0.79655015,0.0160120148211717,0.008430779,0.008636713,0.01119858
MQAttn-QLSTM-VQR classical twin,6,1,0.79456365,0.7866028,0.804289,0.79475313,0.0160120148211717,0.007960856,0.008150339,0.009725332
MQAttn-QLSTM-VQR classical twin,6,1,0.791823,0.7833372,0.80257004,0.7912978,0.0160120148211717,0.008485854,0.007960618,0.0107470155
MQAttn-QLSTM-VQR classical twin,6,1,0.79065543,0.78090024,0.80073166,0.79154915,0.0160120148211717,0.009755194,0.010648906,0.010076225
MQAttn-QLSTM-VQR classical twin,6,1,0.7892154,0.7787936,0.7982084,0.7893944,0.0160120148211717,0.0104218125,0.010600805,0.00899303
MQAttn-QLSTM-VQR classical twin,6,1,0.78644973,0.7765924,0.7963442,0.7855078,0.0160120148211717,0.009857357,0.008915424,0.00989449
MQAttn-QLSTM-VQR classical twin,6,1,0.7852575,0.774944,0.79456365,0.78602,0.0160120148211717,0.010313511,0.0110759735,0.009306133
MQAttn-QLSTM-VQR classical twin,6,1,0.78368604,0.77372426,0.791823,0.783829,0.0160120148211717,0.009961784,0.010104716,0.008136988
MQAttn-QLSTM-VQR classical twin,6,1,0.7812152,0.7712438,0.79065543,0.7805863,0.0160120148211717,0.00997138,0.009342492,0.009440243
MQAttn-QLSTM-VQR classical twin,6,1,0.77996975,0.76971805,0.7892154,0.7805262,0.0160120148211717,0.010251701,0.01080817,0.009245634
MQAttn-QLSTM-VQR classical twin,6,1,0.77867305,0.76848304,0.78644973,0.7789416,0.0160120148211717,0.01019001,0.010458529,0.0077766776
MQAttn-QLSTM-VQR classical twin,6,1,0.7756265,0.765668,0.7852575,0.77445674,0.0160120148211717,0.009958506,0.0087887645,0.009631038
MQAttn-QLSTM-VQR classical twin,6,1,0.773985,0.7637353,0.78368604,0.77445674,0.0160120148211717,0.010249734,0.010721445,0.009701014
MQAttn-QLSTM-VQR classical twin,6,1,0.774817,0.7637614,0.7812152,0.77698845,0.0160120148211717,0.011055589,0.013227046,0.006398201
MQAttn-QLSTM-VQR classical twin,6,1,0.77362555,0.7604827,0.77996975,0.7730237,0.0160120148211717,0.013142824,0.012540996,0.006344199
MQAttn-QLSTM-VQR classical twin,6,1,0.7718343,0.7586545,0.77867305,0.77086025,0.0160120148211717,0.013179839,0.01220578,0.006838739
MQAttn-QLSTM-VQR classical twin,6,1,0.7690168,0.7581298,0.7756265,0.76792955,0.0160120148211717,0.010887027,0.009799778,0.0066096783
MQAttn-QLSTM-VQR classical twin,6,1,0.766893,0.75682586,0.773985,0.76728773,0.0160120148211717,0.010067165,0.010461867,0.007091999
MQAttn-QLSTM-VQR classical twin,6,1,0.7652964,0.7549907,0.774817,0.76588273,0.0160120148211717,0.010305703,0.010892034,0.00952059
MQAttn-QLSTM-VQR classical twin,6,1,0.76302576,0.7532241,0.77362555,0.76246834,0.0160120148211717,0.009801686,0.009244263,0.010599792
MQAttn-QLSTM-VQR classical twin,6,1,0.76197636,0.751501,0.7718343,0.7625915,0.0160120148211717,0.0104753375,0.011090457,0.009857953
MQAttn-QLSTM-VQR classical twin,6,1,0.7606726,0.74968386,0.7690168,0.7608736,0.0160120148211717,0.010988772,0.011189759,0.008344173
MQAttn-QLSTM-VQR classical twin,6,1,0.7578365,0.74674416,0.766893,0.75677514,0.0160120148211717,0.011092365,0.010030985,0.009056509
MQAttn-QLSTM-VQR classical twin,6,1,0.75679064,0.74503887,0.7652964,0.7576346,0.0160120148211717,0.011751771,0.012595713,0.008505762
QLSTM,6,1,0.945266,0.94988376,0.9657876,0.9451563,0.0160120148211717,0.0046177506,0.004727483,0.020521581
QLSTM,6,1,0.94089407,0.94488597,0.96117985,0.94092375,0.0160120148211717,0.003991902,0.0039622188,0.020285785
QLSTM,6,1,0.93669385,0.9341799,0.9578325,0.9368477,0.0160120148211717,0.002513945,0.0026677847,0.021138668
QLSTM,6,1,0.9327452,0.9275295,0.9538108,0.9329308,0.0160120148211717,0.0052157044,0.0054013133,0.021065593
QLSTM,6,1,0.9289982,0.9225985,0.9495974,0.9292152,0.0160120148211717,0.006399691,0.0066167116,0.020599246
QLSTM,6,1,0.9229916,0.91737515,0.945266,0.9213869,0.0160120148211717,0.0056164265,0.00401175,0.022274435
QLSTM,6,1,0.91530347,0.9131262,0.94089407,0.91336095,0.0160120148211717,0.002177298,0.0002347827,0.025590599
QLSTM,6,1,0.90885204,0.9087635,0.93669385,0.9091126,0.0160120148211717,8.85129e-05,0.0003490448,0.027841806
QLSTM,6,1,0.903782,0.90497524,0.9327452,0.90504295,0.0160120148211717,0.0011932254,6.771088e-05,0.028963208
QLSTM,6,1,0.900359,0.90137786,0.9289982,0.90191686,0.0160120148211717,0.0010188818,0.0005390048,0.028639197
QLSTM,6,1,0.8969041,0.89526033,0.9229916,0.89723325,0.0160120148211717,0.0016437769,0.0019729137,0.026087463
QLSTM,6,1,0.8936016,0.8894226,0.91530347,0.89383733,0.0160120148211717,0.004179001,0.004414737,0.021701872
QLSTM,6,1,0.88966167,0.88279325,0.90885204,0.8895033,0.0160120148211717,0.006868422,0.0067100525,0.019190371
QLSTM,6,1,0.8863704,0.8774746,0.903782,0.8868945,0.0160120148211717,0.008895814,0.009419918,0.01741159
QLSTM,6,1,0.8824113,0.8743764,0.900359,0.8821365,0.0160120148211717,0.008034885,0.0077601075,0.017947674
QLSTM,6,1,0.8794906,0.87132686,0.8969041,0.88010037,0.0160120148211717,0.00816375,0.008773506,0.017413497
QLSTM,6,1,0.876546,0.86844563,0.8936016,0.87682444,0.0160120148211717,0.00810039,0.008378804,0.017055571
QLSTM,6,1,0.8724341,0.8650614,0.88966167,0.8716511,0.0160120148211717,0.0073726773,0.0065897107,0.01722759
QLSTM,6,1,0.86975086,0.86208445,0.8863704,0.87049866,0.0160120148211717,0.007666409,0.008414209,0.016619563
QLSTM,6,1,0.86719644,0.85878944,0.8824113,0.86768806,0.0160120148211717,0.008406997,0.008898616,0.01521486
QLSTM,6,1,0.8637198,0.8557359,0.8794906,0.8632066,0.0160120148211717,0.007983923,0.007470727,0.015770793
QLSTM,6,1,0.86137325,0.85314333,0.876546,0.8619179,0.0160120148211717,0.008229911,0.008774579,0.01517278
QLSTM,6,1,0.8561789,0.84982175,0.8724341,0.8543284,0.0160120148211717,0.0063571334,0.0045066476,0.0162552
QLSTM,6,1,0.85294104,0.8471704,0.86975086,0.8537088,0.0160120148211717,0.0057706237,0.006538391,0.016809821
QLSTM,6,1,0.85004735,0.844691,0.86719644,0.85070306,0.0160120148211717,0.0053563714,0.006012082,0.01714909
QLSTM,6,1,0.84598464,0.8419575,0.8637198,0.8452579,0.0160120148211717,0.004027128,0.0033003688,0.017735183
QLSTM,6,1,0.8438785,0.83947724,0.86137325,0.84494364,0.0160120148211717,0.0044012666,0.0054664016,0.017494738
QLSTM,6,1,0.84198195,0.8358253,0.8561789,0.8426394,0.0160120148211717,0.0061566234,0.0068140626,0.014196932
QLSTM,6,1,0.83898056,0.8325185,0.85294104,0.83848304,0.0160120148211717,0.0064620376,0.0059645176,0.013960481
QLSTM,6,1,0.83684295,0.8313183,0.85004735,0.8371874,0.0160120148211717,0.0055246353,0.0058690906,0.013204396
QLSTM,6,1,0.83452696,0.82713956,0.84598464,0.83460516,0.0160120148211717,0.0073873997,0.007465601,0.011457682
QLSTM,6,1,0.83204395,0.824392,0.8438785,0.8320624,0.0160120148211717,0.007651925,0.0076704025,0.011834562
QLSTM,6,1,0.8287292,0.8222604,0.84198195,0.82803303,0.0160120148211717,0.0064688325,0.0057726502,0.013252735
QLSTM,6,1,0.8267836,0.81968427,0.83898056,0.82749945,0.0160120148211717,0.0070993304,0.007815182,0.012196958
QLSTM,6,1,0.8234418,0.8173575,0.83684295,0.82280654,0.0160120148211717,0.006084323,0.0054490566,0.013401151
QLSTM,6,1,0.818311,0.8153102,0.83452696,0.81660396,0.0160120148211717,0.0030007958,0.0012937784,0.01621598
QLSTM,6,1,0.814708,0.81314427,0.83204395,0.81514454,0.0160120148211717,0.0015637279,0.0020002723,0.017335951
QLSTM,6,1,0.8106109,0.81042224,0.8287292,0.81057286,0.0160120148211717,0.0001886487,0.00015062094,0.018118322
QLSTM,6,1,0.8089088,0.80845034,0.8267836,0.81062454,0.0160120148211717,0.00045847893,0.0021741986,0.017874777
QLSTM,6,1,0.8075428,0.8053377,0.8234418,0.80832255,0.0160120148211717,0.0022050738,0.0029848218,0.015899003
QLSTM,6,1,0.804289,0.8007783,0.818311,0.8030813,0.0160120148211717,0.003510654,0.0023029447,0.014021993
QLSTM,6,1,0.80257004,0.7974839,0.814708,0.80333453,0.0160120148211717,0.005086124,0.005850613,0.0121379495
QLSTM,6,1,0.80073166,0.7922676,0.8106109,0.8011586,0.0160120148211717,0.008464038,0.008890986,0.009879231
QLSTM,6,1,0.7982084,0.78984076,0.8089088,0.7978721,0.0160120148211717,0.008367658,0.008031368,0.010700405
QLSTM,6,1,0.7963442,0.78826034,0.8075428,0.79655015,0.0160120148211717,0.00808388,0.008289814,0.01119858
QLSTM,6,1,0.79456365,0.7847993,0.804289,0.79475313,0.0160120148211717,0.009764373,0.0099538565,0.009725332
QLSTM,6,1,0.791823,0.78279203,0.80257004,0.7912978,0.0160120148211717,0.009030998,0.008505762,0.0107470155
QLSTM,6,1,0.79065543,0.78101265,0.80073166,0.79154915,0.0160120148211717,0.00964278,0.010536492,0.010076225
QLSTM,6,1,0.7892154,0.77864015,0.7982084,0.7893944,0.0160120148211717,0.010575235,0.010754228,0.00899303
QLSTM,6,1,0.78644973,0.77699536,0.7963442,0.7855078,0.0160120148211717,0.00945437,0.008512437,0.00989449
QLSTM,6,1,0.7852575,0.77510947,0.79456365,0.78602,0.0160120148211717,0.010148048,0.010910511,0.009306133
QLSTM,6,1,0.78368604,0.77207017,0.791823,0.783829,0.0160120148211717,0.011615872,0.011758804,0.008136988
QLSTM,6,1,0.7812152,0.7709873,0.79065543,0.7805863,0.0160120148211717,0.010227919,0.00959903,0.009440243
QLSTM,6,1,0.77996975,0.7697804,0.7892154,0.7805262,0.0160120148211717,0.010189354,0.010745823,0.009245634
QLSTM,6,1,0.77867305,0.766651,0.78644973,0.7789416,0.0160120148211717,0.012022078,0.012290597,0.0077766776
QLSTM,6,1,0.7756265,0.7656871,0.7852575,0.77445674,0.0160120148211717,0.009939373,0.008769631,0.009631038
QLSTM,6,1,0.773985,0.76434165,0.78368604,0.77445674,0.0160120148211717,0.009643376,0.010115087,0.009701014
QLSTM,6,1,0.774817,0.7615971,0.7812152,0.77698845,0.0160120148211717,0.013219893,0.01539135,0.006398201
QLSTM,6,1,0.77362555,0.7607377,0.77996975,0.7730237,0.0160120148211717,0.0128878355,0.012286007,0.006344199
QLSTM,6,1,0.7718343,0.75945336,0.77867305,0.77086025,0.0160120148211717,0.012380958,0.0114068985,0.006838739
QLSTM,6,1,0.7690168,0.7561539,0.7756265,0.76792955,0.0160120148211717,0.012862921,0.011775672,0.0066096783
QLSTM,6,1,0.766893,0.7543822,0.773985,0.76728773,0.0160120148211717,0.012510836,0.012905538,0.007091999
QLSTM,6,1,0.7652964,0.75556785,0.774817,0.76588273,0.0160120148211717,0.009728551,0.010314882,0.00952059
QLSTM,6,1,0.76302576,0.7545479,0.77362555,0.76246834,0.0160120148211717,0.008477867,0.007920444,0.010599792
QLSTM,6,1,0.76197636,0.75288457,0.7718343,0.7625915,0.0160120148211717,0.0090917945,0.009706914,0.009857953
QLSTM,6,1,0.7606726,0.7501274,0.7690168,0.7608736,0.0160120148211717,0.010545254,0.010746241,0.008344173
QLSTM,6,1,0.7578365,0.7481147,0.766893,0.75677514,0.0160120148211717,0.009721816,0.008660436,0.009056509
QLSTM,6,1,0.75679064,0.7464963,0.7652964,0.7576346,0.0160120148211717,0.010294318,0.01113826,0.008505762
LSTM,6,1,0.945266,0.94286996,0.9657876,0.9451563,0.0160120148211717,0.002396047,0.002286315,0.020521581
LSTM,6,1,0.94089407,0.9379562,0.96117985,0.94092375,0.0160120148211717,0.0029378533,0.0029675364,0.020285785
LSTM,6,1,0.93669385,0.93495214,0.9578325,0.9368477,0.0160120148211717,0.0017417073,0.0018955469,0.021138668
LSTM,6,1,0.9327452,0.92815167,0.9538108,0.9329308,0.0160120148211717,0.004593551,0.00477916,0.021065593
LSTM,6,1,0.9289982,0.9241753,0.9495974,0.9292152,0.0160120148211717,0.00482285,0.0050398707,0.020599246
LSTM,6,1,0.9229916,0.919874,0.945266,0.9213869,0.0160120148211717,0.0031175613,0.0015128851,0.022274435
LSTM,6,1,0.91530347,0.9137995,0.94089407,0.91336095,0.0160120148211717,0.0015039444,0.00043857098,0.025590599
LSTM,6,1,0.90885204,0.910414,0.93669385,0.9091126,0.0160120148211717,0.0015619397,0.0013014078,0.027841806
LSTM,6,1,0.903782,0.906553,0.9327452,0.90504295,0.0160120148211717,0.0027709603,0.0015100241,0.028963208
LSTM,6,1,0.900359,0.9030326,0.9289982,0.90191686,0.0160120148211717,0.002673626,0.0011157393,0.028639197
LSTM,6,1,0.8969041,0.96144915,0.9229916,0.89723325,0.0160120148211717,0.064545035,0.0642159,0.026087463
LSTM,6,1,0.8936016,0.8860716,0.91530347,0.89383733,0.0160120148211717,0.007529974,0.0077657104,0.021701872
LSTM,6,1,0.88966167,0.8838807,0.90885204,0.8895033,0.0160120148211717,0.005780995,0.0056226254,0.019190371
LSTM,6,1,0.8863704,0.88173544,0.903782,0.8868945,0.0160120148211717,0.0046349764,0.00515908,0.01741159
LSTM,6,1,0.8824113,0.8763315,0.900359,0.8821365,0.0160120148211717,0.006079793,0.0058050156,0.017947674
LSTM,6,1,0.8794906,0.8714957,0.8969041,0.88010037,0.0160120148211717,0.00799489,0.008604646,0.017413497
LSTM,6,1,0.876546,0.87032497,0.8936016,0.87682444,0.0160120148211717,0.006221056,0.0064994693,0.017055571
LSTM,6,1,0.8724341,0.8648433,0.88966167,0.8716511,0.0160120148211717,0.0075907707,0.006807804,0.01722759
LSTM,6,1,0.86975086,0.8596146,0.8863704,0.87049866,0.0160120148211717,0.010136247,0.010884047,0.016619563
LSTM,6,1,0.86719644,0.85158235,0.8824113,0.86768806,0.0160120148211717,0.015614092,0.016105711,0.01521486
LSTM,6,1,0.8637198,0.85014385,0.8794906,0.8632066,0.0160120148211717,0.013575971,0.013062775,0.015770793
LSTM,6,1,0.86137325,0.848583,0.876546,0.8619179,0.0160120148211717,0.012790263,0.01333493,0.01517278
LSTM,6,1,0.8561789,0.84678215,0.8724341,0.8543284,0.0160120148211717,0.009396732,0.007546246,0.0162552
LSTM,6,1,0.85294104,0.8444944,0.86975086,0.8537088,0.0160120148211717,0.008446634,0.009214401,0.016809821
LSTM,6,1,0.85004735,0.8424185,0.86719644,0.85070306,0.0160120148211717,0.007628858,0.008284569,0.01714909
LSTM,6,1,0.84598464,0.838713,0.8637198,0.8452579,0.0160120148211717,0.0072716475,0.006544888,0.017735183
LSTM,6,1,0.8438785,0.836807,0.86137325,0.84494364,0.0160120148211717,0.007071495,0.00813663,0.017494738
LSTM,6,1,0.84198195,0.8314181,0.8561789,0.8426394,0.0160120148211717,0.01056385,0.01122129,0.014196932
LSTM,6,1,0.83898056,0.82869816,0.85294104,0.83848304,0.0160120148211717,0.010282397,0.009784877,0.013960481
LSTM,6,1,0.83684295,0.8270751,0.85004735,0.8371874,0.0160120148211717,0.00976783,0.010112286,0.013204396
LSTM,6,1,0.83452696,0.8240765,0.84598464,0.83460516,0.0160120148211717,0.010450482,0.010528684,0.011457682
LSTM,6,1,0.83204395,0.8191883,0.8438785,0.8320624,0.0160120148211717,0.012855649,0.012874126,0.011834562
LSTM,6,1,0.8287292,0.8159204,0.84198195,0.82803303,0.0160120148211717,0.0128088,0.0121126175,0.013252735
LSTM,6,1,0.8267836,0.8119202,0.83898056,0.82749945,0.0160120148211717,0.014863372,0.015579224,0.012196958
LSTM,6,1,0.8234418,0.8104633,0.83684295,0.82280654,0.0160120148211717,0.012978494,0.012343228,0.013401151
LSTM,6,1,0.818311,0.8082494,0.83452696,0.81660396,0.0160120148211717,0.010061562,0.008354545,0.01621598
LSTM,6,1,0.814708,0.8060422,0.83204395,0.81514454,0.0160120148211717,0.0086658,0.0091023445,0.017335951
LSTM,6,1,0.8106109,0.8027559,0.8287292,0.81057286,0.0160120148211717,0.007854998,0.00781697,0.018118322
LSTM,6,1,0.8089088,0.8014868,0.8267836,0.81062454,0.0160120148211717,0.00742203,0.00913775,0.017874777
LSTM,6,1,0.8075428,0.79889363,0.8234418,0.80832255,0.0160120148211717,0.00864917,0.009428918,0.015899003
LSTM,6,1,0.804289,0.79395187,0.818311,0.8030813,0.0160120148211717,0.010337114,0.009129405,0.014021993
LSTM,6,1,0.80257004,0.7912752,0.814708,0.80333453,0.0160120148211717,0.011294842,0.012059331,0.0121379495
LSTM,6,1,0.80073166,0.78687644,0.8106109,0.8011586,0.0160120148211717,0.013855219,0.014282167,0.009879231
LSTM,6,1,0.7982084,0.78659385,0.8089088,0.7978721,0.0160120148211717,0.011614561,0.011278272,0.010700405
LSTM,6,1,0.7963442,0.78505176,0.8075428,0.79655015,0.0160120148211717,0.011292458,0.011498392,0.01119858
LSTM,6,1,0.79456365,0.78123766,0.804289,0.79475313,0.0160120148211717,0.013325989,0.013515472,0.009725332
LSTM,6,1,0.791823,0.78083843,0.80257004,0.7912978,0.0160120148211717,0.0109846,0.010459363,0.0107470155
LSTM,6,1,0.79065543,0.7793437,0.80073166,0.79154915,0.0160120148211717,0.01131171,0.012205422,0.010076225
LSTM,6,1,0.7892154,0.7769005,0.7982084,0.7893944,0.0160120148211717,0.012314916,0.012493908,0.00899303
LSTM,6,1,0.78644973,0.77549905,0.7963442,0.7855078,0.0160120148211717,0.010950685,0.010008752,0.00989449
LSTM,6,1,0.7852575,0.7736585,0.79456365,0.78602,0.0160120148211717,0.011599004,0.012361467,0.009306133
LSTM,6,1,0.78368604,0.7704602,0.791823,0.783829,0.0160120148211717,0.013225853,0.013368785,0.008136988
LSTM,6,1,0.7812152,0.7705831,0.79065543,0.7805863,0.0160120148211717,0.010632098,0.010003209,0.009440243
LSTM,6,1,0.77996975,0.76909846,0.7892154,0.7805262,0.0160120148211717,0.010871291,0.01142776,0.009245634
LSTM,6,1,0.77867305,0.765674,0.78644973,0.7789416,0.0160120148211717,0.012999058,0.013267577,0.0077766776
LSTM,6,1,0.7756265,0.7660025,0.7852575,0.77445674,0.0160120148211717,0.009624004,0.008454263,0.009631038
LSTM,6,1,0.773985,0.7643683,0.78368604,0.77445674,0.0160120148211717,0.009616733,0.010088444,0.009701014
LSTM,6,1,0.774817,0.7600522,0.7812152,0.77698845,0.0160120148211717,0.014764786,0.016936243,0.006398201
LSTM,6,1,0.77362555,0.7610068,0.77996975,0.7730237,0.0160120148211717,0.01261878,0.012016952,0.006344199
LSTM,6,1,0.7718343,0.75943935,0.77867305,0.77086025,0.0160120148211717,0.012394965,0.011420906,0.006838739
LSTM,6,1,0.7690168,0.7547956,0.7756265,0.76792955,0.0160120148211717,0.014221191,0.013133943,0.0066096783
LSTM,6,1,0.766893,0.75346154,0.773985,0.76728773,0.0160120148211717,0.0134314895,0.013826191,0.007091999
LSTM,6,1,0.7652964,0.75668424,0.774817,0.76588273,0.0160120148211717,0.008612156,0.009198487,0.00952059
LSTM,6,1,0.76302576,0.7551886,0.77362555,0.76246834,0.0160120148211717,0.007837176,0.0072797537,0.010599792
LSTM,6,1,0.76197636,0.75330514,0.7718343,0.7625915,0.0160120148211717,0.008671224,0.009286344,0.009857953
LSTM,6,1,0.7606726,0.7500646,0.7690168,0.7608736,0.0160120148211717,0.010608017,0.010809004,0.008344173
LSTM,6,1,0.7578365,0.74874586,0.766893,0.75677514,0.0160120148211717,0.009090662,0.008029282,0.009056509
LSTM,6,1,0.75679064,0.7472361,0.7652964,0.7576346,0.0160120148211717,0.009554565,0.010398507,0.008505762
GRU,6,1,0.945266,0.94972533,0.9657876,0.9451563,0.0160120148211717,0.0044593215,0.0045690536,0.020521581
GRU,6,1,0.94089407,0.9438769,0.96117985,0.94092375,0.0160120148211717,0.0029828548,0.0029531717,0.020285785
GRU,6,1,0.93669385,0.94162476,0.9578325,0.9368477,0.0160120148211717,0.0049309134,0.004777074,0.021138668
GRU,6,1,0.9327452,0.9339345,0.9538108,0.9329308,0.0160120148211717,0.0011892915,0.0010036826,0.021065593
GRU,6,1,0.9289982,0.9279101,0.9495974,0.9292152,0.0160120148211717,0.0010880828,0.0013051033,0.020599246
GRU,6,1,0.9229916,0.9220724,0.945266,0.9213869,0.0160120148211717,0.0009191632,0.000685513,0.022274435
GRU,6,1,0.91530347,0.917298,0.94089407,0.91336095,0.0160120148211717,0.0019945502,0.0039370656,0.025590599
GRU,6,1,0.90885204,0.911976,0.93669385,0.9091126,0.0160120148211717,0.003123939,0.0028634071,0.027841806
GRU,6,1,0.903782,0.9078672,0.9327452,0.90504295,0.0160120148211717,0.004085183,0.0028242469,0.028963208
GRU,6,1,0.900359,0.90401673,0.9289982,0.90191686,0.0160120148211717,0.0036577582,0.0020998716,0.028639197
GRU,6,1,0.8969041,0.92710996,0.9229916,0.89723325,0.0160120148211717,0.030205846,0.029876709,0.026087463
GRU,6,1,0.8936016,0.91430604,0.91530347,0.89383733,0.0160120148211717,0.020704448,0.020468712,0.021701872
GRU,6,1,0.88966167,0.89708924,0.90885204,0.8895033,0.0160120148211717,0.007427573,0.0075859427,0.019190371
GRU,6,1,0.8863704,0.8864097,0.903782,0.8868945,0.0160120148211717,3.927946e-05,0.00048482418,0.01741159
GRU,6,1,0.8824113,0.8805821,0.900359,0.8821365,0.0160120148211717,0.001829207,0.0015544295,0.017947674
GRU,6,1,0.8794906,0.87631315,0.8969041,0.88010037,0.0160120148211717,0.003177464,0.0037872195,0.017413497
GRU,6,1,0.876546,0.87065876,0.8936016,0.87682444,0.0160120148211717,0.00588727,0.0061656833,0.017055571
GRU,6,1,0.8724341,0.8670712,0.88966167,0.8716511,0.0160120148211717,0.0053628683,0.0045799017,0.01722759
GRU,6,1,0.86975086,0.8641188,0.8863704,0.87049866,0.0160120148211717,0.005632043,0.0063798428,0.016619563
GRU,6,1,0.86719644,0.86045146,0.8824113,0.86768806,0.0160120148211717,0.006744981,0.0072366,0.01521486
GRU,6,1,0.8637198,0.8576333,0.8794906,0.8632066,0.0160120148211717,0.0060865283,0.0055733323,0.015770793
GRU,6,1,0.86137325,0.8549669,0.876546,0.8619179,0.0160120148211717,0.006406367,0.006951034,0.01517278
GRU,6,1,0.8561789,0.85112137,0.8724341,0.8543284,0.0160120148211717,0.0050575137,0.003207028,0.0162552
GRU,6,1,0.85294104,0.84877163,0.86975086,0.8537088,0.0160120148211717,0.0041694045,0.004937172,0.016809821
GRU,6,1,0.85004735,0.8463442,0.86719644,0.85070306,0.0160120148211717,0.003703177,0.0043588877,0.01714909
GRU,6,1,0.84598464,0.8428753,0.8637198,0.8452579,0.0160120148211717,0.003109336,0.0023825765,0.017735183
GRU,6,1,0.8438785,0.84061784,0.86137325,0.84494364,0.0160120148211717,0.003260672,0.004325807,0.017494738
GRU,6,1,0.84198195,0.8337641,0.8561789,0.8426394,0.0160120148211717,0.008217871,0.00887531,0.014196932
GRU,6,1,0.83898056,0.8315561,0.85294104,0.83848304,0.0160120148211717,0.0074244738,0.006926954,0.013960481
GRU,6,1,0.83684295,0.8314027,0.85004735,0.8371874,0.0160120148211717,0.005440235,0.0057846904,0.013204396
GRU,6,1,0.83452696,0.82426775,0.84598464,0.83460516,0.0160120148211717,0.010259211,0.010337412,0.011457682
GRU,6,1,0.83204395,0.82257456,0.8438785,0.8320624,0.0160120148211717,0.00946939,0.009487867,0.011834562
GRU,6,1,0.8287292,0.82137614,0.84198195,0.82803303,0.0160120148211717,0.0073530674,0.006656885,0.013252735
GRU,6,1,0.8267836,0.81824285,0.83898056,0.82749945,0.0160120148211717,0.00854075,0.009256601,0.012196958
GRU,6,1,0.8234418,0.816675,0.83684295,0.82280654,0.0160120148211717,0.006766796,0.00613153,0.013401151
GRU,6,1,0.818311,0.8138997,0.83452696,0.81660396,0.0160120148211717,0.00441128,0.0027042627,0.01621598
GRU,6,1,0.814708,0.8116874,0.83204395,0.81514454,0.0160120148211717,0.0030205846,0.003457129,0.017335951
GRU,6,1,0.8106109,0.80979127,0.8287292,0.81057286,0.0160120148211717,0.00081962347,0.0007815957,0.018118322
GRU,6,1,0.8089088,0.80694705,0.8267836,0.81062454,0.0160120148211717,0.0019617677,0.0036774874,0.017874777
GRU,6,1,0.8075428,0.80477715,0.8234418,0.80832255,0.0160120148211717,0.0027656555,0.0035454035,0.015899003
GRU,6,1,0.804289,0.8001872,0.818311,0.8030813,0.0160120148211717,0.004101813,0.0028941035,0.014021993
GRU,6,1,0.80257004,0.79670286,0.814708,0.80333453,0.0160120148211717,0.005867183,0.0066316724,0.0121379495
GRU,6,1,0.80073166,0.7969043,0.8106109,0.8011586,0.0160120148211717,0.0038273335,0.0042542815,0.009879231
GRU,6,1,0.7982084,0.7928817,0.8089088,0.7978721,0.0160120148211717,0.0053266883,0.004990399,0.010700405
GRU,6,1,0.7963442,0.7913203,0.8075428,0.79655015,0.0160120148211717,0.0050238967,0.0052298307,0.01119858
GRU,6,1,0.79456365,0.79078275,0.804289,0.79475313,0.0160120148211717,0.0037809014,0.0039703846,0.009725332
GRU,6,1,0.791823,0.78515077,0.80257004,0.7912978,0.0160120148211717,0.006672263,0.006147027,0.0107470155
GRU,6,1,0.79065543,0.78369504,0.80073166,0.79154915,0.0160120148211717,0.006960392,0.007854104,0.010076225
GRU,6,1,0.7892154,0.7840332,0.7982084,0.7893944,0.0160120148211717,0.0051822066,0.0053611994,0.00899303
GRU,6,1,0.78644973,0.78177696,0.7963442,0.7855078,0.0160120148211717,0.0046727657,0.0037308335,0.00989449
GRU,6,1,0.7852575,0.78002733,0.79456365,0.78602,0.0160120148211717,0.0052301884,0.005992651,0.009306133
GRU,6,1,0.78368604,0.77946675,0.791823,0.783829,0.0160120148211717,0.0042192936,0.0043622255,0.008136988
GRU,6,1,0.7812152,0.77569133,0.79065543,0.7805863,0.0160120148211717,0.0055238605,0.004894972,0.009440243
GRU,6,1,0.77996975,0.7744226,0.7892154,0.7805262,0.0160120148211717,0.005547166,0.006103635,0.009245634
GRU,6,1,0.77867305,0.77611417,0.78644973,0.7789416,0.0160120148211717,0.002558887,0.002827406,0.0077766776
GRU,6,1,0.7756265,0.7713497,0.7852575,0.77445674,0.0160120148211717,0.0042767525,0.0031070113,0.009631038
GRU,6,1,0.773985,0.7702604,0.78368604,0.77445674,0.0160120148211717,0.0037246346,0.004196346,0.009701014
GRU,6,1,0.774817,0.7677379,0.7812152,0.77698845,0.0160120148211717,0.007079065,0.009250522,0.006398201
GRU,6,1,0.77362555,0.76361185,0.77996975,0.7730237,0.0160120148211717,0.0100136995,0.009411871,0.006344199
GRU,6,1,0.7718343,0.7628342,0.77867305,0.77086025,0.0160120148211717,0.009000123,0.008026063,0.006838739
GRU,6,1,0.7690168,0.76147026,0.7756265,0.76792955,0.0160120148211717,0.007546544,0.0064592957,0.0066096783
GRU,6,1,0.766893,0.75781035,0.773985,0.76728773,0.0160120148211717,0.009082675,0.009477377,0.007091999
GRU,6,1,0.7652964,0.7580546,0.774817,0.76588273,0.0160120148211717,0.0072417855,0.007828116,0.00952059
GRU,6,1,0.76302576,0.75930023,0.77362555,0.76246834,0.0160120148211717,0.0037255287,0.003168106,0.010599792
GRU,6,1,0.76197636,0.7590739,0.7718343,0.7625915,0.0160120148211717,0.0029024482,0.003517568,0.009857953
GRU,6,1,0.7606726,0.7575965,0.7690168,0.7608736,0.0160120148211717,0.003076136,0.003277123,0.008344173
GRU,6,1,0.7578365,0.75412166,0.766893,0.75677514,0.0160120148211717,0.0037148595,0.0026534796,0.009056509
GRU,6,1,0.75679064,0.75360405,0.7652964,0.7576346,0.0160120148211717,0.0031865835,0.0040305257,0.008505762
MLP,6,1,0.945266,0.95402145,0.9657876,0.9451563,0.0160120148211717,0.0087554455,0.008865178,0.020521581
MLP,6,1,0.94089407,0.9361707,0.96117985,0.94092375,0.0160120148211717,0.00472337,0.004753053,0.020285785
MLP,6,1,0.93669385,0.9395266,0.9578325,0.9368477,0.0160120148211717,0.0028327703,0.0026789308,0.021138668
MLP,6,1,0.9327452,0.9396316,0.9538108,0.9329308,0.0160120148211717,0.006886363,0.006700754,0.021065593
MLP,6,1,0.9289982,0.9304186,0.9495974,0.9292152,0.0160120148211717,0.0014204383,0.0012034178,0.020599246
MLP,6,1,0.9229916,0.9308084,0.945266,0.9213869,0.0160120148211717,0.007816851,0.009421527,0.022274435
MLP,6,1,0.91530347,0.92070335,0.94089407,0.91336095,0.0160120148211717,0.005399883,0.007342398,0.025590599
MLP,6,1,0.90885204,0.92229575,0.93669385,0.9091126,0.0160120148211717,0.013443708,0.0131831765,0.027841806
MLP,6,1,0.903782,0.9152468,0.9327452,0.90504295,0.0160120148211717,0.011464775,0.010203838,0.028963208
MLP,6,1,0.900359,0.9143582,0.9289982,0.90191686,0.0160120148211717,0.013999224,0.012441337,0.028639197
MLP,6,1,0.8969041,0.8429387,0.9229916,0.89723325,0.0160120148211717,0.05396539,0.054294527,0.026087463
MLP,6,1,0.8936016,1.5679191,0.91530347,0.89383733,0.0160120148211717,0.67431754,0.6740818,0.021701872
MLP,6,1,0.88966167,0.86900866,0.90885204,0.8895033,0.0160120148211717,0.02065301,0.02049464,0.019190371
MLP,6,1,0.8863704,0.030485447,0.903782,0.8868945,0.0160120148211717,0.85588497,0.8564091,0.01741159
MLP,6,1,0.8824113,1.1759686,0.900359,0.8821365,0.0160120148211717,0.29355735,0.29383212,0.017947674
MLP,6,1,0.8794906,1.3397987,0.8969041,0.88010037,0.0160120148211717,0.46030807,0.45969832,0.017413497
MLP,6,1,0.876546,0.8744354,0.8936016,0.87682444,0.0160120148211717,0.0021106005,0.0023890138,0.017055571
MLP,6,1,0.8724341,0.8716396,0.88966167,0.8716511,0.0160120148211717,0.0007944703,1.1503696e-05,0.01722759
MLP,6,1,0.86975086,0.86876744,0.8863704,0.87049866,0.0160120148211717,0.000983417,0.0017312169,0.016619563
MLP,6,1,0.86719644,0.8616445,0.8824113,0.86768806,0.0160120148211717,0.0055519342,0.0060435534,0.01521486
MLP,6,1,0.8637198,0.8591954,0.8794906,0.8632066,0.0160120148211717,0.00452441,0.004011214,0.015770793
MLP,6,1,0.86137325,0.8519668,0.876546,0.8619179,0.0160120148211717,0.009406447,0.009951115,0.01517278
MLP,6,1,0.8561789,0.84895605,0.8724341,0.8543284,0.0160120148211717,0.0072228312,0.0053723454,0.0162552
MLP,6,1,0.85294104,0.8420334,0.86975086,0.8537088,0.0160120148211717,0.01090765,0.011675417,0.016809821
MLP,6,1,0.85004735,0.83773386,0.86719644,0.85070306,0.0160120148211717,0.012313485,0.012969196,0.01714909
MLP,6,1,0.84598464,0.8439866,0.8637198,0.8452579,0.0160120148211717,0.001998067,0.0012713075,0.017735183
MLP,6,1,0.8438785,0.8459822,0.86137325,0.84494364,0.0160120148211717,0.0021036863,0.0010385513,0.017494738
MLP,6,1,0.84198195,0.85092765,0.8561789,0.8426394,0.0160120148211717,0.0089457035,0.008288264,0.014196932
MLP,6,1,0.83898056,0.8513525,0.85294104,0.83848304,0.0160120148211717,0.012371957,0.012869477,0.013960481
MLP,6,1,0.83684295,0.84055644,0.85004735,0.8371874,0.0160120148211717,0.0037134886,0.0033690333,0.013204396
MLP,6,1,0.83452696,0.8304371,0.84598464,0.83460516,0.0160120148211717,0.0040898323,0.0041680336,0.011457682
MLP,6,1,0.83204395,0.8085228,0.8438785,0.8320624,0.0160120148211717,0.023521125,0.023539603,0.011834562
MLP,6,1,0.8287292,0.8198078,0.84198195,0.82803303,0.0160120148211717,0.008921385,0.008225203,0.013252735
MLP,6,1,0.8267836,0.82824105,0.83898056,0.82749945,0.0160120148211717,0.0014574528,0.000741601,0.012196958
MLP,6,1,0.8234418,0.81889915,0.83684295,0.82280654,0.0160120148211717,0.004542649,0.0039073825,0.013401151
MLP,6,1,0.818311,0.8097577,0.83452696,0.81660396,0.0160120148211717,0.0085532665,0.006846249,0.01621598
MLP,6,1,0.814708,0.8106825,0.83204395,0.81514454,0.0160120148211717,0.004025519,0.0044620633,0.017335951
MLP,6,1,0.8106109,0.81684977,0.8287292,0.81057286,0.0160120148211717,0.006238878,0.0062769055,0.018118322
MLP,6,1,0.8089088,0.803517,0.8267836,0.81062454,0.0160120148211717,0.005391836,0.007107556,0.017874777
MLP,6,1,0.8075428,0.8036418,0.8234418,0.80832255,0.0160120148211717,0.0039010048,0.0046807528,0.015899003
MLP,6,1,0.804289,0.80073446,0.818311,0.8030813,0.0160120148211717,0.003554523,0.0023468137,0.014021993
MLP,6,1,0.80257004,0.79622984,0.814708,0.80333453,0.0160120148211717,0.0063402057,0.007104695,0.0121379495
MLP,6,1,0.80073166,0.7943316,0.8106109,0.8011586,0.0160120148211717,0.0064000487,0.006826997,0.009879231
MLP,6,1,0.7982084,0.78814423,0.8089088,0.7978721,0.0160120148211717,0.010064185,0.009727895,0.010700405
MLP,6,1,0.7963442,0.78456557,0.8075428,0.79655015,0.0160120148211717,0.011778653,0.011984587,0.01119858
MLP,6,1,0.79456365,0.78579634,0.804289,0.79475313,0.0160120148211717,0.008767307,0.00895679,0.009725332
MLP,6,1,0.791823,0.7845334,0.80257004,0.7912978,0.0160120148211717,0.007289648,0.006764412,0.0107470155
MLP,6,1,0.79065543,0.78485364,0.80073166,0.79154915,0.0160120148211717,0.005801797,0.006695509,0.010076225
MLP,6,1,0.7892154,0.7779041,0.7982084,0.7893944,0.0160120148211717,0.011311293,0.011490285,0.00899303
MLP,6,1,0.78644973,0.78111786,0.7963442,0.7855078,0.0160120148211717,0.005331874,0.0043899417,0.00989449
MLP,6,1,0.7852575,0.7748205,0.79456365,0.78602,0.0160120148211717,0.010437012,0.011199474,0.009306133
MLP,6,1,0.78368604,0.77784806,0.791823,0.783829,0.0160120148211717,0.005837977,0.005980909,0.008136988
MLP,6,1,0.7812152,0.7661852,0.79065543,0.7805863,0.0160120148211717,0.015029967,0.014401078,0.009440243
MLP,6,1,0.77996975,0.7663606,0.7892154,0.7805262,0.0160120148211717,0.013609171,0.01416564,0.009245634
MLP,6,1,0.77867305,0.76527053,0.78644973,0.7789416,0.0160120148211717,0.013402522,0.013671041,0.0077766776
MLP,6,1,0.7756265,0.76687884,0.7852575,0.77445674,0.0160120148211717,0.008747637,0.007577896,0.009631038
MLP,6,1,0.773985,0.76758456,0.78368604,0.77445674,0.0160120148211717,0.006400466,0.006872177,0.009701014
MLP,6,1,0.774817,0.7685127,0.7812152,0.77698845,0.0160120148211717,0.006304264,0.008475721,0.006398201
MLP,6,1,0.77362555,0.7612165,0.77996975,0.7730237,0.0160120148211717,0.012409031,0.011807203,0.006344199
MLP,6,1,0.7718343,0.7627982,0.77867305,0.77086025,0.0160120148211717,0.009036124,0.008062065,0.006838739
MLP,6,1,0.7690168,0.7598135,0.7756265,0.76792955,0.0160120148211717,0.009203315,0.008116066,0.0066096783
MLP,6,1,0.766893,0.76103747,0.773985,0.76728773,0.0160120148211717,0.0058555603,0.0062502623,0.007091999
MLP,6,1,0.7652964,0.7481935,0.774817,0.76588273,0.0160120148211717,0.017102897,0.017689228,0.00952059
MLP,6,1,0.76302576,0.75041676,0.77362555,0.76246834,0.0160120148211717,0.012609005,0.012051582,0.010599792
MLP,6,1,0.76197636,0.75222933,0.7718343,0.7625915,0.0160120148211717,0.009747028,0.010362148,0.009857953
MLP,6,1,0.7606726,0.75661415,0.7690168,0.7608736,0.0160120148211717,0.0040584803,0.004259467,0.008344173
MLP,6,1,0.7578365,0.74373066,0.766893,0.75677514,0.0160120148211717,0.014105856,0.0130444765,0.009056509
MLP,6,1,0.75679064,0.7462561,0.7652964,0.7576346,0.0160120148211717,0.010534525,0.011378467,0.008505762
Seq2Seq,6,1,0.945266,0.9493897,0.9657876,0.9451563,0.0160120148211717,0.0041236877,0.00423342,0.020521581
Seq2Seq,6,1,0.94089407,0.9448793,0.96117985,0.94092375,0.0160120148211717,0.003985226,0.003955543,0.020285785
Seq2Seq,6,1,0.93669385,0.94197255,0.9578325,0.9368477,0.0160120148211717,0.0052787066,0.005124867,0.021138668
Seq2Seq,6,1,0.9327452,0.9366125,0.9538108,0.9329308,0.0160120148211717,0.0038672686,0.0036816597,0.021065593
Seq2Seq,6,1,0.9289982,0.9316048,0.9495974,0.9292152,0.0160120148211717,0.0026066303,0.0023896098,0.020599246
Seq2Seq,6,1,0.9229916,0.9265882,0.945266,0.9213869,0.0160120148211717,0.0035966039,0.00520128,0.022274435
Seq2Seq,6,1,0.91530347,0.9215056,0.94089407,0.91336095,0.0160120148211717,0.0062021017,0.008144617,0.025590599
Seq2Seq,6,1,0.90885204,0.91276455,0.93669385,0.9091126,0.0160120148211717,0.0039125085,0.0036519766,0.027841806
Seq2Seq,6,1,0.903782,0.90919363,0.9327452,0.90504295,0.0160120148211717,0.005411625,0.0041506886,0.028963208
Seq2Seq,6,1,0.900359,0.9056478,0.9289982,0.90191686,0.0160120148211717,0.0052888393,0.0037309527,0.028639197
Seq2Seq,6,1,0.8969041,0.9162137,0.9229916,0.89723325,0.0160120148211717,0.01930958,0.018980443,0.026087463
Seq2Seq,6,1,0.8936016,0.8988184,0.91530347,0.89383733,0.0160120148211717,0.0052167773,0.004981041,0.021701872
Seq2Seq,6,1,0.88966167,0.89150345,0.90885204,0.8895033,0.0160120148211717,0.0018417835,0.002000153,0.019190371
Seq2Seq,6,1,0.8863704,0.88620704,0.903782,0.8868945,0.0160120148211717,0.00016337633,0.00068748,0.01741159
Seq2Seq,6,1,0.8824113,0.883156,0.900359,0.8821365,0.0160120148211717,0.00074470043,0.0010194778,0.017947674
Seq2Seq,6,1,0.8794906,0.8805223,0.8969041,0.88010037,0.0160120148211717,0.0010316968,0.00042194128,0.017413497
Seq2Seq,6,1,0.876546,0.875082,0.8936016,0.87682444,0.0160120148211717,0.0014640093,0.0017424226,0.017055571
Seq2Seq,6,1,0.8724341,0.8712251,0.88966167,0.8716511,0.0160120148211717,0.001208961,0.0004259944,0.01722759
Seq2Seq,6,1,0.86975086,0.8681274,0.8863704,0.87049866,0.0160120148211717,0.0016234517,0.0023712516,0.016619563
Seq2Seq,6,1,0.86719644,0.86419,0.8824113,0.86768806,0.0160120148211717,0.0030064583,0.0034980774,0.01521486
Seq2Seq,6,1,0.8637198,0.8616527,0.8794906,0.8632066,0.0160120148211717,0.0020671487,0.0015539527,0.015770793
Seq2Seq,6,1,0.86137325,0.8588786,0.876546,0.8619179,0.0160120148211717,0.0024946332,0.0030393004,0.01517278
Seq2Seq,6,1,0.8561789,0.8550205,0.8724341,0.8543284,0.0160120148211717,0.0011583567,0.00069212914,0.0162552
Seq2Seq,6,1,0.85294104,0.8524202,0.86975086,0.8537088,0.0160120148211717,0.0005208254,0.0012885928,0.016809821
Seq2Seq,6,1,0.85004735,0.8502544,0.86719644,0.85070306,0.0160120148211717,0.00020706654,0.00044864416,0.01714909
Seq2Seq,6,1,0.84598464,0.8469094,0.8637198,0.8452579,0.0160120148211717,0.00092476606,0.0016515255,0.017735183
Seq2Seq,6,1,0.8438785,0.8450187,0.86137325,0.84494364,0.0160120148211717,0.0011401772,7.504225e-05,0.017494738
Seq2Seq,6,1,0.84198195,0.83985245,0.8561789,0.8426394,0.0160120148211717,0.0021294951,0.0027869344,0.014196932
Seq2Seq,6,1,0.83898056,0.8371832,0.85294104,0.83848304,0.0160120148211717,0.0017973781,0.0012998581,0.013960481
Seq2Seq,6,1,0.83684295,0.83549666,0.85004735,0.8371874,0.0160120148211717,0.0013462901,0.0016907454,0.013204396
Seq2Seq,6,1,0.83452696,0.8305656,0.84598464,0.83460516,0.0160120148211717,0.0039613843,0.0040395856,0.011457682
Seq2Seq,6,1,0.83204395,0.82846117,0.8438785,0.8320624,0.0160120148211717,0.0035827756,0.003601253,0.011834562
Seq2Seq,6,1,0.8287292,0.82647043,0.84198195,0.82803303,0.0160120148211717,0.0022587776,0.0015625954,0.013252735
Seq2Seq,6,1,0.8267836,0.8234182,0.83898056,0.82749945,0.0160120148211717,0.0033653975,0.0040812492,0.012196958
Seq2Seq,6,1,0.8234418,0.82153445,0.83684295,0.82280654,0.0160120148211717,0.0019073486,0.0012720823,0.013401151
Seq2Seq,6,1,0.818311,0.8196701,0.83452696,0.81660396,0.0160120148211717,0.0013591051,0.0030661225,0.01621598
Seq2Seq,6,1,0.814708,0.8173234,0.83204395,0.81514454,0.0160120148211717,0.0026153922,0.0021788478,0.017335951
Seq2Seq,6,1,0.8106109,0.8143527,0.8287292,0.81057286,0.0160120148211717,0.0037418008,0.0037798285,0.018118322
Seq2Seq,6,1,0.8089088,0.81265444,0.8267836,0.81062454,0.0160120148211717,0.0037456155,0.0020298958,0.017874777
Seq2Seq,6,1,0.8075428,0.80964357,0.8234418,0.80832255,0.0160120148211717,0.0021007657,0.0013210177,0.015899003
Seq2Seq,6,1,0.804289,0.80505353,0.818311,0.8030813,0.0160120148211717,0.0007645488,0.001972258,0.014021993
Seq2Seq,6,1,0.80257004,0.80149513,0.814708,0.80333453,0.0160120148211717,0.0010749102,0.0018393993,0.0121379495
Seq2Seq,6,1,0.80073166,0.8001724,0.8106109,0.8011586,0.0160120148211717,0.0005592704,0.0009862185,0.009879231
Seq2Seq,6,1,0.7982084,0.7963222,0.8089088,0.7978721,0.0160120148211717,0.001886189,0.0015498996,0.010700405
Seq2Seq,6,1,0.7963442,0.79507834,0.8075428,0.79655015,0.0160120148211717,0.0012658834,0.0014718175,0.01119858
Seq2Seq,6,1,0.79456365,0.79389757,0.804289,0.79475313,0.0160120148211717,0.0006660819,0.0008555651,0.009725332
Seq2Seq,6,1,0.791823,0.790483,0.80257004,0.7912978,0.0160120148211717,0.0013400316,0.0008147955,0.0107470155
Seq2Seq,6,1,0.79065543,0.7888421,0.80073166,0.79154915,0.0160120148211717,0.0018133521,0.0027070642,0.010076225
Seq2Seq,6,1,0.7892154,0.7866215,0.7982084,0.7893944,0.0160120148211717,0.002593875,0.0027728677,0.00899303
Seq2Seq,6,1,0.78644973,0.7848214,0.7963442,0.7855078,0.0160120148211717,0.0016283393,0.0006864071,0.00989449
Seq2Seq,6,1,0.7852575,0.7830227,0.79456365,0.78602,0.0160120148211717,0.0022348166,0.0029972792,0.009306133
Seq2Seq,6,1,0.78368604,0.78184634,0.791823,0.783829,0.0160120148211717,0.0018396974,0.0019826293,0.008136988
Seq2Seq,6,1,0.7812152,0.7792998,0.79065543,0.7805863,0.0160120148211717,0.0019153953,0.0012865067,0.009440243
Seq2Seq,6,1,0.77996975,0.7778935,0.7892154,0.7805262,0.0160120148211717,0.0020762682,0.0026327372,0.009245634
Seq2Seq,6,1,0.77867305,0.7777954,0.78644973,0.7789416,0.0160120148211717,0.0008776784,0.0011461973,0.0077766776
Seq2Seq,6,1,0.7756265,0.7743878,0.7852575,0.77445674,0.0160120148211717,0.0012387037,6.8962574e-05,0.009631038
Seq2Seq,6,1,0.773985,0.77282256,0.78368604,0.77445674,0.0160120148211717,0.0011624694,0.0016341805,0.009701014
Seq2Seq,6,1,0.774817,0.7728526,0.7812152,0.77698845,0.0160120148211717,0.0019643903,0.004135847,0.006398201
Seq2Seq,6,1,0.77362555,0.7696474,0.77996975,0.7730237,0.0160120148211717,0.003978133,0.003376305,0.006344199
Seq2Seq,6,1,0.7718343,0.76798064,0.77867305,0.77086025,0.0160120148211717,0.0038536787,0.0028796196,0.006838739
Seq2Seq,6,1,0.7690168,0.76802605,0.7756265,0.76792955,0.0160120148211717,0.0009907484,9.649992e-05,0.0066096783
Seq2Seq,6,1,0.766893,0.76671755,0.773985,0.76728773,0.0160120148211717,0.00017547607,0.00057017803,0.007091999
Seq2Seq,6,1,0.7652964,0.7651915,0.774817,0.76588273,0.0160120148211717,0.000104904175,0.00069123507,0.00952059
Seq2Seq,6,1,0.76302576,0.7637755,0.77362555,0.76246834,0.0160120148211717,0.0007497668,0.0013071895,0.010599792
Seq2Seq,6,1,0.76197636,0.7618104,0.7718343,0.7625915,0.0160120148211717,0.00016593933,0.00078105927,0.009857953
Seq2Seq,6,1,0.7606726,0.7601182,0.7690168,0.7608736,0.0160120148211717,0.0005544424,0.00075542927,0.008344173
Seq2Seq,6,1,0.7578365,0.75768,0.766893,0.75677514,0.0160120148211717,0.0001565218,0.0009048581,0.009056509
Seq2Seq,6,1,0.75679064,0.7565695,0.7652964,0.7576346,0.0160120148211717,0.00022113323,0.0010650754,0.008505762
Persistence,7,6,0.93641645,0.9562129,0.9562129,0.9362344,0.0152182774618268,0.019796431,0.019978464,0.019796431
Persistence,7,6,0.9321928,0.95112944,0.95112944,0.9321708,0.0152182774618268,0.018936634,0.018958628,0.018936634
Persistence,7,6,0.9280751,0.9480665,0.9480665,0.9281895,0.0152182774618268,0.019991398,0.019876957,0.019991398
Persistence,7,6,0.924012,0.94418776,0.94418776,0.92402524,0.0152182774618268,0.020175755,0.020162523,0.020175755
Persistence,7,6,0.92003167,0.9405062,0.9405062,0.9200938,0.0152182774618268,0.020474553,0.020412445,0.020474553
Persistence,7,6,0.91335297,0.93641645,0.93641645,0.9113514,0.0152182774618268,0.02306348,0.025065064,0.02306348
Persistence,7,6,0.9057977,0.9321928,0.9321928,0.9043014,0.0152182774618268,0.026395082,0.027891397,0.026395082
Persistence,7,6,0.89951956,0.9280751,0.9280751,0.90000993,0.0152182774618268,0.028555512,0.028065145,0.028555512
Persistence,7,6,0.8943374,0.924012,0.924012,0.8954159,0.0152182774618268,0.02967459,0.028596103,0.02967459
Persistence,7,6,0.8906443,0.92003167,0.92003167,0.8919751,0.0152182774618268,0.029387355,0.028056562,0.029387355
Persistence,7,6,0.88679785,0.91335297,0.91335297,0.8869932,0.0152182774618268,0.026555121,0.026359737,0.026555121
Persistence,7,6,0.8836693,0.9057977,0.9057977,0.8843363,0.0152182774618268,0.022128403,0.021461427,0.022128403
Persistence,7,6,0.87932664,0.89951956,0.89951956,0.8788774,0.0152182774618268,0.020192921,0.020642161,0.020192921
Persistence,7,6,0.87581074,0.8943374,0.8943374,0.87627715,0.0152182774618268,0.018526673,0.018060267,0.018526673
Persistence,7,6,0.8712413,0.8906443,0.8906443,0.8706893,0.0152182774618268,0.01940304,0.019955039,0.01940304
Persistence,7,6,0.86848664,0.88679785,0.88679785,0.8696047,0.0152182774618268,0.018311203,0.017193139,0.018311203
Persistence,7,6,0.8659703,0.8836693,0.8836693,0.86666405,0.0152182774618268,0.017699003,0.017005265,0.017699003
Persistence,7,6,0.86205596,0.87932664,0.87932664,0.8611889,0.0152182774618268,0.017270684,0.018137753,0.017270684
Persistence,7,6,0.8595899,0.87581074,0.87581074,0.86029947,0.0152182774618268,0.016220868,0.015511274,0.016220868
Persistence,7,6,0.8566617,0.8712413,0.8712413,0.85675085,0.0152182774618268,0.014579594,0.014490426,0.014579594
Persistence,7,6,0.85246104,0.86848664,0.86848664,0.85156924,0.0152182774618268,0.016025603,0.016917408,0.016025603
Persistence,7,6,0.84957474,0.8659703,0.8659703,0.85010487,0.0152182774618268,0.016395569,0.015865445,0.016395569
Persistence,7,6,0.84374213,0.86205596,0.86205596,0.84180146,0.0152182774618268,0.018313825,0.020254493,0.018313825
Persistence,7,6,0.84020853,0.8595899,0.8595899,0.8411697,0.0152182774618268,0.019381344,0.01842016,0.019381344
Persistence,7,6,0.8373401,0.8566617,0.8566617,0.83828557,0.0152182774618268,0.01932156,0.018376112,0.01932156
Persistence,7,6,0.833286,0.85246104,0.85246104,0.8326541,0.0152182774618268,0.019175053,0.019806921,0.019175053
Persistence,7,6,0.83124644,0.84957474,0.84957474,0.83238935,0.0152182774618268,0.018328309,0.01718539,0.018328309
Persistence,7,6,0.82881486,0.84374213,0.84374213,0.82905835,0.0152182774618268,0.014927268,0.014683783,0.014927268
Persistence,7,6,0.82480615,0.84020853,0.84020853,0.8238073,0.0152182774618268,0.015402377,0.016401231,0.015402377
Persistence,7,6,0.82232594,0.8373401,0.8373401,0.8230042,0.0152182774618268,0.015014172,0.01433593,0.015014172
Persistence,7,6,0.82016146,0.833286,0.833286,0.8207702,0.0152182774618268,0.013124526,0.012515783,0.013124526
Persistence,7,6,0.8180398,0.83124644,0.83124644,0.8183669,0.0152182774618268,0.013206661,0.01287955,0.013206661
Persistence,7,6,0.8142202,0.82881486,0.82881486,0.8129166,0.0152182774618268,0.014594674,0.015898287,0.014594674
Persistence,7,6,0.80020595,0.82480615,0.82480615,0.79195166,0.0152182774618268,0.024600208,0.032854497,0.024600208
Persistence,7,6,0.7915511,0.82232594,0.82232594,0.79241025,0.0152182774618268,0.030774832,0.02991569,0.030774832
Persistence,7,6,0.7821321,0.82016146,0.82016146,0.7824637,0.0152182774618268,0.038029373,0.037697732,0.038029373
MQAttn-LSTM-VQR,7,6,0.93641645,0.9360915,0.9562129,0.9362344,0.0152182774618268,0.00032496452,0.00014293194,0.019796431
MQAttn-LSTM-VQR,7,6,0.9321928,0.9308745,0.95112944,0.9321708,0.0152182774618268,0.0013182759,0.0012962818,0.018936634
MQAttn-LSTM-VQR,7,6,0.9280751,0.9273295,0.9480665,0.9281895,0.0152182774618268,0.0007455945,0.0008600354,0.019991398
MQAttn-LSTM-VQR,7,6,0.924012,0.92324466,0.94418776,0.92402524,0.0152182774618268,0.0007673502,0.0007805824,0.020175755
MQAttn-LSTM-VQR,7,6,0.92003167,0.91933304,0.9405062,0.9200938,0.0152182774618268,0.00069862604,0.0007607341,0.020474553
MQAttn-LSTM-VQR,7,6,0.91335297,0.91508096,0.93641645,0.9113514,0.0152182774618268,0.0017279983,0.0037295818,0.02306348
MQAttn-LSTM-VQR,7,6,0.9057977,0.9107173,0.9321928,0.9043014,0.0152182774618268,0.0049195886,0.0064159036,0.026395082
MQAttn-LSTM-VQR,7,6,0.89951956,0.9063754,0.9280751,0.90000993,0.0152182774618268,0.0068558455,0.006365478,0.028555512
MQAttn-LSTM-VQR,7,6,0.8943374,0.90205175,0.924012,0.8954159,0.0152182774618268,0.007714331,0.0066358447,0.02967459
MQAttn-LSTM-VQR,7,6,0.8906443,0.8978622,0.92003167,0.8919751,0.0152182774618268,0.007217884,0.005887091,0.029387355
MQAttn-LSTM-VQR,7,6,0.88679785,0.8909406,0.91335297,0.8869932,0.0152182774618268,0.004142761,0.003947377,0.026555121
MQAttn-LSTM-VQR,7,6,0.8836693,0.88337296,0.9057977,0.8843363,0.0152182774618268,0.0002963543,0.00096333027,0.022128403
MQAttn-LSTM-VQR,7,6,0.87932664,0.8770501,0.89951956,0.8788774,0.0152182774618268,0.0022765398,0.0018272996,0.020192921
MQAttn-LSTM-VQR,7,6,0.87581074,0.8719823,0.8943374,0.87627715,0.0152182774618268,0.003828466,0.0042948723,0.018526673
MQAttn-LSTM-VQR,7,6,0.8712413,0.8682133,0.8906443,0.8706893,0.0152182774618268,0.0030279756,0.002475977,0.01940304
MQAttn-LSTM-VQR,7,6,0.86848664,0.86454374,0.88679785,0.8696047,0.0152182774618268,0.003942907,0.005060971,0.018311203
MQAttn-LSTM-VQR,7,6,0.8659703,0.8613767,0.8836693,0.86666405,0.0152182774618268,0.0045936108,0.005287349,0.017699003
MQAttn-LSTM-VQR,7,6,0.86205596,0.85729593,0.87932664,0.8611889,0.0152182774618268,0.004760027,0.0038929582,0.017270684
MQAttn-LSTM-VQR,7,6,0.8595899,0.8536754,0.87581074,0.86029947,0.0152182774618268,0.0059144497,0.006624043,0.016220868
MQAttn-LSTM-VQR,7,6,0.8566617,0.8497927,0.8712413,0.85675085,0.0152182774618268,0.0068689585,0.006958127,0.014579594
MQAttn-LSTM-VQR,7,6,0.85246104,0.8466375,0.86848664,0.85156924,0.0152182774618268,0.0058235526,0.004931748,0.016025603
MQAttn-LSTM-VQR,7,6,0.84957474,0.8442126,0.8659703,0.85010487,0.0152182774618268,0.005362153,0.0058922768,0.016395569
MQAttn-LSTM-VQR,7,6,0.84374213,0.8415629,0.86205596,0.84180146,0.0152182774618268,0.0021792054,0.00023853779,0.018313825
MQAttn-LSTM-VQR,7,6,0.84020853,0.8381974,0.8595899,0.8411697,0.0152182774618268,0.0020111203,0.0029723048,0.019381344
MQAttn-LSTM-VQR,7,6,0.8373401,0.83550984,0.8566617,0.83828557,0.0152182774618268,0.0018302798,0.0027757287,0.01932156
MQAttn-LSTM-VQR,7,6,0.833286,0.83260435,0.85246104,0.8326541,0.0152182774618268,0.0006816387,4.976988e-05,0.019175053
MQAttn-LSTM-VQR,7,6,0.83124644,0.8289373,0.84957474,0.83238935,0.0152182774618268,0.0023091435,0.0034520626,0.018328309
MQAttn-LSTM-VQR,7,6,0.82881486,0.82504624,0.84374213,0.82905835,0.0152182774618268,0.0037686229,0.004012108,0.014927268
MQAttn-LSTM-VQR,7,6,0.82480615,0.82047474,0.84020853,0.8238073,0.0152182774618268,0.00433141,0.0033325553,0.015402377
MQAttn-LSTM-VQR,7,6,0.82232594,0.81742984,0.8373401,0.8230042,0.0152182774618268,0.0048961043,0.0055743456,0.015014172
MQAttn-LSTM-VQR,7,6,0.82016146,0.8161538,0.833286,0.8207702,0.0152182774618268,0.0040076375,0.0046163797,0.013124526
MQAttn-LSTM-VQR,7,6,0.8180398,0.8123761,0.83124644,0.8183669,0.0152182774618268,0.005663693,0.0059908032,0.013206661
MQAttn-LSTM-VQR,7,6,0.8142202,0.8102105,0.82881486,0.8129166,0.0152182774618268,0.004009664,0.0027060509,0.014594674
MQAttn-LSTM-VQR,7,6,0.80020595,0.8084155,0.82480615,0.79195166,0.0152182774618268,0.008209527,0.016463816,0.024600208
MQAttn-LSTM-VQR,7,6,0.7915511,0.8045442,0.82232594,0.79241025,0.0152182774618268,0.012993097,0.012133956,0.030774832
MQAttn-LSTM-VQR,7,6,0.7821321,0.802331,0.82016146,0.7824637,0.0152182774618268,0.020198882,0.019867241,0.038029373
MQAttn-LSTM-VQR classical twin,7,6,0.93641645,0.9333096,0.9562129,0.9362344,0.0152182774618268,0.0031068325,0.0029248,0.019796431
MQAttn-LSTM-VQR classical twin,7,6,0.9321928,0.9283839,0.95112944,0.9321708,0.0152182774618268,0.0038089156,0.0037869215,0.018936634
MQAttn-LSTM-VQR classical twin,7,6,0.9280751,0.92562217,0.9480665,0.9281895,0.0152182774618268,0.00245291,0.0025673509,0.019991398
MQAttn-LSTM-VQR classical twin,7,6,0.924012,0.9219041,0.94418776,0.92402524,0.0152182774618268,0.0021079183,0.0021211505,0.020175755
MQAttn-LSTM-VQR classical twin,7,6,0.92003167,0.9184223,0.9405062,0.9200938,0.0152182774618268,0.001609385,0.001671493,0.020474553
MQAttn-LSTM-VQR classical twin,7,6,0.91335297,0.91451573,0.93641645,0.9113514,0.0152182774618268,0.0011627674,0.003164351,0.02306348
MQAttn-LSTM-VQR classical twin,7,6,0.9057977,0.91047525,0.9321928,0.9043014,0.0152182774618268,0.004677534,0.006173849,0.026395082
MQAttn-LSTM-VQR classical twin,7,6,0.89951956,0.9065574,0.9280751,0.90000993,0.0152182774618268,0.0070378184,0.006547451,0.028555512
MQAttn-LSTM-VQR classical twin,7,6,0.8943374,0.9026935,0.924012,0.8954159,0.0152182774618268,0.008356094,0.007277608,0.02967459
MQAttn-LSTM-VQR classical twin,7,6,0.8906443,0.89891946,0.92003167,0.8919751,0.0152182774618268,0.008275151,0.0069443583,0.029387355
MQAttn-LSTM-VQR classical twin,7,6,0.88679785,0.89275503,0.91335297,0.8869932,0.0152182774618268,0.005957186,0.005761802,0.026555121
MQAttn-LSTM-VQR classical twin,7,6,0.8836693,0.88558006,0.9057977,0.8843363,0.0152182774618268,0.0019107461,0.0012437701,0.022128403
MQAttn-LSTM-VQR classical twin,7,6,0.87932664,0.87958294,0.89951956,0.8788774,0.0152182774618268,0.00025629997,0.0007055402,0.020192921
MQAttn-LSTM-VQR classical twin,7,6,0.87581074,0.87466276,0.8943374,0.87627715,0.0152182774618268,0.0011479855,0.0016143918,0.018526673
MQAttn-LSTM-VQR classical twin,7,6,0.8712413,0.8710509,0.8906443,0.8706893,0.0152182774618268,0.00019037724,0.00036162138,0.01940304
MQAttn-LSTM-VQR classical twin,7,6,0.86848664,0.8676384,0.88679785,0.8696047,0.0152182774618268,0.0008482337,0.0019662976,0.018311203
MQAttn-LSTM-VQR classical twin,7,6,0.8659703,0.86451685,0.8836693,0.86666405,0.0152182774618268,0.0014534593,0.0021471977,0.017699003
MQAttn-LSTM-VQR classical twin,7,6,0.86205596,0.8606931,0.87932664,0.8611889,0.0152182774618268,0.0013628602,0.00049579144,0.017270684
MQAttn-LSTM-VQR classical twin,7,6,0.8595899,0.8571786,0.87581074,0.86029947,0.0152182774618268,0.0024112463,0.0031208396,0.016220868
MQAttn-LSTM-VQR classical twin,7,6,0.8566617,0.8533372,0.8712413,0.85675085,0.0152182774618268,0.003324449,0.0034136176,0.014579594
MQAttn-LSTM-VQR classical twin,7,6,0.85246104,0.8502639,0.86848664,0.85156924,0.0152182774618268,0.0021971464,0.0013053417,0.016025603
MQAttn-LSTM-VQR classical twin,7,6,0.84957474,0.84791255,0.8659703,0.85010487,0.0152182774618268,0.0016621947,0.0021923184,0.016395569
MQAttn-LSTM-VQR classical twin,7,6,0.84374213,0.84484315,0.86205596,0.84180146,0.0152182774618268,0.001101017,0.0030416846,0.018313825
MQAttn-LSTM-VQR classical twin,7,6,0.84020853,0.84204584,0.8595899,0.8411697,0.0152182774618268,0.0018373132,0.0008761287,0.019381344
MQAttn-LSTM-VQR classical twin,7,6,0.8373401,0.83924663,0.8566617,0.83828557,0.0152182774618268,0.0019065142,0.0009610653,0.01932156
MQAttn-LSTM-VQR classical twin,7,6,0.833286,0.8358621,0.85246104,0.8326541,0.0152182774618268,0.0025761127,0.0032079816,0.019175053
MQAttn-LSTM-VQR classical twin,7,6,0.83124644,0.8325823,0.84957474,0.83238935,0.0152182774618268,0.0013358593,0.00019294024,0.018328309
MQAttn-LSTM-VQR classical twin,7,6,0.82881486,0.8276928,0.84374213,0.82905835,0.0152182774618268,0.0011220574,0.0013655424,0.014927268
MQAttn-LSTM-VQR classical twin,7,6,0.82480615,0.82376796,0.84020853,0.8238073,0.0152182774618268,0.0010381937,3.9339066e-05,0.015402377
MQAttn-LSTM-VQR classical twin,7,6,0.82232594,0.8218606,0.8373401,0.8230042,0.0152182774618268,0.00046533346,0.0011435747,0.015014172
MQAttn-LSTM-VQR classical twin,7,6,0.82016146,0.8181586,0.833286,0.8207702,0.0152182774618268,0.0020028353,0.0026115775,0.013124526
MQAttn-LSTM-VQR classical twin,7,6,0.8180398,0.81547356,0.83124644,0.8183669,0.0152182774618268,0.0025662184,0.0028933287,0.013206661
MQAttn-LSTM-VQR classical twin,7,6,0.8142202,0.8132435,0.82881486,0.8129166,0.0152182774618268,0.0009766817,0.00032693148,0.014594674
MQAttn-LSTM-VQR classical twin,7,6,0.80020595,0.8103064,0.82480615,0.79195166,0.0152182774618268,0.010100424,0.018354714,0.024600208
MQAttn-LSTM-VQR classical twin,7,6,0.7915511,0.80728817,0.82232594,0.79241025,0.0152182774618268,0.015737057,0.014877915,0.030774832
MQAttn-LSTM-VQR classical twin,7,6,0.7821321,0.8051101,0.82016146,0.7824637,0.0152182774618268,0.022978008,0.022646368,0.038029373
MQAttn-QLSTM-VQR,7,6,0.93641645,0.9305741,0.9562129,0.9362344,0.0152182774618268,0.005842328,0.0056602955,0.019796431
MQAttn-QLSTM-VQR,7,6,0.9321928,0.9258705,0.95112944,0.9321708,0.0152182774618268,0.0063223243,0.00630033,0.018936634
MQAttn-QLSTM-VQR,7,6,0.9280751,0.9223921,0.9480665,0.9281895,0.0152182774618268,0.005683005,0.005797446,0.019991398
MQAttn-QLSTM-VQR,7,6,0.924012,0.91856086,0.94418776,0.92402524,0.0152182774618268,0.005451143,0.005464375,0.020175755
MQAttn-QLSTM-VQR,7,6,0.92003167,0.9149927,0.9405062,0.9200938,0.0152182774618268,0.0050389767,0.0051010847,0.020474553
MQAttn-QLSTM-VQR,7,6,0.91335297,0.9111362,0.93641645,0.9113514,0.0152182774618268,0.0022167563,0.00021517277,0.02306348
MQAttn-QLSTM-VQR,7,6,0.9057977,0.90713286,0.9321928,0.9043014,0.0152182774618268,0.001335144,0.002831459,0.026395082
MQAttn-QLSTM-VQR,7,6,0.89951956,0.90326685,0.9280751,0.90000993,0.0152182774618268,0.0037472844,0.003256917,0.028555512
MQAttn-QLSTM-VQR,7,6,0.8943374,0.89947814,0.924012,0.8954159,0.0152182774618268,0.005140722,0.0040622354,0.02967459
MQAttn-QLSTM-VQR,7,6,0.8906443,0.8957375,0.92003167,0.8919751,0.0152182774618268,0.005093217,0.003762424,0.029387355
MQAttn-QLSTM-VQR,7,6,0.88679785,0.8895773,0.91335297,0.8869932,0.0152182774618268,0.0027794838,0.0025840998,0.026555121
MQAttn-QLSTM-VQR,7,6,0.8836693,0.8825645,0.9057977,0.8843363,0.0152182774618268,0.0011048317,0.0017718077,0.022128403
MQAttn-QLSTM-VQR,7,6,0.87932664,0.87679195,0.89951956,0.8788774,0.0152182774618268,0.0025346875,0.0020854473,0.020192921
MQAttn-QLSTM-VQR,7,6,0.87581074,0.8720855,0.8943374,0.87627715,0.0152182774618268,0.0037252307,0.004191637,0.018526673
MQAttn-QLSTM-VQR,7,6,0.8712413,0.8686318,0.8906443,0.8706893,0.0152182774618268,0.0026094913,0.0020574927,0.01940304
MQAttn-QLSTM-VQR,7,6,0.86848664,0.865268,0.88679785,0.8696047,0.0152182774618268,0.0032186508,0.0043367147,0.018311203
MQAttn-QLSTM-VQR,7,6,0.8659703,0.862333,0.8836693,0.86666405,0.0152182774618268,0.0036373138,0.0043310523,0.017699003
MQAttn-QLSTM-VQR,7,6,0.86205596,0.8585053,0.87932664,0.8611889,0.0152182774618268,0.0035506487,0.00268358,0.017270684
MQAttn-QLSTM-VQR,7,6,0.8595899,0.8551055,0.87581074,0.86029947,0.0152182774618268,0.0044843554,0.0051939487,0.016220868
MQAttn-QLSTM-VQR,7,6,0.8566617,0.8511703,0.8712413,0.85675085,0.0152182774618268,0.005491376,0.0055805445,0.014579594
MQAttn-QLSTM-VQR,7,6,0.85246104,0.8483592,0.86848664,0.85156924,0.0152182774618268,0.004101813,0.0032100081,0.016025603
MQAttn-QLSTM-VQR,7,6,0.84957474,0.8460447,0.8659703,0.85010487,0.0152182774618268,0.0035300255,0.004060149,0.016395569
MQAttn-QLSTM-VQR,7,6,0.84374213,0.84281296,0.86205596,0.84180146,0.0152182774618268,0.0009291768,0.0010114908,0.018313825
MQAttn-QLSTM-VQR,7,6,0.84020853,0.84015375,0.8595899,0.8411697,0.0152182774618268,5.477667e-05,0.0010159612,0.019381344
MQAttn-QLSTM-VQR,7,6,0.8373401,0.8374329,0.8566617,0.83828557,0.0152182774618268,9.280443e-05,0.00085264444,0.01932156
MQAttn-QLSTM-VQR,7,6,0.833286,0.8338076,0.85246104,0.8326541,0.0152182774618268,0.00052160025,0.0011534691,0.019175053
MQAttn-QLSTM-VQR,7,6,0.83124644,0.8307876,0.84957474,0.83238935,0.0152182774618268,0.00045883656,0.0016017556,0.018328309
MQAttn-QLSTM-VQR,7,6,0.82881486,0.8257615,0.84374213,0.82905835,0.0152182774618268,0.0030533671,0.003296852,0.014927268
MQAttn-QLSTM-VQR,7,6,0.82480615,0.8221056,0.84020853,0.8238073,0.0152182774618268,0.0027005672,0.0017017126,0.015402377
MQAttn-QLSTM-VQR,7,6,0.82232594,0.8190183,0.8373401,0.8230042,0.0152182774618268,0.0033076406,0.003985882,0.015014172
MQAttn-QLSTM-VQR,7,6,0.82016146,0.8158535,0.833286,0.8207702,0.0152182774618268,0.0043079853,0.0049167275,0.013124526
MQAttn-QLSTM-VQR,7,6,0.8180398,0.8136479,0.83124644,0.8183669,0.0152182774618268,0.004391849,0.0047189593,0.013206661
MQAttn-QLSTM-VQR,7,6,0.8142202,0.81129295,0.82881486,0.8129166,0.0152182774618268,0.0029272437,0.0016236305,0.014594674
MQAttn-QLSTM-VQR,7,6,0.80020595,0.80758715,0.82480615,0.79195166,0.0152182774618268,0.007381201,0.01563549,0.024600208
MQAttn-QLSTM-VQR,7,6,0.7915511,0.8050755,0.82232594,0.79241025,0.0152182774618268,0.013524413,0.012665272,0.030774832
MQAttn-QLSTM-VQR,7,6,0.7821321,0.80293137,0.82016146,0.7824637,0.0152182774618268,0.02079928,0.020467639,0.038029373
MQAttn-QLSTM-VQR classical twin,7,6,0.93641645,0.9311397,0.9562129,0.9362344,0.0152182774618268,0.0052767396,0.005094707,0.019796431
MQAttn-QLSTM-VQR classical twin,7,6,0.9321928,0.9265119,0.95112944,0.9321708,0.0152182774618268,0.0056809187,0.0056589246,0.018936634
MQAttn-QLSTM-VQR classical twin,7,6,0.9280751,0.92136085,0.9480665,0.9281895,0.0152182774618268,0.006714225,0.0068286657,0.019991398
MQAttn-QLSTM-VQR classical twin,7,6,0.924012,0.9172119,0.94418776,0.92402524,0.0152182774618268,0.006800115,0.0068133473,0.020175755
MQAttn-QLSTM-VQR classical twin,7,6,0.92003167,0.9137491,0.9405062,0.9200938,0.0152182774618268,0.006282568,0.006344676,0.020474553
MQAttn-QLSTM-VQR classical twin,7,6,0.91335297,0.91017944,0.93641645,0.9113514,0.0152182774618268,0.00317353,0.0011719465,0.02306348
MQAttn-QLSTM-VQR classical twin,7,6,0.9057977,0.906145,0.9321928,0.9043014,0.0152182774618268,0.00034725666,0.0018435717,0.026395082
MQAttn-QLSTM-VQR classical twin,7,6,0.89951956,0.90228784,0.9280751,0.90000993,0.0152182774618268,0.0027682781,0.0022779107,0.028555512
MQAttn-QLSTM-VQR classical twin,7,6,0.8943374,0.8985596,0.924012,0.8954159,0.0152182774618268,0.0042221546,0.0031436682,0.02967459
MQAttn-QLSTM-VQR classical twin,7,6,0.8906443,0.8946091,0.92003167,0.8919751,0.0152182774618268,0.0039647818,0.0026339889,0.029387355
MQAttn-QLSTM-VQR classical twin,7,6,0.88679785,0.88813937,0.91335297,0.8869932,0.0152182774618268,0.0013415217,0.0011461377,0.026555121
MQAttn-QLSTM-VQR classical twin,7,6,0.8836693,0.880957,0.9057977,0.8843363,0.0152182774618268,0.0027123094,0.0033792853,0.022128403
MQAttn-QLSTM-VQR classical twin,7,6,0.87932664,0.8751446,0.89951956,0.8788774,0.0152182774618268,0.0041820407,0.0037328005,0.020192921
MQAttn-QLSTM-VQR classical twin,7,6,0.87581074,0.87032604,0.8943374,0.87627715,0.0152182774618268,0.0054847,0.0059511065,0.018526673
MQAttn-QLSTM-VQR classical twin,7,6,0.8712413,0.86674875,0.8906443,0.8706893,0.0152182774618268,0.0044925213,0.0039405227,0.01940304
MQAttn-QLSTM-VQR classical twin,7,6,0.86848664,0.86310756,0.88679785,0.8696047,0.0152182774618268,0.005379081,0.0064971447,0.018311203
MQAttn-QLSTM-VQR classical twin,7,6,0.8659703,0.86039203,0.8836693,0.86666405,0.0152182774618268,0.0055782795,0.006272018,0.017699003
MQAttn-QLSTM-VQR classical twin,7,6,0.86205596,0.8563419,0.87932664,0.8611889,0.0152182774618268,0.005714059,0.00484699,0.017270684
MQAttn-QLSTM-VQR classical twin,7,6,0.8595899,0.8528538,0.87581074,0.86029947,0.0152182774618268,0.0067360997,0.007445693,0.016220868
MQAttn-QLSTM-VQR classical twin,7,6,0.8566617,0.8484979,0.8712413,0.85675085,0.0152182774618268,0.00816375,0.008252919,0.014579594
MQAttn-QLSTM-VQR classical twin,7,6,0.85246104,0.8460974,0.86848664,0.85156924,0.0152182774618268,0.0063636303,0.0054718256,0.016025603
MQAttn-QLSTM-VQR classical twin,7,6,0.84957474,0.8440318,0.8659703,0.85010487,0.0152182774618268,0.005542934,0.0060730577,0.016395569
MQAttn-QLSTM-VQR classical twin,7,6,0.84374213,0.8401563,0.86205596,0.84180146,0.0152182774618268,0.0035858154,0.0016451478,0.018313825
MQAttn-QLSTM-VQR classical twin,7,6,0.84020853,0.83796287,0.8595899,0.8411697,0.0152182774618268,0.0022456646,0.003206849,0.019381344
MQAttn-QLSTM-VQR classical twin,7,6,0.8373401,0.83535576,0.8566617,0.83828557,0.0152182774618268,0.0019843578,0.0029298067,0.01932156
MQAttn-QLSTM-VQR classical twin,7,6,0.833286,0.8313277,0.85246104,0.8326541,0.0152182774618268,0.0019583106,0.0013264418,0.019175053
MQAttn-QLSTM-VQR classical twin,7,6,0.83124644,0.8284827,0.84957474,0.83238935,0.0152182774618268,0.0027637482,0.003906667,0.018328309
MQAttn-QLSTM-VQR classical twin,7,6,0.82881486,0.82347155,0.84374213,0.82905835,0.0152182774618268,0.005343318,0.005586803,0.014927268
MQAttn-QLSTM-VQR classical twin,7,6,0.82480615,0.819712,0.84020853,0.8238073,0.0152182774618268,0.0050941706,0.004095316,0.015402377
MQAttn-QLSTM-VQR classical twin,7,6,0.82232594,0.8164117,0.8373401,0.8230042,0.0152182774618268,0.005914271,0.006592512,0.015014172
MQAttn-QLSTM-VQR classical twin,7,6,0.82016146,0.81341994,0.833286,0.8207702,0.0152182774618268,0.0067415237,0.007350266,0.013124526
MQAttn-QLSTM-VQR classical twin,7,6,0.8180398,0.81148005,0.83124644,0.8183669,0.0152182774618268,0.0065597296,0.00688684,0.013206661
MQAttn-QLSTM-VQR classical twin,7,6,0.8142202,0.8094215,0.82881486,0.8129166,0.0152182774618268,0.0047987103,0.0034950972,0.014594674
MQAttn-QLSTM-VQR classical twin,7,6,0.80020595,0.80583274,0.82480615,0.79195166,0.0152182774618268,0.0056267977,0.013881087,0.024600208
MQAttn-QLSTM-VQR classical twin,7,6,0.7915511,0.8032998,0.82232594,0.79241025,0.0152182774618268,0.0117486715,0.01088953,0.030774832
MQAttn-QLSTM-VQR classical twin,7,6,0.7821321,0.8012392,0.82016146,0.7824637,0.0152182774618268,0.019107103,0.018775463,0.038029373
QLSTM,7,6,0.93641645,0.92948323,0.9562129,0.9362344,0.0152182774618268,0.0069332123,0.0067511797,0.019796431
QLSTM,7,6,0.9321928,0.9243584,0.95112944,0.9321708,0.0152182774618268,0.007834375,0.007812381,0.018936634
QLSTM,7,6,0.9280751,0.9215437,0.9480665,0.9281895,0.0152182774618268,0.0065313578,0.0066457987,0.019991398
QLSTM,7,6,0.924012,0.9177586,0.94418776,0.92402524,0.0152182774618268,0.0062534213,0.0062666535,0.020175755
QLSTM,7,6,0.92003167,0.914122,0.9405062,0.9200938,0.0152182774618268,0.0059096813,0.0059717894,0.020474553
QLSTM,7,6,0.91335297,0.9100343,0.93641645,0.9113514,0.0152182774618268,0.0033186674,0.0013170838,0.02306348
QLSTM,7,6,0.9057977,0.90586096,0.9321928,0.9043014,0.0152182774618268,6.324053e-05,0.0015595555,0.026395082
QLSTM,7,6,0.89951956,0.9017986,0.9280751,0.90000993,0.0152182774618268,0.0022790432,0.0017886758,0.028555512
QLSTM,7,6,0.8943374,0.8977685,0.924012,0.8954159,0.0152182774618268,0.0034310818,0.0023525953,0.02967459
QLSTM,7,6,0.8906443,0.89389485,0.92003167,0.8919751,0.0152182774618268,0.0032505393,0.0019197464,0.029387355
QLSTM,7,6,0.88679785,0.8874211,0.91335297,0.8869932,0.0152182774618268,0.00062322617,0.00042784214,0.026555121
QLSTM,7,6,0.8836693,0.8800946,0.9057977,0.8843363,0.0152182774618268,0.003574729,0.004241705,0.022128403
QLSTM,7,6,0.87932664,0.8740273,0.89951956,0.8788774,0.0152182774618268,0.0052993298,0.0048500896,0.020192921
QLSTM,7,6,0.87581074,0.8690939,0.8943374,0.87627715,0.0152182774618268,0.0067168474,0.0071832538,0.018526673
QLSTM,7,6,0.8712413,0.8656361,0.8906443,0.8706893,0.0152182774618268,0.005605161,0.0050531626,0.01940304
QLSTM,7,6,0.86848664,0.86220527,0.88679785,0.8696047,0.0152182774618268,0.006281376,0.00739944,0.018311203
QLSTM,7,6,0.8659703,0.85921365,0.8836693,0.86666405,0.0152182774618268,0.0067566633,0.007450402,0.017699003
QLSTM,7,6,0.86205596,0.8554793,0.87932664,0.8611889,0.0152182774618268,0.0065766573,0.0057095885,0.017270684
QLSTM,7,6,0.8595899,0.85230875,0.87581074,0.86029947,0.0152182774618268,0.0072811246,0.007990718,0.016220868
QLSTM,7,6,0.8566617,0.8487452,0.8712413,0.85675085,0.0152182774618268,0.0079164505,0.008005619,0.014579594
QLSTM,7,6,0.85246104,0.8459653,0.86848664,0.85156924,0.0152182774618268,0.006495714,0.0056039095,0.016025603
QLSTM,7,6,0.84957474,0.84367687,0.8659703,0.85010487,0.0152182774618268,0.0058978796,0.0064280033,0.016395569
QLSTM,7,6,0.84374213,0.84102744,0.86205596,0.84180146,0.0152182774618268,0.0027146935,0.0007740259,0.018313825
QLSTM,7,6,0.84020853,0.83846587,0.8595899,0.8411697,0.0152182774618268,0.001742661,0.0027038455,0.019381344
QLSTM,7,6,0.8373401,0.8358669,0.8566617,0.83828557,0.0152182774618268,0.0014731884,0.0024186373,0.01932156
QLSTM,7,6,0.833286,0.8328604,0.85246104,0.8326541,0.0152182774618268,0.00042557716,0.00020629168,0.019175053
QLSTM,7,6,0.83124644,0.8299388,0.84957474,0.83238935,0.0152182774618268,0.0013076067,0.0024505258,0.018328309
QLSTM,7,6,0.82881486,0.82562685,0.84374213,0.82905835,0.0152182774618268,0.003188014,0.003431499,0.014927268
QLSTM,7,6,0.82480615,0.8220615,0.84020853,0.8238073,0.0152182774618268,0.0027446747,0.00174582,0.015402377
QLSTM,7,6,0.82232594,0.82021135,0.8373401,0.8230042,0.0152182774618268,0.002114594,0.0027928352,0.015014172
QLSTM,7,6,0.82016146,0.8164324,0.833286,0.8207702,0.0152182774618268,0.0037290454,0.0043377876,0.013124526
QLSTM,7,6,0.8180398,0.81419605,0.83124644,0.8183669,0.0152182774618268,0.0038437247,0.004170835,0.013206661
QLSTM,7,6,0.8142202,0.81191456,0.82881486,0.8129166,0.0152182774618268,0.0023056269,0.0010020137,0.014594674
QLSTM,7,6,0.80020595,0.8084021,0.82480615,0.79195166,0.0152182774618268,0.008196175,0.016450465,0.024600208
QLSTM,7,6,0.7915511,0.80593425,0.82232594,0.79241025,0.0152182774618268,0.014383137,0.013523996,0.030774832
QLSTM,7,6,0.7821321,0.8037996,0.82016146,0.7824637,0.0152182774618268,0.02166754,0.0213359,0.038029373
LSTM,7,6,0.93641645,0.9354202,0.9562129,0.9362344,0.0152182774618268,0.000996232,0.00081419945,0.019796431
LSTM,7,6,0.9321928,0.9303354,0.95112944,0.9321708,0.0152182774618268,0.0018573999,0.0018354058,0.018936634
LSTM,7,6,0.9280751,0.92670375,0.9480665,0.9281895,0.0152182774618268,0.0013713241,0.001485765,0.019991398
LSTM,7,6,0.924012,0.92317706,0.94418776,0.92402524,0.0152182774618268,0.00083494186,0.0008481741,0.020175755
LSTM,7,6,0.92003167,0.9198551,0.9405062,0.9200938,0.0152182774618268,0.00017654896,0.000238657,0.020474553
LSTM,7,6,0.91335297,0.9161204,0.93641645,0.9113514,0.0152182774618268,0.0027674437,0.0047690272,0.02306348
LSTM,7,6,0.9057977,0.9120898,0.9321928,0.9043014,0.0152182774618268,0.0062921047,0.0077884197,0.026395082
LSTM,7,6,0.89951956,0.9081964,0.9280751,0.90000993,0.0152182774618268,0.008676827,0.00818646,0.028555512
LSTM,7,6,0.8943374,0.904367,0.924012,0.8954159,0.0152182774618268,0.010029614,0.0089511275,0.02967459
LSTM,7,6,0.8906443,0.90056515,0.92003167,0.8919751,0.0152182774618268,0.0099208355,0.008590043,0.029387355
LSTM,7,6,0.88679785,0.8943747,0.91335297,0.8869932,0.0152182774618268,0.007576883,0.007381499,0.026555121
LSTM,7,6,0.8836693,0.8874084,0.9057977,0.8843363,0.0152182774618268,0.003739059,0.003072083,0.022128403
LSTM,7,6,0.87932664,0.8816503,0.89951956,0.8788774,0.0152182774618268,0.002323687,0.0027729273,0.020192921
LSTM,7,6,0.87581074,0.877025,0.8943374,0.87627715,0.0152182774618268,0.0012142658,0.0007478595,0.018526673
LSTM,7,6,0.8712413,0.8736974,0.8906443,0.8706893,0.0152182774618268,0.0024561286,0.0030081272,0.01940304
LSTM,7,6,0.86848664,0.87035716,0.88679785,0.8696047,0.0152182774618268,0.001870513,0.00075244904,0.018311203
LSTM,7,6,0.8659703,0.86746573,0.8836693,0.86666405,0.0152182774618268,0.0014954209,0.0008016825,0.017699003
LSTM,7,6,0.86205596,0.863694,0.87932664,0.8611889,0.0152182774618268,0.0016380548,0.0025051236,0.017270684
LSTM,7,6,0.8595899,0.8606053,0.87581074,0.86029947,0.0152182774618268,0.0010154247,0.00030583143,0.016220868
LSTM,7,6,0.8566617,0.85672355,0.8712413,0.85675085,0.0152182774618268,6.186962e-05,2.7298927e-05,0.014579594
LSTM,7,6,0.85246104,0.8541675,0.86848664,0.85156924,0.0152182774618268,0.001706481,0.0025982857,0.016025603
LSTM,7,6,0.84957474,0.8517177,0.8659703,0.85010487,0.0152182774618268,0.0021429658,0.0016128421,0.016395569
LSTM,7,6,0.84374213,0.84892297,0.86205596,0.84180146,0.0152182774618268,0.0051808357,0.0071215034,0.018313825
LSTM,7,6,0.84020853,0.84654033,0.8595899,0.8411697,0.0152182774618268,0.0063318014,0.005370617,0.019381344
LSTM,7,6,0.8373401,0.8438085,0.8566617,0.83828557,0.0152182774618268,0.0064683557,0.005522907,0.01932156
LSTM,7,6,0.833286,0.83994913,0.85246104,0.8326541,0.0152182774618268,0.0066631436,0.0072950125,0.019175053
LSTM,7,6,0.83124644,0.8371652,0.84957474,0.83238935,0.0152182774618268,0.005918741,0.004775822,0.018328309
LSTM,7,6,0.82881486,0.82996005,0.84374213,0.82905835,0.0152182774618268,0.001145184,0.00090169907,0.014927268
LSTM,7,6,0.82480615,0.82674557,0.84020853,0.8238073,0.0152182774618268,0.0019394159,0.0029382706,0.015402377
LSTM,7,6,0.82232594,0.8233284,0.8373401,0.8230042,0.0152182774618268,0.0010024309,0.00032418966,0.015014172
LSTM,7,6,0.82016146,0.81927425,0.833286,0.8207702,0.0152182774618268,0.00088721514,0.0014959574,0.013124526
LSTM,7,6,0.8180398,0.8172347,0.83124644,0.8183669,0.0152182774618268,0.00080507994,0.0011321902,0.013206661
LSTM,7,6,0.8142202,0.8148031,0.82881486,0.8129166,0.0152182774618268,0.0005829334,0.0018865466,0.014594674
LSTM,7,6,0.80020595,0.8107944,0.82480615,0.79195166,0.0152182774618268,0.010588467,0.018842757,0.024600208
LSTM,7,6,0.7915511,0.8083142,0.82232594,0.79241025,0.0152182774618268,0.016763091,0.01590395,0.030774832
LSTM,7,6,0.7821321,0.8061497,0.82016146,0.7824637,0.0152182774618268,0.024017632,0.023685992,0.038029373
GRU,7,6,0.93641645,0.9397852,0.9562129,0.9362344,0.0152182774618268,0.0033687353,0.003550768,0.019796431
GRU,7,6,0.9321928,0.936673,0.95112944,0.9321708,0.0152182774618268,0.004480183,0.0045021772,0.018936634
GRU,7,6,0.9280751,0.92886573,0.9480665,0.9281895,0.0152182774618268,0.0007906556,0.0006762147,0.019991398
GRU,7,6,0.924012,0.9234951,0.94418776,0.92402524,0.0152182774618268,0.0005168915,0.0005301237,0.020175755
GRU,7,6,0.92003167,0.9195038,0.9405062,0.9200938,0.0152182774618268,0.00052785873,0.0005899668,0.020474553
GRU,7,6,0.91335297,0.9156922,0.93641645,0.9113514,0.0152182774618268,0.002339244,0.0043408275,0.02306348
GRU,7,6,0.9057977,0.9109139,0.9321928,0.9043014,0.0152182774618268,0.0051161647,0.0066124797,0.026395082
GRU,7,6,0.89951956,0.9070837,0.9280751,0.90000993,0.0152182774618268,0.0075641274,0.00707376,0.028555512
GRU,7,6,0.8943374,0.90386784,0.924012,0.8954159,0.0152182774618268,0.009530425,0.008451939,0.02967459
GRU,7,6,0.8906443,0.8998909,0.92003167,0.8919751,0.0152182774618268,0.009246588,0.007915795,0.029387355
GRU,7,6,0.88679785,0.8926423,0.91335297,0.8869932,0.0152182774618268,0.005844474,0.00564909,0.026555121
GRU,7,6,0.8836693,0.88536245,0.9057977,0.8843363,0.0152182774618268,0.0016931295,0.0010261536,0.022128403
GRU,7,6,0.87932664,0.8804366,0.89951956,0.8788774,0.0152182774618268,0.0011099577,0.0015591979,0.020192921
GRU,7,6,0.87581074,0.87645274,0.8943374,0.87627715,0.0152182774618268,0.0006420016,0.00017559528,0.018526673
GRU,7,6,0.8712413,0.87309587,0.8906443,0.8706893,0.0152182774618268,0.0018545985,0.0024065971,0.01940304
GRU,7,6,0.86848664,0.86895466,0.88679785,0.8696047,0.0152182774618268,0.00046801567,0.00065004826,0.018311203
GRU,7,6,0.8659703,0.867475,0.8836693,0.86666405,0.0152182774618268,0.0015046597,0.0008109212,0.017699003
GRU,7,6,0.86205596,0.8633228,0.87932664,0.8611889,0.0152182774618268,0.0012668371,0.002133906,0.017270684
GRU,7,6,0.8595899,0.8593892,0.87581074,0.86029947,0.0152182774618268,0.00020068884,0.00091028214,0.016220868
GRU,7,6,0.8566617,0.8539827,0.8712413,0.85675085,0.0152182774618268,0.0026789904,0.002768159,0.014579594
GRU,7,6,0.85246104,0.85306424,0.86848664,0.85156924,0.0152182774618268,0.000603199,0.0014950037,0.016025603
GRU,7,6,0.84957474,0.85255206,0.8659703,0.85010487,0.0152182774618268,0.0029773116,0.002447188,0.016395569
GRU,7,6,0.84374213,0.84646356,0.86205596,0.84180146,0.0152182774618268,0.0027214289,0.0046620965,0.018313825
GRU,7,6,0.84020853,0.8461305,0.8595899,0.8411697,0.0152182774618268,0.00592196,0.0049607754,0.019381344
GRU,7,6,0.8373401,0.84431887,0.8566617,0.83828557,0.0152182774618268,0.00697875,0.0060333014,0.01932156
GRU,7,6,0.833286,0.8396049,0.85246104,0.8326541,0.0152182774618268,0.006318927,0.0069507957,0.019175053
GRU,7,6,0.83124644,0.83735746,0.84957474,0.83238935,0.0152182774618268,0.006111026,0.0049681067,0.018328309
GRU,7,6,0.82881486,0.8361612,0.84374213,0.82905835,0.0152182774618268,0.007346332,0.007102847,0.014927268
GRU,7,6,0.82480615,0.83000153,0.84020853,0.8238073,0.0152182774618268,0.0051953793,0.006194234,0.015402377
GRU,7,6,0.82232594,0.8249045,0.8373401,0.8230042,0.0152182774618268,0.0025785565,0.0019003153,0.015014172
GRU,7,6,0.82016146,0.8243207,0.833286,0.8207702,0.0152182774618268,0.004159212,0.0035504699,0.013124526
GRU,7,6,0.8180398,0.8226531,0.83124644,0.8183669,0.0152182774618268,0.00461334,0.0042862296,0.013206661
GRU,7,6,0.8142202,0.8203147,0.82881486,0.8129166,0.0152182774618268,0.0060945153,0.0073981285,0.014594674
GRU,7,6,0.80020595,0.81712604,0.82480615,0.79195166,0.0152182774618268,0.01692009,0.02517438,0.024600208
GRU,7,6,0.7915511,0.81384915,0.82232594,0.79241025,0.0152182774618268,0.022298038,0.021438897,0.030774832
GRU,7,6,0.7821321,0.8110052,0.82016146,0.7824637,0.0152182774618268,0.028873086,0.028541446,0.038029373
MLP,7,6,0.93641645,0.9366551,0.9562129,0.9362344,0.0152182774618268,0.000238657,0.00042068958,0.019796431
MLP,7,6,0.9321928,0.93157166,0.95112944,0.9321708,0.0152182774618268,0.00062114,0.0005991459,0.018936634
MLP,7,6,0.9280751,0.9285087,0.9480665,0.9281895,0.0152182774618268,0.0004336238,0.00031918287,0.019991398
MLP,7,6,0.924012,0.92463,0.94418776,0.92402524,0.0152182774618268,0.00061798096,0.0006047487,0.020175755
MLP,7,6,0.92003167,0.92094845,0.9405062,0.9200938,0.0152182774618268,0.00091677904,0.000854671,0.020474553
MLP,7,6,0.91335297,0.9168587,0.93641645,0.9113514,0.0152182774618268,0.0035057068,0.0055072904,0.02306348
MLP,7,6,0.9057977,0.912635,0.9321928,0.9043014,0.0152182774618268,0.0068373084,0.008333623,0.026395082
MLP,7,6,0.89951956,0.9085173,0.9280751,0.90000993,0.0152182774618268,0.008997738,0.008507371,0.028555512
MLP,7,6,0.8943374,0.90445423,0.924012,0.8954159,0.0152182774618268,0.010116816,0.009038329,0.02967459
MLP,7,6,0.8906443,0.9004739,0.92003167,0.8919751,0.0152182774618268,0.009829581,0.008498788,0.029387355
MLP,7,6,0.88679785,0.8937952,0.91335297,0.8869932,0.0152182774618268,0.006997347,0.006801963,0.026555121
MLP,7,6,0.8836693,0.88623995,0.9057977,0.8843363,0.0152182774618268,0.0025706291,0.0019036531,0.022128403
MLP,7,6,0.87932664,0.8799618,0.89951956,0.8788774,0.0152182774618268,0.0006351471,0.0010843873,0.020192921
MLP,7,6,0.87581074,0.87477964,0.8943374,0.87627715,0.0152182774618268,0.0010311007,0.0014975071,0.018526673
MLP,7,6,0.8712413,0.87108654,0.8906443,0.8706893,0.0152182774618268,0.00015473366,0.00039726496,0.01940304
MLP,7,6,0.86848664,0.8672401,0.88679785,0.8696047,0.0152182774618268,0.0012465715,0.0023646355,0.018311203
MLP,7,6,0.8659703,0.86411154,0.8836693,0.86666405,0.0152182774618268,0.0018587708,0.0025525093,0.017699003
MLP,7,6,0.86205596,0.85976887,0.87932664,0.8611889,0.0152182774618268,0.0022870898,0.001420021,0.017270684
MLP,7,6,0.8595899,0.85625297,0.87581074,0.86029947,0.0152182774618268,0.0033369064,0.0040464997,0.016220868
MLP,7,6,0.8566617,0.8482526,0.8712413,0.85675085,0.0152182774618268,0.008409083,0.008498251,0.014579594
MLP,7,6,0.85246104,0.84740126,0.86848664,0.85156924,0.0152182774618268,0.0050597787,0.004167974,0.016025603
MLP,7,6,0.84957474,0.86049235,0.8659703,0.85010487,0.0152182774618268,0.010917604,0.01038748,0.016395569
MLP,7,6,0.84374213,0.85059744,0.86205596,0.84180146,0.0152182774618268,0.006855309,0.008795977,0.018313825
MLP,7,6,0.84020853,0.8394225,0.8595899,0.8411697,0.0152182774618268,0.00078600645,0.001747191,0.019381344
MLP,7,6,0.8373401,0.85570925,0.8566617,0.83828557,0.0152182774618268,0.018369138,0.01742369,0.01932156
MLP,7,6,0.833286,0.83556426,0.85246104,0.8326541,0.0152182774618268,0.0022782683,0.0029101372,0.019175053
MLP,7,6,0.83124644,0.83700585,0.84957474,0.83238935,0.0152182774618268,0.005759418,0.004616499,0.018328309
MLP,7,6,0.82881486,0.84687656,0.84374213,0.82905835,0.0152182774618268,0.018061697,0.017818213,0.014927268
MLP,7,6,0.82480615,0.83048993,0.84020853,0.8238073,0.0152182774618268,0.0056837797,0.0066826344,0.015402377
MLP,7,6,0.82232594,0.8158286,0.8373401,0.8230042,0.0152182774618268,0.0064973235,0.0071755648,0.015014172
MLP,7,6,0.82016146,0.81937814,0.833286,0.8207702,0.0152182774618268,0.00078332424,0.0013920665,0.013124526
MLP,7,6,0.8180398,0.8180399,0.83124644,0.8183669,0.0152182774618268,1.1920929e-07,0.00032699108,0.013206661
MLP,7,6,0.8142202,0.822036,0.82881486,0.8129166,0.0152182774618268,0.007815838,0.009119451,0.014594674
MLP,7,6,0.80020595,0.8212845,0.82480615,0.79195166,0.0152182774618268,0.021078527,0.029332817,0.024600208
MLP,7,6,0.7915511,0.81428105,0.82232594,0.79241025,0.0152182774618268,0.022729933,0.021870792,0.030774832
MLP,7,6,0.7821321,0.80522996,0.82016146,0.7824637,0.0152182774618268,0.023097873,0.022766232,0.038029373
Seq2Seq,7,6,0.93641645,0.9297753,0.9562129,0.9362344,0.0152182774618268,0.0066411495,0.006459117,0.019796431
Seq2Seq,7,6,0.9321928,0.9255101,0.95112944,0.9321708,0.0152182774618268,0.006682694,0.0066607,0.018936634
Seq2Seq,7,6,0.9280751,0.91822153,0.9480665,0.9281895,0.0152182774618268,0.009853542,0.009967983,0.019991398
Seq2Seq,7,6,0.924012,0.9141292,0.94418776,0.92402524,0.0152182774618268,0.009882808,0.00989604,0.020175755
Seq2Seq,7,6,0.92003167,0.9110816,0.9405062,0.9200938,0.0152182774618268,0.008950055,0.009012163,0.020474553
Seq2Seq,7,6,0.91335297,0.90786916,0.93641645,0.9113514,0.0152182774618268,0.005483806,0.0034822226,0.02306348
Seq2Seq,7,6,0.9057977,0.9026573,0.9321928,0.9043014,0.0152182774618268,0.0031404495,0.0016441345,0.026395082
Seq2Seq,7,6,0.89951956,0.89723116,0.9280751,0.90000993,0.0152182774618268,0.0022884011,0.0027787685,0.028555512
Seq2Seq,7,6,0.8943374,0.89392376,0.924012,0.8954159,0.0152182774618268,0.00041365623,0.0014921427,0.02967459
Seq2Seq,7,6,0.8906443,0.8899451,0.92003167,0.8919751,0.0152182774618268,0.0006992221,0.002030015,0.029387355
Seq2Seq,7,6,0.88679785,0.88420504,0.91335297,0.8869932,0.0152182774618268,0.002592802,0.002788186,0.026555121
Seq2Seq,7,6,0.8836693,0.87750006,0.9057977,0.8843363,0.0152182774618268,0.0061692595,0.0068362355,0.022128403
Seq2Seq,7,6,0.87932664,0.8732707,0.89951956,0.8788774,0.0152182774618268,0.006055951,0.005606711,0.020192921
Seq2Seq,7,6,0.87581074,0.86974275,0.8943374,0.87627715,0.0152182774618268,0.0060679913,0.0065343976,0.018526673
Seq2Seq,7,6,0.8712413,0.86604744,0.8906443,0.8706893,0.0152182774618268,0.0051938295,0.004641831,0.01940304
Seq2Seq,7,6,0.86848664,0.86345786,0.88679785,0.8696047,0.0152182774618268,0.0050287843,0.006146848,0.018311203
Seq2Seq,7,6,0.8659703,0.86104727,0.8836693,0.86666405,0.0152182774618268,0.0049230456,0.005616784,0.017699003
Seq2Seq,7,6,0.86205596,0.8581956,0.87932664,0.8611889,0.0152182774618268,0.0038603544,0.0029932857,0.017270684
Seq2Seq,7,6,0.8595899,0.85411733,0.87581074,0.86029947,0.0152182774618268,0.005472541,0.006182134,0.016220868
Seq2Seq,7,6,0.8566617,0.8507378,0.8712413,0.85675085,0.0152182774618268,0.005923867,0.006013036,0.014579594
Seq2Seq,7,6,0.85246104,0.8478153,0.86848664,0.85156924,0.0152182774618268,0.004645765,0.0037539601,0.016025603
Seq2Seq,7,6,0.84957474,0.846411,0.8659703,0.85010487,0.0152182774618268,0.003163755,0.0036938787,0.016395569
Seq2Seq,7,6,0.84374213,0.84269613,0.86205596,0.84180146,0.0152182774618268,0.0010460019,0.0008946657,0.018313825
Seq2Seq,7,6,0.84020853,0.84006846,0.8595899,0.8411697,0.0152182774618268,0.00014007092,0.0011012554,0.019381344
Seq2Seq,7,6,0.8373401,0.8376975,0.8566617,0.83828557,0.0152182774618268,0.00035738945,0.0005880594,0.01932156
Seq2Seq,7,6,0.833286,0.83434564,0.85246104,0.8326541,0.0152182774618268,0.0010596514,0.0016915202,0.019175053
Seq2Seq,7,6,0.83124644,0.83105975,0.84957474,0.83238935,0.0152182774618268,0.00018668175,0.0013296008,0.018328309
Seq2Seq,7,6,0.82881486,0.82822436,0.84374213,0.82905835,0.0152182774618268,0.0005905032,0.0008339882,0.014927268
Seq2Seq,7,6,0.82480615,0.82246757,0.84020853,0.8238073,0.0152182774618268,0.0023385882,0.0013397336,0.015402377
Seq2Seq,7,6,0.82232594,0.8242436,0.8373401,0.8230042,0.0152182774618268,0.0019176602,0.001239419,0.015014172
Seq2Seq,7,6,0.82016146,0.81652343,0.833286,0.8207702,0.0152182774618268,0.003638029,0.0042467713,0.013124526
Seq2Seq,7,6,0.8180398,0.81428653,0.83124644,0.8183669,0.0152182774618268,0.0037532449,0.004080355,0.013206661
Seq2Seq,7,6,0.8142202,0.8133169,0.82881486,0.8129166,0.0152182774618268,0.0009033084,0.0004003048,0.014594674
Seq2Seq,7,6,0.80020595,0.8110612,0.82480615,0.79195166,0.0152182774618268,0.0108552575,0.019109547,0.024600208
Seq2Seq,7,6,0.7915511,0.80883527,0.82232594,0.79241025,0.0152182774618268,0.017284155,0.016425014,0.030774832
Seq2Seq,7,6,0.7821321,0.8066976,0.82016146,0.7824637,0.0152182774618268,0.024565518,0.024233878,0.038029373
Persistence,8,5,0.93979245,0.9588611,0.9588611,0.93994284,0.0159939434379339,0.019068658,0.018918276,0.019068658
Persistence,8,5,0.93591297,0.9542624,0.9542624,0.9358827,0.0159939434379339,0.01834941,0.018379688,0.01834941
Persistence,8,5,0.93209004,0.95085716,0.95085716,0.9321319,0.0159939434379339,0.018767118,0.018725276,0.018767118
Persistence,8,5,0.92841816,0.9470766,0.9470766,0.9285318,0.0159939434379339,0.01865846,0.018544793,0.01865846
Persistence,8,5,0.92487544,0.94342875,0.94342875,0.9250372,0.0159939434379339,0.018553317,0.01839155,0.018553317
Persistence,8,5,0.91887724,0.93979245,0.93979245,0.91708636,0.0159939434379339,0.02091521,0.022706091,0.02091521
Persistence,8,5,0.9111571,0.93591297,0.93591297,0.90908974,0.0159939434379339,0.024755895,0.026823223,0.024755895
Persistence,8,5,0.90465987,0.93209004,0.93209004,0.9048703,0.0159939434379339,0.027430177,0.027219772,0.027430177
Persistence,8,5,0.8995285,0.92841816,0.92841816,0.90075886,0.0159939434379339,0.028889656,0.027659297,0.028889656
Persistence,8,5,0.8959743,0.92487544,0.92487544,0.89744884,0.0159939434379339,0.02890116,0.0274266,0.02890116
Persistence,8,5,0.8928039,0.91887724,0.91887724,0.8933995,0.0159939434379339,0.026073337,0.025477767,0.026073337
Persistence,8,5,0.89007956,0.9111571,0.9111571,0.89065576,0.0159939434379339,0.021077514,0.020501316,0.021077514
Persistence,8,5,0.8863188,0.90465987,0.90465987,0.8859792,0.0159939434379339,0.018341064,0.018680692,0.018341064
Persistence,8,5,0.88296485,0.8995285,0.8995285,0.8832055,0.0159939434379339,0.016563654,0.01632303,0.016563654
Persistence,8,5,0.87895876,0.8959743,0.8959743,0.87862206,0.0159939434379339,0.017015517,0.017352223,0.017015517
Persistence,8,5,0.87595206,0.8928039,0.8928039,0.8765614,0.0159939434379339,0.016851842,0.016242504,0.016851842
Persistence,8,5,0.87309366,0.89007956,0.89007956,0.8734769,0.0159939434379339,0.016985893,0.016602635,0.016985893
Persistence,8,5,0.8694832,0.8863188,0.8863188,0.86901116,0.0159939434379339,0.01683563,0.01730764,0.01683563
Persistence,8,5,0.86705977,0.88296485,0.88296485,0.8677516,0.0159939434379339,0.015905082,0.015213251,0.015905082
Persistence,8,5,0.8644105,0.87895876,0.87895876,0.8646054,0.0159939434379339,0.014548242,0.014353335,0.014548242
Persistence,8,5,0.86088276,0.87595206,0.87595206,0.86029565,0.0159939434379339,0.015069306,0.015656412,0.015069306
Persistence,8,5,0.85838693,0.87309366,0.87309366,0.8588721,0.0159939434379339,0.014706731,0.014221549,0.014706731
Persistence,8,5,0.85249734,0.8694832,0.8694832,0.85020614,0.0159939434379339,0.016985834,0.019277036,0.016985834
Persistence,8,5,0.84874856,0.86705977,0.86705977,0.8494322,0.0159939434379339,0.018311203,0.017627597,0.018311203
Persistence,8,5,0.84567004,0.8644105,0.8644105,0.8465597,0.0159939434379339,0.018740475,0.017850816,0.018740475
Persistence,8,5,0.84184796,0.86088276,0.86088276,0.84154457,0.0159939434379339,0.019034803,0.01933819,0.019034803
Persistence,8,5,0.83980083,0.85838693,0.85838693,0.8408453,0.0159939434379339,0.0185861,0.017541647,0.0185861
Persistence,8,5,0.8375894,0.85249734,0.85249734,0.8379113,0.0159939434379339,0.014907956,0.014586031,0.014907956
Persistence,8,5,0.83431953,0.84874856,0.84874856,0.833774,0.0159939434379339,0.014429033,0.014974594,0.014429033
Persistence,8,5,0.8319895,0.84567004,0.84567004,0.8324365,0.0159939434379339,0.013680518,0.013233542,0.013680518
Persistence,8,5,0.8298812,0.84184796,0.84184796,0.8302879,0.0159939434379339,0.011966765,0.011560082,0.011966765
Persistence,8,5,0.82756066,0.83980083,0.83980083,0.8276275,0.0159939434379339,0.012240171,0.012173355,0.012240171
Persistence,8,5,0.8243955,0.8375894,0.8375894,0.82368594,0.0159939434379339,0.013193905,0.013903439,0.013193905
Persistence,8,5,0.8223747,0.83431953,0.83431953,0.8229496,0.0159939434379339,0.01194483,0.011369944,0.01194483
Persistence,8,5,0.81881845,0.8319895,0.8319895,0.8180464,0.0159939434379339,0.013171077,0.013943136,0.013171077
Persistence,8,5,0.7022577,0.8298812,0.8298812,0.61639035,0.0159939434379339,0.1276235,0.21349084,0.1276235
MQAttn-LSTM-VQR,8,5,0.93979245,0.9419568,0.9588611,0.93994284,0.0159939434379339,0.0021643639,0.0020139813,0.019068658
MQAttn-LSTM-VQR,8,5,0.93591297,0.93722916,0.9542624,0.9358827,0.0159939434379339,0.0013161898,0.0013464689,0.01834941
MQAttn-LSTM-VQR,8,5,0.93209004,0.93358946,0.95085716,0.9321319,0.0159939434379339,0.0014994144,0.001457572,0.018767118
MQAttn-LSTM-VQR,8,5,0.92841816,0.92967266,0.9470766,0.9285318,0.0159939434379339,0.001254499,0.0011408329,0.01865846
MQAttn-LSTM-VQR,8,5,0.92487544,0.925882,0.94342875,0.9250372,0.0159939434379339,0.0010065436,0.00084477663,0.018553317
MQAttn-LSTM-VQR,8,5,0.91887724,0.92211986,0.93979245,0.91708636,0.0159939434379339,0.003242612,0.005033493,0.02091521
MQAttn-LSTM-VQR,8,5,0.9111571,0.9180509,0.93591297,0.90908974,0.0159939434379339,0.0068938136,0.008961141,0.024755895
MQAttn-LSTM-VQR,8,5,0.90465987,0.9140746,0.93209004,0.9048703,0.0159939434379339,0.009414732,0.009204328,0.027430177
MQAttn-LSTM-VQR,8,5,0.8995285,0.91026884,0.92841816,0.90075886,0.0159939434379339,0.01074034,0.009509981,0.028889656
MQAttn-LSTM-VQR,8,5,0.8959743,0.90661085,0.92487544,0.89744884,0.0159939434379339,0.010636568,0.009162009,0.02890116
MQAttn-LSTM-VQR,8,5,0.8928039,0.9003833,0.91887724,0.8933995,0.0159939434379339,0.0075793862,0.0069838166,0.026073337
MQAttn-LSTM-VQR,8,5,0.89007956,0.89280117,0.9111571,0.89065576,0.0159939434379339,0.0027216077,0.0021454096,0.021077514
MQAttn-LSTM-VQR,8,5,0.8863188,0.8865037,0.90465987,0.8859792,0.0159939434379339,0.00018489361,0.0005245209,0.018341064
MQAttn-LSTM-VQR,8,5,0.88296485,0.88167644,0.8995285,0.8832055,0.0159939434379339,0.001288414,0.001529038,0.016563654
MQAttn-LSTM-VQR,8,5,0.87895876,0.8782535,0.8959743,0.87862206,0.0159939434379339,0.00070524216,0.00036853552,0.017015517
MQAttn-LSTM-VQR,8,5,0.87595206,0.8755272,0.8928039,0.8765614,0.0159939434379339,0.0004248619,0.0010342002,0.016851842
MQAttn-LSTM-VQR,8,5,0.87309366,0.8728318,0.89007956,0.8734769,0.0159939434379339,0.0002618432,0.00064510107,0.016985893
MQAttn-LSTM-VQR,8,5,0.8694832,0.86967695,0.8863188,0.86901116,0.0159939434379339,0.0001937747,0.0006657839,0.01683563
MQAttn-LSTM-VQR,8,5,0.86705977,0.8663199,0.88296485,0.8677516,0.0159939434379339,0.00073987246,0.0014317036,0.015905082
MQAttn-LSTM-VQR,8,5,0.8644105,0.86334354,0.87895876,0.8646054,0.0159939434379339,0.0010669827,0.0012618899,0.014548242
MQAttn-LSTM-VQR,8,5,0.86088276,0.8598646,0.87595206,0.86029565,0.0159939434379339,0.0010181665,0.0004310608,0.015069306
MQAttn-LSTM-VQR,8,5,0.85838693,0.8572915,0.87309366,0.8588721,0.0159939434379339,0.0010954142,0.001580596,0.014706731
MQAttn-LSTM-VQR,8,5,0.85249734,0.85530406,0.8694832,0.85020614,0.0159939434379339,0.0028067231,0.0050979257,0.016985834
MQAttn-LSTM-VQR,8,5,0.84874856,0.8518773,0.86705977,0.8494322,0.0159939434379339,0.0031287074,0.0024451017,0.018311203
MQAttn-LSTM-VQR,8,5,0.84567004,0.8495841,0.8644105,0.8465597,0.0159939434379339,0.003914058,0.0030243993,0.018740475
MQAttn-LSTM-VQR,8,5,0.84184796,0.847716,0.86088276,0.84154457,0.0159939434379339,0.0058680177,0.0061714053,0.019034803
MQAttn-LSTM-VQR,8,5,0.83980083,0.84427965,0.85838693,0.8408453,0.0159939434379339,0.004478812,0.00343436,0.0185861
MQAttn-LSTM-VQR,8,5,0.8375894,0.8408268,0.85249734,0.8379113,0.0159939434379339,0.0032374263,0.0029155016,0.014907956
MQAttn-LSTM-VQR,8,5,0.83431953,0.83608615,0.84874856,0.833774,0.0159939434379339,0.0017666221,0.0023121834,0.014429033
MQAttn-LSTM-VQR,8,5,0.8319895,0.8317093,0.84567004,0.8324365,0.0159939434379339,0.00028020144,0.00072717667,0.013680518
MQAttn-LSTM-VQR,8,5,0.8298812,0.83109283,0.84184796,0.8302879,0.0159939434379339,0.0012116432,0.0008049607,0.011966765
MQAttn-LSTM-VQR,8,5,0.82756066,0.82787967,0.83980083,0.8276275,0.0159939434379339,0.00031900406,0.00025218725,0.012240171
MQAttn-LSTM-VQR,8,5,0.8243955,0.82582384,0.8375894,0.82368594,0.0159939434379339,0.0014283657,0.0021378994,0.013193905
MQAttn-LSTM-VQR,8,5,0.8223747,0.82399106,0.83431953,0.8229496,0.0159939434379339,0.0016163588,0.001041472,0.01194483
MQAttn-LSTM-VQR,8,5,0.81881845,0.8206874,0.8319895,0.8180464,0.0159939434379339,0.0018689632,0.0026410222,0.013171077
MQAttn-LSTM-VQR,8,5,0.7022577,0.8184351,0.8298812,0.61639035,0.0159939434379339,0.11617738,0.20204473,0.1276235
MQAttn-LSTM-VQR classical twin,8,5,0.93979245,0.94164777,0.9588611,0.93994284,0.0159939434379339,0.0018553138,0.0017049313,0.019068658
MQAttn-LSTM-VQR classical twin,8,5,0.93591297,0.937531,0.9542624,0.9358827,0.0159939434379339,0.0016180277,0.0016483068,0.01834941
MQAttn-LSTM-VQR classical twin,8,5,0.93209004,0.9345218,0.95085716,0.9321319,0.0159939434379339,0.0024317503,0.0023899078,0.018767118
MQAttn-LSTM-VQR classical twin,8,5,0.92841816,0.93075657,0.9470766,0.9285318,0.0159939434379339,0.0023384094,0.0022247434,0.01865846
MQAttn-LSTM-VQR classical twin,8,5,0.92487544,0.9271084,0.94342875,0.9250372,0.0159939434379339,0.0022329688,0.0020712018,0.018553317
MQAttn-LSTM-VQR classical twin,8,5,0.91887724,0.9228869,0.93979245,0.91708636,0.0159939434379339,0.004009664,0.005800545,0.02091521
MQAttn-LSTM-VQR classical twin,8,5,0.9111571,0.91868997,0.93591297,0.90908974,0.0159939434379339,0.0075328946,0.009600222,0.024755895
MQAttn-LSTM-VQR classical twin,8,5,0.90465987,0.9146224,0.93209004,0.9048703,0.0159939434379339,0.009962559,0.009752154,0.027430177
MQAttn-LSTM-VQR classical twin,8,5,0.8995285,0.91095424,0.92841816,0.90075886,0.0159939434379339,0.011425734,0.0101953745,0.028889656
MQAttn-LSTM-VQR classical twin,8,5,0.8959743,0.9073331,0.92487544,0.89744884,0.0159939434379339,0.011358798,0.009884238,0.02890116
MQAttn-LSTM-VQR classical twin,8,5,0.8928039,0.9014872,0.91887724,0.8933995,0.0159939434379339,0.008683264,0.008087695,0.026073337
MQAttn-LSTM-VQR classical twin,8,5,0.89007956,0.8929786,0.9111571,0.89065576,0.0159939434379339,0.0028990507,0.0023228526,0.021077514
MQAttn-LSTM-VQR classical twin,8,5,0.8863188,0.88546675,0.90465987,0.8859792,0.0159939434379339,0.0008520484,0.00051242113,0.018341064
MQAttn-LSTM-VQR classical twin,8,5,0.88296485,0.87953824,0.8995285,0.8832055,0.0159939434379339,0.0034266114,0.0036672354,0.016563654
MQAttn-LSTM-VQR classical twin,8,5,0.87895876,0.8763219,0.8959743,0.87862206,0.0159939434379339,0.0026368499,0.0023001432,0.017015517
MQAttn-LSTM-VQR classical twin,8,5,0.87595206,0.8736301,0.8928039,0.8765614,0.0159939434379339,0.0023219585,0.0029312968,0.016851842
MQAttn-LSTM-VQR classical twin,8,5,0.87309366,0.8712789,0.89007956,0.8734769,0.0159939434379339,0.0018147826,0.0021980405,0.016985893
MQAttn-LSTM-VQR classical twin,8,5,0.8694832,0.8684507,0.8863188,0.86901116,0.0159939434379339,0.0010324717,0.0005604625,0.01683563
MQAttn-LSTM-VQR classical twin,8,5,0.86705977,0.8657663,0.88296485,0.8677516,0.0159939434379339,0.0012934804,0.0019853115,0.015905082
MQAttn-LSTM-VQR classical twin,8,5,0.8644105,0.8631599,0.87895876,0.8646054,0.0159939434379339,0.0012506247,0.0014455318,0.014548242
MQAttn-LSTM-VQR classical twin,8,5,0.86088276,0.86099315,0.87595206,0.86029565,0.0159939434379339,0.0001103878,0.00069749355,0.015069306
MQAttn-LSTM-VQR classical twin,8,5,0.85838693,0.8597137,0.87309366,0.8588721,0.0159939434379339,0.0013267398,0.000841558,0.014706731
MQAttn-LSTM-VQR classical twin,8,5,0.85249734,0.85323375,0.8694832,0.85020614,0.0159939434379339,0.0007364154,0.003027618,0.016985834
MQAttn-LSTM-VQR classical twin,8,5,0.84874856,0.8505943,0.86705977,0.8494322,0.0159939434379339,0.0018457174,0.0011621118,0.018311203
MQAttn-LSTM-VQR classical twin,8,5,0.84567004,0.8482044,0.8644105,0.8465597,0.0159939434379339,0.00253433,0.001644671,0.018740475
MQAttn-LSTM-VQR classical twin,8,5,0.84184796,0.8453779,0.86088276,0.84154457,0.0159939434379339,0.0035299659,0.0038333535,0.019034803
MQAttn-LSTM-VQR classical twin,8,5,0.83980083,0.8427116,0.85838693,0.8408453,0.0159939434379339,0.0029107928,0.0018663406,0.0185861
MQAttn-LSTM-VQR classical twin,8,5,0.8375894,0.8369365,0.85249734,0.8379113,0.0159939434379339,0.0006529093,0.00097483397,0.014907956
MQAttn-LSTM-VQR classical twin,8,5,0.83431953,0.83350194,0.84874856,0.833774,0.0159939434379339,0.0008175969,0.0002720356,0.014429033
MQAttn-LSTM-VQR classical twin,8,5,0.8319895,0.8312808,0.84567004,0.8324365,0.0159939434379339,0.0007086992,0.0011556745,0.013680518
MQAttn-LSTM-VQR classical twin,8,5,0.8298812,0.827074,0.84184796,0.8302879,0.0159939434379339,0.0028072,0.0032138824,0.011966765
MQAttn-LSTM-VQR classical twin,8,5,0.82756066,0.8253876,0.83980083,0.8276275,0.0159939434379339,0.0021730661,0.002239883,0.012240171
MQAttn-LSTM-VQR classical twin,8,5,0.8243955,0.8235369,0.8375894,0.82368594,0.0159939434379339,0.0008586049,0.00014907122,0.013193905
MQAttn-LSTM-VQR classical twin,8,5,0.8223747,0.8204242,0.83431953,0.8229496,0.0159939434379339,0.0019505024,0.0025253892,0.01194483
MQAttn-LSTM-VQR classical twin,8,5,0.81881845,0.818509,0.8319895,0.8180464,0.0159939434379339,0.00030946732,0.00046259165,0.013171077
MQAttn-LSTM-VQR classical twin,8,5,0.7022577,0.81676745,0.8298812,0.61639035,0.0159939434379339,0.11450976,0.2003771,0.1276235
MQAttn-QLSTM-VQR,8,5,0.93979245,0.9457387,0.9588611,0.93994284,0.0159939434379339,0.005946219,0.0057958364,0.019068658
MQAttn-QLSTM-VQR,8,5,0.93591297,0.9414371,0.9542624,0.9358827,0.0159939434379339,0.0055241585,0.0055544376,0.01834941
MQAttn-QLSTM-VQR,8,5,0.93209004,0.9340982,0.95085716,0.9321319,0.0159939434379339,0.00200814,0.0019662976,0.018767118
MQAttn-QLSTM-VQR,8,5,0.92841816,0.9288013,0.9470766,0.9285318,0.0159939434379339,0.00038313866,0.0002694726,0.01865846
MQAttn-QLSTM-VQR,8,5,0.92487544,0.92453265,0.94342875,0.9250372,0.0159939434379339,0.0003427863,0.0005045533,0.018553317
MQAttn-QLSTM-VQR,8,5,0.91887724,0.9206867,0.93979245,0.91708636,0.0159939434379339,0.0018094778,0.003600359,0.02091521
MQAttn-QLSTM-VQR,8,5,0.9111571,0.916784,0.93591297,0.90908974,0.0159939434379339,0.005626917,0.0076942444,0.024755895
MQAttn-QLSTM-VQR,8,5,0.90465987,0.91301763,0.93209004,0.9048703,0.0159939434379339,0.008357763,0.008147359,0.027430177
MQAttn-QLSTM-VQR,8,5,0.8995285,0.9094626,0.92841816,0.90075886,0.0159939434379339,0.009934068,0.008703709,0.028889656
MQAttn-QLSTM-VQR,8,5,0.8959743,0.90604603,0.92487544,0.89744884,0.0159939434379339,0.010071754,0.008597195,0.02890116
MQAttn-QLSTM-VQR,8,5,0.8928039,0.90034455,0.91887724,0.8933995,0.0159939434379339,0.007540643,0.0069450736,0.026073337
MQAttn-QLSTM-VQR,8,5,0.89007956,0.89300585,0.9111571,0.89065576,0.0159939434379339,0.00292629,0.002350092,0.021077514
MQAttn-QLSTM-VQR,8,5,0.8863188,0.8868534,0.90465987,0.8859792,0.0159939434379339,0.00053459406,0.0008742213,0.018341064
MQAttn-QLSTM-VQR,8,5,0.88296485,0.88204193,0.8995285,0.8832055,0.0159939434379339,0.0009229183,0.0011635423,0.016563654
MQAttn-QLSTM-VQR,8,5,0.87895876,0.8786901,0.8959743,0.87862206,0.0159939434379339,0.00026863813,6.8068504e-05,0.017015517
MQAttn-QLSTM-VQR,8,5,0.87595206,0.8758789,0.8928039,0.8765614,0.0159939434379339,7.3194504e-05,0.0006825328,0.016851842
MQAttn-QLSTM-VQR,8,5,0.87309366,0.87330806,0.89007956,0.8734769,0.0159939434379339,0.0002143979,0.00016885996,0.016985893
MQAttn-QLSTM-VQR,8,5,0.8694832,0.8699278,0.8863188,0.86901116,0.0159939434379339,0.00044465065,0.00091665983,0.01683563
MQAttn-QLSTM-VQR,8,5,0.86705977,0.8667278,0.88296485,0.8677516,0.0159939434379339,0.00033193827,0.0010237694,0.015905082
MQAttn-QLSTM-VQR,8,5,0.8644105,0.8631624,0.87895876,0.8646054,0.0159939434379339,0.0012481213,0.0014430285,0.014548242
MQAttn-QLSTM-VQR,8,5,0.86088276,0.8602232,0.87595206,0.86029565,0.0159939434379339,0.000659585,7.247925e-05,0.015069306
MQAttn-QLSTM-VQR,8,5,0.85838693,0.8575508,0.87309366,0.8588721,0.0159939434379339,0.00083613396,0.0013213158,0.014706731
MQAttn-QLSTM-VQR,8,5,0.85249734,0.8544199,0.8694832,0.85020614,0.0159939434379339,0.0019225478,0.0042137504,0.016985834
MQAttn-QLSTM-VQR,8,5,0.84874856,0.8520508,0.86705977,0.8494322,0.0159939434379339,0.0033022165,0.0026186109,0.018311203
MQAttn-QLSTM-VQR,8,5,0.84567004,0.8495586,0.8644105,0.8465597,0.0159939434379339,0.0038885474,0.0029988885,0.018740475
MQAttn-QLSTM-VQR,8,5,0.84184796,0.8464869,0.86088276,0.84154457,0.0159939434379339,0.00463897,0.0049423575,0.019034803
MQAttn-QLSTM-VQR,8,5,0.83980083,0.8441027,0.85838693,0.8408453,0.0159939434379339,0.004301846,0.0032573938,0.0185861
MQAttn-QLSTM-VQR,8,5,0.8375894,0.8389076,0.85249734,0.8379113,0.0159939434379339,0.0013182163,0.0009962916,0.014907956
MQAttn-QLSTM-VQR,8,5,0.83431953,0.8353045,0.84874856,0.833774,0.0159939434379339,0.0009849668,0.0015305281,0.014429033
MQAttn-QLSTM-VQR,8,5,0.8319895,0.83255386,0.84567004,0.8324365,0.0159939434379339,0.0005643368,0.000117361546,0.013680518
MQAttn-QLSTM-VQR,8,5,0.8298812,0.82915705,0.84184796,0.8302879,0.0159939434379339,0.00072413683,0.0011308193,0.011966765
MQAttn-QLSTM-VQR,8,5,0.82756066,0.82712966,0.83980083,0.8276275,0.0159939434379339,0.0004310012,0.000497818,0.012240171
MQAttn-QLSTM-VQR,8,5,0.8243955,0.82499284,0.8375894,0.82368594,0.0159939434379339,0.00059735775,0.0013068914,0.013193905
MQAttn-QLSTM-VQR,8,5,0.8223747,0.82222027,0.83431953,0.8229496,0.0159939434379339,0.00015443563,0.00072932243,0.01194483
MQAttn-QLSTM-VQR,8,5,0.81881845,0.8199353,0.8319895,0.8180464,0.0159939434379339,0.0011168718,0.0018889308,0.013171077
MQAttn-QLSTM-VQR,8,5,0.7022577,0.8178175,0.8298812,0.61639035,0.0159939434379339,0.11555982,0.20142716,0.1276235
MQAttn-QLSTM-VQR classical twin,8,5,0.93979245,0.94902986,0.9588611,0.93994284,0.0159939434379339,0.009237409,0.009087026,0.019068658
MQAttn-QLSTM-VQR classical twin,8,5,0.93591297,0.944809,0.9542624,0.9358827,0.0159939434379339,0.008896053,0.008926332,0.01834941
MQAttn-QLSTM-VQR classical twin,8,5,0.93209004,0.9374792,0.95085716,0.9321319,0.0159939434379339,0.005389154,0.0053473115,0.018767118
MQAttn-QLSTM-VQR classical twin,8,5,0.92841816,0.93094325,0.9470766,0.9285318,0.0159939434379339,0.0025250912,0.002411425,0.01865846
MQAttn-QLSTM-VQR classical twin,8,5,0.92487544,0.92619526,0.94342875,0.9250372,0.0159939434379339,0.0013198256,0.0011580586,0.018553317
MQAttn-QLSTM-VQR classical twin,8,5,0.91887724,0.92198706,0.93979245,0.91708636,0.0159939434379339,0.0031098127,0.004900694,0.02091521
MQAttn-QLSTM-VQR classical twin,8,5,0.9111571,0.917799,0.93591297,0.90908974,0.0159939434379339,0.0066419244,0.008709252,0.024755895
MQAttn-QLSTM-VQR classical twin,8,5,0.90465987,0.9137647,0.93209004,0.9048703,0.0159939434379339,0.009104848,0.0088944435,0.027430177
MQAttn-QLSTM-VQR classical twin,8,5,0.8995285,0.91025716,0.92841816,0.90075886,0.0159939434379339,0.010728657,0.009498298,0.028889656
MQAttn-QLSTM-VQR classical twin,8,5,0.8959743,0.90685576,0.92487544,0.89744884,0.0159939434379339,0.010881484,0.009406924,0.02890116
MQAttn-QLSTM-VQR classical twin,8,5,0.8928039,0.90093017,0.91887724,0.8933995,0.0159939434379339,0.008126259,0.0075306892,0.026073337
MQAttn-QLSTM-VQR classical twin,8,5,0.89007956,0.89340603,0.9111571,0.89065576,0.0159939434379339,0.0033264756,0.0027502775,0.021077514
MQAttn-QLSTM-VQR classical twin,8,5,0.8863188,0.88709545,0.90465987,0.8859792,0.0159939434379339,0.0007766485,0.0011162758,0.018341064
MQAttn-QLSTM-VQR classical twin,8,5,0.88296485,0.88222414,0.8995285,0.8832055,0.0159939434379339,0.0007407069,0.0009813309,0.016563654
MQAttn-QLSTM-VQR classical twin,8,5,0.87895876,0.8789227,0.8959743,0.87862206,0.0159939434379339,3.606081e-05,0.00030064583,0.017015517
MQAttn-QLSTM-VQR classical twin,8,5,0.87595206,0.8758564,0.8928039,0.8765614,0.0159939434379339,9.5665455e-05,0.00070500374,0.016851842
MQAttn-QLSTM-VQR classical twin,8,5,0.87309366,0.8734939,0.89007956,0.8734769,0.0159939434379339,0.0004002452,1.6987324e-05,0.016985893
MQAttn-QLSTM-VQR classical twin,8,5,0.8694832,0.8698064,0.8863188,0.86901116,0.0159939434379339,0.000323236,0.00079524517,0.01683563
MQAttn-QLSTM-VQR classical twin,8,5,0.86705977,0.86674684,0.88296485,0.8677516,0.0159939434379339,0.00031292439,0.0010047555,0.015905082
MQAttn-QLSTM-VQR classical twin,8,5,0.8644105,0.86280024,0.87895876,0.8646054,0.0159939434379339,0.0016102791,0.0018051863,0.014548242
MQAttn-QLSTM-VQR classical twin,8,5,0.86088276,0.8602787,0.87595206,0.86029565,0.0159939434379339,0.00060403347,1.692772e-05,0.015069306
MQAttn-QLSTM-VQR classical twin,8,5,0.85838693,0.85755056,0.87309366,0.8588721,0.0159939434379339,0.0008363724,0.0013215542,0.014706731
MQAttn-QLSTM-VQR classical twin,8,5,0.85249734,0.8539679,0.8694832,0.85020614,0.0159939434379339,0.0014705658,0.0037617683,0.016985834
MQAttn-QLSTM-VQR classical twin,8,5,0.84874856,0.85197294,0.86705977,0.8494322,0.0159939434379339,0.0032243729,0.0025407672,0.018311203
MQAttn-QLSTM-VQR classical twin,8,5,0.84567004,0.8494619,0.8644105,0.8465597,0.0159939434379339,0.0037918687,0.0029022098,0.018740475
MQAttn-QLSTM-VQR classical twin,8,5,0.84184796,0.8458283,0.86088276,0.84154457,0.0159939434379339,0.0039803386,0.004283726,0.019034803
MQAttn-QLSTM-VQR classical twin,8,5,0.83980083,0.84397835,0.85838693,0.8408453,0.0159939434379339,0.0041775107,0.0031330585,0.0185861
MQAttn-QLSTM-VQR classical twin,8,5,0.8375894,0.8371633,0.85249734,0.8379113,0.0159939434379339,0.000426054,0.0007479787,0.014907956
MQAttn-QLSTM-VQR classical twin,8,5,0.83431953,0.8343923,0.84874856,0.833774,0.0159939434379339,7.277727e-05,0.0006183386,0.014429033
MQAttn-QLSTM-VQR classical twin,8,5,0.8319895,0.8304339,0.84567004,0.8324365,0.0159939434379339,0.0015556216,0.0020025969,0.013680518
MQAttn-QLSTM-VQR classical twin,8,5,0.8298812,0.82711744,0.84184796,0.8302879,0.0159939434379339,0.0027637482,0.0031704307,0.011966765
MQAttn-QLSTM-VQR classical twin,8,5,0.82756066,0.82616353,0.83980083,0.8276275,0.0159939434379339,0.0013971329,0.0014639497,0.012240171
MQAttn-QLSTM-VQR classical twin,8,5,0.8243955,0.8241748,0.8375894,0.82368594,0.0159939434379339,0.0002206564,0.0004888773,0.013193905
MQAttn-QLSTM-VQR classical twin,8,5,0.8223747,0.82081217,0.83431953,0.8229496,0.0159939434379339,0.0015625358,0.0021374226,0.01194483
MQAttn-QLSTM-VQR classical twin,8,5,0.81881845,0.81916785,0.8319895,0.8180464,0.0159939434379339,0.00034940243,0.0011214614,0.013171077
MQAttn-QLSTM-VQR classical twin,8,5,0.7022577,0.8173027,0.8298812,0.61639035,0.0159939434379339,0.11504501,0.20091236,0.1276235
QLSTM,8,5,0.93979245,0.9468005,0.9588611,0.93994284,0.0159939434379339,0.007008016,0.0068576336,0.019068658
QLSTM,8,5,0.93591297,0.94269806,0.9542624,0.9358827,0.0159939434379339,0.0067850947,0.006815374,0.01834941
QLSTM,8,5,0.93209004,0.93642676,0.95085716,0.9321319,0.0159939434379339,0.0043367147,0.0042948723,0.018767118
QLSTM,8,5,0.92841816,0.9311929,0.9470766,0.9285318,0.0159939434379339,0.0027747154,0.0026610494,0.01865846
QLSTM,8,5,0.92487544,0.9267461,0.94342875,0.9250372,0.0159939434379339,0.0018706322,0.0017088652,0.018553317
QLSTM,8,5,0.91887724,0.9226678,0.93979245,0.91708636,0.0159939434379339,0.0037905574,0.0055814385,0.02091521
QLSTM,8,5,0.9111571,0.91856146,0.93591297,0.90908974,0.0159939434379339,0.007404387,0.0094717145,0.024755895
QLSTM,8,5,0.90465987,0.91463333,0.93209004,0.9048703,0.0159939434379339,0.009973466,0.009763062,0.027430177
QLSTM,8,5,0.8995285,0.91111094,0.92841816,0.90075886,0.0159939434379339,0.011582434,0.010352075,0.028889656
QLSTM,8,5,0.8959743,0.90773094,0.92487544,0.89744884,0.0159939434379339,0.011756659,0.010282099,0.02890116
QLSTM,8,5,0.8928039,0.9020126,0.91887724,0.8933995,0.0159939434379339,0.009208679,0.00861311,0.026073337
QLSTM,8,5,0.89007956,0.8946503,0.9111571,0.89065576,0.0159939434379339,0.0045707226,0.0039945245,0.021077514
QLSTM,8,5,0.8863188,0.8885141,0.90465987,0.8859792,0.0159939434379339,0.0021952987,0.002534926,0.018341064
QLSTM,8,5,0.88296485,0.8837347,0.8995285,0.8832055,0.0159939434379339,0.0007698536,0.00052922964,0.016563654
QLSTM,8,5,0.87895876,0.88041955,0.8959743,0.87862206,0.0159939434379339,0.0014607906,0.0017974973,0.017015517
QLSTM,8,5,0.87595206,0.87755775,0.8928039,0.8765614,0.0159939434379339,0.0016056895,0.0009963512,0.016851842
QLSTM,8,5,0.87309366,0.87502635,0.89007956,0.8734769,0.0159939434379339,0.0019326806,0.0015494227,0.016985893
QLSTM,8,5,0.8694832,0.87156135,0.8863188,0.86901116,0.0159939434379339,0.0020781755,0.0025501847,0.01683563
QLSTM,8,5,0.86705977,0.8683718,0.88296485,0.8677516,0.0159939434379339,0.0013120174,0.0006201863,0.015905082
QLSTM,8,5,0.8644105,0.86470467,0.87895876,0.8646054,0.0159939434379339,0.00029414892,9.924173e-05,0.014548242
QLSTM,8,5,0.86088276,0.86178917,0.87595206,0.86029565,0.0159939434379339,0.00090640783,0.0014935136,0.015069306
QLSTM,8,5,0.85838693,0.8590232,0.87309366,0.8588721,0.0159939434379339,0.0006362796,0.00015109777,0.014706731
QLSTM,8,5,0.85249734,0.8558753,0.8694832,0.85020614,0.0159939434379339,0.003377974,0.0056691766,0.016985834
QLSTM,8,5,0.84874856,0.8534877,0.86705977,0.8494322,0.0159939434379339,0.0047391057,0.0040555,0.018311203
QLSTM,8,5,0.84567004,0.85093224,0.8644105,0.8465597,0.0159939434379339,0.005262196,0.004372537,0.018740475
QLSTM,8,5,0.84184796,0.8479327,0.86088276,0.84154457,0.0159939434379339,0.00608474,0.006388128,0.019034803
QLSTM,8,5,0.83980083,0.8455471,0.85838693,0.8408453,0.0159939434379339,0.0057462454,0.004701793,0.0185861
QLSTM,8,5,0.8375894,0.8396532,0.85249734,0.8379113,0.0159939434379339,0.0020638108,0.0017418861,0.014907956
QLSTM,8,5,0.83431953,0.8362664,0.84874856,0.833774,0.0159939434379339,0.0019468665,0.0024924278,0.014429033
QLSTM,8,5,0.8319895,0.8322313,0.84567004,0.8324365,0.0159939434379339,0.00024175644,0.00020521879,0.013680518
QLSTM,8,5,0.8298812,0.82968545,0.84184796,0.8302879,0.0159939434379339,0.00019574165,0.00060242414,0.011966765
QLSTM,8,5,0.82756066,0.8279198,0.83980083,0.8276275,0.0159939434379339,0.00035911798,0.00029230118,0.012240171
QLSTM,8,5,0.8243955,0.8259071,0.8375894,0.82368594,0.0159939434379339,0.0015116334,0.002221167,0.013193905
QLSTM,8,5,0.8223747,0.82329553,0.83431953,0.8229496,0.0159939434379339,0.00092083216,0.00034594536,0.01194483
QLSTM,8,5,0.81881845,0.8210389,0.8319895,0.8180464,0.0159939434379339,0.0022204518,0.0029925108,0.013171077
QLSTM,8,5,0.7022577,0.81893176,0.8298812,0.61639035,0.0159939434379339,0.116674066,0.20254141,0.1276235
LSTM,8,5,0.93979245,0.9404236,0.9588611,0.93994284,0.0159939434379339,0.0006311536,0.00048077106,0.019068658
LSTM,8,5,0.93591297,0.9358249,0.9542624,0.9358827,0.0159939434379339,8.8095665e-05,5.7816505e-05,0.01834941
LSTM,8,5,0.93209004,0.93241966,0.95085716,0.9321319,0.0159939434379339,0.0003296137,0.00028777122,0.018767118
LSTM,8,5,0.92841816,0.9286391,0.9470766,0.9285318,0.0159939434379339,0.00022095442,0.00010728836,0.01865846
LSTM,8,5,0.92487544,0.92499125,0.94342875,0.9250372,0.0159939434379339,0.000115811825,4.595518e-05,0.018553317
LSTM,8,5,0.91887724,0.92135495,0.93979245,0.91708636,0.0159939434379339,0.0024777055,0.0042685866,0.02091521
LSTM,8,5,0.9111571,0.91747546,0.93591297,0.90908974,0.0159939434379339,0.0063183904,0.008385718,0.024755895
LSTM,8,5,0.90465987,0.91365254,0.93209004,0.9048703,0.0159939434379339,0.008992672,0.008782268,0.027430177
LSTM,8,5,0.8995285,0.90998065,0.92841816,0.90075886,0.0159939434379339,0.010452151,0.009221792,0.028889656
LSTM,8,5,0.8959743,0.90643793,0.92487544,0.89744884,0.0159939434379339,0.010463655,0.008989096,0.02890116
LSTM,8,5,0.8928039,0.90043974,0.91887724,0.8933995,0.0159939434379339,0.007635832,0.007040262,0.026073337
LSTM,8,5,0.89007956,0.89271957,0.9111571,0.89065576,0.0159939434379339,0.002640009,0.0020638108,0.021077514
LSTM,8,5,0.8863188,0.88622236,0.90465987,0.8859792,0.0159939434379339,9.6440315e-05,0.00024318695,0.018341064
LSTM,8,5,0.88296485,0.881091,0.8995285,0.8832055,0.0159939434379339,0.0018738508,0.0021144748,0.016563654
LSTM,8,5,0.87895876,0.8775368,0.8959743,0.87862206,0.0159939434379339,0.001421988,0.0010852814,0.017015517
LSTM,8,5,0.87595206,0.8743664,0.8928039,0.8765614,0.0159939434379339,0.0015856624,0.0021950006,0.016851842
LSTM,8,5,0.87309366,0.87164205,0.89007956,0.8734769,0.0159939434379339,0.0014516115,0.0018348694,0.016985893
LSTM,8,5,0.8694832,0.8678813,0.8863188,0.86901116,0.0159939434379339,0.0016018748,0.0011298656,0.01683563
LSTM,8,5,0.86705977,0.86452734,0.88296485,0.8677516,0.0159939434379339,0.0025324225,0.0032242537,0.015905082
LSTM,8,5,0.8644105,0.86052126,0.87895876,0.8646054,0.0159939434379339,0.0038892627,0.00408417,0.014548242
LSTM,8,5,0.86088276,0.85751456,0.87595206,0.86029565,0.0159939434379339,0.0033681989,0.0027810931,0.015069306
LSTM,8,5,0.85838693,0.85465616,0.87309366,0.8588721,0.0159939434379339,0.003730774,0.0042159557,0.014706731
LSTM,8,5,0.85249734,0.85104567,0.8694832,0.85020614,0.0159939434379339,0.0014516711,0.0008395314,0.016985834
LSTM,8,5,0.84874856,0.84862226,0.86705977,0.8494322,0.0159939434379339,0.00012630224,0.0008099079,0.018311203
LSTM,8,5,0.84567004,0.845973,0.8644105,0.8465597,0.0159939434379339,0.0003029704,0.0005866885,0.018740475
LSTM,8,5,0.84184796,0.8428209,0.86088276,0.84154457,0.0159939434379339,0.0009729266,0.0012763143,0.019034803
LSTM,8,5,0.83980083,0.8399494,0.85838693,0.8408453,0.0159939434379339,0.00014859438,0.0008958578,0.0185861
LSTM,8,5,0.8375894,0.83405983,0.85249734,0.8379113,0.0159939434379339,0.0035295486,0.0038514733,0.014907956
LSTM,8,5,0.83431953,0.83031106,0.84874856,0.833774,0.0159939434379339,0.004008472,0.0034629107,0.014429033
LSTM,8,5,0.8319895,0.82723254,0.84567004,0.8324365,0.0159939434379339,0.004756987,0.0052039623,0.013680518
LSTM,8,5,0.8298812,0.8238381,0.84184796,0.8302879,0.0159939434379339,0.0060430765,0.006449759,0.011966765
LSTM,8,5,0.82756066,0.82136333,0.83980083,0.8276275,0.0159939434379339,0.0061973333,0.00626415,0.012240171
LSTM,8,5,0.8243955,0.81920004,0.8375894,0.82368594,0.0159939434379339,0.005195439,0.004485905,0.013193905
LSTM,8,5,0.8223747,0.81684494,0.83431953,0.8229496,0.0159939434379339,0.0055297613,0.006104648,0.01194483
LSTM,8,5,0.81881845,0.8139575,0.8319895,0.8180464,0.0159939434379339,0.0048609376,0.0040888786,0.013171077
LSTM,8,5,0.7022577,0.8120278,0.8298812,0.61639035,0.0159939434379339,0.10977012,0.19563746,0.1276235
GRU,8,5,0.93979245,0.94776785,0.9588611,0.93994284,0.0159939434379339,0.0079753995,0.007825017,0.019068658
GRU,8,5,0.93591297,0.9444918,0.9542624,0.9358827,0.0159939434379339,0.008578837,0.008609116,0.01834941
GRU,8,5,0.93209004,0.94144183,0.95085716,0.9321319,0.0159939434379339,0.00935179,0.0093099475,0.018767118
GRU,8,5,0.92841816,0.9378195,0.9470766,0.9285318,0.0159939434379339,0.009401321,0.009287655,0.01865846
GRU,8,5,0.92487544,0.93239725,0.94342875,0.9250372,0.0159939434379339,0.007521808,0.007360041,0.018553317
GRU,8,5,0.91887724,0.92661095,0.93979245,0.91708636,0.0159939434379339,0.0077337027,0.009524584,0.02091521
GRU,8,5,0.9111571,0.920982,0.93591297,0.90908974,0.0159939434379339,0.009824932,0.011892259,0.024755895
GRU,8,5,0.90465987,0.916217,0.93209004,0.9048703,0.0159939434379339,0.011557162,0.011346757,0.027430177
GRU,8,5,0.8995285,0.91266054,0.92841816,0.90075886,0.0159939434379339,0.013132036,0.011901677,0.028889656
GRU,8,5,0.8959743,0.90937996,0.92487544,0.89744884,0.0159939434379339,0.013405681,0.011931121,0.02890116
GRU,8,5,0.8928039,0.9029634,0.91887724,0.8933995,0.0159939434379339,0.0101594925,0.009563923,0.026073337
GRU,8,5,0.89007956,0.89532375,0.9111571,0.89065576,0.0159939434379339,0.0052441955,0.0046679974,0.021077514
GRU,8,5,0.8863188,0.8892283,0.90465987,0.8859792,0.0159939434379339,0.0029094815,0.0032491088,0.018341064
GRU,8,5,0.88296485,0.8844429,0.8995285,0.8832055,0.0159939434379339,0.001478076,0.001237452,0.016563654
GRU,8,5,0.87895876,0.8817018,0.8959743,0.87862206,0.0159939434379339,0.0027430654,0.003079772,0.017015517
GRU,8,5,0.87595206,0.8781971,0.8928039,0.8765614,0.0159939434379339,0.002245009,0.0016356707,0.016851842
GRU,8,5,0.87309366,0.87619853,0.89007956,0.8734769,0.0159939434379339,0.0031048656,0.0027216077,0.016985893
GRU,8,5,0.8694832,0.87196934,0.8863188,0.86901116,0.0159939434379339,0.0024861693,0.0029581785,0.01683563
GRU,8,5,0.86705977,0.8695299,0.88296485,0.8677516,0.0159939434379339,0.0024701357,0.0017783046,0.015905082
GRU,8,5,0.8644105,0.86440843,0.87895876,0.8646054,0.0159939434379339,2.0861626e-06,0.00019699335,0.014548242
GRU,8,5,0.86088276,0.8631513,0.87595206,0.86029565,0.0159939434379339,0.0022685528,0.0028556585,0.015069306
GRU,8,5,0.85838693,0.86063313,0.87309366,0.8588721,0.0159939434379339,0.002246201,0.0017610192,0.014706731
GRU,8,5,0.85249734,0.8570022,0.8694832,0.85020614,0.0159939434379339,0.0045048594,0.006796062,0.016985834
GRU,8,5,0.84874856,0.854619,0.86705977,0.8494322,0.0159939434379339,0.0058704615,0.005186856,0.018311203
GRU,8,5,0.84567004,0.8522768,0.8644105,0.8465597,0.0159939434379339,0.0066067576,0.0057170987,0.018740475
GRU,8,5,0.84184796,0.84957355,0.86088276,0.84154457,0.0159939434379339,0.0077255964,0.008028984,0.019034803
GRU,8,5,0.83980083,0.84667367,0.85838693,0.8408453,0.0159939434379339,0.006872833,0.0058283806,0.0185861
GRU,8,5,0.8375894,0.8423654,0.85249734,0.8379113,0.0159939434379339,0.004776001,0.0044540763,0.014907956
GRU,8,5,0.83431953,0.8367983,0.84874856,0.833774,0.0159939434379339,0.0024787784,0.0030243397,0.014429033
GRU,8,5,0.8319895,0.83233625,0.84567004,0.8324365,0.0159939434379339,0.00034672022,0.00010025501,0.013680518
GRU,8,5,0.8298812,0.82900655,0.84184796,0.8302879,0.0159939434379339,0.00087463856,0.001281321,0.011966765
GRU,8,5,0.82756066,0.82559377,0.83980083,0.8276275,0.0159939434379339,0.0019668937,0.0020337105,0.012240171
GRU,8,5,0.8243955,0.82271326,0.8375894,0.82368594,0.0159939434379339,0.0016822219,0.0009726882,0.013193905
GRU,8,5,0.8223747,0.8193507,0.83431953,0.8229496,0.0159939434379339,0.003023982,0.0035988688,0.01194483
GRU,8,5,0.81881845,0.8159882,0.8319895,0.8180464,0.0159939434379339,0.002830267,0.002058208,0.013171077
GRU,8,5,0.7022577,0.8136297,0.8298812,0.61639035,0.0159939434379339,0.111371994,0.19723934,0.1276235
MLP,8,5,0.93979245,0.94214046,0.9588611,0.93994284,0.0159939434379339,0.0023480058,0.0021976233,0.019068658
MLP,8,5,0.93591297,0.93713284,0.9542624,0.9358827,0.0159939434379339,0.0012198687,0.0012501478,0.01834941
MLP,8,5,0.93209004,0.93118775,0.95085716,0.9321319,0.0159939434379339,0.0009022951,0.0009441376,0.018767118
MLP,8,5,0.92841816,0.92865235,0.9470766,0.9285318,0.0159939434379339,0.00023418665,0.00012052059,0.01865846
MLP,8,5,0.92487544,0.9220611,0.94342875,0.9250372,0.0159939434379339,0.0028143525,0.0029761195,0.018553317
MLP,8,5,0.91887724,0.9197745,0.93979245,0.91708636,0.0159939434379339,0.0008972287,0.0026881099,0.02091521
MLP,8,5,0.9111571,0.9141762,0.93591297,0.90908974,0.0159939434379339,0.003019154,0.0050864816,0.024755895
MLP,8,5,0.90465987,0.9079948,0.93209004,0.9048703,0.0159939434379339,0.0033349395,0.003124535,0.027430177
MLP,8,5,0.8995285,0.9053165,0.92841816,0.90075886,0.0159939434379339,0.0057879686,0.0045576096,0.028889656
MLP,8,5,0.8959743,0.90220076,0.92487544,0.89744884,0.0159939434379339,0.00622648,0.0047519207,0.02890116
MLP,8,5,0.8928039,0.89570963,0.91887724,0.8933995,0.0159939434379339,0.0029057264,0.0023101568,0.026073337
MLP,8,5,0.89007956,0.8906209,0.9111571,0.89065576,0.0159939434379339,0.0005413294,3.4868717e-05,0.021077514
MLP,8,5,0.8863188,0.88710773,0.90465987,0.8859792,0.0159939434379339,0.0007889271,0.0011285543,0.018341064
MLP,8,5,0.88296485,0.88667864,0.8995285,0.8832055,0.0159939434379339,0.0037137866,0.0034731627,0.016563654
MLP,8,5,0.87895876,0.8812124,0.8959743,0.87862206,0.0159939434379339,0.0022536516,0.0025903583,0.017015517
MLP,8,5,0.87595206,0.87485635,0.8928039,0.8765614,0.0159939434379339,0.0010957122,0.0017050505,0.016851842
MLP,8,5,0.87309366,0.8744201,0.89007956,0.8734769,0.0159939434379339,0.0013264418,0.0009431839,0.016985893
MLP,8,5,0.8694832,0.8675854,0.8863188,0.86901116,0.0159939434379339,0.0018977523,0.0014257431,0.01683563
MLP,8,5,0.86705977,0.866666,0.88296485,0.8677516,0.0159939434379339,0.00039374828,0.0010855794,0.015905082
MLP,8,5,0.8644105,0.86038774,0.87895876,0.8646054,0.0159939434379339,0.004022777,0.0042176843,0.014548242
MLP,8,5,0.86088276,0.8630161,0.87595206,0.86029565,0.0159939434379339,0.0021333694,0.0027204752,0.015069306
MLP,8,5,0.85838693,0.85377574,0.87309366,0.8588721,0.0159939434379339,0.004611194,0.005096376,0.014706731
MLP,8,5,0.85249734,0.85436696,0.8694832,0.85020614,0.0159939434379339,0.0018696189,0.0041608214,0.016985834
MLP,8,5,0.84874856,0.8505068,0.86705977,0.8494322,0.0159939434379339,0.0017582178,0.0010746121,0.018311203
MLP,8,5,0.84567004,0.8429991,0.8644105,0.8465597,0.0159939434379339,0.0026709437,0.0035606027,0.018740475
MLP,8,5,0.84184796,0.8438026,0.86088276,0.84154457,0.0159939434379339,0.001954615,0.0022580028,0.019034803
MLP,8,5,0.83980083,0.83860886,0.85838693,0.8408453,0.0159939434379339,0.0011919737,0.0022364259,0.0185861
MLP,8,5,0.8375894,0.835921,0.85249734,0.8379113,0.0159939434379339,0.0016683936,0.0019903183,0.014907956
MLP,8,5,0.83431953,0.8315134,0.84874856,0.833774,0.0159939434379339,0.002806127,0.0022605658,0.014429033
MLP,8,5,0.8319895,0.8284421,0.84567004,0.8324365,0.0159939434379339,0.00354743,0.0039944053,0.013680518
MLP,8,5,0.8298812,0.82350457,0.84184796,0.8302879,0.0159939434379339,0.006376624,0.0067833066,0.011966765
MLP,8,5,0.82756066,0.8218396,0.83980083,0.8276275,0.0159939434379339,0.005721092,0.005787909,0.012240171
MLP,8,5,0.8243955,0.82465744,0.8375894,0.82368594,0.0159939434379339,0.0002619624,0.0009714961,0.013193905
MLP,8,5,0.8223747,0.81157565,0.83431953,0.8229496,0.0159939434379339,0.01079905,0.011373937,0.01194483
MLP,8,5,0.81881845,0.81613326,0.8319895,0.8180464,0.0159939434379339,0.0026851892,0.0019131303,0.013171077
MLP,8,5,0.7022577,0.809625,0.8298812,0.61639035,0.0159939434379339,0.10736734,0.19323468,0.1276235
Seq2Seq,8,5,0.93979245,0.95232594,0.9588611,0.93994284,0.0159939434379339,0.012533486,0.012383103,0.019068658
Seq2Seq,8,5,0.93591297,0.94845235,0.9542624,0.9358827,0.0159939434379339,0.012539387,0.012569666,0.01834941
Seq2Seq,8,5,0.93209004,0.9480444,0.95085716,0.9321319,0.0159939434379339,0.015954375,0.015912533,0.018767118
Seq2Seq,8,5,0.92841816,0.9422401,0.9470766,0.9285318,0.0159939434379339,0.0138219595,0.013708293,0.01865846
Seq2Seq,8,5,0.92487544,0.9369205,0.94342875,0.9250372,0.0159939434379339,0.012045085,0.011883318,0.018553317
Seq2Seq,8,5,0.91887724,0.9318722,0.93979245,0.91708636,0.0159939434379339,0.012994945,0.014785826,0.02091521
Seq2Seq,8,5,0.9111571,0.92607784,0.93591297,0.90908974,0.0159939434379339,0.014920771,0.016988099,0.024755895
Seq2Seq,8,5,0.90465987,0.916383,0.93209004,0.9048703,0.0159939434379339,0.011723161,0.011512756,0.027430177
Seq2Seq,8,5,0.8995285,0.91340864,0.92841816,0.90075886,0.0159939434379339,0.013880134,0.012649775,0.028889656
Seq2Seq,8,5,0.8959743,0.9105628,0.92487544,0.89744884,0.0159939434379339,0.014588535,0.0131139755,0.02890116
Seq2Seq,8,5,0.8928039,0.90567964,0.91887724,0.8933995,0.0159939434379339,0.012875736,0.012280166,0.026073337
Seq2Seq,8,5,0.89007956,0.8992057,0.9111571,0.89065576,0.0159939434379339,0.009126127,0.008549929,0.021077514
Seq2Seq,8,5,0.8863188,0.89275616,0.90465987,0.8859792,0.0159939434379339,0.0064373612,0.0067769885,0.018341064
Seq2Seq,8,5,0.88296485,0.8876847,0.8995285,0.8832055,0.0159939434379339,0.0047198534,0.0044792295,0.016563654
Seq2Seq,8,5,0.87895876,0.88417864,0.8959743,0.87862206,0.0159939434379339,0.0052198768,0.0055565834,0.017015517
Seq2Seq,8,5,0.87595206,0.8804771,0.8928039,0.8765614,0.0159939434379339,0.004525006,0.0039156675,0.016851842
Seq2Seq,8,5,0.87309366,0.8777667,0.89007956,0.8734769,0.0159939434379339,0.0046730638,0.004289806,0.016985893
Seq2Seq,8,5,0.8694832,0.87334853,0.8863188,0.86901116,0.0159939434379339,0.0038653612,0.0043373704,0.01683563
Seq2Seq,8,5,0.86705977,0.8699925,0.88296485,0.8677516,0.0159939434379339,0.0029327273,0.0022408962,0.015905082
Seq2Seq,8,5,0.8644105,0.8649893,0.87895876,0.8646054,0.0159939434379339,0.0005787611,0.0003838539,0.014548242
Seq2Seq,8,5,0.86088276,0.86239994,0.87595206,0.86029565,0.0159939434379339,0.0015171766,0.0021042824,0.015069306
Seq2Seq,8,5,0.85838693,0.85982144,0.87309366,0.8588721,0.0159939434379339,0.001434505,0.0009493232,0.014706731
Seq2Seq,8,5,0.85249734,0.8561262,0.8694832,0.85020614,0.0159939434379339,0.00362885,0.0059200525,0.016985834
Seq2Seq,8,5,0.84874856,0.853933,0.86705977,0.8494322,0.0159939434379339,0.005184412,0.0045008063,0.018311203
Seq2Seq,8,5,0.84567004,0.8514624,0.8644105,0.8465597,0.0159939434379339,0.0057923794,0.0049027205,0.018740475
Seq2Seq,8,5,0.84184796,0.8477863,0.86088276,0.84154457,0.0159939434379339,0.005938351,0.006241739,0.019034803
Seq2Seq,8,5,0.83980083,0.8456304,0.85838693,0.8408453,0.0159939434379339,0.0058295727,0.0047851205,0.0185861
Seq2Seq,8,5,0.8375894,0.839603,0.85249734,0.8379113,0.0159939434379339,0.0020136237,0.001691699,0.014907956
Seq2Seq,8,5,0.83431953,0.8360208,0.84874856,0.833774,0.0159939434379339,0.0017012954,0.0022468567,0.014429033
Seq2Seq,8,5,0.8319895,0.833952,0.84567004,0.8324365,0.0159939434379339,0.001962483,0.0015155077,0.013680518
Seq2Seq,8,5,0.8298812,0.8280132,0.84184796,0.8302879,0.0159939434379339,0.0018680096,0.002274692,0.011966765
Seq2Seq,8,5,0.82756066,0.8260547,0.83980083,0.8276275,0.0159939434379339,0.001505971,0.0015727878,0.012240171
Seq2Seq,8,5,0.8243955,0.8227198,0.8375894,0.82368594,0.0159939434379339,0.0016756654,0.0009661317,0.013193905
Seq2Seq,8,5,0.8223747,0.8191007,0.83431953,0.8229496,0.0159939434379339,0.0032740235,0.0038489103,0.01194483
Seq2Seq,8,5,0.81881845,0.81696635,0.8319895,0.8180464,0.0159939434379339,0.0018520951,0.0010800362,0.013171077
Seq2Seq,8,5,0.7022577,0.8153707,0.8298812,0.61639035,0.0159939434379339,0.113112986,0.19898033,0.1276235
